{
"type": "FeatureCollection",
"name": "perimetre",
"crs": { "type": "name", "properties": { "name": "urn:ogc:def:crs:OGC:1.3:CRS84" } },
"features": [
{ "type": "Feature", "properties": { "surface_ha": 1.12 }, "geometry": { "type": "Polygon", "coordinates": [ [ [ 6.119622922943541, 48.649399185704461 ], [ 6.119600737025828, 48.649039872974562 ], [ 6.119871870122725, 48.649032522388744 ], [ 6.119849682722129, 48.648673209721068 ], [ 6.120120813789026, 48.648665858590213 ], [ 6.120109719292601, 48.648486202291252 ], [ 6.120923108955811, 48.648464145212984 ], [ 6.120934206333038, 48.648643801373417 ], [ 6.121205336962119, 48.648636447693058 ], [ 6.12121643540909, 48.648816103799803 ], [ 6.121487566888967, 48.648808749435879 ], [ 6.121498666405699, 48.648988405488872 ], [ 6.121769798736371, 48.648981050441407 ], [ 6.12179200001889, 48.64934036243244 ], [ 6.119622922943541, 48.649399185704461 ] ], [ [ 6.12014300311019, 48.649025171165547 ], [ 6.120414135988215, 48.649017819304994 ], [ 6.120391944746483, 48.648658506821981 ], [ 6.120120813789026, 48.648665858590213 ], [ 6.12014300311019, 48.649025171165547 ] ] ] } },
{ "type": "Feature", "properties": { "surface_ha": 1.92 }, "geometry": { "type": "Polygon", "coordinates": [ [ [ 6.108926966835213, 48.647709124823542 ], [ 6.108860642305653, 48.646631175263536 ], [ 6.109131765258878, 48.646623850226241 ], [ 6.109120710592044, 48.646444191985942 ], [ 6.109934075916815, 48.646422213188032 ], [ 6.109923018478448, 48.646242555078267 ], [ 6.110736379941022, 48.646220570682345 ], [ 6.110747440259948, 48.646400228654052 ], [ 6.11128968260989, 48.646385569111374 ], [ 6.111300744958301, 48.646565226983441 ], [ 6.111571866929792, 48.646557896210055 ], [ 6.111582930347524, 48.646737554028604 ], [ 6.111040684375022, 48.646752215030119 ], [ 6.111062807697015, 48.647111530828823 ], [ 6.110791682626659, 48.647118860465632 ], [ 6.110802743491096, 48.647298518399758 ], [ 6.109718238277777, 48.647327830757554 ], [ 6.109729295410342, 48.647507488868229 ], [ 6.109187040228738, 48.647522141314987 ], [ 6.109198095549855, 48.647701799510209 ], [ 6.108926966835213, 48.647709124823542 ] ] ] } },
{ "type": "Feature", "properties": { "surface_ha": 1.8 }, "geometry": { "type": "Polygon", "coordinates": [ [ [ 6.144614384810163, 48.645119803516835 ], [ 6.144603204699457, 48.644940151315083 ], [ 6.144332099951324, 48.644947559653318 ], [ 6.144298563160774, 48.644408602863201 ], [ 6.144840766786922, 48.644393785828647 ], [ 6.144829586157352, 48.644214133643217 ], [ 6.14510068684506, 48.644206724216659 ], [ 6.145078323996867, 48.643847419916199 ], [ 6.145349422654414, 48.64384000994545 ], [ 6.145304694441793, 48.643121401439998 ], [ 6.146117978233749, 48.643099168262992 ], [ 6.146129163001147, 48.643278820261038 ], [ 6.146400258337735, 48.64327140788108 ], [ 6.146433816181565, 48.643810363690278 ], [ 6.146162717965252, 48.643817776209907 ], [ 6.14617390317393, 48.643997428177755 ], [ 6.1453606049833, 48.644019662052926 ], [ 6.145371787422481, 48.644199314152836 ], [ 6.145913988246426, 48.644184492113524 ], [ 6.145958726785839, 48.644903100065278 ], [ 6.145416518282185, 48.644917922476949 ], [ 6.145427701272861, 48.645097574539058 ], [ 6.144614384810163, 48.645119803516835 ] ] ] } },
{ "type": "Feature", "properties": { "surface_ha": 3.16 }, "geometry": { "type": "Polygon", "coordinates": [ [ [ 6.127241160360263, 48.645233345063403 ], [ 6.127230041911303, 48.64505368987691 ], [ 6.126958932045399, 48.645061057337401 ], [ 6.12694781466616, 48.644881402097106 ], [ 6.126676705650652, 48.644888768874061 ], [ 6.126665589341117, 48.644709113579935 ], [ 6.126394481176009, 48.644716479673349 ], [ 6.12637225080594, 48.644357168970011 ], [ 6.126914463186373, 48.644342436330959 ], [ 6.126903346245753, 48.644162781060515 ], [ 6.127445556267542, 48.644148045964947 ], [ 6.12743443751656, 48.643968390779527 ], [ 6.128518852404018, 48.643938913126391 ], [ 6.128507729922733, 48.643759258118557 ], [ 6.129049934788285, 48.643744515561067 ], [ 6.129038810496743, 48.643564860638264 ], [ 6.129309911804961, 48.64355748844995 ], [ 6.129298786663178, 48.643377833565943 ], [ 6.129569886901694, 48.643370460786691 ], [ 6.129592139214939, 48.64372977045457 ], [ 6.129863241263657, 48.643722396945464 ], [ 6.12988549593585, 48.644081706490581 ], [ 6.130156599794792, 48.644074332251598 ], [ 6.130189985506276, 48.644613296373834 ], [ 6.129918878767302, 48.644620670751742 ], [ 6.129930006597302, 48.644800325490401 ], [ 6.129658898788541, 48.644807699277386 ], [ 6.129670025768262, 48.644987354054813 ], [ 6.128314480278145, 48.645024213662083 ], [ 6.128303358098648, 48.644844558653169 ], [ 6.127761141054696, 48.644859297942567 ], [ 6.12778338168318, 48.645218608137981 ], [ 6.127241160360263, 48.645233345063403 ] ] ] } },
{ "type": "Feature", "properties": { "surface_ha": 1.04 }, "geometry": { "type": "Polygon", "coordinates": [ [ [ 6.075889911615669, 48.644817842189902 ], [ 6.075878975722004, 48.644638178254262 ], [ 6.075336733972089, 48.644652670712865 ], [ 6.075282065723822, 48.643754350467589 ], [ 6.075824297871724, 48.643739858464123 ], [ 6.075802427486673, 48.64338053049574 ], [ 6.0760735414785, 48.643373283629039 ], [ 6.076051669604604, 48.643013955721798 ], [ 6.076322781568267, 48.643006708308789 ], [ 6.076410279334207, 48.644444019394221 ], [ 6.076139159689149, 48.644451267171384 ], [ 6.076161033289053, 48.644810594959054 ], [ 6.075889911615669, 48.644817842189902 ] ] ] } },
{ "type": "Feature", "properties": { "surface_ha": 1.2 }, "geometry": { "type": "Polygon", "coordinates": [ [ [ 6.138742595795843, 48.642400794019444 ], [ 6.138731437606346, 48.642221140720693 ], [ 6.138460345903729, 48.64222853493353 ], [ 6.138449188784146, 48.64204888158077 ], [ 6.137907006968518, 48.642063668001988 ], [ 6.137895851878688, 48.641884014548836 ], [ 6.138166941881662, 48.641876621703268 ], [ 6.138144630112389, 48.641517314867194 ], [ 6.138415718085652, 48.641509921477301 ], [ 6.138404561406234, 48.641330268094393 ], [ 6.138946735102987, 48.64131547949593 ], [ 6.138957893702052, 48.641495132785977 ], [ 6.139500068878224, 48.641480341545901 ], [ 6.139488908359513, 48.641300688348757 ], [ 6.140031081175743, 48.641285894652889 ], [ 6.140008756629326, 48.640926588421756 ], [ 6.140279840952699, 48.640919190710981 ], [ 6.140335657943531, 48.641817455999877 ], [ 6.139251300793156, 48.641847043949092 ], [ 6.139262460682247, 48.642026697170031 ], [ 6.138991370159604, 48.642034092610807 ], [ 6.13901368834828, 48.642393399122966 ], [ 6.138742595795843, 48.642400794019444 ] ], [ [ 6.138720279526902, 48.642041487414403 ], [ 6.138991370159604, 48.642034092610807 ], [ 6.138980211230364, 48.641854439343412 ], [ 6.13870912155751, 48.641861834100546 ], [ 6.138720279526902, 48.642041487414403 ] ] ] } },
{ "type": "Feature", "properties": { "surface_ha": 1.36 }, "geometry": { "type": "Polygon", "coordinates": [ [ [ 6.09515730763973, 48.640162215702148 ], [ 6.095135302687758, 48.639802894053602 ], [ 6.094864212697885, 48.639810185390751 ], [ 6.094842210099763, 48.639450863620624 ], [ 6.094571121921162, 48.639458154228976 ], [ 6.094593122599505, 48.639817476090691 ], [ 6.094322032392625, 48.639824766153389 ], [ 6.094311032959103, 48.639645105180506 ], [ 6.094039943603631, 48.639652394560201 ], [ 6.094028945238491, 48.639472733534063 ], [ 6.09430003363407, 48.63946544420012 ], [ 6.094267036309884, 48.638926461213984 ], [ 6.096164631883626, 48.638875418996271 ], [ 6.096175637602194, 48.639055079678577 ], [ 6.096446723209889, 48.639047785338583 ], [ 6.096468736892406, 48.639407106589069 ], [ 6.095655473984485, 48.639428987972281 ], [ 6.095666478108945, 48.639608648723708 ], [ 6.095395389296009, 48.639615941289485 ], [ 6.095406392569114, 48.639795602079253 ], [ 6.09567748234194, 48.63978830946764 ], [ 6.095688486683471, 48.639967970204061 ], [ 6.095417395950744, 48.639975262861448 ], [ 6.095428399440901, 48.640154923636182 ], [ 6.09515730763973, 48.640162215702148 ] ] ] } },
{ "type": "Feature", "properties": { "surface_ha": 2.12 }, "geometry": { "type": "Polygon", "coordinates": [ [ [ 6.111129419691504, 48.63937157730566 ], [ 6.111118360746926, 48.639191919179005 ], [ 6.110847278135535, 48.639199248064955 ], [ 6.110836220259834, 48.639019589884747 ], [ 6.110565138499185, 48.639026918087531 ], [ 6.110554081692341, 48.638847259853769 ], [ 6.110283000782438, 48.638854587373331 ], [ 6.110271945044436, 48.638674929086044 ], [ 6.110543024994549, 48.638667601612497 ], [ 6.110520911926111, 48.638308285107442 ], [ 6.11079198984763, 48.638300957088759 ], [ 6.110780932517225, 48.638121298870985 ], [ 6.111323086113573, 48.638106641014232 ], [ 6.111312026972726, 48.637926982880991 ], [ 6.111040951188832, 48.63793431208191 ], [ 6.111029893116794, 48.637754653895108 ], [ 6.111572042656039, 48.637739994948177 ], [ 6.11158310264755, 48.637919653042914 ], [ 6.112396329017492, 48.637897659705828 ], [ 6.11240739199731, 48.638077317654897 ], [ 6.111865239273625, 48.63809198060887 ], [ 6.111876300443053, 48.638271638642522 ], [ 6.112147377819197, 48.638264307438071 ], [ 6.112158440057481, 48.638443965418162 ], [ 6.112700596401969, 48.638429301005701 ], [ 6.112711660668892, 48.638608958886167 ], [ 6.113253818496418, 48.638594291832952 ], [ 6.113264884792019, 48.638773949613814 ], [ 6.112993804973047, 48.638781283505068 ], [ 6.113004870418007, 48.638960941324434 ], [ 6.112733789530119, 48.638968274624581 ], [ 6.112744854124422, 48.639147932482516 ], [ 6.11166052564248, 48.63917725949554 ], [ 6.111671586506683, 48.639356917530165 ], [ 6.111129419691504, 48.63937157730566 ] ] ] } },
{ "type": "Feature", "properties": { "surface_ha": 5.0 }, "geometry": { "type": "Polygon", "coordinates": [ [ [ 6.075747753411608, 48.64248221044403 ], [ 6.075682148080732, 48.641404226135393 ], [ 6.075139940895856, 48.64141871695567 ], [ 6.075129008971617, 48.641239052787043 ], [ 6.074857906177486, 48.64124629719575 ], [ 6.074846975321115, 48.641066632974173 ], [ 6.07403366917199, 48.641088362240062 ], [ 6.074011813542885, 48.640729033501565 ], [ 6.073740713197657, 48.640736275224647 ], [ 6.073718859919722, 48.640376946365286 ], [ 6.073447761386756, 48.640384187360155 ], [ 6.073436835869449, 48.640204522873773 ], [ 6.07289464040024, 48.640219002860775 ], [ 6.072850947088477, 48.639500344476851 ], [ 6.073393134877836, 48.639485864853611 ], [ 6.073382209899328, 48.639306200329898 ], [ 6.073653302672424, 48.639298959607892 ], [ 6.073675154657118, 48.639658288556902 ], [ 6.074217343719837, 48.639643805019219 ], [ 6.074206415753683, 48.639464140639433 ], [ 6.074477509163405, 48.639456897960201 ], [ 6.074499367123435, 48.63981622662137 ], [ 6.074770462345292, 48.639808983213911 ], [ 6.07478139244698, 48.639988647487804 ], [ 6.075052488521009, 48.639981403397577 ], [ 6.074997834290832, 48.639083082180946 ], [ 6.074726743016592, 48.639090326043679 ], [ 6.074715813453924, 48.638910661732453 ], [ 6.074986903768232, 48.638903417915209 ], [ 6.074954112847284, 48.638364425073149 ], [ 6.074683025412709, 48.638371668753877 ], [ 6.07467209628123, 48.638192004412772 ], [ 6.075214269122792, 48.638177516505053 ], [ 6.075225200174054, 48.638357180755172 ], [ 6.07549628739301, 48.638349935800008 ], [ 6.075507219511986, 48.638529599997149 ], [ 6.076049395546211, 48.638515108084093 ], [ 6.076060329692825, 48.638694772182753 ], [ 6.075789240769723, 48.638702018503409 ], [ 6.075800174064267, 48.638881682640118 ], [ 6.076071263947282, 48.638874436273952 ], [ 6.07613687173886, 48.639952420664187 ], [ 6.075865776096156, 48.639959667303415 ], [ 6.075876710145588, 48.640139331387807 ], [ 6.076147806748274, 48.640132084703069 ], [ 6.076158741865544, 48.640311748734476 ], [ 6.075887644302867, 48.640318995464732 ], [ 6.075898578567995, 48.640498659534195 ], [ 6.076169677090671, 48.640491412758387 ], [ 6.076224354834221, 48.64138973276598 ], [ 6.076495458049171, 48.641382485125355 ], [ 6.076506394881524, 48.641562149058913 ], [ 6.076235290706522, 48.641569396745084 ], [ 6.076246226686692, 48.641749060716691 ], [ 6.075975121443753, 48.641756307811072 ], [ 6.076018862602767, 48.642474963804901 ], [ 6.075747753411608, 48.64248221044403 ] ], [ [ 6.075583747363993, 48.639787249168016 ], [ 6.075854842154568, 48.639780003211541 ], [ 6.075843908320826, 48.639600339112192 ], [ 6.075572814490211, 48.639607585023157 ], [ 6.075583747363993, 48.639787249168016 ] ] ] } },
{ "type": "Feature", "properties": { "surface_ha": 15.7 }, "geometry": { "type": "Polygon", "coordinates": [ [ [ 6.105796049460227, 48.640955306981667 ], [ 6.105785008841066, 48.640775647995248 ], [ 6.105242823792472, 48.640790280377772 ], [ 6.105220746720448, 48.640430962198636 ], [ 6.104949655952645, 48.640438277342163 ], [ 6.104938618539833, 48.640258618195389 ], [ 6.104667528623057, 48.640265932655758 ], [ 6.104656492278994, 48.640086273455545 ], [ 6.104385403213248, 48.640093587232791 ], [ 6.104374367937911, 48.639913927979144 ], [ 6.10464545604378, 48.63990661424782 ], [ 6.104634419917419, 48.639726955032586 ], [ 6.104905506954573, 48.63971964071002 ], [ 6.104894469977205, 48.639539981533204 ], [ 6.104352297713755, 48.63955460944927 ], [ 6.104363332771416, 48.639734268717952 ], [ 6.104092245516571, 48.639741581766145 ], [ 6.104081211418772, 48.639561922451527 ], [ 6.103539038502324, 48.639576546544419 ], [ 6.103528006433052, 48.639396887130459 ], [ 6.10325692077146, 48.639404198175185 ], [ 6.103245889770842, 48.639224538707815 ], [ 6.102703720040962, 48.639239158793863 ], [ 6.10268166220544, 48.638879839652944 ], [ 6.102410579096993, 48.638887148648372 ], [ 6.102399551302216, 48.638707489020746 ], [ 6.102670633450844, 48.638700180071233 ], [ 6.102648576267972, 48.638340860885272 ], [ 6.102377496038955, 48.638348169743004 ], [ 6.102366468570469, 48.638168510092868 ], [ 6.101824309705736, 48.638183125804993 ], [ 6.101813284265578, 48.638003466055544 ], [ 6.102355441210743, 48.637988850435221 ], [ 6.102333386817572, 48.637629531097453 ], [ 6.100978003236836, 48.637666064910611 ], [ 6.100989025580211, 48.637845724812706 ], [ 6.100446869467338, 48.637860333969606 ], [ 6.100435849043505, 48.637680673975744 ], [ 6.100706926194518, 48.637673369761735 ], [ 6.100695904919616, 48.637493709806286 ], [ 6.101509132841142, 48.637471793478994 ], [ 6.101498108795687, 48.637292133653673 ], [ 6.100684883753409, 48.637314049843312 ], [ 6.100673862695904, 48.637134389872834 ], [ 6.099860639554582, 48.63715630019049 ], [ 6.099849621484976, 48.636976640074899 ], [ 6.099578547846929, 48.636983942193964 ], [ 6.099567530845719, 48.636804282025018 ], [ 6.100109676093695, 48.636789677241481 ], [ 6.100098657281704, 48.636610017156748 ], [ 6.101182942634631, 48.636580800127469 ], [ 6.101171920092495, 48.636401140218737 ], [ 6.101442990199269, 48.636393834414449 ], [ 6.101454013701107, 48.636573494277307 ], [ 6.102267226248181, 48.636551572903983 ], [ 6.102278252737865, 48.636731232621663 ], [ 6.10200718103787, 48.636738540429128 ], [ 6.102029232424051, 48.637097859933746 ], [ 6.102571379554171, 48.637083243498076 ], [ 6.102593435214281, 48.637442562789083 ], [ 6.103135585748299, 48.637427943621205 ], [ 6.103146615661005, 48.637607603163652 ], [ 6.102875539488632, 48.637614913112088 ], [ 6.102886568550364, 48.637794572692918 ], [ 6.102615491309455, 48.637801882050091 ], [ 6.102626519520191, 48.637981541669312 ], [ 6.103439753795881, 48.637959611548567 ], [ 6.103450784994723, 48.638139271022609 ], [ 6.104264021170558, 48.638117335029627 ], [ 6.104252987092393, 48.637937675693372 ], [ 6.105066219409477, 48.637915734103743 ], [ 6.10507725636695, 48.638095393302166 ], [ 6.105348334548046, 48.638088078118699 ], [ 6.105359372574154, 48.638267737263682 ], [ 6.105630451606162, 48.638260421397092 ], [ 6.10561941262028, 48.638080762298053 ], [ 6.105890490583641, 48.638073445840234 ], [ 6.105868411018982, 48.63771412771154 ], [ 6.105597334975139, 48.637721444077435 ], [ 6.105553180991306, 48.637002807546125 ], [ 6.10582425319622, 48.63699549136404 ], [ 6.105846331889843, 48.637354809552818 ], [ 6.106117405905323, 48.637347492641645 ], [ 6.106106365544348, 48.637167833596976 ], [ 6.106377438491216, 48.637160516094632 ], [ 6.106399521241511, 48.637519834084571 ], [ 6.106670595998939, 48.63751251585316 ], [ 6.106681638497179, 48.637692174790907 ], [ 6.107223789604781, 48.637677536324709 ], [ 6.107234834131424, 48.637857195163001 ], [ 6.108590214792739, 48.63782058761749 ], [ 6.108579165467375, 48.637640929009109 ], [ 6.108850240313005, 48.637633605634555 ], [ 6.108839190136885, 48.63745394706465 ], [ 6.109110263913803, 48.637446623098946 ], [ 6.109099212886946, 48.637266964567523 ], [ 6.109641358194358, 48.637252314816678 ], [ 6.10965241114065, 48.637431973256092 ], [ 6.110194557931452, 48.637417320864671 ], [ 6.110205612906205, 48.637596979204552 ], [ 6.109663464195954, 48.637611631687989 ], [ 6.109674517360273, 48.637791290112382 ], [ 6.108861290598108, 48.637813264196943 ], [ 6.10888339149528, 48.638172581299216 ], [ 6.108612313770401, 48.638179904811764 ], [ 6.108623363422698, 48.638359563397593 ], [ 6.108081205726471, 48.638374208603189 ], [ 6.108092253568191, 48.638553867273515 ], [ 6.106465772106011, 48.638597787874147 ], [ 6.106476814297926, 48.638777446812803 ], [ 6.106747895773742, 48.638770128259637 ], [ 6.106758939034372, 48.638949787144824 ], [ 6.108385431360492, 48.638905862169452 ], [ 6.108396480488914, 48.639085520771232 ], [ 6.10920972806035, 48.639063549543671 ], [ 6.109231832403048, 48.639422866448754 ], [ 6.109774000744932, 48.639408215593797 ], [ 6.109796109363001, 48.639767532284807 ], [ 6.110067195290074, 48.639760205809523 ], [ 6.1100782507225, 48.639939864097741 ], [ 6.110349337500381, 48.639932536939241 ], [ 6.110360394001703, 48.640112195173927 ], [ 6.110089306263967, 48.640119522378441 ], [ 6.110100361914474, 48.640299180651631 ], [ 6.109829273107833, 48.640306507264938 ], [ 6.109840327907507, 48.640486165576661 ], [ 6.109569238031953, 48.640493491598761 ], [ 6.109580291980775, 48.640673149948974 ], [ 6.109309201036308, 48.640680475379895 ], [ 6.10932025413426, 48.64086013376857 ], [ 6.108778069998482, 48.640874782810791 ], [ 6.108767018820329, 48.640695124330122 ], [ 6.108495927548837, 48.640702447849399 ], [ 6.10850697776709, 48.640882106376075 ], [ 6.106880422090254, 48.640926034386105 ], [ 6.10686937763144, 48.640746375583518 ], [ 6.106598285597221, 48.640753694642299 ], [ 6.106609329096123, 48.640933353490816 ], [ 6.105796049460227, 48.640955306981667 ] ], [ [ 6.105414564337703, 48.639166032875984 ], [ 6.105685648168729, 48.639158716779647 ], [ 6.105674608638457, 48.638979057718146 ], [ 6.105403525767254, 48.638986373768532 ], [ 6.105414564337703, 48.639166032875984 ] ], [ [ 6.102930685885068, 48.638513210941198 ], [ 6.103201766856331, 48.638505900763235 ], [ 6.103179706051834, 48.638146581745922 ], [ 6.102908627000156, 48.638153891832076 ], [ 6.102930685885068, 48.638513210941198 ] ], [ [ 6.104286089653367, 48.638476653679575 ], [ 6.104557170080573, 48.638469340315716 ], [ 6.104546134824965, 48.638289681040433 ], [ 6.104275055357547, 48.638296994358349 ], [ 6.104286089653367, 48.638476653679575 ] ], [ [ 6.101780208597542, 48.637464486762248 ], [ 6.102051284245205, 48.637457179408337 ], [ 6.102040258280255, 48.637277519674811 ], [ 6.101769183592338, 48.637284826982814 ], [ 6.101780208597542, 48.637464486762248 ] ], [ [ 6.100662841747091, 48.636954729894846 ], [ 6.100933914950418, 48.636947425227213 ], [ 6.100922893150581, 48.636767765287608 ], [ 6.100651820906977, 48.636775069909383 ], [ 6.100662841747091, 48.636954729894846 ] ] ] } },
{ "type": "Feature", "properties": { "surface_ha": 6.31 }, "geometry": { "type": "Polygon", "coordinates": [ [ [ 6.148797778237235, 48.638167004575486 ], [ 6.148786586002362, 48.637987352878028 ], [ 6.148244453091347, 48.638002187042893 ], [ 6.148233262886063, 48.637822535244716 ], [ 6.147962197224612, 48.637829951324939 ], [ 6.147973386470293, 48.638009603169699 ], [ 6.147702319738887, 48.638017018659426 ], [ 6.147691131452812, 48.637837366768096 ], [ 6.147420065570671, 48.637844781574181 ], [ 6.147397691248732, 48.637485477675675 ], [ 6.147126627175448, 48.637492891751549 ], [ 6.147115441139555, 48.637313239744408 ], [ 6.146302251136573, 48.637335478009867 ], [ 6.146291068089723, 48.637155825855501 ], [ 6.146020005494376, 48.637163237289975 ], [ 6.145941733971225, 48.635905671672084 ], [ 6.145399621883293, 48.635920491978261 ], [ 6.14538844259723, 48.635740839623843 ], [ 6.145659497736821, 48.635733429835796 ], [ 6.145637137576457, 48.635374125197352 ], [ 6.145908190686812, 48.635366714865341 ], [ 6.145897009812541, 48.635187062581331 ], [ 6.146710165603552, 48.635164827902798 ], [ 6.146698981961158, 48.634985175750828 ], [ 6.146970032711461, 48.634977762963821 ], [ 6.146981217313317, 48.63515741506923 ], [ 6.147252268912783, 48.635150001598646 ], [ 6.147285826258599, 48.635688957729791 ], [ 6.147556880626177, 48.635681543482484 ], [ 6.147568067588242, 48.635861195464535 ], [ 6.147297012261168, 48.635868609758369 ], [ 6.147308198374054, 48.636048261779436 ], [ 6.147850310836883, 48.636033432461531 ], [ 6.147861498979116, 48.6362130843819 ], [ 6.148403612919615, 48.636198252422659 ], [ 6.148414803091224, 48.636377904242345 ], [ 6.148143745216631, 48.636385320587024 ], [ 6.148166123971861, 48.636744624296803 ], [ 6.148708243448825, 48.636729790784031 ], [ 6.148697052096959, 48.636550139026092 ], [ 6.14978128588822, 48.636520464542222 ], [ 6.149792481078218, 48.636700116113808 ], [ 6.150605658141004, 48.636677853422057 ], [ 6.150616856320022, 48.636857504846283 ], [ 6.150887916079625, 48.636850082628328 ], [ 6.150910314688078, 48.637209385360833 ], [ 6.150639253009381, 48.637216807672019 ], [ 6.15065045151972, 48.637396459073578 ], [ 6.149837262942315, 48.637418722324576 ], [ 6.149870850499733, 48.637957676903248 ], [ 6.149328718471848, 48.63797251616478 ], [ 6.149339912625941, 48.638152167769086 ], [ 6.148797778237235, 48.638167004575486 ] ], [ [ 6.148775393877867, 48.637807701172996 ], [ 6.149046459208204, 48.637800283181505 ], [ 6.149035266234497, 48.637620631515482 ], [ 6.148764201863752, 48.637628049460389 ], [ 6.148775393877867, 48.637807701172996 ] ] ] } },
{ "type": "Feature", "properties": { "surface_ha": 2.12 }, "geometry": { "type": "Polygon", "coordinates": [ [ [ 6.070887790014415, 48.638473013375688 ], [ 6.070876874321568, 48.638293348398079 ], [ 6.070063609726804, 48.638315048717111 ], [ 6.070041784423496, 48.637955718466884 ], [ 6.069499611328414, 48.637970181978439 ], [ 6.069488700757983, 48.637790516751281 ], [ 6.069759786399445, 48.637783285359525 ], [ 6.069748874976747, 48.637603620170339 ], [ 6.070019959550712, 48.637596388186786 ], [ 6.069998135108439, 48.637237057876845 ], [ 6.069727052454207, 48.637244289769541 ], [ 6.06971614135436, 48.637064624557915 ], [ 6.069445059552363, 48.637071855768014 ], [ 6.069423239595191, 48.636712525231594 ], [ 6.070507558478771, 48.636683596931441 ], [ 6.070518472242877, 48.636863262021706 ], [ 6.070789552654521, 48.636856028308273 ], [ 6.070811382425348, 48.637215358375514 ], [ 6.071624628773372, 48.63719365313937 ], [ 6.071635546699825, 48.63737331802546 ], [ 6.071906629560332, 48.637366081626908 ], [ 6.071917548554329, 48.637545746460098 ], [ 6.071646464733963, 48.637552982904118 ], [ 6.071657382875784, 48.63773264777528 ], [ 6.071386297987861, 48.637739883627525 ], [ 6.071419050179784, 48.638278878332571 ], [ 6.071690137947373, 48.638271642343966 ], [ 6.07170105651995, 48.638451307185285 ], [ 6.070887790014415, 48.638473013375688 ] ] ] } },
{ "type": "Feature", "properties": { "surface_ha": 1.04 }, "geometry": { "type": "Polygon", "coordinates": [ [ [ 6.110919318394573, 48.635958071613942 ], [ 6.110908261522137, 48.635778413344504 ], [ 6.110637197145417, 48.635785741355988 ], [ 6.110615085646919, 48.63542642470248 ], [ 6.110344023080408, 48.635433751984834 ], [ 6.110321913937255, 48.635074435209262 ], [ 6.110592974584558, 48.635067108018958 ], [ 6.110604030061222, 48.635246766364482 ], [ 6.110875091559095, 48.635239438491077 ], [ 6.110864035122833, 48.635059780191568 ], [ 6.111677216083375, 48.635037792886855 ], [ 6.111688275398417, 48.635217451048277 ], [ 6.112230397412628, 48.635202789567636 ], [ 6.112263581769845, 48.635741763730572 ], [ 6.111721453997975, 48.635756425487429 ], [ 6.111732513749308, 48.635936083618795 ], [ 6.110919318394573, 48.635958071613942 ] ] ] } },
{ "type": "Feature", "properties": { "surface_ha": 1.12 }, "geometry": { "type": "Polygon", "coordinates": [ [ [ 6.087325253839755, 48.636413566875866 ], [ 6.087314280568902, 48.636233904609931 ], [ 6.087043207700983, 48.636241177145443 ], [ 6.087021263403415, 48.635881852499736 ], [ 6.08675019234674, 48.635889124306757 ], [ 6.086739221319994, 48.635709461927 ], [ 6.08701029141695, 48.635702190165652 ], [ 6.086999319538696, 48.635522527824072 ], [ 6.087270388567734, 48.635515255471233 ], [ 6.087259415837994, 48.635335593167866 ], [ 6.087530483799116, 48.635328320223586 ], [ 6.087519510217906, 48.635148657958382 ], [ 6.087790577111114, 48.635141384422646 ], [ 6.08776862835403, 48.634782059961168 ], [ 6.088039693219667, 48.634774785879678 ], [ 6.08806164389609, 48.635134110249808 ], [ 6.088332710572816, 48.635126835439777 ], [ 6.088376617063401, 48.635845483907431 ], [ 6.08783447592412, 48.635860033255774 ], [ 6.087867401170398, 48.636399019802013 ], [ 6.087325253839755, 48.636413566875866 ] ] ] } },
{ "type": "Feature", "properties": { "surface_ha": 1.48 }, "geometry": { "type": "Polygon", "coordinates": [ [ [ 6.0759181941983, 48.636359138317232 ], [ 6.075907261453552, 48.636179474121398 ], [ 6.074822958865565, 48.636208453032481 ], [ 6.074801101377715, 48.635849124254413 ], [ 6.074530027380773, 48.635856367298281 ], [ 6.074519099758287, 48.635676702852543 ], [ 6.075874463866265, 48.635640481489141 ], [ 6.075863531552814, 48.635460817263422 ], [ 6.076405674521828, 48.635446324348955 ], [ 6.07639474039673, 48.635266660206803 ], [ 6.07666581075975, 48.63525941283936 ], [ 6.076643940913635, 48.634900084623681 ], [ 6.076915009249377, 48.634892836710101 ], [ 6.076925945078223, 48.635072500776175 ], [ 6.077739152317404, 48.635050753076072 ], [ 6.077750091133262, 48.635230416998077 ], [ 6.077479021201688, 48.635237666914115 ], [ 6.077489959165703, 48.635417330874191 ], [ 6.077218888166528, 48.63542458019861 ], [ 6.077229825278684, 48.635604244196735 ], [ 6.076958753211902, 48.635611492929534 ], [ 6.076969689472177, 48.635791156965681 ], [ 6.076698616337787, 48.635798405106854 ], [ 6.076709551746167, 48.635978069181064 ], [ 6.076438477544161, 48.635985316730583 ], [ 6.076449412100625, 48.636164980842835 ], [ 6.076178336831009, 48.636172227800692 ], [ 6.076189270535536, 48.636351891951016 ], [ 6.0759181941983, 48.636359138317232 ] ] ] } },
{ "type": "Feature", "properties": { "surface_ha": 2.2 }, "geometry": { "type": "Polygon", "coordinates": [ [ [ 6.102234147431611, 48.636012593705949 ], [ 6.102223121376913, 48.635832933958284 ], [ 6.101952054475359, 48.635840241536251 ], [ 6.101941029489065, 48.635660581735159 ], [ 6.101127831011025, 48.635682500508771 ], [ 6.101138853118332, 48.635862160447516 ], [ 6.100867785781902, 48.635869465477064 ], [ 6.100834722665058, 48.635330485500667 ], [ 6.101376851471286, 48.635315875079812 ], [ 6.101387874320831, 48.635495534987683 ], [ 6.101658939520528, 48.635488228775685 ], [ 6.10163689201087, 48.635128909044205 ], [ 6.102179018245539, 48.635114294892468 ], [ 6.102190043865274, 48.635293954670182 ], [ 6.102461107779136, 48.63528664659276 ], [ 6.102472134467249, 48.635466306317078 ], [ 6.102743199232001, 48.635458997556647 ], [ 6.102699089293543, 48.634740358798012 ], [ 6.102428028367287, 48.634747667374832 ], [ 6.10241700211416, 48.634568007620537 ], [ 6.102688062080817, 48.634560699089604 ], [ 6.102677034976843, 48.634381039373665 ], [ 6.102948093875154, 48.634373730251582 ], [ 6.102937065920352, 48.634194070574047 ], [ 6.103750239083956, 48.634172139522938 ], [ 6.103805394339539, 48.635070437146837 ], [ 6.104076456641147, 48.635063125292724 ], [ 6.104109553978913, 48.635602103639215 ], [ 6.103567423509111, 48.635616726985887 ], [ 6.103556392873665, 48.635437067452699 ], [ 6.103285328435218, 48.635444378124454 ], [ 6.103296358111021, 48.635624037703536 ], [ 6.10302529260415, 48.635631347784113 ], [ 6.103036321429077, 48.635811007401607 ], [ 6.102765254853782, 48.635818316890933 ], [ 6.102776282827814, 48.635997976546818 ], [ 6.102234147431611, 48.636012593705949 ] ] ] } },
{ "type": "Feature", "properties": { "surface_ha": 3.08 }, "geometry": { "type": "Polygon", "coordinates": [ [ [ 6.092929834840334, 48.634823404831806 ], [ 6.092918842282504, 48.634643743466007 ], [ 6.092376716342444, 48.634658313928 ], [ 6.092332754872179, 48.633939668023828 ], [ 6.09206169557803, 48.633946952116169 ], [ 6.092050706441034, 48.633767290575655 ], [ 6.092321764775584, 48.633760006529037 ], [ 6.092310774787377, 48.633580345026786 ], [ 6.093123946261924, 48.633558489201754 ], [ 6.093112953503379, 48.633378827829262 ], [ 6.093384009485174, 48.633371541325857 ], [ 6.0933620223742, 48.633012218649924 ], [ 6.093633076328463, 48.633004931600937 ], [ 6.093611087732087, 48.632645608986557 ], [ 6.093882139658851, 48.632638321392072 ], [ 6.093893134862357, 48.632817982657244 ], [ 6.094164187640216, 48.632810694379906 ], [ 6.094175183911696, 48.632990355591815 ], [ 6.094446237540648, 48.632983066631645 ], [ 6.094479229884445, 48.633522050085041 ], [ 6.094208173376824, 48.633529339182566 ], [ 6.094219170082099, 48.633709000364483 ], [ 6.094490227549295, 48.633701711221192 ], [ 6.094512223204386, 48.634061033471006 ], [ 6.094783282482301, 48.634053743599068 ], [ 6.094805280490465, 48.634413065727337 ], [ 6.09534740255928, 48.634398483889051 ], [ 6.095369404839845, 48.634757805804171 ], [ 6.092929834840334, 48.634823404831806 ] ], [ [ 6.093405997029833, 48.63373086397182 ], [ 6.093677054822359, 48.633723576739783 ], [ 6.093666060036237, 48.633543915466326 ], [ 6.093395003203293, 48.633551202652583 ], [ 6.093405997029833, 48.63373086397182 ] ] ] } },
{ "type": "Feature", "properties": { "surface_ha": 1.96 }, "geometry": { "type": "Polygon", "coordinates": [ [ [ 6.10591869606623, 48.634113628688631 ], [ 6.105907657664996, 48.63393396950881 ], [ 6.105636601882689, 48.633941285546918 ], [ 6.105625564549864, 48.633761626313628 ], [ 6.105354509618251, 48.633768941668713 ], [ 6.105343473353815, 48.633589282381983 ], [ 6.105072419272903, 48.633596597054094 ], [ 6.105061384076835, 48.633416937713889 ], [ 6.104519277507593, 48.633431565055005 ], [ 6.1045082443394, 48.633251905615474 ], [ 6.104237191851084, 48.633259218284508 ], [ 6.104204095877876, 48.632720239783026 ], [ 6.104475145487673, 48.63271292725176 ], [ 6.10445308013055, 48.632353608305102 ], [ 6.10472412771258, 48.632346295228622 ], [ 6.104735161296217, 48.632525954659798 ], [ 6.105277258052785, 48.632511326503902 ], [ 6.105288293664202, 48.632690985835673 ], [ 6.105830391904404, 48.632676355039749 ], [ 6.105841429543638, 48.632856014272157 ], [ 6.106112479459954, 48.632848697872681 ], [ 6.106123518167535, 48.633028357051579 ], [ 6.106394568934487, 48.63302103996913 ], [ 6.106416648595267, 48.633380358212548 ], [ 6.106687701172364, 48.633373040401118 ], [ 6.106720824358709, 48.633912017572058 ], [ 6.106449768903015, 48.633919335521398 ], [ 6.106460809223357, 48.634098994609317 ], [ 6.10591869606623, 48.634113628688631 ] ] ] } },
{ "type": "Feature", "properties": { "surface_ha": 2.84 }, "geometry": { "type": "Polygon", "coordinates": [ [ [ 6.064174681041922, 48.635232799887191 ], [ 6.064163790428401, 48.63505313367849 ], [ 6.063621645451994, 48.635067568885155 ], [ 6.063610756865397, 48.634887902578342 ], [ 6.063881828447543, 48.634880685338942 ], [ 6.063870939008587, 48.634701019070015 ], [ 6.063599868386191, 48.634708236264096 ], [ 6.063588980014373, 48.634528569942383 ], [ 6.063317910244327, 48.634535786453981 ], [ 6.063307022939625, 48.634356120079488 ], [ 6.063035954021937, 48.634363335908603 ], [ 6.063014181654101, 48.634004003046613 ], [ 6.062743114548483, 48.634011218147947 ], [ 6.062732229485317, 48.63383155166045 ], [ 6.06246116323205, 48.633838766079336 ], [ 6.062450279235936, 48.633659099539052 ], [ 6.062179213835025, 48.633666313275498 ], [ 6.062168330905941, 48.633486646682449 ], [ 6.062981523907575, 48.633465003697658 ], [ 6.062992409715721, 48.63364467015478 ], [ 6.063805604630165, 48.633623021299833 ], [ 6.063816493424752, 48.633802687613503 ], [ 6.064629690251754, 48.633781032888365 ], [ 6.064618798578098, 48.633601366710678 ], [ 6.064889863012587, 48.633594147240025 ], [ 6.064878970486672, 48.633414481100239 ], [ 6.06569216026651, 48.633392819001543 ], [ 6.065703055671447, 48.633572485005288 ], [ 6.065974119676167, 48.63356526298611 ], [ 6.065995912727784, 48.633924594880497 ], [ 6.065724846803692, 48.63393181699039 ], [ 6.065757534308, 48.634470814912078 ], [ 6.06521539637918, 48.634485257492571 ], [ 6.065226290509412, 48.634664923542253 ], [ 6.064684150231352, 48.63467936366483 ], [ 6.064705934975164, 48.635038695923193 ], [ 6.064434862755492, 48.635045915119463 ], [ 6.064445754328777, 48.635225581282775 ], [ 6.064174681041922, 48.635232799887191 ] ] ] } },
{ "type": "Feature", "properties": { "surface_ha": 7.91 }, "geometry": { "type": "Polygon", "coordinates": [ [ [ 6.090970054120189, 48.638295243234836 ], [ 6.090959067180869, 48.638115581645437 ], [ 6.090687985163093, 48.63812286296691 ], [ 6.090666013529174, 48.637763539674118 ], [ 6.090937093627315, 48.637756258444121 ], [ 6.090926107013083, 48.637576596832233 ], [ 6.091197186043064, 48.637569315010779 ], [ 6.091186198577393, 48.637389653437118 ], [ 6.091728354392666, 48.637375087974156 ], [ 6.091717365115804, 48.637195426484489 ], [ 6.090633056890918, 48.637224554678788 ], [ 6.090622071561529, 48.63704489299873 ], [ 6.090350995194192, 48.637052173408648 ], [ 6.090329026779966, 48.636692849934562 ], [ 6.090057952223822, 48.636700129615875 ], [ 6.090046969138955, 48.636520467821875 ], [ 6.089775895434237, 48.636527746820335 ], [ 6.089764913417436, 48.636348084973122 ], [ 6.089493840564145, 48.636355363288715 ], [ 6.089482859615387, 48.636175701388289 ], [ 6.089211787613527, 48.636182979021015 ], [ 6.089200807732793, 48.636003317067406 ], [ 6.088929736582369, 48.636010594017293 ], [ 6.088918757769642, 48.635830932010506 ], [ 6.088647687470655, 48.635838208277526 ], [ 6.088636709725914, 48.635658546217549 ], [ 6.08890777906519, 48.635651269996217 ], [ 6.088896800469019, 48.635471607974445 ], [ 6.08916786874032, 48.635464331161671 ], [ 6.089156889292736, 48.635284669178112 ], [ 6.089427956496069, 48.635277391773933 ], [ 6.089405996006405, 48.634918067875738 ], [ 6.089134930722419, 48.634925345188528 ], [ 6.089112972585224, 48.634566021169 ], [ 6.088841909112269, 48.634573297753256 ], [ 6.088808975597457, 48.634034311530691 ], [ 6.089893217324028, 48.634005201919422 ], [ 6.089882235863849, 48.633825540013078 ], [ 6.088797997975721, 48.633854649441517 ], [ 6.088787020462246, 48.633674987344875 ], [ 6.089058079137095, 48.633667710989108 ], [ 6.089047100772288, 48.633488048930666 ], [ 6.088233927301754, 48.633509875949606 ], [ 6.088201001493141, 48.632970889318116 ], [ 6.088472056546174, 48.632963614419303 ], [ 6.088461080533556, 48.632783952239521 ], [ 6.088732134518786, 48.632776676749302 ], [ 6.088721157654865, 48.632597014607711 ], [ 6.089263263381455, 48.632582461807466 ], [ 6.089252284706718, 48.632402799749791 ], [ 6.089523336448073, 48.632395522439779 ], [ 6.089534316082347, 48.632575184451738 ], [ 6.089805368674955, 48.632567906458959 ], [ 6.089816349377053, 48.63274756841772 ], [ 6.09008740282091, 48.632740289742145 ], [ 6.090098384590853, 48.632919951647715 ], [ 6.090369438885957, 48.632912672289343 ], [ 6.09039140466988, 48.633271995986597 ], [ 6.090120348455651, 48.633279275436394 ], [ 6.090109366469099, 48.633099613545795 ], [ 6.089567255634866, 48.63311417044271 ], [ 6.089589215877979, 48.633473494399247 ], [ 6.090131330550508, 48.633458937319489 ], [ 6.090175260013035, 48.634177584776992 ], [ 6.090446321025248, 48.634170305098607 ], [ 6.090457304621284, 48.634349966898526 ], [ 6.090728366484795, 48.63434268653733 ], [ 6.09073935114879, 48.634522348284051 ], [ 6.0910104138636, 48.634515067240002 ], [ 6.091032385435886, 48.634874390619515 ], [ 6.091303449961638, 48.63486710884689 ], [ 6.091325423886638, 48.635226432104986 ], [ 6.091054357441559, 48.635233713969058 ], [ 6.091076329880636, 48.63559303728865 ], [ 6.091347398245078, 48.635585755333103 ], [ 6.091358385586839, 48.635765416935939 ], [ 6.091629454802612, 48.635758134297504 ], [ 6.091640443212441, 48.635937795847092 ], [ 6.091911513279546, 48.635930512525796 ], [ 6.091933492343761, 48.636289835511043 ], [ 6.092204564221912, 48.6362825514611 ], [ 6.092248527489969, 48.637001197158675 ], [ 6.091977451772843, 48.637008481391589 ], [ 6.09198844190109, 48.637188142842987 ], [ 6.092259518577981, 48.637180858564314 ], [ 6.092270509774397, 48.637360519962492 ], [ 6.092541587302665, 48.637353235000923 ], [ 6.092563571940288, 48.637712557683265 ], [ 6.092292492492446, 48.637719842736345 ], [ 6.092314475644122, 48.638079165480256 ], [ 6.091501230891325, 48.638101017090918 ], [ 6.0915122197503, 48.638280678588856 ], [ 6.090970054120189, 48.638295243234836 ] ], [ [ 6.09084920374739, 48.636318965339264 ], [ 6.091391348262309, 48.636304401699441 ], [ 6.091380360595456, 48.636124740119087 ], [ 6.090838217999982, 48.636139303667456 ], [ 6.09084920374739, 48.636318965339264 ] ], [ [ 6.09026312413723, 48.635614879332479 ], [ 6.090534192826701, 48.635607599288328 ], [ 6.090523208472364, 48.63542793754084 ], [ 6.090252140742585, 48.635435217539275 ], [ 6.09026312413723, 48.635614879332479 ] ], [ [ 6.08998107290448, 48.635442496900566 ], [ 6.090252140742585, 48.635435217539275 ], [ 6.090241157456262, 48.635255555738581 ], [ 6.08997009057784, 48.635262835054142 ], [ 6.08998107290448, 48.635442496900566 ] ], [ [ 6.090208208247218, 48.634716570291467 ], [ 6.090479272138333, 48.634709290475946 ], [ 6.090468288325644, 48.634529628690991 ], [ 6.090197225394175, 48.634536908460781 ], [ 6.090208208247218, 48.634716570291467 ] ] ] } },
{ "type": "Feature", "properties": { "surface_ha": 1.04 }, "geometry": { "type": "Polygon", "coordinates": [ [ [ 6.105537269805765, 48.632324352177058 ], [ 6.105526233452546, 48.632144692876196 ], [ 6.105255187156442, 48.632152007817801 ], [ 6.105244151871514, 48.631972348463499 ], [ 6.104973106426037, 48.631979662722166 ], [ 6.104962072209382, 48.63180000331441 ], [ 6.104691027614531, 48.631807316890125 ], [ 6.104668961426539, 48.631447997960237 ], [ 6.104397918641748, 48.631455310807056 ], [ 6.104364823054024, 48.630916332218163 ], [ 6.105177942447284, 48.630894392180018 ], [ 6.105188977079266, 48.631074051579368 ], [ 6.105460017618791, 48.631066736913354 ], [ 6.10548208912804, 48.631426055597679 ], [ 6.105753131477554, 48.631418740202776 ], [ 6.10578624243598, 48.631957718035117 ], [ 6.10605728755495, 48.631950401865375 ], [ 6.106068325718232, 48.632130061081838 ], [ 6.105797279639813, 48.632137377297532 ], [ 6.105808316952493, 48.632317036552443 ], [ 6.105537269805765, 48.632324352177058 ] ] ] } },
{ "type": "Feature", "properties": { "surface_ha": 3.12 }, "geometry": { "type": "Polygon", "coordinates": [ [ [ 6.117396771395121, 48.630923918303147 ], [ 6.117385693482386, 48.630744260982439 ], [ 6.1171146577403, 48.630751603676124 ], [ 6.117103580896146, 48.630571946301778 ], [ 6.116832546004161, 48.630579288312376 ], [ 6.116843621888974, 48.630758945732808 ], [ 6.116301549858661, 48.630773627935262 ], [ 6.116290475892527, 48.630593970422609 ], [ 6.116019440672898, 48.630601310522252 ], [ 6.115997294986899, 48.630241995382207 ], [ 6.115726261576731, 48.630249334752712 ], [ 6.11571518985684, 48.63006967712532 ], [ 6.115173124627597, 48.630084353863211 ], [ 6.115162054935501, 48.629904696136123 ], [ 6.114619991188224, 48.629919370233992 ], [ 6.114597855968707, 48.629560054572956 ], [ 6.115681975352251, 48.629530704198011 ], [ 6.115670904069079, 48.629351046540535 ], [ 6.115941932682767, 48.629343707400508 ], [ 6.115930860549505, 48.629164049781608 ], [ 6.117014970075227, 48.629134687036355 ], [ 6.117026046045551, 48.629314344470863 ], [ 6.117297074113209, 48.629307002146078 ], [ 6.117308151152025, 48.629486659526947 ], [ 6.117579180069717, 48.629479316519109 ], [ 6.117590258177048, 48.629658973846361 ], [ 6.117861287944774, 48.629651630155443 ], [ 6.117883446405753, 48.630010944695123 ], [ 6.118154477982805, 48.630003600275003 ], [ 6.118165558336485, 48.630183257487417 ], [ 6.118436590763573, 48.630175912384217 ], [ 6.118458753717374, 48.630535226694249 ], [ 6.118187719371653, 48.630542571889713 ], [ 6.118198800053143, 48.630722229079566 ], [ 6.117927764638817, 48.630729573684164 ], [ 6.117938844470239, 48.630909230912614 ], [ 6.117396771395121, 48.630923918303147 ] ] ] } },
{ "type": "Feature", "properties": { "surface_ha": 4.2 }, "geometry": { "type": "Polygon", "coordinates": [ [ [ 6.079710681783618, 48.631758785859553 ], [ 6.079699737341075, 48.631579122159899 ], [ 6.080241836769056, 48.631564612044762 ], [ 6.080230890515414, 48.631384948428767 ], [ 6.080501939107966, 48.631377692461172 ], [ 6.080469098116257, 48.630838701704981 ], [ 6.080198052402187, 48.630845957535847 ], [ 6.080187106580341, 48.630666293889902 ], [ 6.079916061717802, 48.630673549038171 ], [ 6.079883227778309, 48.630134557918858 ], [ 6.080425311638696, 48.630120047258693 ], [ 6.080414365289185, 48.629940383628416 ], [ 6.080143324372402, 48.629947639231439 ], [ 6.080121433916078, 48.629588311857354 ], [ 6.080392472914014, 48.629581056345458 ], [ 6.080381526888348, 48.629401392692749 ], [ 6.080652564818931, 48.629394136589418 ], [ 6.080641617941814, 48.629214472974802 ], [ 6.08091265480504, 48.629207216280044 ], [ 6.080901707076489, 48.629027552703519 ], [ 6.081172742872366, 48.62902029541732 ], [ 6.081183691560306, 48.629199958948242 ], [ 6.0814547282076, 48.629192700979466 ], [ 6.081476627826198, 48.629552027927723 ], [ 6.081747666284305, 48.629544769230762 ], [ 6.081769568253673, 48.629904096057942 ], [ 6.082040608522619, 48.629896836632767 ], [ 6.082018704634417, 48.629537509896757 ], [ 6.082289742876528, 48.629530249925779 ], [ 6.082278790135033, 48.629350586592139 ], [ 6.082549827309732, 48.629343326029748 ], [ 6.082593642761446, 48.630061979136968 ], [ 6.082864683665771, 48.630054717755137 ], [ 6.082886593958661, 48.630414044172653 ], [ 6.082615551135456, 48.630421305645676 ], [ 6.082626505484505, 48.630600968888835 ], [ 6.082897549267163, 48.630593707370188 ], [ 6.082908504683705, 48.630773370560242 ], [ 6.083179549317785, 48.630766108358955 ], [ 6.083201462393949, 48.631125434625403 ], [ 6.082930415840917, 48.631132696917923 ], [ 6.082952327430301, 48.631492023245663 ], [ 6.082410230162125, 48.631506546101953 ], [ 6.082399276232411, 48.631326882850594 ], [ 6.082128228395781, 48.631334143277549 ], [ 6.082106322779416, 48.630974816661237 ], [ 6.08156423062008, 48.630989335421624 ], [ 6.081575181455279, 48.631168998824705 ], [ 6.081304134254123, 48.631176257294925 ], [ 6.081293184378413, 48.630996593846262 ], [ 6.08102213802876, 48.631003851633849 ], [ 6.08104403596918, 48.631363178614855 ], [ 6.080772987592558, 48.631370435856553 ], [ 6.080794884045866, 48.6317297628988 ], [ 6.079710681783618, 48.631758785859553 ] ] ] } },
{ "type": "Feature", "properties": { "surface_ha": 43.76 }, "geometry": { "type": "Polygon", "coordinates": [ [ [ 6.069314146265279, 48.634915872101544 ], [ 6.069292328890412, 48.634556541385948 ], [ 6.069021260417766, 48.634563771323073 ], [ 6.069010352851422, 48.63438410590868 ], [ 6.068739285230912, 48.634391335163286 ], [ 6.06872837873185, 48.634211669696001 ], [ 6.06764411101307, 48.634240580161325 ], [ 6.067655013673304, 48.634420245810169 ], [ 6.067383945515056, 48.634427471879036 ], [ 6.067373043814534, 48.634247806184824 ], [ 6.066830909094914, 48.634262256320326 ], [ 6.066809109855217, 48.633902924728005 ], [ 6.067351240736039, 48.633888474773975 ], [ 6.067340339358067, 48.633708809057374 ], [ 6.068424595990736, 48.633679901685255 ], [ 6.068413690881592, 48.633500236142744 ], [ 6.068684753811237, 48.633493007752307 ], [ 6.068673847849987, 48.633313342247725 ], [ 6.06731853692466, 48.633349477601755 ], [ 6.067307635869224, 48.633169811862757 ], [ 6.067036574321243, 48.633177036976818 ], [ 6.067025674332961, 48.632997371184985 ], [ 6.066754613637127, 48.633004595616548 ], [ 6.066732815902329, 48.632645263919727 ], [ 6.066461757018276, 48.632652487623474 ], [ 6.066450859271729, 48.632472821718501 ], [ 6.066179801239816, 48.632480044739744 ], [ 6.066147111523832, 48.631941046844013 ], [ 6.065876056263269, 48.631948269092071 ], [ 6.065843370393173, 48.631409270993075 ], [ 6.065572317903891, 48.631416492467991 ], [ 6.065561423788316, 48.631236826374717 ], [ 6.065290372151152, 48.631244047167193 ], [ 6.065301265307168, 48.631423713305814 ], [ 6.065030212603013, 48.63143093350655 ], [ 6.065008428317528, 48.631071601131168 ], [ 6.064737377425069, 48.631078820604131 ], [ 6.064759159791442, 48.631438153070214 ], [ 6.064488106872456, 48.63144537199679 ], [ 6.064444546407549, 48.630726706853437 ], [ 6.063902447923798, 48.630741142432676 ], [ 6.063837121962361, 48.629663143949969 ], [ 6.064108165500897, 48.629655926750843 ], [ 6.064119053852187, 48.629835593137955 ], [ 6.064390098242824, 48.629828375256459 ], [ 6.064379208932054, 48.629648708914686 ], [ 6.064650252255823, 48.629641490441493 ], [ 6.064661142526073, 48.629821156737918 ], [ 6.06493218670192, 48.629813937582327 ], [ 6.064877731627344, 48.628915606252249 ], [ 6.064064613169512, 48.628937261127838 ], [ 6.064075501091293, 48.629116927544764 ], [ 6.06244925552012, 48.62916022036805 ], [ 6.062460137792534, 48.629339887049433 ], [ 6.061375968094071, 48.629368736372065 ], [ 6.061386846635914, 48.629548403227162 ], [ 6.061115802983593, 48.629555614010499 ], [ 6.061126680673231, 48.629735280903425 ], [ 6.060313546194195, 48.629756909566964 ], [ 6.060302671383025, 48.629577242538211 ], [ 6.060031627301665, 48.629584450773336 ], [ 6.060042501153347, 48.62976411784738 ], [ 6.059771456005259, 48.629771325490744 ], [ 6.059782329004675, 48.629950992602588 ], [ 6.059511282789855, 48.629958199654169 ], [ 6.059554772021723, 48.63067686820812 ], [ 6.059012671594202, 48.630691280762122 ], [ 6.059023542251123, 48.630870947972483 ], [ 6.058752490916992, 48.630878153339147 ], [ 6.058763360721556, 48.631057820587309 ], [ 6.059034413015254, 48.631050615175418 ], [ 6.059056154865143, 48.631409949558908 ], [ 6.059327208970783, 48.631402743419414 ], [ 6.05934895316871, 48.631762077682573 ], [ 6.059620009086317, 48.631754870815463 ], [ 6.059630882305729, 48.631934537890608 ], [ 6.059901939075708, 48.631927330341135 ], [ 6.059934562256225, 48.632466331386034 ], [ 6.060205621797838, 48.63245912306364 ], [ 6.060216497365482, 48.632638790018412 ], [ 6.060487557759478, 48.632631581013648 ], [ 6.06050931113586, 48.632990914810293 ], [ 6.060780373341897, 48.632983705077812 ], [ 6.060791251150661, 48.633163371919686 ], [ 6.061062314209083, 48.633156161504786 ], [ 6.061084072067827, 48.633515495075606 ], [ 6.060813007090041, 48.633522705581058 ], [ 6.060823885220658, 48.633702372400549 ], [ 6.060552819175889, 48.633709582314147 ], [ 6.060563696454084, 48.633889249171474 ], [ 6.059479427363491, 48.633918082635482 ], [ 6.059468553924137, 48.63373841559708 ], [ 6.058655353859279, 48.633760033869265 ], [ 6.058644483406278, 48.63358036668761 ], [ 6.058373417463269, 48.633587571458783 ], [ 6.058362548077179, 48.633407904224455 ], [ 6.058091482986667, 48.633415108313251 ], [ 6.058069746455451, 48.633055773731712 ], [ 6.059153998496794, 48.633026953915703 ], [ 6.059143126553288, 48.632847286794771 ], [ 6.058872064663431, 48.632854492659199 ], [ 6.058861193786806, 48.632674825485537 ], [ 6.058590132749399, 48.632682030667603 ], [ 6.058601002666363, 48.632861697886518 ], [ 6.057787816031972, 48.632883309745694 ], [ 6.057766082063191, 48.632523975028974 ], [ 6.057495021556684, 48.632531177617302 ], [ 6.057484155692697, 48.632351510202525 ], [ 6.05667097640918, 48.632373114009106 ], [ 6.056660113531274, 48.632193446451211 ], [ 6.056117995392531, 48.632207845712877 ], [ 6.056107134541028, 48.632028178057077 ], [ 6.055836076270614, 48.63203537668705 ], [ 6.055814356808185, 48.631676041262686 ], [ 6.055001187112113, 48.631697633058671 ], [ 6.055012043910919, 48.631877300910176 ], [ 6.054469928325582, 48.631891692345675 ], [ 6.0544156549983, 48.630993352561703 ], [ 6.056041971681314, 48.630950171965871 ], [ 6.056063692206119, 48.631309507359397 ], [ 6.056334746530977, 48.631302308273185 ], [ 6.056345607913637, 48.63148197591358 ], [ 6.057158773124252, 48.63146037469668 ], [ 6.05716963749284, 48.631640042193958 ], [ 6.057711749016737, 48.63162563810674 ], [ 6.05772261541169, 48.631805305506077 ], [ 6.058264728426133, 48.631790898779997 ], [ 6.058210387927143, 48.630892562161165 ], [ 6.057939336271444, 48.63089976561654 ], [ 6.057906736136862, 48.630360763420114 ], [ 6.058177784913914, 48.630353560100446 ], [ 6.058156050107642, 48.629994225356029 ], [ 6.058427096858467, 48.629987021489782 ], [ 6.058416228656581, 48.629807354151644 ], [ 6.058687274340716, 48.62980014969358 ], [ 6.058676405286512, 48.629620482393243 ], [ 6.058947449903959, 48.62961327734336 ], [ 6.058936579997454, 48.629433610080817 ], [ 6.059207623548215, 48.629426404439151 ], [ 6.059196752789429, 48.629246737214395 ], [ 6.059467795273505, 48.629239530980939 ], [ 6.05942430947259, 48.628520862188466 ], [ 6.059153270826327, 48.628528068240925 ], [ 6.059120660479602, 48.627989066432526 ], [ 6.058849624604401, 48.627996271712178 ], [ 6.058827886828028, 48.627636937045494 ], [ 6.05855685276444, 48.627644141597642 ], [ 6.058545984996414, 48.627464474207855 ], [ 6.058817018100617, 48.627457269700969 ], [ 6.05880614948039, 48.62727760234899 ], [ 6.059077181518037, 48.627270397250371 ], [ 6.059066312045624, 48.627090729936171 ], [ 6.059879404637297, 48.627069110954032 ], [ 6.059890276987797, 48.627248778132433 ], [ 6.060432340098225, 48.627234362202152 ], [ 6.060421465829009, 48.627054695114289 ], [ 6.060963526591777, 48.627040276726575 ], [ 6.060952650511104, 48.62686060972181 ], [ 6.061494708926162, 48.626846188876677 ], [ 6.061472953249258, 48.626486855025931 ], [ 6.061743980377226, 48.626479643738456 ], [ 6.061733101740365, 48.626299976847214 ], [ 6.06254617960263, 48.626278339298821 ], [ 6.062535298195142, 48.626098672535988 ], [ 6.062806322975331, 48.626091458791223 ], [ 6.062784558563694, 48.625732125333791 ], [ 6.063055581318006, 48.625724911042667 ], [ 6.063044698313886, 48.625545244348089 ], [ 6.062773676518846, 48.625552458593887 ], [ 6.062751912751074, 48.625193125091712 ], [ 6.063022932627606, 48.625185910936523 ], [ 6.063033815417086, 48.625365577646036 ], [ 6.063575856766684, 48.625351147334158 ], [ 6.063586741582, 48.625530813945595 ], [ 6.064128784420761, 48.625516380995272 ], [ 6.064096124541348, 48.624977381410559 ], [ 6.064367142921968, 48.624970164115958 ], [ 6.064356255550979, 48.624790497618115 ], [ 6.064898290071675, 48.624776061208756 ], [ 6.064909179361108, 48.624955727615927 ], [ 6.06518019741961, 48.624948508410519 ], [ 6.065191087775651, 48.625128174764868 ], [ 6.064920068757922, 48.625135394015643 ], [ 6.064930958262117, 48.625315060407878 ], [ 6.064659938177762, 48.625322279067028 ], [ 6.064670826830088, 48.625501945497149 ], [ 6.064941847873699, 48.625494726792667 ], [ 6.064952737592663, 48.625674393169987 ], [ 6.064410693479555, 48.625688830032679 ], [ 6.064421581387365, 48.625868496493233 ], [ 6.063608511534646, 48.625890147146066 ], [ 6.06361939667198, 48.626069813735107 ], [ 6.06443246940255, 48.626048162946304 ], [ 6.064443357525102, 48.626227829391915 ], [ 6.064714382513182, 48.626220611143054 ], [ 6.064768829533143, 48.627118943032606 ], [ 6.065039859210426, 48.627111723920066 ], [ 6.065018078161627, 48.626752391277314 ], [ 6.065831160793089, 48.626730730389909 ], [ 6.065820267551841, 48.62655106419335 ], [ 6.066091293921517, 48.626543842668951 ], [ 6.066102188122074, 48.626723508820135 ], [ 6.066373215343629, 48.626716286613387 ], [ 6.066384110610938, 48.626895952711763 ], [ 6.066655138684368, 48.626888729822689 ], [ 6.066676931459981, 48.627248061906293 ], [ 6.066947961344618, 48.627240838289502 ], [ 6.066958858852953, 48.627420504274752 ], [ 6.06722988958947, 48.62741327997562 ], [ 6.067284383540016, 48.628311609563056 ], [ 6.067013348006645, 48.628318834089065 ], [ 6.067024246159799, 48.628498500029558 ], [ 6.06675320955955, 48.628505723963904 ], [ 6.06677500426945, 48.628865055913217 ], [ 6.066503965642904, 48.628872279301305 ], [ 6.066514862199623, 48.629051945310131 ], [ 6.066785901785598, 48.629044721876689 ], [ 6.066796799409217, 48.629224387832686 ], [ 6.067067839847163, 48.629217163716838 ], [ 6.0670787385377, 48.629396829620013 ], [ 6.068162903052366, 48.629367926604814 ], [ 6.0681738056882, 48.629547592318993 ], [ 6.067902763761336, 48.629554819073725 ], [ 6.067935469435556, 48.630093816307649 ], [ 6.067393379502468, 48.63010826817829 ], [ 6.067404279689919, 48.630287933998794 ], [ 6.067133233602632, 48.630295159023909 ], [ 6.06715503238101, 48.630654490733242 ], [ 6.066883984267216, 48.63066171521205 ], [ 6.066905781556503, 48.631021046982262 ], [ 6.066363681168357, 48.631035494210174 ], [ 6.066385475049384, 48.631394826132052 ], [ 6.067198631227665, 48.631373154062373 ], [ 6.067209531208066, 48.631552819875971 ], [ 6.067480584012074, 48.631545594533186 ], [ 6.067491485059544, 48.631725260293997 ], [ 6.068033592264164, 48.631710807606439 ], [ 6.068044495338293, 48.631890473268996 ], [ 6.068857658217466, 48.631868789323356 ], [ 6.068868564277872, 48.632048454842263 ], [ 6.069139619315411, 48.632041225540796 ], [ 6.069150526442963, 48.632220891006817 ], [ 6.069421582332522, 48.632213661022867 ], [ 6.06943249052724, 48.632393326436016 ], [ 6.071058829362669, 48.632349932880793 ], [ 6.071037001565752, 48.63199060259209 ], [ 6.071308055742486, 48.631983368193922 ], [ 6.071286226456976, 48.631624037966205 ], [ 6.071015174199373, 48.631631272273495 ], [ 6.071004260677626, 48.631451607103003 ], [ 6.069649002573102, 48.631487768856161 ], [ 6.069638093956711, 48.631308103451119 ], [ 6.069909144833271, 48.631300872420027 ], [ 6.069898235364922, 48.631121207052907 ], [ 6.070440334876187, 48.631106743170392 ], [ 6.070451246263609, 48.63128640844667 ], [ 6.070722296817369, 48.631279175504403 ], [ 6.070700472231077, 48.630919845035194 ], [ 6.070971520758161, 48.630912611546705 ], [ 6.070982433957022, 48.631092276739594 ], [ 6.071524532607353, 48.631077807760562 ], [ 6.07151361748945, 48.630898142658516 ], [ 6.072055713790157, 48.630883671222094 ], [ 6.072033880039266, 48.630524341177413 ], [ 6.072575972071315, 48.630509867374549 ], [ 6.072586890811922, 48.630689532309731 ], [ 6.07285793762593, 48.630682294407286 ], [ 6.072868857433726, 48.630861959289518 ], [ 6.073139905099543, 48.630854720704519 ], [ 6.073128984332246, 48.630675055867769 ], [ 6.073671077421772, 48.630660576877588 ], [ 6.073682000108072, 48.630840241623432 ], [ 6.073410952657662, 48.630847481482512 ], [ 6.073421874492172, 48.631027146266362 ], [ 6.073150825974543, 48.631034385533873 ], [ 6.073161746957243, 48.631214050355716 ], [ 6.072890697372391, 48.631221289031615 ], [ 6.072912537741831, 48.63158061874384 ], [ 6.072641486130205, 48.631587856873587 ], [ 6.072663325011321, 48.631947186646826 ], [ 6.072392271372898, 48.631954424230422 ], [ 6.072403190015416, 48.632134089151293 ], [ 6.072674244613415, 48.632126851522251 ], [ 6.072707004065843, 48.632665846103706 ], [ 6.072435946589074, 48.632673083869136 ], [ 6.072468704131907, 48.63321207851974 ], [ 6.07219764366859, 48.63321931578438 ], [ 6.072219480649639, 48.633578645605049 ], [ 6.07249054303224, 48.633571408249473 ], [ 6.072512382363349, 48.633930737949342 ], [ 6.072783446557581, 48.633923499865716 ], [ 6.072805288238829, 48.634282829444793 ], [ 6.072263155903947, 48.634297305156707 ], [ 6.072274074986743, 48.634476970025958 ], [ 6.070647669639657, 48.634520382143101 ], [ 6.070658583071884, 48.634700047277526 ], [ 6.069574306848832, 48.634728976127796 ], [ 6.069585216549789, 48.634908641436446 ], [ 6.069314146265279, 48.634915872101544 ] ], [ [ 6.069508850902582, 48.633650984119129 ], [ 6.069779914361594, 48.633643753134784 ], [ 6.069769004454126, 48.633464087819284 ], [ 6.069497941954776, 48.633471318758211 ], [ 6.069508850902582, 48.633650984119129 ] ], [ [ 6.070050977713008, 48.633636521513296 ], [ 6.070322040956814, 48.633629289254692 ], [ 6.070311129130027, 48.63344962403005 ], [ 6.07004006684588, 48.633456856243228 ], [ 6.070050977713008, 48.633636521513296 ] ], [ [ 6.059435934249501, 48.633199414437101 ], [ 6.059706997844239, 48.633192207207877 ], [ 6.059696123874158, 48.633012540184922 ], [ 6.059425061239094, 48.633019747368884 ], [ 6.059435934249501, 48.633199414437101 ] ], [ [ 6.067784343052239, 48.632077365677169 ], [ 6.06805539851995, 48.632070138924071 ], [ 6.068044495338293, 48.631890473268996 ], [ 6.067773440830166, 48.631897699976697 ], [ 6.067784343052239, 48.632077365677169 ] ], [ [ 6.067122334374673, 48.630115493158037 ], [ 6.067393379502468, 48.63010826817829 ], [ 6.067382479422515, 48.629928602350361 ], [ 6.067111435254206, 48.629935827284747 ], [ 6.067122334374673, 48.630115493158037 ] ], [ [ 6.060302671383025, 48.629577242538211 ], [ 6.060573715357137, 48.629570033666027 ], [ 6.060519338112618, 48.628671698636701 ], [ 6.060790377182175, 48.628664489353852 ], [ 6.06077950109559, 48.628484822370908 ], [ 6.061050539098456, 48.628477612496312 ], [ 6.061039662159708, 48.628297945551175 ], [ 6.0615817359248, 48.628283523981494 ], [ 6.061570857174494, 48.628103857119484 ], [ 6.060757749244186, 48.628125488382643 ], [ 6.060746873479364, 48.627945821377338 ], [ 6.060204802908351, 48.627960238943785 ], [ 6.060193929169572, 48.627780571840468 ], [ 6.059651860088423, 48.627794986768329 ], [ 6.059706220260495, 48.628693322663054 ], [ 6.059977259651768, 48.628686115291288 ], [ 6.059988132967284, 48.628865782402613 ], [ 6.060259173210773, 48.628858574348577 ], [ 6.060280922082412, 48.629217908458315 ], [ 6.060009879920005, 48.629225116602875 ], [ 6.060020753557217, 48.629404783691818 ], [ 6.060291796679096, 48.629397575501976 ], [ 6.060302671383025, 48.629577242538211 ] ], [ [ 6.065452488541454, 48.629440165031745 ], [ 6.065723530476113, 48.629432944055708 ], [ 6.065712636582829, 48.629253277925727 ], [ 6.065441595607627, 48.629260498856397 ], [ 6.065452488541454, 48.629440165031745 ] ], [ [ 6.065170554525, 48.629267719150043 ], [ 6.065441595607627, 48.629260498856397 ], [ 6.065430702781219, 48.629080832673594 ], [ 6.065159662658043, 48.629088052921915 ], [ 6.065170554525, 48.629267719150043 ] ], [ [ 6.065712636582829, 48.629253277925727 ], [ 6.065983677450597, 48.629246056358014 ], [ 6.065972782705303, 48.629066390265926 ], [ 6.065701742796978, 48.629073611788279 ], [ 6.065712636582829, 48.629253277925727 ] ], [ [ 6.065094313711907, 48.628010055396437 ], [ 6.065907416489743, 48.627988393556741 ], [ 6.065874734832323, 48.627449395101436 ], [ 6.065603703558569, 48.627456616215611 ], [ 6.065614596377588, 48.627636282420191 ], [ 6.065343564037054, 48.627643502942739 ], [ 6.065354456004122, 48.627823169185213 ], [ 6.065083422596807, 48.627830389116085 ], [ 6.065094313711907, 48.628010055396437 ] ], [ [ 6.061831013334287, 48.62791697860024 ], [ 6.062373082618046, 48.627902553389625 ], [ 6.062362201204139, 48.627722886648591 ], [ 6.061820133839154, 48.627737311768612 ], [ 6.061831013334287, 48.62791697860024 ] ], [ [ 6.066698724665418, 48.627607393960062 ], [ 6.066969756468754, 48.627600170252549 ], [ 6.066958858852953, 48.627420504274752 ], [ 6.066687828008972, 48.627427727936919 ], [ 6.066698724665418, 48.627607393960062 ] ], [ [ 6.06288250179652, 48.627349125657346 ], [ 6.0634245644655, 48.62733469562253 ], [ 6.063413679536093, 48.627155029040374 ], [ 6.062871618785818, 48.627169458984547 ], [ 6.06288250179652, 48.627349125657346 ] ], [ [ 6.063695595638983, 48.627327479649651 ], [ 6.063966626705112, 48.627320263039756 ], [ 6.063955739857001, 48.627140596548251 ], [ 6.063684709750223, 48.627147813112799 ], [ 6.063695595638983, 48.627327479649651 ] ], [ [ 6.064508688515276, 48.627305827908998 ], [ 6.064779719259294, 48.627298609388106 ], [ 6.064768829533143, 48.627118943032606 ], [ 6.064497799748471, 48.627126161508137 ], [ 6.064508688515276, 48.627305827908998 ] ], [ [ 6.06438891798603, 48.625329497089233 ], [ 6.064659938177762, 48.625322279067028 ], [ 6.064649049632802, 48.625142612629446 ], [ 6.064378030400317, 48.625149830606318 ], [ 6.06438891798603, 48.625329497089233 ] ] ] } },
{ "type": "Feature", "properties": { "surface_ha": 3.4 }, "geometry": { "type": "Polygon", "coordinates": [ [ [ 6.061104039411121, 48.62487706257145 ], [ 6.061093163658169, 48.624697395522496 ], [ 6.061364181300682, 48.624690185324845 ], [ 6.061353304695756, 48.624510518313727 ], [ 6.060811271221926, 48.624524937981533 ], [ 6.060800396642677, 48.624345270872396 ], [ 6.059987348505332, 48.62436689546125 ], [ 6.059998220206931, 48.624546562706186 ], [ 6.059727202987506, 48.624553769673859 ], [ 6.059716332245123, 48.624374102383669 ], [ 6.059174299403126, 48.624388514317673 ], [ 6.059152562076777, 48.624029179533906 ], [ 6.058881547413423, 48.62403638445501 ], [ 6.058870679870204, 48.623856717006703 ], [ 6.058328652140399, 48.623871124847632 ], [ 6.058317786622719, 48.623691457301398 ], [ 6.058046773556283, 48.623698660221244 ], [ 6.058025044760702, 48.623339325015912 ], [ 6.057754033505484, 48.623346527208355 ], [ 6.057732307056748, 48.622987191882764 ], [ 6.058003316393653, 48.62297998978076 ], [ 6.058014180523613, 48.623159657402063 ], [ 6.05828519071254, 48.623152454617916 ], [ 6.058296055908792, 48.623332122186532 ], [ 6.058838077883532, 48.623317714617038 ], [ 6.058848945105261, 48.623497382087692 ], [ 6.058577933212299, 48.623504586236159 ], [ 6.058588799582012, 48.623684253744642 ], [ 6.059130825179126, 48.623669844720332 ], [ 6.059141693574363, 48.623849512130825 ], [ 6.059412707171348, 48.623842306618052 ], [ 6.059401837816928, 48.623662639252792 ], [ 6.060756899398021, 48.623626602361362 ], [ 6.060746025354935, 48.623446935214936 ], [ 6.061559058139421, 48.623425305572916 ], [ 6.061580812087841, 48.623784639586567 ], [ 6.061851824719836, 48.623777428341477 ], [ 6.061830068853086, 48.623418094418405 ], [ 6.062372089958605, 48.623403670198655 ], [ 6.062393849662012, 48.623763003940567 ], [ 6.062664861972175, 48.623755790784742 ], [ 6.062675742943985, 48.62393545759921 ], [ 6.063217769160761, 48.62392102928618 ], [ 6.063239535263031, 48.624280362711517 ], [ 6.062426490021782, 48.624302004497515 ], [ 6.062437370356285, 48.624481671334927 ], [ 6.062708386503211, 48.624474457997891 ], [ 6.06271926790422, 48.624654124782523 ], [ 6.061906216263933, 48.624675763018736 ], [ 6.061917094894571, 48.624855429931827 ], [ 6.061104039411121, 48.62487706257145 ] ] ] } },
{ "type": "Feature", "properties": { "surface_ha": 3.36 }, "geometry": { "type": "Polygon", "coordinates": [ [ [ 6.150301698289486, 48.614371348822182 ], [ 6.1502905100709, 48.614191696639139 ], [ 6.149748632757572, 48.614206532516782 ], [ 6.14973744656598, 48.614026880233041 ], [ 6.149195570728221, 48.614041713471295 ], [ 6.149184386563584, 48.613862061086849 ], [ 6.14728782436709, 48.613913957043557 ], [ 6.147276647021059, 48.613734304325668 ], [ 6.146734773032565, 48.613749125919838 ], [ 6.146723597713397, 48.613569473101307 ], [ 6.146452661512217, 48.613576882897043 ], [ 6.146430313121035, 48.613217577144241 ], [ 6.146159378726336, 48.613224986210398 ], [ 6.146137032692404, 48.612865680334323 ], [ 6.145866100104162, 48.612873088670902 ], [ 6.14585492821071, 48.612693435674984 ], [ 6.146938654069595, 48.612663798695671 ], [ 6.146949829796201, 48.612843451505448 ], [ 6.147491693981197, 48.612828629103568 ], [ 6.147469338805044, 48.612469323662602 ], [ 6.147198408684197, 48.612476735088698 ], [ 6.147187232219677, 48.612297082310356 ], [ 6.147458161382259, 48.612289670930778 ], [ 6.147446984069665, 48.61211001819138 ], [ 6.147988840147742, 48.612095193615772 ], [ 6.148000019376844, 48.612274846262046 ], [ 6.149354662434455, 48.61223777345127 ], [ 6.149365846565053, 48.612417425857224 ], [ 6.14990770493287, 48.612402592184189 ], [ 6.149918891090247, 48.612582244489403 ], [ 6.148564239552472, 48.612619324130989 ], [ 6.14858660261529, 48.612978629184418 ], [ 6.148044737395357, 48.612993456771626 ], [ 6.148055917175523, 48.613173109380121 ], [ 6.148326850798899, 48.613165695858235 ], [ 6.148349212606506, 48.613525000959477 ], [ 6.149432953664117, 48.613495340134072 ], [ 6.149444138566555, 48.613674992487084 ], [ 6.149715074513631, 48.613667575642815 ], [ 6.149726260484665, 48.613847227941704 ], [ 6.149997197279792, 48.613839810414312 ], [ 6.150008384319443, 48.614019462659051 ], [ 6.150550259495486, 48.614004625601474 ], [ 6.150561448562116, 48.614184277745494 ], [ 6.150832386943023, 48.614176858215295 ], [ 6.150843577078312, 48.61435651030515 ], [ 6.150301698289486, 48.614371348822182 ] ] ] } },
{ "type": "Feature", "properties": { "surface_ha": 2.08 }, "geometry": { "type": "Polygon", "coordinates": [ [ [ 6.073792196382498, 48.61032222954978 ], [ 6.073759451083456, 48.609783233417147 ], [ 6.073488516368572, 48.609790471141494 ], [ 6.073466688624027, 48.60943114025816 ], [ 6.073737621422136, 48.609423902624719 ], [ 6.073726706752886, 48.609244237217318 ], [ 6.074268570109539, 48.609229760131612 ], [ 6.074257653631169, 48.609050094807642 ], [ 6.074528584189707, 48.609042855355398 ], [ 6.074517666860605, 48.608863190069421 ], [ 6.075330455015359, 48.608841468029688 ], [ 6.075319534918875, 48.608661802872646 ], [ 6.075590463130152, 48.608654560965086 ], [ 6.075601384184974, 48.608834226076659 ], [ 6.076143242201194, 48.608819740260905 ], [ 6.076154165280367, 48.608999405274041 ], [ 6.076696024782525, 48.608984916821036 ], [ 6.076728800416322, 48.609523911542624 ], [ 6.076457867844019, 48.609531156223895 ], [ 6.076479716888335, 48.609890486091913 ], [ 6.076208782291562, 48.609897730227594 ], [ 6.07619785867394, 48.609718065251812 ], [ 6.075926924927863, 48.6097253087054 ], [ 6.075894157596261, 48.609186313596815 ], [ 6.075352295531303, 48.609200798321375 ], [ 6.075374136477887, 48.609560128583169 ], [ 6.075645069480938, 48.609552886448213 ], [ 6.075655991074105, 48.609732551522413 ], [ 6.074301320190393, 48.609768756058706 ], [ 6.074334071239887, 48.610307751918604 ], [ 6.073792196382498, 48.61032222954978 ] ] ] } },
{ "type": "Feature", "properties": { "surface_ha": 2.28 }, "geometry": { "type": "Polygon", "coordinates": [ [ [ 6.160994781006191, 48.607419585280319 ], [ 6.160983557590764, 48.607239934730359 ], [ 6.160712658969663, 48.60724737735616 ], [ 6.160690214386586, 48.606888076140095 ], [ 6.160148420644266, 48.606902959295695 ], [ 6.160159640964628, 48.60708261000098 ], [ 6.159888742969624, 48.607090050670934 ], [ 6.159877523607196, 48.606910399918938 ], [ 6.159606626459532, 48.606917839905805 ], [ 6.159595408165623, 48.606738189099516 ], [ 6.159324511865302, 48.606745628403282 ], [ 6.159313294639896, 48.606565977542701 ], [ 6.159042399186916, 48.6065734161634 ], [ 6.159053615454405, 48.606753067070699 ], [ 6.158782718932944, 48.606760505101747 ], [ 6.158771503623377, 48.606580854147744 ], [ 6.158229712164644, 48.606595728207303 ], [ 6.15821849888146, 48.606416077152375 ], [ 6.157947603944201, 48.606423513180893 ], [ 6.157936391729457, 48.606243862071643 ], [ 6.158207285708811, 48.606236426089822 ], [ 6.158196072646692, 48.606056775019702 ], [ 6.159279643627108, 48.606027024915548 ], [ 6.159268426843987, 48.605847374024663 ], [ 6.159810209755059, 48.605832495247874 ], [ 6.159821428453942, 48.606012146045323 ], [ 6.160634104864761, 48.605989822967345 ], [ 6.160645326547889, 48.606169473617037 ], [ 6.160916219421493, 48.606162031271595 ], [ 6.160927442173132, 48.606341681867001 ], [ 6.161198335893997, 48.606334238838485 ], [ 6.161220783644971, 48.606693539913067 ], [ 6.161491679171008, 48.606686096154711 ], [ 6.161536579832369, 48.607404698026059 ], [ 6.160994781006191, 48.607419585280319 ] ] ] } },
{ "type": "Feature", "properties": { "surface_ha": 1.08 }, "geometry": { "type": "Polygon", "coordinates": [ [ [ 6.166141851976507, 48.607278053589795 ], [ 6.16613061036032, 48.607098403928575 ], [ 6.165859713842889, 48.607105858645461 ], [ 6.165848473295426, 48.606926208929821 ], [ 6.165306681843993, 48.606941116360915 ], [ 6.165295443323144, 48.6067614665441 ], [ 6.164753653344393, 48.606776371336139 ], [ 6.164742416850125, 48.606596721418157 ], [ 6.1644715226525, 48.606604172812858 ], [ 6.164460287226888, 48.606424522840513 ], [ 6.164189393876403, 48.606431973552063 ], [ 6.164178159519423, 48.606252323525339 ], [ 6.163907267016083, 48.606259773553752 ], [ 6.16389603372772, 48.60608012347268 ], [ 6.164166925273187, 48.60607267349102 ], [ 6.164155691137688, 48.60589302344917 ], [ 6.164697471980663, 48.605878121670429 ], [ 6.164686236040193, 48.60569847171454 ], [ 6.165228014524437, 48.605683567484007 ], [ 6.165250490347562, 48.60604286720104 ], [ 6.164979599245109, 48.606050319728027 ], [ 6.165002073595592, 48.606409619508334 ], [ 6.165272966613793, 48.606402166887719 ], [ 6.165284204913079, 48.606581816719711 ], [ 6.165825992532908, 48.606566909475809 ], [ 6.165837232858767, 48.606746559206599 ], [ 6.16610812746038, 48.606739104583319 ], [ 6.166119368854941, 48.606918754259731 ], [ 6.166390264303645, 48.606911298953278 ], [ 6.166401506766935, 48.607090948575276 ], [ 6.166672403062727, 48.607083492585659 ], [ 6.166683646594757, 48.607263142153265 ], [ 6.166141851976507, 48.607278053589795 ] ] ] } },
{ "type": "Feature", "properties": { "surface_ha": 32.41 }, "geometry": { "type": "Polygon", "coordinates": [ [ [ 6.053916247427154, 48.618229715572468 ], [ 6.053905399720878, 48.618050047109797 ], [ 6.053634415738115, 48.618057239030257 ], [ 6.053580183605495, 48.617158896379379 ], [ 6.053851162793861, 48.61715170468478 ], [ 6.053840315729322, 48.616972036177437 ], [ 6.053569337499809, 48.616979227826867 ], [ 6.05337412588328, 48.613745192608519 ], [ 6.053645086855089, 48.613738001771985 ], [ 6.053623396896645, 48.613378664466893 ], [ 6.053352437842174, 48.613385855213131 ], [ 6.053276533066069, 48.612128174094735 ], [ 6.053818437647347, 48.612113792597818 ], [ 6.053796747696306, 48.611754455249041 ], [ 6.053254846949356, 48.611768836565318 ], [ 6.053233161260255, 48.611409499006136 ], [ 6.053504109770058, 48.611402308756631 ], [ 6.053493266127311, 48.611222640011043 ], [ 6.05322231857606, 48.611229830215386 ], [ 6.053113897613312, 48.609433141898286 ], [ 6.053384835579587, 48.609425952145472 ], [ 6.053373993112761, 48.609246283317979 ], [ 6.053103056104934, 48.609253473025646 ], [ 6.053070532221096, 48.608714466363004 ], [ 6.053341466353642, 48.608707276790796 ], [ 6.053352308499789, 48.608886945640613 ], [ 6.053894178361033, 48.608872564496075 ], [ 6.05388333429805, 48.608692895736546 ], [ 6.0541542681099, 48.608685704254569 ], [ 6.054132578387862, 48.608326366803468 ], [ 6.053861646492815, 48.608333558195135 ], [ 6.05387249034198, 48.608513226969578 ], [ 6.053330624314381, 48.608527607933496 ], [ 6.053319782382009, 48.608347939068778 ], [ 6.053048850166275, 48.608355128550684 ], [ 6.052994646899557, 48.607456783889631 ], [ 6.053265574323438, 48.607449594633444 ], [ 6.053276415721387, 48.607629263535394 ], [ 6.05354734399674, 48.607622073597497 ], [ 6.053579871706989, 48.608161080123224 ], [ 6.05466359523979, 48.608132313463969 ], [ 6.05469613541283, 48.60867131938074 ], [ 6.054425201814827, 48.608678512135938 ], [ 6.054446893881374, 48.609037849466887 ], [ 6.054717829396207, 48.609030656621364 ], [ 6.054706982351049, 48.608850988004775 ], [ 6.055519785378621, 48.608829405784078 ], [ 6.055530635299032, 48.609009074265131 ], [ 6.055259700105045, 48.609016269020479 ], [ 6.055270549173997, 48.609195937539255 ], [ 6.054999612914625, 48.609203131703161 ], [ 6.055010461132101, 48.609382800259695 ], [ 6.054739523807339, 48.609389993832174 ], [ 6.054750371173321, 48.609569662426431 ], [ 6.054479432783166, 48.609576855407468 ], [ 6.054490279297632, 48.609756524039447 ], [ 6.055032157887909, 48.609742137350381 ], [ 6.055043006426243, 48.609921805884554 ], [ 6.055313946519418, 48.609914611539928 ], [ 6.055335645833915, 48.610273948495539 ], [ 6.055606587737082, 48.610266753423922 ], [ 6.055617438513273, 48.610446421845388 ], [ 6.055888381267953, 48.610439226091955 ], [ 6.055910085058283, 48.610798562822154 ], [ 6.056722918431367, 48.610776971470862 ], [ 6.056744628400786, 48.611136307900118 ], [ 6.057015574561491, 48.611129109419302 ], [ 6.057026430665261, 48.611308777577527 ], [ 6.057297377677469, 48.611301578414896 ], [ 6.057308234846815, 48.611481246520476 ], [ 6.057579182710517, 48.611474046675959 ], [ 6.057590040945454, 48.611653714728881 ], [ 6.057860989660654, 48.611646514202491 ], [ 6.057882708368811, 48.612005850195537 ], [ 6.058153658894065, 48.611998648942055 ], [ 6.058164519367315, 48.612178316882172 ], [ 6.058435470744067, 48.61217111494679 ], [ 6.058446332282975, 48.612350782834248 ], [ 6.058717284511221, 48.612343580216972 ], [ 6.058739009827495, 48.612702915879034 ], [ 6.059009963865831, 48.612695712534617 ], [ 6.058999100195546, 48.612516044752567 ], [ 6.059270053168176, 48.61250884081673 ], [ 6.059259188646412, 48.612329173072403 ], [ 6.059530140553338, 48.612321968545153 ], [ 6.059519275180114, 48.612142300838663 ], [ 6.059790226021339, 48.612135095719978 ], [ 6.059779359796672, 48.611955428051282 ], [ 6.060321259240588, 48.611941015994439 ], [ 6.060364732450681, 48.612659686262433 ], [ 6.060093778947985, 48.612666892790216 ], [ 6.060104646559796, 48.612846560383858 ], [ 6.059833691991351, 48.612853766320228 ], [ 6.059877159675581, 48.613572436801185 ], [ 6.060148118078528, 48.613565230683825 ], [ 6.060158986226093, 48.613744898240164 ], [ 6.060700904627811, 48.613730484004819 ], [ 6.060690034562954, 48.613550816538975 ], [ 6.060419076374323, 48.613558023929755 ], [ 6.060408207375273, 48.613378356411197 ], [ 6.060137250038117, 48.613385563120012 ], [ 6.060126382104861, 48.613205895548745 ], [ 6.060397338483388, 48.613198688885191 ], [ 6.060375601021096, 48.612839353810799 ], [ 6.06064655537523, 48.612832146601079 ], [ 6.060657425011406, 48.613011814096737 ], [ 6.061199335315388, 48.612997397676743 ], [ 6.061210206975966, 48.61317706507441 ], [ 6.061481162925793, 48.613169855864093 ], [ 6.061513781426562, 48.613708857876567 ], [ 6.060971863667915, 48.613723275932102 ], [ 6.0609827347986, 48.613902943345231 ], [ 6.06044081469391, 48.613917358944505 ], [ 6.060451684014451, 48.614097026440696 ], [ 6.060993606036469, 48.614082610750863 ], [ 6.061004477381527, 48.614262278149091 ], [ 6.060733515465433, 48.614269486357614 ], [ 6.060744385958992, 48.614449153793657 ], [ 6.060202459887909, 48.614463568391109 ], [ 6.060191591311718, 48.614283900864542 ], [ 6.059920629074116, 48.614291107162948 ], [ 6.059942364416276, 48.614650442299101 ], [ 6.060213328571259, 48.614643235910179 ], [ 6.060224197361773, 48.614822903421818 ], [ 6.059953232248085, 48.614830109855994 ], [ 6.05997496823316, 48.615189444947418 ], [ 6.059704001094877, 48.615196650835372 ], [ 6.059714868289412, 48.615376318415166 ], [ 6.059443900085245, 48.615383523711643 ], [ 6.059454766428184, 48.615563191329223 ], [ 6.059183797158131, 48.615570396034208 ], [ 6.059194662649454, 48.615750063689582 ], [ 6.058652721870446, 48.615764471279796 ], [ 6.058663585551365, 48.615944139018197 ], [ 6.058392614042416, 48.615951341903447 ], [ 6.058403476871668, 48.616131009679627 ], [ 6.058132504296835, 48.616138211973343 ], [ 6.058143366274402, 48.61631787978731 ], [ 6.057601418885867, 48.6163322825549 ], [ 6.05761227905293, 48.616511950451894 ], [ 6.057070329318465, 48.616526350762875 ], [ 6.057081187674982, 48.616706018742832 ], [ 6.056810211688338, 48.616713217988391 ], [ 6.056799354290638, 48.616533549963229 ], [ 6.056257403913828, 48.616547946453629 ], [ 6.056246548540797, 48.616368278330604 ], [ 6.055975574150646, 48.616375475575445 ], [ 6.055997283086112, 48.616734811904458 ], [ 6.055726306671306, 48.616742008602948 ], [ 6.055748014117206, 48.617101344992541 ], [ 6.055206057131205, 48.617115736659962 ], [ 6.055227761169752, 48.617475073200524 ], [ 6.054956780598532, 48.617482268169447 ], [ 6.054978483147337, 48.617841604770597 ], [ 6.054707500551365, 48.617848799193077 ], [ 6.054718351027369, 48.618028467527658 ], [ 6.054176383596682, 48.61804285455257 ], [ 6.054187232261865, 48.618222522970058 ], [ 6.053916247427154, 48.618229715572468 ] ], [ [ 6.054273787928287, 48.615160966388586 ], [ 6.054544756248966, 48.615153773280547 ], [ 6.054533907484591, 48.614974104826814 ], [ 6.054262940122655, 48.614981297889685 ], [ 6.054273787928287, 48.615160966388586 ] ], [ [ 6.058327439316058, 48.614873335089804 ], [ 6.058598405072527, 48.61486613247596 ], [ 6.058576679103114, 48.614506796902276 ], [ 6.058034751317919, 48.6145212013123 ], [ 6.058045612331663, 48.614700869193314 ], [ 6.058316577236514, 48.614693667261456 ], [ 6.058327439316058, 48.614873335089804 ] ], [ [ 6.058858506724915, 48.614679261487552 ], [ 6.059129471308454, 48.614672057645507 ], [ 6.059118606459895, 48.614492389945418 ], [ 6.058847642835062, 48.614499593742224 ], [ 6.058858506724915, 48.614679261487552 ] ], [ [ 6.054241244832254, 48.614621960869513 ], [ 6.05505414084479, 48.614600380041779 ], [ 6.055032440229947, 48.614241043262865 ], [ 6.054219549969665, 48.614262623819556 ], [ 6.054241244832254, 48.614621960869513 ] ], [ [ 6.058002168919193, 48.613982197624502 ], [ 6.058273129989275, 48.613974995873527 ], [ 6.058251407008203, 48.613615660134862 ], [ 6.057980447855447, 48.613622861795356 ], [ 6.057969587484194, 48.613443193869649 ], [ 6.057698629183006, 48.613450394848222 ], [ 6.057720348115283, 48.613809730782677 ], [ 6.057991308333779, 48.613802529713666 ], [ 6.058002168919193, 48.613982197624502 ] ], [ [ 6.056322127153654, 48.613127053774321 ], [ 6.056593084072796, 48.61311985606963 ], [ 6.056582228815892, 48.612940187895475 ], [ 6.056311272855382, 48.612947385554982 ], [ 6.056322127153654, 48.613127053774321 ] ], [ [ 6.056582228815892, 48.612940187895475 ], [ 6.057124140415833, 48.612925790666431 ], [ 6.057102426388654, 48.612566454476614 ], [ 6.056831472559424, 48.61257365331906 ], [ 6.056809760877594, 48.612214317008984 ], [ 6.055996904499334, 48.612235909445083 ], [ 6.056029463555214, 48.612774914305788 ], [ 6.056571373666016, 48.612760519713873 ], [ 6.056582228815892, 48.612940187895475 ] ], [ [ 6.058478917542238, 48.612889786451866 ], [ 6.058749872646281, 48.612882583698877 ], [ 6.058739009827495, 48.612702915879034 ], [ 6.058468055682061, 48.612710118586747 ], [ 6.058478917542238, 48.612889786451866 ] ], [ [ 6.05481545761506, 48.610647673835501 ], [ 6.055086401649152, 48.610640479946795 ], [ 6.055075552682988, 48.610460811442387 ], [ 6.055346495651615, 48.610453616962218 ], [ 6.055335645833915, 48.610273948495539 ], [ 6.054522819482645, 48.610295529890671 ], [ 6.05451197264737, 48.610115861281045 ], [ 6.054241031274874, 48.610123053760994 ], [ 6.054251877151663, 48.610302722415746 ], [ 6.053980934713753, 48.61030991430426 ], [ 6.053991779738972, 48.61048958299677 ], [ 6.054804609607401, 48.610468005285924 ], [ 6.05481545761506, 48.610647673835501 ] ], [ [ 6.053709992168921, 48.610317105556099 ], [ 6.053980934713753, 48.61030991430426 ], [ 6.053970089795455, 48.610130245604296 ], [ 6.05369914820911, 48.610137436810966 ], [ 6.053709992168921, 48.610317105556099 ] ], [ [ 6.05393755568207, 48.609591239459739 ], [ 6.054208494286081, 48.609584047751909 ], [ 6.054197648837, 48.609404379067314 ], [ 6.053926711191441, 48.609411570729989 ], [ 6.05393755568207, 48.609591239459739 ] ] ] } },
{ "type": "Feature", "properties": { "surface_ha": 8.63 }, "geometry": { "type": "Polygon", "coordinates": [ [ [ 6.140677006222853, 48.607976019715998 ], [ 6.140665854657454, 48.60779636567203 ], [ 6.140394947765534, 48.607803760567649 ], [ 6.140383797268107, 48.607624106469707 ], [ 6.140112891224314, 48.60763150068248 ], [ 6.140124040763694, 48.607811154826848 ], [ 6.139311319098745, 48.607833333785855 ], [ 6.139289025878154, 48.607474025211019 ], [ 6.139830836599175, 48.607459240060464 ], [ 6.13981968823764, 48.607279585854549 ], [ 6.139277879432679, 48.6072943709123 ], [ 6.139266733097083, 48.607114716606006 ], [ 6.138995829487799, 48.607122108133822 ], [ 6.138962394014277, 48.606583145030456 ], [ 6.138420592214157, 48.606597925898392 ], [ 6.138398306279725, 48.606238616939464 ], [ 6.137856507872163, 48.606253395076195 ], [ 6.137878789974656, 48.606612704220716 ], [ 6.137607888690162, 48.606620092427292 ], [ 6.137619028948147, 48.606799747034636 ], [ 6.137348126595833, 48.606807134651184 ], [ 6.137336987295851, 48.606627479997442 ], [ 6.13598247867738, 48.606664408302095 ], [ 6.135971344277194, 48.606484753408928 ], [ 6.136513146137928, 48.606469984089038 ], [ 6.136502009931521, 48.60629032928108 ], [ 6.135960209986763, 48.606305098508244 ], [ 6.135949075806092, 48.606125443599971 ], [ 6.136761772684628, 48.606103288943736 ], [ 6.1367506357398, 48.605923634167077 ], [ 6.13702153352179, 48.605916248055273 ], [ 6.137010395728788, 48.605736593317424 ], [ 6.137823085542095, 48.605714431302808 ], [ 6.137811944985044, 48.605534776696572 ], [ 6.138082840411911, 48.605527388131975 ], [ 6.138071699006745, 48.605347733564599 ], [ 6.138342593365851, 48.605340344410024 ], [ 6.138309166935561, 48.604801380801817 ], [ 6.138580058311096, 48.604793991150096 ], [ 6.138591201302596, 48.604973645647291 ], [ 6.138862093526191, 48.604966255312789 ], [ 6.138873237585445, 48.605145909756061 ], [ 6.139685916470813, 48.6051237347951 ], [ 6.139674769537836, 48.60494408049108 ], [ 6.141300118594127, 48.604899713665816 ], [ 6.141277813563152, 48.604540405592317 ], [ 6.141819591871001, 48.604525611745444 ], [ 6.141830746247276, 48.604705265693084 ], [ 6.142101636194152, 48.604697867768678 ], [ 6.142090480860002, 48.604518213867507 ], [ 6.142632258508113, 48.604503416202533 ], [ 6.14264341575801, 48.604683070010793 ], [ 6.142372526031068, 48.604690469207917 ], [ 6.142394838945037, 48.605049776894688 ], [ 6.142665730587749, 48.605042377604654 ], [ 6.142676888167598, 48.605222031390248 ], [ 6.142405995566981, 48.605229430726766 ], [ 6.142417152298901, 48.605409084551276 ], [ 6.142688045857428, 48.605401685168296 ], [ 6.142699203657247, 48.605581338938819 ], [ 6.143782780623061, 48.605551734857379 ], [ 6.143793942364571, 48.605731388434421 ], [ 6.143523047330207, 48.605738790455824 ], [ 6.143545369227436, 48.606098097680217 ], [ 6.14300357499691, 48.606112899999793 ], [ 6.143014734194644, 48.606292553693628 ], [ 6.142202039149992, 48.606314752539483 ], [ 6.14221319558383, 48.606494406365151 ], [ 6.141671396421565, 48.606509202506665 ], [ 6.14168255104942, 48.606688856417691 ], [ 6.140869848607411, 48.606711045996356 ], [ 6.140881000471247, 48.60689070003918 ], [ 6.140610098479378, 48.606898095339027 ], [ 6.140654703201983, 48.607616711620537 ], [ 6.141467420344003, 48.607594523254448 ], [ 6.141489729113146, 48.607953831071242 ], [ 6.140677006222853, 48.607976019715998 ] ], [ [ 6.13981968823764, 48.607279585854549 ], [ 6.140090592475279, 48.607272192371077 ], [ 6.140079443265624, 48.607092538204085 ], [ 6.140350346435341, 48.6070851441306 ], [ 6.140328046429736, 48.606725835866797 ], [ 6.140057145176025, 48.606733229847386 ], [ 6.140045996296081, 48.606553575657728 ], [ 6.139233294749548, 48.606575753641863 ], [ 6.139244440755517, 48.606755407970788 ], [ 6.139515342338906, 48.606748015899385 ], [ 6.139526489412752, 48.606927670174343 ], [ 6.139797391844261, 48.60692027742013 ], [ 6.13981968823764, 48.607279585854549 ] ], [ [ 6.136784046903634, 48.606462598474486 ], [ 6.137325848105676, 48.606447825336168 ], [ 6.137314709025309, 48.606268170667335 ], [ 6.13677290973924, 48.606282943712905 ], [ 6.136784046903634, 48.606462598474486 ] ], [ [ 6.138680349189017, 48.606410881353341 ], [ 6.140576646091614, 48.606359133048628 ], [ 6.140565495515534, 48.606179478936724 ], [ 6.140294597245668, 48.60618687341443 ], [ 6.140283447737461, 48.606007219248553 ], [ 6.139470755142344, 48.606029398724075 ], [ 6.139481901776665, 48.606209053029225 ], [ 6.138669205318746, 48.606231226916478 ], [ 6.138680349189017, 48.606410881353341 ] ], [ [ 6.140249999872277, 48.60546825670562 ], [ 6.140520894310366, 48.605460862413651 ], [ 6.140509744283855, 48.605281208264017 ], [ 6.140238850803692, 48.605288602509567 ], [ 6.140249999872277, 48.60546825670562 ] ], [ [ 6.141311271274518, 48.605079367691239 ], [ 6.141582163357075, 48.605071970946632 ], [ 6.141571009718789, 48.604892316967671 ], [ 6.141300118594127, 48.604899713665816 ], [ 6.141311271274518, 48.605079367691239 ] ] ] } },
{ "type": "Feature", "properties": { "surface_ha": 3.56 }, "geometry": { "type": "Polygon", "coordinates": [ [ [ 6.079090653373062, 48.608201029177884 ], [ 6.079079720183363, 48.608021364635434 ], [ 6.078808796247366, 48.608028614681636 ], [ 6.078732273645115, 48.606770962356698 ], [ 6.079274107993815, 48.606756462265231 ], [ 6.079263174708136, 48.60657679770852 ], [ 6.078992258545887, 48.606584048026996 ], [ 6.078959462210122, 48.606045054175475 ], [ 6.079501288677678, 48.606030553175223 ], [ 6.07947942116, 48.605671224085626 ], [ 6.080021243363738, 48.605656720721569 ], [ 6.080032178985008, 48.605836385179032 ], [ 6.08084491435654, 48.605814625222656 ], [ 6.080833975860793, 48.605634960901824 ], [ 6.081104886477492, 48.605627706355619 ], [ 6.081137705162734, 48.606166699158976 ], [ 6.080866791671536, 48.606173953841846 ], [ 6.080877730490785, 48.606353618140226 ], [ 6.080606815933567, 48.606360872232166 ], [ 6.080639630163733, 48.606899865219113 ], [ 6.080910547595568, 48.606892610990514 ], [ 6.080976184716885, 48.607970596489196 ], [ 6.080705261535569, 48.607977850991126 ], [ 6.080694322704006, 48.60779818671449 ], [ 6.080152477934408, 48.607812693717655 ], [ 6.080163414849427, 48.607992358085376 ], [ 6.079621567732001, 48.608006862633481 ], [ 6.079632502838271, 48.60818652708484 ], [ 6.079090653373062, 48.608201029177884 ] ], [ [ 6.0790359885024, 48.607302706391025 ], [ 6.079306908497556, 48.607295455890451 ], [ 6.079295974888523, 48.607115791356158 ], [ 6.079025055851609, 48.607123041811249 ], [ 6.0790359885024, 48.607302706391025 ] ] ] } },
{ "type": "Feature", "properties": { "surface_ha": 7.87 }, "geometry": { "type": "Polygon", "coordinates": [ [ [ 6.081594625720954, 48.609213734346056 ], [ 6.081518030755958, 48.607956085575722 ], [ 6.081788953613694, 48.607948829164208 ], [ 6.081778010949058, 48.607769165069826 ], [ 6.082048932740651, 48.607761908067317 ], [ 6.082037989225635, 48.607582244011013 ], [ 6.082850751078312, 48.607560469321143 ], [ 6.082839804796447, 48.607380805394087 ], [ 6.082027045818502, 48.607402579947248 ], [ 6.082016102519252, 48.607222915876001 ], [ 6.082287021328225, 48.607215658373704 ], [ 6.082276077178631, 48.607035994340521 ], [ 6.08281791255645, 48.607021477517556 ], [ 6.082828858622493, 48.607201141459569 ], [ 6.083099777107766, 48.607193882047731 ], [ 6.083110724239951, 48.607373545936674 ], [ 6.083923481922905, 48.607351763745314 ], [ 6.083879682543103, 48.606633108691852 ], [ 6.084692427755991, 48.606611321319122 ], [ 6.084681475306341, 48.60643165767388 ], [ 6.084952389203189, 48.606424393988917 ], [ 6.084930482711459, 48.606065066767179 ], [ 6.084659570730952, 48.606072330360917 ], [ 6.084648618605211, 48.605892666693222 ], [ 6.084377707474893, 48.605899929604846 ], [ 6.084344854619873, 48.605360938420013 ], [ 6.084073946256019, 48.605368200558367 ], [ 6.084084896141607, 48.605547864339698 ], [ 6.083543077173813, 48.605562386798169 ], [ 6.083521181343092, 48.605203059045579 ], [ 6.083250273613561, 48.605210319228924 ], [ 6.083239326818203, 48.605030655295813 ], [ 6.082968419938876, 48.60503791479708 ], [ 6.082946528588098, 48.604678586817244 ], [ 6.083217433551218, 48.604671327407154 ], [ 6.083206487079592, 48.604491663451611 ], [ 6.084019198447203, 48.604469881539345 ], [ 6.084030147793086, 48.6046495453581 ], [ 6.08511376527107, 48.604620493715679 ], [ 6.08510281209286, 48.604440830079376 ], [ 6.08564461826788, 48.604426300530655 ], [ 6.08563366328151, 48.604246636978104 ], [ 6.085904565248966, 48.60423937129471 ], [ 6.08593743340629, 48.604778361793109 ], [ 6.085666528564606, 48.604785627613403 ], [ 6.085677483874961, 48.604965291143507 ], [ 6.085406577967185, 48.604972556372935 ], [ 6.085428486995668, 48.605331883501989 ], [ 6.085157579063682, 48.605339148186189 ], [ 6.085223302992054, 48.60641712966747 ], [ 6.085494216672936, 48.606409864709555 ], [ 6.085483261456733, 48.606230201193675 ], [ 6.085754174071444, 48.606222935644865 ], [ 6.085765130245814, 48.606402599115128 ], [ 6.086306957067539, 48.606388066016798 ], [ 6.08628504099415, 48.606028739251308 ], [ 6.086555952326653, 48.606021471838694 ], [ 6.086544993493847, 48.605841808490382 ], [ 6.086815903760172, 48.605834540486896 ], [ 6.08683782345012, 48.606193867084798 ], [ 6.087108735524701, 48.606186598353567 ], [ 6.087130657563162, 48.60654592483025 ], [ 6.086859743572242, 48.606553193652744 ], [ 6.086870703795377, 48.606732856925511 ], [ 6.086599788738225, 48.606740125157174 ], [ 6.086621707592239, 48.607099451771496 ], [ 6.086350790510653, 48.607106719457953 ], [ 6.086361749141506, 48.607286382799543 ], [ 6.086090830993671, 48.607293649895084 ], [ 6.086101788774333, 48.607473313274838 ], [ 6.085830869560247, 48.607480579779519 ], [ 6.085819912737811, 48.607300916354191 ], [ 6.085548994373937, 48.607308182176745 ], [ 6.085538038617732, 48.607128518698254 ], [ 6.085267121104071, 48.607135783838693 ], [ 6.085278075902058, 48.607315447362772 ], [ 6.084736238634318, 48.607329975825337 ], [ 6.084758144721338, 48.607689303033546 ], [ 6.084487224009025, 48.60769656640128 ], [ 6.084509128611454, 48.608055893670787 ], [ 6.084238205874652, 48.608063156493195 ], [ 6.084249157379555, 48.608242820162353 ], [ 6.083978233576518, 48.608250082393859 ], [ 6.083989184231102, 48.608429746101116 ], [ 6.083718259361826, 48.608437007741671 ], [ 6.083729209166074, 48.608616671487056 ], [ 6.084000134993644, 48.608609409800891 ], [ 6.084011085864144, 48.608789073493199 ], [ 6.083469232184448, 48.608803596320172 ], [ 6.083480181246284, 48.608983260096188 ], [ 6.082938325218196, 48.608997780468172 ], [ 6.082916431035709, 48.608638452726296 ], [ 6.0826455047764, 48.608645711866281 ], [ 6.082656450855373, 48.608825375786559 ], [ 6.082385523529845, 48.608832634335592 ], [ 6.082396468758411, 48.609012298293941 ], [ 6.082125540366658, 48.609019556252008 ], [ 6.082136484744799, 48.609199220248485 ], [ 6.081594625720954, 48.609213734346056 ] ], [ [ 6.086588829473278, 48.606560461838789 ], [ 6.086859743572242, 48.606553193652744 ], [ 6.086848783457159, 48.606373530372522 ], [ 6.086577870316368, 48.606380798512902 ], [ 6.086588829473278, 48.606560461838789 ] ], [ [ 6.084344854619873, 48.605360938420013 ], [ 6.084615762875775, 48.605353675645226 ], [ 6.084604811181889, 48.605174011947582 ], [ 6.084333903884108, 48.605181274676781 ], [ 6.084344854619873, 48.605360938420013 ] ], [ [ 6.084604811181889, 48.605174011947582 ], [ 6.08487571837171, 48.605166748581922 ], [ 6.084864765827676, 48.604987084922421 ], [ 6.084593859595964, 48.604994348242471 ], [ 6.084604811181889, 48.605174011947582 ] ] ] } },
{ "type": "Feature", "properties": { "surface_ha": 2.16 }, "geometry": { "type": "Polygon", "coordinates": [ [ [ 6.064004670784554, 48.605544498235503 ], [ 6.06397203513102, 48.605005496711073 ], [ 6.063159299881884, 48.605027137326019 ], [ 6.06314842441972, 48.604847470000379 ], [ 6.062877513413752, 48.604854682220385 ], [ 6.062866639016968, 48.604675014842009 ], [ 6.06205390823041, 48.604696647547264 ], [ 6.062032165507399, 48.604337312496462 ], [ 6.062573982306319, 48.60432289151057 ], [ 6.062552236179421, 48.603963556611085 ], [ 6.062823142501828, 48.603956345253977 ], [ 6.06280139488743, 48.603597010415236 ], [ 6.063343203378174, 48.603582585972795 ], [ 6.063354079048002, 48.603762253305305 ], [ 6.063895889026125, 48.603747826226403 ], [ 6.063906766719406, 48.603927493460858 ], [ 6.064177672505743, 48.603920278921386 ], [ 6.064188551264385, 48.604099946103105 ], [ 6.064459457901606, 48.604092730881852 ], [ 6.064481217656898, 48.604452065132278 ], [ 6.064752126103146, 48.604444849183928 ], [ 6.064784769414989, 48.604983850367674 ], [ 6.064513858094255, 48.604991066451952 ], [ 6.064524738454557, 48.605170733543602 ], [ 6.064253826068379, 48.60517794903673 ], [ 6.064275585194377, 48.605537283288278 ], [ 6.064004670784554, 48.605544498235503 ] ], [ [ 6.062834016469817, 48.604136012662181 ], [ 6.06310492364316, 48.604128800623322 ], [ 6.063094048717038, 48.603949133260414 ], [ 6.062823142501828, 48.603956345253977 ], [ 6.062834016469817, 48.604136012662181 ] ] ] } },
{ "type": "Feature", "properties": { "surface_ha": 1.36 }, "geometry": { "type": "Polygon", "coordinates": [ [ [ 6.139982452556013, 48.601156553916553 ], [ 6.139971306124665, 48.600976899539319 ], [ 6.13970043552193, 48.600984292034376 ], [ 6.139655854725891, 48.600265674264271 ], [ 6.139384987843998, 48.600273065937408 ], [ 6.139362700020397, 48.599913756914248 ], [ 6.14098788817205, 48.599869397888796 ], [ 6.140999037774764, 48.600049052125598 ], [ 6.141269903039756, 48.600041656681384 ], [ 6.141281053710009, 48.6002213108642 ], [ 6.141822785825545, 48.600206517974129 ], [ 6.14183393852101, 48.600386172056496 ], [ 6.141021337309888, 48.600408360576573 ], [ 6.141032487242297, 48.600588014790731 ], [ 6.140761618994446, 48.600595409737998 ], [ 6.140772768079089, 48.600775063991051 ], [ 6.140501898763669, 48.60078245834849 ], [ 6.140513047000522, 48.600962112640417 ], [ 6.140242176617533, 48.600969506407999 ], [ 6.140253324006577, 48.6011491607388 ], [ 6.139982452556013, 48.601156553916553 ] ] ] } },
{ "type": "Feature", "properties": { "surface_ha": 1.2 }, "geometry": { "type": "Polygon", "coordinates": [ [ [ 6.152397664141159, 48.600097200205475 ], [ 6.152375284165988, 48.599737895662102 ], [ 6.152646144806764, 48.599730473495825 ], [ 6.152590192011154, 48.598832212238072 ], [ 6.153131903386243, 48.59881736646291 ], [ 6.153120711242958, 48.598637714281878 ], [ 6.153662420261742, 48.598622866055145 ], [ 6.153673614320073, 48.598802518142953 ], [ 6.153944469621495, 48.59879509302867 ], [ 6.153955664747689, 48.598974745062272 ], [ 6.153684808488737, 48.598982170223188 ], [ 6.153707197157068, 48.599341474360941 ], [ 6.153436338872691, 48.599348898978882 ], [ 6.1534475324148, 48.599528551083033 ], [ 6.153718391656741, 48.599521126418473 ], [ 6.153729586266751, 48.599700778468453 ], [ 6.153458726067241, 48.599708203179638 ], [ 6.153481113703115, 48.600067507350104 ], [ 6.152397664141159, 48.600097200205475 ] ] ] } },
{ "type": "Feature", "properties": { "surface_ha": 2.68 }, "geometry": { "type": "Polygon", "coordinates": [ [ [ 6.072692082445832, 48.596674874545549 ], [ 6.072681176370776, 48.596495208562438 ], [ 6.072410312443986, 48.596502442287957 ], [ 6.072388502531748, 48.59614311020848 ], [ 6.072117640412858, 48.596150343206851 ], [ 6.072106736575649, 48.595970677110508 ], [ 6.071835875306961, 48.595977909427191 ], [ 6.071814069870301, 48.595618577121236 ], [ 6.071543210409487, 48.595625808710828 ], [ 6.07155411211642, 48.595805474912915 ], [ 6.071283251590485, 48.595812705911619 ], [ 6.071261450199392, 48.595453373409129 ], [ 6.070719732655845, 48.5954678333161 ], [ 6.07070883403676, 48.595288166962824 ], [ 6.070979691904602, 48.595280937372898 ], [ 6.070968792435298, 48.595101271057551 ], [ 6.070697935525098, 48.595108500602123 ], [ 6.070676138824036, 48.594749167858311 ], [ 6.070946993818985, 48.594741938404525 ], [ 6.07093609467197, 48.594562272066838 ], [ 6.07147780242436, 48.594547811341378 ], [ 6.071466901469574, 48.594368145087003 ], [ 6.072008606876986, 48.594353681907357 ], [ 6.071997704114468, 48.594174015736328 ], [ 6.072810258546837, 48.594152316331275 ], [ 6.072821164182108, 48.594331982366029 ], [ 6.07309201640218, 48.594324747913092 ], [ 6.073124736825751, 48.594863745836292 ], [ 6.072853881732879, 48.594870980425505 ], [ 6.072864787798123, 48.595050646430387 ], [ 6.072052219001704, 48.595072346516758 ], [ 6.072063122301551, 48.595252012650434 ], [ 6.072333979632136, 48.595244779879145 ], [ 6.072355788469535, 48.595604112033286 ], [ 6.072626647607933, 48.595596878534906 ], [ 6.072648458790588, 48.595956210568332 ], [ 6.07291931973682, 48.595948976342811 ], [ 6.072930226447064, 48.596128642302887 ], [ 6.073201088243471, 48.596121407395671 ], [ 6.073222903901854, 48.596480739202569 ], [ 6.073493767506124, 48.596473503568198 ], [ 6.073504676454292, 48.596653169414992 ], [ 6.072692082445832, 48.596674874545549 ] ] ] } },
{ "type": "Feature", "properties": { "surface_ha": 19.7 }, "geometry": { "type": "Polygon", "coordinates": [ [ [ 6.075140776369652, 48.596789407540584 ], [ 6.075129861567714, 48.59660974197395 ], [ 6.074046405255644, 48.596638696146478 ], [ 6.074035494392073, 48.596459030390548 ], [ 6.074306357673736, 48.596451792847311 ], [ 6.074273622855251, 48.595912795671062 ], [ 6.073731901930465, 48.595927269848609 ], [ 6.073720992454728, 48.595747604017333 ], [ 6.074262711464192, 48.5957331299307 ], [ 6.074251800180681, 48.595553464182885 ], [ 6.07479351684465, 48.595538987642065 ], [ 6.074782603753407, 48.595359321977647 ], [ 6.075595175069679, 48.595337602530783 ], [ 6.075627923284925, 48.595876599092406 ], [ 6.075898783048103, 48.595869357867841 ], [ 6.075909700292707, 48.596049023327964 ], [ 6.076451421411556, 48.596034538879053 ], [ 6.076440502251632, 48.595854873509914 ], [ 6.076711361691965, 48.595847630376554 ], [ 6.076678601985027, 48.595308634360663 ], [ 6.076407745417609, 48.595315877357585 ], [ 6.076385908066372, 48.594956546551984 ], [ 6.075302488381551, 48.594985511813327 ], [ 6.075313403172902, 48.595165177401732 ], [ 6.07477169076973, 48.595179656305802 ], [ 6.074749865125064, 48.594820324939661 ], [ 6.075020719465208, 48.594813085896689 ], [ 6.074998892335596, 48.594453754591591 ], [ 6.074457187378131, 48.594468231859494 ], [ 6.0744353645091, 48.594108900342697 ], [ 6.0741645137842, 48.594116137931387 ], [ 6.074142693260472, 48.593756806293825 ], [ 6.074684390772486, 48.593742330661996 ], [ 6.074673478756833, 48.593562664922906 ], [ 6.074944326393972, 48.59355542619813 ], [ 6.074911588119739, 48.593016429072392 ], [ 6.075182432776742, 48.593009189847756 ], [ 6.075171519276278, 48.592829524169694 ], [ 6.075713206352574, 48.592815043902711 ], [ 6.075724121768046, 48.59299470948983 ], [ 6.076807498459553, 48.59296574113948 ], [ 6.076818417812646, 48.593145406537253 ], [ 6.077360107427713, 48.593130918453859 ], [ 6.077371028803454, 48.593310583753166 ], [ 6.077912719902971, 48.593296093033949 ], [ 6.077923643301398, 48.593475758234796 ], [ 6.078465335885298, 48.593461264879721 ], [ 6.078454410571834, 48.593281599769888 ], [ 6.078725255744748, 48.593274352183535 ], [ 6.078692477577952, 48.592735356945724 ], [ 6.079234161855729, 48.59272086013749 ], [ 6.079223234100556, 48.592541195134302 ], [ 6.079764916032561, 48.592526695872323 ], [ 6.079753986470162, 48.592347030952702 ], [ 6.080024826317123, 48.592339780412935 ], [ 6.080035756836984, 48.592519445287053 ], [ 6.080306597533673, 48.592512194065577 ], [ 6.080317529118736, 48.592691858886667 ], [ 6.081130053434721, 48.592670101268482 ], [ 6.081119118977254, 48.592490436584036 ], [ 6.081389959242922, 48.592483182817809 ], [ 6.081368088736399, 48.592123853517542 ], [ 6.081638926979388, 48.59211659920625 ], [ 6.081660799400808, 48.592475928415396 ], [ 6.082473319227695, 48.592454161391032 ], [ 6.082484258472469, 48.592633825847713 ], [ 6.0827550991566, 48.592626568854996 ], [ 6.082798861043821, 48.593345226424617 ], [ 6.083069705450042, 48.593337968613397 ], [ 6.083080647148932, 48.593517632941555 ], [ 6.083622337552841, 48.593503115319351 ], [ 6.08361139393895, 48.593323451082384 ], [ 6.084153081996411, 48.593308931006547 ], [ 6.084142136575402, 48.593129266853232 ], [ 6.085496350043563, 48.593092955758152 ], [ 6.085485399943058, 48.592913291825361 ], [ 6.08575624135548, 48.592906027743375 ], [ 6.085767192413452, 48.593085691630513 ], [ 6.08630887682942, 48.593071161466717 ], [ 6.086330783099109, 48.593430489036066 ], [ 6.08687247091318, 48.593415956144987 ], [ 6.086861515809389, 48.593236292455323 ], [ 6.087674043848208, 48.593214488484115 ], [ 6.087685001824444, 48.593394152036893 ], [ 6.087955845245537, 48.593386882728446 ], [ 6.087999682060551, 48.594105536682065 ], [ 6.088270529203634, 48.594098266554838 ], [ 6.088281489634955, 48.594277929978865 ], [ 6.088010641534347, 48.594285200151759 ], [ 6.088021601116164, 48.594464863613965 ], [ 6.08775075195, 48.594472133196298 ], [ 6.087761710682294, 48.594651796696667 ], [ 6.087490860450572, 48.594659065688383 ], [ 6.087479902675824, 48.59447940214239 ], [ 6.087209053293646, 48.59448667045227 ], [ 6.087198096584442, 48.594307006853121 ], [ 6.087468945009079, 48.59429973858888 ], [ 6.087457987450336, 48.594120075027895 ], [ 6.086916292408122, 48.594134610828881 ], [ 6.08690533687242, 48.593954947169145 ], [ 6.085821949322387, 48.593984010953996 ], [ 6.085810997724723, 48.593804347104253 ], [ 6.084727612277693, 48.593833400527259 ], [ 6.084716664618012, 48.593653736487624 ], [ 6.084445818943987, 48.593660998207248 ], [ 6.084434872349712, 48.593481334114522 ], [ 6.083893182593005, 48.593495855553961 ], [ 6.083915072059406, 48.593855183914286 ], [ 6.083373378041157, 48.593869702991235 ], [ 6.083362435169059, 48.593690038723629 ], [ 6.082820742634425, 48.593704555164571 ], [ 6.082831683591481, 48.593884219523325 ], [ 6.082289988710457, 48.593898733510528 ], [ 6.082300927860283, 48.594078397952941 ], [ 6.082030079300503, 48.594085654037798 ], [ 6.082041017600603, 48.594265318518296 ], [ 6.081499318242525, 48.59427982887042 ], [ 6.081510254735324, 48.594459493434556 ], [ 6.080968553030956, 48.594474001332884 ], [ 6.080979487716415, 48.594653665980665 ], [ 6.080708635744991, 48.594660919021003 ], [ 6.080719569580645, 48.594840583706819 ], [ 6.080448716543872, 48.594847836156475 ], [ 6.080459649529705, 48.595027500880391 ], [ 6.079917941217705, 48.595042003962035 ], [ 6.079928872396095, 48.59522166876954 ], [ 6.079658017120871, 48.595228919401507 ], [ 6.079679877885647, 48.595588249085132 ], [ 6.07940902058745, 48.595595499171914 ], [ 6.079430879867897, 48.595954828916646 ], [ 6.079160020546692, 48.595962078458228 ], [ 6.079170949390858, 48.596141743364932 ], [ 6.078629228509983, 48.596156240630286 ], [ 6.07864015554654, 48.596335905620556 ], [ 6.078098432319517, 48.596350400431824 ], [ 6.078109357548424, 48.596530065505625 ], [ 6.077567631975294, 48.596544557862785 ], [ 6.077556708661749, 48.59636489269802 ], [ 6.077014984573314, 48.596379382419073 ], [ 6.077025905971494, 48.596559047674852 ], [ 6.075400725376794, 48.596602501840074 ], [ 6.075411641136435, 48.596782167361262 ], [ 6.075140776369652, 48.596789407540584 ] ], [ [ 6.074837170285299, 48.596257650224914 ], [ 6.075108032286585, 48.596250410818264 ], [ 6.075097117807392, 48.596070745229206 ], [ 6.074826256763783, 48.596077984590401 ], [ 6.074837170285299, 48.596257650224914 ] ], [ [ 6.078336516073295, 48.595804158214662 ], [ 6.078878233338971, 48.595789662403867 ], [ 6.078856378104504, 48.595430332462087 ], [ 6.078585521440784, 48.59543758059457 ], [ 6.078596448046534, 48.595617245614726 ], [ 6.078325590317482, 48.595624493156457 ], [ 6.078336516073295, 48.595804158214662 ] ], [ [ 6.079105377941659, 48.595063753812695 ], [ 6.079917941217705, 48.595042003962035 ], [ 6.07989607918415, 48.594682674324659 ], [ 6.079354374271542, 48.594697174679247 ], [ 6.079365303319276, 48.5948768395927 ], [ 6.079094449743797, 48.59488408886115 ], [ 6.079105377941659, 48.595063753812695 ] ], [ [ 6.077447481447768, 48.594568240639063 ], [ 6.078801741903193, 48.594532007476808 ], [ 6.078779888176586, 48.594172677430379 ], [ 6.078238188147726, 48.594187172421968 ], [ 6.078227263361072, 48.594007507296524 ], [ 6.077685564816608, 48.594021999652185 ], [ 6.077696487688145, 48.594201664868635 ], [ 6.07742563729686, 48.594208910137596 ], [ 6.077447481447768, 48.594568240639063 ] ], [ [ 6.079603367094258, 48.594330595061706 ], [ 6.080415918232924, 48.594308841939949 ], [ 6.080394053231072, 48.593949512424892 ], [ 6.08012320487436, 48.593956764010628 ], [ 6.080101342218581, 48.593597434374601 ], [ 6.07983049566919, 48.593604685233032 ], [ 6.07986328694186, 48.594143679812497 ], [ 6.07959243741212, 48.59415093017131 ], [ 6.079603367094258, 48.594330595061706 ] ], [ [ 6.08690533687242, 48.593954947169145 ], [ 6.08717618349, 48.593947679632386 ], [ 6.087154270827518, 48.593588352381715 ], [ 6.086612581314403, 48.593602886636475 ], [ 6.086623535676646, 48.593782550356799 ], [ 6.086894381444695, 48.593775283501898 ], [ 6.08690533687242, 48.593954947169145 ] ], [ [ 6.078498112471793, 48.594000260164371 ], [ 6.079310659157795, 48.593978514950507 ], [ 6.079299730648652, 48.593798849999665 ], [ 6.079028882818561, 48.593806098994982 ], [ 6.079017955374662, 48.593626433991112 ], [ 6.078476261306447, 48.59364092998208 ], [ 6.078498112471793, 48.594000260164371 ] ], [ [ 6.081477445580301, 48.593920499719729 ], [ 6.081748293398155, 48.593913244952866 ], [ 6.081737356271205, 48.593733580411879 ], [ 6.081466509410876, 48.593740835133154 ], [ 6.081477445580301, 48.593920499719729 ] ], [ [ 6.076049549581139, 48.593885795952794 ], [ 6.076320398595461, 48.593878553955932 ], [ 6.076309480726954, 48.593698888497094 ], [ 6.076038632670181, 48.593706130448481 ], [ 6.076049549581139, 48.593885795952794 ] ], [ [ 6.080632101912824, 48.593403266010881 ], [ 6.081173792342311, 48.59338875993155 ], [ 6.081162857453751, 48.593209095277004 ], [ 6.080621168939272, 48.593223601265237 ], [ 6.080632101912824, 48.593403266010881 ] ], [ [ 6.079808635359402, 48.593245355476043 ], [ 6.080079479993765, 48.593238104708625 ], [ 6.080068549042967, 48.59305843986445 ], [ 6.080339392612094, 48.593051188506379 ], [ 6.080328460811543, 48.592871523700268 ], [ 6.07978677548053, 48.592886025689147 ], [ 6.079808635359402, 48.593245355476043 ] ] ] } }
]
}
