{
"type": "FeatureCollection",
"name": "perimetre",
"crs": { "type": "name", "properties": { "name": "urn:ogc:def:crs:OGC:1.3:CRS84" } },
"features": [
{ "type": "Feature", "properties": { "surface_ha": 2.36 }, "geometry": { "type": "Polygon", "coordinates": [ [ [ -0.959570752731624, 44.998958933767042 ], [ -0.959583529535106, 44.998599085294501 ], [ -0.95932993906017, 44.99859455243989 ], [ -0.959342717208693, 44.998234703998271 ], [ -0.958835539609454, 44.998225636713954 ], [ -0.958848320688163, 44.997865788359853 ], [ -0.959101907872554, 44.997870322226817 ], [ -0.959095518155829, 44.998050246435348 ], [ -0.959602694289975, 44.998059312537649 ], [ -0.959615470492992, 44.997699464001045 ], [ -0.959869057064947, 44.997703996151586 ], [ -0.959875444283807, 44.99752407184539 ], [ -0.959368272785104, 44.997515007038182 ], [ -0.959374661529076, 44.997335082782151 ], [ -0.959121076662372, 44.997330549562747 ], [ -0.959127466138862, 44.997150625328587 ], [ -0.959381050213, 44.997155158519696 ], [ -0.959387438836874, 44.99697523425084 ], [ -0.959641022178501, 44.99697976685097 ], [ -0.959647409949773, 44.996799842547439 ], [ -0.959393827400697, 44.996795309975568 ], [ -0.959400215904474, 44.996615385693921 ], [ -0.959146634207993, 44.996610852587644 ], [ -0.959153023444259, 44.996430928327861 ], [ -0.95864586181654, 44.996421860483792 ], [ -0.958652252577809, 44.996241936274146 ], [ -0.958398672646578, 44.996237401536369 ], [ -0.958379497804956, 44.996777174061172 ], [ -0.958633080113794, 44.996781708883823 ], [ -0.958626689172315, 44.996961633074228 ], [ -0.958880272333774, 44.996966167362473 ], [ -0.958867491855726, 44.997326015780644 ], [ -0.958360322422633, 44.997316946528329 ], [ -0.958347538534019, 44.99767679480771 ], [ -0.957840366170949, 44.997667723191384 ], [ -0.957846759730454, 44.997487799111489 ], [ -0.957339589192923, 44.997478725300894 ], [ -0.957326798843494, 44.997838573341078 ], [ -0.957580385667369, 44.997843110584334 ], [ -0.957573991195077, 44.998023034623102 ], [ -0.958081166608321, 44.998032107478075 ], [ -0.95806838065384, 44.99839195564963 ], [ -0.95832197003581, 44.998396491289618 ], [ -0.958315577761049, 44.998576415394048 ], [ -0.959076348645289, 44.998590019022544 ], [ -0.959063568671285, 44.998949867381938 ], [ -0.959570752731624, 44.998958933767042 ] ] ] } },
{ "type": "Feature", "properties": { "surface_ha": 1.76 }, "geometry": { "type": "Polygon", "coordinates": [ [ [ -0.924328380093703, 44.991122036285297 ], [ -0.924334877044534, 44.990942115788002 ], [ -0.924081325952539, 44.990937505276108 ], [ -0.924094321255474, 44.990577664319744 ], [ -0.923840771809004, 44.990573053302811 ], [ -0.923847270161088, 44.990393132843778 ], [ -0.923593721567908, 44.990388521293077 ], [ -0.923606719673263, 44.990028680413204 ], [ -0.923353172725573, 44.990024068357506 ], [ -0.923359672478823, 44.989844147936722 ], [ -0.923106126384414, 44.989839535347265 ], [ -0.923119127292017, 44.989479694543896 ], [ -0.922865582843064, 44.989475081449491 ], [ -0.922878585090625, 44.989115240677968 ], [ -0.922117956863386, 44.989101398192354 ], [ -0.922111453393674, 44.989281318494974 ], [ -0.921857909981333, 44.989276703179286 ], [ -0.921831892322542, 44.989996384210329 ], [ -0.922085438903592, 44.990000999641197 ], [ -0.922072431291806, 44.990360840175683 ], [ -0.92334017303581, 44.990383909179862 ], [ -0.923333673099295, 44.990563829581369 ], [ -0.923587222423608, 44.990568441723347 ], [ -0.923567724624214, 44.991108202975639 ], [ -0.924328380093703, 44.991122036285297 ] ] ] } },
{ "type": "Feature", "properties": { "surface_ha": 2.16 }, "geometry": { "type": "Polygon", "coordinates": [ [ [ -0.955694888476651, 44.986646968018036 ], [ -0.955701286292798, 44.986467043830388 ], [ -0.956208359202567, 44.986476123188574 ], [ -0.956214755374363, 44.986296198937865 ], [ -0.956468291127308, 44.986300737744905 ], [ -0.956474686446888, 44.986120813459472 ], [ -0.956728221467834, 44.986125351675724 ], [ -0.956734615935211, 44.985945427355567 ], [ -0.956988150224154, 44.985949964980982 ], [ -0.957000937394446, 44.985590116264831 ], [ -0.956747404689678, 44.985585578696018 ], [ -0.956741010342493, 44.985765503028986 ], [ -0.956487476905736, 44.985760964869378 ], [ -0.956493872045004, 44.985581040564711 ], [ -0.956240339460431, 44.985576501870895 ], [ -0.956246735331673, 44.985396577588169 ], [ -0.955232608762845, 44.98537841730154 ], [ -0.95523900774224, 44.985198493125665 ], [ -0.954985477042426, 44.985193951676152 ], [ -0.954998276404907, 44.984834103361841 ], [ -0.954744747349341, 44.984829561406571 ], [ -0.954738346906126, 44.98500948553859 ], [ -0.954484817118664, 44.985004942992504 ], [ -0.954465613051909, 44.985544715265121 ], [ -0.954719145215558, 44.985549257896238 ], [ -0.954699942983605, 44.986089030196169 ], [ -0.954953477583665, 44.986093572349809 ], [ -0.954947077511468, 44.98627349646533 ], [ -0.954186471515466, 44.98625986823194 ], [ -0.954173666437961, 44.986619716273673 ], [ -0.954934277186628, 44.986633344677102 ], [ -0.954940677379123, 44.986453420574421 ], [ -0.955194213623541, 44.986457962222225 ], [ -0.955187814223162, 44.986637886353236 ], [ -0.955694888476651, 44.986646968018036 ] ], [ [ -0.956221151486047, 44.986116274680754 ], [ -0.955460546964223, 44.986102654969642 ], [ -0.955466945392081, 44.98592273079106 ], [ -0.956227547537619, 44.985936350417205 ], [ -0.956221151486047, 44.986116274680754 ] ] ] } },
{ "type": "Feature", "properties": { "surface_ha": 1.04 }, "geometry": { "type": "Polygon", "coordinates": [ [ [ -0.967902900443671, 44.985784699617355 ], [ -0.967915619254088, 44.985424848447799 ], [ -0.968169153011462, 44.985429361211047 ], [ -0.96818822840259, 44.984889584324286 ], [ -0.967934697021468, 44.984885071645493 ], [ -0.967941056157731, 44.984705146031949 ], [ -0.967433995158924, 44.984696119043292 ], [ -0.967440355819544, 44.984516193479614 ], [ -0.967186826201866, 44.984511679169742 ], [ -0.967193187594761, 44.984331753627849 ], [ -0.966939658828917, 44.984327238783671 ], [ -0.96692693439923, 44.984687089804744 ], [ -0.96667340410907, 44.984682574341747 ], [ -0.96666704101247, 44.984862499814518 ], [ -0.966920572094696, 44.984867015305653 ], [ -0.966907847306247, 44.985226866288329 ], [ -0.967161380032423, 44.985231381273316 ], [ -0.967155018340593, 44.985411306783206 ], [ -0.967408551918646, 44.985415821233886 ], [ -0.967395829939824, 44.985775672290806 ], [ -0.967902900443671, 44.985784699617355 ] ] ] } },
{ "type": "Feature", "properties": { "surface_ha": 5.59 }, "geometry": { "type": "Polygon", "coordinates": [ [ [ -0.924861211735194, 44.983390057836814 ], [ -0.924867705269091, 44.983210137034284 ], [ -0.925374739639634, 44.983219352772934 ], [ -0.925381231528678, 44.983039431906477 ], [ -0.925634748013551, 44.983044038903486 ], [ -0.925641239049677, 44.982864118001842 ], [ -0.925894754803643, 44.982868724407709 ], [ -0.925901244986869, 44.982688803470914 ], [ -0.926408275093965, 44.982698014538038 ], [ -0.926421252109872, 44.982338172530227 ], [ -0.926167738609615, 44.982333567335324 ], [ -0.926174227817985, 44.982153646350504 ], [ -0.926681253295712, 44.982162856120489 ], [ -0.926674765671105, 44.982342777162764 ], [ -0.926928279293306, 44.982347381232927 ], [ -0.926921792399618, 44.982527302297484 ], [ -0.927175306874672, 44.982531905833966 ], [ -0.927181792976467, 44.982351984740653 ], [ -0.927688820525645, 44.982361190069071 ], [ -0.927695304982721, 44.982181268911923 ], [ -0.928202331191884, 44.982190471933365 ], [ -0.928208814004266, 44.982010550712388 ], [ -0.927701789378859, 44.982001347748373 ], [ -0.927714757988321, 44.981641505401946 ], [ -0.927461247350751, 44.981636903133797 ], [ -0.927467732355934, 44.98145698197964 ], [ -0.927214222571161, 44.981452379177824 ], [ -0.927207736774125, 44.981632300303254 ], [ -0.926954226258449, 44.981627696910365 ], [ -0.926960712847339, 44.981447775813656 ], [ -0.926200184041647, 44.981433962346934 ], [ -0.926193695077202, 44.981613883357461 ], [ -0.925940184805405, 44.981609277715116 ], [ -0.925933694988122, 44.981789198690471 ], [ -0.925680183985456, 44.981784592457004 ], [ -0.925667202584188, 44.982144434331026 ], [ -0.925160177594381, 44.982135220062013 ], [ -0.925153685218494, 44.982315140931888 ], [ -0.924139632803585, 44.982296705530395 ], [ -0.924146128346977, 44.982116784775513 ], [ -0.923892616187712, 44.982112174547964 ], [ -0.923899112461928, 44.981932253815422 ], [ -0.923645601155578, 44.981927643054256 ], [ -0.923652098160604, 44.981747722344025 ], [ -0.92339858770717, 44.981743111049269 ], [ -0.923392089910287, 44.981923031730723 ], [ -0.923138578726058, 44.981918419844796 ], [ -0.923132080076245, 44.982098340491035 ], [ -0.922878568161224, 44.982093728014 ], [ -0.922911064758828, 44.981194124862334 ], [ -0.922404049030512, 44.981184898508921 ], [ -0.922397548249481, 44.981364819094559 ], [ -0.922144039685122, 44.981360205045526 ], [ -0.922137538051157, 44.981540125595927 ], [ -0.921884028756058, 44.981535510955766 ], [ -0.921845012917963, 44.982615033950488 ], [ -0.922352041071647, 44.982624263013918 ], [ -0.922345539801863, 44.982804183548097 ], [ -0.922092024902577, 44.982799569268778 ], [ -0.922072518350921, 44.983339330746382 ], [ -0.92257955296203, 44.983348558915303 ], [ -0.922586053623192, 44.983168638371623 ], [ -0.923093086894834, 44.983177864233433 ], [ -0.923099585911089, 44.982997943625783 ], [ -0.923606617843217, 44.983007167180446 ], [ -0.923613115214591, 44.982827246508826 ], [ -0.923866630480346, 44.982831857413807 ], [ -0.923873126998764, 44.982651936707001 ], [ -0.924126641533674, 44.982656547020824 ], [ -0.924113650019585, 44.983016388485559 ], [ -0.924367166199343, 44.983020998294528 ], [ -0.924360671142644, 44.983200919045998 ], [ -0.924614188175352, 44.983205528321328 ], [ -0.924607693849534, 44.983385449095124 ], [ -0.924861211735194, 44.983390057836814 ] ] ] } },
{ "type": "Feature", "properties": { "surface_ha": 2.12 }, "geometry": { "type": "Polygon", "coordinates": [ [ [ -0.968765212419033, 44.982919424964244 ], [ -0.96877156852197, 44.982739499195823 ], [ -0.969025090577976, 44.98274400984949 ], [ -0.969037801020694, 44.982384158237203 ], [ -0.969291321552468, 44.982388668272165 ], [ -0.969310384392726, 44.981848890721317 ], [ -0.968803348140662, 44.981839870257787 ], [ -0.968796992336387, 44.982019796058196 ], [ -0.968289954739342, 44.982010773288707 ], [ -0.96828359729142, 44.982190699026425 ], [ -0.967523038968094, 44.982177160569599 ], [ -0.96752939879189, 44.981997234916335 ], [ -0.967022361792415, 44.981988206522701 ], [ -0.967035084428477, 44.981628355309631 ], [ -0.966781567602297, 44.981623840325483 ], [ -0.966787929622586, 44.981443914737511 ], [ -0.966280897733465, 44.981434883138384 ], [ -0.966249079114657, 44.982334510732549 ], [ -0.966502598989048, 44.982339026954172 ], [ -0.966496235877837, 44.982518952481975 ], [ -0.967256798235684, 44.982532497856859 ], [ -0.967250437440603, 44.982712423462736 ], [ -0.967503959138095, 44.982716937491006 ], [ -0.967497599075221, 44.982896863118654 ], [ -0.968765212419033, 44.982919424964244 ] ] ] } },
{ "type": "Feature", "properties": { "surface_ha": 1.84 }, "geometry": { "type": "Polygon", "coordinates": [ [ [ -0.946702529058582, 44.982704765978959 ], [ -0.946747503237024, 44.981445302741065 ], [ -0.947001016108857, 44.981449862182863 ], [ -0.947026711143596, 44.980730168649181 ], [ -0.947280220908302, 44.980734727414841 ], [ -0.947305911809796, 44.980015033664763 ], [ -0.946798898675511, 44.980005915798593 ], [ -0.946766776979263, 44.980905532685732 ], [ -0.946513266543437, 44.980900972766889 ], [ -0.946506841231198, 44.98108089609665 ], [ -0.946253330063884, 44.981076335586955 ], [ -0.946246903899386, 44.981256258881842 ], [ -0.945739880162188, 44.981247136118462 ], [ -0.94572702448447, 44.98160698257513 ], [ -0.945473511122706, 44.981602420292951 ], [ -0.945460653619559, 44.981962266667054 ], [ -0.945714168565125, 44.981966829006176 ], [ -0.945701312404144, 44.982326675411514 ], [ -0.94595482899395, 44.982331237245141 ], [ -0.945948401614771, 44.982511160466665 ], [ -0.946201919056905, 44.982515721766326 ], [ -0.946195492409261, 44.982695645009933 ], [ -0.946702529058582, 44.982704765978959 ] ] ] } },
{ "type": "Feature", "properties": { "surface_ha": 5.47 }, "geometry": { "type": "Polygon", "coordinates": [ [ [ -0.936581212081244, 44.981982152671947 ], [ -0.936587668639899, 44.981802230492882 ], [ -0.936841181466483, 44.981806812515543 ], [ -0.936847637172585, 44.981626890301449 ], [ -0.937608173640679, 44.98164063290946 ], [ -0.937627533268181, 44.981100865971527 ], [ -0.937881043169911, 44.981105445630355 ], [ -0.937893947701328, 44.980745600915817 ], [ -0.937640439383295, 44.980741021314095 ], [ -0.93764689234989, 44.980561098975748 ], [ -0.936632862851599, 44.980542775059554 ], [ -0.936619950523051, 44.980902619501173 ], [ -0.936366441716462, 44.98089803705907 ], [ -0.936359984669331, 44.981077959241659 ], [ -0.936106475131573, 44.981073376208606 ], [ -0.936112932970553, 44.980893454054588 ], [ -0.935859424285332, 44.980888870487746 ], [ -0.935872341364904, 44.980529026217667 ], [ -0.935111820424449, 44.98051527231457 ], [ -0.935118281248667, 44.980335350255672 ], [ -0.934864775181759, 44.980330764525213 ], [ -0.934871236737076, 44.980150842488527 ], [ -0.934617731522706, 44.98014625622433 ], [ -0.934598344299117, 44.9806860222293 ], [ -0.933837821894025, 44.98067225980504 ], [ -0.933857216243999, 44.980132494057635 ], [ -0.93360371127259, 44.980127905544059 ], [ -0.933610176726216, 44.979947983644031 ], [ -0.933863680905821, 44.97995257212898 ], [ -0.933870145506891, 44.979772650193908 ], [ -0.934123648955449, 44.979777238087898 ], [ -0.93413011270398, 44.979597316117797 ], [ -0.933876610047211, 44.979592728252413 ], [ -0.933883074526784, 44.979412806304488 ], [ -0.933376070979066, 44.979403628943977 ], [ -0.933382536981436, 44.979223707046863 ], [ -0.933636037933143, 44.979228295979674 ], [ -0.933655433200405, 44.978688530163936 ], [ -0.933401934623976, 44.978683941317058 ], [ -0.933408400383301, 44.978504019394244 ], [ -0.932647907393838, 44.97849024956551 ], [ -0.932641439259284, 44.978670171402392 ], [ -0.932894937653409, 44.978674761936254 ], [ -0.932875535260321, 44.979214527494292 ], [ -0.932622034490924, 44.979209936874511 ], [ -0.932615566113235, 44.979389858685686 ], [ -0.932108563173266, 44.979380675701876 ], [ -0.932089152924766, 44.979920440925049 ], [ -0.93284966455198, 44.979934214815074 ], [ -0.932830260882531, 44.980473980238166 ], [ -0.933083767255268, 44.980478570496089 ], [ -0.93307083275538, 44.98083841413667 ], [ -0.933324340772551, 44.980843003889476 ], [ -0.933317874223284, 44.981022925728738 ], [ -0.933064365414273, 44.981018335947297 ], [ -0.933044963026283, 44.981558101340724 ], [ -0.933551985456206, 44.981567280512998 ], [ -0.933571383093064, 44.981027514947819 ], [ -0.934585419179735, 44.98104586620051 ], [ -0.934578956528945, 44.981225788176459 ], [ -0.935085976520412, 44.98123496048585 ], [ -0.935079515392609, 44.981414882512603 ], [ -0.935586537210668, 44.981424052629713 ], [ -0.935580077605883, 44.981603974707241 ], [ -0.935833589397843, 44.981608558950832 ], [ -0.935827130524228, 44.981788481050557 ], [ -0.936334155873989, 44.981797647907818 ], [ -0.936327698523448, 44.981977570058298 ], [ -0.936581212081244, 44.981982152671947 ] ] ] } },
{ "type": "Feature", "properties": { "surface_ha": 1.92 }, "geometry": { "type": "Polygon", "coordinates": [ [ [ -0.968613392781024, 44.980036101107757 ], [ -0.968619748720173, 44.979856175265084 ], [ -0.968366239454441, 44.979851663936863 ], [ -0.968372596125721, 44.979671738115954 ], [ -0.968879613133192, 44.979680760153741 ], [ -0.968885968161025, 44.979500834270119 ], [ -0.968632460419281, 44.979496323560568 ], [ -0.968638816179241, 44.97931639769871 ], [ -0.968892323129137, 44.979320908380139 ], [ -0.968898678037527, 44.979140982483734 ], [ -0.969152184255304, 44.979145492574652 ], [ -0.969164892309269, 44.97878564070637 ], [ -0.969418397003097, 44.978790150178661 ], [ -0.969424750148692, 44.978610224206783 ], [ -0.968410734898948, 44.978592183056058 ], [ -0.968417091152084, 44.978412257190335 ], [ -0.96765658271737, 44.97839872050703 ], [ -0.967662941286176, 44.978218794719382 ], [ -0.967409439385904, 44.978214281395076 ], [ -0.96737764198525, 44.979113910128618 ], [ -0.967124136185669, 44.979109396101158 ], [ -0.96711777573441, 44.979289321800508 ], [ -0.966864269202767, 44.979284807182538 ], [ -0.966857907899892, 44.979464732847319 ], [ -0.96736492260664, 44.979473761577253 ], [ -0.967352202988964, 44.979833613000253 ], [ -0.968112730248446, 44.979847152046261 ], [ -0.96810637272556, 44.980027077832645 ], [ -0.968613392781024, 44.980036101107757 ] ], [ [ -0.968119087711587, 44.979667226253525 ], [ -0.967612071062562, 44.979658200841513 ], [ -0.967624788977008, 44.979298349349371 ], [ -0.967371282325826, 44.979293835856133 ], [ -0.96737764198525, 44.979113910128618 ], [ -0.967884653763696, 44.979122936496459 ], [ -0.967871937552449, 44.979482788057666 ], [ -0.968125445114985, 44.979487300454331 ], [ -0.968119087711587, 44.979667226253525 ] ] ] } },
{ "type": "Feature", "properties": { "surface_ha": 2.52 }, "geometry": { "type": "Polygon", "coordinates": [ [ [ -0.934403003927303, 44.979062137386094 ], [ -0.934409466641109, 44.978882215361651 ], [ -0.934662966252261, 44.978886801987919 ], [ -0.93466942811358, 44.978706879928453 ], [ -0.9349229269937, 44.978711465963784 ], [ -0.934929388002549, 44.978531543869288 ], [ -0.93518288615164, 44.978536129313696 ], [ -0.93518934630803, 44.97835620718417 ], [ -0.935949838744289, 44.978369960057705 ], [ -0.935956296464769, 44.978190037835951 ], [ -0.936463290142236, 44.978199203549558 ], [ -0.936469746218574, 44.978019281264231 ], [ -0.93621625014123, 44.978014698717168 ], [ -0.936222706948618, 44.977834776453989 ], [ -0.93672969758053, 44.977843940928629 ], [ -0.936723242356586, 44.978023863248971 ], [ -0.93697673855526, 44.978028444671409 ], [ -0.936983192987481, 44.977848522322496 ], [ -0.937490183983335, 44.977857683423316 ], [ -0.937496636771467, 44.97767776101081 ], [ -0.937750131568637, 44.977682340689213 ], [ -0.93775658350442, 44.977502418241698 ], [ -0.938010077570509, 44.977506997329208 ], [ -0.938003626426435, 44.977686919805279 ], [ -0.938510616323895, 44.977696076350519 ], [ -0.938517065884545, 44.977516153817362 ], [ -0.93826357169722, 44.977511575854436 ], [ -0.938270021988966, 44.977331653343391 ], [ -0.93801652865396, 44.977327074846741 ], [ -0.938022979676789, 44.977147152357837 ], [ -0.937009010109838, 44.977128832862576 ], [ -0.937015464238801, 44.976948910481546 ], [ -0.936761972790355, 44.97694432923057 ], [ -0.936768427650348, 44.976764406871688 ], [ -0.936261446518796, 44.97675524274009 ], [ -0.936254990075447, 44.976935165041759 ], [ -0.936001498809, 44.976930582103954 ], [ -0.9359756692621, 44.977650271132205 ], [ -0.935468680577693, 44.977641103340943 ], [ -0.935462221455838, 44.977821025524754 ], [ -0.935208726412963, 44.977816440757053 ], [ -0.935202266438691, 44.977996362905863 ], [ -0.934948770664803, 44.977991777547274 ], [ -0.934935848950682, 44.978351621768375 ], [ -0.934682351654048, 44.97834703579025 ], [ -0.934675889914175, 44.978526957862556 ], [ -0.934168893919605, 44.978517784162186 ], [ -0.934149503585122, 44.979057550168889 ], [ -0.934403003927303, 44.979062137386094 ] ] ] } },
{ "type": "Feature", "properties": { "surface_ha": 2.56 }, "geometry": { "type": "Polygon", "coordinates": [ [ [ -0.947103790452803, 44.978571087432336 ], [ -0.947110213336225, 44.978391163955891 ], [ -0.947363712807381, 44.978395722351841 ], [ -0.947370134838685, 44.978215798840552 ], [ -0.94762363357843, 44.978220356645792 ], [ -0.947630054757634, 44.978040433099643 ], [ -0.94839054896363, 44.978054103056074 ], [ -0.948403386390556, 44.977694255774011 ], [ -0.948656882996379, 44.977698811244672 ], [ -0.948663300827632, 44.977518887565601 ], [ -0.948916796702033, 44.977523442445531 ], [ -0.94892321368125, 44.977343518731637 ], [ -0.949430204027496, 44.977352626747759 ], [ -0.94944303463816, 44.9769927791871 ], [ -0.948429060520598, 44.976974561132934 ], [ -0.948435478902321, 44.976794637456628 ], [ -0.947675001322536, 44.976780968097131 ], [ -0.947668580565707, 44.976960891688172 ], [ -0.947415087368076, 44.976956334081997 ], [ -0.947408665759203, 44.977136257638179 ], [ -0.947155171830206, 44.977131699441252 ], [ -0.947123058921997, 44.978031316983795 ], [ -0.94686956109471, 44.978026758082365 ], [ -0.946875984588804, 44.977846834615136 ], [ -0.946368990698813, 44.977837715182233 ], [ -0.946375415716017, 44.977657791765473 ], [ -0.946628911839093, 44.977662351734622 ], [ -0.946635336004191, 44.977482428283004 ], [ -0.945874850191284, 44.977468746773965 ], [ -0.945868423651006, 44.977648670140212 ], [ -0.945614927709083, 44.977644108484128 ], [ -0.945608500316677, 44.977824031815537 ], [ -0.945861997050332, 44.977828593500064 ], [ -0.945849143667812, 44.978188440200547 ], [ -0.946102642045347, 44.97819300137968 ], [ -0.946096216055253, 44.978372924748754 ], [ -0.946603214574994, 44.978382045476955 ], [ -0.94659679010804, 44.978561968896514 ], [ -0.947103790452803, 44.978571087432336 ] ], [ [ -0.947896393359866, 44.977685143145735 ], [ -0.947642896935018, 44.977680585988146 ], [ -0.947649317933197, 44.977500662422777 ], [ -0.947902813566316, 44.977505219551936 ], [ -0.947896393359866, 44.977685143145735 ] ], [ [ -0.948156309259765, 44.977509776118801 ], [ -0.947902813566316, 44.977505219551936 ], [ -0.94791565379822, 44.977145372345092 ], [ -0.948169147908232, 44.977149928855113 ], [ -0.948156309259765, 44.977509776118801 ] ] ] } },
{ "type": "Feature", "properties": { "surface_ha": 2.6 }, "geometry": { "type": "Polygon", "coordinates": [ [ [ -0.964075701301817, 44.979235109268913 ], [ -0.964094810981949, 44.978695333166236 ], [ -0.964348314480141, 44.978699853885601 ], [ -0.964373790048436, 44.977980152212922 ], [ -0.9646272904393, 44.977984672257129 ], [ -0.964646394111789, 44.97744489585083 ], [ -0.964899892187186, 44.977449415248103 ], [ -0.964906259166578, 44.977269489738333 ], [ -0.964652761882938, 44.977264970369255 ], [ -0.96465912959425, 44.977085044881264 ], [ -0.964405633162193, 44.977080524978057 ], [ -0.964412001605402, 44.976900599511872 ], [ -0.963651515043561, 44.976887036512927 ], [ -0.963645144225138, 44.977066961894494 ], [ -0.963391648032512, 44.977062439741985 ], [ -0.963385276362476, 44.977242365088962 ], [ -0.963131779437983, 44.97723784234595 ], [ -0.96312540691632, 44.977417767658274 ], [ -0.962871909259959, 44.977413244324723 ], [ -0.962865535886655, 44.977593169602443 ], [ -0.962612037498432, 44.977588645678345 ], [ -0.962599288988603, 44.977948496158085 ], [ -0.962852788960363, 44.977953020138642 ], [ -0.962846415407375, 44.978132945397164 ], [ -0.963353417114129, 44.978141991727689 ], [ -0.963340672995635, 44.97850184233836 ], [ -0.96308717052873, 44.978497319397825 ], [ -0.963074424587096, 44.978857169926471 ], [ -0.963327928637613, 44.978861692923424 ], [ -0.96332155636878, 44.979041618206345 ], [ -0.963828566233093, 44.979050662569641 ], [ -0.963822195488028, 44.979230587902563 ], [ -0.964075701301817, 44.979235109268913 ] ] ] } },
{ "type": "Feature", "properties": { "surface_ha": 3.8 }, "geometry": { "type": "Polygon", "coordinates": [ [ [ -0.913421436546351, 44.977060207832047 ], [ -0.913427964421854, 44.976880288136755 ], [ -0.913681451841999, 44.976884921174381 ], [ -0.91368797886453, 44.976705001443719 ], [ -0.913941465554379, 44.976709633890195 ], [ -0.913947991723953, 44.976529714124204 ], [ -0.914201477683507, 44.97653434597953 ], [ -0.914221053449453, 44.975994586556304 ], [ -0.913967569864728, 44.975989954787657 ], [ -0.913961043879129, 44.976169874572939 ], [ -0.913707559564126, 44.976165242213192 ], [ -0.913701032725594, 44.976345161963124 ], [ -0.913194062696377, 44.976335895499055 ], [ -0.913187534213283, 44.976515815184761 ], [ -0.912173591724627, 44.976497275393967 ], [ -0.912180123374172, 44.976317355823909 ], [ -0.912433608112677, 44.976321991586083 ], [ -0.912440138909238, 44.976142071980661 ], [ -0.912947106987139, 44.976151341760399 ], [ -0.912953636139138, 44.975971422090723 ], [ -0.911179254481738, 44.975938968224789 ], [ -0.911185789113501, 44.975759048751144 ], [ -0.910932307056733, 44.975754410264528 ], [ -0.910938842418669, 44.975574490813379 ], [ -0.910685361214891, 44.975569851793487 ], [ -0.910691897306987, 44.975389932364813 ], [ -0.910438416956196, 44.975385292811666 ], [ -0.910444953778436, 44.975205373405501 ], [ -0.910191474280632, 44.975200733319042 ], [ -0.910211086753443, 44.974660975148737 ], [ -0.909450655752557, 44.974647051776593 ], [ -0.90943103615584, 44.975186809686313 ], [ -0.909684515469325, 44.975191451459445 ], [ -0.909677976272406, 44.975371370778781 ], [ -0.909931456438897, 44.975376012018636 ], [ -0.909918379443853, 44.975735850695848 ], [ -0.909664897694218, 44.975731209398063 ], [ -0.909658358312953, 44.975911128698073 ], [ -0.90991184085417, 44.97591577002477 ], [ -0.909892224716462, 44.976455527972981 ], [ -0.909638739800454, 44.976450886559405 ], [ -0.909625660484864, 44.97681072510143 ], [ -0.910639606850459, 44.976829287613839 ], [ -0.910646143372499, 44.976649368230262 ], [ -0.91166008755438, 44.976667921630835 ], [ -0.911666620848534, 44.976488002125052 ], [ -0.911920106255888, 44.976492639040622 ], [ -0.911907041189426, 44.976852478103581 ], [ -0.912160528241407, 44.976857114514765 ], [ -0.91215399640773, 44.977037034065489 ], [ -0.913421436546351, 44.977060207832047 ] ] ] } },
{ "type": "Feature", "properties": { "surface_ha": 1.12 }, "geometry": { "type": "Polygon", "coordinates": [ [ [ -0.914891091151644, 44.971505849515822 ], [ -0.914897613168836, 44.971325929476507 ], [ -0.915151076358404, 44.971330558807487 ], [ -0.915183681568191, 44.970430958369953 ], [ -0.914676763164216, 44.970421699434645 ], [ -0.91468980798467, 44.970061859330087 ], [ -0.914182892991283, 44.970052598261759 ], [ -0.914176369028987, 44.970232518259493 ], [ -0.913922910832886, 44.970227886853259 ], [ -0.913916386017925, 44.970407806815636 ], [ -0.913662927091768, 44.970403174818365 ], [ -0.913656401424129, 44.970583094745429 ], [ -0.91416332092049, 44.970592358235614 ], [ -0.914156796774287, 44.970772278214035 ], [ -0.913903336204073, 44.9707676467211 ], [ -0.913896811205184, 44.970947566664179 ], [ -0.914150272566783, 44.970952198185998 ], [ -0.914143748297974, 44.971132118151544 ], [ -0.91439721051227, 44.971136749140086 ], [ -0.914390686973557, 44.971316669128065 ], [ -0.914644150040551, 44.971321299583366 ], [ -0.914637627231951, 44.971501219593812 ], [ -0.914891091151644, 44.971505849515822 ] ] ] } },
{ "type": "Feature", "properties": { "surface_ha": 3.88 }, "geometry": { "type": "Polygon", "coordinates": [ [ [ -0.937123351558042, 44.966868667244626 ], [ -0.937129803022337, 44.966688744526166 ], [ -0.937383249356925, 44.966693324148402 ], [ -0.937389699969346, 44.966513401394934 ], [ -0.937136254426014, 44.966508821801277 ], [ -0.937162059434562, 44.9657891308375 ], [ -0.937415501812944, 44.96579371031693 ], [ -0.937454202760153, 44.964714173507225 ], [ -0.93720076512897, 44.964709594199242 ], [ -0.937213666542219, 44.964349748601776 ], [ -0.936960230553988, 44.964345168788881 ], [ -0.936966681960856, 44.964165246009109 ], [ -0.936713246824399, 44.964160665662725 ], [ -0.936719698961804, 44.963980742905086 ], [ -0.936973133307112, 44.963985323222907 ], [ -0.93699248698219, 44.963445554825725 ], [ -0.935725327728963, 44.963422648045125 ], [ -0.935718872608916, 44.963602570707685 ], [ -0.935972305129418, 44.963607153216451 ], [ -0.935959396289643, 44.963966998579515 ], [ -0.935199094163284, 44.963953249195661 ], [ -0.935192637278989, 44.964133171781761 ], [ -0.934939202567046, 44.964128587501136 ], [ -0.93493274483093, 44.96430851005227 ], [ -0.934425874006772, 44.964299339747697 ], [ -0.934412955187864, 44.964659184716226 ], [ -0.934666392151927, 44.964663770206727 ], [ -0.934659933442612, 44.96484369270997 ], [ -0.934913371258532, 44.964848277667031 ], [ -0.934919829176676, 44.964668355135188 ], [ -0.935680140614951, 44.964682106548246 ], [ -0.935673685070336, 44.964862029165914 ], [ -0.93618056124816, 44.96487119402159 ], [ -0.93617410722526, 44.965051116689963 ], [ -0.936680985228017, 44.965060279354581 ], [ -0.936674532726867, 44.965240202073723 ], [ -0.936927972610383, 44.965244782591519 ], [ -0.93691506900861, 44.965604628067616 ], [ -0.936408186137378, 44.965595466355644 ], [ -0.936401732663128, 44.965775389026909 ], [ -0.936655174859646, 44.965779970192507 ], [ -0.936648722115982, 44.965959892885934 ], [ -0.935888393334673, 44.965946147617167 ], [ -0.935869027618755, 44.96648591540167 ], [ -0.93612247285893, 44.966490497805744 ], [ -0.936116018290236, 44.966670420416335 ], [ -0.936622910535023, 44.966679583595401 ], [ -0.936616457488204, 44.966859506256725 ], [ -0.937123351558042, 44.966868667244626 ] ] ] } },
{ "type": "Feature", "properties": { "surface_ha": 2.52 }, "geometry": { "type": "Polygon", "coordinates": [ [ [ -0.901960405859637, 44.96442743938141 ], [ -0.901986648796346, 44.963707764231771 ], [ -0.902240076349423, 44.963712421602921 ], [ -0.902246636138437, 44.963532502770356 ], [ -0.901993209376423, 44.963527845428239 ], [ -0.901999769894859, 44.963347926618283 ], [ -0.902253195865819, 44.963352583931332 ], [ -0.902259755531571, 44.963172665085871 ], [ -0.901499480176754, 44.96315869154796 ], [ -0.901506042153992, 44.962978772783217 ], [ -0.901759466419581, 44.962983431162108 ], [ -0.901766027544139, 44.962803512361859 ], [ -0.901512604069578, 44.962798854012036 ], [ -0.901538851115416, 44.962079178862837 ], [ -0.901285430866555, 44.962074520067297 ], [ -0.901298555601559, 44.961714682512117 ], [ -0.901805392996971, 44.961723999424997 ], [ -0.901811953690034, 44.961544080579657 ], [ -0.901305117876579, 44.961534763724892 ], [ -0.901311680089946, 44.961354844931165 ], [ -0.901058263066664, 44.961350185689945 ], [ -0.901051700062328, 44.961530104454567 ], [ -0.900544864618819, 44.961520784228107 ], [ -0.900512040762289, 44.96242037766384 ], [ -0.900258619178093, 44.962415716562298 ], [ -0.900252053430739, 44.962595635201019 ], [ -0.900505475805949, 44.962600296331651 ], [ -0.900485780566838, 44.963140052296382 ], [ -0.901246055181777, 44.963154032578046 ], [ -0.901239492351842, 44.96333395130727 ], [ -0.900986066627481, 44.963329291746305 ], [ -0.900959811526869, 44.964048966482487 ], [ -0.900706382699927, 44.964044306243245 ], [ -0.900699817979518, 44.964224224882102 ], [ -0.901206677277235, 44.964233544856718 ], [ -0.901213240415482, 44.964053626159739 ], [ -0.901466669365759, 44.964058285274987 ], [ -0.901453544609773, 44.964418122720666 ], [ -0.901960405859637, 44.96442743938141 ] ], [ [ -0.901479793875121, 44.963698447803509 ], [ -0.901226366506986, 44.963693788746383 ], [ -0.901232929460245, 44.963513870030049 ], [ -0.901486356037321, 44.963518529058113 ], [ -0.901479793875121, 44.963698447803509 ] ], [ [ -0.901252617950053, 44.962974113842364 ], [ -0.900999193807775, 44.962969454339515 ], [ -0.90100575730542, 44.962789535626463 ], [ -0.901259180656669, 44.96279419510023 ], [ -0.901252617950053, 44.962974113842364 ] ] ] } },
{ "type": "Feature", "properties": { "surface_ha": 2.04 }, "geometry": { "type": "Polygon", "coordinates": [ [ [ -0.889434142782051, 44.960235665920841 ], [ -0.889447340752464, 44.959875830989247 ], [ -0.889700749395328, 44.959880515874978 ], [ -0.889707347496658, 44.959700598370276 ], [ -0.888693716460721, 44.959681855572889 ], [ -0.888700317663544, 44.959501938178626 ], [ -0.890220759844189, 44.959530048827979 ], [ -0.890227356239816, 44.959350131251924 ], [ -0.890734169214162, 44.95935949691475 ], [ -0.890740763966099, 44.959179579273844 ], [ -0.890487358238803, 44.959174896752586 ], [ -0.890500549138504, 44.958815061509782 ], [ -0.890753953284105, 44.958819743972633 ], [ -0.890760547850172, 44.958639826312329 ], [ -0.890253741202606, 44.958630460883185 ], [ -0.890260337288378, 44.95845054327485 ], [ -0.891273947668012, 44.958469271768813 ], [ -0.891293726063739, 44.957929518554643 ], [ -0.891547126441065, 44.957934199185836 ], [ -0.891553718324964, 44.95775428140567 ], [ -0.891046919213853, 44.957744919639801 ], [ -0.891027138631515, 44.958284672785766 ], [ -0.890520335023334, 44.958275308597173 ], [ -0.890526930194355, 44.958095390946738 ], [ -0.890273529274016, 44.95809070803886 ], [ -0.890286721011784, 44.957730872777063 ], [ -0.890033321735016, 44.957726189365729 ], [ -0.890006934848373, 44.958445859746675 ], [ -0.889753532470345, 44.958441175656624 ], [ -0.889746934802917, 44.95862109320651 ], [ -0.889493531696046, 44.958616408525359 ], [ -0.889473735949332, 44.959156161048625 ], [ -0.88922033053193, 44.959151475717889 ], [ -0.889213731034851, 44.959331393183511 ], [ -0.888960324888595, 44.959326707261674 ], [ -0.888966925176531, 44.959146789825304 ], [ -0.888713519883139, 44.95914210337083 ], [ -0.88870691880435, 44.959322020777954 ], [ -0.888453512782121, 44.959317333732358 ], [ -0.888433706801047, 44.959857085827331 ], [ -0.88818029846824, 44.959852398132099 ], [ -0.888167092588956, 44.96021223277134 ], [ -0.889434142782051, 44.960235665920841 ] ], [ [ -0.889187332426502, 44.960051062981414 ], [ -0.888427104683304, 44.960037003179423 ], [ -0.888433706801047, 44.959857085827331 ], [ -0.889193932171594, 44.959871145541626 ], [ -0.889187332426502, 44.960051062981414 ] ], [ [ -0.889973949845598, 44.959345447577661 ], [ -0.889467137243107, 44.959336078543444 ], [ -0.889473735949332, 44.959156161048625 ], [ -0.88998054697011, 44.959165530024386 ], [ -0.889973949845598, 44.959345447577661 ] ], [ [ -0.889987144032641, 44.95898561246463 ], [ -0.889733739282108, 44.958980928286891 ], [ -0.889746934802917, 44.95862109320651 ], [ -0.890000337971773, 44.958625777325807 ], [ -0.889987144032641, 44.95898561246463 ] ] ] } },
{ "type": "Feature", "properties": { "surface_ha": 9.27 }, "geometry": { "type": "Polygon", "coordinates": [ [ [ -0.945609210042706, 44.963600948309981 ], [ -0.945641330465501, 44.962701329339389 ], [ -0.946148190792399, 44.962710449614967 ], [ -0.946186723814906, 44.961630906297188 ], [ -0.946440149322328, 44.961635465421288 ], [ -0.946452991598331, 44.961275617540494 ], [ -0.946199567673033, 44.961271058473272 ], [ -0.946205989511592, 44.961091134551708 ], [ -0.946459412645839, 44.961095693590494 ], [ -0.946465833633018, 44.960915769634035 ], [ -0.946719256036552, 44.960920328082416 ], [ -0.946732096247863, 44.96056048009342 ], [ -0.94698551712965, 44.96056503792294 ], [ -0.946998355517652, 44.960205189851429 ], [ -0.946744936217902, 44.960200632078802 ], [ -0.946770615434174, 44.959480935972564 ], [ -0.946517199358721, 44.959476377751713 ], [ -0.946523619802977, 44.959296453737529 ], [ -0.946777035087453, 44.959301011929959 ], [ -0.946789874213071, 44.958941163825543 ], [ -0.947296701799092, 44.958950278410832 ], [ -0.947303119689519, 44.95877035429212 ], [ -0.947049706657313, 44.958765797308885 ], [ -0.94706254383917, 44.958405949109128 ], [ -0.946555721119451, 44.958396833570539 ], [ -0.946536460510527, 44.958936605689978 ], [ -0.946029633286405, 44.958927487733028 ], [ -0.946023211380871, 44.959107411703144 ], [ -0.945769797068346, 44.959102851853295 ], [ -0.945763374311509, 44.959282775788544 ], [ -0.945509959268363, 44.959278215348299 ], [ -0.945497111991701, 44.959638063142663 ], [ -0.945243695426951, 44.959633502083562 ], [ -0.945237270907105, 44.959813425942656 ], [ -0.944983853611729, 44.959808864293151 ], [ -0.944977428240527, 44.959988788117357 ], [ -0.944724010214527, 44.959984225877427 ], [ -0.944717583991953, 44.960164149666795 ], [ -0.944464165235327, 44.960159586836433 ], [ -0.944457738161369, 44.960339510590906 ], [ -0.944204318674119, 44.960334947170118 ], [ -0.944197890748763, 44.960514870889675 ], [ -0.943944470530892, 44.960510306878433 ], [ -0.943931612916946, 44.96087015424142 ], [ -0.943678191177425, 44.960865589611267 ], [ -0.943671761488814, 44.961045513254653 ], [ -0.943418339018667, 44.961040948034039 ], [ -0.943405477878124, 44.9614007952446 ], [ -0.943152053886306, 44.96139622940504 ], [ -0.943132759349154, 44.961936000087327 ], [ -0.94287933304457, 44.961931433600284 ], [ -0.942866468135498, 44.962291280632741 ], [ -0.943119896022245, 44.962295847176748 ], [ -0.94310703245362, 44.962655694240517 ], [ -0.943360461982989, 44.962660260279463 ], [ -0.943354030899139, 44.962840183830224 ], [ -0.943607461280042, 44.962844749335659 ], [ -0.943601030926884, 44.963024672908432 ], [ -0.943854462159321, 44.963029237880349 ], [ -0.943848032536871, 44.963209161475227 ], [ -0.944101464620844, 44.963213725913533 ], [ -0.944120750933613, 44.962673955024279 ], [ -0.944374180704636, 44.962678518815146 ], [ -0.944367752785226, 44.962858442479799 ], [ -0.944621183407752, 44.962863005737155 ], [ -0.944614756219068, 44.963042929423857 ], [ -0.944361324805422, 44.963038366138044 ], [ -0.944354896765222, 44.96321828978985 ], [ -0.944608328969993, 44.963222853104121 ], [ -0.944601901660533, 44.963402776778004 ], [ -0.945108767833508, 44.963411901777405 ], [ -0.945102342045943, 44.963591825501766 ], [ -0.945609210042706, 44.963600948309981 ] ], [ [ -0.94462761053605, 44.962683082044023 ], [ -0.944374180704636, 44.962678518815146 ], [ -0.944380608563653, 44.962498595144083 ], [ -0.944634037603961, 44.962503158344511 ], [ -0.94462761053605, 44.962683082044023 ] ], [ [ -0.946738516263043, 44.960380556089341 ], [ -0.946485096232595, 44.960375997726274 ], [ -0.94649151697847, 44.960196073744214 ], [ -0.946744936217902, 44.960200632078802 ], [ -0.946738516263043, 44.960380556089341 ] ] ] } },
{ "type": "Feature", "properties": { "surface_ha": 1.12 }, "geometry": { "type": "Polygon", "coordinates": [ [ [ -0.88145089989132, 44.956667035931382 ], [ -0.881470769130875, 44.956127285967227 ], [ -0.881217378353508, 44.956122583125655 ], [ -0.881224002099626, 44.955942666487338 ], [ -0.881477392086286, 44.955947369299572 ], [ -0.881490637810453, 44.955587535944915 ], [ -0.881237249405183, 44.955582833191365 ], [ -0.881257119896831, 44.955043083198937 ], [ -0.881003733925814, 44.95503837997159 ], [ -0.880990485412261, 44.955398213247669 ], [ -0.880737097922133, 44.955393509399833 ], [ -0.8807437230007, 44.955213592794401 ], [ -0.880490336363484, 44.955208888414106 ], [ -0.880477084562753, 44.955568721559864 ], [ -0.880223696406429, 44.955564016559087 ], [ -0.880217069622003, 44.955743933092926 ], [ -0.880470458569016, 44.955748638123069 ], [ -0.880463832513032, 44.955928554679794 ], [ -0.879957053099866, 44.955919143999012 ], [ -0.879937169814153, 44.956458893454311 ], [ -0.880443953971583, 44.956468304311237 ], [ -0.880457206394799, 44.956108471230053 ], [ -0.880963987638368, 44.956117879722278 ], [ -0.880950738378015, 44.95647771292083 ], [ -0.88120413067459, 44.956482416382869 ], [ -0.881197506741788, 44.956662333001809 ], [ -0.88145089989132, 44.956667035931382 ] ], [ [ -0.881230625783517, 44.955762749842606 ], [ -0.880977236649781, 44.955758046497898 ], [ -0.880983861062138, 44.95557812987601 ], [ -0.881237249405183, 44.955582833191365 ], [ -0.881230625783517, 44.955762749842606 ] ] ] } },
{ "type": "Feature", "properties": { "surface_ha": 5.71 }, "geometry": { "type": "Polygon", "coordinates": [ [ [ -0.919272220819154, 44.955562283672506 ], [ -0.919278725523587, 44.95538236262778 ], [ -0.919025331883517, 44.955377743732114 ], [ -0.919031837317593, 44.955197822709742 ], [ -0.918018266531553, 44.955179341623968 ], [ -0.918024775067487, 44.954999420710479 ], [ -0.917771383314563, 44.954994799063243 ], [ -0.917790910927677, 44.954455036370653 ], [ -0.916523964941366, 44.954431920139577 ], [ -0.916517451844559, 44.954611840899325 ], [ -0.916264062040115, 44.954607215938786 ], [ -0.916257548091399, 44.954787136663271 ], [ -0.915497376673104, 44.954773258324067 ], [ -0.915529957665332, 44.953873655070225 ], [ -0.915276571268517, 44.953869027977817 ], [ -0.915270054401814, 44.954048948612602 ], [ -0.915016667275534, 44.954044320929498 ], [ -0.915003631777057, 44.954404162122025 ], [ -0.914750243130607, 44.954399533819377 ], [ -0.914763280210484, 44.954039692684624 ], [ -0.91450989320667, 44.954035063877903 ], [ -0.914496854545396, 44.95439490495491 ], [ -0.913736689157275, 44.95438101499056 ], [ -0.913743210890638, 44.954201094541943 ], [ -0.91348982334116, 44.954196463459063 ], [ -0.913496345803947, 44.954016543032893 ], [ -0.913242959106436, 44.954011911417098 ], [ -0.913236435852956, 44.954191831814384 ], [ -0.912983048426035, 44.954187199607901 ], [ -0.912996096453087, 44.953827358864643 ], [ -0.912742710668831, 44.953822726154137 ], [ -0.9127492353811, 44.953642805801763 ], [ -0.912495850448814, 44.953638172558328 ], [ -0.91248932494587, 44.953818092881811 ], [ -0.912235939284213, 44.953813459047673 ], [ -0.912229412929285, 44.953993379335806 ], [ -0.911976026538258, 44.95398874491093 ], [ -0.911969499331332, 44.954168665163699 ], [ -0.911716112210936, 44.954164030148121 ], [ -0.911722640208553, 44.953984109924264 ], [ -0.911469253940173, 44.953979474375757 ], [ -0.911462725151868, 44.954159394570716 ], [ -0.910955951217747, 44.954150121730478 ], [ -0.910949420786723, 44.954330041861112 ], [ -0.910696033120991, 44.954325404569346 ], [ -0.910702564342707, 44.954145484467603 ], [ -0.910449177529025, 44.95414084664295 ], [ -0.910436113442843, 44.954500686782097 ], [ -0.910689501837916, 44.95450532466463 ], [ -0.910682970493481, 44.95468524475347 ], [ -0.910936359740619, 44.954689882103111 ], [ -0.910929829125541, 44.954869802214454 ], [ -0.911689999607186, 44.954883710979168 ], [ -0.911676942937333, 44.95524355135607 ], [ -0.91142355113399, 44.95523891560515 ], [ -0.911417021916325, 44.955418835755012 ], [ -0.911923807165824, 44.955428106752841 ], [ -0.911943389890406, 44.954888346110401 ], [ -0.912450170640806, 44.954897614687411 ], [ -0.91244364470872, 44.95507753496581 ], [ -0.912697035966611, 44.95508216844047 ], [ -0.91270356110797, 44.954902248133145 ], [ -0.913463732877241, 44.954916145099403 ], [ -0.913450687277616, 44.955275985880981 ], [ -0.913704079571406, 44.955280617137191 ], [ -0.913710601611122, 44.955100696720756 ], [ -0.914217384801036, 44.955109957489896 ], [ -0.914210864342797, 44.955289877964091 ], [ -0.914717649359218, 44.955299136543637 ], [ -0.914730687051497, 44.954939295473238 ], [ -0.915237469149941, 44.954948551689924 ], [ -0.915230951915889, 44.955128472286084 ], [ -0.915991127894941, 44.955142352483946 ], [ -0.915984612971889, 44.955322273160256 ], [ -0.916238005878072, 44.955326898798056 ], [ -0.916244520010378, 44.955146978092891 ], [ -0.916497912187012, 44.955151603139996 ], [ -0.916484885442696, 44.955511444601591 ], [ -0.91673827926202, 44.955516069144551 ], [ -0.916751304424836, 44.955156227625253 ], [ -0.917004696723844, 44.955160851548676 ], [ -0.916998184963774, 44.955340772340385 ], [ -0.917251578114704, 44.955345395730816 ], [ -0.917245067084212, 44.955525316544943 ], [ -0.917498461087063, 44.955529939402354 ], [ -0.917504971326801, 44.955350018559393 ], [ -0.918771938304564, 44.955373124274615 ], [ -0.91876543201861, 44.955553045261702 ], [ -0.919272220819154, 44.955562283672506 ] ], [ [ -0.912469748069216, 44.954357853813569 ], [ -0.91221636003549, 44.954353219892717 ], [ -0.912222886513043, 44.954173299617466 ], [ -0.912476273756071, 44.954177933509399 ], [ -0.912469748069216, 44.954357853813569 ] ] ] } },
{ "type": "Feature", "properties": { "surface_ha": 17.38 }, "geometry": { "type": "Polygon", "coordinates": [ [ [ -0.937407158651929, 44.95895206155793 ], [ -0.937426504863494, 44.958412292535705 ], [ -0.937933324813069, 44.9584214485903 ], [ -0.937959112586397, 44.957701756242344 ], [ -0.937705705744937, 44.957697178610232 ], [ -0.937718600849954, 44.957337332454827 ], [ -0.938478816810735, 44.957351063494066 ], [ -0.938485261899768, 44.957171140321087 ], [ -0.938738666550269, 44.957175716181794 ], [ -0.938764443137475, 44.956456023311475 ], [ -0.9390178446851, 44.956460598496122 ], [ -0.939062945846211, 44.955201135526124 ], [ -0.939316341918665, 44.955205709949105 ], [ -0.939329225838366, 44.954845863271416 ], [ -0.939582620389776, 44.954850437075478 ], [ -0.939589061468075, 44.954670513698439 ], [ -0.939842455289228, 44.954675086912125 ], [ -0.939848895516251, 44.954495163500169 ], [ -0.940102288607142, 44.954499736123466 ], [ -0.940108727982903, 44.95431981267658 ], [ -0.94086890524625, 44.954333527089787 ], [ -0.940875342189259, 44.954153603550907 ], [ -0.940621950498413, 44.954149032670188 ], [ -0.940628388171696, 44.953969109153391 ], [ -0.940374997332074, 44.953964537739338 ], [ -0.940394312361237, 44.953424767236029 ], [ -0.940140923954288, 44.953420195345728 ], [ -0.940147362967086, 44.953240271860317 ], [ -0.939893975411341, 44.953235699436711 ], [ -0.939906854836868, 44.952875852503638 ], [ -0.939146697276861, 44.952862132033005 ], [ -0.939153139270946, 44.952682208642436 ], [ -0.938899754329328, 44.952677634057125 ], [ -0.938893311544555, 44.952857557419165 ], [ -0.937879769220678, 44.95283925334553 ], [ -0.93784753857472, 44.953738869488411 ], [ -0.93810092801841, 44.953743446492304 ], [ -0.938075145574528, 44.95446313940527 ], [ -0.937821752967872, 44.954458562287158 ], [ -0.937815306414756, 44.954638485470795 ], [ -0.937308519801626, 44.954629329491908 ], [ -0.937289175034249, 44.955169098832926 ], [ -0.937035779446231, 44.95516451991503 ], [ -0.937016431761243, 44.955704289112575 ], [ -0.936763033861433, 44.95569970954709 ], [ -0.936756583721115, 44.955879632571516 ], [ -0.936503185091095, 44.9558750524156 ], [ -0.936496734099365, 44.956054975405067 ], [ -0.936243334739134, 44.956050394658689 ], [ -0.936236882895974, 44.956230317613119 ], [ -0.935983482805537, 44.956225736276295 ], [ -0.935977030110935, 44.956405659195731 ], [ -0.9352168278309, 44.956391911728197 ], [ -0.935210372703171, 44.956571834555476 ], [ -0.93318316296535, 44.956535149690332 ], [ -0.933176701450267, 44.956715072282307 ], [ -0.932923299715298, 44.956710484117067 ], [ -0.932929762021217, 44.956530561553684 ], [ -0.932676361137794, 44.956525972855175 ], [ -0.932637581646461, 44.957605507967259 ], [ -0.932890987275, 44.957610096837541 ], [ -0.932878061873872, 44.957969941880741 ], [ -0.932624654663564, 44.957965352953224 ], [ -0.932605263733782, 44.958505120383983 ], [ -0.933872312255957, 44.958528059831792 ], [ -0.933865852445829, 44.958707982438945 ], [ -0.934626084660239, 44.958721739450368 ], [ -0.934619627162204, 44.958901662136959 ], [ -0.934873038812615, 44.958906246712147 ], [ -0.934879495519721, 44.958726323996984 ], [ -0.935386317420665, 44.958735491404433 ], [ -0.935412137315189, 44.958015800250742 ], [ -0.935665545192981, 44.958020382997191 ], [ -0.935652636948821, 44.958380228644053 ], [ -0.935906046469063, 44.958384810885782 ], [ -0.935925406371644, 44.957845042320102 ], [ -0.936178813579807, 44.957849623914157 ], [ -0.936153003418734, 44.958569315436556 ], [ -0.93665982434418, 44.958578477167556 ], [ -0.936646922063626, 44.958938323004524 ], [ -0.937407158651929, 44.95895206155793 ] ], [ [ -0.936913234897818, 44.95858305719014 ], [ -0.93665982434418, 44.958578477167556 ], [ -0.936666275393544, 44.958398554239402 ], [ -0.936919685156262, 44.958403134233428 ], [ -0.936913234897818, 44.95858305719014 ] ], [ [ -0.937173094979582, 44.958407713665522 ], [ -0.936919685156262, 44.958403134233428 ], [ -0.936926135354105, 44.958223211270322 ], [ -0.937179544386512, 44.958227790673874 ], [ -0.937173094979582, 44.958407713665522 ] ] ] } },
{ "type": "Feature", "properties": { "surface_ha": 242.16 }, "geometry": { "type": "Polygon", "coordinates": [ [ [ -0.985071415474579, 44.9736663313411 ], [ -0.985455794142197, 44.962690719402637 ], [ -0.985202357848951, 44.962686246774602 ], [ -0.985208658094492, 44.962506318539937 ], [ -0.984955222651627, 44.962501845377737 ], [ -0.984967824547466, 44.962141988945 ], [ -0.98471439074615, 44.962137515276581 ], [ -0.98474589840546, 44.961237874222554 ], [ -0.984492468619084, 44.961233400131626 ], [ -0.984505072850601, 44.960873543721114 ], [ -0.984251644705677, 44.960869069124008 ], [ -0.984257947523726, 44.960689140937085 ], [ -0.983751092993757, 44.960680190112626 ], [ -0.983738484133994, 44.961040046368367 ], [ -0.983991912951588, 44.961044522117483 ], [ -0.983985609223976, 44.961224450263707 ], [ -0.983225320575545, 44.961211021246577 ], [ -0.98321901441532, 44.961390949302647 ], [ -0.982965584193207, 44.961386471811608 ], [ -0.982959277182598, 44.961566399833345 ], [ -0.982705846228609, 44.961561921752349 ], [ -0.982699538367598, 44.961741849739774 ], [ -0.982192675055147, 44.96173289183578 ], [ -0.982217912472624, 44.961013180071326 ], [ -0.983485055375635, 44.961035570057277 ], [ -0.983497665817617, 44.960675713857341 ], [ -0.98324423870072, 44.960671237040053 ], [ -0.983256850487927, 44.960311380870451 ], [ -0.983510276022636, 44.960315857631855 ], [ -0.983516581036285, 44.960135929509548 ], [ -0.983770005839148, 44.960140405681031 ], [ -0.983776310002483, 44.959960477524405 ], [ -0.983522885990694, 44.959956001380831 ], [ -0.983535495721803, 44.959596145104278 ], [ -0.983282073351382, 44.959591668454536 ], [ -0.983288378919132, 44.959411740334581 ], [ -0.983034957399009, 44.959407263150823 ], [ -0.983047569938866, 44.959047406947604 ], [ -0.982794150060075, 44.959042929257706 ], [ -0.982813070798558, 44.958503144988811 ], [ -0.983066488304281, 44.958507622594894 ], [ -0.983072794307589, 44.958327694464522 ], [ -0.983326211081552, 44.958332171480734 ], [ -0.983332516234613, 44.958152243316064 ], [ -0.984853013376134, 44.958179093444301 ], [ -0.984859313723983, 44.957999165105761 ], [ -0.984099067259736, 44.957985742654216 ], [ -0.984111672523765, 44.957625886125406 ], [ -0.984365086370669, 44.957630360782055 ], [ -0.984371388122887, 44.957450432480108 ], [ -0.983864562070238, 44.957441482660712 ], [ -0.983870865345183, 44.957261554408248 ], [ -0.983364041111348, 44.957252602396863 ], [ -0.983351431338365, 44.957612458783714 ], [ -0.983098017728362, 44.957607981879242 ], [ -0.983110629083281, 44.957248125548254 ], [ -0.982857217114457, 44.957243648137684 ], [ -0.982863523494005, 44.957063719990515 ], [ -0.983370345908987, 44.957072674193867 ], [ -0.98337665064739, 44.956892745984476 ], [ -0.983123240201227, 44.956888269191701 ], [ -0.983135851082208, 44.956528412809611 ], [ -0.982882442277162, 44.956523935510766 ], [ -0.98287613607536, 44.956703863677077 ], [ -0.982369317061151, 44.956694907337713 ], [ -0.98236300921822, 44.956874835441774 ], [ -0.982109599009068, 44.956870356401225 ], [ -0.982084363880866, 44.957590068641757 ], [ -0.982337777253849, 44.957594547794066 ], [ -0.982325160916067, 44.957954403931844 ], [ -0.982578575930278, 44.957958882578076 ], [ -0.982572268463476, 44.958138810665361 ], [ -0.982318852658275, 44.958134331991168 ], [ -0.982312544341215, 44.958314260044126 ], [ -0.982565960937414, 44.958318738746229 ], [ -0.982547038003656, 44.958858522950479 ], [ -0.982293619034416, 44.958854044164568 ], [ -0.982287310480274, 44.959033972191932 ], [ -0.982033890779277, 44.959029492816079 ], [ -0.982040200124445, 44.958849564816646 ], [ -0.981279943750241, 44.958836123401028 ], [ -0.981273632031991, 44.95901605131661 ], [ -0.981020212568158, 44.959011569692827 ], [ -0.981026525077431, 44.958831641805197 ], [ -0.980519687909743, 44.958822676927582 ], [ -0.980507059667775, 44.959182532584563 ], [ -0.980000219573273, 44.959173565347164 ], [ -0.98000653530598, 44.958993637577812 ], [ -0.980259954532535, 44.958998121449532 ], [ -0.98026626941488, 44.958818193645833 ], [ -0.980012850979348, 44.958813709802065 ], [ -0.980019166593377, 44.95863378201993 ], [ -0.979005496608757, 44.958615841137068 ], [ -0.979011815327471, 44.958435913460477 ], [ -0.97875839877072, 44.958431426862816 ], [ -0.978764718221067, 44.95825149920779 ], [ -0.978257886867681, 44.958242524382555 ], [ -0.978270528754197, 44.957882669165357 ], [ -0.977763700802298, 44.957873692204245 ], [ -0.977770023238419, 44.957693764642066 ], [ -0.978023436393698, 44.95769825337559 ], [ -0.978029757979455, 44.957518325779006 ], [ -0.978283170403165, 44.95752281392258 ], [ -0.978289491138571, 44.957342886291578 ], [ -0.978542902830708, 44.957347373845202 ], [ -0.978549222715778, 44.957167446179831 ], [ -0.980069689369532, 44.957194359532735 ], [ -0.98007600444955, 44.957014431693082 ], [ -0.980582825560305, 44.95702339825921 ], [ -0.9805954523786, 44.956663542448851 ], [ -0.979835225547083, 44.956650091924566 ], [ -0.979841541240036, 44.956470164093709 ], [ -0.979334725230882, 44.956461194323794 ], [ -0.97934104244633, 44.956281266542518 ], [ -0.979087635321692, 44.956276780842643 ], [ -0.979093953268701, 44.956096853082954 ], [ -0.978840546994327, 44.956092366849148 ], [ -0.978853184292065, 44.955732511366527 ], [ -0.978599779658849, 44.955728024626758 ], [ -0.978606099009557, 44.955548096903883 ], [ -0.978352695226596, 44.955543609630212 ], [ -0.978365335331647, 44.955183754221231 ], [ -0.978111933189809, 44.955179266441633 ], [ -0.97812457463907, 44.95481941106307 ], [ -0.97787117413833, 44.954814922777594 ], [ -0.977890138239369, 44.954275139745796 ], [ -0.97763674017053, 44.954270650982416 ], [ -0.977680993196688, 44.953011157213879 ], [ -0.977934385729921, 44.953015645781235 ], [ -0.977947027335623, 44.952655790305258 ], [ -0.977693636383923, 44.9526513017939 ], [ -0.977687314819999, 44.952831229507062 ], [ -0.97667374844412, 44.952813269731038 ], [ -0.976648448942039, 44.953532980071664 ], [ -0.976901843610017, 44.953537470970545 ], [ -0.97689551937674, 44.953717398567726 ], [ -0.976388728518614, 44.953708416152075 ], [ -0.976369750717419, 44.954248198737183 ], [ -0.976116353005063, 44.954243706602476 ], [ -0.976110026161642, 44.954423634090048 ], [ -0.975603229333607, 44.954414648078924 ], [ -0.975590572305097, 44.954774502922731 ], [ -0.974830372763969, 44.954761019523659 ], [ -0.974824041787992, 44.954940946851863 ], [ -0.973810440069189, 44.954922961007746 ], [ -0.973778768479789, 44.955822596991794 ], [ -0.974032172774567, 44.955827094435939 ], [ -0.974025839069039, 44.956007021641632 ], [ -0.974786054683039, 44.956020510686777 ], [ -0.974779723290692, 44.956200437970224 ], [ -0.974526317235635, 44.956195942155716 ], [ -0.974519984992902, 44.956375869404702 ], [ -0.974266578206434, 44.956371373000209 ], [ -0.974272911240071, 44.956191445779275 ], [ -0.974019505304004, 44.956186948840895 ], [ -0.974000503651861, 44.956726730400405 ], [ -0.974760728756741, 44.956740219782162 ], [ -0.974754397126453, 44.95692014704003 ], [ -0.974500987907737, 44.95691565111332 ], [ -0.974494655427028, 44.957095578336734 ], [ -0.974748065436677, 44.957100074291475 ], [ -0.974735401878662, 44.957459928775222 ], [ -0.97498881352969, 44.957464424224142 ], [ -0.974982482452406, 44.95764435148444 ], [ -0.974729070010421, 44.957639856007489 ], [ -0.974716406095472, 44.957999710452874 ], [ -0.974462992131044, 44.957995214357901 ], [ -0.974475657627929, 44.957635359968613 ], [ -0.973462008693002, 44.957617370193553 ], [ -0.973468344516012, 44.957437443101533 ], [ -0.973721755869521, 44.957441941360166 ], [ -0.97372809084206, 44.95726201423372 ], [ -0.974234912145731, 44.957271009008998 ], [ -0.974247578748516, 44.956911154624684 ], [ -0.973740760608586, 44.956902159961615 ], [ -0.973734425755082, 44.957082087100858 ], [ -0.973481015983458, 44.957077588898343 ], [ -0.973474680279498, 44.957257516003132 ], [ -0.972461038624577, 44.957239517461474 ], [ -0.972467377492283, 44.957059590468951 ], [ -0.972213968018358, 44.95705508945678 ], [ -0.972207628359717, 44.957235016421201 ], [ -0.971954218154418, 44.957230514818995 ], [ -0.971947877645275, 44.957410441748969 ], [ -0.972961521987581, 44.95742844489844 ], [ -0.972955184582669, 44.957608371934349 ], [ -0.97270177261681, 44.957603871961794 ], [ -0.972695434361395, 44.957783798963192 ], [ -0.971935196448275, 44.957770295589668 ], [ -0.97194153707656, 44.957590368672506 ], [ -0.971688125348944, 44.957585866452177 ], [ -0.971675442450881, 44.957945720223933 ], [ -0.971168616010559, 44.957936713985106 ], [ -0.971174959071305, 44.957756787158623 ], [ -0.970668134451282, 44.957747778728162 ], [ -0.970674479034338, 44.95756785195146 ], [ -0.97042106760469, 44.957563346921432 ], [ -0.97041472223068, 44.957743273670005 ], [ -0.969907897968334, 44.957734261867863 ], [ -0.96989520387762, 44.958094115233408 ], [ -0.970402031303814, 44.958103127147972 ], [ -0.970382994466377, 44.958642907316957 ], [ -0.971903492413254, 44.958669930079502 ], [ -0.971897151427525, 44.958849856958267 ], [ -0.972150568751562, 44.958854358813255 ], [ -0.97215690894629, 44.958674431906395 ], [ -0.973423992504845, 44.958696932611247 ], [ -0.973411319965886, 44.959056786699328 ], [ -0.97290448319979, 44.959047787990997 ], [ -0.972898145258974, 44.959227714969309 ], [ -0.972137888183401, 44.959214212607783 ], [ -0.972131547809967, 44.959394139495458 ], [ -0.971624708475377, 44.959385135055051 ], [ -0.97161836646031, 44.959565061880149 ], [ -0.971111525782006, 44.959556055135621 ], [ -0.971105182125281, 44.959735981898127 ], [ -0.97059834010331, 44.959726972849488 ], [ -0.970591994804902, 44.959906899549424 ], [ -0.970338573092295, 44.959902394153978 ], [ -0.97033222694322, 44.960082320819424 ], [ -0.970078804499191, 44.960077814833895 ], [ -0.970015331818033, 44.961877080855018 ], [ -0.970268762172948, 44.961881587121653 ], [ -0.970256068503328, 44.962241440305348 ], [ -0.970509500500143, 44.962245946066147 ], [ -0.970496808174286, 44.962605799280446 ], [ -0.970243374595175, 44.962601293463415 ], [ -0.970224333285679, 44.963141073152549 ], [ -0.969717461559372, 44.963132059663685 ], [ -0.969711112754571, 44.963311986157706 ], [ -0.969457676189712, 44.963307478542049 ], [ -0.969464025785691, 44.963127552076152 ], [ -0.969210590071669, 44.963123043926572 ], [ -0.969204239684511, 44.963302970364367 ], [ -0.968950803238977, 44.963298461624625 ], [ -0.968944452000965, 44.963478388027873 ], [ -0.969451326534071, 44.963487405001544 ], [ -0.969438627043808, 44.963847257901371 ], [ -0.970705822332507, 44.963869790780734 ], [ -0.970699476453938, 44.964049717361569 ], [ -0.971459796716356, 44.964063230428685 ], [ -0.971466140221282, 44.96388330376351 ], [ -0.971719579636756, 44.963887806966994 ], [ -0.971725922290874, 44.963707880267336 ], [ -0.972232799718181, 44.963716884931884 ], [ -0.972239140730301, 44.963536958169641 ], [ -0.971732264885395, 44.963527953561261 ], [ -0.9717512923114, 44.962988173404703 ], [ -0.972004727830502, 44.962992675905625 ], [ -0.971998386205937, 44.963172602658979 ], [ -0.972251822575801, 44.96317710462597 ], [ -0.972258163409187, 44.962997177844535 ], [ -0.972765034745281, 44.963006180036196 ], [ -0.972771373936742, 44.962826253192205 ], [ -0.973278243928736, 44.96283525307949 ], [ -0.973265568650964, 44.96319510687335 ], [ -0.973012132042833, 44.963190607154587 ], [ -0.973005793523435, 44.963370534013855 ], [ -0.972498918903471, 44.963361532834028 ], [ -0.972473557900658, 44.964081239982498 ], [ -0.972220117515202, 44.964076738437157 ], [ -0.972213776324343, 44.964256665180201 ], [ -0.972467217501023, 44.964261166753637 ], [ -0.972460877041812, 44.964441093518367 ], [ -0.972967761156353, 44.964450095035154 ], [ -0.972961422220049, 44.964630021849651 ], [ -0.973214865157904, 44.964634521792966 ], [ -0.973233879414433, 44.964094741246093 ], [ -0.973487320038139, 44.964099240543142 ], [ -0.973480982803408, 44.964279167426589 ], [ -0.973987865811898, 44.964288164390553 ], [ -0.973968858497897, 44.964827945170853 ], [ -0.974222302465173, 44.964832442893915 ], [ -0.974215967366036, 44.965012369835954 ], [ -0.974469412184097, 44.965016867024978 ], [ -0.974463077816701, 44.965196793988675 ], [ -0.974716523485547, 44.965201290643641 ], [ -0.97471018984991, 44.965381217629023 ], [ -0.974456743389787, 44.965376720945955 ], [ -0.974450408903356, 44.965556647896861 ], [ -0.974196961711471, 44.965552150623679 ], [ -0.97419062637423, 44.965732077540125 ], [ -0.973937178450583, 44.965727579676766 ], [ -0.973930842262518, 44.965907506558736 ], [ -0.973423945011248, 44.965898509089605 ], [ -0.973417607181041, 44.966078435909061 ], [ -0.972657259376883, 44.966064935405299 ], [ -0.972663599580994, 44.965885008670028 ], [ -0.972410151223377, 44.965880507405963 ], [ -0.972416492159205, 44.965700580692406 ], [ -0.972163044652463, 44.965696078894339 ], [ -0.972175727927942, 44.965336225504174 ], [ -0.971922282063345, 44.965331723200151 ], [ -0.971928624402974, 44.965151796523571 ], [ -0.971421734435102, 44.965142790285434 ], [ -0.971428078297659, 44.964962863658627 ], [ -0.970667746166698, 44.964949350170016 ], [ -0.970661399930367, 44.965129276712517 ], [ -0.970407955214705, 44.965124771064005 ], [ -0.970401608127479, 44.965304697572009 ], [ -0.969894717292546, 44.965295684532492 ], [ -0.969888368563141, 44.965475610977869 ], [ -0.970395260980617, 44.965484624073582 ], [ -0.970388913774113, 44.965664550568768 ], [ -0.970135466744276, 44.965660044273882 ], [ -0.970129118686848, 44.965839970734521 ], [ -0.96987567092537, 44.96583546384938 ], [ -0.969856624021302, 44.9663752431087 ], [ -0.96960317394558, 44.966370735577108 ], [ -0.96959682406693, 44.966550661955942 ], [ -0.969343373259558, 44.966546153834109 ], [ -0.969337022529923, 44.966726080178447 ], [ -0.968830119511567, 44.966717062192153 ], [ -0.968823767139604, 44.966896988473835 ], [ -0.968570314928626, 44.966892478609353 ], [ -0.96856396170564, 44.967072404856516 ], [ -0.968057055880114, 44.967063383384925 ], [ -0.968063410685765, 44.966883457194079 ], [ -0.967809958653899, 44.966878945643252 ], [ -0.967829025086544, 44.966339167116715 ], [ -0.967575575488344, 44.966334655088218 ], [ -0.967594643757425, 44.965794876588525 ], [ -0.967848090981743, 44.965799388532581 ], [ -0.967854446160713, 44.965619462325087 ], [ -0.968361339205924, 44.965628484470621 ], [ -0.968367692742636, 44.965448558200428 ], [ -0.96862113856352, 44.965453068401899 ], [ -0.968633843875325, 44.965093215786055 ], [ -0.968380399636967, 44.965088705640838 ], [ -0.968393106292512, 44.964728853055647 ], [ -0.968646548948374, 44.964733363144589 ], [ -0.968665606110292, 44.964193584134421 ], [ -0.968919046452152, 44.964198093576876 ], [ -0.96892539792887, 44.964018167199214 ], [ -0.969178837539194, 44.964022676051506 ], [ -0.969185188165027, 44.963842749639305 ], [ -0.968678310586475, 44.963833731428963 ], [ -0.968684662735039, 44.963653805066649 ], [ -0.966910598628938, 44.96362222382254 ], [ -0.966904240941989, 44.963802149987842 ], [ -0.966650802660235, 44.963797636105134 ], [ -0.966638085524719, 44.964157488360208 ], [ -0.966384645720298, 44.964152973859122 ], [ -0.966410082917148, 44.963433269436003 ], [ -0.966156646337265, 44.963428754485513 ], [ -0.96616300627828, 44.963248828391883 ], [ -0.965909570549334, 44.96324431290752 ], [ -0.965922291834429, 44.962884460757415 ], [ -0.965668857747579, 44.96287994476733 ], [ -0.965649773356782, 44.963419722898365 ], [ -0.965903209817141, 44.963424238972969 ], [ -0.965890488173461, 44.963784091084655 ], [ -0.966143926275963, 44.963788606653537 ], [ -0.966124845735821, 44.964328384857581 ], [ -0.965871405259697, 44.964323869204186 ], [ -0.965858683018348, 44.96468372125188 ], [ -0.965351799080509, 44.964674688146154 ], [ -0.965332710522751, 44.965214466000603 ], [ -0.965586154835512, 44.965218982919026 ], [ -0.965579792654614, 44.965398908885909 ], [ -0.964819457521926, 44.965385356359832 ], [ -0.964813092907451, 44.96556528223573 ], [ -0.964559647191552, 44.965560763574679 ], [ -0.964546916200647, 44.965920615250887 ], [ -0.96429346896201, 44.965916095971373 ], [ -0.964287102585556, 44.966096021771676 ], [ -0.964033654615453, 44.966091501901836 ], [ -0.964020920100496, 44.966451353426891 ], [ -0.96326057180141, 44.966437790275549 ], [ -0.963241462458448, 44.966977567261246 ], [ -0.962988010771175, 44.966973045001929 ], [ -0.963000751975632, 44.96661319374094 ], [ -0.962747301930849, 44.966608670975937 ], [ -0.962760044478471, 44.966248819745772 ], [ -0.962506596076153, 44.966244296475104 ], [ -0.962512968051453, 44.966064370878627 ], [ -0.962006073009009, 44.966055322707412 ], [ -0.962012446506999, 44.965875397160964 ], [ -0.961758999866882, 44.965870872260446 ], [ -0.961765374096256, 44.965690946735855 ], [ -0.961511928307303, 44.965686421301449 ], [ -0.961505553286658, 44.965866346797839 ], [ -0.960998660305917, 44.965857294186272 ], [ -0.960973153294028, 44.966576995881837 ], [ -0.960212804776868, 44.966563412409847 ], [ -0.96020004616357, 44.966923263049715 ], [ -0.959186242649439, 44.966905143658153 ], [ -0.959192625151296, 44.966725218454435 ], [ -0.95893917521398, 44.966720687229547 ], [ -0.958951941620379, 44.966360836859465 ], [ -0.958698493325633, 44.966356305128983 ], [ -0.958711261074688, 44.965996454789831 ], [ -0.95896470778687, 44.966000986463776 ], [ -0.958983856586795, 44.965461210822177 ], [ -0.959237300985165, 44.965465741849229 ], [ -0.959243683007276, 44.965285816594267 ], [ -0.959497126674361, 44.965290347030958 ], [ -0.959490745443499, 44.965470272314178 ], [ -0.959997634540033, 44.965479331557823 ], [ -0.960004014188397, 44.965299406218108 ], [ -0.960257458035335, 44.965303934968567 ], [ -0.960270215569753, 44.964944084213379 ], [ -0.960777100278458, 44.964953139915053 ], [ -0.960757968634394, 44.965492916207658 ], [ -0.961011413452368, 44.965497443300087 ], [ -0.961024166359164, 44.965137592388274 ], [ -0.96127760965455, 44.965142118862126 ], [ -0.961290360739224, 44.96478226786823 ], [ -0.961543802512043, 44.96478679372354 ], [ -0.961518303268046, 44.965506495798685 ], [ -0.961771748265738, 44.965511021204833 ], [ -0.96179087041484, 44.964971244573398 ], [ -0.962044313098676, 44.96497576933281 ], [ -0.962057059316168, 44.964615918156682 ], [ -0.961550177173301, 44.964606868188746 ], [ -0.96156292631613, 44.964247017099943 ], [ -0.961816365775189, 44.964251542308475 ], [ -0.961822739465558, 44.964071616726244 ], [ -0.962329616980923, 44.964080665400715 ], [ -0.962335989029012, 44.963900739755609 ], [ -0.962842865201465, 44.963909786125384 ], [ -0.962855605953283, 44.963549934703146 ], [ -0.963109042546919, 44.963554456988504 ], [ -0.963121781476975, 44.963194605484205 ], [ -0.963375216548111, 44.9631991271511 ], [ -0.963362479200403, 44.963558978711816 ], [ -0.963615915913727, 44.963563499873068 ], [ -0.963635019472017, 44.963023722437825 ], [ -0.963888453871657, 44.963028242952419 ], [ -0.963907554518028, 44.962488465374889 ], [ -0.963654122491837, 44.962483944944886 ], [ -0.963660490045454, 44.962304019101119 ], [ -0.963153627754829, 44.962294976611396 ], [ -0.963147258618946, 44.962474902398768 ], [ -0.962640394985424, 44.962465857604535 ], [ -0.962646765703573, 44.962285931873616 ], [ -0.961633042319402, 44.962267835653648 ], [ -0.961639416142184, 44.962087910029183 ], [ -0.960625696880677, 44.962069804929762 ], [ -0.960638450675458, 44.961709953887542 ], [ -0.960385022592066, 44.961705426264103 ], [ -0.960372267215074, 44.962065277249863 ], [ -0.96011883760939, 44.962060749007911 ], [ -0.96011245903989, 44.962240674462912 ], [ -0.95960559842609, 44.962231616236487 ], [ -0.959611978577823, 44.962051690837988 ], [ -0.959105119786036, 44.962042630419973 ], [ -0.959098738052073, 44.962222555761969 ], [ -0.958845307955002, 44.96221802468164 ], [ -0.958858072945187, 44.961858174047826 ], [ -0.95784435948553, 44.961840044332611 ], [ -0.957831588166473, 44.962199894740237 ], [ -0.957324728632168, 44.962190826397389 ], [ -0.957318341300408, 44.962370751535033 ], [ -0.95681148042392, 44.962361680887525 ], [ -0.956798702415849, 44.96272153103039 ], [ -0.956545270485389, 44.962716994806989 ], [ -0.956538880600173, 44.962896919840524 ], [ -0.9560320153371, 44.962887845651068 ], [ -0.956025623809558, 44.963067770621564 ], [ -0.955772190476955, 44.963063232655486 ], [ -0.955778582795642, 44.962883307713291 ], [ -0.95552515031424, 44.962878769213475 ], [ -0.955512364034514, 44.963238619034819 ], [ -0.95525893003089, 44.963234079916361 ], [ -0.955271717892905, 44.962874230151627 ], [ -0.955018285531647, 44.962869690527754 ], [ -0.955005496087342, 44.963229540235837 ], [ -0.954752062203877, 44.963224999993251 ], [ -0.95475845774722, 44.963045075170783 ], [ -0.954251591742863, 44.963035993056181 ], [ -0.954257988808394, 44.962856068283926 ], [ -0.953244260685555, 44.962837897423753 ], [ -0.953250660855499, 44.962657972758421 ], [ -0.95274379873711, 44.962648884012864 ], [ -0.952750200429163, 44.962468959397825 ], [ -0.952496770251307, 44.962464414210366 ], [ -0.952503172674322, 44.962284489617282 ], [ -0.952249743347732, 44.962279943896142 ], [ -0.952256146501697, 44.962100019325021 ], [ -0.952509575037184, 44.962104565017789 ], [ -0.952522379582446, 44.961744715799547 ], [ -0.952268952629144, 44.961740170163495 ], [ -0.952281758515952, 44.961380320976339 ], [ -0.952535183887098, 44.961384866555711 ], [ -0.952541585949197, 44.96120494192413 ], [ -0.951527887989857, 44.961186756348255 ], [ -0.951521482763496, 44.961366680866377 ], [ -0.951774907954143, 44.961371228131661 ], [ -0.951768503458674, 44.961551152671738 ], [ -0.952021929500567, 44.961555699403462 ], [ -0.952015525736003, 44.96173562396546 ], [ -0.951762098903029, 44.961731077205386 ], [ -0.951755694287209, 44.961911001732616 ], [ -0.951502266723323, 44.961906454382174 ], [ -0.951495861256234, 44.962086378874652 ], [ -0.951242432961436, 44.962081830933819 ], [ -0.951248839219619, 44.961901906469734 ], [ -0.950995411776107, 44.961897357995284 ], [ -0.950982597617357, 44.962257206860286 ], [ -0.951489455728962, 44.962266303360693 ], [ -0.951483050141507, 44.962446227840324 ], [ -0.951229620264499, 44.962441679842755 ], [ -0.951223213825742, 44.962621604287598 ], [ -0.950969783217814, 44.962617055699653 ], [ -0.950950561166993, 44.963156828910606 ], [ -0.950697128245876, 44.963152279675512 ], [ -0.950684311662022, 44.963512128393972 ], [ -0.950937746165435, 44.963516677685853 ], [ -0.950899299715853, 44.964596223857725 ], [ -0.950645860465374, 44.964591674395557 ], [ -0.950639451721851, 44.964771598706726 ], [ -0.950386011740384, 44.964767048654117 ], [ -0.950379602145434, 44.964946972930463 ], [ -0.950126161432983, 44.964942422287415 ], [ -0.950132571819144, 44.964762498039462 ], [ -0.94962569215736, 44.964753395123935 ], [ -0.949632104065691, 44.964573470926325 ], [ -0.949378665116364, 44.96456891865386 ], [ -0.949372252416833, 44.96474884282307 ], [ -0.948865373116546, 44.964739736535172 ], [ -0.948846129909146, 44.965279508833859 ], [ -0.949099571902799, 44.965284062344068 ], [ -0.949093158171023, 44.965463986459206 ], [ -0.948839715386141, 44.965459432920603 ], [ -0.948833300802865, 44.965639357000946 ], [ -0.94857985728702, 44.965634802871826 ], [ -0.94855419518618, 44.966354499015388 ], [ -0.949061088608175, 44.966363606938749 ], [ -0.949041846147272, 44.966903379149521 ], [ -0.949295295322519, 44.966907932353287 ], [ -0.949276054693104, 44.967447704591557 ], [ -0.948769151655066, 44.967438597451469 ], [ -0.948756321102189, 44.967798445464659 ], [ -0.948502868090942, 44.967793890994628 ], [ -0.94848361943551, 44.968333662881022 ], [ -0.948230164110536, 44.96832910776363 ], [ -0.948223746980128, 44.968509031684505 ], [ -0.947716834928372, 44.96849991970651 ], [ -0.947742509418956, 44.967780224211864 ], [ -0.947489056648902, 44.967775667493306 ], [ -0.947495475912093, 44.96759574363206 ], [ -0.947242023993678, 44.967591186379849 ], [ -0.947261283795278, 44.967051414842814 ], [ -0.947514733339776, 44.967055972009753 ], [ -0.947508314257529, 44.967235895890262 ], [ -0.947761764653641, 44.96724045252347 ], [ -0.947768182944589, 44.967060528614539 ], [ -0.948275082335125, 44.967069640137822 ], [ -0.948287915570943, 44.966709792187025 ], [ -0.948034467428103, 44.966705236763268 ], [ -0.94804730200531, 44.966345388843628 ], [ -0.946526623910051, 44.966318044838218 ], [ -0.946533045855773, 44.966138121039357 ], [ -0.946279600508972, 44.966133561766249 ], [ -0.946286023185608, 44.965953637989443 ], [ -0.946032578690405, 44.965949078182682 ], [ -0.946039002097934, 44.965769154427868 ], [ -0.945532114871082, 44.965760033185049 ], [ -0.94556423891564, 44.964860414599357 ], [ -0.945310799348856, 44.964855853277108 ], [ -0.94533007542477, 44.964316082134069 ], [ -0.945076638291925, 44.96431152033513 ], [ -0.945083064320994, 44.96413159663642 ], [ -0.944829628039699, 44.964127034303893 ], [ -0.944836054799557, 44.963947110627196 ], [ -0.944582619369811, 44.963942547761093 ], [ -0.944601901660533, 44.963402776778004 ], [ -0.944348468664626, 44.963398213435241 ], [ -0.944354896765222, 44.96321828978985 ], [ -0.944101464620844, 44.963213725913533 ], [ -0.944088606776983, 44.963573573140984 ], [ -0.943835173110736, 44.963569008645699 ], [ -0.943815883518439, 44.96410877935331 ], [ -0.94356244753914, 44.964104214210565 ], [ -0.943549585926525, 44.964464061259939 ], [ -0.943296148425305, 44.964459495498168 ], [ -0.94328971673718, 44.964639418984753 ], [ -0.942529402222583, 44.964625718241706 ], [ -0.94251653391788, 44.964985565024648 ], [ -0.942263094284861, 44.964980996929206 ], [ -0.942256659250625, 44.965160920282585 ], [ -0.942003218886866, 44.965156351596569 ], [ -0.942009654712304, 44.964976428271711 ], [ -0.941756215200218, 44.964971859052135 ], [ -0.941736905168862, 44.965511628921938 ], [ -0.94123002157888, 44.965502488625575 ], [ -0.941242898158441, 44.965142642166178 ], [ -0.940989458036607, 44.965138071231934 ], [ -0.940983018985868, 44.965317994436305 ], [ -0.940729578133329, 44.965313422911471 ], [ -0.940703818160452, 44.966033115550822 ], [ -0.94095726217789, 44.966037687189747 ], [ -0.940950822824639, 44.966217610362058 ], [ -0.941204267693823, 44.966222181467408 ], [ -0.94121070625583, 44.966042258266583 ], [ -0.941464150394269, 44.966046828781323 ], [ -0.941457712623505, 44.966226752010662 ], [ -0.941711157613676, 44.966231321991827 ], [ -0.941730468370787, 44.965691552199061 ], [ -0.941983911047725, 44.965696121532645 ], [ -0.941958166415585, 44.966415814690876 ], [ -0.941451274792254, 44.966406675233564 ], [ -0.941444836900511, 44.966586598450107 ], [ -0.941951730106364, 44.966595737964404 ], [ -0.941938857306492, 44.966955584492169 ], [ -0.942192305582682, 44.966960153463226 ], [ -0.942172998303169, 44.967499923292266 ], [ -0.94166609706352, 44.967490784617098 ], [ -0.941659659600127, 44.967670707823586 ], [ -0.941913110981017, 44.96767527747074 ], [ -0.941906674248449, 44.967855200699319 ], [ -0.942160126481134, 44.967859769812861 ], [ -0.942153690479405, 44.968039693063531 ], [ -0.942407143563884, 44.968044261643485 ], [ -0.942400708293011, 44.968224184916238 ], [ -0.942654162229287, 44.968228752962531 ], [ -0.942647727689285, 44.96840867625739 ], [ -0.942901182477357, 44.96841324377008 ], [ -0.94289474866824, 44.968593167087 ], [ -0.944162027471988, 44.96861599636091 ], [ -0.944155597559192, 44.968795919813815 ], [ -0.944409054292579, 44.968800484010657 ], [ -0.944402625110729, 44.96898040748566 ], [ -0.94465608269589, 44.968984971148828 ], [ -0.944662511086374, 44.96880504764539 ], [ -0.945169424855169, 44.968814173228431 ], [ -0.945162998047415, 44.968994096788805 ], [ -0.945416455813763, 44.968998658765585 ], [ -0.94542288183015, 44.96881873517674 ], [ -0.945676338865512, 44.968823296562924 ], [ -0.945669913640494, 44.969003220180213 ], [ -0.946176829475068, 44.96901234132303 ], [ -0.946170405772429, 44.969192264990824 ], [ -0.945916947033584, 44.969187704672024 ], [ -0.945910522479201, 44.969367628304923 ], [ -0.94616398200943, 44.96937218865218 ], [ -0.946157558186072, 44.969552112307134 ], [ -0.945650637603197, 44.969542990993588 ], [ -0.945631361022516, 44.970082761749218 ], [ -0.946138286353828, 44.970091883233472 ], [ -0.946144710358272, 44.969911959597773 ], [ -0.946398172323062, 44.969916519468207 ], [ -0.946411018568054, 44.969556672120682 ], [ -0.946664479010392, 44.969561231372069 ], [ -0.946658056709471, 44.969741155077479 ], [ -0.947164979357977, 44.969750271950687 ], [ -0.947171400076093, 44.969570348188391 ], [ -0.947424860699446, 44.96957490575334 ], [ -0.947431280565837, 44.969394981956185 ], [ -0.947177820733879, 44.969390424419679 ], [ -0.94719066186846, 44.969030576863034 ], [ -0.947697578427162, 44.969039691260171 ], [ -0.947703997321211, 44.96885976741536 ], [ -0.948717827996821, 44.968877989350219 ], [ -0.948724243665089, 44.968698065385318 ], [ -0.948977700693351, 44.968702619435291 ], [ -0.948984115509972, 44.968522695435567 ], [ -0.949491028164589, 44.968531801792238 ], [ -0.949497441338225, 44.96835187772929 ], [ -0.950004352651167, 44.968360981780656 ], [ -0.950010764181845, 44.968181057654498 ], [ -0.950517674153064, 44.968190159400528 ], [ -0.950524084040811, 44.968010235211203 ], [ -0.95153790154056, 44.968028431844182 ], [ -0.951531494818195, 44.968208356147031 ], [ -0.951278039561594, 44.968203807803619 ], [ -0.951271631987678, 44.968383732071672 ], [ -0.951778544143786, 44.968392828253144 ], [ -0.951772138092385, 44.968572752571539 ], [ -0.95227905207199, 44.9685818465612 ], [ -0.952272647543137, 44.968761770929916 ], [ -0.952526105414582, 44.968766317109917 ], [ -0.952513297759101, 44.969126165884859 ], [ -0.952766757273487, 44.969130711559409 ], [ -0.952779563346199, 44.968770862727752 ], [ -0.953033021337983, 44.968775407783447 ], [ -0.953039423492718, 44.968595483329651 ], [ -0.953292880753284, 44.968600027794857 ], [ -0.953299282056498, 44.968420103306286 ], [ -0.954059651824954, 44.968433733244026 ], [ -0.954066050693939, 44.968253808664024 ], [ -0.954319506612325, 44.968258350823994 ], [ -0.95433230258722, 44.967898501588095 ], [ -0.95483921143893, 44.967907584108289 ], [ -0.954852004008014, 44.967547734733444 ], [ -0.95510545694135, 44.967552275093695 ], [ -0.955111852344415, 44.96737235036835 ], [ -0.955365304546516, 44.967376890138141 ], [ -0.955371699098168, 44.967196965378065 ], [ -0.955878602099976, 44.967206043174698 ], [ -0.955884995008918, 44.967026118351576 ], [ -0.956138445808614, 44.967030656378398 ], [ -0.956125661513298, 44.967390506074871 ], [ -0.956632566458144, 44.967399580555416 ], [ -0.956626175803054, 44.967579505450622 ], [ -0.956879629156883, 44.967584041876009 ], [ -0.956866849249239, 44.967943891703875 ], [ -0.957373759302387, 44.967952962981428 ], [ -0.957367370841214, 44.968132887942353 ], [ -0.95812773874519, 44.968146490727612 ], [ -0.958121352598077, 44.968326415766953 ], [ -0.958628266416834, 44.968335481536315 ], [ -0.958634650981213, 44.968155556440401 ], [ -0.958888107189216, 44.968160088453587 ], [ -0.958894490902246, 44.967980163322999 ], [ -0.959401401915474, 44.967989225606466 ], [ -0.959395019785164, 44.968169150793578 ], [ -0.959901932620986, 44.968178210885 ], [ -0.959908313168573, 44.967998285641343 ], [ -0.960415224661484, 44.968007343427693 ], [ -0.960396087587085, 44.968547119308916 ], [ -0.960649545797565, 44.968551647443647 ], [ -0.960662302324355, 44.968191796806067 ], [ -0.960915759012018, 44.968196324322143 ], [ -0.960909381569959, 44.968376249672389 ], [ -0.961162839108917, 44.968380776654563 ], [ -0.961150085627797, 44.968740627392314 ], [ -0.961403544809443, 44.968745153868817 ], [ -0.961397168770401, 44.968925079256309 ], [ -0.961650628803353, 44.968929605198916 ], [ -0.961657004050999, 44.968749679783166 ], [ -0.96191046335246, 44.968754205135376 ], [ -0.96189133980402, 44.969293981448054 ], [ -0.962651725190402, 44.969307554385772 ], [ -0.962645352928723, 44.9694874798952 ], [ -0.962898815635368, 44.969492003111647 ], [ -0.96289244410524, 44.969671928642896 ], [ -0.963399371280991, 44.96968097344574 ], [ -0.96339300127387, 44.969860899027012 ], [ -0.963646465742971, 44.969865420613374 ], [ -0.963652834958655, 44.969685495003894 ], [ -0.964413226350699, 44.969699056305323 ], [ -0.96440685950934, 44.969878981999422 ], [ -0.96567418364971, 44.969901573065926 ], [ -0.965680546533856, 44.969721647230912 ], [ -0.965934010749884, 44.969726163729504 ], [ -0.965940372782804, 44.969546237859909 ], [ -0.966193836267174, 44.969550753768168 ], [ -0.966200197448883, 44.969370827864012 ], [ -0.966960585886302, 44.969384372131209 ], [ -0.966966944633965, 44.969204446136132 ], [ -0.967473868974819, 44.969213472780432 ], [ -0.967486583125234, 44.9688536206585 ], [ -0.967740043802434, 44.968858133081099 ], [ -0.967752756131113, 44.968498280877277 ], [ -0.968006215285234, 44.968502792681399 ], [ -0.968012570568596, 44.96832286654174 ], [ -0.968519487473196, 44.968331888407285 ], [ -0.968506780012339, 44.968691740792771 ], [ -0.969267160565369, 44.968705269543726 ], [ -0.969260809119612, 44.968885195811261 ], [ -0.969767731369532, 44.968894212224008 ], [ -0.969761381446931, 44.969074138541401 ], [ -0.970268305518356, 44.969083152761748 ], [ -0.970274653858119, 44.968903226388115 ], [ -0.970528115191892, 44.96890773262691 ], [ -0.97053446268059, 44.968727806218787 ], [ -0.970787923282595, 44.968732311867285 ], [ -0.970794269920244, 44.968552385424665 ], [ -0.971301189720338, 44.968561394979027 ], [ -0.971307534715554, 44.968381468473773 ], [ -0.971560993913632, 44.968385972379615 ], [ -0.97159271403853, 44.967486339616961 ], [ -0.971846169339325, 44.967490842820162 ], [ -0.971852512394119, 44.967310916220356 ], [ -0.972105966963162, 44.967315418833365 ], [ -0.972112309167001, 44.96713549219907 ], [ -0.973379578949196, 44.967157996691576 ], [ -0.973366902395479, 44.967517850234593 ], [ -0.97362035811333, 44.967522349502829 ], [ -0.973601345210204, 44.968062129853571 ], [ -0.973347887118223, 44.968057630501114 ], [ -0.973341548573354, 44.968237557243839 ], [ -0.973088089749542, 44.968233057301148 ], [ -0.973081750353716, 44.968412984009419 ], [ -0.972828290798072, 44.968408483476502 ], [ -0.972821950551272, 44.968588410150282 ], [ -0.973328871304936, 44.968597410710075 ], [ -0.973322532581387, 44.968777337433622 ], [ -0.973069071383358, 44.968772837406725 ], [ -0.973056392174725, 44.969132690778451 ], [ -0.973309854955602, 44.969137190861488 ], [ -0.973303516053365, 44.969317117565829 ], [ -0.973050052481052, 44.969312617454705 ], [ -0.97304371272781, 44.969492544124599 ], [ -0.973297177091564, 44.969497044263782 ], [ -0.973290838070198, 44.969676970955312 ], [ -0.973797768559297, 44.969685969603283 ], [ -0.973810443376674, 44.969326116101513 ], [ -0.97431737093818, 44.969335112388514 ], [ -0.974311035142154, 44.969515039198726 ], [ -0.974564499803659, 44.969519536526995 ], [ -0.974577169753286, 44.969159682844108 ], [ -0.975084096089093, 44.969168675701894 ], [ -0.975077762726921, 44.969348602602651 ], [ -0.975584690883654, 44.969357593267866 ], [ -0.975591022662944, 44.969177666311033 ], [ -0.975337559346266, 44.969173171287551 ], [ -0.975343891857492, 44.96899324435234 ], [ -0.975597354382736, 44.968997739347792 ], [ -0.975603686043032, 44.968817812378155 ], [ -0.976110609689145, 44.968826800626417 ], [ -0.976116939707106, 44.968646873594317 ], [ -0.976370400827964, 44.968651366847176 ], [ -0.976376729995032, 44.968471439780643 ], [ -0.976883650832329, 44.968480424543813 ], [ -0.976870995604391, 44.968840278782544 ], [ -0.977124457695066, 44.968844770376947 ], [ -0.97709282254193, 44.9697444060021 ], [ -0.977853221042328, 44.969757877832407 ], [ -0.97784689620775, 44.969937805022255 ], [ -0.978100363284893, 44.96994229453599 ], [ -0.978131982906197, 44.969042658382563 ], [ -0.977878519786334, 44.969038169008897 ], [ -0.977884844323762, 44.968858241787039 ], [ -0.978138306652193, 44.968862731132717 ], [ -0.97815095396592, 44.968502876613819 ], [ -0.978404414770925, 44.968507365341345 ], [ -0.97837279999812, 44.969407001730666 ], [ -0.978626264819712, 44.969411490036002 ], [ -0.978632587101651, 44.969231562742941 ], [ -0.978886051191201, 44.969236050458093 ], [ -0.978905015306273, 44.968696268456519 ], [ -0.979158477080912, 44.968700755525532 ], [ -0.979145835979794, 44.969060610255625 ], [ -0.979652762872971, 44.96906958281906 ], [ -0.979646443816216, 44.969249510230512 ], [ -0.979392979548489, 44.969245024201896 ], [ -0.979386659640902, 44.969424951578929 ], [ -0.979640124700081, 44.969429437635554 ], [ -0.979627486289678, 44.969789292426462 ], [ -0.980134419752018, 44.969798262965043 ], [ -0.9801281020407, 44.969978190406877 ], [ -0.979874634488367, 44.969973705390707 ], [ -0.979868315926198, 44.970153632798159 ], [ -0.980121784270015, 44.970158117842303 ], [ -0.980109148550547, 44.970517972694047 ], [ -0.979855678623741, 44.970513487593905 ], [ -0.979849359883452, 44.970693414982179 ], [ -0.98035630137944, 44.97070238467618 ], [ -0.980362618536718, 44.970522457231915 ], [ -0.98061608858225, 44.970526941207652 ], [ -0.980609772216478, 44.970706868679855 ], [ -0.980863243112871, 44.970711352121334 ], [ -0.980856927479261, 44.97089127961511 ], [ -0.981110399226514, 44.970895762522325 ], [ -0.981104084325081, 44.971075690037694 ], [ -0.981357556923196, 44.971080172410673 ], [ -0.981338614237475, 44.971619955002353 ], [ -0.981592089269541, 44.971624436896981 ], [ -0.981585775713853, 44.971804364442711 ], [ -0.98209272753907, 44.971813326601165 ], [ -0.982099039511648, 44.971633398999543 ], [ -0.981845564360935, 44.971628918229371 ], [ -0.981851877065747, 44.971448990649307 ], [ -0.982358825843389, 44.971457951571495 ], [ -0.982339892300325, 44.971997734460281 ], [ -0.982846846064526, 44.972006693301253 ], [ -0.982853155721721, 44.971826765622161 ], [ -0.983613584437987, 44.971840199583021 ], [ -0.983607277155489, 44.972020127345907 ], [ -0.983353800065889, 44.972015649893265 ], [ -0.98334749193255, 44.972195577621854 ], [ -0.982840536348038, 44.972186620973957 ], [ -0.982821606842821, 44.972726403953715 ], [ -0.983582047432806, 44.972739838333617 ], [ -0.983575739853957, 44.972919766064564 ], [ -0.984082702126861, 44.972928719562425 ], [ -0.984063783784402, 44.973468502884522 ], [ -0.984317267384606, 44.973472978873843 ], [ -0.984310961943571, 44.973652906663013 ], [ -0.985071415474579, 44.9736663313411 ] ], [ [ -0.977612405889867, 44.969393533441533 ], [ -0.977358941305983, 44.969389042887464 ], [ -0.977365267545161, 44.969209115734422 ], [ -0.977618731337602, 44.969213606260503 ], [ -0.977612405889867, 44.969393533441533 ] ], [ [ -0.982181089758005, 44.969294339596701 ], [ -0.981927624896839, 44.969289859189914 ], [ -0.981933936830559, 44.969109931526752 ], [ -0.981680472820156, 44.969105450585722 ], [ -0.981674160094983, 44.969285378220924 ], [ -0.981420695352446, 44.96928089668976 ], [ -0.981427008869071, 44.969100969082533 ], [ -0.981173544977307, 44.969096487017147 ], [ -0.981192487545537, 44.968556704240967 ], [ -0.980939026087409, 44.968552221697294 ], [ -0.980945340949579, 44.968372294120414 ], [ -0.980691880342207, 44.968367811042548 ], [ -0.980685564688622, 44.968547738591447 ], [ -0.980432103349176, 44.968543254923446 ], [ -0.980425786844819, 44.968723182438012 ], [ -0.98067924897569, 44.968727666133987 ], [ -0.980672933203412, 44.968907593670096 ], [ -0.98016600741816, 44.968898625660017 ], [ -0.980203910658616, 44.967819060683077 ], [ -0.980457368773084, 44.967823544801355 ], [ -0.980470001128939, 44.967463689701958 ], [ -0.98072345771999, 44.967468173202121 ], [ -0.980717142363117, 44.967648100783002 ], [ -0.980970599804888, 44.967652583749 ], [ -0.980964285180064, 44.967832511351453 ], [ -0.981724660235523, 44.967845956960439 ], [ -0.981718347925558, 44.968025884640369 ], [ -0.982225266508573, 44.968034845624807 ], [ -0.982231577235739, 44.967854917888957 ], [ -0.982485035824797, 44.96785939750999 ], [ -0.982466105839622, 44.968399180782157 ], [ -0.98221264487634, 44.968394701077294 ], [ -0.982181089758005, 44.969294339596701 ] ], [ [ -0.980159690003657, 44.969078553133819 ], [ -0.97990622640863, 44.969074068257527 ], [ -0.97991254461457, 44.968894140811699 ], [ -0.98016600741816, 44.968898625660017 ], [ -0.980159690003657, 44.969078553133819 ] ], [ [ -0.979665400808357, 44.968709727977007 ], [ -0.979411938914942, 44.968705242032343 ], [ -0.979418258584994, 44.968525314629737 ], [ -0.979164797542385, 44.968520828150865 ], [ -0.97917111794447, 44.968340900769846 ], [ -0.979424578195663, 44.968345387220708 ], [ -0.979430897746951, 44.968165459805306 ], [ -0.979937816844659, 44.968174430964581 ], [ -0.97992518084835, 44.968534285900915 ], [ -0.979671719686984, 44.968529800546392 ], [ -0.979665400808357, 44.968709727977007 ] ], [ [ -0.951791356066011, 44.968032979597105 ], [ -0.95153790154056, 44.968028431844182 ], [ -0.951544308202723, 44.967848507534917 ], [ -0.951797761936836, 44.967853055259489 ], [ -0.951791356066011, 44.968032979597105 ] ], [ [ -0.949776545891171, 44.967636733606575 ], [ -0.949523093430178, 44.967632181413414 ], [ -0.949529506302522, 44.967452257318413 ], [ -0.949782957972197, 44.967456809483167 ], [ -0.949776545891171, 44.967636733606575 ] ], [ [ -0.961441799785585, 44.967665601409308 ], [ -0.960934890978644, 44.967656548232995 ], [ -0.960947645323454, 44.9672966974749 ], [ -0.96069419259254, 44.967292170100052 ], [ -0.960706948280314, 44.966932319372795 ], [ -0.961213850636765, 44.966941373447419 ], [ -0.961201098114288, 44.967301224287631 ], [ -0.961454550965035, 44.967305750538252 ], [ -0.961441799785585, 44.967665601409308 ] ], [ [ -0.960427982411394, 44.96764749280819 ], [ -0.960174528217669, 44.967642964252576 ], [ -0.96018090779406, 44.967463038961476 ], [ -0.960434361196443, 44.967467567488839 ], [ -0.960427982411394, 44.96764749280819 ] ], [ [ -0.942686334022413, 44.967329136392095 ], [ -0.942432884042713, 44.967324568488237 ], [ -0.94243931901126, 44.967144645183417 ], [ -0.942692768199666, 44.967149213058754 ], [ -0.942686334022413, 44.967329136392095 ] ], [ [ -0.980203910658616, 44.967819060683077 ], [ -0.979950452603506, 44.967814576002645 ], [ -0.97995677039388, 44.96763464851206 ], [ -0.980210227657607, 44.967639133164532 ], [ -0.980203910658616, 44.967819060683077 ] ], [ [ -0.961955082869142, 44.967494726848287 ], [ -0.961701629107254, 44.967490201693714 ], [ -0.961708003875688, 44.967310276226733 ], [ -0.961454550965035, 44.967305750538252 ], [ -0.961460926464902, 44.96712582509312 ], [ -0.961714378584225, 44.967130350753358 ], [ -0.961720753232863, 44.966950425273588 ], [ -0.96197420462076, 44.966954950343514 ], [ -0.961955082869142, 44.967494726848287 ] ], [ [ -0.982998261474466, 44.967688427239558 ], [ -0.98274480355823, 44.96768394877077 ], [ -0.982757421550551, 44.967324093155383 ], [ -0.98250396527636, 44.967319614180333 ], [ -0.982497655518462, 44.967499541963264 ], [ -0.982244198512182, 44.967495062398122 ], [ -0.982237887903611, 44.967674990146733 ], [ -0.981730972486178, 44.967666029274092 ], [ -0.981737284677519, 44.967486101581386 ], [ -0.981990741565199, 44.967490582270841 ], [ -0.981997052905853, 44.967310654543788 ], [ -0.981743596809551, 44.967306173882307 ], [ -0.981749908882272, 44.967126246176811 ], [ -0.982003364187204, 44.96713072681036 ], [ -0.982009675409254, 44.96695079907051 ], [ -0.982263129982128, 44.966955279113968 ], [ -0.982256819551441, 44.96713520688175 ], [ -0.982510274974972, 44.967139686391008 ], [ -0.982516584614293, 44.966959758595259 ], [ -0.982770039305748, 44.966964237514432 ], [ -0.982782656823827, 44.966604381847922 ], [ -0.982529203715079, 44.966599902984633 ], [ -0.982560750429556, 44.965700263846266 ], [ -0.982814199581671, 44.965704742569883 ], [ -0.982826816269881, 44.965344886813902 ], [ -0.982573368700368, 44.965340408146226 ], [ -0.982604913339995, 44.964440768784215 ], [ -0.982351469786131, 44.964436289694106 ], [ -0.982395635330582, 44.963176794514531 ], [ -0.982649073345837, 44.963181273409027 ], [ -0.982642764951396, 44.963361201338927 ], [ -0.982896203817132, 44.963365679699301 ], [ -0.982908818964331, 44.96300582377723 ], [ -0.982655381681005, 44.963001345472755 ], [ -0.982667998173524, 44.96264148958096 ], [ -0.983428305454148, 44.962654922640674 ], [ -0.983434611237964, 44.962474994601386 ], [ -0.984194916678281, 44.962488422518817 ], [ -0.984176006269783, 44.963028206868742 ], [ -0.984429443908586, 44.963032681800854 ], [ -0.984391626239769, 44.964112250495759 ], [ -0.983884741526717, 44.964103299734454 ], [ -0.983878436792136, 44.96428322777205 ], [ -0.984638766324301, 44.964296653154669 ], [ -0.984600950915714, 44.965376221748734 ], [ -0.984854398959206, 44.965380695919585 ], [ -0.98484179493186, 44.965740552122334 ], [ -0.984588345305754, 44.96573607789567 ], [ -0.984575739458903, 44.966095934017034 ], [ -0.98432228830938, 44.966091459172453 ], [ -0.984309680642962, 44.966451315212453 ], [ -0.98405622797, 44.966446839749885 ], [ -0.984037313652066, 44.966986623678181 ], [ -0.983783858664288, 44.966982147569709 ], [ -0.983777552981791, 44.967162075505108 ], [ -0.983270641601259, 44.967153121545898 ], [ -0.983258026893005, 44.967512977285793 ], [ -0.983004569708882, 44.967508499407117 ], [ -0.982998261474466, 44.967688427239558 ] ], [ [ -0.949548744558023, 44.966912484994936 ], [ -0.949295295322519, 44.966907932353287 ], [ -0.949301708745131, 44.966728008261057 ], [ -0.949555157189349, 44.966732560874306 ], [ -0.949548744558023, 44.966912484994936 ] ], [ [ -0.967803603056915, 44.967058871805982 ], [ -0.967550150293436, 44.967054359664878 ], [ -0.967556506681751, 44.9668744335303 ], [ -0.967809958653899, 44.966878945643252 ], [ -0.967803603056915, 44.967058871805982 ] ], [ [ -0.961720753232863, 44.966950425273588 ], [ -0.961467301904861, 44.966945899641566 ], [ -0.961473677284919, 44.966765974183602 ], [ -0.961220226808135, 44.966761448017706 ], [ -0.961232978971144, 44.966401597139104 ], [ -0.961486427865319, 44.966406123248511 ], [ -0.961480052605071, 44.966586048719257 ], [ -0.961733502350448, 44.966590574294813 ], [ -0.961720753232863, 44.966950425273588 ] ], [ [ -0.967556506681751, 44.9668744335303 ], [ -0.967303054769329, 44.966869920855231 ], [ -0.967309411889239, 44.96668999474241 ], [ -0.967055960827871, 44.966685481533368 ], [ -0.967068676471121, 44.966325629344865 ], [ -0.966815227052115, 44.966321115630045 ], [ -0.966821585575431, 44.966141189554335 ], [ -0.967328482890585, 44.966150216365591 ], [ -0.96731576894942, 44.966510068623215 ], [ -0.967569219279202, 44.966514581241988 ], [ -0.967556506681751, 44.9668744335303 ] ], [ [ -0.982522894194329, 44.966779830793158 ], [ -0.982269440353518, 44.966775351339791 ], [ -0.982275750665616, 44.966595423559227 ], [ -0.982529203715079, 44.966599902984633 ], [ -0.982522894194329, 44.966779830793158 ] ], [ [ -0.941223583198357, 44.965682411845648 ], [ -0.940970140702882, 44.965677840825869 ], [ -0.940976579874626, 44.965497917634295 ], [ -0.94123002157888, 44.965502488625575 ], [ -0.941223583198357, 44.965682411845648 ] ], [ [ -0.982034919704434, 44.966231088047287 ], [ -0.981781468356238, 44.966226607553509 ], [ -0.981787780073109, 44.966046679809672 ], [ -0.982041230629981, 44.966051160275498 ], [ -0.982034919704434, 44.966231088047287 ] ], [ [ -0.971142910329154, 44.965857992654023 ], [ -0.970889462329134, 44.965853488017288 ], [ -0.970895808012699, 44.9656735614723 ], [ -0.971149255221434, 44.965678066080919 ], [ -0.971142910329154, 44.965857992654023 ] ], [ [ -0.971402702489783, 44.965682570127434 ], [ -0.971149255221434, 44.965678066080919 ], [ -0.971168289540573, 44.96513828632321 ], [ -0.971421734435102, 44.965142790285434 ], [ -0.971402702489783, 44.965682570127434 ] ], [ [ -0.980038896266903, 44.965295590553332 ], [ -0.979532002492233, 44.965286620289461 ], [ -0.979538321034139, 44.965106692765417 ], [ -0.976750418224045, 44.965057316431945 ], [ -0.976744090978084, 44.965237243647984 ], [ -0.975730306755967, 44.965219271642596 ], [ -0.975736637167015, 44.965039344538695 ], [ -0.975229746995354, 44.965030355219483 ], [ -0.975236078929448, 44.964850428165263 ], [ -0.97498263472412, 44.964845932690572 ], [ -0.974988967389974, 44.964666005657982 ], [ -0.974735524035399, 44.96466150964924 ], [ -0.974741857432997, 44.9644815826383 ], [ -0.974488414929178, 44.964477086095535 ], [ -0.974494749058508, 44.964297159106259 ], [ -0.974241307405442, 44.964292662029472 ], [ -0.974279315678893, 44.963213100127838 ], [ -0.974532752584688, 44.963217597036319 ], [ -0.974539086297427, 44.963037670002294 ], [ -0.974792522471549, 44.963042166320655 ], [ -0.974798855333598, 44.962862239252175 ], [ -0.975559161839407, 44.962875724750816 ], [ -0.975565492268435, 44.962695797591799 ], [ -0.976072361987368, 44.962704785057902 ], [ -0.976078690774585, 44.962524857836449 ], [ -0.976332124932085, 44.962529350698389 ], [ -0.976325796936037, 44.96270927794788 ], [ -0.976832667011734, 44.962718262041697 ], [ -0.97682001400599, 44.963078116633625 ], [ -0.977073450715368, 44.963082607893469 ], [ -0.977067124914523, 44.963262535207861 ], [ -0.977320562474529, 44.963267025933654 ], [ -0.977288936534819, 44.964166662549758 ], [ -0.977542378110337, 44.964171152853567 ], [ -0.977536053535336, 44.964351080185615 ], [ -0.977789495961518, 44.964355569955366 ], [ -0.977783172118339, 44.964535497309022 ], [ -0.978036615395186, 44.964539986544693 ], [ -0.978023969113087, 44.964899841288869 ], [ -0.978784304047624, 44.964913305791313 ], [ -0.97879062484459, 44.964733378338451 ], [ -0.979297513515384, 44.964742351806976 ], [ -0.979303832670444, 44.964562424291714 ], [ -0.980064163748153, 44.964575880194836 ], [ -0.980057846966871, 44.964755807794056 ], [ -0.980311291569415, 44.9647602919989 ], [ -0.980304975520048, 44.96494021961967 ], [ -0.980558420973208, 44.964944703290421 ], [ -0.980552105655769, 44.965124630932749 ], [ -0.980045213226247, 44.96511566297329 ], [ -0.980038896266903, 44.965295590553332 ] ], [ [ -0.954954335906723, 44.96466893881184 ], [ -0.954700895693808, 44.964664398342713 ], [ -0.954707291717899, 44.964484473571453 ], [ -0.954960731139603, 44.964489014012287 ], [ -0.954954335906723, 44.96466893881184 ] ], [ [ -0.955467610163274, 44.964498093207744 ], [ -0.954960731139603, 44.964489014012287 ], [ -0.954967126312398, 44.964309089206303 ], [ -0.955474003753666, 44.96431816834513 ], [ -0.955467610163274, 44.964498093207744 ] ], [ [ -0.954453852356287, 44.96447993256858 ], [ -0.954200413054779, 44.964475391003617 ], [ -0.95420681060117, 44.964295466282621 ], [ -0.95446024911148, 44.964300007819247 ], [ -0.954453852356287, 44.96447993256858 ] ], [ [ -0.944335612282245, 44.963758060706795 ], [ -0.944082177764445, 44.963753496745063 ], [ -0.944088606776983, 44.963573573140984 ], [ -0.944342040503635, 44.963578137074229 ], [ -0.944335612282245, 44.963758060706795 ] ], [ [ -0.970724859610464, 44.963330010999691 ], [ -0.970471422807039, 44.963325505632291 ], [ -0.970490461921917, 44.962785725878014 ], [ -0.970743896351817, 44.962790231161094 ], [ -0.970724859610464, 44.963330010999691 ] ], [ [ -0.972771373936742, 44.962826253192205 ], [ -0.972517939030083, 44.962821752405482 ], [ -0.972530618816647, 44.962461898754491 ], [ -0.972784052140981, 44.962466399485059 ], [ -0.97280306900064, 44.96192661887634 ], [ -0.972549638049737, 44.96192211823 ], [ -0.97254329836494, 44.962102045077891 ], [ -0.972289866682468, 44.962097543841452 ], [ -0.972308887931547, 44.96155776336284 ], [ -0.972562317240636, 44.961562264515052 ], [ -0.972568656746739, 44.961382337647962 ], [ -0.973328942658015, 44.961395837648183 ], [ -0.973335279731232, 44.961215910690512 ], [ -0.973588707696308, 44.961220409538491 ], [ -0.973595043918883, 44.961040482546323 ], [ -0.97384847115239, 44.961044980804218 ], [ -0.973867477089666, 44.960505199705189 ], [ -0.974120902009433, 44.960509697316894 ], [ -0.974139905037806, 44.95996991607614 ], [ -0.974393327643891, 44.959974413041678 ], [ -0.97440599444981, 44.959614558793092 ], [ -0.974659415533304, 44.959619055140507 ], [ -0.974684745266987, 44.958899346454409 ], [ -0.974938163245873, 44.958903842127683 ], [ -0.974963488863656, 44.958184133227064 ], [ -0.975216903738036, 44.958188628226189 ], [ -0.975172588819367, 44.959448118931419 ], [ -0.975426009290291, 44.959452613564849 ], [ -0.975419679140743, 44.959632540810922 ], [ -0.975926521843087, 44.959641528447861 ], [ -0.975932850410556, 44.95946160114574 ], [ -0.976693112536879, 44.959475078302212 ], [ -0.976674133775536, 44.960014860441675 ], [ -0.976420710634164, 44.960010368534086 ], [ -0.97640805624727, 44.960370223205722 ], [ -0.976154631583209, 44.96036573068011 ], [ -0.976148303509512, 44.960545657978294 ], [ -0.975894878113827, 44.96054116486264 ], [ -0.975882220205884, 44.960901019383805 ], [ -0.975628793287487, 44.960896525650078 ], [ -0.975622463453219, 44.961076452873016 ], [ -0.975369035803192, 44.961071958549233 ], [ -0.975356374374014, 44.961431812919876 ], [ -0.974596087034197, 44.961418326408165 ], [ -0.974589753857025, 44.961598253499758 ], [ -0.974336324071634, 44.961593756843783 ], [ -0.97432999004383, 44.96177368390093 ], [ -0.97356969867138, 44.961760190476575 ], [ -0.973557025690419, 44.962120044403314 ], [ -0.973050161908576, 44.962111045864674 ], [ -0.973031147243696, 44.962650826538422 ], [ -0.972777713068642, 44.962646326341812 ], [ -0.972771373936742, 44.962826253192205 ] ], [ [ -0.972017410900877, 44.962632822379753 ], [ -0.971510543086935, 44.962623816928165 ], [ -0.971523229083588, 44.96226396348905 ], [ -0.971776661378458, 44.962268466439696 ], [ -0.97178300349625, 44.962088539682433 ], [ -0.972036435059567, 44.962093042042937 ], [ -0.972017410900877, 44.962632822379753 ] ], [ [ -0.979379657900145, 44.962403293610052 ], [ -0.979126223820829, 44.962398807520685 ], [ -0.979132542995236, 44.962218879950328 ], [ -0.978625676597056, 44.962209906141418 ], [ -0.978638317932344, 44.961850051093478 ], [ -0.97838488640463, 44.961845563401937 ], [ -0.97839120777433, 44.961665635896367 ], [ -0.977884346479363, 44.961656658883214 ], [ -0.977890669371929, 44.961476731427247 ], [ -0.978144099198582, 44.961481220186862 ], [ -0.978156743223257, 44.961121365199766 ], [ -0.977649886793822, 44.961112387230564 ], [ -0.977681503726948, 44.960212749931024 ], [ -0.978188352245475, 44.960221727620187 ], [ -0.978182030559824, 44.960401655148907 ], [ -0.978435455699262, 44.960406143178453 ], [ -0.978429134745301, 44.960586070728745 ], [ -0.978682560735212, 44.960590558224325 ], [ -0.978676240512954, 44.960770485796246 ], [ -0.978929667353339, 44.960774972757783 ], [ -0.978923347862799, 44.960954900351261 ], [ -0.979176775553662, 44.960959386778796 ], [ -0.979170456794854, 44.961139314393904 ], [ -0.979677313936896, 44.961148285618826 ], [ -0.979670996700953, 44.961328213283515 ], [ -0.979924426152128, 44.961332698080909 ], [ -0.979918109647958, 44.961512625767192 ], [ -0.980171539949606, 44.961517110030549 ], [ -0.980165224177221, 44.961697037738411 ], [ -0.980418655329344, 44.96170152146771 ], [ -0.980412340288759, 44.961881449197136 ], [ -0.980158908345492, 44.961876965439863 ], [ -0.980152592454426, 44.962056893134928 ], [ -0.979899159779353, 44.962052408787649 ], [ -0.979892843037785, 44.962232336448373 ], [ -0.979385976283389, 44.962223366011692 ], [ -0.979379657900145, 44.962403293610052 ] ], [ [ -0.982934048547558, 44.962286111856393 ], [ -0.98268061442896, 44.962281633663657 ], [ -0.982686922467775, 44.962101705695403 ], [ -0.982940355795209, 44.962106183860207 ], [ -0.982934048547558, 44.962286111856393 ] ], [ [ -0.981160010962286, 44.962254752704197 ], [ -0.980399710029585, 44.962241304636827 ], [ -0.980412340288759, 44.961881449197136 ], [ -0.980919204353289, 44.961890415025579 ], [ -0.980912890835668, 44.962070342804516 ], [ -0.981166323748067, 44.962074824903638 ], [ -0.981160010962286, 44.962254752704197 ] ], [ [ -0.970769277838933, 44.962070524620081 ], [ -0.970515846573632, 44.962066019449409 ], [ -0.970522192587494, 44.961886092826255 ], [ -0.970268762172948, 44.961881587121653 ], [ -0.970287802230136, 44.961341807298162 ], [ -0.971301514752647, 44.961359826407154 ], [ -0.971295171290983, 44.961539753133792 ], [ -0.97154860036174, 44.961544256534083 ], [ -0.971542257631594, 44.961724183282428 ], [ -0.971035397967445, 44.961715175863624 ], [ -0.971029053595455, 44.96189510254937 ], [ -0.970775623061666, 44.961890597968818 ], [ -0.970769277838933, 44.962070524620081 ] ], [ [ -0.98370065613305, 44.962119614982377 ], [ -0.983193789181904, 44.96211066146298 ], [ -0.983206401917118, 44.961750805395589 ], [ -0.983713265703646, 44.961759758803261 ], [ -0.98370065613305, 44.962119614982377 ] ], [ [ -0.977890669371929, 44.961476731427247 ], [ -0.977637239604681, 44.961472242105643 ], [ -0.977643563228958, 44.961292314671326 ], [ -0.977896992205085, 44.961296803964927 ], [ -0.977890669371929, 44.961476731427247 ] ], [ [ -0.971808371371534, 44.961368832589528 ], [ -0.971554943032294, 44.961364329779322 ], [ -0.971561285643252, 44.961184403018216 ], [ -0.971814713191389, 44.961188905800313 ], [ -0.971808371371534, 44.961368832589528 ] ], [ [ -0.972068140799111, 44.961193408020385 ], [ -0.971814713191389, 44.961188905800313 ], [ -0.971821054951659, 44.961008979004681 ], [ -0.971314201497171, 44.960999972934658 ], [ -0.971320544780034, 44.960820046188836 ], [ -0.97208082267788, 44.960833554366587 ], [ -0.972068140799111, 44.961193408020385 ] ], [ [ -0.97130785815471, 44.961179899674136 ], [ -0.971054430725766, 44.961175395767981 ], [ -0.971060774859323, 44.960995469056655 ], [ -0.971314201497171, 44.960999972934658 ], [ -0.97130785815471, 44.961179899674136 ] ], [ [ -0.973949829961051, 44.958166147610974 ], [ -0.973443000866801, 44.958157151431188 ], [ -0.973455672810463, 44.957797297279143 ], [ -0.973962498740824, 44.957806293346692 ], [ -0.973949829961051, 44.958166147610974 ] ], [ [ -0.977250549010523, 44.958044640495125 ], [ -0.976743719951941, 44.958035658982354 ], [ -0.976750045611374, 44.957855731538586 ], [ -0.976496631962203, 44.957851239967297 ], [ -0.976502958353172, 44.957671312545138 ], [ -0.976756371211377, 44.95767580408846 ], [ -0.976762696751947, 44.957495876631924 ], [ -0.977776345615139, 44.957513837073478 ], [ -0.977770023238419, 44.957693764642066 ], [ -0.977516610142538, 44.957689275346588 ], [ -0.977510286915446, 44.957869202880772 ], [ -0.977256873088003, 44.957864712995338 ], [ -0.977250549010523, 44.958044640495125 ] ], [ [ -0.975983476809824, 44.958022182498496 ], [ -0.975476648345668, 44.958013195366121 ], [ -0.975482977959974, 44.957833268062501 ], [ -0.975229564608068, 44.957828773681427 ], [ -0.975235894953871, 44.957648846399451 ], [ -0.975996132815086, 44.957662327772745 ], [ -0.975983476809824, 44.958022182498496 ] ], [ [ -0.975837644458469, 44.95495892370564 ], [ -0.975584243701656, 44.954954430335057 ], [ -0.975590572305097, 44.954774502922731 ], [ -0.975843972271061, 44.954778996265318 ], [ -0.975837644458469, 44.95495892370564 ] ], [ [ -0.977142591393045, 44.953901816551529 ], [ -0.976889195084049, 44.953897326158526 ], [ -0.97689551937674, 44.953717398567726 ], [ -0.977148914894932, 44.953721888932726 ], [ -0.977142591393045, 44.953901816551529 ] ] ] } },
{ "type": "Feature", "properties": { "surface_ha": 5.47 }, "geometry": { "type": "Polygon", "coordinates": [ [ [ -0.915815919631871, 44.952978678041767 ], [ -0.915828949406844, 44.952618836573095 ], [ -0.916082330391449, 44.952623462339879 ], [ -0.916088844396497, 44.952443541567028 ], [ -0.915835464202526, 44.952438915829127 ], [ -0.915841978937006, 44.952258995078715 ], [ -0.916095358340352, 44.952263620787754 ], [ -0.916108386044483, 44.951903779209886 ], [ -0.916615141872292, 44.951913028827256 ], [ -0.916634678225968, 44.951373266239088 ], [ -0.916888053859852, 44.951377890118579 ], [ -0.91689456506481, 44.951197969214135 ], [ -0.916387815439382, 44.951188720951087 ], [ -0.916394328164323, 44.951008800097917 ], [ -0.915634206556785, 44.950994923576715 ], [ -0.915627691460127, 44.951174844343349 ], [ -0.915120942446632, 44.951165590462672 ], [ -0.915127459124434, 44.950985669753784 ], [ -0.914874085500083, 44.950981041999704 ], [ -0.914867568031713, 44.951160962679715 ], [ -0.914614193678017, 44.951156334334961 ], [ -0.914627230134662, 44.95079649302626 ], [ -0.913613739656808, 44.950777974260809 ], [ -0.913620260955492, 44.950598053712312 ], [ -0.914380376350359, 44.950611943542377 ], [ -0.914386895216147, 44.950432022900813 ], [ -0.913626782192916, 44.950418133157385 ], [ -0.913633303369077, 44.950238212595998 ], [ -0.913126563240953, 44.950228950016111 ], [ -0.91312004048372, 44.950408870519709 ], [ -0.912866669721031, 44.950404238358253 ], [ -0.912860146111979, 44.950584158826487 ], [ -0.912606774620032, 44.950579526074385 ], [ -0.912600250159149, 44.950759446507305 ], [ -0.912346877937944, 44.950754813164572 ], [ -0.912333827251181, 44.951114653953262 ], [ -0.912587201053505, 44.951119287353819 ], [ -0.912593725636972, 44.950939366933788 ], [ -0.912847098710024, 44.950943999743693 ], [ -0.91281447913263, 44.951843601923983 ], [ -0.912561102106688, 44.951838968969589 ], [ -0.912548052265503, 44.952198809738825 ], [ -0.912801430872656, 44.952203442751049 ], [ -0.912794906650735, 44.952383363154915 ], [ -0.913048286109795, 44.952387995634254 ], [ -0.9130548095411, 44.952208075201483 ], [ -0.913308188270826, 44.952212707090112 ], [ -0.913295142928173, 44.952572548007012 ], [ -0.913041762617206, 44.952567916060588 ], [ -0.913035239063332, 44.952747836480469 ], [ -0.913542001327809, 44.952757099869345 ], [ -0.913555045211757, 44.952397258907546 ], [ -0.914061804558793, 44.952406519933724 ], [ -0.914068324827627, 44.952226599385391 ], [ -0.91432170380241, 44.952231229026921 ], [ -0.914302145184029, 44.952770990739239 ], [ -0.914048763837364, 44.952766361011072 ], [ -0.914042243384767, 44.952946281540079 ], [ -0.91454900772063, 44.952955540492411 ], [ -0.914575082838437, 44.952235858106668 ], [ -0.914828461935703, 44.952240486624646 ], [ -0.914821944038733, 44.952420407259609 ], [ -0.915075323987852, 44.952425035244659 ], [ -0.915068806820278, 44.952604955902061 ], [ -0.915322187621252, 44.952609583354189 ], [ -0.915309154683711, 44.952969424707412 ], [ -0.915815919631871, 44.952978678041767 ] ], [ [ -0.915081841094201, 44.952245114580833 ], [ -0.914828461935703, 44.952240486624646 ], [ -0.914841497545956, 44.951880645335407 ], [ -0.91509487512323, 44.951885273233856 ], [ -0.915081841094201, 44.952245114580833 ] ], [ [ -0.915848493610285, 44.952079074321823 ], [ -0.915595115058756, 44.95207444807987 ], [ -0.915601630461442, 44.951894527345438 ], [ -0.915855008222361, 44.951899153558557 ], [ -0.915848493610285, 44.952079074321823 ] ], [ [ -0.91458812002991, 44.951876016875183 ], [ -0.9143347425751, 44.951871387853195 ], [ -0.914341261869579, 44.951691467256651 ], [ -0.914594638533789, 44.951696096249805 ], [ -0.91458812002991, 44.951876016875183 ] ], [ [ -0.913581132244435, 44.95167757690669 ], [ -0.913327755825241, 44.951672945666516 ], [ -0.913334278220834, 44.951493025179076 ], [ -0.913587653849438, 44.951497656390387 ], [ -0.913581132244435, 44.95167757690669 ] ], [ [ -0.914094405290435, 44.951506917127709 ], [ -0.913841029539308, 44.951502287039908 ], [ -0.913854070984365, 44.95114244593023 ], [ -0.914107445154335, 44.951147075960236 ], [ -0.914094405290435, 44.951506917127709 ] ], [ [ -0.914607675357842, 44.95133625497968 ], [ -0.914354300274805, 44.951331626044315 ], [ -0.914360819385553, 44.951151705428479 ], [ -0.914614193678017, 44.951156334334961 ], [ -0.914607675357842, 44.95133625497968 ] ], [ [ -0.913366889279715, 44.95059342264544 ], [ -0.91311351766521, 44.950588791016848 ], [ -0.91312004048372, 44.950408870519709 ], [ -0.913373411307683, 44.95041350211941 ], [ -0.913366889279715, 44.95059342264544 ] ] ] } },
{ "type": "Feature", "properties": { "surface_ha": 1.64 }, "geometry": { "type": "Polygon", "coordinates": [ [ [ -0.91465982020472, 44.949896889641821 ], [ -0.914672855804132, 44.949537048242981 ], [ -0.915179590343031, 44.949546303851044 ], [ -0.915192622535536, 44.949186462310962 ], [ -0.914939256816476, 44.949181834845547 ], [ -0.9149457736114, 44.94900191409473 ], [ -0.915452503529754, 44.949011168406116 ], [ -0.915465533774036, 44.948651326769713 ], [ -0.914705443731195, 44.948637444633256 ], [ -0.914692408744047, 44.948997286096471 ], [ -0.913932314509372, 44.94898339873135 ], [ -0.913938834404995, 44.948803478089616 ], [ -0.913685470573067, 44.948798847873341 ], [ -0.913678949886966, 44.948978768486214 ], [ -0.913425585325816, 44.94897413767935 ], [ -0.913438628217709, 44.948614296504971 ], [ -0.913185265298766, 44.948609665194191 ], [ -0.913172220825928, 44.948969506310796 ], [ -0.912665492009972, 44.9489602418885 ], [ -0.912658968100683, 44.949140162379337 ], [ -0.912152237948902, 44.949130895652381 ], [ -0.912145712397351, 44.949310816078999 ], [ -0.912399078233082, 44.949315449752234 ], [ -0.912392553410726, 44.949495370201312 ], [ -0.912645920098247, 44.94950000334174 ], [ -0.912652444130108, 44.949320082863764 ], [ -0.91290581008842, 44.949324715413546 ], [ -0.912892763544413, 44.94968455642087 ], [ -0.913146131145007, 44.949689188466735 ], [ -0.913139608571596, 44.949869108989638 ], [ -0.913392977023976, 44.949873740502674 ], [ -0.913399498806874, 44.949693819950888 ], [ -0.913906234314396, 44.94970308123397 ], [ -0.913912754455015, 44.949523160617957 ], [ -0.914166121510147, 44.949527790388032 ], [ -0.914172640799015, 44.949347869736712 ], [ -0.91442600712489, 44.949352498916184 ], [ -0.914406451446082, 44.949892260937474 ], [ -0.91465982020472, 44.949896889641821 ] ], [ [ -0.913659387461132, 44.949518530286163 ], [ -0.913152653657146, 44.949509267937408 ], [ -0.913159176108011, 44.949329347401644 ], [ -0.91290581008842, 44.949324715413546 ], [ -0.912912333268505, 44.949144794900235 ], [ -0.913672429139611, 44.949158689092641 ], [ -0.913659387461132, 44.949518530286163 ] ] ] } },
{ "type": "Feature", "properties": { "surface_ha": 1.76 }, "geometry": { "type": "Polygon", "coordinates": [ [ [ -0.919207948379989, 44.93629684619372 ], [ -0.919214448919592, 44.936116924547065 ], [ -0.919467757869098, 44.936121541483622 ], [ -0.919480757185228, 44.935761698113438 ], [ -0.917960913883627, 44.935733988417837 ], [ -0.917973922434818, 44.935374145367618 ], [ -0.917720617011535, 44.935369525177563 ], [ -0.917727121985417, 44.935189603671617 ], [ -0.917473817413155, 44.935184982948932 ], [ -0.917506345315626, 44.934285375466914 ], [ -0.916999744253428, 44.934276132625435 ], [ -0.916986730116194, 44.934635975522212 ], [ -0.916733428096989, 44.934631353201667 ], [ -0.916720412135479, 44.934991196015048 ], [ -0.916973715734488, 44.93499581839324 ], [ -0.916967208451955, 44.935175739819137 ], [ -0.916713904063032, 44.935171117412075 ], [ -0.916707395929459, 44.935351038802651 ], [ -0.916960701108304, 44.935355661238567 ], [ -0.916954193703534, 44.935535582651589 ], [ -0.916700887734759, 44.935530960186853 ], [ -0.91669437947893, 44.935710881564567 ], [ -0.917200993057473, 44.935720125990265 ], [ -0.917194486320402, 44.935900047419231 ], [ -0.917447793991292, 44.935904668818715 ], [ -0.917441287983059, 44.93608459027007 ], [ -0.917694596505012, 44.93608921113691 ], [ -0.917688091225632, 44.936269132610647 ], [ -0.918194710032755, 44.936278372717588 ], [ -0.918201213732213, 44.936098451186183 ], [ -0.918961140031146, 44.936112307049065 ], [ -0.918954638701576, 44.9362922286669 ], [ -0.919207948379989, 44.93629684619372 ] ], [ [ -0.917233525826121, 44.934820518748907 ], [ -0.9169802229559, 44.93481589696097 ], [ -0.916986730116194, 44.934635975522212 ], [ -0.917240032196515, 44.934640597281316 ], [ -0.917233525826121, 44.934820518748907 ] ] ] } },
{ "type": "Feature", "properties": { "surface_ha": 4.4 }, "geometry": { "type": "Polygon", "coordinates": [ [ [ -0.924598785822078, 44.934414539443793 ], [ -0.924605269102387, 44.934234617122335 ], [ -0.924858570643079, 44.934239221951877 ], [ -0.924865053072603, 44.934059299595241 ], [ -0.925371654756855, 44.934068507512571 ], [ -0.925365173907117, 44.934248429926662 ], [ -0.925618475630444, 44.934253033071869 ], [ -0.925631435689273, 44.933893188179894 ], [ -0.925378135545723, 44.933888585092092 ], [ -0.92539109694085, 44.933528740231822 ], [ -0.925644395504649, 44.933533343262184 ], [ -0.925657355076583, 44.933173498318787 ], [ -0.926163949227314, 44.933182702580382 ], [ -0.926157471051493, 44.933362625112721 ], [ -0.926410769007987, 44.933367226430107 ], [ -0.926417246393952, 44.933187303869047 ], [ -0.926670543621426, 44.933191904596278 ], [ -0.9266770201567, 44.933011982000117 ], [ -0.927183613214425, 44.933021181712974 ], [ -0.927170663242472, 44.933381027013638 ], [ -0.927677259702889, 44.933390224595541 ], [ -0.92768373313955, 44.933210301891044 ], [ -0.9279370306711, 44.933214899811176 ], [ -0.927956448246739, 44.932675131573014 ], [ -0.927703153084732, 44.93267053373895 ], [ -0.927709626278196, 44.932490611008724 ], [ -0.927456331966818, 44.932486012641931 ], [ -0.927449857983524, 44.932665935343465 ], [ -0.92719656294312, 44.932661336386559 ], [ -0.927203037716247, 44.93248141371371 ], [ -0.926189861322159, 44.932463012386755 ], [ -0.926183383389713, 44.932642934944809 ], [ -0.92593008865345, 44.932638333180833 ], [ -0.925936567375722, 44.932458410651485 ], [ -0.925683273490137, 44.932453808354829 ], [ -0.925696232331771, 44.932093963334275 ], [ -0.925442940086673, 44.932089360533645 ], [ -0.925449420206011, 44.931909438042432 ], [ -0.925196128811581, 44.931904834709108 ], [ -0.925183166932428, 44.932264679627636 ], [ -0.925436459906474, 44.932269283018385 ], [ -0.925423499363482, 44.932629127968653 ], [ -0.92517020480979, 44.932624524520463 ], [ -0.925176685901545, 44.932444602077268 ], [ -0.924923392198551, 44.932439998096378 ], [ -0.924916910316972, 44.932619920510859 ], [ -0.924410321513982, 44.932610710807424 ], [ -0.924416804975211, 44.932430788450368 ], [ -0.924670098556438, 44.932435393554087 ], [ -0.924676581166955, 44.932255471161874 ], [ -0.924929874019252, 44.932260075675465 ], [ -0.924955800693277, 44.931540385927576 ], [ -0.924702511000174, 44.931535781528893 ], [ -0.924708993306271, 44.931355859104549 ], [ -0.924202415682282, 44.931346648680481 ], [ -0.924208899507038, 44.93116672630719 ], [ -0.923955611576156, 44.931162120281812 ], [ -0.923923187894467, 44.932061731940337 ], [ -0.923669896075567, 44.932057125209887 ], [ -0.923650438766228, 44.932596892041666 ], [ -0.923903732954572, 44.932601498858318 ], [ -0.923890762690096, 44.932961343438144 ], [ -0.924144058519017, 44.932965949750873 ], [ -0.924105151002885, 44.934045483508463 ], [ -0.924358451631892, 44.934050089432176 ], [ -0.924345483552382, 44.934409934024082 ], [ -0.924598785822078, 44.934414539443793 ] ], [ [ -0.924865053072603, 44.934059299595241 ], [ -0.924611752321802, 44.934054694794412 ], [ -0.924618235480323, 44.933874772460108 ], [ -0.92487153544124, 44.933879377232209 ], [ -0.924865053072603, 44.934059299595241 ] ], [ [ -0.925124835463043, 44.933883981442861 ], [ -0.92487153544124, 44.933879377232209 ], [ -0.924884499995862, 44.933519532486812 ], [ -0.925137798437918, 44.933524136640024 ], [ -0.925124835463043, 44.933883981442861 ] ], [ [ -0.924624718577953, 44.933694850119338 ], [ -0.924371419467802, 44.933690244814557 ], [ -0.924384387060117, 44.933330400171222 ], [ -0.924890982181849, 44.933339610104476 ], [ -0.924884499995862, 44.933519532486812 ], [ -0.924631201614688, 44.93351492777218 ], [ -0.924624718577953, 44.933694850119338 ] ], [ [ -0.924644167505496, 44.933155083058537 ], [ -0.924390870764927, 44.933150477839902 ], [ -0.924397354408842, 44.932970555502159 ], [ -0.924650650359561, 44.93297516069206 ], [ -0.924644167505496, 44.933155083058537 ] ], [ [ -0.924903946371172, 44.932979765320532 ], [ -0.924650650359561, 44.93297516069206 ], [ -0.924657133152742, 44.932795238319166 ], [ -0.924910428374513, 44.932799842918897 ], [ -0.924903946371172, 44.932979765320532 ] ], [ [ -0.924683063716588, 44.932075548763294 ], [ -0.924429771714987, 44.932070943717051 ], [ -0.924436254993533, 44.931891021340732 ], [ -0.924689546205335, 44.931895626358255 ], [ -0.924683063716588, 44.932075548763294 ] ], [ [ -0.924696028633197, 44.931715703946779 ], [ -0.924442738211191, 44.931711098957997 ], [ -0.924449221367956, 44.931531176568839 ], [ -0.924702511000174, 44.931535781528893 ], [ -0.924696028633197, 44.931715703946779 ] ] ] } },
{ "type": "Feature", "properties": { "surface_ha": 2.8 }, "geometry": { "type": "Polygon", "coordinates": [ [ [ -0.917772655091902, 44.933930152949991 ], [ -0.917779159577023, 44.933750231392622 ], [ -0.918032457891254, 44.9337548513233 ], [ -0.918038961525425, 44.933574929730632 ], [ -0.917785664001052, 44.933570309828774 ], [ -0.917805176906593, 44.933030545098674 ], [ -0.91805847206144, 44.933035164914088 ], [ -0.918077982047716, 44.932495400039606 ], [ -0.917571396538036, 44.932486160020339 ], [ -0.917590910713382, 44.931946395260887 ], [ -0.917844201068286, 44.931951015464776 ], [ -0.917857208633496, 44.931591172202012 ], [ -0.918110497469925, 44.93159579178689 ], [ -0.918123503211271, 44.931235948440737 ], [ -0.917870215954371, 44.931231328913512 ], [ -0.917883223030918, 44.930871485599283 ], [ -0.918136508708315, 44.930876105068883 ], [ -0.918143011365228, 44.930696183373264 ], [ -0.916876587537805, 44.930673080555792 ], [ -0.916883094082295, 44.930493158997898 ], [ -0.916376526558498, 44.930483913999005 ], [ -0.916370018434552, 44.930663835499246 ], [ -0.91662330295562, 44.930668458308212 ], [ -0.916616795560283, 44.930848379830849 ], [ -0.916110224999803, 44.930839133593878 ], [ -0.916084188489249, 44.931558819389323 ], [ -0.916590765367753, 44.931568065856993 ], [ -0.916597273007564, 44.931388144360113 ], [ -0.91710384855102, 44.931397388524594 ], [ -0.917090836369353, 44.931757231627287 ], [ -0.917344125812284, 44.931761852925106 ], [ -0.917331114965759, 44.932121696059703 ], [ -0.91657124208159, 44.932107830309072 ], [ -0.916564734197291, 44.932287751780244 ], [ -0.91707131763855, 44.932296996233063 ], [ -0.917064811272733, 44.932476917755437 ], [ -0.917318103874834, 44.932481539168585 ], [ -0.917298586780178, 44.933021303783626 ], [ -0.917045291808623, 44.933016682283998 ], [ -0.917032278526991, 44.933376525270845 ], [ -0.916778982036875, 44.93337190315215 ], [ -0.916772474514544, 44.933551824607086 ], [ -0.917025771794509, 44.933556446754636 ], [ -0.917019265000911, 44.933736368232005 ], [ -0.917272563131842, 44.933740989846939 ], [ -0.917279069135586, 44.933561068340772 ], [ -0.917532366537769, 44.933565689365487 ], [ -0.917519356048898, 44.933925532429065 ], [ -0.917772655091902, 44.933930152949991 ] ], [ [ -0.917538871690556, 44.933385767824028 ], [ -0.917285575078221, 44.933381146828154 ], [ -0.917292080959752, 44.933201225309105 ], [ -0.917545376782245, 44.933205846276159 ], [ -0.917538871690556, 44.933385767824028 ] ] ] } },
{ "type": "Feature", "properties": { "surface_ha": 176.63 }, "geometry": { "type": "Polygon", "coordinates": [ [ [ -0.985720320271722, 44.955133726874578 ], [ -0.985965858232583, 44.948116509438506 ], [ -0.985459113829149, 44.948107568139733 ], [ -0.985465410072613, 44.947927639415546 ], [ -0.985212038750198, 44.94792316795138 ], [ -0.985218335725091, 44.94774323924873 ], [ -0.984964965252405, 44.947738767250691 ], [ -0.98497126295871, 44.947558838569542 ], [ -0.984717893335754, 44.947554366037643 ], [ -0.984736788471355, 44.947014580039607 ], [ -0.984483421279221, 44.947010107029641 ], [ -0.984527513391734, 44.945750606339253 ], [ -0.984780875050267, 44.945755079153869 ], [ -0.984806066079487, 44.945035364221503 ], [ -0.985059424635288, 44.945039836362817 ], [ -0.985072018214035, 44.944679978802498 ], [ -0.98532537524808, 44.944684450326292 ], [ -0.985331671158286, 44.944504521508648 ], [ -0.985585027461034, 44.944508992442842 ], [ -0.985591322521661, 44.944329063590942 ], [ -0.985844678093109, 44.94433353393552 ], [ -0.985850972304174, 44.944153605049344 ], [ -0.986104327144321, 44.944158074804363 ], [ -0.986362306496513, 44.936780983828719 ], [ -0.985855661677699, 44.936772046043437 ], [ -0.985861954196145, 44.936592116916877 ], [ -0.985608632665508, 44.936587647209784 ], [ -0.985614925914956, 44.936407718104739 ], [ -0.98536160523354, 44.936403247863957 ], [ -0.985399368229382, 44.9353236732669 ], [ -0.985652684170307, 44.935328143340335 ], [ -0.985658977005983, 44.935148214190583 ], [ -0.985912292215957, 44.935152683674623 ], [ -0.985918584202476, 44.93497275449058 ], [ -0.9861718986815, 44.934977223385239 ], [ -0.986178189818877, 44.934797294166934 ], [ -0.986431503566951, 44.934801762472169 ], [ -0.986506983126586, 44.932642611020107 ], [ -0.986000374649402, 44.932633674517142 ], [ -0.985994083431126, 44.932813603784197 ], [ -0.9854874736104, 44.932804664979578 ], [ -0.985481180753111, 44.932984594184482 ], [ -0.984214653285999, 44.93296223720764 ], [ -0.984208356419778, 44.93314216626667 ], [ -0.982688520671306, 44.93311531919818 ], [ -0.982694822277294, 44.932935390306625 ], [ -0.982188212414488, 44.932926436847822 ], [ -0.982194515541191, 44.932746508005721 ], [ -0.981941211488539, 44.932742030462059 ], [ -0.981947515345983, 44.932562101641516 ], [ -0.9814409089982, 44.932553144925585 ], [ -0.981447214376302, 44.932373216154545 ], [ -0.981193912081176, 44.932368736982326 ], [ -0.981200218189982, 44.932188808232844 ], [ -0.980946916744014, 44.932184328527121 ], [ -0.980953223583506, 44.932004399799176 ], [ -0.980699922986692, 44.931999919559928 ], [ -0.980706230556857, 44.931819990853519 ], [ -0.980452930809196, 44.93181551008081 ], [ -0.980459239110019, 44.931635581395973 ], [ -0.980205940211511, 44.931631100089739 ], [ -0.980212249242979, 44.931451171426509 ], [ -0.97995895119362, 44.931446689586771 ], [ -0.979965260955715, 44.931266760945093 ], [ -0.979711963755508, 44.931262278571893 ], [ -0.979718274248218, 44.93108234995178 ], [ -0.979464977897155, 44.931077867045104 ], [ -0.97948391138925, 44.930538081230345 ], [ -0.979230617467051, 44.930533597846114 ], [ -0.979249552795178, 44.929993812057745 ], [ -0.978996261301777, 44.929989328196037 ], [ -0.979034135096288, 44.928909756614573 ], [ -0.979287421850857, 44.928914240308437 ], [ -0.979300044395195, 44.928554383007551 ], [ -0.979046759220175, 44.928549899369614 ], [ -0.979059383106928, 44.928190042099104 ], [ -0.978806099570714, 44.928185557955715 ], [ -0.978812412214914, 44.928005629338848 ], [ -0.978559129527734, 44.928001144662055 ], [ -0.97856544290239, 44.927821216066775 ], [ -0.978312161064246, 44.927816730856598 ], [ -0.978318475169338, 44.927636802282905 ], [ -0.978065194180231, 44.927632316539324 ], [ -0.978071509015745, 44.927452387987238 ], [ -0.97781822887567, 44.927447901710288 ], [ -0.977805597565876, 44.927807758752138 ], [ -0.978058879285408, 44.927812245085072 ], [ -0.978039934245072, 44.928352030683811 ], [ -0.978293218393152, 44.928356516539338 ], [ -0.978286904050846, 44.928536445087452 ], [ -0.978540189047994, 44.928540930409575 ], [ -0.978527561765009, 44.928900787542609 ], [ -0.978274275188313, 44.928896302164539 ], [ -0.978280589649233, 44.928716373629193 ], [ -0.978027303921621, 44.928711887717711 ], [ -0.978033619113002, 44.928531959203973 ], [ -0.976767195313633, 44.92850952136574 ], [ -0.976754556973849, 44.928869378106889 ], [ -0.976247984710427, 44.928860398929864 ], [ -0.976241663871949, 44.929040327234816 ], [ -0.975988377039503, 44.929035836776222 ], [ -0.975982055351874, 44.929215765046798 ], [ -0.975475480285544, 44.929206782389336 ], [ -0.975469156958956, 44.929386710597463 ], [ -0.975215868725079, 44.929382218398636 ], [ -0.975203220314125, 44.929742074739657 ], [ -0.974949930560045, 44.929737581923362 ], [ -0.974943605475658, 44.929917510056256 ], [ -0.974690314991171, 44.929913016650552 ], [ -0.974683989057556, 44.930092944748999 ], [ -0.974430697842666, 44.93008845075385 ], [ -0.974424371059809, 44.930268378817871 ], [ -0.972904620279659, 44.930241402888882 ], [ -0.972898288698392, 44.930421330778209 ], [ -0.973151581136288, 44.930425828197976 ], [ -0.97313891937503, 44.930785684013607 ], [ -0.973645507588563, 44.930794677281092 ], [ -0.973639178198445, 44.930974605235434 ], [ -0.974145768229477, 44.930983596313283 ], [ -0.974139440359634, 44.93116352431732 ], [ -0.973126257375923, 44.931145539803644 ], [ -0.973132588405208, 44.930965611911851 ], [ -0.972625998849822, 44.930956616342549 ], [ -0.972613333572338, 44.931316472007566 ], [ -0.972866629900019, 44.931320970129057 ], [ -0.972853965964373, 44.931680825824643 ], [ -0.972600668056937, 44.931676327647004 ], [ -0.972594335210015, 44.931856255457163 ], [ -0.972341036572173, 44.931851756690051 ], [ -0.972334702875876, 44.932031684465699 ], [ -0.972081403507629, 44.932027185109078 ], [ -0.97207506896194, 44.932207112850278 ], [ -0.972328369120089, 44.93221161223498 ], [ -0.972322035304813, 44.932391539997859 ], [ -0.972575336312363, 44.93239603884917 ], [ -0.972569003227513, 44.932575966633706 ], [ -0.973075607000888, 44.932584962708077 ], [ -0.973081938505903, 44.932405034867408 ], [ -0.97333523969188, 44.932409532034356 ], [ -0.973341570347514, 44.932229604159247 ], [ -0.973594870803039, 44.932234100736672 ], [ -0.973556890716889, 44.93331366805981 ], [ -0.973303585521777, 44.933309171314036 ], [ -0.973297254509368, 44.933489099150776 ], [ -0.973550560494435, 44.933493595924588 ], [ -0.973537899871151, 44.933853451635017 ], [ -0.973791207495615, 44.933857947903448 ], [ -0.973797537047013, 44.933678020023358 ], [ -0.974050843940952, 44.933682515702259 ], [ -0.974044515179529, 44.933862443610359 ], [ -0.974297822922887, 44.933866938755827 ], [ -0.974291494891997, 44.93404686668557 ], [ -0.974038186358659, 44.934042371512071 ], [ -0.974031857478342, 44.934222299407395 ], [ -0.975045095128255, 44.934240276844605 ], [ -0.975038769348483, 44.934420204845665 ], [ -0.975292079699518, 44.934424697829279 ], [ -0.975285754650335, 44.934604625851989 ], [ -0.975032443509292, 44.934600132840345 ], [ -0.975026117610685, 44.934780060828658 ], [ -0.975532741532206, 44.934789046346467 ], [ -0.975526417154223, 44.934968974384404 ], [ -0.976286355852078, 44.934982448533894 ], [ -0.976273711658101, 44.935342304758755 ], [ -0.97652702625623, 44.935346795074885 ], [ -0.976520704860215, 44.935526723205733 ], [ -0.976774020307767, 44.93553121298838 ], [ -0.976780340913736, 44.935351284829551 ], [ -0.977033655630607, 44.935355774022675 ], [ -0.977046295084367, 44.934995917629756 ], [ -0.977299608280527, 44.935000406205369 ], [ -0.977286970406843, 44.935360262654285 ], [ -0.977540285242429, 44.935364750724375 ], [ -0.977533967006606, 44.935544678967233 ], [ -0.978040598435912, 44.935553653478856 ], [ -0.978046915091634, 44.935373725180028 ], [ -0.978553545178165, 44.935382697389571 ], [ -0.978540914967609, 44.935742554092819 ], [ -0.979047548451631, 44.935751524168204 ], [ -0.979041234837512, 44.935931452566201 ], [ -0.97929455245855, 44.935935936789576 ], [ -0.979281926632559, 44.936295793622364 ], [ -0.979535245893054, 44.936300277340152 ], [ -0.979522621410064, 44.936660134203301 ], [ -0.980029263269303, 44.93666910006614 ], [ -0.98001664170959, 44.937028957015578 ], [ -0.979509996689907, 44.937019991040884 ], [ -0.97950368424089, 44.937199919450094 ], [ -0.979250361029862, 44.937195435592443 ], [ -0.979256674269001, 44.937015507211193 ], [ -0.978496707362115, 44.937002052352852 ], [ -0.978490391752617, 44.937181980650145 ], [ -0.977983745864388, 44.937173007880851 ], [ -0.977977428615317, 44.937352936115758 ], [ -0.977724104970083, 44.937348448860803 ], [ -0.977736740989131, 44.936988592440528 ], [ -0.977483418983482, 44.936984104679993 ], [ -0.977496056345363, 44.936624248290151 ], [ -0.976989415672548, 44.936615271196416 ], [ -0.976995735844649, 44.936435343047933 ], [ -0.976742416387377, 44.936430853686758 ], [ -0.976761378917723, 44.935891069286924 ], [ -0.976508061890055, 44.935886579448251 ], [ -0.976514383404824, 44.935706651330179 ], [ -0.976007751107751, 44.935697670024283 ], [ -0.976026720036073, 44.935157885799853 ], [ -0.974506838791274, 44.935130928910077 ], [ -0.974500511134341, 44.935310856823122 ], [ -0.973993882948071, 44.935301866645041 ], [ -0.973987553651622, 44.935481794495601 ], [ -0.973227609447992, 44.93546830493294 ], [ -0.973221277721954, 44.935648232692955 ], [ -0.972714646970126, 44.935639236787488 ], [ -0.972708313604513, 44.935819164484975 ], [ -0.972454997527774, 44.935814665661908 ], [ -0.972448663312612, 44.935994593324921 ], [ -0.972195346505317, 44.935990093912238 ], [ -0.972182676316359, 44.936349949162988 ], [ -0.971676039720016, 44.93634094854076 ], [ -0.971669702956121, 44.936520876100381 ], [ -0.971416383957148, 44.936516374918909 ], [ -0.971397370938058, 44.937056157475155 ], [ -0.971650692307309, 44.937060658740862 ], [ -0.971638018243819, 44.937420513802543 ], [ -0.971384695294346, 44.937416012480654 ], [ -0.971378357383191, 44.937595939973818 ], [ -0.97188500492191, 44.937604942112202 ], [ -0.971878668531482, 44.937784869655133 ], [ -0.973145292370372, 44.937807365314185 ], [ -0.973151624810136, 44.937627437630915 ], [ -0.973404948966254, 44.93763193505 ], [ -0.97341128055641, 44.937452007332283 ], [ -0.973664603981872, 44.93745650416173 ], [ -0.973670934722436, 44.937276576409566 ], [ -0.973924257417244, 44.937281072649441 ], [ -0.973917927466803, 44.937461000429636 ], [ -0.974171251011189, 44.937465496135992 ], [ -0.974164921791419, 44.937645423937866 ], [ -0.974418246185384, 44.937649919110676 ], [ -0.974411917696301, 44.937829846934186 ], [ -0.974158592512197, 44.937825351733316 ], [ -0.974139604317817, 44.938365135081369 ], [ -0.974646259486387, 44.938374125089787 ], [ -0.974639931549688, 44.938554052915791 ], [ -0.975399917118822, 44.93856753380075 ], [ -0.975406242685013, 44.938387605890668 ], [ -0.975912898447862, 44.938396590283361 ], [ -0.975906574462011, 44.938576518249477 ], [ -0.976159903222714, 44.938581009631513 ], [ -0.976153579967639, 44.938760937619236 ], [ -0.976406909577918, 44.938765428467704 ], [ -0.976413232042811, 44.938585500451921 ], [ -0.976919889861164, 44.938594480408035 ], [ -0.976938852158525, 44.938054696154296 ], [ -0.977192178786264, 44.938059185205972 ], [ -0.977198498643156, 44.93787925708061 ], [ -0.977451824540107, 44.937883745542734 ], [ -0.977439186347271, 44.938243601843041 ], [ -0.97769251388389, 44.938248089799558 ], [ -0.977686195488607, 44.938428017968143 ], [ -0.977939523874744, 44.938432505391084 ], [ -0.977933206210285, 44.938612433581277 ], [ -0.978439864740938, 44.938621406798404 ], [ -0.978433548597507, 44.938801335038164 ], [ -0.978686878742015, 44.93880582083235 ], [ -0.978674247857557, 44.93916567734869 ], [ -0.978927579641783, 44.939170162637232 ], [ -0.978914950100456, 44.939530019183977 ], [ -0.978661616735806, 44.939525533839443 ], [ -0.978636353780402, 44.94024524674429 ], [ -0.979143026890903, 44.940254217095557 ], [ -0.979130398218268, 44.940614073621546 ], [ -0.979383736443008, 44.940618558010719 ], [ -0.979377422807989, 44.940798486292103 ], [ -0.979630761882306, 44.940802970147637 ], [ -0.979643387512501, 44.940443113522491 ], [ -0.979896725065583, 44.94044759676045 ], [ -0.97988410101592, 44.940807453441494 ], [ -0.980137440208827, 44.940811936173752 ], [ -0.980118506060499, 44.9413517212313 ], [ -0.980371847683552, 44.941356203485803 ], [ -0.980352915372569, 44.941895988569712 ], [ -0.979846227443896, 44.941887023331255 ], [ -0.979839914974359, 44.942066951623836 ], [ -0.97958657030864, 44.942062468134139 ], [ -0.979592883568501, 44.941882539869539 ], [ -0.979086195995628, 44.941873571261191 ], [ -0.979079881155125, 44.942053499469857 ], [ -0.977813159309551, 44.94203106798021 ], [ -0.977806840458096, 44.942210996042569 ], [ -0.978060185498854, 44.942215483491793 ], [ -0.978047549198541, 44.942575339653274 ], [ -0.978300895879323, 44.942579826596834 ], [ -0.978212446195074, 44.945098819403242 ], [ -0.978465804000757, 44.945103306176982 ], [ -0.978402626437464, 44.946902586265836 ], [ -0.977389163951475, 44.946884634680742 ], [ -0.977382842706614, 44.947064562542486 ], [ -0.975102548473026, 44.947024138361883 ], [ -0.975115205132681, 44.946664283136379 ], [ -0.974861840984904, 44.946659788808113 ], [ -0.974868170016063, 44.946479861213788 ], [ -0.974614806718245, 44.946475366351834 ], [ -0.974621136480445, 44.946295438779181 ], [ -0.973100962685456, 44.946268457979365 ], [ -0.973094628180301, 44.946448385383711 ], [ -0.97233453971457, 44.946434887316293 ], [ -0.972328202778417, 44.946614814630038 ], [ -0.971821475851239, 44.94660581305363 ], [ -0.971827814368382, 44.946425885796025 ], [ -0.971574451784601, 44.946421384193322 ], [ -0.971580791032688, 44.946241456957431 ], [ -0.971327429298943, 44.946236954821053 ], [ -0.971333769277961, 44.946057027606855 ], [ -0.971080408394252, 44.946052524936846 ], [ -0.971086749104179, 44.945872597744341 ], [ -0.970833389070508, 44.945868094540714 ], [ -0.970839730511334, 44.94568816736988 ], [ -0.970586371327696, 44.945683663632657 ], [ -0.970592713499406, 44.945503736483552 ], [ -0.970339355165799, 44.945499232212697 ], [ -0.970345698068379, 44.945319305085278 ], [ -0.970092340584802, 44.945314800280805 ], [ -0.970098684218235, 44.945134873175114 ], [ -0.969591971010738, 44.945125861937278 ], [ -0.969598316165442, 44.944945934881396 ], [ -0.969344960441527, 44.944941428448018 ], [ -0.969338614496395, 44.945121355475813 ], [ -0.969085258041666, 44.945116848452649 ], [ -0.969072564391684, 44.945476702432799 ], [ -0.968819206415696, 44.945472194791677 ], [ -0.968812858710822, 44.945652121744033 ], [ -0.96906621747726, 44.945656629413236 ], [ -0.969059870503211, 44.945836556387306 ], [ -0.969566589795862, 44.945845570096871 ], [ -0.969560244343124, 44.946025497120765 ], [ -0.969813604869332, 44.946030003161091 ], [ -0.969807260147458, 44.946209930206685 ], [ -0.970060621523743, 44.946214435713394 ], [ -0.970047933482159, 44.946574289841649 ], [ -0.970301296499012, 44.946578794842821 ], [ -0.970263235687019, 44.947658357242652 ], [ -0.970516603506561, 44.947662861850702 ], [ -0.970510260619867, 44.947842788923069 ], [ -0.97076362928954, 44.94784729299748 ], [ -0.97075728713381, 44.948027220091525 ], [ -0.971010656653612, 44.948031723632276 ], [ -0.97100431522886, 44.948211650748028 ], [ -0.971257685598797, 44.948216153755112 ], [ -0.971251344905039, 44.94839608089255 ], [ -0.971504716125109, 44.948400583365974 ], [ -0.971498376162361, 44.948580510525105 ], [ -0.971751748232563, 44.948585012464832 ], [ -0.971745409000839, 44.948764939645656 ], [ -0.971998781921178, 44.948769441051695 ], [ -0.971992443420492, 44.948949368254205 ], [ -0.972499191020985, 44.948958369437122 ], [ -0.972492854041953, 44.949138296689391 ], [ -0.9727462287221, 44.949142796466262 ], [ -0.972733556166664, 44.949502651007748 ], [ -0.972986932487561, 44.949507150278947 ], [ -0.972980596911179, 44.949687077568164 ], [ -0.973233974082218, 44.949691576305668 ], [ -0.973227639236949, 44.949871503616556 ], [ -0.973481017258133, 44.949876001820321 ], [ -0.97347468314399, 44.950055929152867 ], [ -0.973728062015319, 44.950060426822866 ], [ -0.973715395189821, 44.950420281524941 ], [ -0.973968775701955, 44.950424778689261 ], [ -0.973962442990619, 44.950604706058741 ], [ -0.974215824352909, 44.950609202689307 ], [ -0.974209492372754, 44.950789130080459 ], [ -0.974462874585201, 44.95079362617728 ], [ -0.974456543336238, 44.950973553590067 ], [ -0.974709926398843, 44.9509780491531 ], [ -0.974703595881092, 44.951157976587552 ], [ -0.974956979793857, 44.951162471616819 ], [ -0.974950650007327, 44.9513423990729 ], [ -0.975204034770256, 44.95134689356837 ], [ -0.975197705714964, 44.95152682104613 ], [ -0.975451091328054, 44.951531315007813 ], [ -0.975438434620525, 44.951891170000167 ], [ -0.975691821874501, 44.951895663456099 ], [ -0.975698149467272, 44.951715735935068 ], [ -0.975951535989974, 44.951720228801129 ], [ -0.975957862732584, 44.951540301245707 ], [ -0.97621124852401, 44.951544793521897 ], [ -0.976223900249519, 44.951184938335793 ], [ -0.976477284518963, 44.951189429994088 ], [ -0.976489934425381, 44.950829574726384 ], [ -0.976743317172869, 44.950834065766834 ], [ -0.97674964124627, 44.950654138095366 ], [ -0.976496259289461, 44.950649647082919 ], [ -0.976508908839365, 44.950289791776839 ], [ -0.976255528523308, 44.950285300258614 ], [ -0.976268179416846, 44.94992544498303 ], [ -0.976014800741516, 44.94992095295904 ], [ -0.976027452978634, 44.949561097713911 ], [ -0.975774075944005, 44.949556605184171 ], [ -0.975799382867546, 44.948836894729283 ], [ -0.976052756739722, 44.948841387146885 ], [ -0.976065408263701, 44.948481531825031 ], [ -0.976318780614121, 44.948486023624824 ], [ -0.976325105496392, 44.948306095926291 ], [ -0.976831848794308, 44.948315077784514 ], [ -0.976838172036014, 44.948135150023539 ], [ -0.977344913990391, 44.948144129578665 ], [ -0.977338592329835, 44.948324057395673 ], [ -0.977845336102914, 44.948333034759727 ], [ -0.977839015964141, 44.948512962626367 ], [ -0.978092388730327, 44.948517450493711 ], [ -0.978086069322774, 44.948697378381915 ], [ -0.97833944293892, 44.948701865715506 ], [ -0.9783331242626, 44.948881793625318 ], [ -0.978586498728709, 44.948886280425135 ], [ -0.978580180783638, 44.949066208356555 ], [ -0.978833556099707, 44.949070694622549 ], [ -0.978827238885901, 44.949250622575541 ], [ -0.979333991277308, 44.949259593478168 ], [ -0.979327675585408, 44.949439521480762 ], [ -0.98034118424265, 44.949457456656404 ], [ -0.980347496772041, 44.949277528541927 ], [ -0.981867756793051, 44.949304414283766 ], [ -0.981874064519398, 44.949124485995199 ], [ -0.983901074873861, 44.949160301967055 ], [ -0.983894773472541, 44.949340230479081 ], [ -0.984401528234544, 44.94934917890992 ], [ -0.984395228355305, 44.949529107471356 ], [ -0.984648606615726, 44.949533580872 ], [ -0.984636008260995, 44.94989343803158 ], [ -0.984889388161896, 44.949897910926239 ], [ -0.984876791151788, 44.950257768116046 ], [ -0.984623409669554, 44.950253295165609 ], [ -0.984610810841395, 44.950613152274066 ], [ -0.984357427836979, 44.950608678705997 ], [ -0.984344827190706, 44.950968535733075 ], [ -0.984091442664086, 44.950964061547339 ], [ -0.984078840199635, 44.951323918493074 ], [ -0.983825454150793, 44.95131944368967 ], [ -0.983819152039051, 44.951499372125042 ], [ -0.983565765258697, 44.951494896731901 ], [ -0.983559462297019, 44.951674825132947 ], [ -0.983306074785151, 44.951670349150042 ], [ -0.983255642633889, 44.953109775905091 ], [ -0.983509036471835, 44.953114252111405 ], [ -0.983490125810283, 44.953654037122917 ], [ -0.983743522079852, 44.953658512851092 ], [ -0.983718310198649, 44.954378226222019 ], [ -0.983971709690744, 44.954382701500023 ], [ -0.983959104976542, 44.954742558202973 ], [ -0.985226111233548, 44.954764926443559 ], [ -0.985219812741946, 44.954944854925017 ], [ -0.985473214961765, 44.954949326915326 ], [ -0.985466917201862, 44.955129255418285 ], [ -0.985720320271722, 44.955133726874578 ] ], [ [ -0.976008474533811, 44.950100880572023 ], [ -0.975755095127263, 44.950096387958219 ], [ -0.975761422125616, 44.949916460373252 ], [ -0.976014800741516, 44.94992095295904 ], [ -0.976008474533811, 44.950100880572023 ] ], [ [ -0.981443019591368, 44.946956387093621 ], [ -0.981189653169084, 44.946951906780932 ], [ -0.98119596249673, 44.946771978493111 ], [ -0.981449328128487, 44.946776458777848 ], [ -0.981443019591368, 44.946956387093621 ] ], [ [ -0.983614889021303, 44.942853851353611 ], [ -0.983361540305501, 44.942849376177072 ], [ -0.983367841947228, 44.942669447518796 ], [ -0.983621189872668, 44.942673922667446 ], [ -0.983614889021303, 44.942853851353611 ] ], [ [ -0.984159381366702, 44.941783227473891 ], [ -0.983906037274602, 44.941778753588146 ], [ -0.98391863662728, 44.941418896076911 ], [ -0.984425321709385, 44.941427843175106 ], [ -0.984419023643259, 44.941607771989702 ], [ -0.984165680282309, 44.941603298693529 ], [ -0.984159381366702, 44.941783227473891 ] ], [ [ -0.974234539939225, 44.935666217765636 ], [ -0.973981224295722, 44.935661722339724 ], [ -0.973987553651622, 44.935481794495601 ], [ -0.974240868505077, 44.935486289893426 ], [ -0.974234539939225, 44.935666217765636 ] ], [ [ -0.979813810307049, 44.935585046581544 ], [ -0.979560494147557, 44.935580563537165 ], [ -0.979566806062964, 44.93540063507043 ], [ -0.979820121432399, 44.935405118086869 ], [ -0.979813810307049, 44.935585046581544 ] ], [ [ -0.978046915091634, 44.935373725180028 ], [ -0.977793600137363, 44.935369238232958 ], [ -0.977799917523797, 44.935189309955703 ], [ -0.978053231688025, 44.935193796874756 ], [ -0.978046915091634, 44.935373725180028 ] ], [ [ -0.976545990088026, 44.934807010644015 ], [ -0.97603936569134, 44.934798029618243 ], [ -0.976045688429888, 44.934618101517842 ], [ -0.976552311246543, 44.934627082487573 ], [ -0.976545990088026, 44.934807010644015 ] ], [ [ -0.975786053582074, 44.934793538263115 ], [ -0.975532741532206, 44.934789046346467 ], [ -0.975539065850785, 44.934609118302106 ], [ -0.975792377110638, 44.934613610190723 ], [ -0.975786053582074, 44.934793538263115 ] ], [ [ -0.98087753759976, 44.934163544112664 ], [ -0.980624227523451, 44.934159063538033 ], [ -0.980636844026483, 44.933799206272226 ], [ -0.980890152522804, 44.933803686790988 ], [ -0.98087753759976, 44.934163544112664 ] ], [ [ -0.978413905543606, 44.932139500589493 ], [ -0.977400702723755, 44.93212155369369 ], [ -0.977407020622026, 44.931941625357361 ], [ -0.977660320448087, 44.931946112895517 ], [ -0.977666637497118, 44.931766184524811 ], [ -0.978173235747431, 44.93177515786077 ], [ -0.978166920278202, 44.931955086287488 ], [ -0.978420220282241, 44.93195957214126 ], [ -0.978413905543606, 44.932139500589493 ] ], [ [ -0.975139974695304, 44.931541356061189 ], [ -0.974380081915927, 44.931527875087099 ], [ -0.974386409114761, 44.931347947067813 ], [ -0.9751462995245, 44.931361427957803 ], [ -0.975139974695304, 44.931541356061189 ] ], [ [ -0.976685041861281, 44.930848589726118 ], [ -0.976178452221896, 44.930839609932889 ], [ -0.97618477365407, 44.930659681691871 ], [ -0.975931479713286, 44.93065519098112 ], [ -0.975944123979201, 44.930295334535913 ], [ -0.976197416340303, 44.930299825190588 ], [ -0.976210058789047, 44.929939968663781 ], [ -0.976969931489584, 44.929953437091342 ], [ -0.976963612664369, 44.930133365441989 ], [ -0.97721690447308, 44.93013785382302 ], [ -0.977210586378347, 44.930317782195274 ], [ -0.976957293779804, 44.93031329378622 ], [ -0.97694465583263, 44.930673150455519 ], [ -0.976691361713748, 44.930668661429067 ], [ -0.976685041861281, 44.930848589726118 ] ], [ [ -0.978508620395786, 44.929440573194235 ], [ -0.978255331449714, 44.929436087732221 ], [ -0.978267960668088, 44.929076230693489 ], [ -0.978521248034569, 44.929080716099541 ], [ -0.978508620395786, 44.929440573194235 ] ], [ [ -0.978267960668088, 44.929076230693489 ], [ -0.978014673360918, 44.929071744726038 ], [ -0.978020988670926, 44.928891816225082 ], [ -0.978274275188313, 44.928896302164539 ], [ -0.978267960668088, 44.929076230693489 ] ] ] } },
{ "type": "Feature", "properties": { "surface_ha": 7.43 }, "geometry": { "type": "Polygon", "coordinates": [ [ [ -0.949804100860623, 44.931269192601889 ], [ -0.949810504734524, 44.931089267325248 ], [ -0.950063796469223, 44.931093816002807 ], [ -0.950070199493168, 44.930913890691386 ], [ -0.949816908548282, 44.930909342042199 ], [ -0.94982331230189, 44.930729416752747 ], [ -0.950583182947544, 44.930743060930951 ], [ -0.950589584271618, 44.930563135549974 ], [ -0.951096163423082, 44.930572228805055 ], [ -0.951089763678607, 44.930752154242789 ], [ -0.951343054134305, 44.93075670005657 ], [ -0.951362250818025, 44.930216923639122 ], [ -0.951108962731708, 44.930212377910387 ], [ -0.951128161243855, 44.929672601520295 ], [ -0.950874875586952, 44.929668055315261 ], [ -0.950894075927407, 44.929128278952547 ], [ -0.950640792699856, 44.929123732271236 ], [ -0.950659994868501, 44.928583955935949 ], [ -0.950153433332102, 44.92857486105941 ], [ -0.95015983551417, 44.928394935658247 ], [ -0.950413115462601, 44.928399483348798 ], [ -0.950432319278957, 44.927859707021682 ], [ -0.950179041699609, 44.927855159416218 ], [ -0.950204649105092, 44.927135457670445 ], [ -0.949951374744539, 44.927130909617112 ], [ -0.949976984346588, 44.926411207882268 ], [ -0.949723713204715, 44.926406659381101 ], [ -0.949736519224194, 44.926046808531979 ], [ -0.949483249721684, 44.926042259526277 ], [ -0.949489653430826, 44.925862334120445 ], [ -0.949236384778061, 44.925857784581837 ], [ -0.949242789216654, 44.925677859197982 ], [ -0.948989521413633, 44.925673309126445 ], [ -0.949002331689544, 44.925313458396296 ], [ -0.948749065525841, 44.925308907820188 ], [ -0.948755471363137, 44.925128982473915 ], [ -0.948502206049165, 44.925124431364942 ], [ -0.948508612615865, 44.924944506040625 ], [ -0.948002083747561, 44.924935402195615 ], [ -0.947976450803172, 44.925655103227228 ], [ -0.948229718365527, 44.925659655543988 ], [ -0.948197679778905, 44.926559281831274 ], [ -0.948450951349472, 44.926563833728707 ], [ -0.94843172984424, 44.927103609509281 ], [ -0.948685003843894, 44.927108160930587 ], [ -0.948640157086554, 44.928367637726332 ], [ -0.9488934366741, 44.928372188785033 ], [ -0.948887030543498, 44.928552114044301 ], [ -0.949140310980914, 44.928556664570038 ], [ -0.949127500118643, 44.928916515126147 ], [ -0.949380782195653, 44.9289210651473 ], [ -0.949355162908133, 44.929640766296096 ], [ -0.949608448204256, 44.929645315869394 ], [ -0.949595639779088, 44.93000516646206 ], [ -0.949848926714888, 44.930009715530787 ], [ -0.949829715995356, 44.930549491456858 ], [ -0.949323137445225, 44.930540392587822 ], [ -0.949316732172168, 44.930720317826918 ], [ -0.948810152283083, 44.930711216655496 ], [ -0.948803745370264, 44.930891141831438 ], [ -0.949563617663539, 44.930904792831605 ], [ -0.949550808396251, 44.931264643334551 ], [ -0.949804100860623, 44.931269192601889 ] ] ] } }
]
}
