{
"type": "FeatureCollection",
"name": "perimetre",
"crs": { "type": "name", "properties": { "name": "urn:ogc:def:crs:OGC:1.3:CRS84" } },
"features": [
{ "type": "Feature", "properties": { "surface_ha": 1.4 }, "geometry": { "type": "Polygon", "coordinates": [ [ [ 1.026679380882337, 46.90736343387789 ], [ 1.02669919145355, 46.906823819903295 ], [ 1.026436734278088, 46.906819294036374 ], [ 1.026456546907793, 46.906279680089114 ], [ 1.026194092426554, 46.906275153705728 ], [ 1.026187487403358, 46.906455024999588 ], [ 1.025925032108835, 46.906450497986583 ], [ 1.02593824384537, 46.906090755449029 ], [ 1.026200697386159, 46.906095282405474 ], [ 1.026213907114617, 46.905735539785802 ], [ 1.025951455327525, 46.90573101288598 ], [ 1.025977877528729, 46.905011527683115 ], [ 1.026502774151895, 46.905020580655105 ], [ 1.026515981363755, 46.904660837902171 ], [ 1.026778428017103, 46.904665363429615 ], [ 1.026771825319755, 46.904845234837566 ], [ 1.02703427291346, 46.904849759792008 ], [ 1.027021069081692, 46.905209502645313 ], [ 1.02623372123042, 46.905195925808385 ], [ 1.026220511883468, 46.905555668466398 ], [ 1.026482962857305, 46.905560194736609 ], [ 1.026476358965292, 46.905740066084327 ], [ 1.026738810879544, 46.905744591781492 ], [ 1.026732207800803, 46.905924463151116 ], [ 1.02699466065547, 46.905928988275214 ], [ 1.026988058390015, 46.906108859666752 ], [ 1.026725604658491, 46.906104334514318 ], [ 1.026719001452612, 46.906284205871152 ], [ 1.026981456061001, 46.906288731051845 ], [ 1.026968251212285, 46.906648473802903 ], [ 1.027230707637991, 46.906652998438837 ], [ 1.027217504288815, 46.907012741220868 ], [ 1.027479962531866, 46.907017265311993 ], [ 1.027466760682291, 46.907377008125039 ], [ 1.026679380882337, 46.90736343387789 ] ] ] } },
{ "type": "Feature", "properties": { "surface_ha": 2.12 }, "geometry": { "type": "Polygon", "coordinates": [ [ [ 1.037132119211445, 46.901603683738081 ], [ 1.037138686511804, 46.901423811108572 ], [ 1.036613821639113, 46.901414807424132 ], [ 1.036620390629564, 46.901234934844517 ], [ 1.036357959164726, 46.901230432128564 ], [ 1.036364528968591, 46.90105055957072 ], [ 1.036102098443645, 46.901046056281658 ], [ 1.036108669060905, 46.900866183745556 ], [ 1.035846239475849, 46.900861679883427 ], [ 1.035852810906486, 46.900681807369089 ], [ 1.035590382261318, 46.900677302933886 ], [ 1.03560352668605, 46.900317557942394 ], [ 1.035341099857382, 46.900313052962261 ], [ 1.035367391454023, 46.899593563015294 ], [ 1.035629814776331, 46.899598067882764 ], [ 1.035623242848657, 46.899777940407276 ], [ 1.036410515824865, 46.899791451486969 ], [ 1.036417085122801, 46.899611578878023 ], [ 1.036154661610729, 46.899607075814167 ], [ 1.036161231721999, 46.899427203226985 ], [ 1.036686077056237, 46.899436208697225 ], [ 1.036666371792169, 46.899975826608447 ], [ 1.036928797183879, 46.899980328526169 ], [ 1.036922229512661, 46.900160201178615 ], [ 1.037184655844192, 46.90016470252327 ], [ 1.037158388033561, 46.900884193181739 ], [ 1.037420817934789, 46.900888694037675 ], [ 1.037401119042983, 46.901428312048935 ], [ 1.037663551637374, 46.901432812388038 ], [ 1.037656986090353, 46.901612685073779 ], [ 1.037132119211445, 46.901603683738081 ] ] ] } },
{ "type": "Feature", "properties": { "surface_ha": 2.64 }, "geometry": { "type": "Polygon", "coordinates": [ [ [ 1.048606145694692, 46.896580338618037 ], [ 1.04862572884745, 46.896040716536682 ], [ 1.048888136915601, 46.896045190755913 ], [ 1.048894663631088, 46.895865316688081 ], [ 1.048632256439364, 46.895860842496816 ], [ 1.048638783968447, 46.895680968450591 ], [ 1.048901190283747, 46.895685442613882 ], [ 1.048907716873584, 46.895505568533295 ], [ 1.048645311434697, 46.895501094397936 ], [ 1.048658366178703, 46.895141346273604 ], [ 1.048133558995034, 46.895132396311382 ], [ 1.048140088025563, 46.894952522295576 ], [ 1.048664893456459, 46.894961472201821 ], [ 1.048671420671386, 46.894781598123714 ], [ 1.049721028781543, 46.894799490610914 ], [ 1.049714505072139, 46.894979364800854 ], [ 1.049976908133072, 46.894983836447778 ], [ 1.049963862278665, 46.895343584864477 ], [ 1.050488672094468, 46.895352526466738 ], [ 1.0504821508259, 46.895532400721407 ], [ 1.050744556704373, 46.895536870648769 ], [ 1.050738036249452, 46.895716744925004 ], [ 1.051262849947523, 46.895725683032204 ], [ 1.051243293464784, 46.896265305990262 ], [ 1.050980883955058, 46.896260837153456 ], [ 1.050974364125525, 46.89644071143212 ], [ 1.050711953802106, 46.896436241966214 ], [ 1.050705433033349, 46.896616116210609 ], [ 1.050443021896238, 46.896611646115588 ], [ 1.050449543541453, 46.896431771899159 ], [ 1.050187133343579, 46.89642730123095 ], [ 1.05019365580247, 46.89624742703608 ], [ 1.049931246543831, 46.896242955794648 ], [ 1.049937769816381, 46.896063081621378 ], [ 1.049412953240373, 46.896054137390934 ], [ 1.0493999031267, 46.896413885619324 ], [ 1.049137493180018, 46.896409412546454 ], [ 1.049130967152507, 46.896589286623154 ], [ 1.048606145694692, 46.896580338618037 ] ] ] } },
{ "type": "Feature", "properties": { "surface_ha": 1.72 }, "geometry": { "type": "Polygon", "coordinates": [ [ [ 1.039493950472211, 46.894444755493936 ], [ 1.039500508233703, 46.894264882384185 ], [ 1.037926121699868, 46.894237899722881 ], [ 1.03793268465619, 46.89405802677539 ], [ 1.038195081377622, 46.894062525360255 ], [ 1.038201643394456, 46.893882652378274 ], [ 1.038464039302738, 46.893887150333917 ], [ 1.03845747816222, 46.894067023344007 ], [ 1.038719875009971, 46.894071520726662 ], [ 1.038732995475228, 46.893711774643869 ], [ 1.038470600380101, 46.893707277317425 ], [ 1.038477161394313, 46.893527404294559 ], [ 1.038214767238638, 46.893522906395134 ], [ 1.038221329065986, 46.893343033394011 ], [ 1.038746115687906, 46.893352028535524 ], [ 1.03875267569953, 46.893172155471795 ], [ 1.038490283233274, 46.8931676582297 ], [ 1.038503404819634, 46.892807912139283 ], [ 1.039028186310203, 46.892816905909982 ], [ 1.039021627301132, 46.892996779014595 ], [ 1.039284019017388, 46.893001275026435 ], [ 1.039277460821457, 46.89318114815277 ], [ 1.039539853477115, 46.89318564359165 ], [ 1.039533296094344, 46.893365516739678 ], [ 1.039795689689405, 46.893370011605569 ], [ 1.039789133119811, 46.893549884775311 ], [ 1.040051527654275, 46.89355437906822 ], [ 1.040058083347575, 46.893374505870369 ], [ 1.040320477068846, 46.893378999534079 ], [ 1.040313922251843, 46.893558872760018 ], [ 1.040576316912503, 46.893563365850738 ], [ 1.040569762908711, 46.893743239098406 ], [ 1.040307367371744, 46.893738745979604 ], [ 1.040300812428553, 46.89391861919276 ], [ 1.040038416078369, 46.893914125444759 ], [ 1.040031860195759, 46.894093998623468 ], [ 1.039769463032359, 46.89408950424631 ], [ 1.039756349325162, 46.894449250528396 ], [ 1.039493950472211, 46.894444755493936 ] ] ] } },
{ "type": "Feature", "properties": { "surface_ha": 6.11 }, "geometry": { "type": "Polygon", "coordinates": [ [ [ 0.981774502820131, 46.893261368848705 ], [ 0.981781253291949, 46.893081502004812 ], [ 0.981518870346175, 46.893076874192865 ], [ 0.981525621629168, 46.892897007371431 ], [ 0.981263239624527, 46.892892378987376 ], [ 0.981269991718677, 46.892712512188517 ], [ 0.981007610655163, 46.892707883232376 ], [ 0.981014363560457, 46.892528016455955 ], [ 0.980489603380688, 46.892518756798559 ], [ 0.980496357973224, 46.892338890073653 ], [ 0.980758737154487, 46.892343520173895 ], [ 0.980765490805899, 46.892163653413618 ], [ 0.980503112500751, 46.892159023342288 ], [ 0.980516621360766, 46.89179928986028 ], [ 0.980254244872825, 46.891794659245839 ], [ 0.980261000081404, 46.891614792524159 ], [ 0.979473873635982, 46.891600897161759 ], [ 0.979487389114513, 46.891241163872785 ], [ 0.979749762779147, 46.891245796203371 ], [ 0.979743005948469, 46.891425662879982 ], [ 0.981054879627311, 46.891448815662791 ], [ 0.981095393354458, 46.890369614638338 ], [ 0.981357763028934, 46.890374243218368 ], [ 0.981371265332708, 46.890014509434302 ], [ 0.981633633320129, 46.890019137355523 ], [ 0.981640383498545, 46.889839270424943 ], [ 0.982427485222563, 46.889853150496165 ], [ 0.982420737672166, 46.890033017513517 ], [ 0.98268310591941, 46.890037643030929 ], [ 0.982649371573421, 46.890936978165882 ], [ 0.982386998946009, 46.890932352503917 ], [ 0.98238025100594, 46.891112219482714 ], [ 0.981593130885255, 46.891098338804213 ], [ 0.981586380252041, 46.891278205689829 ], [ 0.981324006132351, 46.891273577566139 ], [ 0.981317254558091, 46.891453444416399 ], [ 0.981842004614589, 46.891462700120705 ], [ 0.981835254727506, 46.891642567022387 ], [ 0.982360006796036, 46.891651820380602 ], [ 0.982366754930954, 46.891471953421068 ], [ 0.982891505507117, 46.891481204317493 ], [ 0.982884759124368, 46.891661071334845 ], [ 0.98314713538594, 46.891665695910504 ], [ 0.983140389814351, 46.89184556295033 ], [ 0.983402767016942, 46.891850186953882 ], [ 0.983409511712437, 46.891670319885144 ], [ 0.98367188810385, 46.891674943258828 ], [ 0.983692119172599, 46.89113534192736 ], [ 0.983954493000684, 46.891139964613366 ], [ 0.983947750252079, 46.891319831759169 ], [ 0.984210125021133, 46.891324453873089 ], [ 0.984203383083709, 46.891504321041353 ], [ 0.984465758793733, 46.891508942583187 ], [ 0.984459017667508, 46.891688809773903 ], [ 0.984196641081394, 46.891684188203186 ], [ 0.984189899014188, 46.891864055358596 ], [ 0.983927521616868, 46.891859433158039 ], [ 0.983920778608664, 46.892039300278157 ], [ 0.984183156882089, 46.892043922507604 ], [ 0.984176414685097, 46.89222378965021 ], [ 0.985225931932107, 46.89224227267362 ], [ 0.985219193174717, 46.892422139925301 ], [ 0.984169672423212, 46.892403656786357 ], [ 0.984162930096431, 46.89258352391608 ], [ 0.98390054919464, 46.892578901599947 ], [ 0.983887062594104, 46.892938635782372 ], [ 0.98309991502134, 46.892924765054524 ], [ 0.983093168995251, 46.893104632049415 ], [ 0.982830785724692, 46.893100007242523 ], [ 0.982844279464236, 46.892740273304149 ], [ 0.982319516622539, 46.89273102200297 ], [ 0.982326265147173, 46.892551155081982 ], [ 0.982063884699887, 46.892546528558775 ], [ 0.98205038583339, 46.892906262336496 ], [ 0.982575150297469, 46.892915514897545 ], [ 0.982561654675735, 46.893275248765271 ], [ 0.982299270658906, 46.893270622727435 ], [ 0.982306019378406, 46.893090755825703 ], [ 0.982043636302694, 46.893086129215767 ], [ 0.982036886707036, 46.893265996088566 ], [ 0.981774502820131, 46.893261368848705 ] ] ] } },
{ "type": "Feature", "properties": { "surface_ha": 2.04 }, "geometry": { "type": "Polygon", "coordinates": [ [ [ 1.053978055629085, 46.893252092362424 ], [ 1.053984564689704, 46.893072217662009 ], [ 1.053197381791734, 46.893058828889288 ], [ 1.053223427923147, 46.892339330358617 ], [ 1.052698646648166, 46.892330401727911 ], [ 1.052711672842862, 46.891970652535967 ], [ 1.052449284051924, 46.89196618737482 ], [ 1.052455797931483, 46.891786312797187 ], [ 1.052718185846175, 46.891790777930417 ], [ 1.05273121166473, 46.891431028700246 ], [ 1.053255984177229, 46.891439957051936 ], [ 1.053262495240029, 46.891260082371474 ], [ 1.053524880714066, 46.89126454561783 ], [ 1.053531390837978, 46.891084670903091 ], [ 1.05379377549846, 46.891089133520516 ], [ 1.053787266250764, 46.89126900826313 ], [ 1.054049651850115, 46.891273470307375 ], [ 1.05406266853043, 46.89091372075999 ], [ 1.054325052440001, 46.890918182147395 ], [ 1.05433155980999, 46.890738307336271 ], [ 1.054856326064624, 46.890747228252209 ], [ 1.05483680902401, 46.891286852833765 ], [ 1.054312037512114, 46.891277931750551 ], [ 1.054305529954215, 46.891457806542604 ], [ 1.05404314341599, 46.891453345071511 ], [ 1.054010600305662, 46.892352718796623 ], [ 1.053748209448829, 46.892348256585038 ], [ 1.053735190013592, 46.892708005974676 ], [ 1.053997582622986, 46.892712468242031 ], [ 1.053991073687671, 46.892892342955221 ], [ 1.054253467236008, 46.892896804649389 ], [ 1.054240450930036, 46.893256554112362 ], [ 1.053978055629085, 46.893252092362424 ] ] ] } },
{ "type": "Feature", "properties": { "surface_ha": 1.72 }, "geometry": { "type": "Polygon", "coordinates": [ [ [ 1.056903402972221, 46.892221888414056 ], [ 1.056909902018033, 46.892042013368865 ], [ 1.056647512225058, 46.89203755782485 ], [ 1.056660511881525, 46.891677807771046 ], [ 1.056398123903625, 46.891673351681632 ], [ 1.056424125970728, 46.890953851608998 ], [ 1.056686510443714, 46.890958307586978 ], [ 1.056699509349446, 46.890598557456741 ], [ 1.056437126628868, 46.890594101534475 ], [ 1.056450127036743, 46.890234351434451 ], [ 1.056712508004947, 46.890238807301024 ], [ 1.056719007238863, 46.890058932213599 ], [ 1.056981387393448, 46.890063387451299 ], [ 1.056974889035708, 46.890243262566564 ], [ 1.057237270129017, 46.890247717231055 ], [ 1.057230772584912, 46.890427592367793 ], [ 1.057493154616946, 46.890432046459082 ], [ 1.057486657886494, 46.8906119216173 ], [ 1.057749040857254, 46.890616375135394 ], [ 1.057710064418672, 46.891695626117901 ], [ 1.057447676190571, 46.891691172432793 ], [ 1.057434681791638, 46.892050922653674 ], [ 1.057172291873563, 46.892046468311825 ], [ 1.05716579370402, 46.892226343384863 ], [ 1.056903402972221, 46.892221888414056 ] ] ] } },
{ "type": "Feature", "properties": { "surface_ha": 4.23 }, "geometry": { "type": "Polygon", "coordinates": [ [ [ 1.057525637331236, 46.889532670572507 ], [ 1.057532133686506, 46.889352795376091 ], [ 1.057269756911457, 46.889348341451814 ], [ 1.057282751186676, 46.88898859109554 ], [ 1.056758001328708, 46.888979681555355 ], [ 1.056751502470117, 46.88915955668098 ], [ 1.055964375523951, 46.889146187779524 ], [ 1.055970877010912, 46.88896631273748 ], [ 1.055183753256304, 46.888952938510492 ], [ 1.055203265226665, 46.888413313596843 ], [ 1.055465637120633, 46.888417772189925 ], [ 1.055472140109467, 46.888237897178072 ], [ 1.055209769091586, 46.888233438612886 ], [ 1.055235783925285, 46.887513938613338 ], [ 1.055760519015115, 46.887522854919801 ], [ 1.055773522552227, 46.88716310477033 ], [ 1.056560620400041, 46.887176474555538 ], [ 1.05655412129089, 46.887356349717038 ], [ 1.056816488241315, 46.887360805137995 ], [ 1.056809989945658, 46.887540680320988 ], [ 1.056547622119183, 46.887536224872136 ], [ 1.056528124228743, 46.888075850299259 ], [ 1.056790494683411, 46.888080305831643 ], [ 1.056777497529179, 46.888440056140226 ], [ 1.057039869798567, 46.888444511127304 ], [ 1.057065860352534, 46.887725010373252 ], [ 1.057852967022956, 46.88773837139442 ], [ 1.057846472106473, 46.887918246676008 ], [ 1.058108841997719, 46.887922699175569 ], [ 1.058102347894801, 46.88810257447863 ], [ 1.05836471872463, 46.888107026405031 ], [ 1.058358225435294, 46.888286901729543 ], [ 1.058620597203704, 46.888291353082771 ], [ 1.058607612189734, 46.888651103768311 ], [ 1.058869985772836, 46.888655554576211 ], [ 1.058850510411563, 46.889195180640186 ], [ 1.058325758051124, 46.889186278256481 ], [ 1.058319264386789, 46.889366153542781 ], [ 1.057794510524085, 46.889357248699341 ], [ 1.057788015044957, 46.889537123923617 ], [ 1.057525637331236, 46.889532670572507 ] ] ] } },
{ "type": "Feature", "properties": { "surface_ha": 1.24 }, "geometry": { "type": "Polygon", "coordinates": [ [ [ 1.086246779989607, 46.886596861099854 ], [ 1.086253179670356, 46.886416982770818 ], [ 1.085990812776024, 46.886412594880866 ], [ 1.085997213271233, 46.886232716572934 ], [ 1.085734847314563, 46.886228328109404 ], [ 1.085747649872256, 46.885868571529357 ], [ 1.086010014076841, 46.885872959938041 ], [ 1.086016414387241, 46.885693081611052 ], [ 1.086278777777397, 46.885697469391339 ], [ 1.086272378343028, 46.885877347745719 ], [ 1.086797107060173, 46.88588612155818 ], [ 1.086803504742479, 46.885706243148945 ], [ 1.087065868317387, 46.885710629126287 ], [ 1.087072265062093, 46.885530750683273 ], [ 1.087334627822544, 46.885535136032246 ], [ 1.087341023629666, 46.885355257555482 ], [ 1.087603385575658, 46.885359642276065 ], [ 1.087590595651899, 46.885719399278067 ], [ 1.087852959411485, 46.885723783452498 ], [ 1.087833776692346, 46.886263418990069 ], [ 1.087571410304629, 46.886259034733456 ], [ 1.087565015065769, 46.886438913205886 ], [ 1.087302647863544, 46.886434528320855 ], [ 1.087296251687062, 46.886614406759527 ], [ 1.087033883670332, 46.886610021246099 ], [ 1.087040280722883, 46.886430142834826 ], [ 1.086777913643792, 46.886425756747819 ], [ 1.08678431151083, 46.886245878357627 ], [ 1.086521945369376, 46.886241491697028 ], [ 1.086509147821598, 46.886601248416262 ], [ 1.086246779989607, 46.886596861099854 ] ] ] } },
{ "type": "Feature", "properties": { "surface_ha": 1.4 }, "geometry": { "type": "Polygon", "coordinates": [ [ [ 1.071586523027691, 46.885450828210473 ], [ 1.071605868128142, 46.884911197733963 ], [ 1.072392940399322, 46.884924458181935 ], [ 1.072405831566932, 46.884564704333357 ], [ 1.072930543220765, 46.884573541516836 ], [ 1.072924099419878, 46.884753418499535 ], [ 1.073186456215779, 46.884757836217446 ], [ 1.073199342003637, 46.884398082190494 ], [ 1.073461697109652, 46.884402499252275 ], [ 1.073448813073688, 46.884762253334479 ], [ 1.0737111699936, 46.884766669850528 ], [ 1.073704728758578, 46.884946546909696 ], [ 1.073967086616446, 46.88495096285245 ], [ 1.073954205712364, 46.885310717006895 ], [ 1.073691846102547, 46.885306301008953 ], [ 1.07368540468154, 46.885486178049057 ], [ 1.071586523027691, 46.885450828210473 ] ] ] } },
{ "type": "Feature", "properties": { "surface_ha": 4.11 }, "geometry": { "type": "Polygon", "coordinates": [ [ [ 1.049797818595039, 46.885441553182197 ], [ 1.049804339853279, 46.885261678682319 ], [ 1.049541984230483, 46.885257207342576 ], [ 1.049568072139468, 46.884537709391147 ], [ 1.049830424258606, 46.884542180619128 ], [ 1.049843466084705, 46.884182431549277 ], [ 1.050105816514827, 46.884186902120462 ], [ 1.050125376155679, 46.883647278384053 ], [ 1.050387724020943, 46.883651748270537 ], [ 1.050394242899878, 46.88347187365104 ], [ 1.050918937066911, 46.883480811565406 ], [ 1.050925454131415, 46.883300936883693 ], [ 1.05249953288249, 46.883327736037984 ], [ 1.052493021073073, 46.883507610887207 ], [ 1.052755368626835, 46.883512075337734 ], [ 1.052761879560401, 46.883332200460579 ], [ 1.053024226300973, 46.883336664282318 ], [ 1.053030736296034, 46.883156789370915 ], [ 1.053555428213445, 46.883165715155897 ], [ 1.053529394864129, 46.883885214986456 ], [ 1.052479997266225, 46.883867360566555 ], [ 1.05247348526879, 46.884047235396665 ], [ 1.052211135150101, 46.884042770261523 ], [ 1.052185083030031, 46.884762269406608 ], [ 1.051135669167871, 46.884744402410384 ], [ 1.051142185795544, 46.884564527745333 ], [ 1.050617480992555, 46.884555590697602 ], [ 1.050610962613074, 46.884735465306754 ], [ 1.050873315859109, 46.884739934159008 ], [ 1.050866798292805, 46.884919808789775 ], [ 1.051391506724876, 46.884928744747413 ], [ 1.05137847490779, 46.885288494101459 ], [ 1.051116118908539, 46.885284026367259 ], [ 1.051109602029987, 46.885463901006801 ], [ 1.049797818595039, 46.885441553182197 ] ] ] } },
{ "type": "Feature", "properties": { "surface_ha": 2.36 }, "geometry": { "type": "Polygon", "coordinates": [ [ [ 1.047751192729661, 46.883966771026593 ], [ 1.047764248192979, 46.883607022365844 ], [ 1.047501900955577, 46.883602546470499 ], [ 1.047495372379477, 46.883782420776065 ], [ 1.046970676341471, 46.883773467126716 ], [ 1.046977206669277, 46.883593592877105 ], [ 1.046190165711215, 46.883580157980383 ], [ 1.046196698603696, 46.883400283808371 ], [ 1.045934352619255, 46.883395804335677 ], [ 1.045940886324693, 46.883215930185258 ], [ 1.045678541278962, 46.883211450139697 ], [ 1.04571121324198, 46.882312079432026 ], [ 1.045973553908679, 46.882316559337582 ], [ 1.045980087236842, 46.882136685148907 ], [ 1.046504767007303, 46.882145643101438 ], [ 1.046498235430705, 46.882325517346104 ], [ 1.046760576286013, 46.882329995449091 ], [ 1.046747514695824, 46.882689743975277 ], [ 1.047534542893609, 46.882703174846924 ], [ 1.047528014631665, 46.882883049184372 ], [ 1.047790358365737, 46.882887524967842 ], [ 1.047777303405004, 46.883247273679608 ], [ 1.048564340239071, 46.88326069759254 ], [ 1.048538240073934, 46.88398019527515 ], [ 1.047751192729661, 46.883966771026593 ] ], [ [ 1.047764248192979, 46.883607022365844 ], [ 1.048026595493208, 46.883611497660311 ], [ 1.048033122254786, 46.883431623292395 ], [ 1.047770775830404, 46.883427148025909 ], [ 1.047764248192979, 46.883607022365844 ] ] ] } },
{ "type": "Feature", "properties": { "surface_ha": 1.96 }, "geometry": { "type": "Polygon", "coordinates": [ [ [ 1.062167524282996, 46.884571774660159 ], [ 1.062193442765809, 46.883852271232513 ], [ 1.061931092085586, 46.88384782838655 ], [ 1.061950532920533, 46.88330820083231 ], [ 1.062212880973126, 46.883312643594969 ], [ 1.062232318619213, 46.882773015900121 ], [ 1.061969973194179, 46.882768573220766 ], [ 1.061976453160662, 46.882588697337532 ], [ 1.06223879770986, 46.882593139989105 ], [ 1.062245276738152, 46.882413264071737 ], [ 1.062507620473879, 46.882417706094643 ], [ 1.062501142321414, 46.882597582039807 ], [ 1.062763486995316, 46.882602023489618 ], [ 1.062769964271951, 46.882422147516714 ], [ 1.063294652055102, 46.882431028558202 ], [ 1.063275225293209, 46.88297065662433 ], [ 1.063537571905789, 46.882975096326994 ], [ 1.063524622171297, 46.883334848394753 ], [ 1.063262273806995, 46.883330408636589 ], [ 1.063255797970401, 46.883510284633189 ], [ 1.063518147210577, 46.883514724419108 ], [ 1.063505197102182, 46.883874476448689 ], [ 1.063242846110235, 46.883870036607291 ], [ 1.063236370086662, 46.884049912584771 ], [ 1.062711666537966, 46.884041031043701 ], [ 1.062692232837786, 46.884580658771455 ], [ 1.062167524282996, 46.884571774660159 ] ] ] } },
{ "type": "Feature", "properties": { "surface_ha": 1.36 }, "geometry": { "type": "Polygon", "coordinates": [ [ [ 1.0688942821442, 46.880005861167632 ], [ 1.068900738344473, 46.87982598446186 ], [ 1.068638406251431, 46.879821557275207 ], [ 1.068644863265282, 46.879641680590723 ], [ 1.068907194482613, 46.879646107749743 ], [ 1.068920106572495, 46.879286354306359 ], [ 1.068657777106563, 46.879281927202719 ], [ 1.068683604043453, 46.878562420350349 ], [ 1.068945930006692, 46.878566847343301 ], [ 1.068952385709917, 46.878386970586632 ], [ 1.069739361345405, 46.8784002478777 ], [ 1.069732908269142, 46.878580124717317 ], [ 1.069995234480842, 46.878584549307085 ], [ 1.069962972546364, 46.879483933548215 ], [ 1.06970064195626, 46.879479508820197 ], [ 1.069694188507366, 46.879659385621679 ], [ 1.069431857103662, 46.879654960265192 ], [ 1.069425402716948, 46.879834837032654 ], [ 1.069163070499649, 46.879830411047656 ], [ 1.069156615175095, 46.880010287781118 ], [ 1.0688942821442, 46.880005861167632 ] ] ] } },
{ "type": "Feature", "properties": { "surface_ha": 1.76 }, "geometry": { "type": "Polygon", "coordinates": [ [ [ 1.066322673171466, 46.878522550377596 ], [ 1.066329137631184, 46.878342673897812 ], [ 1.066066813165337, 46.878338240924499 ], [ 1.066079743649404, 46.877978488001226 ], [ 1.065817420997039, 46.877974054482607 ], [ 1.065836818883336, 46.877434425133089 ], [ 1.066099138908869, 46.877438858568638 ], [ 1.066105603870922, 46.877258982078367 ], [ 1.06663024235744, 46.877267847091659 ], [ 1.066636705506106, 46.87708797053962 ], [ 1.067685979723099, 46.877105693246129 ], [ 1.06766660059767, 46.877645323215475 ], [ 1.067404279323361, 46.877640893356954 ], [ 1.067397818614938, 46.877820769972971 ], [ 1.067660140764864, 46.877825199859188 ], [ 1.067647220912744, 46.878184953127544 ], [ 1.067384897011561, 46.878180523185975 ], [ 1.067378436116609, 46.878360399782935 ], [ 1.067116111401966, 46.878355969212826 ], [ 1.067109649569187, 46.878535845775744 ], [ 1.066322673171466, 46.878522550377596 ] ] ] } },
{ "type": "Feature", "properties": { "surface_ha": 11.82 }, "geometry": { "type": "Polygon", "coordinates": [ [ [ 1.072547618034672, 46.880607410320493 ], [ 1.072554062160842, 46.880427533246788 ], [ 1.072029391044146, 46.88041869493027 ], [ 1.072048728304977, 46.879879063836739 ], [ 1.071261729976843, 46.87986580210427 ], [ 1.071268178233547, 46.879685925143256 ], [ 1.071005846457325, 46.87968150339173 ], [ 1.071057437282404, 46.878242487695793 ], [ 1.070532787927032, 46.878233642832541 ], [ 1.070539238252175, 46.878053765897228 ], [ 1.070276914543239, 46.878049342592057 ], [ 1.070270463342457, 46.878229219499737 ], [ 1.06974581435957, 46.878220371031681 ], [ 1.069797436237275, 46.876781356034606 ], [ 1.071371341901555, 46.876807892902214 ], [ 1.071377789103392, 46.876628015833106 ], [ 1.072427057284951, 46.876645694952259 ], [ 1.072420613585422, 46.876825572131899 ], [ 1.07268293166144, 46.876829990437358 ], [ 1.072676488775487, 46.87700986763825 ], [ 1.072938807789094, 46.877014285370549 ], [ 1.072932365716735, 46.877194162592673 ], [ 1.073194685667934, 46.877198579751862 ], [ 1.073188244409184, 46.877378456995224 ], [ 1.073450565297977, 46.877382873581219 ], [ 1.07343768434575, 46.877742628104109 ], [ 1.0742246526377, 46.877755874422938 ], [ 1.074218214695514, 46.877935751757633 ], [ 1.074742862284546, 46.877944579688069 ], [ 1.074729989716892, 46.878304334448764 ], [ 1.07525464105628, 46.8783131600863 ], [ 1.075248206430865, 46.8784930375123 ], [ 1.075510533069112, 46.878497449457427 ], [ 1.075497665383855, 46.878857204345458 ], [ 1.075759993835373, 46.878861615744952 ], [ 1.075747127653827, 46.879221370662719 ], [ 1.075484797450921, 46.879216959208073 ], [ 1.075478363391576, 46.879396836629887 ], [ 1.075216032374888, 46.879392424546815 ], [ 1.075209597377907, 46.87957230193468 ], [ 1.074947265547436, 46.879567889223232 ], [ 1.074934393616235, 46.879927643924667 ], [ 1.074672060096253, 46.87992323055721 ], [ 1.074659186165809, 46.88028298517807 ], [ 1.074396850956293, 46.880278571154612 ], [ 1.074390413022396, 46.880458448427902 ], [ 1.074128076999086, 46.880454033775997 ], [ 1.074134515808737, 46.880274156530312 ], [ 1.073872180723148, 46.880269741305163 ], [ 1.073878620346576, 46.880089864080688 ], [ 1.073616286198703, 46.880085448282287 ], [ 1.073609845699533, 46.880265325479158 ], [ 1.073347510737901, 46.880260909052303 ], [ 1.073341069300996, 46.880440786215246 ], [ 1.07281639781222, 46.880431951503802 ], [ 1.072809954561809, 46.880611828605083 ], [ 1.072547618034672, 46.880607410320493 ] ] ] } },
{ "type": "Feature", "properties": { "surface_ha": 3.75 }, "geometry": { "type": "Polygon", "coordinates": [ [ [ 0.976113545209405, 46.876242688715671 ], [ 0.976120310585691, 46.876062821962812 ], [ 0.975595712521916, 46.876053542342717 ], [ 0.975724275562862, 46.872636073918692 ], [ 0.975986557932204, 46.872640713478084 ], [ 0.975979792917533, 46.872820580324102 ], [ 0.97624207622716, 46.872825219311864 ], [ 0.976228547752931, 46.873184953042596 ], [ 0.976490832878046, 46.873189591487801 ], [ 0.976484069418511, 46.873369458372508 ], [ 0.976746355483922, 46.873374096246089 ], [ 0.976732830120059, 46.873733830054199 ], [ 0.977257405947007, 46.873743104115498 ], [ 0.977250644917946, 46.873922971067856 ], [ 0.976726067340517, 46.873913696948605 ], [ 0.976719304495899, 46.874093563836574 ], [ 0.976981594127328, 46.8740982012255 ], [ 0.976968069993384, 46.874457935040155 ], [ 0.977230361440407, 46.874462571886426 ], [ 0.977216838796743, 46.874822305733353 ], [ 0.977479132059387, 46.874826942036925 ], [ 0.977472371515252, 46.875006808979734 ], [ 0.977734665718243, 46.87501144471166 ], [ 0.977721146185423, 46.875371178635916 ], [ 0.977196554343272, 46.875361906455517 ], [ 0.977183031048969, 46.875721640238169 ], [ 0.976920733474845, 46.875717003189017 ], [ 0.97691397085476, 46.875896870041743 ], [ 0.976651672470377, 46.875892232362972 ], [ 0.976638145284286, 46.876251965991109 ], [ 0.976113545209405, 46.876242688715671 ] ] ] } },
{ "type": "Feature", "properties": { "surface_ha": 1.56 }, "geometry": { "type": "Polygon", "coordinates": [ [ [ 1.086944126281524, 46.874369505716594 ], [ 1.086956915456871, 46.874009748133979 ], [ 1.086694608929116, 46.87400536273671 ], [ 1.086701004299962, 46.873825483963316 ], [ 1.086438698709225, 46.873821097992732 ], [ 1.086457887078877, 46.873281461716608 ], [ 1.087244796156575, 46.873294617579432 ], [ 1.087238402721261, 46.873474496426716 ], [ 1.088025314979041, 46.873487646965323 ], [ 1.088031705787995, 46.873307768035858 ], [ 1.08829400912148, 46.87331215031989 ], [ 1.08828761918798, 46.873492029276754 ], [ 1.088549923458409, 46.873496410987471 ], [ 1.088537145157868, 46.873856168936953 ], [ 1.08879945124072, 46.873860550101725 ], [ 1.088786674445209, 46.874220308080538 ], [ 1.087999751128214, 46.874207162619797 ], [ 1.08799336001175, 46.874387041517515 ], [ 1.086944126281524, 46.874369505716594 ] ] ] } },
{ "type": "Feature", "properties": { "surface_ha": 1.32 }, "geometry": { "type": "Polygon", "coordinates": [ [ [ 1.025054299726608, 46.872958136981588 ], [ 1.025060900813547, 46.872778264753507 ], [ 1.024274028319933, 46.872764681559659 ], [ 1.02428063196922, 46.872584809410064 ], [ 1.024018342140382, 46.872580280505801 ], [ 1.024024946601403, 46.87240040837812 ], [ 1.024549524572063, 46.872409465529444 ], [ 1.02455612721899, 46.872229593338751 ], [ 1.024818415424355, 46.872234120985162 ], [ 1.024831618777086, 46.871874376528048 ], [ 1.025093905295455, 46.871878903517256 ], [ 1.025100506001285, 46.871699031250834 ], [ 1.024838220358163, 46.87169450428992 ], [ 1.024844821875718, 46.87151463204539 ], [ 1.025369391474999, 46.871523685309974 ], [ 1.025375991178566, 46.87134381300249 ], [ 1.026162843428065, 46.871357388309924 ], [ 1.026156246350197, 46.87153726070224 ], [ 1.025893961328305, 46.871532736172099 ], [ 1.025874167088059, 46.872072353225995 ], [ 1.025349591983254, 46.872063302194142 ], [ 1.025336392004549, 46.872423046751628 ], [ 1.025860970610437, 46.872432097896613 ], [ 1.02584777387884, 46.872791842541673 ], [ 1.025323191771802, 46.872782791283548 ], [ 1.025316591560162, 46.872962663539909 ], [ 1.025054299726608, 46.872958136981588 ] ] ] } },
{ "type": "Feature", "properties": { "surface_ha": 1.76 }, "geometry": { "type": "Polygon", "coordinates": [ [ [ 1.046608144108099, 46.872068198114739 ], [ 1.046627730529891, 46.871528574355182 ], [ 1.046890018790307, 46.871533051379764 ], [ 1.046909602020879, 46.870993427478865 ], [ 1.047958745187356, 46.871011329235174 ], [ 1.047971793358339, 46.870651579712252 ], [ 1.048758646140896, 46.870664999555167 ], [ 1.048752124712539, 46.870844874403694 ], [ 1.048489839513673, 46.870840401695375 ], [ 1.048483317147305, 46.871020276509562 ], [ 1.048745603221427, 46.871024749245841 ], [ 1.048739081667562, 46.871204624081614 ], [ 1.049001368679706, 46.871209096245202 ], [ 1.048988327134268, 46.871568845953533 ], [ 1.048726038371566, 46.87156437373406 ], [ 1.048719516629435, 46.871744248550705 ], [ 1.048457227054198, 46.871739775702601 ], [ 1.04845070437401, 46.871919650484912 ], [ 1.046876962989184, 46.87189280061515 ], [ 1.046870434994396, 46.872072675223293 ], [ 1.046608144108099, 46.872068198114739 ] ] ] } },
{ "type": "Feature", "properties": { "surface_ha": 1.68 }, "geometry": { "type": "Polygon", "coordinates": [ [ [ 1.062102845098017, 46.871791691106928 ], [ 1.062115799113613, 46.871431938612965 ], [ 1.061853508974443, 46.871427496481353 ], [ 1.061847031122495, 46.871607372703757 ], [ 1.061322449280545, 46.871598486583068 ], [ 1.061328928883115, 46.871418610416207 ], [ 1.060804349041192, 46.871409721948432 ], [ 1.060797867688002, 46.871589598059742 ], [ 1.060535576985281, 46.871585152897104 ], [ 1.060555023483648, 46.871045524627455 ], [ 1.060817311560468, 46.871049969706732 ], [ 1.060823792726558, 46.870870093576336 ], [ 1.061086079990458, 46.870874538027195 ], [ 1.061099040384994, 46.870514785691739 ], [ 1.061885897299175, 46.870528115273892 ], [ 1.061879419758891, 46.870707991528121 ], [ 1.062141706396896, 46.870712433548668 ], [ 1.062135229669561, 46.870892309824285 ], [ 1.062397517245168, 46.870896751271971 ], [ 1.062391041330798, 46.87107662756901 ], [ 1.062653329844009, 46.871081068443807 ], [ 1.06264685474262, 46.871260944762192 ], [ 1.063171433706553, 46.871269824765356 ], [ 1.063164960293469, 46.87144970113291 ], [ 1.063427250744186, 46.871454140261271 ], [ 1.063420778144126, 46.871634016650184 ], [ 1.063683069532442, 46.871638455205641 ], [ 1.063676597745423, 46.871818331615955 ], [ 1.063152013280422, 46.871809453848897 ], [ 1.063158486818094, 46.871629577494105 ], [ 1.062371613213788, 46.871616256421838 ], [ 1.06236513705015, 46.871796132693397 ], [ 1.062102845098017, 46.871791691106928 ] ] ] } },
{ "type": "Feature", "properties": { "surface_ha": 1.2 }, "geometry": { "type": "Polygon", "coordinates": [ [ [ 1.070599395440964, 46.869055489099182 ], [ 1.070605843476419, 46.868875611867146 ], [ 1.070343564476026, 46.868871189371106 ], [ 1.07035001332464, 46.868691312160379 ], [ 1.070612291449831, 46.868695734628751 ], [ 1.070625187210519, 46.868335980132876 ], [ 1.070362910835707, 46.868331557719785 ], [ 1.070388705113224, 46.86761204876229 ], [ 1.070650977987379, 46.867616471064835 ], [ 1.070657425526491, 46.867436593781932 ], [ 1.070919697587542, 46.867441015456237 ], [ 1.070926144189477, 46.867261138139362 ], [ 1.071712958119376, 46.867274399475995 ], [ 1.071719402033896, 46.867094522069813 ], [ 1.071981672592755, 46.867098941286585 ], [ 1.071968786451977, 46.8674586961478 ], [ 1.071444241895732, 46.86744985700318 ], [ 1.071431352006361, 46.867809611728433 ], [ 1.071169078070956, 46.867805191200013 ], [ 1.071149740146264, 46.868344823157308 ], [ 1.071412016707182, 46.868349243768648 ], [ 1.07139912619764, 46.8687089984303 ], [ 1.070874569637067, 46.868700156496516 ], [ 1.070861675378613, 46.869059911022241 ], [ 1.070599395440964, 46.869055489099182 ] ] ] } },
{ "type": "Feature", "properties": { "surface_ha": 4.55 }, "geometry": { "type": "Polygon", "coordinates": [ [ [ 1.064554037499926, 46.869313372273375 ], [ 1.064560505789516, 46.869133495690797 ], [ 1.06482278517317, 46.869137931455455 ], [ 1.064835719815233, 46.868778178215706 ], [ 1.064573442181975, 46.868773742506463 ], [ 1.064586378325476, 46.868413989296727 ], [ 1.064324102504817, 46.868409553042362 ], [ 1.064337040149695, 46.868049799862611 ], [ 1.064074766141611, 46.868045363063111 ], [ 1.064087705287802, 46.86768560991338 ], [ 1.063825433092259, 46.86768117256878 ], [ 1.063851314138115, 46.866961666303844 ], [ 1.065687196310465, 46.866992714327786 ], [ 1.065680732268157, 46.867172591097635 ], [ 1.065943002273895, 46.867177024155112 ], [ 1.065936539044511, 46.867356900946277 ], [ 1.06619880998756, 46.867361333430885 ], [ 1.066185885092486, 46.867721087049567 ], [ 1.066448157847989, 46.867725518988983 ], [ 1.066441696182325, 46.867905395816486 ], [ 1.066703969875152, 46.867909827183048 ], [ 1.066697509022468, 46.868089704031881 ], [ 1.066959783652622, 46.868094134825547 ], [ 1.066946863511087, 46.868453888559493 ], [ 1.067471416458555, 46.868462748455812 ], [ 1.067458499569126, 46.868822502275073 ], [ 1.066933943120906, 46.868813642268009 ], [ 1.066927482832569, 46.868993519112706 ], [ 1.066402924882604, 46.868984656647839 ], [ 1.066396462781688, 46.869164533430805 ], [ 1.066134183024763, 46.869160101269756 ], [ 1.066127719986451, 46.86933997801863 ], [ 1.064554037499926, 46.869313372273375 ] ] ] } },
{ "type": "Feature", "properties": { "surface_ha": 2.72 }, "geometry": { "type": "Polygon", "coordinates": [ [ [ 0.975920458051722, 46.867419933429368 ], [ 0.976042198962547, 46.864182326268839 ], [ 0.976304440207581, 46.864186964465624 ], [ 0.97629767825155, 46.864366831613687 ], [ 0.976822162686371, 46.864376106263954 ], [ 0.976808642078354, 46.864735840656806 ], [ 0.977070886142947, 46.864740477139286 ], [ 0.977037087858799, 46.86563981315377 ], [ 0.977299336362613, 46.865644449180685 ], [ 0.977306095274666, 46.865464581961653 ], [ 0.977568342968656, 46.865469217359191 ], [ 0.977548068661994, 46.866008819083888 ], [ 0.9778103190456, 46.866013453967831 ], [ 0.977823833565328, 46.865653719433212 ], [ 0.9783483310281, 46.865662987283969 ], [ 0.978341575550475, 46.86584285461241 ], [ 0.978079325911719, 46.865838220958274 ], [ 0.9780590564642, 46.866377822818237 ], [ 0.9767477961225, 46.866354645106419 ], [ 0.976741035135492, 46.866534512235361 ], [ 0.976478782387377, 46.86652987486265 ], [ 0.976458496411305, 46.867069476123966 ], [ 0.976196241103521, 46.867064838063833 ], [ 0.976182715044299, 46.867424572147918 ], [ 0.975920458051722, 46.867419933429368 ] ], [ [ 0.976532875460966, 46.865090937883075 ], [ 0.976795121210161, 46.865095575023901 ], [ 0.976801881676779, 46.864915707843579 ], [ 0.976539636802412, 46.864911070731694 ], [ 0.976532875460966, 46.865090937883075 ] ], [ [ 0.976277391993098, 46.864906433019421 ], [ 0.976539636802412, 46.864911070731694 ], [ 0.976546398078805, 46.864731203573896 ], [ 0.976284154144309, 46.864726565890614 ], [ 0.976277391993098, 46.864906433019421 ] ] ] } },
{ "type": "Feature", "properties": { "surface_ha": 2.04 }, "geometry": { "type": "Polygon", "coordinates": [ [ [ 1.07018447367172, 46.86598873058157 ], [ 1.070197371071499, 46.865628976005475 ], [ 1.069935107947547, 46.865624552805905 ], [ 1.069960905502671, 46.86490504368799 ], [ 1.070223165126475, 46.864909466776986 ], [ 1.070236061781685, 46.864549712124571 ], [ 1.070760577715375, 46.864558556390428 ], [ 1.070754131168809, 46.864738433775102 ], [ 1.071803167280498, 46.8647561152112 ], [ 1.071796724171983, 46.864935992699998 ], [ 1.072058984229934, 46.864940411585337 ], [ 1.072026772132628, 46.865839799072162 ], [ 1.071239979019087, 46.865826540200231 ], [ 1.071233533788444, 46.866006417595621 ], [ 1.07018447367172, 46.86598873058157 ] ] ] } },
{ "type": "Feature", "properties": { "surface_ha": 2.8 }, "geometry": { "type": "Polygon", "coordinates": [ [ [ 1.073613234557395, 46.865506545294444 ], [ 1.073632545879086, 46.86496691228637 ], [ 1.073370285449336, 46.8649624970042 ], [ 1.073421786581978, 46.863523475590391 ], [ 1.07368404001176, 46.863527890651824 ], [ 1.073690476499647, 46.863348012918912 ], [ 1.074214981795078, 46.863356841185102 ], [ 1.074221416471133, 46.863176963390643 ], [ 1.074483668336772, 46.863181376595392 ], [ 1.074477234535668, 46.86336125441747 ], [ 1.075526246116989, 46.863378901341967 ], [ 1.075539106657696, 46.863019145470922 ], [ 1.075276855419441, 46.863014734695668 ], [ 1.075283286471925, 46.862834856778193 ], [ 1.075807787260433, 46.862843677673055 ], [ 1.075769210516839, 46.863922945413428 ], [ 1.075506954841893, 46.863918535100851 ], [ 1.075500524293114, 46.864098413007774 ], [ 1.075238267805053, 46.864094002067105 ], [ 1.07522540477187, 46.864453757806722 ], [ 1.074963146595689, 46.864449346210414 ], [ 1.074956714111259, 46.864629224043135 ], [ 1.074694455121959, 46.864624811818707 ], [ 1.074688021700615, 46.864804689617493 ], [ 1.07416350215769, 46.864795863311976 ], [ 1.074157066924386, 46.864975741049193 ], [ 1.073894806370772, 46.864971326968046 ], [ 1.073875497674209, 46.865510960058884 ], [ 1.073613234557395, 46.865506545294444 ] ] ] } },
{ "type": "Feature", "properties": { "surface_ha": 1.32 }, "geometry": { "type": "Polygon", "coordinates": [ [ [ 1.010200590822342, 46.8629815483892 ], [ 1.010213887553677, 46.862621806529759 ], [ 1.010476126687816, 46.862626366328506 ], [ 1.010502715883826, 46.861906882418793 ], [ 1.010764951582834, 46.861911441503096 ], [ 1.01077824404762, 46.861551699452868 ], [ 1.011302712138474, 46.861560815706412 ], [ 1.011309356525479, 46.861380944614694 ], [ 1.011571589792065, 46.861385501812421 ], [ 1.011564946279796, 46.861565372932624 ], [ 1.011827180485035, 46.861569929558406 ], [ 1.011800609295798, 46.862289414089084 ], [ 1.011538371591525, 46.862284857349344 ], [ 1.011525083863861, 46.862644599519292 ], [ 1.011262844473943, 46.862640042122223 ], [ 1.011256199639432, 46.862819913169112 ], [ 1.010731719301814, 46.862810796516705 ], [ 1.010725072653763, 46.862990667500227 ], [ 1.010200590822342, 46.8629815483892 ] ] ] } },
{ "type": "Feature", "properties": { "surface_ha": 1.2 }, "geometry": { "type": "Polygon", "coordinates": [ [ [ 1.007611470592168, 46.862036563538318 ], [ 1.007624784178865, 46.861676822185196 ], [ 1.007362550122598, 46.861672255924688 ], [ 1.007382522646477, 46.861132643932613 ], [ 1.007120291278438, 46.861128077157318 ], [ 1.007126949533001, 46.860948206509022 ], [ 1.007651410583715, 46.860957339402134 ], [ 1.007658067024819, 46.860777468690358 ], [ 1.007920296771544, 46.860782034207851 ], [ 1.007913641205142, 46.860961904948134 ], [ 1.008175871890601, 46.860966469893782 ], [ 1.008182526582302, 46.86078659912495 ], [ 1.009231446465499, 46.860804852789656 ], [ 1.0092380975944, 46.860624981900308 ], [ 1.009762556170585, 46.860634105073402 ], [ 1.00975590679108, 46.86081397601977 ], [ 1.009493676596299, 46.860809414704875 ], [ 1.009487026278113, 46.86098928561632 ], [ 1.008962564331097, 46.86098016112841 ], [ 1.008955912199502, 46.861160031976425 ], [ 1.008693680447279, 46.86115546880341 ], [ 1.008687027376962, 46.86133533961646 ], [ 1.008162562315116, 46.861326211412255 ], [ 1.008135942395816, 46.862045694372341 ], [ 1.007611470592168, 46.862036563538318 ] ] ] } },
{ "type": "Feature", "properties": { "surface_ha": 1.4 }, "geometry": { "type": "Polygon", "coordinates": [ [ [ 1.06794030145196, 46.862711112048352 ], [ 1.067946756940298, 46.862531234897929 ], [ 1.067684509249746, 46.862526806764059 ], [ 1.067697421789876, 46.862167052499466 ], [ 1.067959667730636, 46.862171480578013 ], [ 1.067966123032641, 46.861991603408462 ], [ 1.067703877966763, 46.861987175357626 ], [ 1.067729702053134, 46.861267666726668 ], [ 1.067991943619564, 46.861272094666809 ], [ 1.067972578272535, 46.861811726232595 ], [ 1.069546044722553, 46.861838281762004 ], [ 1.069520244387668, 46.862557791091248 ], [ 1.069257996324569, 46.862553366560213 ], [ 1.069251545210784, 46.862733243848943 ], [ 1.06794030145196, 46.862711112048352 ] ] ] } },
{ "type": "Feature", "properties": { "surface_ha": 1.36 }, "geometry": { "type": "Polygon", "coordinates": [ [ [ 1.073191723783689, 46.862619671476224 ], [ 1.073217475124334, 46.861900160599966 ], [ 1.073479720617864, 46.861904576013522 ], [ 1.073511904025682, 46.861005187137152 ], [ 1.073774145206816, 46.86100960181227 ], [ 1.073812758003635, 46.859930334785318 ], [ 1.074074993997768, 46.859934748694478 ], [ 1.074087862685133, 46.859574992912776 ], [ 1.0743500969916, 46.859579406166326 ], [ 1.074362963681798, 46.859219650304063 ], [ 1.07462519630062, 46.859224062902065 ], [ 1.074631628678117, 46.859044184933794 ], [ 1.074893860484065, 46.859048596903811 ], [ 1.07486170235158, 46.859947986819392 ], [ 1.074599466171748, 46.859943574711522 ], [ 1.074593033484807, 46.860123452647969 ], [ 1.074330796492066, 46.860119039912107 ], [ 1.074317929182879, 46.860478795710826 ], [ 1.074055690502413, 46.86047438231931 ], [ 1.074023516771948, 46.861373771566917 ], [ 1.073761273779186, 46.861369357437077 ], [ 1.073729094126466, 46.862268746387812 ], [ 1.073466846821214, 46.862264331519555 ], [ 1.07345397277683, 46.862624087000142 ], [ 1.073191723783689, 46.862619671476224 ] ] ] } },
{ "type": "Feature", "properties": { "surface_ha": 1.2 }, "geometry": { "type": "Polygon", "coordinates": [ [ [ 1.061481259839882, 46.859902080339559 ], [ 1.06150068893113, 46.859362450661813 ], [ 1.061238457667943, 46.859358007988405 ], [ 1.06127084261412, 46.858458625203646 ], [ 1.061795296455585, 46.85846750967243 ], [ 1.061808246499081, 46.858107756402923 ], [ 1.061546021296581, 46.858103314524243 ], [ 1.061552497099566, 46.857923437907672 ], [ 1.062076945817502, 46.857932321009159 ], [ 1.062038100561433, 46.859011580946053 ], [ 1.06230033026205, 46.859016021762784 ], [ 1.062287383094512, 46.859375775079663 ], [ 1.062549614606886, 46.859380215351493 ], [ 1.06254314180444, 46.85956009202814 ], [ 1.062280909417316, 46.859555651728556 ], [ 1.062274435677837, 46.859735528371097 ], [ 1.062012202478242, 46.859731087443372 ], [ 1.062005727801711, 46.859910964051778 ], [ 1.061481259839882, 46.859902080339559 ] ] ] } },
{ "type": "Feature", "properties": { "surface_ha": 2.16 }, "geometry": { "type": "Polygon", "coordinates": [ [ [ 1.05571862439552, 46.859624325057304 ], [ 1.055725120003703, 46.85944444910978 ], [ 1.05520065853624, 46.859435536689617 ], [ 1.055233144386867, 46.858536157135028 ], [ 1.055495370715786, 46.858540613506023 ], [ 1.055534346425785, 46.857461357663183 ], [ 1.056058788775103, 46.857470268269957 ], [ 1.056052294728972, 46.857650144315365 ], [ 1.056314516872001, 46.857654598746073 ], [ 1.056288543561349, 46.858374102975418 ], [ 1.057075220861265, 46.85838746299936 ], [ 1.05706223907927, 46.858747215242808 ], [ 1.056800011500779, 46.858742762446219 ], [ 1.05678053573526, 46.859282390680171 ], [ 1.057042765937901, 46.859286843560248 ], [ 1.057036274765875, 46.859466719653312 ], [ 1.056774043688501, 46.859462266745396 ], [ 1.05676755157928, 46.859642142804269 ], [ 1.056505319689625, 46.859637689268112 ], [ 1.056511812673587, 46.859457813237086 ], [ 1.05598735083118, 46.859448904419267 ], [ 1.055980856097737, 46.859628780394623 ], [ 1.05571862439552, 46.859624325057304 ] ] ] } },
{ "type": "Feature", "properties": { "surface_ha": 2.24 }, "geometry": { "type": "Polygon", "coordinates": [ [ [ 1.072067281360628, 46.857381132694741 ], [ 1.072086602690853, 46.856841499408048 ], [ 1.071824382062482, 46.85683708116499 ], [ 1.071830823256609, 46.856657203417633 ], [ 1.071306383935068, 46.856648365185713 ], [ 1.071319269635922, 46.856288609782432 ], [ 1.071581487516449, 46.856293029143323 ], [ 1.071587929399284, 46.856113151404486 ], [ 1.071850146467169, 46.856117570137449 ], [ 1.07185658741342, 46.855937692364655 ], [ 1.072118803668666, 46.855942110469648 ], [ 1.07212524367835, 46.855762232662883 ], [ 1.072911890192, 46.855775483292987 ], [ 1.07290545280612, 46.855955361182545 ], [ 1.073429885874103, 46.855964191989457 ], [ 1.073423450175512, 46.856144069927865 ], [ 1.074210102865678, 46.856157311718469 ], [ 1.074203669729036, 46.856337189733267 ], [ 1.074465888290843, 46.856341602490367 ], [ 1.074459455966943, 46.856521480526425 ], [ 1.073935017155958, 46.856512654356706 ], [ 1.073928583020892, 46.856692532331216 ], [ 1.073666362833608, 46.856688118318246 ], [ 1.073659927761992, 46.856867996258813 ], [ 1.073397706761975, 46.856863581617901 ], [ 1.073391270753792, 46.857043459524526 ], [ 1.07312904894104, 46.857039044255664 ], [ 1.073116174989577, 46.857398799994655 ], [ 1.072853951489423, 46.857394384070219 ], [ 1.072860389370789, 46.8572145062315 ], [ 1.072335944305645, 46.857205672636766 ], [ 1.07232950467494, 46.857385550420275 ], [ 1.072067281360628, 46.857381132694741 ] ], [ [ 1.072873264947708, 46.856854750535014 ], [ 1.073135485823877, 46.856859166376637 ], [ 1.073141922644785, 46.856679288491264 ], [ 1.072879702643261, 46.856674872677246 ], [ 1.072873264947708, 46.856854750535014 ] ], [ [ 1.071830823256609, 46.856657203417633 ], [ 1.072093043010336, 46.85666162163308 ], [ 1.07209948326786, 46.856481743851745 ], [ 1.071837264388764, 46.856477325663924 ], [ 1.071830823256609, 46.856657203417633 ] ], [ [ 1.07209948326786, 46.856481743851745 ], [ 1.072361702208917, 46.856486161439214 ], [ 1.072368141529852, 46.856306283623923 ], [ 1.072105923463422, 46.856301866064079 ], [ 1.07209948326786, 46.856481743851745 ] ] ] } },
{ "type": "Feature", "properties": { "surface_ha": 1.6 }, "geometry": { "type": "Polygon", "coordinates": [ [ [ 1.002973866933754, 46.84557691760125 ], [ 1.002980535413635, 46.845397046916275 ], [ 1.001931919468101, 46.845378740540916 ], [ 1.001938591379684, 46.845198869963951 ], [ 1.001676438427682, 46.845194291898629 ], [ 1.001683111149037, 46.845014421343869 ], [ 1.001945263227089, 46.845018999380557 ], [ 1.001958606729373, 46.844659258194547 ], [ 1.001696456399197, 46.844654680215051 ], [ 1.001703128928003, 46.844474809641085 ], [ 1.003276026627939, 46.844502268346019 ], [ 1.003269359342697, 46.84468213909161 ], [ 1.004055811680349, 46.844695860429518 ], [ 1.004049146952795, 46.844875731254461 ], [ 1.003786995235516, 46.844871158046629 ], [ 1.003780329569906, 46.845051028836579 ], [ 1.004042482161131, 46.845055602073032 ], [ 1.004029152385475, 46.845415343690888 ], [ 1.003504843771301, 46.84540619650366 ], [ 1.003498177039361, 46.845586067245819 ], [ 1.002973866933754, 46.84557691760125 ] ] ] } },
{ "type": "Feature", "properties": { "surface_ha": 5.03 }, "geometry": { "type": "Polygon", "coordinates": [ [ [ 0.989624185078193, 46.844803183024538 ], [ 0.989630897935871, 46.844623313783501 ], [ 0.989368749757466, 46.844618707574412 ], [ 0.989375463424471, 46.844438838355735 ], [ 0.988326874852306, 46.844420407634381 ], [ 0.988333591950283, 46.844240538524453 ], [ 0.987809299799601, 46.844231319621358 ], [ 0.987849611516934, 46.843152105172827 ], [ 0.988111752316838, 46.843156714751537 ], [ 0.98813862200735, 46.842437238208923 ], [ 0.98840075937661, 46.84244184707245 ], [ 0.988394042924701, 46.842621716246533 ], [ 0.988656181232366, 46.842626324538855 ], [ 0.988642749882366, 46.84298606292537 ], [ 0.988380609827073, 46.842981454575423 ], [ 0.988373893181352, 46.84316132373025 ], [ 0.988636034110472, 46.843165932109009 ], [ 0.988629318273982, 46.843345801286226 ], [ 0.988891460141536, 46.843350409093787 ], [ 0.98888474511429, 46.843530278293393 ], [ 0.98914688792028, 46.843534885529749 ], [ 0.989153602073678, 46.843355016301366 ], [ 0.9896778861317, 46.84336422891657 ], [ 0.989671173725995, 46.843544098202528 ], [ 0.990457602918786, 46.843557912711752 ], [ 0.990464312702945, 46.84337804333947 ], [ 0.990726455022449, 46.84338264694712 ], [ 0.990733163868227, 46.843202777539638 ], [ 0.99099530537842, 46.843207380518528 ], [ 0.991002013285834, 46.843027511075888 ], [ 0.991264153986714, 46.843032113426027 ], [ 0.99127086095578, 46.842852243948208 ], [ 0.991533000847344, 46.842856845669615 ], [ 0.991539706878082, 46.842676976156596 ], [ 0.992063985107069, 46.842686177742003 ], [ 0.99205057647639, 46.843045916876626 ], [ 0.992836999546452, 46.843059714927364 ], [ 0.992823595900883, 46.843419454208785 ], [ 0.993085738800863, 46.843424052416545 ], [ 0.993079037755238, 46.843603922076369 ], [ 0.992292606627134, 46.843590125566926 ], [ 0.99228590289546, 46.843769995134117 ], [ 0.99202375844118, 46.843765395068893 ], [ 0.992030463046716, 46.843585525530436 ], [ 0.991768319530789, 46.843580924893971 ], [ 0.991775024945688, 46.843401055377875 ], [ 0.991512882368112, 46.843396454170154 ], [ 0.991492763308329, 46.843936062612968 ], [ 0.992017053771153, 46.843945264600933 ], [ 0.991996939374123, 46.844484873158521 ], [ 0.991210495911666, 46.844471069017786 ], [ 0.991217203396853, 46.844291199591297 ], [ 0.990692909825579, 46.844281993888274 ], [ 0.990672781933049, 46.844821601975966 ], [ 0.989624185078193, 46.844803183024538 ] ] ] } },
{ "type": "Feature", "properties": { "surface_ha": 277.35 }, "geometry": { "type": "Polygon", "coordinates": [ [ [ 1.035959008155045, 46.876205582319045 ], [ 1.035965573552722, 46.876025709014499 ], [ 1.035440956741712, 46.876016703649967 ], [ 1.035447523827137, 46.875836830395308 ], [ 1.034922909019839, 46.875827822684244 ], [ 1.034916340183487, 46.876007695882599 ], [ 1.034654031999191, 46.876003191097837 ], [ 1.034660601711006, 46.875823317927633 ], [ 1.034135987283009, 46.87581430661227 ], [ 1.034149130018767, 46.875454560365391 ], [ 1.033886824650515, 46.875450053862991 ], [ 1.033919684760372, 46.874550688274788 ], [ 1.033132782166359, 46.874537165585934 ], [ 1.033126207644677, 46.874717038631822 ], [ 1.03286390603113, 46.874712529839336 ], [ 1.032877056762015, 46.874352783797534 ], [ 1.032352457226328, 46.874343764523189 ], [ 1.032359034247619, 46.874163891549117 ], [ 1.032096735450084, 46.874159381039121 ], [ 1.032103313283456, 46.873979508086826 ], [ 1.03184101542459, 46.873974997004353 ], [ 1.031834436715848, 46.874154869928468 ], [ 1.03157213804492, 46.874150358217115 ], [ 1.031565558397494, 46.874330231106633 ], [ 1.031040959494839, 46.874321205825566 ], [ 1.031034378033329, 46.874501078652287 ], [ 1.030509777633239, 46.874492050912067 ], [ 1.030503194357614, 46.874671923675969 ], [ 1.0302408933772, 46.87466740887664 ], [ 1.030247477528215, 46.874487536140933 ], [ 1.029722877508252, 46.874478504796627 ], [ 1.029736049121712, 46.874118759418963 ], [ 1.02947375095754, 46.874114242902245 ], [ 1.029480337544572, 46.873934370232071 ], [ 1.028955743157107, 46.873925335453087 ], [ 1.02898868389491, 46.873025972288673 ], [ 1.028464098514386, 46.873016935389451 ], [ 1.028470688222377, 46.87283706279387 ], [ 1.028208396502537, 46.872832543471567 ], [ 1.028214987022418, 46.872652670897821 ], [ 1.027952696241295, 46.872648151003112 ], [ 1.027959287573049, 46.872468278451244 ], [ 1.027696997730642, 46.872463757984136 ], [ 1.02770358987425, 46.872283885454145 ], [ 1.027179012130311, 46.872274842774544 ], [ 1.02718560596103, 46.872094970294668 ], [ 1.026923318059501, 46.872090448082176 ], [ 1.026936507281107, 46.871730703159812 ], [ 1.026674221193553, 46.871726180403243 ], [ 1.026687411911812, 46.871366435511845 ], [ 1.026162843428065, 46.871357388309924 ], [ 1.02618263428079, 46.870817771094515 ], [ 1.025658071302264, 46.870808721659856 ], [ 1.025644873963076, 46.871168466363393 ], [ 1.024595741766348, 46.871150360060547 ], [ 1.024589139500618, 46.871330232289559 ], [ 1.024064572032959, 46.871321175477917 ], [ 1.02405796795324, 46.871501047643918 ], [ 1.023008830279655, 46.871482926700104 ], [ 1.023035260220674, 46.870763438450709 ], [ 1.023297541042867, 46.870767969474286 ], [ 1.023310753881524, 46.870408225254586 ], [ 1.023048474809708, 46.870403694287624 ], [ 1.023055082008858, 46.870223822196515 ], [ 1.022530525806313, 46.870214758517484 ], [ 1.022523916856814, 46.870394630551964 ], [ 1.022261637975756, 46.87039009778325 ], [ 1.022281467258963, 46.869850481745615 ], [ 1.022019191066999, 46.869845948461332 ], [ 1.022065463294359, 46.868586844348094 ], [ 1.021278653477672, 46.868573241486885 ], [ 1.021285266166706, 46.868393369530153 ], [ 1.021022997230142, 46.868388834070359 ], [ 1.021016383666022, 46.868568705998754 ], [ 1.020229574612929, 46.868555095930986 ], [ 1.020242806928007, 46.86819535223794 ], [ 1.020505074798563, 46.868199889471029 ], [ 1.020524920168552, 46.8676602737984 ], [ 1.019475859569002, 46.867642121603218 ], [ 1.01948247806519, 46.867462249813023 ], [ 1.019220213949526, 46.867457710291269 ], [ 1.019206975143384, 46.867817453808556 ], [ 1.01868244360298, 46.867808372850014 ], [ 1.018669201041837, 46.868168116228176 ], [ 1.018144666256046, 46.868159032753972 ], [ 1.018164535252507, 46.867619417847422 ], [ 1.01737774142725, 46.867605788387664 ], [ 1.017371115867031, 46.867785659944388 ], [ 1.016584319990416, 46.867772024994721 ], [ 1.016590948175751, 46.867592153523198 ], [ 1.016328683886125, 46.867587607367341 ], [ 1.016341941815516, 46.867227864461952 ], [ 1.016604204355091, 46.867232410560987 ], [ 1.016610832349101, 46.867052539070265 ], [ 1.016873094077438, 46.867057084540392 ], [ 1.016879721132667, 46.866877213014888 ], [ 1.017404243030618, 46.866886302096752 ], [ 1.017410868272088, 46.866706430508053 ], [ 1.017935388675031, 46.866715517131126 ], [ 1.017948635466787, 46.866355773820914 ], [ 1.017424118563788, 46.866346687311434 ], [ 1.01743074361402, 46.866166815703508 ], [ 1.016643971362551, 46.866153181520794 ], [ 1.016650598973931, 46.865973309991681 ], [ 1.015863829921273, 46.865959670489787 ], [ 1.015877090202413, 46.865599927582885 ], [ 1.015614835728999, 46.865595379938128 ], [ 1.015621466648813, 46.865415508503503 ], [ 1.015883720247292, 46.865420056119859 ], [ 1.015890350228382, 46.865240184650403 ], [ 1.015365844845074, 46.865231088874104 ], [ 1.015372476512205, 46.865051217455097 ], [ 1.015634728297041, 46.865055765615061 ], [ 1.015647989690074, 46.864696022701033 ], [ 1.015385739655046, 46.864691474597912 ], [ 1.015392371130758, 46.864511603159755 ], [ 1.015130122034425, 46.864507054484598 ], [ 1.015150018703354, 46.863967440216925 ], [ 1.015412265175063, 46.86397198880676 ], [ 1.015425527552253, 46.863612245872794 ], [ 1.015687772338057, 46.86361679380537 ], [ 1.015694402556109, 46.863436922300366 ], [ 1.015956646530864, 46.863441469604062 ], [ 1.015969905025933, 46.863081726518026 ], [ 1.015707662800836, 46.863077179271173 ], [ 1.015714292827514, 46.862897307746962 ], [ 1.016238775591856, 46.862906401583423 ], [ 1.016245403805125, 46.862726529995996 ], [ 1.015458682378718, 46.862712888425925 ], [ 1.015471943862718, 46.862353145402359 ], [ 1.015734182524811, 46.862357693135962 ], [ 1.015747442004071, 46.861997950029966 ], [ 1.016009678980394, 46.862002497106332 ], [ 1.016016307749579, 46.861822625515302 ], [ 1.01627854391491, 46.861827171962865 ], [ 1.01628517174556, 46.861647300337033 ], [ 1.016022936454986, 46.861642753917899 ], [ 1.016049450638864, 46.860923267464322 ], [ 1.015787218911013, 46.860918720558438 ], [ 1.015793848172265, 46.86073884895746 ], [ 1.015269386657344, 46.860729753401479 ], [ 1.015262755646665, 46.860909624945613 ], [ 1.014738292637505, 46.860900526931303 ], [ 1.014731659813585, 46.861080398412142 ], [ 1.014993892160981, 46.861084947747941 ], [ 1.014987260147972, 46.861264819250842 ], [ 1.015511726783642, 46.861273916178149 ], [ 1.015518357047188, 46.861094044618383 ], [ 1.015780589585981, 46.861098592153034 ], [ 1.015767330744568, 46.861458335323 ], [ 1.014980628071156, 46.86144469074739 ], [ 1.014960731457852, 46.861984305198483 ], [ 1.014698494736724, 46.861979755720526 ], [ 1.014691861529895, 46.862159627163031 ], [ 1.014954099125794, 46.862164176669417 ], [ 1.014940834270247, 46.86252391959205 ], [ 1.014678594924777, 46.862519370028785 ], [ 1.014671961526486, 46.862699241452084 ], [ 1.014409721370043, 46.862694691259954 ], [ 1.014389818167795, 46.863234305406102 ], [ 1.014127575450745, 46.863229754528241 ], [ 1.014101033454711, 46.863949239853063 ], [ 1.013314295188568, 46.863935583275513 ], [ 1.013301018558294, 46.864295325728818 ], [ 1.013825514171324, 46.864304430828113 ], [ 1.013812240785091, 46.864664173369619 ], [ 1.013549991196881, 46.864659621063304 ], [ 1.013543353533084, 46.864839492296007 ], [ 1.013281103133844, 46.864834939360783 ], [ 1.013294380147349, 46.864475196945897 ], [ 1.013032131561761, 46.864470643467094 ], [ 1.01304541006952, 46.864110901083528 ], [ 1.012783163297556, 46.864106347061217 ], [ 1.012776523200747, 46.864286218227747 ], [ 1.012514275617803, 46.864281663576541 ], [ 1.012520916589477, 46.86410179243849 ], [ 1.012258669945296, 46.864097237215283 ], [ 1.012271953446662, 46.863737494976903 ], [ 1.012796443299508, 46.863746604708965 ], [ 1.012803083204654, 46.863566733523236 ], [ 1.013589815838522, 46.863580393532636 ], [ 1.013596453055281, 46.863400522255148 ], [ 1.013334209654956, 46.863395969547575 ], [ 1.013340847682683, 46.863216098292114 ], [ 1.013078605221052, 46.863211545012533 ], [ 1.01309852154546, 46.862671931293164 ], [ 1.012836281772128, 46.862667377498546 ], [ 1.012849560751943, 46.862307635043862 ], [ 1.012587322792065, 46.862303080705786 ], [ 1.012593963060927, 46.862123209497298 ], [ 1.01206948908239, 46.862114099076848 ], [ 1.012082772927492, 46.861754356754552 ], [ 1.012345008135292, 46.861758912208046 ], [ 1.012364930799457, 46.86121929859123 ], [ 1.01184046569619, 46.861210187254684 ], [ 1.011860393033608, 46.860670573751065 ], [ 1.011598163201967, 46.860666017267654 ], [ 1.011618092588285, 46.860126403791867 ], [ 1.011880319795863, 46.860130960189835 ], [ 1.011900245982982, 46.859591346571015 ], [ 1.012162470630478, 46.85959590228321 ], [ 1.012155829506662, 46.859775773524355 ], [ 1.012680280742634, 46.859784883204661 ], [ 1.012686920117141, 46.859605011906567 ], [ 1.012949144956292, 46.859609565817721 ], [ 1.012962421764387, 46.859249823145426 ], [ 1.013224644918117, 46.859254376399313 ], [ 1.013231282351732, 46.859074505025127 ], [ 1.013493504694688, 46.859079057650199 ], [ 1.013506777621107, 46.858719314825692 ], [ 1.012720116031536, 46.858705655320136 ], [ 1.012726755022794, 46.858525783983637 ], [ 1.012464535495277, 46.858521229642918 ], [ 1.012451255699671, 46.858880972252557 ], [ 1.012713476976405, 46.858885526650241 ], [ 1.012706837857403, 46.859065397973922 ], [ 1.012444615706044, 46.859060843547788 ], [ 1.012431335527145, 46.859420586119057 ], [ 1.011644664208604, 46.859406919067865 ], [ 1.011651306953907, 46.859227047870839 ], [ 1.011389084183503, 46.859222491014918 ], [ 1.011395727739524, 46.85904261983999 ], [ 1.011133505907664, 46.859038062412175 ], [ 1.011126861477015, 46.859217933558639 ], [ 1.010602416255829, 46.859208816845062 ], [ 1.010615708551685, 46.858849074659716 ], [ 1.010353487786241, 46.858844515459417 ], [ 1.010340193741144, 46.859204257587756 ], [ 1.009815748903636, 46.859195137272138 ], [ 1.009802451104195, 46.859554879260877 ], [ 1.009540227032118, 46.859550318145551 ], [ 1.009533577161797, 46.859730189101803 ], [ 1.009009127460295, 46.859721065013062 ], [ 1.008989172217481, 46.860260677672379 ], [ 1.008464717523993, 46.860251551011146 ], [ 1.008458063899038, 46.860431421827727 ], [ 1.008195835773636, 46.860426857568022 ], [ 1.008189181209981, 46.860606728349687 ], [ 1.006878037170065, 46.860583897903162 ], [ 1.006898013789074, 46.860044285967085 ], [ 1.006635787797272, 46.860039718162326 ], [ 1.006655766463648, 46.859500106254231 ], [ 1.006393543159859, 46.859495537934755 ], [ 1.006413523873467, 46.858955926054669 ], [ 1.006151303257615, 46.858951357220562 ], [ 1.006171286018325, 46.858411745368464 ], [ 1.005909068090341, 46.858407176019689 ], [ 1.005929052898019, 46.857867564195615 ], [ 1.005404622481737, 46.857858423868471 ], [ 1.005397959194147, 46.858038294425789 ], [ 1.004086879902639, 46.858015432959689 ], [ 1.004093547563013, 46.857835562545276 ], [ 1.003306903381475, 46.857821838547721 ], [ 1.003313573601337, 46.857641968212668 ], [ 1.002264719089242, 46.857623661259417 ], [ 1.002271392743068, 46.857443791032374 ], [ 1.002009180150068, 46.857439212821916 ], [ 1.002002505621708, 46.85761908302036 ], [ 1.001740292218389, 46.857614504181022 ], [ 1.001726941219941, 46.857974244501413 ], [ 1.001989156372349, 46.857978823398021 ], [ 1.001982481651347, 46.858158693577238 ], [ 1.002244697742525, 46.858163271902114 ], [ 1.002238023831874, 46.858343142103521 ], [ 1.001451373127294, 46.858329405242081 ], [ 1.001444696528713, 46.85850927535121 ], [ 1.002231349857013, 46.858523012298519 ], [ 1.002224675817945, 46.858702882487151 ], [ 1.001438019865899, 46.858689145454001 ], [ 1.001417989492043, 46.859228755723741 ], [ 1.001155768346029, 46.859224175426178 ], [ 1.001149090551655, 46.859404045474655 ], [ 1.001411312572285, 46.85940862580086 ], [ 1.001404635588288, 46.859588495871563 ], [ 1.001666858547776, 46.859593075626073 ], [ 1.001660182374174, 46.859772945718959 ], [ 1.001135734770171, 46.859763785552396 ], [ 1.001122378731694, 46.860123525604521 ], [ 1.000597927886115, 46.860114362922054 ], [ 1.000564527918831, 46.861013712653829 ], [ 1.000302298219083, 46.861009130268897 ], [ 1.000295617158123, 46.8611890001674 ], [ 0.999771156202084, 46.861179833539104 ], [ 0.999784521758487, 46.8608200938503 ], [ 0.999522293126286, 46.86081550969292 ], [ 0.999502242071158, 46.861355119130586 ], [ 0.998977779751521, 46.861345948842761 ], [ 0.99897109418845, 46.861525818585186 ], [ 0.998708862250402, 46.861521232512075 ], [ 0.998722235061627, 46.861161493078143 ], [ 0.998460004937316, 46.861156906461986 ], [ 0.998473379240595, 46.860797167059758 ], [ 0.998735607615534, 46.860801753618581 ], [ 0.998755665963933, 46.860262144381153 ], [ 0.998493440212988, 46.860257557908334 ], [ 0.998500127075118, 46.860077688178379 ], [ 0.997975677515535, 46.860068513488976 ], [ 0.997968988904112, 46.860248383161618 ], [ 0.997706763346195, 46.86024379488773 ], [ 0.997700073795767, 46.860423664525257 ], [ 0.997962300228339, 46.860428252827816 ], [ 0.997948922683733, 46.860787992141006 ], [ 0.997162238331115, 46.860774225260201 ], [ 0.99718231242345, 46.860234616538925 ], [ 0.996920087058636, 46.860230026463995 ], [ 0.996933471214255, 46.859870287341785 ], [ 0.997457918509699, 46.859879466776555 ], [ 0.99748467905143, 46.85915998822572 ], [ 0.997222458869981, 46.859155398923235 ], [ 0.997242531224221, 46.858615790028828 ], [ 0.997766966403966, 46.858624967861388 ], [ 0.997773655310835, 46.858445098159741 ], [ 0.998822522944204, 46.858463446506406 ], [ 0.998829208288469, 46.858283576683675 ], [ 0.998566992158193, 46.858278990526138 ], [ 0.998573678312696, 46.858099120725647 ], [ 0.999098108888454, 46.8581082923831 ], [ 0.999104793229537, 46.85792842251886 ], [ 0.998580364402876, 46.857919250918748 ], [ 0.99858705042873, 46.857739381105439 ], [ 0.998849263935364, 46.857743967177001 ], [ 0.998855949022363, 46.857564097328613 ], [ 0.998593736390261, 46.857559511285729 ], [ 0.998607108120355, 46.857199771627045 ], [ 0.99834489730161, 46.857195185041199 ], [ 0.998358270523421, 46.856835445414241 ], [ 0.998620479593167, 46.856840031942745 ], [ 0.998627165233091, 46.856660162090968 ], [ 0.99784054084031, 46.856646400790581 ], [ 0.99786060524441, 46.85610679145482 ], [ 0.99733619455107, 46.856097614425238 ], [ 0.997389710788453, 46.85465865637326 ], [ 0.997651909107575, 46.854663244958751 ], [ 0.997665285774622, 46.854303505324282 ], [ 0.997927482409326, 46.854308093252186 ], [ 0.997940857070279, 46.853948353534719 ], [ 0.998203052020587, 46.853952940805058 ], [ 0.998209738380212, 46.853773070908048 ], [ 0.998471932520492, 46.853777657549522 ], [ 0.998491988590426, 46.85323804773401 ], [ 0.99875418017201, 46.853242633689291 ], [ 0.99876086452571, 46.853062763709275 ], [ 0.99928524613314, 46.853071933761903 ], [ 0.99929192867391, 46.852892063718187 ], [ 0.99981630878986, 46.852901231312707 ], [ 0.999822989517733, 46.852721361205283 ], [ 1.000347368142142, 46.852730526341766 ], [ 1.000354047057149, 46.852550656170649 ], [ 1.000616235591434, 46.852555237809945 ], [ 1.000622913567899, 46.852375367603834 ], [ 1.000885101292134, 46.852379948614313 ], [ 1.000898455303781, 46.852020208125523 ], [ 1.000636269328107, 46.8520156271723 ], [ 1.000642947111849, 46.851835756946926 ], [ 1.000380762074678, 46.851831175422149 ], [ 1.00038744066844, 46.851651305219008 ], [ 1.000649624831352, 46.85165588671515 ], [ 1.000662980077647, 46.851296146232343 ], [ 1.000138615313051, 46.851286982754438 ], [ 1.00013193597354, 46.851466852941776 ], [ 0.999607569717482, 46.851457687005926 ], [ 0.999614250805469, 46.851277816875886 ], [ 0.999089886554969, 46.85126864859668 ], [ 0.999096569327147, 46.851088778517507 ], [ 0.998834388172552, 46.851084193506324 ], [ 0.998847755272481, 46.850724453386093 ], [ 0.998585575930609, 46.850719867832062 ], [ 0.998592260258336, 46.850539997790968 ], [ 0.998854438726005, 46.850544583316328 ], [ 0.998861122115236, 46.850364713240204 ], [ 0.999123299773002, 46.850369298136791 ], [ 0.999129982223755, 46.850189428025573 ], [ 0.998867805440176, 46.850184843157656 ], [ 0.998874488700824, 46.850004973068678 ], [ 0.998350137074899, 46.849995801589749 ], [ 0.998356822019595, 46.849815931551696 ], [ 0.998094647177255, 46.84981134494069 ], [ 0.998114704247959, 46.849271734874037 ], [ 0.997852532092385, 46.849267147748904 ], [ 0.997859218528128, 46.849087277742541 ], [ 0.997597047311004, 46.849082690045968 ], [ 0.99760373455655, 46.848902820061824 ], [ 0.997341564277878, 46.848898231793825 ], [ 0.997348252333211, 46.848718361831992 ], [ 0.997086082992988, 46.848713772992532 ], [ 0.997079394063543, 46.848893642925695 ], [ 0.99655505382791, 46.848884463389126 ], [ 0.996541672279481, 46.849244203121479 ], [ 0.996279500509953, 46.849239612395664 ], [ 0.996286192190477, 46.849059742561366 ], [ 0.996024021359449, 46.84905515126411 ], [ 0.996030713849721, 46.848875281452109 ], [ 0.995768543957189, 46.84887068958345 ], [ 0.995775237257193, 46.84869081979371 ], [ 0.996823913717109, 46.84870918355297 ], [ 0.996830603456317, 46.848529313642075 ], [ 0.99630626684583, 46.848520133020031 ], [ 0.996312958268877, 46.848340263160097 ], [ 0.996050790934274, 46.848335671977615 ], [ 0.996044098637133, 46.848515541808865 ], [ 0.995781930492813, 46.848510949997568 ], [ 0.995788623664048, 46.848331080195024 ], [ 0.995526456458204, 46.848326487812351 ], [ 0.995539844355681, 46.847966748245426 ], [ 0.995277678962388, 46.847962155320076 ], [ 0.995284373688605, 46.847782285555695 ], [ 0.995022209233776, 46.847777692058948 ], [ 0.995028904769655, 46.847597822316864 ], [ 0.994766741253289, 46.847593228248755 ], [ 0.994773437598808, 46.847413358528954 ], [ 0.994511275020904, 46.847408763889476 ], [ 0.994524669266773, 46.847049024488086 ], [ 0.994262508501358, 46.847044429305953 ], [ 0.994275904237578, 46.846684689936367 ], [ 0.993751586396107, 46.846675497886807 ], [ 0.993758285915584, 46.846495628249812 ], [ 0.994020443930098, 46.846500224545913 ], [ 0.994027142511137, 46.846320354873797 ], [ 0.99428929971609, 46.846324950541124 ], [ 0.994295997358708, 46.84614508083385 ], [ 0.994558153754099, 46.846149675872397 ], [ 0.994571547098111, 46.845789936381202 ], [ 0.99404723786765, 46.845780745818963 ], [ 0.994040539479911, 46.8459606155103 ], [ 0.99351622875924, 46.845951422490444 ], [ 0.993522928894917, 46.845771552856554 ], [ 0.993260774505218, 46.845766955475291 ], [ 0.993267475450405, 46.845587085863698 ], [ 0.993005321999123, 46.84558248791113 ], [ 0.993018725444021, 46.845222748726194 ], [ 0.992494422230637, 46.845213551135892 ], [ 0.992501125604255, 46.845033681591282 ], [ 0.993025427069777, 46.845042879124087 ], [ 0.993032128631069, 46.844863009515535 ], [ 0.9932942785866, 46.844867607353194 ], [ 0.993287577899233, 46.845047476990459 ], [ 0.993549728793144, 46.845052074256763 ], [ 0.993543028915258, 46.84523194391636 ], [ 0.994329484605437, 46.845245732201406 ], [ 0.994336181861516, 46.845065862455655 ], [ 0.994860484229213, 46.845075051588076 ], [ 0.994873875052411, 46.844715311962517 ], [ 0.995136024585015, 46.844719905571289 ], [ 0.995142719026099, 46.844540035720172 ], [ 0.995667016536651, 46.844549221080257 ], [ 0.995660323843398, 46.844729090988778 ], [ 0.995922473569158, 46.844733682797447 ], [ 0.995915781685455, 46.844913552728258 ], [ 0.996177932349507, 46.844918143965614 ], [ 0.996184623359287, 46.844738274006126 ], [ 0.996446773213775, 46.844742864614794 ], [ 0.996440083077922, 46.844922734602974 ], [ 0.998012988799514, 46.844950265826498 ], [ 0.998006303842931, 46.845130135980305 ], [ 0.998792760193738, 46.845143893577642 ], [ 0.998799442528499, 46.84496402333783 ], [ 0.999323745335888, 46.844973192011942 ], [ 0.999337106316864, 46.844613451398502 ], [ 0.999074956628896, 46.844608867418771 ], [ 0.999068275296612, 46.844788737700057 ], [ 0.998806124798985, 46.844784153091631 ], [ 0.998812807005194, 46.844604282838993 ], [ 0.998288507950626, 46.844595111879421 ], [ 0.998295191840391, 46.844415241677694 ], [ 0.998557340461619, 46.84441982742883 ], [ 0.998564023413185, 46.84423995719203 ], [ 0.998301875665865, 46.844235371469551 ], [ 0.99830855942705, 46.844055501254999 ], [ 0.998832853238173, 46.844064672042649 ], [ 0.998826171224788, 46.84424454231452 ], [ 0.999088319100663, 46.844249126836971 ], [ 0.999115043273022, 46.843529645596441 ], [ 0.998852898892696, 46.843525061188579 ], [ 0.998859580648995, 46.843345190891107 ], [ 0.998597437206805, 46.843340605911898 ], [ 0.998604119772691, 46.843160735636623 ], [ 0.997555550142225, 46.843142389834547 ], [ 0.997562236139221, 46.84296251966753 ], [ 0.997824377576546, 46.842967106989384 ], [ 0.997844432560192, 46.84242749636384 ], [ 0.998106571440329, 46.8424320829997 ], [ 0.998119939360311, 46.84207234249326 ], [ 0.997857802227791, 46.842067755914748 ], [ 0.997864486965143, 46.841887885680592 ], [ 0.998388759546879, 46.841897058180379 ], [ 0.998395442472357, 46.841717187882487 ], [ 0.998657577985859, 46.841721773203766 ], [ 0.998637531637976, 46.842261384164175 ], [ 0.998899669837146, 46.842265968971482 ], [ 0.998886307031498, 46.842625709636962 ], [ 0.99941058711791, 46.842634877566198 ], [ 0.999403907366352, 46.842814747946619 ], [ 0.999666048379771, 46.842819331039919 ], [ 0.999632653027508, 46.843718682989191 ], [ 0.999894798474472, 46.84372326562567 ], [ 0.999901476799536, 46.843543395220024 ], [ 1.000163621436861, 46.843547977227864 ], [ 1.000150266470258, 46.843907718090065 ], [ 1.000412412919576, 46.843912299555207 ], [ 1.000405736213826, 46.844092170005311 ], [ 1.000667883601261, 46.844096750899041 ], [ 1.000661207705194, 46.844276621371385 ], [ 1.000923356030751, 46.84428120169374 ], [ 1.000916680944382, 46.844461072188288 ], [ 1.001440979535935, 46.844470231090163 ], [ 1.001427632666285, 46.844829972174537 ], [ 1.001165481590552, 46.844825392966364 ], [ 1.001152132716243, 46.845185133967867 ], [ 1.000889979956823, 46.845180554102441 ], [ 1.000883304549409, 46.84536042456493 ], [ 1.001145458182786, 46.845365004459012 ], [ 1.001138783585127, 46.845544874943734 ], [ 1.001400938156674, 46.845549454266362 ], [ 1.001394264368782, 46.845729324773309 ], [ 1.001132108923263, 46.845724745422061 ], [ 1.001125434197196, 46.845904615893964 ], [ 1.000863277941897, 46.845900035914035 ], [ 1.000849926549158, 46.84625977678138 ], [ 1.001112084552442, 46.846264356818551 ], [ 1.001118759406923, 46.846084486359445 ], [ 1.00216738856605, 46.846102800393098 ], [ 1.002154045784924, 46.846462541533796 ], [ 1.00241620498317, 46.846467118599286 ], [ 1.002409534370366, 46.846646989188606 ], [ 1.002671694506799, 46.846651565682627 ], [ 1.002665024703857, 46.846831436294138 ], [ 1.002927185778476, 46.84683601221672 ], [ 1.002920516785414, 46.847015882850407 ], [ 1.003182678798222, 46.847020458201477 ], [ 1.003176010615054, 46.847200328857404 ], [ 1.002651684905495, 46.847191177497997 ], [ 1.002658354836757, 46.847011306899276 ], [ 1.002396192952259, 46.847006730348035 ], [ 1.002402863693396, 46.846826859771532 ], [ 1.002140702747101, 46.846822282648851 ], [ 1.0021473742981, 46.846642412094511 ], [ 1.001885214290007, 46.846637834400376 ], [ 1.001858524204802, 46.847357316464787 ], [ 1.003169342367744, 46.847380199506887 ], [ 1.00316267405629, 46.847560070149974 ], [ 1.002900509421316, 46.847555494713134 ], [ 1.002880501479839, 46.848095106518159 ], [ 1.002618334286777, 46.848090530395446 ], [ 1.002611663970546, 46.848270400955727 ], [ 1.002349495967554, 46.848265824204283 ], [ 1.002356167157883, 46.848085953672594 ], [ 1.001831833092618, 46.848076798426668 ], [ 1.001798467758126, 46.848976150734799 ], [ 1.001536296451222, 46.848971572068592 ], [ 1.001529622317612, 46.849151442482395 ], [ 1.001791794498651, 46.84915602117723 ], [ 1.001785121174982, 46.849335891613201 ], [ 1.002571640725661, 46.849349624182743 ], [ 1.002578311426896, 46.849169753660931 ], [ 1.00284048386466, 46.849174329955268 ], [ 1.002833814037572, 46.849354200505672 ], [ 1.003095987413644, 46.849358776228485 ], [ 1.003089318396554, 46.849538646801101 ], [ 1.003351492710933, 46.849543221952381 ], [ 1.003331487897255, 46.850082833717522 ], [ 1.003593664898304, 46.85008740835444 ], [ 1.003580329783508, 46.850447149556381 ], [ 1.002531615170679, 46.850428847179074 ], [ 1.002524944020243, 46.850608717656065 ], [ 1.002787123451417, 46.85061329417919 ], [ 1.00278045311102, 46.850793164678379 ], [ 1.003566994412149, 46.850806890732677 ], [ 1.003560326630257, 46.850986761311205 ], [ 1.004084689566853, 46.850995909070456 ], [ 1.004078023469286, 46.851175779699744 ], [ 1.004340205908013, 46.851180352707715 ], [ 1.004360201385654, 46.850640740714859 ], [ 1.004622381265816, 46.850645313036935 ], [ 1.004702346916163, 46.848486864146018 ], [ 1.004440177525981, 46.848482292166835 ], [ 1.004446841787626, 46.84830242141286 ], [ 1.004184673335659, 46.848297848862167 ], [ 1.004217998052743, 46.847398495139068 ], [ 1.00448016213429, 46.847403067546878 ], [ 1.004493489824235, 46.847043325955617 ], [ 1.004755652221772, 46.847047897706233 ], [ 1.004768977907236, 46.846688156032236 ], [ 1.005031138620788, 46.8466927271256 ], [ 1.005037800493357, 46.846512856250435 ], [ 1.005299960396962, 46.846517426715181 ], [ 1.005313282201824, 46.846157684888475 ], [ 1.006099757052946, 46.846171392510939 ], [ 1.006093098804588, 46.846351263513185 ], [ 1.006355258090413, 46.846355831549097 ], [ 1.006348600652032, 46.846535702573469 ], [ 1.006610760875919, 46.846540270037856 ], [ 1.006584133978164, 46.847259754185451 ], [ 1.006059806602077, 46.847250618428212 ], [ 1.006053147969425, 46.847430489392032 ], [ 1.006315312499512, 46.84743505759922 ], [ 1.006301996790204, 46.847794799564689 ], [ 1.006039830511965, 46.84779023130038 ], [ 1.006026512798289, 46.848149973183126 ], [ 1.006288680824718, 46.848154541504542 ], [ 1.006208779651673, 46.850312992605602 ], [ 1.006470958231988, 46.850317560669488 ], [ 1.006464300258764, 46.850497431581481 ], [ 1.006726479777337, 46.850501999073778 ], [ 1.006719822614281, 46.850681870007904 ], [ 1.007244183591971, 46.850691003249089 ], [ 1.007237528113329, 46.850870874233905 ], [ 1.006975346718241, 46.850866307884871 ], [ 1.006962033820405, 46.851226049778198 ], [ 1.006437667725382, 46.851216915165452 ], [ 1.006397717003757, 46.852296140349246 ], [ 1.006922093590042, 46.852305275304531 ], [ 1.006915436660851, 46.852485146203158 ], [ 1.0074398152519, 46.852494278814774 ], [ 1.007459780601593, 46.851954665928439 ], [ 1.007197593896938, 46.851950100008338 ], [ 1.007204249759739, 46.851770229061948 ], [ 1.007466435590115, 46.851774794953492 ], [ 1.007479745375101, 46.851415052984414 ], [ 1.007741929520965, 46.851419618218735 ], [ 1.007748583443176, 46.85123974719609 ], [ 1.00853513364203, 46.851253439212407 ], [ 1.008555087156462, 46.850713825849269 ], [ 1.008030725538662, 46.850704698609668 ], [ 1.008037378330619, 46.850524827532858 ], [ 1.008299558233303, 46.850529391424203 ], [ 1.008306210087048, 46.850349520312463 ], [ 1.009092747556357, 46.85036320830001 ], [ 1.00907944903019, 46.85072295068818 ], [ 1.00881726806134, 46.850718388568815 ], [ 1.008810617828076, 46.850898259724786 ], [ 1.00907279967116, 46.850902821872708 ], [ 1.0090595007612, 46.851262564222424 ], [ 1.009321684416741, 46.851267125827214 ], [ 1.009315035740069, 46.851446997020957 ], [ 1.009577220333827, 46.85145155805408 ], [ 1.009570572467463, 46.851631429269958 ], [ 1.009832757999443, 46.851635989731363 ], [ 1.00981946382342, 46.851995732200955 ], [ 1.010081651167903, 46.852000292119186 ], [ 1.010075004858269, 46.852180163372829 ], [ 1.010337193140987, 46.852184722719379 ], [ 1.01031725645139, 46.852724336527473 ], [ 1.010579447420975, 46.852728895359299 ], [ 1.010572802604243, 46.852908766644354 ], [ 1.01083499451208, 46.852913324904456 ], [ 1.010828350505764, 46.853093196211582 ], [ 1.011352736261854, 46.853102310988127 ], [ 1.011346093940319, 46.853282182345843 ], [ 1.011870481700706, 46.853291294778487 ], [ 1.011863841063986, 46.853471166186736 ], [ 1.012126035914369, 46.853475721531204 ], [ 1.01211275619802, 46.853835464385433 ], [ 1.012374952861023, 46.853840019186606 ], [ 1.012368313781418, 46.8540198906326 ], [ 1.012630511382676, 46.854024444862006 ], [ 1.012623873113596, 46.854204316330069 ], [ 1.012886071653111, 46.854208869987687 ], [ 1.01287943419457, 46.854388741477791 ], [ 1.013666032819419, 46.854402398934653 ], [ 1.013652762957282, 46.854762142066356 ], [ 1.013914964375406, 46.854766693408386 ], [ 1.013901696006818, 46.855126436571382 ], [ 1.014163899237639, 46.855130987370018 ], [ 1.014150632362662, 46.855490730564327 ], [ 1.014412837406207, 46.855495280819589 ], [ 1.014399572024904, 46.855855024045177 ], [ 1.014923985801299, 46.855864122868653 ], [ 1.014917354763902, 46.85604399452869 ], [ 1.01517956262228, 46.856048543068447 ], [ 1.015172932395585, 46.856228414750532 ], [ 1.015959558976886, 46.856242056853375 ], [ 1.015946303579185, 46.856601800368843 ], [ 1.016208514316173, 46.856606346592727 ], [ 1.016201887396202, 46.85678621836928 ], [ 1.016464099071468, 46.856790764021277 ], [ 1.016457472962273, 46.856970635819863 ], [ 1.016719685575818, 46.856975180899944 ], [ 1.016699809489392, 46.857514796342507 ], [ 1.016962024790328, 46.857519340907537 ], [ 1.016948775496482, 46.857879084560686 ], [ 1.017210992610292, 46.857883628582194 ], [ 1.017204368742351, 46.85806350042759 ], [ 1.017466586794476, 46.858068043877147 ], [ 1.017459963737402, 46.858247915744563 ], [ 1.017722182727839, 46.858252458622196 ], [ 1.017708938171747, 46.858612202394575 ], [ 1.01797115897511, 46.858616744728657 ], [ 1.017964537476115, 46.858796616633668 ], [ 1.01848898102319, 46.858805699557607 ], [ 1.01848236120975, 46.858985571512967 ], [ 1.019006806760839, 46.858994652092306 ], [ 1.019000188632991, 46.859174524098002 ], [ 1.01926241237869, 46.859179063515548 ], [ 1.019255795061819, 46.859358935543234 ], [ 1.019518019745831, 46.859363474388779 ], [ 1.019511403239954, 46.859543346438414 ], [ 1.019773628862283, 46.859547884711944 ], [ 1.0197802444935, 46.859368012633951 ], [ 1.020304694179776, 46.859377087323267 ], [ 1.020317921752674, 46.859017343034637 ], [ 1.020842368194879, 46.859026415209165 ], [ 1.020835756189534, 46.859206287413372 ], [ 1.021622428953859, 46.85921989125756 ], [ 1.021629038335261, 46.859040018968322 ], [ 1.022940156507546, 46.859062679893306 ], [ 1.022926946427699, 46.859422424748658 ], [ 1.023189172002141, 46.859426955189242 ], [ 1.023175963417449, 46.859786700075652 ], [ 1.02343819080478, 46.859791229972515 ], [ 1.023418380075273, 46.860330847339114 ], [ 1.023680610150225, 46.860335376720521 ], [ 1.023674007321366, 46.860515249191565 ], [ 1.023936238334556, 46.860519778000914 ], [ 1.023923034235713, 46.860879522980447 ], [ 1.024185267061877, 46.860884051246011 ], [ 1.024178665791915, 46.861063923754493 ], [ 1.024440899556329, 46.861068451447956 ], [ 1.024427698575374, 46.861428196502338 ], [ 1.023903227611044, 46.861419140401829 ], [ 1.023896625275777, 46.861599012862847 ], [ 1.024683334441831, 46.861612596197901 ], [ 1.024676734667363, 46.861792468737399 ], [ 1.02493897205783, 46.861796995343248 ], [ 1.024919174977808, 46.86233661300831 ], [ 1.024656934962966, 46.862332086317593 ], [ 1.024650334934499, 46.862511958831533 ], [ 1.025174816777299, 46.862521011669116 ], [ 1.025161620029148, 46.86288075679095 ], [ 1.024637134687059, 46.862871703840227 ], [ 1.024630534468086, 46.863051576334975 ], [ 1.024368291017457, 46.863047048930682 ], [ 1.024355088639305, 46.863406793844433 ], [ 1.023830598429216, 46.863397737121311 ], [ 1.023810789136431, 46.863937354274171 ], [ 1.023548541502084, 46.863932824927048 ], [ 1.023541937402543, 46.864112697270215 ], [ 1.023017440574719, 46.864103636717928 ], [ 1.023010834661858, 46.864283508998142 ], [ 1.022748585468393, 46.864278977792985 ], [ 1.022741978617074, 46.864458850038417 ], [ 1.022217478671067, 46.86444978577012 ], [ 1.022210870006372, 46.864629657952534 ], [ 1.023259873652281, 46.864647784200621 ], [ 1.023273083918883, 46.864288039602791 ], [ 1.023797582623578, 46.864297099010813 ], [ 1.023757961560164, 46.865376333067246 ], [ 1.022708943406936, 46.865358211169855 ], [ 1.022702336174193, 46.865538083376947 ], [ 1.023226846873589, 46.865547145583257 ], [ 1.023220241327183, 46.865727017840605 ], [ 1.024007010477805, 46.865740606731329 ], [ 1.024000407492739, 46.865920479067221 ], [ 1.024262664878323, 46.865925007524787 ], [ 1.024249460467551, 46.866284752233987 ], [ 1.024511719666621, 46.866289280147662 ], [ 1.024498516751739, 46.866649024887892 ], [ 1.024760777764323, 46.866653552257638 ], [ 1.024754177086614, 46.866833424646472 ], [ 1.025016439037721, 46.866837951444012 ], [ 1.02500983917152, 46.867017823854738 ], [ 1.024747576345395, 46.86701329702889 ], [ 1.024740975540661, 46.867193169404935 ], [ 1.025003239241817, 46.867197696259076 ], [ 1.024996639248607, 46.867377568657005 ], [ 1.025258903888305, 46.86738209493889 ], [ 1.025252304706636, 46.867561967358718 ], [ 1.025514570284879, 46.867566493068381 ], [ 1.0255211685915, 46.867386620620273 ], [ 1.026307963081984, 46.867400194061211 ], [ 1.026314558699997, 46.867220321521884 ], [ 1.026576822782053, 46.867224844772878 ], [ 1.026570228039082, 46.867404717340484 ], [ 1.027094758143639, 46.867413762097407 ], [ 1.027088165087313, 46.867593634715185 ], [ 1.027350431109806, 46.867598156221142 ], [ 1.027343838865101, 46.867778028860748 ], [ 1.027606105826085, 46.867782549794413 ], [ 1.027599514393019, 46.867962422455918 ], [ 1.027861782292497, 46.867966942817304 ], [ 1.027855191671087, 46.86814681550063 ], [ 1.02811746050906, 46.868151335289717 ], [ 1.028110870699321, 46.868331207994942 ], [ 1.02837314047579, 46.868335727211736 ], [ 1.028359962416291, 46.868695472659489 ], [ 1.028622234006365, 46.868699991332193 ], [ 1.028615645756626, 46.868879864074735 ], [ 1.028877918285208, 46.868884382175125 ], [ 1.028871330847201, 46.869064254939495 ], [ 1.029658151438605, 46.869077805722036 ], [ 1.029644981623259, 46.869437551401028 ], [ 1.02990725703074, 46.869442067183869 ], [ 1.029900672903175, 46.869621940041974 ], [ 1.030162949249164, 46.869626455252451 ], [ 1.030149782554301, 46.869986201006014 ], [ 1.030412060713969, 46.869990715672316 ], [ 1.030392312822124, 46.870530334339357 ], [ 1.030654593670695, 46.870534848489761 ], [ 1.030634847834412, 46.871074467183952 ], [ 1.03089713137196, 46.871078980818353 ], [ 1.030877387591374, 46.871618599539708 ], [ 1.031401960107885, 46.871627625175933 ], [ 1.031408539680913, 46.871447752218806 ], [ 1.031670825158892, 46.871452264107781 ], [ 1.031677403793365, 46.871272391116065 ], [ 1.031939688459406, 46.871276902376238 ], [ 1.031946266155342, 46.871097029349912 ], [ 1.032208550009442, 46.871101539981304 ], [ 1.032221703460989, 46.870741793853156 ], [ 1.032483985627929, 46.870746303827538 ], [ 1.032503712705014, 46.870206684502847 ], [ 1.031979153685627, 46.870197664122593 ], [ 1.031985731001811, 46.87001779105799 ], [ 1.032510288270829, 46.870026811381848 ], [ 1.03252343921264, 46.869667065120666 ], [ 1.032785716191718, 46.869671574325359 ], [ 1.032746267858144, 46.870750813201326 ], [ 1.033270832508369, 46.870759830147058 ], [ 1.033257686058616, 46.871119576500668 ], [ 1.033782254462748, 46.871128591156705 ], [ 1.033775682893471, 46.871308464380263 ], [ 1.034562538599633, 46.87132198194417 ], [ 1.034555969592869, 46.871501855245825 ], [ 1.037178834806692, 46.871546875033367 ], [ 1.037185395060914, 46.871367001450317 ], [ 1.037709967110956, 46.87137599814411 ], [ 1.037716525551551, 46.871196124498425 ], [ 1.037978810795989, 46.87120062191628 ], [ 1.037985368298232, 46.871020748236106 ], [ 1.038247652730526, 46.871025245025265 ], [ 1.038254209294434, 46.870845371310594 ], [ 1.038778776597816, 46.870854363030816 ], [ 1.038785331348176, 46.870674489253595 ], [ 1.039572180150591, 46.870687972245044 ], [ 1.039565628025922, 46.87086784610652 ], [ 1.040090195959916, 46.870876831820595 ], [ 1.040083645522679, 46.871056705731874 ], [ 1.040345930459467, 46.871061197716067 ], [ 1.040339380834447, 46.871241071649031 ], [ 1.041388524712773, 46.871259033691857 ], [ 1.041395070836784, 46.871079159646662 ], [ 1.04191964140342, 46.871088137008215 ], [ 1.041926185713948, 46.870908262900478 ], [ 1.042188470216484, 46.87091275065228 ], [ 1.042195013588803, 46.870732876510132 ], [ 1.042457297279062, 46.870737363633317 ], [ 1.042463839713187, 46.870557489456715 ], [ 1.04272612259117, 46.870561975951212 ], [ 1.042732664087118, 46.870382101740219 ], [ 1.042994946152824, 46.870386587606028 ], [ 1.043001486710609, 46.870206713360623 ], [ 1.043526049280389, 46.870215683234449 ], [ 1.043532588024823, 46.870035808926559 ], [ 1.043794868528887, 46.870040292934554 ], [ 1.043801406335201, 46.869860418592282 ], [ 1.044325965781648, 46.869869384750402 ], [ 1.044319429725737, 46.870049259148658 ], [ 1.044057149095861, 46.870044776341892 ], [ 1.04402446349676, 46.870944148097621 ], [ 1.044286748502775, 46.87094863104447 ], [ 1.044254065707383, 46.871848002780823 ], [ 1.044516355152648, 46.871852485267134 ], [ 1.044477138974337, 46.872931731308391 ], [ 1.043952549642914, 46.872922765398883 ], [ 1.04394601164237, 46.873102639660729 ], [ 1.043683716195678, 46.873098155776979 ], [ 1.043670638255129, 46.873457904225475 ], [ 1.043932935452535, 46.873462388165279 ], [ 1.043919859011035, 46.873822136644328 ], [ 1.043657560062881, 46.873817652648455 ], [ 1.043664099190468, 46.873637778440141 ], [ 1.043401801180617, 46.873633293871627 ], [ 1.043395261177654, 46.873813168051917 ], [ 1.043132962355361, 46.873808682854701 ], [ 1.043146044049101, 46.873448934543823 ], [ 1.042883747040494, 46.873444448802019 ], [ 1.042896830233179, 46.873084700521687 ], [ 1.04237223990624, 46.873075727348194 ], [ 1.042365696590673, 46.87325560143546 ], [ 1.042103400646299, 46.873251113919657 ], [ 1.04209685639241, 46.87343098797249 ], [ 1.041834559635654, 46.873426499827985 ], [ 1.04182146918821, 46.873786247858398 ], [ 1.041296872362186, 46.87377726965515 ], [ 1.041290325293225, 46.87395714360467 ], [ 1.040241128895752, 46.873939179877759 ], [ 1.040234578262246, 46.874119053708625 ], [ 1.039709978690923, 46.874110068184976 ], [ 1.0397165310752, 46.873930194410249 ], [ 1.039191933506858, 46.873921206540032 ], [ 1.039178825173706, 46.874280953970732 ], [ 1.038391924041929, 46.874267467491698 ], [ 1.038385367154554, 46.874447341113175 ], [ 1.037860764964714, 46.874438347067546 ], [ 1.037854206263433, 46.874618220626438 ], [ 1.038903414397121, 46.874636206427382 ], [ 1.038890303808554, 46.874995953750812 ], [ 1.038627999929651, 46.874991458145409 ], [ 1.038614887337882, 46.875351205387119 ], [ 1.037303360135576, 46.875328718068602 ], [ 1.037296799367822, 46.875508591539329 ], [ 1.037559105557492, 46.875513090232538 ], [ 1.037552545602057, 46.875692963725022 ], [ 1.037027931534949, 46.875683965681588 ], [ 1.037021369765464, 46.875863839111439 ], [ 1.036759061951165, 46.875859339160527 ], [ 1.036752499243065, 46.876039212555895 ], [ 1.036227882053002, 46.876030210795683 ], [ 1.036221317530798, 46.87621008412836 ], [ 1.035959008155045, 46.876205582319045 ] ], [ [ 1.036804999139584, 46.874600225214472 ], [ 1.037067300825843, 46.874604724968478 ], [ 1.037073862153332, 46.874424851493949 ], [ 1.037336163027331, 46.874429350619167 ], [ 1.037342723416286, 46.874249477110119 ], [ 1.036555823609892, 46.874235978016792 ], [ 1.03654926059476, 46.874415851441469 ], [ 1.036811561342472, 46.874420351768052 ], [ 1.036804999139584, 46.874600225214472 ] ], [ [ 1.035782055464958, 46.873862726817663 ], [ 1.036044353397033, 46.873867228861897 ], [ 1.036050917973431, 46.873687355474367 ], [ 1.036313215093313, 46.873691856889771 ], [ 1.036319778731186, 46.873511983467701 ], [ 1.036844371409711, 46.873520984440262 ], [ 1.036850933233723, 46.873341110955579 ], [ 1.037113228792356, 46.873345610512736 ], [ 1.037119789677886, 46.873165736993528 ], [ 1.037382084424309, 46.87317023592189 ], [ 1.037388644371369, 46.872990362368185 ], [ 1.037650938305584, 46.872994860667795 ], [ 1.037657497314193, 46.872814987079579 ], [ 1.037919790436198, 46.87281948475043 ], [ 1.037926348506372, 46.87263961112771 ], [ 1.037401764076114, 46.872630615241611 ], [ 1.037395204255303, 46.872810488808071 ], [ 1.037132911259538, 46.872805989935941 ], [ 1.037126350500279, 46.872985863467918 ], [ 1.036864056692321, 46.872981363967007 ], [ 1.036857494994593, 46.873161237464466 ], [ 1.036070611323608, 46.873147735273413 ], [ 1.03605748248666, 46.873507482080427 ], [ 1.035795186305303, 46.873502980092489 ], [ 1.035782055464958, 46.873862726817663 ] ], [ [ 1.042896830233179, 46.873084700521687 ], [ 1.043159125491076, 46.873089186207459 ], [ 1.043165666117652, 46.872909312029712 ], [ 1.042903371735099, 46.872904826371979 ], [ 1.042896830233179, 46.873084700521687 ] ], [ [ 1.037926348506372, 46.87263961112771 ], [ 1.038188640816165, 46.872644108169773 ], [ 1.038195197947921, 46.872464234512613 ], [ 1.037932906513439, 46.87245973749863 ], [ 1.037926348506372, 46.87263961112771 ] ], [ [ 1.038195197947921, 46.872464234512613 ], [ 1.0384574894455, 46.872468730925931 ], [ 1.038464045638854, 46.872288857234246 ], [ 1.038988627072662, 46.872297848202763 ], [ 1.038995181452337, 46.8721179744485 ], [ 1.039257471388555, 46.872122469003706 ], [ 1.039264024829869, 46.871942595214989 ], [ 1.03900173576894, 46.871938100687856 ], [ 1.039008290022474, 46.871758226920846 ], [ 1.038221425843978, 46.871744739819988 ], [ 1.038214868964608, 46.871924613502713 ], [ 1.037952580156008, 46.871920116573051 ], [ 1.037939464457401, 46.872279863863156 ], [ 1.03820175501658, 46.872284360849029 ], [ 1.038195197947921, 46.872464234512613 ] ], [ [ 1.03769685004044, 46.87173574541626 ], [ 1.037959137910657, 46.871740242918442 ], [ 1.037965695602202, 46.871560369257452 ], [ 1.037703408607253, 46.871555871783364 ], [ 1.03769685004044, 46.87173574541626 ] ], [ [ 1.025691063539086, 46.869909359789141 ], [ 1.025953340620691, 46.869913884665372 ], [ 1.025966535320671, 46.869554139815769 ], [ 1.025704259989373, 46.869549614996124 ], [ 1.025691063539086, 46.869909359789141 ] ], [ [ 1.017646630593363, 46.867430460549905 ], [ 1.017908894326751, 46.867435003674778 ], [ 1.017928765183559, 46.866895388776626 ], [ 1.017404243030618, 46.866886302096752 ], [ 1.017390992356432, 46.867246045255001 ], [ 1.017653255151056, 46.867250588952004 ], [ 1.017646630593363, 46.867430460549905 ] ], [ [ 1.023940977768066, 46.867539329802533 ], [ 1.024203243028735, 46.867543858514821 ], [ 1.024223050883687, 46.867004241575664 ], [ 1.023960788248124, 46.866999712948271 ], [ 1.023954184818309, 46.867179585239455 ], [ 1.023691921371257, 46.867175055983218 ], [ 1.023685317002873, 46.867354928239656 ], [ 1.023947581324959, 46.867359457524167 ], [ 1.023940977768066, 46.867539329802533 ] ], [ [ 1.018977810254145, 46.866913554930264 ], [ 1.019240071681056, 46.866918094967382 ], [ 1.019259928839386, 46.866378479585947 ], [ 1.018997670037458, 46.866373939633931 ], [ 1.019004289837839, 46.866194067855716 ], [ 1.018742031974585, 46.866189527331557 ], [ 1.018728790560166, 46.866549270824862 ], [ 1.018991050173384, 46.86655381140578 ], [ 1.018977810254145, 46.866913554930264 ] ], [ [ 1.02029573364195, 46.866756377209938 ], [ 1.020557994512215, 46.866760914216158 ], [ 1.020564609190005, 46.866581042280544 ], [ 1.020826869248918, 46.866585578657883 ], [ 1.020833482988071, 46.866405706687537 ], [ 1.020308964683875, 46.866396633389002 ], [ 1.02029573364195, 46.866756377209938 ] ], [ [ 1.023200424306618, 46.866266634574288 ], [ 1.023462683251533, 46.866271164889959 ], [ 1.023475892912181, 46.865911420350621 ], [ 1.02321363571722, 46.865906890091544 ], [ 1.023200424306618, 46.866266634574288 ] ], [ [ 1.018775134395846, 46.865290168486325 ], [ 1.019824148731932, 46.865308326412446 ], [ 1.019830765525373, 46.865128454510732 ], [ 1.018781754688998, 46.865110296698099 ], [ 1.018775134395846, 46.865290168486325 ] ], [ [ 1.02244668902754, 46.865353679194307 ], [ 1.022708943406936, 46.865358211169855 ], [ 1.022715550576106, 46.865178338956362 ], [ 1.022453297071648, 46.865173807009135 ], [ 1.02244668902754, 46.865353679194307 ] ], [ [ 1.021666536939788, 46.8651602075646 ], [ 1.02192879025348, 46.865164741313251 ], [ 1.021942009650651, 46.864804997037048 ], [ 1.021679758086804, 46.864800463345055 ], [ 1.021686368564905, 46.864620591225702 ], [ 1.021424117939572, 46.864616056961573 ], [ 1.021417506586561, 46.864795929052619 ], [ 1.021155255149931, 46.864791394159688 ], [ 1.021148642858392, 46.86497126621596 ], [ 1.021673147545098, 46.864980335458021 ], [ 1.021666536939788, 46.8651602075646 ] ], [ [ 1.021942009650651, 46.864804997037048 ], [ 1.022204261278094, 46.864809530128554 ], [ 1.022210870006372, 46.864629657952534 ], [ 1.021948619253841, 46.864625124889344 ], [ 1.021942009650651, 46.864804997037048 ] ], [ [ 1.015399002542662, 46.864331731715147 ], [ 1.015661250827917, 46.86433627976141 ], [ 1.015674511710575, 46.863976536796194 ], [ 1.015412265175063, 46.86397198880676 ], [ 1.015399002542662, 46.864331731715147 ] ], [ [ 1.018021488265006, 46.864377185157387 ], [ 1.018545986174386, 46.864386268640374 ], [ 1.018559227809791, 46.864026525050313 ], [ 1.018296980573003, 46.864021983665801 ], [ 1.018303602170018, 46.863842111889568 ], [ 1.018041355871805, 46.863837569933004 ], [ 1.018021488265006, 46.864377185157387 ] ], [ [ 1.019608217393878, 46.864044684583817 ], [ 1.02039496025049, 46.864058297929247 ], [ 1.020401574848552, 46.863878425926025 ], [ 1.020663821719846, 46.863882962478606 ], [ 1.020670435379403, 46.863703090440637 ], [ 1.020408189382972, 46.86369855391645 ], [ 1.020414803853751, 46.863518681900445 ], [ 1.020152558795817, 46.863514144804164 ], [ 1.020145943450182, 46.863694016791818 ], [ 1.019621451775561, 46.863684940741202 ], [ 1.019608217393878, 46.864044684583817 ] ], [ [ 1.013596453055281, 46.863400522255148 ], [ 1.013858696519466, 46.863405074362298 ], [ 1.013865332797537, 46.863225203049979 ], [ 1.013603090208181, 46.86322065097125 ], [ 1.013596453055281, 46.863400522255148 ] ], [ [ 1.019896929958361, 46.863329735141768 ], [ 1.0201591740778, 46.863334272810135 ], [ 1.020172404450827, 46.862974528802859 ], [ 1.019910162081053, 46.862969991191214 ], [ 1.019896929958361, 46.863329735141768 ] ], [ [ 1.013347485646542, 46.86303622703025 ], [ 1.013609727297222, 46.863040779680958 ], [ 1.013616364322406, 46.862860908384235 ], [ 1.013354123546536, 46.862856355762013 ], [ 1.013347485646542, 46.86303622703025 ] ], [ [ 1.019123435353698, 46.862956374753722 ], [ 1.019647919774936, 46.862965452979147 ], [ 1.019667770105994, 46.862425837090463 ], [ 1.019405530487972, 46.862421298363053 ], [ 1.01941214801246, 46.86224142641575 ], [ 1.019149909332901, 46.862236887116289 ], [ 1.019156527668507, 46.862057015190935 ], [ 1.018894289927408, 46.862052475319459 ], [ 1.018867812703733, 46.862771962868976 ], [ 1.01913005394402, 46.862776502853968 ], [ 1.019123435353698, 46.862956374753722 ] ], [ [ 1.016507644408151, 46.862731075985181 ], [ 1.01676988507494, 46.862735621373965 ], [ 1.016776511474834, 46.862555749723299 ], [ 1.016514271682848, 46.862551204362937 ], [ 1.016507644408151, 46.862731075985181 ] ], [ [ 1.0157275526895, 46.862537564679357 ], [ 1.016252031954625, 46.862546658402152 ], [ 1.016258660040352, 46.862366786801921 ], [ 1.015734182524811, 46.862357693135962 ], [ 1.0157275526895, 46.862537564679357 ] ], [ [ 1.023070285589551, 46.862664658246338 ], [ 1.023594768419756, 46.862673718345619 ], [ 1.023601372010987, 46.862493845951292 ], [ 1.024125853345705, 46.862502903592244 ], [ 1.024132455123788, 46.862323031134913 ], [ 1.023870215299473, 46.86231850264295 ], [ 1.023876817888835, 46.86213863020749 ], [ 1.023614579002845, 46.862134101143411 ], [ 1.023634389014128, 46.86159448388365 ], [ 1.023109916681434, 46.861585424124115 ], [ 1.023070285589551, 46.862664658246338 ] ], [ [ 1.013111798775699, 46.862312188781559 ], [ 1.013636275014818, 46.862321294455704 ], [ 1.01364291178458, 46.862141423133387 ], [ 1.013118437295013, 46.862132317516171 ], [ 1.013111798775699, 46.862312188781559 ] ], [ [ 1.01364291178458, 46.862141423133387 ], [ 1.013905149125148, 46.862145975041408 ], [ 1.013911784956286, 46.861966103684246 ], [ 1.013649548490487, 46.861961551804669 ], [ 1.01364291178458, 46.862141423133387 ] ], [ [ 1.020474331227019, 46.861899833468676 ], [ 1.02073656847527, 46.86190436970935 ], [ 1.020743181434905, 46.861724497601038 ], [ 1.020480945061424, 46.861719961388715 ], [ 1.020474331227019, 46.861899833468676 ] ], [ [ 1.000604607686771, 46.859934492956477 ], [ 1.000866832202786, 46.85993907456924 ], [ 1.000880189862033, 46.859579334561566 ], [ 1.000617967095285, 46.859574753006086 ], [ 1.000604607686771, 46.859934492956477 ] ], [ [ 1.00929795487501, 46.859006143608219 ], [ 1.00956017625922, 46.85901070523834 ], [ 1.009566825873636, 46.858830834256501 ], [ 1.009304605364038, 46.858826272654866 ], [ 1.00929795487501, 46.859006143608219 ] ], [ [ 1.0001269278973, 46.85866623839231 ], [ 1.0003891461625, 46.858670821005269 ], [ 1.000395826323631, 46.858490951017018 ], [ 1.000133608933008, 46.858486368432722 ], [ 1.0001269278973, 46.85866623839231 ] ], [ [ 1.006689062959554, 46.858600752945947 ], [ 1.007475720136101, 46.85861445387409 ], [ 1.007482376619316, 46.858434583107574 ], [ 1.007220158371003, 46.858430016760408 ], [ 1.007226815664756, 46.858250146016047 ], [ 1.007489033038487, 46.858254712334684 ], [ 1.007502345684717, 46.857894970769649 ], [ 1.007240130060123, 46.857890404508105 ], [ 1.007233472894463, 46.858070275265291 ], [ 1.006709040088298, 46.858061140884118 ], [ 1.006689062959554, 46.858600752945947 ] ], [ [ 1.014031219000074, 46.858728418161057 ], [ 1.014293439785308, 46.858732968928237 ], [ 1.014300073528918, 46.858553097421044 ], [ 1.014037853618294, 46.858548546682293 ], [ 1.014031219000074, 46.858728418161057 ] ], [ [ 1.007502345684717, 46.857894970769649 ], [ 1.007764561373346, 46.857899536430935 ], [ 1.007771216725847, 46.857719665610276 ], [ 1.007509001911773, 46.857715099977547 ], [ 1.007502345684717, 46.857894970769649 ] ], [ [ 1.009600072986113, 46.8579314792511 ], [ 1.009862289186743, 46.857936040109877 ], [ 1.009868937542761, 46.857756169061105 ], [ 1.010131152932791, 46.857760729291051 ], [ 1.010137800350292, 46.857580858207363 ], [ 1.010400014929717, 46.857585417808508 ], [ 1.010413307823776, 46.857225675564933 ], [ 1.009364456886159, 46.857207433786471 ], [ 1.009351156995761, 46.85756717580206 ], [ 1.009613371383306, 46.857571737204125 ], [ 1.009600072986113, 46.8579314792511 ] ], [ [ 1.00699788823592, 46.857346225421885 ], [ 1.008046740367775, 46.857364488925143 ], [ 1.008073357127208, 46.856645005413128 ], [ 1.007548937929366, 46.856635875090383 ], [ 1.007562249422964, 46.85627613341007 ], [ 1.007300041669073, 46.856271567405322 ], [ 1.007306698194305, 46.856091696584123 ], [ 1.007044491378933, 46.856087130007644 ], [ 1.007037833979221, 46.856267000800322 ], [ 1.006775626353418, 46.85626243359502 ], [ 1.006748992616086, 46.856981916587536 ], [ 1.007011203739889, 46.856986483906994 ], [ 1.00699788823592, 46.857346225421885 ] ], [ [ 1.008315606972158, 46.857189182403253 ], [ 1.008840031801173, 46.85719830929547 ], [ 1.008846683399462, 46.857018438335096 ], [ 1.009371106735393, 46.857027562769083 ], [ 1.009377756520654, 46.85684769174528 ], [ 1.009639967410066, 46.856852253033345 ], [ 1.009646616256839, 46.856672381974633 ], [ 1.010171036478528, 46.856681502692844 ], [ 1.01016438938078, 46.856861373808563 ], [ 1.010426600462066, 46.856865933295751 ], [ 1.010433246685298, 46.856686062151532 ], [ 1.01069545695601, 46.856690621009946 ], [ 1.010708747461653, 46.856330878645331 ], [ 1.010970956047288, 46.856335436846457 ], [ 1.010977600329723, 46.856155565626075 ], [ 1.01123980810479, 46.856160123198428 ], [ 1.011286310170891, 46.854901024277076 ], [ 1.01154851188866, 46.854905581049834 ], [ 1.011555153910901, 46.854725709721258 ], [ 1.010768551572594, 46.854712037687747 ], [ 1.010788485125597, 46.854172423919991 ], [ 1.011050683217901, 46.854176981779261 ], [ 1.011057326733337, 46.853997110482062 ], [ 1.010795129515423, 46.853992552651256 ], [ 1.010801773841328, 46.853812681376112 ], [ 1.010539577561714, 46.853808122973582 ], [ 1.010526287097214, 46.854167865460447 ], [ 1.01026408913276, 46.8541633064007 ], [ 1.010257442930221, 46.854343177606047 ], [ 1.010519641769071, 46.854347736694294 ], [ 1.010506350920994, 46.854707479142739 ], [ 1.010244150333324, 46.854702919997507 ], [ 1.010230857480669, 46.85506266236338 ], [ 1.009968655208089, 46.855058102560889 ], [ 1.009988597014426, 46.854518489087972 ], [ 1.009201998450193, 46.854504806335584 ], [ 1.009188698730093, 46.854864548486233 ], [ 1.008664296509469, 46.85485542353603 ], [ 1.008677599727222, 46.854495681499429 ], [ 1.008415400461717, 46.854491118181009 ], [ 1.008368831958689, 46.855750214997371 ], [ 1.008106626636155, 46.855745650879037 ], [ 1.008086665122828, 46.856285263618709 ], [ 1.007824457240885, 46.856280698814516 ], [ 1.007817802400591, 46.856460569686412 ], [ 1.008866637810383, 46.856478825415572 ], [ 1.008859986404066, 46.856658696395172 ], [ 1.008597776581111, 46.856654133334779 ], [ 1.008584471827481, 46.857013875217667 ], [ 1.008322260319499, 46.857009311499965 ], [ 1.008315606972158, 46.857189182403253 ] ], [ [ 1.003098055740886, 46.856378300050174 ], [ 1.003360263343617, 46.856382875687878 ], [ 1.003366933050128, 46.856203005301538 ], [ 1.003104726321875, 46.856198429692469 ], [ 1.003098055740886, 46.856378300050174 ] ], [ [ 1.002842519657793, 46.856193853483106 ], [ 1.003104726321875, 46.856198429692469 ], [ 1.00311139683869, 46.856018559328326 ], [ 1.003635808610427, 46.856027709889034 ], [ 1.00362913984255, 46.856207580310354 ], [ 1.003891346699124, 46.856212154718904 ], [ 1.003898014592535, 46.856032284268991 ], [ 1.004160220638789, 46.856036858048682 ], [ 1.004166887593588, 46.855856987563804 ], [ 1.002855862376178, 46.855834112805638 ], [ 1.002842519657793, 46.856193853483106 ] ], [ [ 1.006257871317134, 46.856073426676616 ], [ 1.00652007794034, 46.856077995053894 ], [ 1.00653339604549, 46.855718253563495 ], [ 1.006271191171211, 46.855713685243309 ], [ 1.006257871317134, 46.856073426676616 ] ], [ [ 1.000764903624641, 46.85561761185965 ], [ 1.001289310742941, 46.855626773110586 ], [ 1.001302663569469, 46.855267032738034 ], [ 1.001040461727063, 46.855262452469937 ], [ 1.001033784471486, 46.855442322630807 ], [ 1.00077158181889, 46.855437741733816 ], [ 1.000764903624641, 46.85561761185965 ] ], [ [ 1.008153201260209, 46.854486554262358 ], [ 1.008415400461717, 46.854491118181009 ], [ 1.008435357431602, 46.853951505163671 ], [ 1.008173160853264, 46.85394694133057 ], [ 1.008153201260209, 46.854486554262358 ] ], [ [ 1.011561795869245, 46.854545838386287 ], [ 1.01182399590207, 46.8545503945018 ], [ 1.011830636922108, 46.854370523131969 ], [ 1.012092836144412, 46.854375078618787 ], [ 1.012086195998785, 46.854554950017103 ], [ 1.012610596383846, 46.854564059246954 ], [ 1.012617234780652, 46.854384187791688 ], [ 1.012355035430597, 46.854379633505367 ], [ 1.012361674637942, 46.85419976207217 ], [ 1.01209947622616, 46.854195207214076 ], [ 1.012106116244028, 46.854015335802963 ], [ 1.011843918770518, 46.854010780373081 ], [ 1.011837277878257, 46.854190651755729 ], [ 1.011050683217901, 46.854176981779261 ], [ 1.011044039638555, 46.854356853070065 ], [ 1.011568437763691, 46.854365967044899 ], [ 1.011561795869245, 46.854545838386287 ] ], [ [ 1.003251462869077, 46.852241280201532 ], [ 1.003513650360971, 46.852245855181543 ], [ 1.003533654861254, 46.851706243561267 ], [ 1.003271469992184, 46.851701668667019 ], [ 1.003251462869077, 46.852241280201532 ] ], [ [ 1.004844580168626, 46.85172910902979 ], [ 1.005631136122364, 46.851742821108807 ], [ 1.005644458147035, 46.851383079539367 ], [ 1.005382274513553, 46.851378509503654 ], [ 1.005388936304018, 46.851198638737905 ], [ 1.004864570977813, 46.851189496923148 ], [ 1.004871234452672, 46.851009626208118 ], [ 1.004609052759954, 46.851005054429066 ], [ 1.004589059520338, 46.851544666469216 ], [ 1.004851243835791, 46.851549238333995 ], [ 1.004844580168626, 46.85172910902979 ] ], [ [ 1.001771774335059, 46.849695632465988 ], [ 1.00203394920275, 46.849700210646503 ], [ 1.002040621780648, 46.849520340194736 ], [ 1.001778447787118, 46.849515762042785 ], [ 1.001771774335059, 46.849695632465988 ] ], [ [ 1.002558299130688, 46.849709365207175 ], [ 1.002820474190916, 46.849713941587311 ], [ 1.002827144146325, 46.849534071049696 ], [ 1.002564969960261, 46.849529494698153 ], [ 1.002558299130688, 46.849709365207175 ] ], [ [ 1.000998602202053, 46.849322153642539 ], [ 1.001260775128819, 46.849326733566215 ], [ 1.001267450200775, 46.849146863187443 ], [ 1.001005278148148, 46.849142283292394 ], [ 1.000998602202053, 46.849322153642539 ] ], [ [ 1.000480934235563, 46.849133121701925 ], [ 1.000743106159742, 46.849137702797194 ], [ 1.000749782915755, 46.84895783246931 ], [ 1.000487611865706, 46.848953251402634 ], [ 1.000480934235563, 46.849133121701925 ] ], [ [ 1.000494289431615, 46.84877338109694 ], [ 1.00075645960754, 46.84877796213496 ], [ 1.000763136235097, 46.848598091794223 ], [ 1.000500966933289, 46.848593510784816 ], [ 1.000494289431615, 46.84877338109694 ] ], [ [ 0.998948000324991, 46.848026401666949 ], [ 0.99921016661899, 46.84803098619102 ], [ 0.999216848234132, 46.847851115996484 ], [ 0.99895468281421, 46.847846531501034 ], [ 0.998948000324991, 46.848026401666949 ] ], [ [ 1.000272188611046, 46.847689577661811 ], [ 1.00079651840953, 46.847698739994385 ], [ 1.000803194651749, 46.8475188696152 ], [ 1.001589687208913, 46.847532608527573 ], [ 1.001603034256369, 46.84717286757823 ], [ 1.000554384634342, 46.847154548057212 ], [ 1.000541030594458, 46.847514288777582 ], [ 1.000278866601395, 46.84750970733986 ], [ 1.000272188611046, 46.847689577661811 ] ], [ [ 0.999774577637893, 46.846960931831731 ], [ 1.000036738880336, 46.84696551438369 ], [ 1.000043417487769, 46.846785644064767 ], [ 0.999781257119357, 46.846781061541456 ], [ 0.999774577637893, 46.846960931831731 ] ], [ [ 1.000607798224843, 46.845715584919411 ], [ 1.000869953541947, 46.845720165470752 ], [ 1.000883304549409, 46.84536042456493 ], [ 1.000358997475296, 46.845351262976706 ], [ 1.000352320255744, 46.845531133375552 ], [ 1.000614474634653, 46.845535714498318 ], [ 1.000607798224843, 46.845715584919411 ] ], [ [ 0.999337106316864, 46.844613451398502 ], [ 0.99959925606909, 46.844618034778215 ], [ 0.999612615045202, 46.844258294081854 ], [ 0.999874763113848, 46.844262876804251 ], [ 0.999881441631627, 46.844083006417783 ], [ 0.999357147306388, 46.844073840430269 ], [ 0.999337106316864, 46.844613451398502 ] ], [ [ 1.000130233538626, 46.84444732933531 ], [ 1.000392382609655, 46.844451910886328 ], [ 1.000399059443851, 46.844272040449034 ], [ 1.000136911246734, 46.844267458926637 ], [ 1.000130233538626, 46.84444732933531 ] ] ] } },
{ "type": "Feature", "properties": { "surface_ha": 2.08 }, "geometry": { "type": "Polygon", "coordinates": [ [ [ 1.041740201375782, 46.839947397806988 ], [ 1.041746739172247, 46.839767522735762 ], [ 1.041484606338133, 46.83976303623384 ], [ 1.041497683489967, 46.839403286128352 ], [ 1.042021945725974, 46.839412258420083 ], [ 1.042035019131205, 46.839052508176934 ], [ 1.042559278123659, 46.83906147795669 ], [ 1.042565812984469, 46.838881602769497 ], [ 1.042303684330558, 46.838877118207606 ], [ 1.042310220002253, 46.838697243042049 ], [ 1.042048092284946, 46.838692757908241 ], [ 1.042061165187205, 46.838333007614054 ], [ 1.041799039280224, 46.838328521936376 ], [ 1.041812113678426, 46.837968771672728 ], [ 1.042336362060416, 46.837977742316014 ], [ 1.042329826640166, 46.8381576175071 ], [ 1.042591951799162, 46.838162101956868 ], [ 1.042585417189768, 46.838341977169598 ], [ 1.042847543285333, 46.838346461047465 ], [ 1.042841009486811, 46.838526336281824 ], [ 1.043103136518945, 46.838530819587781 ], [ 1.043096603531314, 46.838710694843797 ], [ 1.043358731500018, 46.838715177577811 ], [ 1.043365263613916, 46.838535302293785 ], [ 1.043627390771717, 46.838539784399842 ], [ 1.043633921949056, 46.83835990908144 ], [ 1.043896048295947, 46.838364390559526 ], [ 1.043889517992334, 46.838544265905966 ], [ 1.044151645275763, 46.838548746812144 ], [ 1.044138586227586, 46.838908497541851 ], [ 1.044400715321302, 46.83891297790408 ], [ 1.044387657769423, 46.839272728664291 ], [ 1.044125526928189, 46.839268248246043 ], [ 1.044132056609289, 46.839088372897152 ], [ 1.04360779686277, 46.839079410316813 ], [ 1.043588202388426, 46.839619036176373 ], [ 1.043326069988087, 46.839614553902237 ], [ 1.043332602416135, 46.839434678650115 ], [ 1.042808339551516, 46.839425712357965 ], [ 1.042801805375915, 46.839605587554082 ], [ 1.04227754101514, 46.839596618806056 ], [ 1.042271005029121, 46.839776493939716 ], [ 1.042008872069247, 46.839772008637716 ], [ 1.042002335146571, 46.839951883736951 ], [ 1.041740201375782, 46.839947397806988 ] ], [ [ 1.042310220002253, 46.838697243042049 ], [ 1.042572347782422, 46.838701727575909 ], [ 1.042578882517522, 46.838521852375933 ], [ 1.042316755611085, 46.838517367870111 ], [ 1.042310220002253, 46.838697243042049 ] ] ] } },
{ "type": "Feature", "properties": { "surface_ha": 1.8 }, "geometry": { "type": "Polygon", "coordinates": [ [ [ 1.057160795722616, 46.84147017796839 ], [ 1.057167282400925, 46.84129030129408 ], [ 1.056905139754017, 46.841285849996083 ], [ 1.056918114671211, 46.840926096683958 ], [ 1.056655973834462, 46.840921644841622 ], [ 1.056662462073325, 46.840741768203813 ], [ 1.056400322172851, 46.840737315789283 ], [ 1.056413300211059, 46.840377562550238 ], [ 1.056151162120706, 46.840373109591347 ], [ 1.056203078767468, 46.838934096603076 ], [ 1.055678816754992, 46.838925189330695 ], [ 1.055685307802491, 46.83874531273414 ], [ 1.055423177763672, 46.838740858225854 ], [ 1.055449144824344, 46.838021351887406 ], [ 1.055711271368165, 46.838025806284342 ], [ 1.055698289710194, 46.838385559521988 ], [ 1.05596041806393, 46.838390013374635 ], [ 1.05595392801505, 46.838569890011762 ], [ 1.056216057304966, 46.838574343292279 ], [ 1.056209568067424, 46.838754219950864 ], [ 1.056471698293521, 46.838758672659282 ], [ 1.056426277999604, 46.840017809285733 ], [ 1.0566884144047, 46.840022261588942 ], [ 1.056681926415465, 46.840202138252216 ], [ 1.0569440637568, 46.840206589983275 ], [ 1.056937576579, 46.840386466668008 ], [ 1.057199714856575, 46.840390917826902 ], [ 1.057193228490228, 46.840570794533065 ], [ 1.05771750698024, 46.840579695106477 ], [ 1.057711022299221, 46.840759571861909 ], [ 1.058235302786453, 46.84076847009095 ], [ 1.058228819790801, 46.840948346895601 ], [ 1.057966678642133, 46.840943898053304 ], [ 1.057953710715983, 46.84130365158795 ], [ 1.057691567881916, 46.841299202090021 ], [ 1.057685082951396, 46.841479078819937 ], [ 1.057160795722616, 46.84147017796839 ] ] ] } },
{ "type": "Feature", "properties": { "surface_ha": 1.16 }, "geometry": { "type": "Polygon", "coordinates": [ [ [ 1.036065066879253, 46.837330312625546 ], [ 1.036078179089726, 46.83697056353347 ], [ 1.036340297495753, 46.836975062212865 ], [ 1.03635340770673, 46.83661531303899 ], [ 1.036615524428534, 46.836619811062249 ], [ 1.036608970228201, 46.836799685680468 ], [ 1.037395323392711, 46.836813176235232 ], [ 1.037401874972144, 46.8366333015327 ], [ 1.037663991946054, 46.836637797156364 ], [ 1.037670542588848, 46.836457922419335 ], [ 1.037932658752135, 46.836462417415056 ], [ 1.037926108982967, 46.83664229218013 ], [ 1.038188226082877, 46.836646786604057 ], [ 1.038181677124349, 46.836826661390866 ], [ 1.0387059132604, 46.836835648495097 ], [ 1.038692818648974, 46.83719539816196 ], [ 1.038430698802158, 46.837190904853614 ], [ 1.038424150528322, 46.837370779649348 ], [ 1.037899909276322, 46.837361791176768 ], [ 1.03790645929748, 46.83718191643721 ], [ 1.036857981044181, 46.837163932405502 ], [ 1.036851427528384, 46.837343807032681 ], [ 1.036065066879253, 46.837330312625546 ] ] ] } },
{ "type": "Feature", "properties": { "surface_ha": 1.28 }, "geometry": { "type": "Polygon", "coordinates": [ [ [ 1.036379627372124, 46.835895814614666 ], [ 1.03638618213086, 46.835715939992625 ], [ 1.035861957612452, 46.835706942427571 ], [ 1.035907851388208, 46.834447820288148 ], [ 1.036169957501005, 46.834452319173806 ], [ 1.036176512628939, 46.8342724445288 ], [ 1.036438617931261, 46.834276942786516 ], [ 1.036445172122636, 46.834097068106999 ], [ 1.036707276614482, 46.834101565736717 ], [ 1.036681062964862, 46.834821064528832 ], [ 1.036943171013845, 46.834825561671131 ], [ 1.036936618317411, 46.835005436381323 ], [ 1.037198727302967, 46.835009932951856 ], [ 1.037192175417069, 46.835189807683768 ], [ 1.036930065557956, 46.835185311085127 ], [ 1.036923512735476, 46.835365185782493 ], [ 1.037185623468155, 46.835369682409265 ], [ 1.037179071456225, 46.835549557128381 ], [ 1.036916959849971, 46.835545060473521 ], [ 1.036910406901441, 46.835724935158204 ], [ 1.036648294484632, 46.835720437875331 ], [ 1.036641740599485, 46.835900312525489 ], [ 1.036379627372124, 46.835895814614666 ] ] ] } }
]
}
