{
"type": "FeatureCollection",
"name": "perimetre",
"crs": { "type": "name", "properties": { "name": "urn:ogc:def:crs:OGC:1.3:CRS84" } },
"features": [
{ "type": "Feature", "properties": { "surface_ha": 12.56 }, "geometry": { "type": "Polygon", "coordinates": [ [ [ 4.590396802753909, 48.803752866233943 ], [ 4.590391114654906, 48.803573017141645 ], [ 4.59011885038602, 48.803576774178843 ], [ 4.590113163316075, 48.803396925056788 ], [ 4.589840899963648, 48.803400681427505 ], [ 4.589835213922746, 48.803220832275663 ], [ 4.589562951486782, 48.803224587979884 ], [ 4.58955158151929, 48.802864889610561 ], [ 4.589279320972516, 48.802868644624695 ], [ 4.589273637045898, 48.802688795407178 ], [ 4.589001377415578, 48.802692549754845 ], [ 4.588995694517932, 48.802512700507606 ], [ 4.588723435804068, 48.802516454188805 ], [ 4.588717753935377, 48.802336604911787 ], [ 4.588445496137971, 48.802340357926568 ], [ 4.588439815298213, 48.802160508619806 ], [ 4.588167558417267, 48.802164260968119 ], [ 4.588161878606424, 48.801984411631629 ], [ 4.587889622641938, 48.801988163313538 ], [ 4.587878265134252, 48.801628464574932 ], [ 4.587606011058893, 48.801632215566791 ], [ 4.587600333362023, 48.801452366164682 ], [ 4.587328080203117, 48.801456116490151 ], [ 4.587322403535093, 48.801276267058299 ], [ 4.587050151292646, 48.801280016717349 ], [ 4.587044475653447, 48.80110016725579 ], [ 4.586772224327457, 48.801103916248458 ], [ 4.586766549717066, 48.800924066757162 ], [ 4.586494299307534, 48.800927815083426 ], [ 4.586482952200494, 48.800568116035301 ], [ 4.586210703680032, 48.800571863671607 ], [ 4.586205031183349, 48.800392014114742 ], [ 4.585932783579342, 48.800395761084708 ], [ 4.5859271121114, 48.800215911498157 ], [ 4.585654865423846, 48.80021965780174 ], [ 4.585649194984625, 48.800039808185474 ], [ 4.585376949213525, 48.800043553822704 ], [ 4.585371279803006, 48.799863704176744 ], [ 4.585099034948366, 48.799867449147655 ], [ 4.585087698240796, 48.799507749790202 ], [ 4.584815455275171, 48.799511494071197 ], [ 4.584809787978091, 48.799331644359718 ], [ 4.584537545928917, 48.799335387974374 ], [ 4.584531879660472, 48.799155538233244 ], [ 4.584259638527749, 48.799159281181595 ], [ 4.584248308104164, 48.798799581633773 ], [ 4.583976068860416, 48.798803323892265 ], [ 4.583970404705244, 48.798623474085616 ], [ 4.583698166377943, 48.798627215677847 ], [ 4.583692503251337, 48.798447365841504 ], [ 4.583420265840483, 48.79845110676743 ], [ 4.583414603742425, 48.79827125690143 ], [ 4.58314236724802, 48.798274997161052 ], [ 4.583102740937965, 48.797016047762725 ], [ 4.583374970625185, 48.797012307667821 ], [ 4.583363647381757, 48.796652607831589 ], [ 4.583635875068118, 48.796648867141037 ], [ 4.58364153763422, 48.7968287170387 ], [ 4.58391376623694, 48.796824975681901 ], [ 4.583919429831502, 48.797004825549855 ], [ 4.584191659350577, 48.797001083526787 ], [ 4.584197323973623, 48.797180933365091 ], [ 4.584469554409057, 48.797177190675761 ], [ 4.5844752200606, 48.7973570404844 ], [ 4.584747451412388, 48.797353297128815 ], [ 4.584758784828608, 48.797712996680517 ], [ 4.585303251253692, 48.797705507946958 ], [ 4.585314588784126, 48.798065207379928 ], [ 4.585586823857438, 48.79806146200189 ], [ 4.585592493679298, 48.798241311685608 ], [ 4.585864729668966, 48.798237565641323 ], [ 4.585870400519432, 48.798417415295326 ], [ 4.586142637425457, 48.798413668584686 ], [ 4.586148309304551, 48.79859351820901 ], [ 4.586420547126932, 48.798589770832052 ], [ 4.586431892998561, 48.798949470015103 ], [ 4.586704132709807, 48.79894572194825 ], [ 4.586709806702373, 48.799125571507027 ], [ 4.586982047329982, 48.799121822773813 ], [ 4.58698772235124, 48.799301672302832 ], [ 4.587259963895209, 48.799297922903271 ], [ 4.587265639945183, 48.799477772402582 ], [ 4.587537882405509, 48.799474022336682 ], [ 4.587543559484216, 48.799653871806257 ], [ 4.587815802860898, 48.799650121073995 ], [ 4.587827159132018, 48.800009819947547 ], [ 4.588099404397624, 48.800006068525263 ], [ 4.588105083590067, 48.800185917929255 ], [ 4.588377329772037, 48.800182165840631 ], [ 4.58838300999328, 48.800362015214844 ], [ 4.588655257091611, 48.800358262459824 ], [ 4.588660938341675, 48.800538111804315 ], [ 4.588933186356366, 48.800534358382869 ], [ 4.588938868635268, 48.800714207697624 ], [ 4.589211117566317, 48.800710453609767 ], [ 4.589222484238097, 48.801070152173615 ], [ 4.589494735058125, 48.801066397395729 ], [ 4.589500419451032, 48.801246246644823 ], [ 4.589772671187424, 48.80124249120049 ], [ 4.589778356609237, 48.801422340419833 ], [ 4.590050609261993, 48.801418584309076 ], [ 4.59006198221976, 48.801778282682044 ], [ 4.590334236761535, 48.801774525881228 ], [ 4.59033992429752, 48.801954375034882 ], [ 4.590612179755664, 48.801950617567584 ], [ 4.590617868320625, 48.802130466691459 ], [ 4.590890124695137, 48.802126708557708 ], [ 4.59089581428909, 48.802306557651818 ], [ 4.591440328814518, 48.802299039408531 ], [ 4.591451712062181, 48.802658737483689 ], [ 4.591996230253044, 48.802651216574461 ], [ 4.592007617616936, 48.803010914530446 ], [ 4.591735356604246, 48.803014675353815 ], [ 4.591741049398, 48.803194524346239 ], [ 4.591468787356228, 48.803198284550419 ], [ 4.591474479233592, 48.803378133560386 ], [ 4.591202216162739, 48.803381893145392 ], [ 4.591207907123696, 48.803561742172882 ], [ 4.590935643023752, 48.803565501138642 ], [ 4.590941333068281, 48.803745350183661 ], [ 4.590396802753909, 48.803752866233943 ] ] ] } },
{ "type": "Feature", "properties": { "surface_ha": 7.52 }, "geometry": { "type": "Polygon", "coordinates": [ [ [ 4.530088021586124, 48.800071190869545 ], [ 4.5300825498394, 48.799891336498845 ], [ 4.529538045472255, 48.799898564634766 ], [ 4.52953257572503, 48.799718710212495 ], [ 4.528443570231792, 48.799733158679523 ], [ 4.528438104429357, 48.799553304160241 ], [ 4.527621352659299, 48.799564133692719 ], [ 4.527615889828929, 48.799384279099193 ], [ 4.526799140490176, 48.79939510277817 ], [ 4.526793680631818, 48.79921524811045 ], [ 4.526521431716781, 48.799218854695127 ], [ 4.526515972885109, 48.799038999998643 ], [ 4.526243724888674, 48.799042605917784 ], [ 4.526232809332681, 48.798682896461123 ], [ 4.526505055383864, 48.79867929058733 ], [ 4.526494138098748, 48.798319581151659 ], [ 4.526766382150688, 48.798315974680442 ], [ 4.526760922616587, 48.798136119976149 ], [ 4.527033165641897, 48.79813251288487 ], [ 4.527027705189254, 48.797952658197154 ], [ 4.527299947187936, 48.797949050485755 ], [ 4.527294485816771, 48.797769195814681 ], [ 4.527566726788826, 48.797765587483191 ], [ 4.527561264499162, 48.797585732828715 ], [ 4.527833504444589, 48.797582123877156 ], [ 4.52782804123644, 48.797402269239292 ], [ 4.528100280155242, 48.797398659667657 ], [ 4.52809481602863, 48.797218805046413 ], [ 4.528639291758894, 48.797211584020282 ], [ 4.528644757830585, 48.797391438596136 ], [ 4.528916996587104, 48.797387827096216 ], [ 4.528922463685445, 48.797567681643201 ], [ 4.529466942981226, 48.797560456669579 ], [ 4.529472412078789, 48.797740311165029 ], [ 4.529744652618037, 48.79773669769132 ], [ 4.529750122742302, 48.797916552157943 ], [ 4.53029460560348, 48.797909323236709 ], [ 4.530300077727033, 48.798089177651732 ], [ 4.530844562316699, 48.798081946113854 ], [ 4.530850036439579, 48.798261800477299 ], [ 4.531122279625718, 48.798258183721437 ], [ 4.531127754775372, 48.79843803805602 ], [ 4.531399998879907, 48.798434420634592 ], [ 4.531421903910925, 48.799153837820867 ], [ 4.531149655915938, 48.799157455333336 ], [ 4.531171557923668, 48.799876872513074 ], [ 4.530899305983878, 48.799880489473757 ], [ 4.530904780648633, 48.800060343776217 ], [ 4.530088021586124, 48.800071190869545 ] ] ] } },
{ "type": "Feature", "properties": { "surface_ha": 4.08 }, "geometry": { "type": "Polygon", "coordinates": [ [ [ 4.573086453239949, 48.798952487169537 ], [ 4.573080827985776, 48.798772636424381 ], [ 4.572264106132851, 48.798783782141761 ], [ 4.572258483851949, 48.798603931320379 ], [ 4.571169524492452, 48.798618783184715 ], [ 4.571163906157296, 48.798438932263778 ], [ 4.57061942808889, 48.798446354292665 ], [ 4.570613811754376, 48.798266503318878 ], [ 4.569797097152413, 48.798277631471535 ], [ 4.569791483791015, 48.798097780421628 ], [ 4.568974771606523, 48.798108902719498 ], [ 4.568969161218189, 48.797929051593478 ], [ 4.568152451451415, 48.797940168036646 ], [ 4.56814684403609, 48.797760316834534 ], [ 4.567602372525702, 48.797767724536293 ], [ 4.567596767110848, 48.797587873281493 ], [ 4.566507827314306, 48.797602680878839 ], [ 4.566502225844847, 48.797422829524763 ], [ 4.565957757558834, 48.797430229420407 ], [ 4.565935360015065, 48.796710823756563 ], [ 4.566207590295964, 48.796707124223204 ], [ 4.566213190571215, 48.796886975625078 ], [ 4.567029883998607, 48.796875873098813 ], [ 4.567035487246638, 48.797055724424709 ], [ 4.567852183092238, 48.797044616043998 ], [ 4.567857789313103, 48.797224467293873 ], [ 4.568402254877647, 48.797217058446492 ], [ 4.568407863098932, 48.797396909643624 ], [ 4.569224563946793, 48.797385791482085 ], [ 4.56923017514101, 48.797565642603146 ], [ 4.570046878406433, 48.797554518586992 ], [ 4.570052492573632, 48.797734369631939 ], [ 4.570869198256372, 48.797723239761098 ], [ 4.570874815396604, 48.797903090729911 ], [ 4.571691523496419, 48.797891955004346 ], [ 4.571697143609737, 48.798071805896946 ], [ 4.572513854126384, 48.798060664316544 ], [ 4.572519477212839, 48.798240515132953 ], [ 4.573336190146074, 48.798229367697694 ], [ 4.57334181620572, 48.798409218437833 ], [ 4.573886293161142, 48.798401783553793 ], [ 4.573891921221511, 48.79858163424101 ], [ 4.574436399899142, 48.798574196739153 ], [ 4.574442029960273, 48.798754047373443 ], [ 4.574169789676788, 48.79875776646918 ], [ 4.574175418821111, 48.798937617120743 ], [ 4.573086453239949, 48.798952487169537 ] ] ] } },
{ "type": "Feature", "properties": { "surface_ha": 4.16 }, "geometry": { "type": "Polygon", "coordinates": [ [ [ 4.528197662674298, 48.791639699275088 ], [ 4.528192199305814, 48.791459844481409 ], [ 4.527919992529783, 48.791463453946271 ], [ 4.527914530187591, 48.791283599123773 ], [ 4.527642324329722, 48.79128720792329 ], [ 4.527636863013803, 48.791107353072022 ], [ 4.52790906789946, 48.791103744295192 ], [ 4.527903605665389, 48.790923889460501 ], [ 4.528175809524785, 48.790920280063744 ], [ 4.528170346372582, 48.79074042524568 ], [ 4.527353737548807, 48.790751251439929 ], [ 4.527348277367222, 48.790571396547634 ], [ 4.527076075290057, 48.790575003971128 ], [ 4.527086993762883, 48.790934713795011 ], [ 4.526270381374097, 48.790945532345837 ], [ 4.526264925027255, 48.790765677368896 ], [ 4.526537128238669, 48.790762071850594 ], [ 4.526526213762627, 48.790402361923739 ], [ 4.526798414975667, 48.790398755808205 ], [ 4.526792956846495, 48.790218900858328 ], [ 4.527065157033349, 48.790215294122852 ], [ 4.52705969798604, 48.790035439189566 ], [ 4.527331897146709, 48.790031831834185 ], [ 4.52732643718128, 48.78985197691749 ], [ 4.52759863531577, 48.789848368942209 ], [ 4.527593174432239, 48.789668514042134 ], [ 4.527865371540545, 48.789664905446955 ], [ 4.527859909738939, 48.789485050563457 ], [ 4.528132105821064, 48.789481441348372 ], [ 4.528137568594795, 48.78966129620914 ], [ 4.528409765594981, 48.789657686328766 ], [ 4.528393374519633, 48.789118121796321 ], [ 4.528937762525087, 48.789110900244047 ], [ 4.528943228107003, 48.789290755048853 ], [ 4.529487617840295, 48.789283530880816 ], [ 4.529493085420531, 48.789463385634072 ], [ 4.529765281178124, 48.789459772563418 ], [ 4.529792624751698, 48.790359046124586 ], [ 4.530064825315866, 48.790355432297659 ], [ 4.530070295165124, 48.790535286968861 ], [ 4.529798093628785, 48.790538900818518 ], [ 4.529803562560001, 48.790718755506354 ], [ 4.530075765068516, 48.790715141633946 ], [ 4.530086705037712, 48.791074850945868 ], [ 4.529814500584812, 48.79107846486373 ], [ 4.529819969678409, 48.791258319533263 ], [ 4.529275558665819, 48.791265545486596 ], [ 4.529286493126514, 48.791625254898292 ], [ 4.529014285594602, 48.791628866956451 ], [ 4.529008819309428, 48.791449012230913 ], [ 4.528736612695645, 48.791452623623734 ], [ 4.528742078008589, 48.791632478371973 ], [ 4.528197662674298, 48.791639699275088 ] ], [ [ 4.528181272731055, 48.79110013487572 ], [ 4.528453477508581, 48.791096524813632 ], [ 4.528448013330108, 48.790916670024387 ], [ 4.528175809524785, 48.790920280063744 ], [ 4.528181272731055, 48.79110013487572 ] ], [ [ 4.529242756582349, 48.790186417105069 ], [ 4.529514956282601, 48.790182804586138 ], [ 4.529504020743336, 48.789823095122294 ], [ 4.529231822987378, 48.789826707595786 ], [ 4.529242756582349, 48.790186417105069 ] ], [ [ 4.52868196254109, 48.789654075805764 ], [ 4.528954159433116, 48.789650464640197 ], [ 4.528948693743015, 48.789470609847584 ], [ 4.52867649782311, 48.789474220990428 ], [ 4.52868196254109, 48.789654075805764 ] ] ] } },
{ "type": "Feature", "properties": { "surface_ha": 1.36 }, "geometry": { "type": "Polygon", "coordinates": [ [ [ 4.525720518442427, 48.790772886477612 ], [ 4.525715064093964, 48.790593031449212 ], [ 4.525442861692759, 48.790596635016961 ], [ 4.525437408370456, 48.790416779959763 ], [ 4.52516520688746, 48.790420382862237 ], [ 4.525154302349099, 48.790060672684262 ], [ 4.524882102756474, 48.790064274898789 ], [ 4.524876651540385, 48.78988441977797 ], [ 4.524604452865962, 48.789888021327236 ], [ 4.524588102457799, 48.789348455860292 ], [ 4.524860298215825, 48.789344854379024 ], [ 4.524871200378249, 48.789704564651089 ], [ 4.525687793161357, 48.789693756215719 ], [ 4.525682339136774, 48.789513901150734 ], [ 4.525137945946262, 48.78952110737157 ], [ 4.525127041947497, 48.789161397132638 ], [ 4.525399236625504, 48.789157794388863 ], [ 4.525388330898373, 48.78879808417085 ], [ 4.525660523578216, 48.788794480829793 ], [ 4.525665977386892, 48.788974335919178 ], [ 4.526210364528827, 48.788967127264016 ], [ 4.52621582033568, 48.789146982301929 ], [ 4.525943625819604, 48.789150586973484 ], [ 4.525954535651068, 48.789510297076404 ], [ 4.526226732111375, 48.789506692359481 ], [ 4.526232188080217, 48.789686547379119 ], [ 4.525959990647783, 48.789690152118716 ], [ 4.525965445698483, 48.789870007154924 ], [ 4.525693247239917, 48.789873611274587 ], [ 4.525698701372457, 48.790053466327386 ], [ 4.525970900803173, 48.790049862185057 ], [ 4.525976355961853, 48.790229717209087 ], [ 4.526248556310737, 48.790226112401434 ], [ 4.526264925027255, 48.790765677368896 ], [ 4.525720518442427, 48.790772886477612 ] ] ] } },
{ "type": "Feature", "properties": { "surface_ha": 2.0 }, "geometry": { "type": "Polygon", "coordinates": [ [ [ 4.535786514908036, 48.79045924768225 ], [ 4.535770044277151, 48.789919685085572 ], [ 4.535497846796116, 48.789923312361637 ], [ 4.535503335979941, 48.790103166589454 ], [ 4.534958938910632, 48.790110419259413 ], [ 4.534953451671081, 48.78993056498598 ], [ 4.535225649260756, 48.789926938995094 ], [ 4.535209184951588, 48.789387376206605 ], [ 4.535481379570601, 48.789383749641573 ], [ 4.535470401691878, 48.789024041131022 ], [ 4.535742594312383, 48.789020413969062 ], [ 4.535731614706806, 48.788660705479742 ], [ 4.536003805328836, 48.788657077720863 ], [ 4.535998314635486, 48.788477223489892 ], [ 4.536542693772406, 48.788469966090055 ], [ 4.536537201189303, 48.788290111898618 ], [ 4.536809389704183, 48.78828648225771 ], [ 4.536825870532732, 48.788826044745193 ], [ 4.536553679101687, 48.788829674454625 ], [ 4.53656466464841, 48.789189382794774 ], [ 4.536836858023614, 48.789185753039668 ], [ 4.536842351850612, 48.789365607177729 ], [ 4.537386740382079, 48.789358345694112 ], [ 4.537392236207651, 48.789538199780388 ], [ 4.537120040997007, 48.789541830866355 ], [ 4.537125535904861, 48.789721684969379 ], [ 4.537397732087618, 48.789718053860568 ], [ 4.537419716151408, 48.790437470120281 ], [ 4.537147516080112, 48.790441101320454 ], [ 4.537136525883717, 48.790081393157138 ], [ 4.536864327702327, 48.790085023669015 ], [ 4.536858833657837, 48.789905169555347 ], [ 4.536042241703852, 48.789916057166913 ], [ 4.536058715251163, 48.790455619695109 ], [ 4.535786514908036, 48.79045924768225 ] ], [ [ 4.536581143376211, 48.789728945259199 ], [ 4.53685333966772, 48.789725315435597 ], [ 4.536847845731981, 48.789545461309714 ], [ 4.536575650412582, 48.78954909111048 ], [ 4.536581143376211, 48.789728945259199 ] ], [ [ 4.536009296076526, 48.788836931945752 ], [ 4.536281487616281, 48.788833303521479 ], [ 4.536275995896526, 48.788653449319405 ], [ 4.536003805328836, 48.788657077720863 ], [ 4.536009296076526, 48.788836931945752 ] ] ] } },
{ "type": "Feature", "properties": { "surface_ha": 1.6 }, "geometry": { "type": "Polygon", "coordinates": [ [ [ 4.539030908041572, 48.789696253713402 ], [ 4.539025406328953, 48.789516399770349 ], [ 4.538753211444805, 48.789520034711828 ], [ 4.53873670954991, 48.788980472777517 ], [ 4.538192325450834, 48.788987740595523 ], [ 4.538186826872218, 48.788807886559475 ], [ 4.537370253231704, 48.788818783398611 ], [ 4.537364757623693, 48.788638929287906 ], [ 4.537092567273459, 48.788642560259632 ], [ 4.537081578164696, 48.788282851974238 ], [ 4.53762595492258, 48.788275589479596 ], [ 4.53761496214321, 48.787915881261156 ], [ 4.537887148496505, 48.787912249095704 ], [ 4.537903640663254, 48.788451811345624 ], [ 4.537631451393859, 48.788455443579657 ], [ 4.537636947919535, 48.788635297673601 ], [ 4.538453518480643, 48.788624398975323 ], [ 4.538448019038811, 48.788444544949954 ], [ 4.538175829878241, 48.788448178469082 ], [ 4.538159334795395, 48.787908616287716 ], [ 4.538431521039871, 48.787904982837162 ], [ 4.538442519651406, 48.78826469091846 ], [ 4.538714707785508, 48.788261056779618 ], [ 4.538703707229923, 48.78790134874405 ], [ 4.538975893365542, 48.787897714008409 ], [ 4.538986895865179, 48.788257421998239 ], [ 4.539259083890403, 48.788253786574295 ], [ 4.539275590964341, 48.788793348444628 ], [ 4.539547781851257, 48.788789712309509 ], [ 4.539553285290214, 48.788969566231209 ], [ 4.539825477094729, 48.788965929430596 ], [ 4.539836486080209, 48.789325637209927 ], [ 4.539292098528387, 48.789332910260029 ], [ 4.539303103843378, 48.789692618106464 ], [ 4.539030908041572, 48.789696253713402 ] ], [ [ 4.538725708558838, 48.788620764790778 ], [ 4.538997898582593, 48.788617129963633 ], [ 4.538992397196663, 48.788437275983988 ], [ 4.538720208144955, 48.788440910788246 ], [ 4.538725708558838, 48.788620764790778 ] ] ] } },
{ "type": "Feature", "properties": { "surface_ha": 11.96 }, "geometry": { "type": "Polygon", "coordinates": [ [ [ 4.557584642521161, 48.790886387446889 ], [ 4.557579074266041, 48.790706535117394 ], [ 4.557034676338072, 48.790713892118255 ], [ 4.557029110082315, 48.79053403973635 ], [ 4.556212515693603, 48.790545070348735 ], [ 4.556206952409293, 48.790365217891349 ], [ 4.555662557819078, 48.790372568373712 ], [ 4.555656996534054, 48.790192715863952 ], [ 4.554840407152294, 48.790203736698743 ], [ 4.554834848838619, 48.790023884113538 ], [ 4.554290457586591, 48.790031228077602 ], [ 4.554284901272116, 48.78985137544008 ], [ 4.553468316897962, 48.789862386497511 ], [ 4.553462763554742, 48.789682533784585 ], [ 4.552918375641331, 48.789689871230479 ], [ 4.552912824297233, 48.789510018465251 ], [ 4.55236843810822, 48.789517353294698 ], [ 4.552362888763205, 48.789337500477224 ], [ 4.551818504298655, 48.789344832690233 ], [ 4.551812956952689, 48.789164979820519 ], [ 4.551268574212664, 48.789172309417118 ], [ 4.551263028865709, 48.788992456495201 ], [ 4.550446457260257, 48.789003446001708 ], [ 4.550440914884327, 48.78882359300453 ], [ 4.55016872521151, 48.788827254865183 ], [ 4.550157642568268, 48.788467548806395 ], [ 4.550429830297016, 48.788463886991813 ], [ 4.550418745929105, 48.788104180954662 ], [ 4.550690931658975, 48.78810051854358 ], [ 4.550679845566467, 48.787740812528071 ], [ 4.550952029297489, 48.787737149520559 ], [ 4.550940941480454, 48.787377443526687 ], [ 4.551485304889989, 48.787370115676239 ], [ 4.551490850715013, 48.787549968630138 ], [ 4.552035215848951, 48.787542638163501 ], [ 4.552040763672816, 48.787722491065153 ], [ 4.552857313877846, 48.787711490477008 ], [ 4.552862864672575, 48.787891343303336 ], [ 4.553407233145244, 48.787884006319054 ], [ 4.553412785938894, 48.788063859093114 ], [ 4.554229341151704, 48.788052848728434 ], [ 4.554234896916311, 48.788232701427106 ], [ 4.554779268727284, 48.788225357925057 ], [ 4.554784826490894, 48.788405210571426 ], [ 4.555601386710832, 48.788394190429969 ], [ 4.555606947445501, 48.788574043000892 ], [ 4.556151322594345, 48.78856669298095 ], [ 4.556156885328093, 48.788746545499492 ], [ 4.556973450554517, 48.788735515581109 ], [ 4.556979016259418, 48.788915368024135 ], [ 4.557523394745703, 48.78890801148615 ], [ 4.557528962449768, 48.789087863876787 ], [ 4.558073342659728, 48.789080504722264 ], [ 4.558078912362993, 48.789260357060492 ], [ 4.558623294296559, 48.789252995289438 ], [ 4.558628865999063, 48.789432847575235 ], [ 4.559173249656175, 48.789425483187571 ], [ 4.55917882335795, 48.789605335420923 ], [ 4.559451016075835, 48.789601652240066 ], [ 4.559456590804848, 48.789781504444136 ], [ 4.55918439711489, 48.789785187648128 ], [ 4.559189970926989, 48.789965039869266 ], [ 4.558917776209784, 48.789968722453885 ], [ 4.558934495060759, 48.790508279150025 ], [ 4.558662297372087, 48.79051196116157 ], [ 4.558673441604258, 48.790871665641419 ], [ 4.557584642521161, 48.790886387446889 ] ] ] } },
{ "type": "Feature", "properties": { "surface_ha": 3.08 }, "geometry": { "type": "Polygon", "coordinates": [ [ [ 4.591036369481283, 48.789529741838365 ], [ 4.591030681940171, 48.789349892355936 ], [ 4.59075849471431, 48.789353650096352 ], [ 4.590752808201477, 48.78917380058413 ], [ 4.590480621891333, 48.789177557658377 ], [ 4.590474936406758, 48.788997708116391 ], [ 4.590202751012328, 48.789001464524461 ], [ 4.590197066555998, 48.788821614952695 ], [ 4.589924882077287, 48.788825370694632 ], [ 4.589913515277313, 48.78846567148544 ], [ 4.589641332686277, 48.788469426537574 ], [ 4.589635650342604, 48.788289576900127 ], [ 4.589363468667282, 48.78829333128617 ], [ 4.589357787351782, 48.788113481618993 ], [ 4.589085606592172, 48.788117235338859 ], [ 4.589079926304827, 48.787937385641925 ], [ 4.588807746460931, 48.787941138695693 ], [ 4.588802067201719, 48.787761288969016 ], [ 4.588529888273542, 48.787765041356657 ], [ 4.588524210042445, 48.787585191600243 ], [ 4.588252032029985, 48.787588943321794 ], [ 4.588240677680166, 48.787229243743333 ], [ 4.587968501555319, 48.787232994775152 ], [ 4.587962825436568, 48.787053144953134 ], [ 4.587690650227432, 48.787056895318898 ], [ 4.587684975136727, 48.786877045467151 ], [ 4.587412800843305, 48.786880795166823 ], [ 4.58740712678063, 48.786700945285325 ], [ 4.587134953402923, 48.786704694318971 ], [ 4.587129280368253, 48.786524844407737 ], [ 4.586857107906263, 48.786528592775269 ], [ 4.586845763949037, 48.786168892887311 ], [ 4.586573593374601, 48.786172640565226 ], [ 4.586567922452016, 48.785992790588466 ], [ 4.58629575279329, 48.78599653760034 ], [ 4.586290082898643, 48.785816687593851 ], [ 4.586017914155629, 48.785820433939698 ], [ 4.58600657647828, 48.785460733861221 ], [ 4.586278743277678, 48.785456987562533 ], [ 4.586273073551359, 48.785277137537669 ], [ 4.586545239322859, 48.785273390620091 ], [ 4.58655091002097, 48.785453240621379 ], [ 4.586823076708143, 48.785449493037788 ], [ 4.586828748434174, 48.785629343009354 ], [ 4.587100916037021, 48.785625594759729 ], [ 4.587106588790988, 48.785805444701602 ], [ 4.587378757309507, 48.785801695785921 ], [ 4.587390104929506, 48.78616139560409 ], [ 4.587662275335522, 48.786157645998777 ], [ 4.587667950201583, 48.786337495875067 ], [ 4.587940121523276, 48.786333745603677 ], [ 4.587945797417345, 48.786513595450245 ], [ 4.588217969654713, 48.786509844512786 ], [ 4.588223646576806, 48.786689694329624 ], [ 4.588495819729851, 48.786685942726109 ], [ 4.588501497679986, 48.786865792513204 ], [ 4.588773671748705, 48.786862040243612 ], [ 4.588785029761306, 48.787221739752169 ], [ 4.589057205717576, 48.787217986792861 ], [ 4.589062885780071, 48.787397836514323 ], [ 4.589335062652022, 48.787394082888895 ], [ 4.589340743742627, 48.787573932580621 ], [ 4.589612921530255, 48.787570178289094 ], [ 4.589618603648994, 48.787750027951063 ], [ 4.589890782352297, 48.787746272993402 ], [ 4.589902148702318, 48.788105972251678 ], [ 4.590174329293225, 48.78810221660428 ], [ 4.590180013524537, 48.788282066200594 ], [ 4.590452195031128, 48.788278309887033 ], [ 4.590457880290638, 48.788458159453583 ], [ 4.59073006271291, 48.788454402473874 ], [ 4.590735749000638, 48.788634252010652 ], [ 4.591007932338588, 48.788630494364789 ], [ 4.591019307026809, 48.788990193372619 ], [ 4.59129149225241, 48.788986435036961 ], [ 4.591308557622857, 48.789525983431759 ], [ 4.591036369481283, 48.789529741838365 ] ] ] } },
{ "type": "Feature", "properties": { "surface_ha": 21.76 }, "geometry": { "type": "Polygon", "coordinates": [ [ [ 4.606897864417428, 48.791648716943698 ], [ 4.606892119762403, 48.791468868919281 ], [ 4.606619923180848, 48.791472664236672 ], [ 4.60661417955475, 48.791292816182214 ], [ 4.606341983888427, 48.79129661083315 ], [ 4.60633624129124, 48.791116762748672 ], [ 4.606064046540151, 48.791120556733183 ], [ 4.606058304971857, 48.790940708618706 ], [ 4.605786111135998, 48.790944501936764 ], [ 4.605780370596575, 48.790764653792273 ], [ 4.605508177675956, 48.790768446443927 ], [ 4.605502438165384, 48.79058859826943 ], [ 4.604958054097828, 48.790596181597373 ], [ 4.604952316588121, 48.790416333369024 ], [ 4.604680125441195, 48.790420124045305 ], [ 4.604674388960293, 48.79024027578695 ], [ 4.604402198728619, 48.790244065796848 ], [ 4.604396463276505, 48.790064217508551 ], [ 4.604124273960081, 48.790068006852024 ], [ 4.604118539536733, 48.789888158533728 ], [ 4.603846351135563, 48.78989194721084 ], [ 4.603840617740961, 48.789712098862537 ], [ 4.603568430255048, 48.789715886873324 ], [ 4.603562697889172, 48.789536038495029 ], [ 4.603290511318517, 48.789539825839434 ], [ 4.603284779981352, 48.789359977431189 ], [ 4.603012594325953, 48.789363764109233 ], [ 4.603006864017479, 48.789183915671046 ], [ 4.602734679277338, 48.789187701682728 ], [ 4.602728949997534, 48.789007853214557 ], [ 4.602456766172655, 48.789011638559948 ], [ 4.6024510379215, 48.788831790061785 ], [ 4.60190667204559, 48.788839358777359 ], [ 4.601900945795011, 48.788659510225457 ], [ 4.601628763743991, 48.788663293595675 ], [ 4.601623038522016, 48.788483445013824 ], [ 4.60135085738627, 48.788487227717731 ], [ 4.601345133192881, 48.788307379105952 ], [ 4.601072952972411, 48.788311161143554 ], [ 4.601067229807587, 48.788131312501811 ], [ 4.600795050502398, 48.78813509387313 ], [ 4.600789328366118, 48.787955245201459 ], [ 4.600517149976207, 48.787959025906488 ], [ 4.600511428868455, 48.787779177204904 ], [ 4.600239251393827, 48.787782957243671 ], [ 4.600233531314583, 48.787603108512137 ], [ 4.599689178139294, 48.787610666614604 ], [ 4.599683460060421, 48.787430817829403 ], [ 4.599411284359773, 48.787434595893124 ], [ 4.599405567309359, 48.787254747078009 ], [ 4.599133392524007, 48.787258524475476 ], [ 4.599127676502035, 48.787078675630475 ], [ 4.598855502631979, 48.787082452361695 ], [ 4.59884978763843, 48.786902603486766 ], [ 4.598577614683673, 48.78690637955178 ], [ 4.598566186809925, 48.786546681736027 ], [ 4.598838357820998, 48.786542905718534 ], [ 4.598832642997116, 48.786363056825181 ], [ 4.599104812979807, 48.786359280188996 ], [ 4.599093381558079, 48.785999582431437 ], [ 4.599365549540584, 48.785995805200322 ], [ 4.599359832942769, 48.78581595633608 ], [ 4.599631999896905, 48.785812178486282 ], [ 4.599620564927419, 48.785452480786915 ], [ 4.599892729881415, 48.785448702342208 ], [ 4.599887011509775, 48.785268853507091 ], [ 4.600159175435415, 48.785265074443714 ], [ 4.600147736918397, 48.78490537680257 ], [ 4.600419898843937, 48.784901597144334 ], [ 4.600425619045891, 48.785081445944179 ], [ 4.600697781886572, 48.785077665619724 ], [ 4.600703503116888, 48.785257514389649 ], [ 4.600975666872705, 48.78525373339896 ], [ 4.600981389131404, 48.78543358213895 ], [ 4.60152571841667, 48.785426018182704 ], [ 4.60153144267554, 48.78560586686897 ], [ 4.60180360820498, 48.785602083903377 ], [ 4.601809333492279, 48.785781932559694 ], [ 4.602081499936841, 48.785778148927839 ], [ 4.602087226252588, 48.785957997554227 ], [ 4.602359393612272, 48.78595421325614 ], [ 4.602365120956486, 48.786134061852572 ], [ 4.60263728923129, 48.786130276888223 ], [ 4.602643017603989, 48.78631012545469 ], [ 4.602915186793912, 48.786306339824051 ], [ 4.602920916195116, 48.786486188360577 ], [ 4.603465256348491, 48.786478615124317 ], [ 4.603470987750043, 48.786658463607047 ], [ 4.603743158713482, 48.786654676001383 ], [ 4.603748891143588, 48.786834524454136 ], [ 4.604021063022127, 48.786830736182203 ], [ 4.604026796480807, 48.787010584604971 ], [ 4.60429896927445, 48.787006795666699 ], [ 4.604304703761719, 48.78718664405951 ], [ 4.604576877470464, 48.787182854454933 ], [ 4.604582612986342, 48.787362702817738 ], [ 4.604854787610187, 48.78735891254685 ], [ 4.604860524154695, 48.787538760879663 ], [ 4.605132699693639, 48.787534969942449 ], [ 4.605138437266795, 48.787714818245263 ], [ 4.605410613720835, 48.787711026641716 ], [ 4.60541635232266, 48.787890874914538 ], [ 4.605688529691796, 48.787887082644644 ], [ 4.605694269322306, 48.788066930887453 ], [ 4.606238625833956, 48.788059344372449 ], [ 4.606244367465076, 48.788239192561392 ], [ 4.606516546607577, 48.788235398316303 ], [ 4.606522289267434, 48.788415246475211 ], [ 4.606794469325014, 48.788411451563725 ], [ 4.606800213013623, 48.788591299692627 ], [ 4.607072393986286, 48.78858750411478 ], [ 4.607078138703666, 48.788767352213654 ], [ 4.607350320591406, 48.788763555969396 ], [ 4.60735606633758, 48.788943404038257 ], [ 4.607628249140395, 48.788939607127595 ], [ 4.60763399591538, 48.789119455166428 ], [ 4.60817836329428, 48.789111859369818 ], [ 4.608184112070052, 48.789291707354693 ], [ 4.60845629664612, 48.789287908468715 ], [ 4.60846204645075, 48.789467756423555 ], [ 4.608734231941884, 48.789463956871145 ], [ 4.608739982775391, 48.789643804795915 ], [ 4.609012169181584, 48.789640004577087 ], [ 4.60901792104399, 48.78981985247183 ], [ 4.609290108365241, 48.789816051586534 ], [ 4.609295861256563, 48.789995899451213 ], [ 4.609568049492871, 48.789992097899471 ], [ 4.609573803413128, 48.79017194573408 ], [ 4.609301614204819, 48.790175747309718 ], [ 4.609307367210008, 48.790355595162076 ], [ 4.609035176972752, 48.790359396119115 ], [ 4.609040929062857, 48.790539243989251 ], [ 4.608768737796653, 48.79054304432762 ], [ 4.608780240203574, 48.790902740097273 ], [ 4.608508046936377, 48.790906539840918 ], [ 4.608513797253167, 48.791086387740435 ], [ 4.608241602957009, 48.791090186865418 ], [ 4.608247352358645, 48.791270034782691 ], [ 4.607975157033525, 48.791273833289019 ], [ 4.607980905519991, 48.791453681224048 ], [ 4.60770870916591, 48.79145747911172 ], [ 4.607714456737184, 48.791637327064478 ], [ 4.606897864417428, 48.791648716943698 ] ] ] } },
{ "type": "Feature", "properties": { "surface_ha": 5.4 }, "geometry": { "type": "Polygon", "coordinates": [ [ [ 4.59211943028065, 48.789334854968878 ], [ 4.592102356331265, 48.788795306768513 ], [ 4.591830172246549, 48.788799067008121 ], [ 4.591824482014697, 48.788619217572091 ], [ 4.591552298845627, 48.788622977145494 ], [ 4.591557988105519, 48.788802826605192 ], [ 4.591285803908185, 48.788806585559747 ], [ 4.591280115620255, 48.788626736076388 ], [ 4.591007932338588, 48.788630494364789 ], [ 4.591002245078904, 48.788450644851636 ], [ 4.59073006271291, 48.788454402473874 ], [ 4.59071869030627, 48.788094703381937 ], [ 4.590446509827879, 48.788098460314359 ], [ 4.590440824680893, 48.787918610735531 ], [ 4.590168645118165, 48.787922367001826 ], [ 4.590162960999361, 48.787742517393248 ], [ 4.589890782352297, 48.787746272993402 ], [ 4.589885099261651, 48.787566423355059 ], [ 4.589612921530255, 48.787570178289094 ], [ 4.589607239467749, 48.787390328621001 ], [ 4.589335062652022, 48.787394082888895 ], [ 4.589329381617635, 48.787214233191058 ], [ 4.589057205717576, 48.787217986792861 ], [ 4.589045845761221, 48.786858287331505 ], [ 4.588773671748705, 48.786862040243612 ], [ 4.588767992826704, 48.7866821904801 ], [ 4.588495819729851, 48.786685942726109 ], [ 4.588490141835905, 48.786506092932896 ], [ 4.588217969654713, 48.786509844512786 ], [ 4.588212292788802, 48.786329994689851 ], [ 4.587940121523276, 48.786333745603677 ], [ 4.58792876990365, 48.785974045892161 ], [ 4.587656600525621, 48.785977796116335 ], [ 4.587650925771876, 48.785797946227781 ], [ 4.587378757309507, 48.785801695785921 ], [ 4.587373083583729, 48.785621845867638 ], [ 4.587100916037021, 48.785625594759729 ], [ 4.587095243339189, 48.785445744811732 ], [ 4.586823076708143, 48.785449493037788 ], [ 4.58681740503824, 48.785269643060069 ], [ 4.586545239322859, 48.785273390620091 ], [ 4.586528227565221, 48.784733840579406 ], [ 4.586800390365286, 48.784730093090097 ], [ 4.586794718919886, 48.78455024308785 ], [ 4.587611204068042, 48.784538996836098 ], [ 4.587616878428698, 48.784718846767603 ], [ 4.587889041004209, 48.784715096708567 ], [ 4.58790039183751, 48.785074796505988 ], [ 4.588172556300385, 48.785071045757299 ], [ 4.58817823277306, 48.785250895623228 ], [ 4.588450398151537, 48.785247144208519 ], [ 4.588456075652176, 48.785426994044691 ], [ 4.588728241946256, 48.785423241963947 ], [ 4.588733920474872, 48.785603091770355 ], [ 4.589006087684554, 48.785599339023534 ], [ 4.589011767241172, 48.78577918880022 ], [ 4.589283935366453, 48.785775435387343 ], [ 4.589289615951089, 48.785955285134271 ], [ 4.589561784991969, 48.785951531055311 ], [ 4.589573148273547, 48.786311230483541 ], [ 4.589845319201852, 48.786307475714857 ], [ 4.589851001898822, 48.786487325396152 ], [ 4.590123173742733, 48.786483569961391 ], [ 4.590128857467791, 48.786663419612914 ], [ 4.590401030227305, 48.786659663512047 ], [ 4.590406714980469, 48.786839513133806 ], [ 4.590678888655582, 48.786835756366834 ], [ 4.590690260274431, 48.787195455544683 ], [ 4.590962435837022, 48.787191698087938 ], [ 4.590968122702736, 48.787371547644021 ], [ 4.591240299180933, 48.787367789521142 ], [ 4.591245987074822, 48.78754763904746 ], [ 4.591518164468623, 48.78754388025844 ], [ 4.591529542369087, 48.787903579245345 ], [ 4.591801721650408, 48.787899819766537 ], [ 4.591807411657014, 48.788079669227137 ], [ 4.592079591853945, 48.788075909082153 ], [ 4.592085282888793, 48.788255758512953 ], [ 4.592357464001337, 48.788251997701821 ], [ 4.59239161722498, 48.789331094015786 ], [ 4.59211943028065, 48.789334854968878 ] ] ] } },
{ "type": "Feature", "properties": { "surface_ha": 2.2 }, "geometry": { "type": "Polygon", "coordinates": [ [ [ 4.610252222349311, 48.785844189147276 ], [ 4.610246466880206, 48.785664341236888 ], [ 4.609974302139844, 48.785668144141951 ], [ 4.609968547699453, 48.7854882962015 ], [ 4.609696383873906, 48.785492098440223 ], [ 4.60969063046221, 48.785312250469701 ], [ 4.609146304583816, 48.785319852972002 ], [ 4.609140553172538, 48.785140004947515 ], [ 4.608596229009968, 48.785147604832304 ], [ 4.60859047959907, 48.784967756753836 ], [ 4.608318318404169, 48.784971555708672 ], [ 4.608295325216364, 48.784252163237788 ], [ 4.608567482524426, 48.784248364378527 ], [ 4.608561733397996, 48.784068516269343 ], [ 4.609106045900059, 48.784060916671436 ], [ 4.609111796969859, 48.784240764732829 ], [ 4.609383954107214, 48.784236963946356 ], [ 4.609389706205617, 48.784416811977671 ], [ 4.609934022252939, 48.784409208429693 ], [ 4.609939776351669, 48.78458905640705 ], [ 4.610211935261622, 48.78458525364551 ], [ 4.610217690389006, 48.784765101592782 ], [ 4.610489850213719, 48.784761298164909 ], [ 4.610495606369772, 48.784941146082112 ], [ 4.610767767109243, 48.784937341987884 ], [ 4.610773524293986, 48.785117189874995 ], [ 4.611045685948213, 48.785113385114435 ], [ 4.611051444161665, 48.785293232971448 ], [ 4.611323606730646, 48.785289427544512 ], [ 4.611335125272005, 48.785649123192258 ], [ 4.610790796190054, 48.785656733499422 ], [ 4.610796553602693, 48.785836581361949 ], [ 4.610252222349311, 48.785844189147276 ] ] ] } },
{ "type": "Feature", "properties": { "surface_ha": 16.52 }, "geometry": { "type": "Polygon", "coordinates": [ [ [ 4.548046544594647, 48.790655058387372 ], [ 4.54804101047427, 48.790475205237961 ], [ 4.547224413565328, 48.790486172164087 ], [ 4.547218882416121, 48.790306318939578 ], [ 4.546674486147371, 48.790313626964711 ], [ 4.546668956997155, 48.790133773688098 ], [ 4.546124562453768, 48.790141079096848 ], [ 4.546119035302507, 48.789961225768195 ], [ 4.545846838920873, 48.789964877485716 ], [ 4.545841312796423, 48.789785024127944 ], [ 4.544752530611505, 48.78979962448026 ], [ 4.544747008430147, 48.789619771024533 ], [ 4.542841644307511, 48.789645296740844 ], [ 4.542836128985466, 48.789465443118416 ], [ 4.541747352174134, 48.789480015013496 ], [ 4.541752863607785, 48.789659868727597 ], [ 4.540936277510219, 48.789670790970511 ], [ 4.540930768992872, 48.789490937187686 ], [ 4.540658574490072, 48.789494576627241 ], [ 4.540653066999334, 48.789314722815398 ], [ 4.540380873414119, 48.78931836158948 ], [ 4.540386379932764, 48.789498215424231 ], [ 4.540114185320958, 48.789501853578621 ], [ 4.540103174282343, 48.789142145857284 ], [ 4.540375366949971, 48.789138507748667 ], [ 4.540369860540318, 48.788958653901723 ], [ 4.540097668844767, 48.788962291987453 ], [ 4.540092163461676, 48.788782438111532 ], [ 4.539547781851257, 48.788789712309509 ], [ 4.539531271861173, 48.788250150507785 ], [ 4.539803459777477, 48.788246513798718 ], [ 4.539781443331804, 48.787527098069162 ], [ 4.540053627305586, 48.787523460809084 ], [ 4.540048122358355, 48.787343606884313 ], [ 4.540320305305667, 48.787339969004591 ], [ 4.540309293630701, 48.786980261182499 ], [ 4.540581474579575, 48.786976622706028 ], [ 4.540586981361784, 48.787156476597211 ], [ 4.540859163228131, 48.787152837455302 ], [ 4.540864671036814, 48.787332691317516 ], [ 4.541681219224695, 48.78732176996791 ], [ 4.541675708500082, 48.787141916174406 ], [ 4.541403526797289, 48.787145557243903 ], [ 4.541392507455599, 48.786785849592803 ], [ 4.542481226163837, 48.786771281642928 ], [ 4.54248673969524, 48.786951135379901 ], [ 4.542758920207867, 48.786947491763222 ], [ 4.54274237686152, 48.786407930602799 ], [ 4.543014554403745, 48.786404286412377 ], [ 4.543009039092185, 48.786224432702944 ], [ 4.543281215607903, 48.78622078789293 ], [ 4.543275699379012, 48.786040934200344 ], [ 4.542731348236821, 48.786048223132006 ], [ 4.542736862521885, 48.786228076870444 ], [ 4.542192509217579, 48.786235363277925 ], [ 4.542186996876345, 48.786055509493636 ], [ 4.542459172583865, 48.786051866634061 ], [ 4.542453659325274, 48.785872012866569 ], [ 4.542998008632807, 48.785864725265768 ], [ 4.542975948369007, 48.785145310318164 ], [ 4.54324811905339, 48.785141665645739 ], [ 4.543242603152028, 48.78496181191651 ], [ 4.544059111962053, 48.784950874113143 ], [ 4.544053593199743, 48.784771020446584 ], [ 4.543781424622848, 48.784774667000598 ], [ 4.543775906886987, 48.784594813305027 ], [ 4.543503739227322, 48.784598459193589 ], [ 4.543509255991347, 48.784778312912124 ], [ 4.543237087305251, 48.784781958181149 ], [ 4.543231571513061, 48.784602104439699 ], [ 4.542959403744217, 48.784605749043351 ], [ 4.542953888978439, 48.784425895272825 ], [ 4.542681722126848, 48.784429539211096 ], [ 4.542676208387462, 48.784249685411559 ], [ 4.542948374267234, 48.784246041496232 ], [ 4.542942859610604, 48.784066187713542 ], [ 4.543215024463995, 48.784062543178713 ], [ 4.543203993370865, 48.78370283564081 ], [ 4.54347615622609, 48.783699190509381 ], [ 4.543481672717151, 48.783879044258455 ], [ 4.5442981638706, 48.783868104940581 ], [ 4.544303683331641, 48.784047958614728 ], [ 4.544575847912024, 48.784044310867579 ], [ 4.54457032747919, 48.783864457216403 ], [ 4.544842491033148, 48.783860808849759 ], [ 4.544853533897048, 48.784220516100085 ], [ 4.544581368399491, 48.784224164512651 ], [ 4.54458688894159, 48.784404018151591 ], [ 4.544859055410958, 48.784400369716089 ], [ 4.544864576979512, 48.784580223325989 ], [ 4.545136744366062, 48.784576574225063 ], [ 4.545142266961088, 48.784756427805888 ], [ 4.545414435264819, 48.784752778039525 ], [ 4.54540891169796, 48.784572924481658 ], [ 4.545681078975196, 48.784569274095787 ], [ 4.545692128107246, 48.784928981159489 ], [ 4.545419958886336, 48.784932631591289 ], [ 4.545431006293366, 48.785292338676484 ], [ 4.545158835074087, 48.785295988511734 ], [ 4.545153312315101, 48.785116134949199 ], [ 4.544881142013026, 48.785119784119019 ], [ 4.544886663800153, 48.785299637704497 ], [ 4.544614492471573, 48.785303286254781 ], [ 4.544620013341474, 48.785483139857099 ], [ 4.545164357887729, 48.785475842068152 ], [ 4.545169880756024, 48.785655695618424 ], [ 4.545442053919054, 48.785652045737272 ], [ 4.545447577813893, 48.785831899258476 ], [ 4.544903229489404, 48.785839198424256 ], [ 4.544908751495113, 48.786019051985299 ], [ 4.544636576278994, 48.786022700627399 ], [ 4.544642097367443, 48.786202554205275 ], [ 4.545186449688853, 48.786195256232624 ], [ 4.545191972775777, 48.786375109758502 ], [ 4.54464761851053, 48.78638240777704 ], [ 4.544658660960625, 48.786742114902282 ], [ 4.544386481802169, 48.786745762993661 ], [ 4.544392002137228, 48.786925616570059 ], [ 4.544936362343397, 48.786918319698827 ], [ 4.544941884677002, 48.787098173223207 ], [ 4.54439752252692, 48.787105470140354 ], [ 4.544414084023797, 48.787645030814602 ], [ 4.544141899950867, 48.787648678378225 ], [ 4.544152939277954, 48.788008385509748 ], [ 4.544425125294888, 48.788004737900209 ], [ 4.544436166784521, 48.788364444961402 ], [ 4.544980542542548, 48.788357147722898 ], [ 4.544991588138892, 48.788716854667825 ], [ 4.545535967566443, 48.788709554767259 ], [ 4.545541492390705, 48.78888940818463 ], [ 4.545269301732212, 48.788893058479175 ], [ 4.545274825639091, 48.789072911913422 ], [ 4.545547017269647, 48.789069261595884 ], [ 4.545552542203267, 48.78924911500107 ], [ 4.546096927244472, 48.789241812392405 ], [ 4.546102454176929, 48.7894216657455 ], [ 4.546919034244708, 48.789410706944274 ], [ 4.54692456414813, 48.789590560222322 ], [ 4.547196758366699, 48.789586905980435 ], [ 4.547202289296945, 48.789766759229394 ], [ 4.547746679514046, 48.789759448771882 ], [ 4.547752212443241, 48.78993930196873 ], [ 4.548296604385515, 48.789931988894878 ], [ 4.548302139313694, 48.790111842039586 ], [ 4.548846532981075, 48.79010452634936 ], [ 4.548857606890275, 48.790464232528429 ], [ 4.548313209334387, 48.790471548310698 ], [ 4.548318744426905, 48.79065140143711 ], [ 4.548046544594647, 48.790655058387372 ] ], [ [ 4.541202963441155, 48.789487297105531 ], [ 4.541475157834913, 48.789483656380817 ], [ 4.541469647427898, 48.78930380263769 ], [ 4.54174184079503, 48.789300161293284 ], [ 4.541736329470472, 48.789120307566954 ], [ 4.541191944625836, 48.789127589567372 ], [ 4.541202963441155, 48.789487297105531 ] ], [ [ 4.542014034107615, 48.789296519306305 ], [ 4.542558420569114, 48.78928923340461 ], [ 4.542552906328315, 48.789109379747046 ], [ 4.542008521810976, 48.78911666560289 ], [ 4.542014034107615, 48.789296519306305 ] ], [ [ 4.540647559563102, 48.789134868997465 ], [ 4.540919752121726, 48.789131229603704 ], [ 4.540914243767928, 48.788951375802576 ], [ 4.540642052181375, 48.788955015173435 ], [ 4.540647559563102, 48.789134868997465 ] ], [ [ 4.542764434765796, 48.787127345471134 ], [ 4.543036616195811, 48.787123701188968 ], [ 4.543031100665919, 48.786943847504006 ], [ 4.542758920207867, 48.786947491763222 ], [ 4.542764434765796, 48.787127345471134 ] ], [ [ 4.543270183204709, 48.785861080501626 ], [ 4.543814532184735, 48.785853789045845 ], [ 4.543809014121235, 48.785673935386889 ], [ 4.543536840630416, 48.785677581413111 ], [ 4.543531323593408, 48.785497727725122 ], [ 4.544075668576673, 48.785490435076099 ], [ 4.544070149650517, 48.785310581427872 ], [ 4.543797978158061, 48.785314228050687 ], [ 4.543792460258384, 48.785134374373428 ], [ 4.54324811905339, 48.785141665645739 ], [ 4.543270183204709, 48.785861080501626 ] ], [ [ 4.544064630778977, 48.785130727773549 ], [ 4.544336801244956, 48.785127080531204 ], [ 4.544331281456178, 48.784947226893713 ], [ 4.544059111962053, 48.784950874113143 ], [ 4.544064630778977, 48.785130727773549 ] ] ] } },
{ "type": "Feature", "properties": { "surface_ha": 34.57 }, "geometry": { "type": "Polygon", "coordinates": [ [ [ 4.564555553160044, 48.787373328082673 ], [ 4.564549960681308, 48.787193476240105 ], [ 4.563461244221084, 48.787208252734594 ], [ 4.563455655685402, 48.787028400792956 ], [ 4.563183477403984, 48.78703209328706 ], [ 4.563177889895529, 48.786852241316055 ], [ 4.562633535110654, 48.786859624330305 ], [ 4.562605608116716, 48.785960364151272 ], [ 4.562877780677336, 48.785956673081522 ], [ 4.562861022228693, 48.785417116970365 ], [ 4.563133191818471, 48.785413425327796 ], [ 4.563116430951882, 48.784873869231241 ], [ 4.5633885975709, 48.784870177015897 ], [ 4.56336624663565, 48.784150768894399 ], [ 4.564182734499419, 48.784139688672454 ], [ 4.564177143988553, 48.783959836696475 ], [ 4.564449305527414, 48.783956142027527 ], [ 4.564454897010044, 48.784135993980236 ], [ 4.565815708732965, 48.784117510882588 ], [ 4.56582130512978, 48.784297362712898 ], [ 4.566909957398384, 48.784282564577744 ], [ 4.566915557737687, 48.784462416308841 ], [ 4.567187721638086, 48.784458715145654 ], [ 4.567176519071356, 48.784099011723931 ], [ 4.567448680972785, 48.784095309964869 ], [ 4.567420670667283, 48.783196051419871 ], [ 4.567692827654596, 48.783192349134822 ], [ 4.567681621977042, 48.782832645720546 ], [ 4.567953776965508, 48.782828942839686 ], [ 4.567948173238213, 48.782649091146673 ], [ 4.568220327199539, 48.782645387646703 ], [ 4.568225931898522, 48.782825239316423 ], [ 4.569042396364747, 48.78281412489217 ], [ 4.569048004034276, 48.782993976485855 ], [ 4.570136626432413, 48.782979148166525 ], [ 4.570142238044239, 48.783158999660785 ], [ 4.57123086344068, 48.783144160969499 ], [ 4.571236478994867, 48.78332401236429 ], [ 4.572052950373863, 48.78331287653041 ], [ 4.572058568898768, 48.78349272784903 ], [ 4.573147200512512, 48.783477870983212 ], [ 4.573152822979905, 48.783657722202221 ], [ 4.573697140396424, 48.783650289868049 ], [ 4.573702764862916, 48.783830141034166 ], [ 4.575335721606727, 48.78380782847308 ], [ 4.575341351959297, 48.783987679492718 ], [ 4.576429992561229, 48.783972791509832 ], [ 4.576435626856488, 48.784152642429653 ], [ 4.577524270453284, 48.784137744074172 ], [ 4.577529908691296, 48.784317594894141 ], [ 4.578618555282358, 48.784302686165994 ], [ 4.578624197463191, 48.784482536886017 ], [ 4.579440684735524, 48.784471348523979 ], [ 4.579446329887481, 48.784651199167484 ], [ 4.580534982688832, 48.78463627226337 ], [ 4.580540631783735, 48.784816122806859 ], [ 4.580812795816107, 48.784812389451247 ], [ 4.580841046988176, 48.785711641959303 ], [ 4.580568878096815, 48.785715375432396 ], [ 4.580591476153604, 48.786434777422464 ], [ 4.580319303318971, 48.786438510346976 ], [ 4.580330600739082, 48.786798211352206 ], [ 4.580058425904806, 48.78680194368124 ], [ 4.580064073726827, 48.786981794198134 ], [ 4.578975369943355, 48.786996717183229 ], [ 4.578969726008881, 48.786816866572416 ], [ 4.578153200500439, 48.78682805199464 ], [ 4.578147559537458, 48.786648201307351 ], [ 4.577058861965562, 48.786663106115022 ], [ 4.5770532249459, 48.786483255327852 ], [ 4.576236704096819, 48.786494427117177 ], [ 4.576231070048536, 48.786314576253574 ], [ 4.575142378690029, 48.786329462884268 ], [ 4.575136748584936, 48.786149611920884 ], [ 4.574048060222402, 48.78616448817823 ], [ 4.574042434060433, 48.785984637115121 ], [ 4.572953748694469, 48.785999502999296 ], [ 4.572948126475556, 48.785819651836519 ], [ 4.572131614782386, 48.785830794433529 ], [ 4.572125995534626, 48.785650943194561 ], [ 4.57103731638594, 48.78566579090252 ], [ 4.571031701081112, 48.785485939563991 ], [ 4.569943024930639, 48.78550077689907 ], [ 4.569937413568675, 48.785320925461086 ], [ 4.568848740417016, 48.785335752423379 ], [ 4.568843132997852, 48.785155900885989 ], [ 4.568026630466865, 48.785167014291915 ], [ 4.568021026018622, 48.784987162678469 ], [ 4.566932359088131, 48.785001971465398 ], [ 4.566943560265541, 48.785361674872483 ], [ 4.566671391450699, 48.78536537550962 ], [ 4.566693790583229, 48.786084782343487 ], [ 4.566421617825576, 48.786088482431296 ], [ 4.566444013957245, 48.786807889260317 ], [ 4.566171837256633, 48.78681158879872 ], [ 4.566177435456162, 48.786991440513958 ], [ 4.56590525772824, 48.786995139433145 ], [ 4.565916452349653, 48.787354842891801 ], [ 4.565372092839923, 48.787362238895682 ], [ 4.565366497445386, 48.787182387122911 ], [ 4.564822139658025, 48.787189780510225 ], [ 4.564827733108696, 48.787369632329522 ], [ 4.564555553160044, 48.787373328082673 ] ], [ [ 4.575108598895205, 48.785250357012032 ], [ 4.575380765987417, 48.785246636458531 ], [ 4.57537513524481, 48.785066785481803 ], [ 4.575102969124399, 48.785070506011898 ], [ 4.575108598895205, 48.785250357012032 ] ], [ [ 4.574286470428932, 48.785081663747434 ], [ 4.574558636716451, 48.7850779451447 ], [ 4.574553008944944, 48.784898094091623 ], [ 4.57428084362922, 48.784901812670967 ], [ 4.574286470428932, 48.785081663747434 ] ], [ [ 4.574830802948276, 48.785074225899535 ], [ 4.575102969124399, 48.785070506011898 ], [ 4.575097339409306, 48.784890655005597 ], [ 4.574825174204975, 48.784894374869843 ], [ 4.574830802948276, 48.785074225899535 ] ], [ [ 4.571275789430199, 48.784582971956326 ], [ 4.571547953414329, 48.784579260490673 ], [ 4.571542336499357, 48.784399409162106 ], [ 4.571270173487003, 48.784403120604402 ], [ 4.571275789430199, 48.784582971956326 ] ] ] } },
{ "type": "Feature", "properties": { "surface_ha": 3.32 }, "geometry": { "type": "Polygon", "coordinates": [ [ [ 4.596190816677422, 48.788918675122957 ], [ 4.596179405054688, 48.788558977015001 ], [ 4.595907222787782, 48.788562746868692 ], [ 4.595901518033055, 48.78838289778178 ], [ 4.595629336681632, 48.788386666969224 ], [ 4.5956179292854, 48.788026968729596 ], [ 4.595345749821385, 48.788030737227125 ], [ 4.595340047179851, 48.787850888074381 ], [ 4.595067868631311, 48.787854655905704 ], [ 4.595056465461346, 48.787494957534392 ], [ 4.594784288800181, 48.787498724675814 ], [ 4.594772887799673, 48.787139026232545 ], [ 4.594500713025855, 48.787142792684065 ], [ 4.594495013582088, 48.78696294342955 ], [ 4.594222839723735, 48.786966709214894 ], [ 4.594217141308228, 48.78678685993053 ], [ 4.593944968365339, 48.786790625049754 ], [ 4.593939270978075, 48.786610775735539 ], [ 4.593667098950654, 48.786614540188602 ], [ 4.593655706288938, 48.786254841494404 ], [ 4.593383536148818, 48.786258605257643 ], [ 4.593377840874338, 48.786078755877661 ], [ 4.593105671649677, 48.786082518974709 ], [ 4.593099977403372, 48.785902669564955 ], [ 4.592827809094175, 48.785906431995876 ], [ 4.592816422714211, 48.785546733110579 ], [ 4.592544256292272, 48.785550494851712 ], [ 4.592538564158585, 48.78537064537619 ], [ 4.592266398652103, 48.785374406451211 ], [ 4.592255016497258, 48.785014707434421 ], [ 4.591982852877999, 48.785018467819675 ], [ 4.591977162856812, 48.784838618278442 ], [ 4.591705000153007, 48.784842377997627 ], [ 4.591693622223041, 48.784482678849379 ], [ 4.591421461406427, 48.784486437878826 ], [ 4.591415773497621, 48.784306588271853 ], [ 4.59114361359645, 48.784310346635223 ], [ 4.591132239891131, 48.783950647355603 ], [ 4.590860081877119, 48.78395440502927 ], [ 4.590854396080574, 48.783774555356608 ], [ 4.590582238981999, 48.78377831236422 ], [ 4.590570869501086, 48.783418612953206 ], [ 4.590298714289636, 48.783422369271165 ], [ 4.590293030605238, 48.783242519532813 ], [ 4.590020876309219, 48.783246275184709 ], [ 4.590009511052474, 48.782886575642394 ], [ 4.589737358643547, 48.782890330604651 ], [ 4.589731677071172, 48.78271048080066 ], [ 4.589459525577673, 48.782714235096904 ], [ 4.589453845033159, 48.782534385263133 ], [ 4.589725995555021, 48.782530630990514 ], [ 4.589720314095088, 48.782350781174237 ], [ 4.589992463589099, 48.782347026282871 ], [ 4.589998146020658, 48.782526876075515 ], [ 4.590270296430067, 48.7825231205181 ], [ 4.590281663405168, 48.782882820037749 ], [ 4.590553815701619, 48.782879063790688 ], [ 4.590559500245188, 48.783058913517671 ], [ 4.590831653457045, 48.783055156604597 ], [ 4.590843024656282, 48.783414855992881 ], [ 4.591115179755215, 48.783411098390125 ], [ 4.591120866410914, 48.783590948051419 ], [ 4.591393022425255, 48.783587189782615 ], [ 4.591404397848868, 48.783946889039527 ], [ 4.591676555750321, 48.783943130081028 ], [ 4.591682244518267, 48.784122979676589 ], [ 4.591954403335134, 48.784119220052034 ], [ 4.591960093131097, 48.784299069617859 ], [ 4.59223225286338, 48.78429530932722 ], [ 4.592243634567684, 48.784655008393081 ], [ 4.59251579618712, 48.784651247412718 ], [ 4.592521488095494, 48.784831096912775 ], [ 4.592793650630351, 48.784827335266307 ], [ 4.592805036559605, 48.785187034200732 ], [ 4.593077200981646, 48.785183271864454 ], [ 4.593082895002554, 48.785363121298786 ], [ 4.593355060340021, 48.785359358296432 ], [ 4.59336645049446, 48.785719057099342 ], [ 4.593638617719146, 48.785715293407151 ], [ 4.593644313852708, 48.785895142775722 ], [ 4.593916481992824, 48.785891378417418 ], [ 4.593927876372688, 48.786251077088771 ], [ 4.594200046400057, 48.786247312040622 ], [ 4.59420574464639, 48.786427161343383 ], [ 4.594477915589198, 48.786423395629107 ], [ 4.594489314194724, 48.786783094168875 ], [ 4.594761487024815, 48.786779327764748 ], [ 4.594767187384037, 48.786959177001705 ], [ 4.595039361129575, 48.786955409931402 ], [ 4.595050763960999, 48.787315108339541 ], [ 4.595322939593856, 48.787311340579315 ], [ 4.595334344594752, 48.787671038915498 ], [ 4.595606522114951, 48.787667270465391 ], [ 4.595612225671955, 48.787847119600549 ], [ 4.595884404107612, 48.787843350484223 ], [ 4.595890108692973, 48.788023199589553 ], [ 4.596162288044087, 48.788019429807022 ], [ 4.596173699328022, 48.788379127951799 ], [ 4.596445880566521, 48.788375357479339 ], [ 4.596451587265128, 48.788555206518801 ], [ 4.596723769419092, 48.788551435380072 ], [ 4.596735184929639, 48.78891113339315 ], [ 4.596190816677422, 48.788918675122957 ] ] ] } },
{ "type": "Feature", "properties": { "surface_ha": 5.52 }, "geometry": { "type": "Polygon", "coordinates": [ [ [ 4.551635470865438, 48.783409684762631 ], [ 4.551629925330821, 48.783229831691216 ], [ 4.551357766061003, 48.783233496049945 ], [ 4.55134667709987, 48.782873789842682 ], [ 4.550802362282576, 48.782881116540644 ], [ 4.550785735082634, 48.782341557045612 ], [ 4.550513580506847, 48.782345219361837 ], [ 4.550508039188249, 48.782165366161557 ], [ 4.55023588552932, 48.78216902781233 ], [ 4.550230345237241, 48.781989174582904 ], [ 4.549958192495168, 48.781992835568225 ], [ 4.549936035761732, 48.781273422497343 ], [ 4.550208184617164, 48.781269761604136 ], [ 4.550202644599203, 48.781089908344171 ], [ 4.550474792428176, 48.781086246831627 ], [ 4.550480333417774, 48.781266100068557 ], [ 4.55102463085449, 48.781258775070228 ], [ 4.551030173842206, 48.781438628254953 ], [ 4.552663070665475, 48.781416637704297 ], [ 4.552668619537948, 48.781596490744555 ], [ 4.553757220208665, 48.781581817437306 ], [ 4.553762773022675, 48.781761670379169 ], [ 4.555123527482934, 48.781743314175721 ], [ 4.555129085210207, 48.781923166995966 ], [ 4.555945540141459, 48.781912145495809 ], [ 4.55595110083874, 48.782091998240567 ], [ 4.55622325334412, 48.782088323099295 ], [ 4.556217691675171, 48.781908470377608 ], [ 4.556489843153844, 48.78190479461702 ], [ 4.556495405794463, 48.782084647315578 ], [ 4.557039710529999, 48.782077293820926 ], [ 4.557045275169018, 48.782257146467096 ], [ 4.557589581627642, 48.782249790356587 ], [ 4.557584015045274, 48.782069937756695 ], [ 4.557856167220289, 48.782066258760956 ], [ 4.557861734774333, 48.78224611133772 ], [ 4.558678193883792, 48.782235070426651 ], [ 4.558689334987285, 48.782594775422865 ], [ 4.558417180062536, 48.782598456415293 ], [ 4.55842274972527, 48.782778308927362 ], [ 4.557878437767032, 48.782785669031256 ], [ 4.557872870047703, 48.782605816472874 ], [ 4.557600714957636, 48.782609495538011 ], [ 4.557595148265098, 48.782429642950355 ], [ 4.557050839863103, 48.782436999107169 ], [ 4.557056404612253, 48.782616851741103 ], [ 4.556784249356956, 48.782620528879022 ], [ 4.5567786855795, 48.782440676221974 ], [ 4.555690067894615, 48.782455378256998 ], [ 4.555684508058965, 48.782275525501319 ], [ 4.554595893380538, 48.782290217165304 ], [ 4.55459033748663, 48.782110364311109 ], [ 4.554318184651234, 48.782114035597978 ], [ 4.554323739573458, 48.78229388847528 ], [ 4.553779431794398, 48.782301229168034 ], [ 4.553773878815539, 48.782121376244504 ], [ 4.553229572760045, 48.782128714321438 ], [ 4.553224021779488, 48.781948861345647 ], [ 4.552951869641015, 48.781952529397422 ], [ 4.552957419649896, 48.782132382396291 ], [ 4.552685266484827, 48.782136049828729 ], [ 4.552701913925912, 48.782675608857872 ], [ 4.55242975779084, 48.782679275717122 ], [ 4.552451951260828, 48.783398687762684 ], [ 4.551635470865438, 48.783409684762631 ] ] ] } },
{ "type": "Feature", "properties": { "surface_ha": 15.64 }, "geometry": { "type": "Polygon", "coordinates": [ [ [ 4.594976649590757, 48.784977068247713 ], [ 4.594970948880274, 48.784797218966929 ], [ 4.594698786796379, 48.784800985752867 ], [ 4.594687387488122, 48.784441287125439 ], [ 4.594415227291297, 48.78444505322156 ], [ 4.594409528693496, 48.784265203874959 ], [ 4.594137369412002, 48.784268969304968 ], [ 4.594108882127329, 48.7833697223614 ], [ 4.594381036550348, 48.783365957049853 ], [ 4.594369640087815, 48.783006258276842 ], [ 4.594641792511127, 48.783002492370272 ], [ 4.594636093392795, 48.782822642998241 ], [ 4.594908244788065, 48.782818876472987 ], [ 4.594896844777326, 48.782459177757922 ], [ 4.595168994172931, 48.782455410637667 ], [ 4.595163293280551, 48.782275561294632 ], [ 4.595435441648127, 48.782271793555701 ], [ 4.595424038089408, 48.781912094898622 ], [ 4.595696184457361, 48.781908326564746 ], [ 4.595690481791047, 48.781728477250688 ], [ 4.595962627130985, 48.781724708298142 ], [ 4.595951220024508, 48.781365009699051 ], [ 4.59622336336487, 48.781361240151597 ], [ 4.596217658924733, 48.781181390866543 ], [ 4.59648980123709, 48.781177620700475 ], [ 4.596495506648782, 48.781357469961776 ], [ 4.59758407921976, 48.781342382779002 ], [ 4.59757836992186, 48.781162533612594 ], [ 4.597306227835386, 48.781166306348084 ], [ 4.597300519565523, 48.780986457151819 ], [ 4.597028378394106, 48.78099022922121 ], [ 4.597022671152258, 48.780810379995081 ], [ 4.596750530895901, 48.780814151398417 ], [ 4.596744824682052, 48.780634302142403 ], [ 4.596472685340754, 48.78063807287969 ], [ 4.596461275025471, 48.780278374301801 ], [ 4.598094098568001, 48.780255740527885 ], [ 4.59809980952644, 48.780435589677516 ], [ 4.598916223449443, 48.780424264047909 ], [ 4.598921937378923, 48.780604113120141 ], [ 4.599466214987923, 48.780596559441236 ], [ 4.599471930916978, 48.780776408459801 ], [ 4.600016210242774, 48.780768852164037 ], [ 4.600021928171443, 48.780948701128928 ], [ 4.600838349650331, 48.780937361796433 ], [ 4.600844070550186, 48.78111721068386 ], [ 4.601116211901473, 48.781113429597859 ], [ 4.60112193382948, 48.781293278455344 ], [ 4.60193836045821, 48.781281931272019 ], [ 4.60194408535749, 48.781461780051977 ], [ 4.603304800129997, 48.781442855113795 ], [ 4.603310529943709, 48.781622703768534 ], [ 4.603582673699711, 48.781618916830027 ], [ 4.603588404541686, 48.781798765454823 ], [ 4.604404838384086, 48.781787400713704 ], [ 4.604410572197491, 48.781967249260816 ], [ 4.605227008443961, 48.781955878666992 ], [ 4.605238482070495, 48.78231557559976 ], [ 4.604966334768592, 48.782319366487769 ], [ 4.604983542719336, 48.782858911912363 ], [ 4.604711392445846, 48.782862702229558 ], [ 4.604722862753551, 48.783222399196262 ], [ 4.60445071048004, 48.783226188918732 ], [ 4.604456444747374, 48.783406037416718 ], [ 4.604184291445472, 48.783409826520653 ], [ 4.604178558149788, 48.783229977998843 ], [ 4.603906405762799, 48.783233766436531 ], [ 4.603900673495491, 48.783053917884722 ], [ 4.603084218909142, 48.783065279272023 ], [ 4.603078489613452, 48.782885430642615 ], [ 4.602534188215662, 48.782893001641256 ], [ 4.602528460919913, 48.782713152958102 ], [ 4.601984161238676, 48.782720721339587 ], [ 4.601978435942832, 48.782540872602659 ], [ 4.600345541369414, 48.782563562187363 ], [ 4.600339821959878, 48.782383713301556 ], [ 4.599523376823818, 48.782395049350534 ], [ 4.599517660385688, 48.782215200387256 ], [ 4.599245512865457, 48.78221897776173 ], [ 4.599239797455488, 48.782039128768552 ], [ 4.598967650850298, 48.782042905476892 ], [ 4.59896193646847, 48.781863056453794 ], [ 4.59841764503163, 48.781870607895904 ], [ 4.598429069965465, 48.782230306030968 ], [ 4.598156922219066, 48.782234080835998 ], [ 4.598162633799168, 48.78241392991805 ], [ 4.597890485024641, 48.782417704104439 ], [ 4.597901906411162, 48.782777402297683 ], [ 4.597629755636879, 48.78278117588917 ], [ 4.597635465443268, 48.782961025000297 ], [ 4.597363313640849, 48.782964797973143 ], [ 4.597374731479828, 48.783324496224488 ], [ 4.597102577677608, 48.783328268602411 ], [ 4.597108285710172, 48.783508117742606 ], [ 4.5968361308798, 48.783511889501852 ], [ 4.596847545171018, 48.783871587811255 ], [ 4.596575388340804, 48.783875358975578 ], [ 4.596581094599431, 48.7840552081448 ], [ 4.59630893674105, 48.784058978690439 ], [ 4.596314642084436, 48.784238827877232 ], [ 4.596042483197889, 48.784242597804166 ], [ 4.596053892110593, 48.784602296206806 ], [ 4.595781731224148, 48.784606065538711 ], [ 4.595787434793439, 48.784785914754558 ], [ 4.595515272878814, 48.784789683467764 ], [ 4.595520975532797, 48.784969532701147 ], [ 4.594976649590757, 48.784977068247713 ] ], [ [ 4.594965248226202, 48.784617369679978 ], [ 4.595237409281944, 48.784613602275314 ], [ 4.595226006199586, 48.784253903730431 ], [ 4.594953847087297, 48.784257671087701 ], [ 4.594965248226202, 48.784617369679978 ] ], [ [ 4.595220304743037, 48.784074054448773 ], [ 4.595492462827195, 48.784070286472804 ], [ 4.595486760455366, 48.783890437208719 ], [ 4.595214603342911, 48.783894205161005 ], [ 4.595220304743037, 48.784074054448773 ] ], [ [ 4.594398131667065, 48.783905505163318 ], [ 4.59467028894875, 48.783901739138315 ], [ 4.594658890204506, 48.78354204044949 ], [ 4.594386734866198, 48.783545806427121 ], [ 4.594398131667065, 48.783905505163318 ] ], [ [ 4.595486760455366, 48.783890437208719 ], [ 4.595758917511392, 48.783886668614059 ], [ 4.595753214224303, 48.783706819367538 ], [ 4.595481058139967, 48.783710587938508 ], [ 4.595486760455366, 48.783890437208719 ] ], [ [ 4.595753214224303, 48.783706819367538 ], [ 4.596025370252201, 48.78370305015418 ], [ 4.596019666049868, 48.783523200925224 ], [ 4.595747510993649, 48.783526970114877 ], [ 4.595753214224303, 48.783706819367538 ] ], [ [ 4.594658890204506, 48.78354204044949 ], [ 4.594931045486415, 48.783538273829443 ], [ 4.594919645024425, 48.78317857516349 ], [ 4.594647491685857, 48.783182341736143 ], [ 4.594658890204506, 48.78354204044949 ] ], [ [ 4.594919645024425, 48.78317857516349 ], [ 4.595191798306589, 48.783174807948427 ], [ 4.595186097188551, 48.782994958629942 ], [ 4.594913944878042, 48.782998725821301 ], [ 4.594919645024425, 48.78317857516349 ] ], [ [ 4.595186097188551, 48.782994958629942 ], [ 4.595458249442644, 48.78299119079621 ], [ 4.595452547409379, 48.78281134149529 ], [ 4.59518039612693, 48.782815109305332 ], [ 4.595186097188551, 48.782994958629942 ] ], [ [ 4.595446845432538, 48.782631492188237 ], [ 4.595718995686928, 48.782627723759511 ], [ 4.595713292794889, 48.78244787447003 ], [ 4.595441143512121, 48.782451642875039 ], [ 4.595446845432538, 48.782631492188237 ] ], [ [ 4.597334770032004, 48.78206555223737 ], [ 4.597606916976331, 48.782061779383199 ], [ 4.597601207452444, 48.781881930241376 ], [ 4.597329061479705, 48.781885703071801 ], [ 4.597334770032004, 48.78206555223737 ] ] ] } },
{ "type": "Feature", "properties": { "surface_ha": 6.92 }, "geometry": { "type": "Polygon", "coordinates": [ [ [ 4.535610853387559, 48.784703910486193 ], [ 4.535605364861369, 48.784524056098121 ], [ 4.535333196539902, 48.784527682689628 ], [ 4.535327709039864, 48.784347828272644 ], [ 4.533966871477341, 48.784365951478911 ], [ 4.533961388890751, 48.784186096941831 ], [ 4.533689222187271, 48.784189719632849 ], [ 4.533667296270699, 48.783470301332237 ], [ 4.533395133400204, 48.783473923289662 ], [ 4.533411574840856, 48.784013487092636 ], [ 4.532867243106345, 48.784020729216806 ], [ 4.532861764515521, 48.783840874576342 ], [ 4.532317434507775, 48.783848114085103 ], [ 4.532311957914777, 48.783668259393018 ], [ 4.532039793801411, 48.783671878160924 ], [ 4.532034318234404, 48.783492023439962 ], [ 4.532306481375975, 48.783488404694801 ], [ 4.532301004891369, 48.783308549990508 ], [ 4.532573167006956, 48.783304930625661 ], [ 4.532562212256784, 48.78294522124429 ], [ 4.532834372374624, 48.782941601282573 ], [ 4.532823415897758, 48.782581891922341 ], [ 4.533095574017882, 48.782578271363725 ], [ 4.533084615814396, 48.782218562024646 ], [ 4.533356771936838, 48.782214940869174 ], [ 4.533351291944707, 48.782035086213263 ], [ 4.534167757071465, 48.782024218960615 ], [ 4.534162274218446, 48.781844364366975 ], [ 4.534434428180492, 48.781840740687379 ], [ 4.534428944410033, 48.781660886110437 ], [ 4.534701097346119, 48.781657261811247 ], [ 4.534695612658239, 48.781477407250996 ], [ 4.534967764568364, 48.781473782332192 ], [ 4.534973250227927, 48.781653636869613 ], [ 4.535245403055455, 48.781650011285556 ], [ 4.535223456856225, 48.780930593190462 ], [ 4.535767754575038, 48.780923340277681 ], [ 4.535773242986716, 48.781103194764988 ], [ 4.536045392736312, 48.781099567322187 ], [ 4.536050882173962, 48.78127942178056 ], [ 4.536323032840902, 48.781275793672521 ], [ 4.536372448969701, 48.782894483317818 ], [ 4.536100289557373, 48.782898111631305 ], [ 4.536089309758559, 48.782538402818282 ], [ 4.535817152235394, 48.782542030443665 ], [ 4.535811663389206, 48.782362176005186 ], [ 4.535539506783453, 48.782365802965337 ], [ 4.535534018963304, 48.78218594849794 ], [ 4.535261863274966, 48.782189574792817 ], [ 4.535272837026119, 48.782549283767146 ], [ 4.535544994657911, 48.782545657426631 ], [ 4.535572434844816, 48.783444929641568 ], [ 4.535844597281097, 48.783441302544517 ], [ 4.535850086453195, 48.783621156946396 ], [ 4.536122249806942, 48.78361752918407 ], [ 4.536144210925799, 48.784336946639186 ], [ 4.535872043684808, 48.784340574492802 ], [ 4.535883022626555, 48.784700283229412 ], [ 4.535610853387559, 48.784703910486193 ] ], [ [ 4.535811663389206, 48.782362176005186 ], [ 4.536083819940644, 48.782358548402641 ], [ 4.536078330177054, 48.782178693980882 ], [ 4.535806174597336, 48.782182321560626 ], [ 4.535811663389206, 48.782362176005186 ] ] ] } },
{ "type": "Feature", "properties": { "surface_ha": 7.2 }, "geometry": { "type": "Polygon", "coordinates": [ [ [ 4.542926315968145, 48.783526626328801 ], [ 4.54291528714603, 48.78316691870841 ], [ 4.543187447140525, 48.783163274288221 ], [ 4.543176416593195, 48.782803566689282 ], [ 4.543448574589627, 48.782799921672499 ], [ 4.543432026262801, 48.782260360297073 ], [ 4.542887716045691, 48.782267649550633 ], [ 4.542876687987522, 48.781907941844757 ], [ 4.542332381438942, 48.781915228436951 ], [ 4.542326869435072, 48.781735374529006 ], [ 4.541510412118191, 48.781746299530461 ], [ 4.541504903083894, 48.781566445547696 ], [ 4.543137811396704, 48.781544589900598 ], [ 4.543126781831729, 48.781184882191738 ], [ 4.543398931082933, 48.781181237381361 ], [ 4.543404446809789, 48.781361091215913 ], [ 4.543948747091746, 48.781353799622053 ], [ 4.543943229421586, 48.781173945833388 ], [ 4.544215378509017, 48.78117029909582 ], [ 4.544209859921819, 48.780990445323951 ], [ 4.543937711806028, 48.780994092038583 ], [ 4.543926676738707, 48.780634384430677 ], [ 4.543654530511574, 48.780638030457055 ], [ 4.543637981234891, 48.780098468930589 ], [ 4.544182267804938, 48.780091176373112 ], [ 4.544176749545382, 48.779911322564622 ], [ 4.543904607259242, 48.779914969141608 ], [ 4.543899090025864, 48.779735115304057 ], [ 4.545804078080805, 48.779709575936202 ], [ 4.545809602115189, 48.779889429613078 ], [ 4.546081744018894, 48.779885778539558 ], [ 4.546087269079519, 48.780065632187352 ], [ 4.546631554666059, 48.780058328067256 ], [ 4.546637081724531, 48.780238181662952 ], [ 4.546909225407352, 48.780234528616397 ], [ 4.546920281631582, 48.780594235743528 ], [ 4.547192427202904, 48.780590582008614 ], [ 4.547225603018335, 48.781669703105543 ], [ 4.545592693790981, 48.781691616706595 ], [ 4.545598217455015, 48.78187147033924 ], [ 4.54532606475408, 48.781875120380626 ], [ 4.545331587501089, 48.782054974030103 ], [ 4.544787279991901, 48.782062272231606 ], [ 4.54479832176307, 48.782421979604095 ], [ 4.544526165983115, 48.782425627787106 ], [ 4.544537206029373, 48.782785335181096 ], [ 4.544265048251352, 48.782788982767578 ], [ 4.544281605815195, 48.783328543881588 ], [ 4.544009445067313, 48.783332190894463 ], [ 4.543987372311728, 48.782612775971828 ], [ 4.544259529172637, 48.782609129050719 ], [ 4.544254010148537, 48.782429275327708 ], [ 4.543709698315549, 48.782436568481664 ], [ 4.543726249721321, 48.782976129769956 ], [ 4.543454090807741, 48.78297977545207 ], [ 4.543465123407738, 48.783339482992957 ], [ 4.543192962496059, 48.783343128078528 ], [ 4.543198477906173, 48.783522981862738 ], [ 4.542926315968145, 48.783526626328801 ] ] ] } },
{ "type": "Feature", "properties": { "surface_ha": 3.6 }, "geometry": { "type": "Polygon", "coordinates": [ [ [ 4.613751088028033, 48.776079102834125 ], [ 4.613739556101172, 48.77571940701376 ], [ 4.613195335023711, 48.775727027532369 ], [ 4.613183807209915, 48.775367331591525 ], [ 4.612911698528066, 48.775371140839574 ], [ 4.612905935677916, 48.775191292835984 ], [ 4.613178043388561, 48.775187483611859 ], [ 4.61316651591694, 48.774827787634102 ], [ 4.612894410148671, 48.774831596810287 ], [ 4.612888647469575, 48.774651748788209 ], [ 4.613160752266669, 48.774647939635997 ], [ 4.613149225137212, 48.774288243621335 ], [ 4.613421327934963, 48.774284433874875 ], [ 4.613409799091327, 48.77392473788354 ], [ 4.613681899889766, 48.773920927542846 ], [ 4.613676134582374, 48.773741079561944 ], [ 4.613948234352645, 48.773737268603035 ], [ 4.613936701966768, 48.773377572670668 ], [ 4.614480897451716, 48.773369948922316 ], [ 4.614486665558337, 48.773549796843604 ], [ 4.614758764186313, 48.77354598398221 ], [ 4.614764533321114, 48.773725831873364 ], [ 4.614492433722025, 48.773729644758752 ], [ 4.614498201942787, 48.773909492667713 ], [ 4.615314503482161, 48.773898052013088 ], [ 4.61532604592171, 48.774257747668671 ], [ 4.615598148262914, 48.774253932784802 ], [ 4.61559237604345, 48.774074084984065 ], [ 4.615864477356406, 48.774070269482046 ], [ 4.615870250547007, 48.774250117258731 ], [ 4.616142352773978, 48.774246301090507 ], [ 4.616148126992846, 48.774426148837065 ], [ 4.615331817227137, 48.774437595487228 ], [ 4.6153433600093, 48.774797291105891 ], [ 4.615615465263976, 48.774793476150002 ], [ 4.61562123771189, 48.774973323926098 ], [ 4.615349131486036, 48.774977138905982 ], [ 4.615354903019877, 48.775156986699947 ], [ 4.615082795765733, 48.775160801061617 ], [ 4.615094337062331, 48.775520496679057 ], [ 4.614822227808686, 48.775524310446521 ], [ 4.614827997571414, 48.775704158270003 ], [ 4.614555887289462, 48.775707971419266 ], [ 4.614561656138052, 48.775887819260575 ], [ 4.614017433460466, 48.775895443680426 ], [ 4.61402320042366, 48.776075291563572 ], [ 4.613751088028033, 48.776079102834125 ] ], [ [ 4.614011666554331, 48.775715595791141 ], [ 4.614283776950431, 48.775711783926283 ], [ 4.614272241366914, 48.775352088177222 ], [ 4.613728024402511, 48.775359711168768 ], [ 4.613733790223319, 48.775539559094355 ], [ 4.614005899705257, 48.775535747895695 ], [ 4.614011666554331, 48.775715595791141 ] ] ] } },
{ "type": "Feature", "properties": { "surface_ha": 9.56 }, "geometry": { "type": "Polygon", "coordinates": [ [ [ 4.606624481133995, 48.774559333466797 ], [ 4.606618740905685, 48.774379484882402 ], [ 4.606346636685183, 48.774383278574305 ], [ 4.606340897484832, 48.774203429959876 ], [ 4.605796690815807, 48.774211015369453 ], [ 4.605790953614547, 48.774031166701171 ], [ 4.605518851166035, 48.774034958418817 ], [ 4.605513114992688, 48.773855109720557 ], [ 4.605241013458568, 48.773858900772183 ], [ 4.605235278313111, 48.773679052043896 ], [ 4.60469107701692, 48.773686632172918 ], [ 4.604685343870462, 48.77350678339085 ], [ 4.604413244108404, 48.773510572468254 ], [ 4.604407511989789, 48.773330723656173 ], [ 4.604135413142136, 48.773334512067599 ], [ 4.604123951017256, 48.772974814377342 ], [ 4.604396047922699, 48.772971026013586 ], [ 4.604390315974221, 48.772791177183059 ], [ 4.604934507672776, 48.772783598576758 ], [ 4.604928773838849, 48.772603749787763 ], [ 4.605472963368324, 48.772596168660542 ], [ 4.605467227648989, 48.772416319913098 ], [ 4.606011415009327, 48.772408736265014 ], [ 4.606005677404625, 48.772228887559137 ], [ 4.606277770028592, 48.772225094795729 ], [ 4.606272031509607, 48.772045246107567 ], [ 4.606544123105748, 48.772041452725901 ], [ 4.606486731328522, 48.770242965744913 ], [ 4.607847139907648, 48.770223990398286 ], [ 4.607852883684601, 48.770403839004665 ], [ 4.608124966200934, 48.770400041985177 ], [ 4.60813071100567, 48.770579890561528 ], [ 4.608674877809726, 48.770572294548479 ], [ 4.60868062461323, 48.770752143070901 ], [ 4.60895270890094, 48.770748344077326 ], [ 4.608958456732275, 48.770928192569706 ], [ 4.609230541934092, 48.770924392910139 ], [ 4.609236290793277, 48.771104241372463 ], [ 4.609508376909198, 48.771100441046883 ], [ 4.60951412679625, 48.77128028947913 ], [ 4.609786213826275, 48.771276488487537 ], [ 4.609797715713057, 48.771636185285793 ], [ 4.609525626741023, 48.771639986325226 ], [ 4.609531376798744, 48.771819834739055 ], [ 4.609259286798799, 48.771823635160267 ], [ 4.60926503594238, 48.772003483591853 ], [ 4.608720853829799, 48.772011082555714 ], [ 4.608726601088181, 48.772190931028945 ], [ 4.608998693143948, 48.772187131844191 ], [ 4.609004441430243, 48.772366980287359 ], [ 4.608732348403426, 48.772370779496043 ], [ 4.608743843204508, 48.772730476411795 ], [ 4.608471748178697, 48.772734275026103 ], [ 4.608483241265069, 48.773093971965054 ], [ 4.608211144240231, 48.773097769985029 ], [ 4.608216889897604, 48.773277618469173 ], [ 4.607944791844818, 48.773281415870883 ], [ 4.607962026244669, 48.773820961358098 ], [ 4.607689925221683, 48.773824758189271 ], [ 4.607695669164173, 48.7740046066966 ], [ 4.607423567113216, 48.774008402909516 ], [ 4.607440796368206, 48.774547948466292 ], [ 4.606624481133995, 48.774559333466797 ] ], [ [ 4.607643975727614, 48.772385969909308 ], [ 4.607916068981829, 48.7723821732692 ], [ 4.607910324579739, 48.772202324730429 ], [ 4.607638232296577, 48.772206121346663 ], [ 4.607643975727614, 48.772385969909308 ] ], [ [ 4.608176671489769, 48.772018678951042 ], [ 4.60844876268821, 48.77201488107444 ], [ 4.608437270284087, 48.771655184061729 ], [ 4.608165181027699, 48.771658981890553 ], [ 4.608176671489769, 48.772018678951042 ] ] ] } },
{ "type": "Feature", "properties": { "surface_ha": 1.92 }, "geometry": { "type": "Polygon", "coordinates": [ [ [ 4.516745452308522, 48.773078552200261 ], [ 4.516740033409644, 48.772898695867802 ], [ 4.516467925540998, 48.772902277282768 ], [ 4.516462507666989, 48.772722420921724 ], [ 4.516734614564388, 48.772718839529283 ], [ 4.516729195772744, 48.772538983184674 ], [ 4.516457089846588, 48.77254256455457 ], [ 4.51645167207979, 48.772362708181319 ], [ 4.515907462009127, 48.772369868949404 ], [ 4.51588579924764, 48.771650443215322 ], [ 4.516157900424938, 48.771646863242502 ], [ 4.516147067423339, 48.771287150383955 ], [ 4.517507562793984, 48.771269241112094 ], [ 4.517512984123846, 48.771449097431727 ], [ 4.518057183839034, 48.771441929182537 ], [ 4.518073453977602, 48.77198149796962 ], [ 4.517801351233266, 48.771985082482971 ], [ 4.517812196318189, 48.772344795022349 ], [ 4.516995881936031, 48.772355544844388 ], [ 4.517017561094811, 48.77307497012054 ], [ 4.516745452308522, 48.773078552200261 ] ] ] } },
{ "type": "Feature", "properties": { "surface_ha": 8.64 }, "geometry": { "type": "Polygon", "coordinates": [ [ [ 4.536130900837199, 48.774980884797102 ], [ 4.536125412329048, 48.77480103014797 ], [ 4.535853296635881, 48.774804657434366 ], [ 4.535847809153354, 48.7746248027563 ], [ 4.535031464662057, 48.774635680693542 ], [ 4.535015011281932, 48.774096116417404 ], [ 4.535831347031547, 48.774085238685473 ], [ 4.535825859766199, 48.773905383982985 ], [ 4.535553748875222, 48.773909010513073 ], [ 4.535548262635436, 48.773729155781673 ], [ 4.535820372555145, 48.773725529274401 ], [ 4.535814885398384, 48.77354567455972 ], [ 4.536359103132399, 48.773538419664149 ], [ 4.536353614087433, 48.773358564988996 ], [ 4.53662572190173, 48.773354936600683 ], [ 4.536620231939838, 48.77317508194227 ], [ 4.536892338728578, 48.773171452934562 ], [ 4.536886847849779, 48.772991598292862 ], [ 4.537158953612963, 48.772987968665781 ], [ 4.537153461817274, 48.772808114040821 ], [ 4.537425566554902, 48.772804483794353 ], [ 4.537420073842344, 48.772624629186126 ], [ 4.537692177554422, 48.772620998320299 ], [ 4.537686683925012, 48.772441143728798 ], [ 4.537958786611537, 48.772437512243606 ], [ 4.537953292065295, 48.772257657668867 ], [ 4.53822539372627, 48.77225402556433 ], [ 4.538214402854538, 48.771894316442214 ], [ 4.538486502518797, 48.771890683741177 ], [ 4.538481006193333, 48.771710829193808 ], [ 4.539025203416389, 48.771703561910904 ], [ 4.539019705203014, 48.771523707403176 ], [ 4.539291802761801, 48.771520072821289 ], [ 4.539275305534699, 48.770980509330009 ], [ 4.538731116189478, 48.770987777714403 ], [ 4.538725619164808, 48.770807923159374 ], [ 4.538181431544252, 48.770815188929376 ], [ 4.538175936516163, 48.770635334322535 ], [ 4.537903843595428, 48.770638966221426 ], [ 4.537887361750605, 48.770099402295742 ], [ 4.537615271688754, 48.770103033483942 ], [ 4.537620764611601, 48.770282888154782 ], [ 4.537348673524334, 48.77028651872368 ], [ 4.537354165530445, 48.770466373411267 ], [ 4.537082073417755, 48.770470003360828 ], [ 4.537076582382728, 48.77029014865041 ], [ 4.536804491186792, 48.770293777934988 ], [ 4.536788021320858, 48.769754213698647 ], [ 4.5370601096036, 48.769750584482544 ], [ 4.537054618785876, 48.76957072974772 ], [ 4.538142967489326, 48.769556206553318 ], [ 4.538148462191221, 48.769736061196781 ], [ 4.538420550202238, 48.76973242876997 ], [ 4.538426045929548, 48.769912283384485 ], [ 4.538698134857244, 48.769908650292685 ], [ 4.538703631609985, 48.770088504878231 ], [ 4.538975721454356, 48.770084871121441 ], [ 4.538981219232552, 48.770264725678032 ], [ 4.539525400700234, 48.770257456192233 ], [ 4.539530900474979, 48.770437310696977 ], [ 4.539802992098279, 48.770433674967975 ], [ 4.539813993753194, 48.770793383913414 ], [ 4.539541900187712, 48.770797019688167 ], [ 4.539569400421839, 48.771696292059261 ], [ 4.539297301946319, 48.771699927306173 ], [ 4.539302801185247, 48.771879781784953 ], [ 4.539574900631922, 48.771876146515162 ], [ 4.539602402498647, 48.772775418703127 ], [ 4.539874506746808, 48.772771782676756 ], [ 4.539880008254632, 48.772951637073149 ], [ 4.539607903035261, 48.772955273122363 ], [ 4.539613403626298, 48.773135127535554 ], [ 4.539341297381283, 48.773138762965445 ], [ 4.539352296784162, 48.773498471819209 ], [ 4.539080188542259, 48.773502106652607 ], [ 4.539085687354075, 48.773681961093217 ], [ 4.538813578086512, 48.773685595307242 ], [ 4.538824573930838, 48.774045304215825 ], [ 4.538552462666346, 48.774048937833378 ], [ 4.538568953926963, 48.774588501219064 ], [ 4.538296839694209, 48.774592134262917 ], [ 4.538302335918556, 48.77477198873548 ], [ 4.53803022066011, 48.774775621159939 ], [ 4.538035715967519, 48.774955475649229 ], [ 4.536130900837199, 48.774980884797102 ] ], [ [ 4.535298094061153, 48.774452200626904 ], [ 4.535570207920282, 48.77444857467065 ], [ 4.535564721517642, 48.774268719957547 ], [ 4.535292608629812, 48.774272345891028 ], [ 4.535298094061153, 48.774452200626904 ] ] ] } },
{ "type": "Feature", "properties": { "surface_ha": 1.08 }, "geometry": { "type": "Polygon", "coordinates": [ [ [ 4.510933990556281, 48.76991620410071 ], [ 4.510923195527831, 48.769556490265984 ], [ 4.51119528601444, 48.769552922122244 ], [ 4.511184489257446, 48.769193208308018 ], [ 4.511456577748495, 48.769189639567017 ], [ 4.511451178479052, 48.769009782673237 ], [ 4.51172326594562, 48.769006213312537 ], [ 4.511712465624904, 48.76864649955165 ], [ 4.511984551095954, 48.768642929593703 ], [ 4.511979150044705, 48.768463072726576 ], [ 4.512251234491288, 48.768459502148993 ], [ 4.512256636513565, 48.768639358993646 ], [ 4.512528721877731, 48.768635787751464 ], [ 4.512534124924494, 48.768815644567567 ], [ 4.51280621120624, 48.768812072660758 ], [ 4.512811615277506, 48.768991929448319 ], [ 4.512539528024713, 48.768995501377574 ], [ 4.51254493117839, 48.769175358181535 ], [ 4.512272842901079, 48.769178929491154 ], [ 4.512283647426666, 48.769538643125678 ], [ 4.512011557153762, 48.769542213838072 ], [ 4.512016958525642, 48.769722070668671 ], [ 4.511744867228208, 48.769725640761351 ], [ 4.511750267682431, 48.76990549760832 ], [ 4.510933990556281, 48.76991620410071 ] ] ] } },
{ "type": "Feature", "properties": { "surface_ha": 2.36 }, "geometry": { "type": "Polygon", "coordinates": [ [ [ 4.507930196652688, 48.76959569746441 ], [ 4.507919423201603, 48.769235983111997 ], [ 4.507647334016968, 48.769239543504987 ], [ 4.507636562721194, 48.768879829083431 ], [ 4.507908649963699, 48.768876268735227 ], [ 4.507903263424688, 48.768696411537732 ], [ 4.507631177153232, 48.768699971863519 ], [ 4.507625791638555, 48.768520114637518 ], [ 4.507897876938971, 48.768516554334127 ], [ 4.507876331529017, 48.767797125458877 ], [ 4.508148412892073, 48.767793564602954 ], [ 4.508137638564864, 48.767433850173617 ], [ 4.508409717932651, 48.767430288720377 ], [ 4.50840432987802, 48.76725043151896 ], [ 4.508948486511716, 48.767243306730975 ], [ 4.508953876508286, 48.767423163887543 ], [ 4.509498034870618, 48.767416036486267 ], [ 4.509503426862475, 48.767595893591889 ], [ 4.509775506934604, 48.767592328905671 ], [ 4.509791686143251, 48.768131900118796 ], [ 4.509247520119659, 48.768139028983718 ], [ 4.509258302641461, 48.768498743185049 ], [ 4.508986217607606, 48.768502306699155 ], [ 4.508996998400686, 48.768862020920977 ], [ 4.508724911371413, 48.768865583837766 ], [ 4.508741080047826, 48.769405155192111 ], [ 4.508468990052028, 48.769408717533977 ], [ 4.508474378746395, 48.769588574662343 ], [ 4.507930196652688, 48.76959569746441 ] ] ] } },
{ "type": "Feature", "properties": { "surface_ha": 4.64 }, "geometry": { "type": "Polygon", "coordinates": [ [ [ 4.541941164668271, 48.769145585798995 ], [ 4.541919132463582, 48.768426168396402 ], [ 4.542191212915481, 48.768422527139997 ], [ 4.542174686421286, 48.767882964092649 ], [ 4.542446763905819, 48.767879322262885 ], [ 4.54243574457367, 48.767519613579942 ], [ 4.542707820061834, 48.767515971153898 ], [ 4.542702309506607, 48.767336116826186 ], [ 4.542974383969337, 48.767332473780975 ], [ 4.542968872497726, 48.767152619470053 ], [ 4.543513019317787, 48.767145331499236 ], [ 4.543507505958916, 48.766965477228077 ], [ 4.543779578316238, 48.766961832302478 ], [ 4.543768549820372, 48.766602123787685 ], [ 4.544584760739711, 48.766591185296065 ], [ 4.544590277872983, 48.766771039487715 ], [ 4.545134420154719, 48.766763743903738 ], [ 4.545150977707379, 48.767303306304328 ], [ 4.545423051679012, 48.767299657480372 ], [ 4.54542857194335, 48.767479511578728 ], [ 4.545700646831278, 48.767475862089753 ], [ 4.545706168121145, 48.767655716159027 ], [ 4.545978243925366, 48.767652066004999 ], [ 4.545983766240782, 48.767831920045211 ], [ 4.546255842961293, 48.767828269226136 ], [ 4.54626136630228, 48.768008123237259 ], [ 4.545989288610836, 48.768011774079312 ], [ 4.545994811035526, 48.768191628107338 ], [ 4.545178574720576, 48.768202576849802 ], [ 4.545184094287036, 48.768382430940569 ], [ 4.543823694481964, 48.768400666117358 ], [ 4.543829209248196, 48.768580520316718 ], [ 4.543285047002235, 48.768587809938559 ], [ 4.543290559881069, 48.768767664177716 ], [ 4.54301847770529, 48.768771308048393 ], [ 4.543023989667677, 48.768951162304326 ], [ 4.542751906466374, 48.768954805555794 ], [ 4.542757417512293, 48.769134659828538 ], [ 4.541941164668271, 48.769145585798995 ] ] ] } },
{ "type": "Feature", "properties": { "surface_ha": 2.52 }, "geometry": { "type": "Polygon", "coordinates": [ [ [ 4.562613836249349, 48.768687160726792 ], [ 4.562608254377446, 48.768507308131674 ], [ 4.562336176098059, 48.768510997591754 ], [ 4.562330595252308, 48.768331144967291 ], [ 4.562602672560764, 48.768327455530425 ], [ 4.562591509093075, 48.767967750309573 ], [ 4.562863584404474, 48.767964060277045 ], [ 4.562874749813997, 48.768323765451463 ], [ 4.563146827011997, 48.768320074730411 ], [ 4.563124492530255, 48.767600664449986 ], [ 4.562308272421444, 48.767611734408298 ], [ 4.562302691851756, 48.767431881753232 ], [ 4.562030619342604, 48.767435570432006 ], [ 4.562025039799001, 48.767255717747609 ], [ 4.562297111337282, 48.767252029092077 ], [ 4.562291530878015, 48.767072176424797 ], [ 4.562019460310599, 48.767075865057144 ], [ 4.562013880877396, 48.766896012360526 ], [ 4.561741811225636, 48.76689970032762 ], [ 4.561730654466511, 48.766539994869639 ], [ 4.562002722176588, 48.766536306948971 ], [ 4.561997142908979, 48.766356454233986 ], [ 4.562269209593032, 48.766352765694478 ], [ 4.562263629409804, 48.766172912996609 ], [ 4.561991563696567, 48.766176601512932 ], [ 4.561985984539351, 48.76599674878571 ], [ 4.562802178601016, 48.765985681380279 ], [ 4.562807760670651, 48.766165534037839 ], [ 4.563079826218241, 48.766161843595391 ], [ 4.563085409313915, 48.766341696223627 ], [ 4.563629542185013, 48.766334313366166 ], [ 4.563635127277569, 48.766514165941857 ], [ 4.563090992464826, 48.766521548845759 ], [ 4.563096575670972, 48.766701401461752 ], [ 4.562552438695616, 48.766708781843889 ], [ 4.562563601390223, 48.767068487150404 ], [ 4.563923953122786, 48.767050031147477 ], [ 4.563929539407225, 48.767229883675434 ], [ 4.564473681655173, 48.767222496733389 ], [ 4.564479269936616, 48.767402349208744 ], [ 4.563935125746934, 48.76740973619728 ], [ 4.563940712141908, 48.767589588713022 ], [ 4.564484858273349, 48.767582201678032 ], [ 4.564490446665371, 48.767762054141151 ], [ 4.563674224472635, 48.767773133800254 ], [ 4.563668638993281, 48.767593281267445 ], [ 4.563396565789393, 48.767596973179749 ], [ 4.563407734861572, 48.767956678285749 ], [ 4.563679810007249, 48.767952986326975 ], [ 4.563685395597123, 48.768132838847578 ], [ 4.563957471658449, 48.768129146223494 ], [ 4.563968644945829, 48.768488851199876 ], [ 4.563424488884226, 48.768496235898901 ], [ 4.563430073668946, 48.768676088424336 ], [ 4.562613836249349, 48.768687160726792 ] ], [ [ 4.563418904154755, 48.768316383367271 ], [ 4.56369098124226, 48.768312691362041 ], [ 4.563685395597123, 48.768132838847578 ], [ 4.563413319480539, 48.768136530829565 ], [ 4.563418904154755, 48.768316383367271 ] ] ] } },
{ "type": "Feature", "properties": { "surface_ha": 3.04 }, "geometry": { "type": "Polygon", "coordinates": [ [ [ 4.615587431367898, 48.765437568965964 ], [ 4.615581660975349, 48.765257720887838 ], [ 4.615037553440351, 48.765265348898069 ], [ 4.61502601670912, 48.764905652627384 ], [ 4.614753964797325, 48.764909465621571 ], [ 4.614730895902134, 48.764190072910445 ], [ 4.616635230908543, 48.764163369141826 ], [ 4.616629457033179, 48.763983521116678 ], [ 4.616901503692242, 48.763979703748809 ], [ 4.616907278538202, 48.764159551749955 ], [ 4.61772342108437, 48.764148095722668 ], [ 4.617729198899275, 48.764327943645597 ], [ 4.618001247270965, 48.764324123661908 ], [ 4.618012805013485, 48.764683819441274 ], [ 4.618828955609211, 48.764672355494291 ], [ 4.618834737478116, 48.764852203302617 ], [ 4.618562686366096, 48.764856025284267 ], [ 4.618568467321561, 48.765035873110499 ], [ 4.617752310730481, 48.765047335275852 ], [ 4.617758088831181, 48.765227183168015 ], [ 4.61612576828201, 48.765250090309728 ], [ 4.616131540615893, 48.76542993833985 ], [ 4.615587431367898, 48.765437568965964 ] ] ] } },
{ "type": "Feature", "properties": { "surface_ha": 8.12 }, "geometry": { "type": "Polygon", "coordinates": [ [ [ 4.547893831303057, 48.767986204700918 ], [ 4.547882773024598, 48.767626496948317 ], [ 4.548154848391471, 48.767622841657605 ], [ 4.548143788390009, 48.767263133926534 ], [ 4.54841586176036, 48.767259478039705 ], [ 4.548399269255846, 48.766719916466293 ], [ 4.548127198798136, 48.7667235722841 ], [ 4.548121669043597, 48.76654371839107 ], [ 4.548393738530445, 48.76654006259627 ], [ 4.548388207859759, 48.766360208720123 ], [ 4.547844070773063, 48.766367519621717 ], [ 4.547827484914302, 48.765827957818679 ], [ 4.547555419201407, 48.765831612237399 ], [ 4.547566474444225, 48.766191320158185 ], [ 4.547294406734983, 48.766194973980852 ], [ 4.547288880057066, 48.766015120000532 ], [ 4.546744746416234, 48.766022425673732 ], [ 4.546739221734648, 48.76584257164135 ], [ 4.54646715580307, 48.765846223491877 ], [ 4.54645610854549, 48.765486515362824 ], [ 4.546728172535443, 48.765482863558226 ], [ 4.546706074792888, 48.764763447318671 ], [ 4.54725019484255, 48.764756141967183 ], [ 4.547261247487615, 48.765115850007255 ], [ 4.547533309371989, 48.765112196322484 ], [ 4.547527782051342, 48.7649323423285 ], [ 4.547799842910258, 48.764928688024725 ], [ 4.547794314673526, 48.764748834047566 ], [ 4.548066374506982, 48.764745179124759 ], [ 4.54807190371448, 48.764925033078889 ], [ 4.548343964464003, 48.764921377491049 ], [ 4.548355024984664, 48.765281085334976 ], [ 4.547266773892155, 48.765295704018108 ], [ 4.547272300351371, 48.765475558022878 ], [ 4.547816427948604, 48.765468249919422 ], [ 4.547821956404105, 48.765648103872088 ], [ 4.548366085724173, 48.765640793154461 ], [ 4.548382677243791, 48.766180354837864 ], [ 4.548926812169939, 48.766173041414056 ], [ 4.548921279667021, 48.765993187571709 ], [ 4.548649213202141, 48.765996844581636 ], [ 4.548643681724779, 48.765816990710164 ], [ 4.549187812658164, 48.765809676094285 ], [ 4.549176745984381, 48.765449968425052 ], [ 4.54944880942735, 48.765446310200069 ], [ 4.54944327520178, 48.765266456379301 ], [ 4.549987399981873, 48.765259138049259 ], [ 4.549992936149025, 48.765438991823984 ], [ 4.550537062651621, 48.765431670879792 ], [ 4.550531524542888, 48.765251817151103 ], [ 4.551075648884749, 48.76524449368484 ], [ 4.551081188935056, 48.765424347367443 ], [ 4.551353251994566, 48.765420684648227 ], [ 4.55135879307048, 48.765600538301669 ], [ 4.551086729040172, 48.765604201043956 ], [ 4.551092269200097, 48.765784054714338 ], [ 4.551364334201211, 48.765780391949015 ], [ 4.551380957922328, 48.766319952854374 ], [ 4.551653025781094, 48.766316289377883 ], [ 4.551636399147504, 48.765776728541667 ], [ 4.552452593657372, 48.765765734467379 ], [ 4.552458138726178, 48.765945588016415 ], [ 4.551914007166149, 48.765952918087422 ], [ 4.55191955034817, 48.766132771676432 ], [ 4.552735750518399, 48.76612177553767 ], [ 4.552741296667757, 48.766301629051405 ], [ 4.553013364252269, 48.766297962364661 ], [ 4.553018911427338, 48.7664778158492 ], [ 4.553290979927813, 48.766474148497338 ], [ 4.553296528128611, 48.766654001952681 ], [ 4.553568597545046, 48.766650333935701 ], [ 4.553574146771591, 48.766830187361855 ], [ 4.553030005942114, 48.766837522799975 ], [ 4.553024458657286, 48.766657669327643 ], [ 4.551936180223275, 48.766672332406813 ], [ 4.551930636876732, 48.766492478836113 ], [ 4.551658568101951, 48.766496142977715 ], [ 4.551669652908165, 48.766855850159075 ], [ 4.551397582136838, 48.766859513704688 ], [ 4.551403123651321, 48.767039367309259 ], [ 4.551131051854297, 48.767043030235854 ], [ 4.551136592452722, 48.767222883857364 ], [ 4.551408665220631, 48.76721922090772 ], [ 4.55142529025751, 48.767758781666359 ], [ 4.549792835351744, 48.767780750147736 ], [ 4.549798371314819, 48.767960603859919 ], [ 4.547893831303057, 48.767986204700918 ] ], [ [ 4.549776227791137, 48.767241188974474 ], [ 4.550320373820141, 48.767233868853864 ], [ 4.550309298503382, 48.766874161466554 ], [ 4.550037227458032, 48.766877821801842 ], [ 4.550042764118142, 48.767057675521578 ], [ 4.549770692047137, 48.767061335237841 ], [ 4.549776227791137, 48.767241188974474 ] ], [ [ 4.550020617806354, 48.766338260605991 ], [ 4.550292685939135, 48.766334600339754 ], [ 4.550281611170222, 48.76597489289135 ], [ 4.550009544979106, 48.765978553111523 ], [ 4.550020617806354, 48.766338260605991 ] ], [ [ 4.550831282686814, 48.766147424206082 ], [ 4.551103349684379, 48.766143762036755 ], [ 4.551097809414834, 48.765963908378588 ], [ 4.550825743388094, 48.765967570524893 ], [ 4.550831282686814, 48.766147424206082 ] ] ] } },
{ "type": "Feature", "properties": { "surface_ha": 19.92 }, "geometry": { "type": "Polygon", "coordinates": [ [ [ 4.579766003533839, 48.768813131056689 ], [ 4.579760360382426, 48.768633279944211 ], [ 4.5794882836591, 48.76863700990242 ], [ 4.579482641534422, 48.768457158760356 ], [ 4.579210565726183, 48.768460888053049 ], [ 4.579204924628221, 48.768281036881369 ], [ 4.578932849735069, 48.768284765508511 ], [ 4.578927209663807, 48.768104914307266 ], [ 4.578655135685743, 48.768108642268913 ], [ 4.578649496641158, 48.767928791038052 ], [ 4.578377423578186, 48.767932518334177 ], [ 4.578371785560259, 48.767752667073751 ], [ 4.578099713412378, 48.76775639370436 ], [ 4.578094076421093, 48.767576542414368 ], [ 4.577822005188306, 48.767580268379483 ], [ 4.57781636922364, 48.767400417059918 ], [ 4.57754429890595, 48.767404142359517 ], [ 4.577538663967885, 48.767224291010422 ], [ 4.577266594565289, 48.767228015644527 ], [ 4.577260960653809, 48.767048164265866 ], [ 4.57698889216631, 48.767051888234477 ], [ 4.576983259281393, 48.766872036826264 ], [ 4.576711191708992, 48.76687576012943 ], [ 4.576705559850619, 48.766695908691652 ], [ 4.57643349319332, 48.766699631329374 ], [ 4.576427862361474, 48.766519779862044 ], [ 4.57588373082138, 48.766527223164516 ], [ 4.575878101986838, 48.76634737164423 ], [ 4.575606037104056, 48.766351092309016 ], [ 4.575600409295992, 48.766171240759199 ], [ 4.575328345328327, 48.766174960758526 ], [ 4.575322718546722, 48.765995109179215 ], [ 4.575050655494171, 48.765998828513133 ], [ 4.575045029739004, 48.765818976904264 ], [ 4.574500905408493, 48.765826413599221 ], [ 4.574495281650512, 48.765646561937444 ], [ 4.574223220372563, 48.765650279298526 ], [ 4.574217597640973, 48.765470427607234 ], [ 4.573945537278155, 48.7654741443029 ], [ 4.57393991557294, 48.765294292582098 ], [ 4.57339579662196, 48.765301724000636 ], [ 4.573390176913838, 48.765121872226963 ], [ 4.572846059681956, 48.765129301030726 ], [ 4.57284044197089, 48.764949449204195 ], [ 4.572568384242312, 48.764953162619705 ], [ 4.572562767557545, 48.764773310763694 ], [ 4.572018653875146, 48.764780735621983 ], [ 4.572013039187371, 48.764600883713165 ], [ 4.571740983233564, 48.76460459515598 ], [ 4.571735369572036, 48.764424743217653 ], [ 4.571191259439236, 48.764432164130561 ], [ 4.571185647774639, 48.764252312139433 ], [ 4.570641539361171, 48.764259730437715 ], [ 4.570635929693465, 48.764079878393787 ], [ 4.570363876374171, 48.764083586556609 ], [ 4.57035826773264, 48.763903734483257 ], [ 4.570086215328543, 48.76390744198077 ], [ 4.570080607713168, 48.763727589877952 ], [ 4.570352659146596, 48.76372388240376 ], [ 4.570341442140955, 48.763364178226432 ], [ 4.570613491577586, 48.763360470156918 ], [ 4.57060788218735, 48.763180618082373 ], [ 4.571151978952844, 48.763173200064095 ], [ 4.571157590284362, 48.763353052091965 ], [ 4.573061934008962, 48.763327068642639 ], [ 4.573067552190519, 48.763506920500909 ], [ 4.573883701579503, 48.763495775037292 ], [ 4.5738893227286, 48.763675626819357 ], [ 4.574705474529061, 48.763664475507824 ], [ 4.574711098645746, 48.763844327213604 ], [ 4.576071355386925, 48.76382572873797 ], [ 4.576076984412583, 48.7640055803206 ], [ 4.576349036564464, 48.764001858676131 ], [ 4.576354666616486, 48.764181710229238 ], [ 4.576898772694493, 48.764174264967544 ], [ 4.576904404743579, 48.764354116467679 ], [ 4.577176458669696, 48.764350392850424 ], [ 4.577182091745188, 48.764530244321023 ], [ 4.577726201371613, 48.764522795113685 ], [ 4.577731836444234, 48.764702646531269 ], [ 4.57800389214453, 48.764698920941186 ], [ 4.578009528243608, 48.764878772329226 ], [ 4.578553641418333, 48.764871319176187 ], [ 4.578559279514604, 48.765051170511207 ], [ 4.578831336989021, 48.765047442948223 ], [ 4.578836976111796, 48.76522729425367 ], [ 4.579109034501153, 48.76522356602527 ], [ 4.579114674650449, 48.765403417301123 ], [ 4.579386733954743, 48.765399688407278 ], [ 4.579392375130579, 48.765579539653501 ], [ 4.579664435349808, 48.76557581009417 ], [ 4.579670077552208, 48.765755661310841 ], [ 4.580214199764704, 48.765748200219178 ], [ 4.580219843964443, 48.76592805138278 ], [ 4.580763967895106, 48.765920587676106 ], [ 4.580769614092222, 48.766100438786623 ], [ 4.58104167694454, 48.766096705946772 ], [ 4.581047324168291, 48.766276557027709 ], [ 4.58131938793552, 48.766272823522336 ], [ 4.581325036185928, 48.766452674573642 ], [ 4.581597100868061, 48.766448940402739 ], [ 4.581602750145145, 48.766628791424438 ], [ 4.581874815742185, 48.766625056588026 ], [ 4.581880466045963, 48.766804907580095 ], [ 4.582152532557906, 48.766801172078132 ], [ 4.582163835274796, 48.767160873996858 ], [ 4.581891766821216, 48.767164609545823 ], [ 4.581897417292694, 48.767344460519489 ], [ 4.58162534781238, 48.767348195449877 ], [ 4.581630997368917, 48.767528046440901 ], [ 4.581358926861866, 48.767531780752734 ], [ 4.581364575503443, 48.767711631761138 ], [ 4.581092503969656, 48.767715365454386 ], [ 4.581103799478729, 48.76807506749978 ], [ 4.580831725947329, 48.768078800597948 ], [ 4.580843019738127, 48.768438502665774 ], [ 4.580570944209084, 48.768442235168827 ], [ 4.580576590217383, 48.768622086217036 ], [ 4.580304513661576, 48.768625818101491 ], [ 4.58031015875482, 48.768805669167072 ], [ 4.579766003533839, 48.768813131056689 ] ] ] } },
{ "type": "Feature", "properties": { "surface_ha": 1.68 }, "geometry": { "type": "Polygon", "coordinates": [ [ [ 4.507523476982675, 48.765102826187274 ], [ 4.507458867108544, 48.762944537612988 ], [ 4.507730922311456, 48.762940978003861 ], [ 4.507725537530762, 48.762761120605511 ], [ 4.50799759170967, 48.762757560376784 ], [ 4.507992206011526, 48.762577702994726 ], [ 4.508264259166428, 48.762574142146377 ], [ 4.508275032557454, 48.762933856859568 ], [ 4.508002977461095, 48.762937417752724 ], [ 4.508024520999615, 48.763656847195698 ], [ 4.508296579979, 48.763653286212943 ], [ 4.508301966967617, 48.763833143536068 ], [ 4.508846086708054, 48.763826019599627 ], [ 4.508856864728348, 48.764185734137982 ], [ 4.508584802943195, 48.764189296472033 ], [ 4.508590191062505, 48.76436915375448 ], [ 4.508862253818468, 48.764365591398033 ], [ 4.508867642961903, 48.764545448651994 ], [ 4.508595579235124, 48.764549011030859 ], [ 4.508606355740277, 48.764908725565348 ], [ 4.508334290018527, 48.764912287346974 ], [ 4.508339677380219, 48.765092144627509 ], [ 4.508067610634323, 48.765095705789477 ], [ 4.50806222424348, 48.764915848486574 ], [ 4.507790158415144, 48.764919408984085 ], [ 4.507795543835139, 48.765099266309392 ], [ 4.507523476982675, 48.765102826187274 ] ], [ [ 4.507757847014005, 48.76384026490436 ], [ 4.508029907017452, 48.763836704541227 ], [ 4.508024520999615, 48.763656847195698 ], [ 4.507752461966948, 48.763660407536435 ], [ 4.507757847014005, 48.76384026490436 ] ] ] } },
{ "type": "Feature", "properties": { "surface_ha": 21.72 }, "geometry": { "type": "Polygon", "coordinates": [ [ [ 4.519837003124366, 48.767280127858115 ], [ 4.519831574289515, 48.7671002716014 ], [ 4.519559498139859, 48.767103860000624 ], [ 4.519554070329654, 48.766924003715253 ], [ 4.519281995097232, 48.7669275914498 ], [ 4.519276568311652, 48.766747735135766 ], [ 4.518732419627598, 48.766754908633487 ], [ 4.518737844471326, 48.766934764992641 ], [ 4.518193693630736, 48.766941935967104 ], [ 4.518188270728865, 48.76676207956281 ], [ 4.517372046978404, 48.766772831141175 ], [ 4.51736662704294, 48.766592974663141 ], [ 4.5160062579078, 48.766610881005867 ], [ 4.516011672988652, 48.766790737596537 ], [ 4.515467523017663, 48.766797895684036 ], [ 4.515472936210218, 48.76697775231365 ], [ 4.514112555491016, 48.766995636408225 ], [ 4.514107147153144, 48.766815779666089 ], [ 4.513835071819678, 48.766819354536224 ], [ 4.513829664506243, 48.766639497765496 ], [ 4.513285515620693, 48.766646645534486 ], [ 4.513280110302595, 48.766466788712719 ], [ 4.513008036750521, 48.766470361611596 ], [ 4.513002632456811, 48.76629050476128 ], [ 4.512458487134096, 48.766297648587837 ], [ 4.512453084835659, 48.766117791686447 ], [ 4.511908941240963, 48.766124932899729 ], [ 4.511903540937765, 48.765945075947343 ], [ 4.51135939907115, 48.765952214547376 ], [ 4.511354000763153, 48.765772357544023 ], [ 4.510265720272664, 48.76578662694935 ], [ 4.510260325901591, 48.765606769850102 ], [ 4.509716187277858, 48.765613900655453 ], [ 4.509710794901898, 48.76543404350528 ], [ 4.509166658006515, 48.765441171697489 ], [ 4.509161267625631, 48.765261314496385 ], [ 4.509433335129126, 48.765257750743729 ], [ 4.509411770255501, 48.764538321968082 ], [ 4.509683833822303, 48.764534757663057 ], [ 4.509656874076328, 48.763635471668671 ], [ 4.509384815363505, 48.76363903586158 ], [ 4.509374033780035, 48.763279321376373 ], [ 4.509101976955409, 48.763282884882415 ], [ 4.509080418311367, 48.762563455749259 ], [ 4.509352471253057, 48.762559892332881 ], [ 4.509357861804808, 48.762739749602872 ], [ 4.509629915663889, 48.762736185522101 ], [ 4.509635307239699, 48.762916042763585 ], [ 4.510179416739291, 48.762908912631097 ], [ 4.510184810309913, 48.763088769821643 ], [ 4.511000977071301, 48.763078069740516 ], [ 4.511006373607519, 48.763257926857648 ], [ 4.511822542800651, 48.763247220931035 ], [ 4.511827942302517, 48.763427077974747 ], [ 4.51237205677237, 48.763419937435316 ], [ 4.512377458269176, 48.763599794428011 ], [ 4.513465690450606, 48.763585505555014 ], [ 4.51347109588392, 48.763765362451736 ], [ 4.514559331092801, 48.76375106321639 ], [ 4.514553921776423, 48.763571206409615 ], [ 4.516186267159535, 48.763549738430804 ], [ 4.516180852072155, 48.763369881753022 ], [ 4.516452908477812, 48.763366301532002 ], [ 4.516463740647652, 48.763726014836465 ], [ 4.517279915367625, 48.763715270186132 ], [ 4.517290753576431, 48.764074983331049 ], [ 4.517562813650754, 48.764071400451797 ], [ 4.517557393548769, 48.763891543904933 ], [ 4.517829452598695, 48.763887960406187 ], [ 4.517834873671458, 48.764067816930513 ], [ 4.51810693363853, 48.764064232767225 ], [ 4.518123200090987, 48.764603802236017 ], [ 4.5183952629168, 48.764600217363018 ], [ 4.518400686145715, 48.76478007381786 ], [ 4.51812862234909, 48.764783658713419 ], [ 4.51815031191795, 48.765503084562141 ], [ 4.517878244184332, 48.765506668905807 ], [ 4.517883665739801, 48.765686525375315 ], [ 4.51815573444428, 48.765682941009075 ], [ 4.518166579657879, 48.766042653884703 ], [ 4.518710720789384, 48.766035483135759 ], [ 4.518716145418436, 48.766215339519363 ], [ 4.519260288277047, 48.766208166157 ], [ 4.51926571490156, 48.76638802248933 ], [ 4.519809859487213, 48.766380846513556 ], [ 4.519815288107226, 48.766560702794642 ], [ 4.52035943441986, 48.766553524205385 ], [ 4.520364865035408, 48.76673338043522 ], [ 4.520092790935037, 48.766736970073488 ], [ 4.520109080191254, 48.767276538794228 ], [ 4.519837003124366, 48.767280127858115 ] ], [ [ 4.515190035783755, 48.766621617106409 ], [ 4.5160062579078, 48.766610881005867 ], [ 4.516000842880524, 48.76643102440908 ], [ 4.515184623669225, 48.766441760442113 ], [ 4.515190035783755, 48.766621617106409 ] ] ] } },
{ "type": "Feature", "properties": { "surface_ha": 1.28 }, "geometry": { "type": "Polygon", "coordinates": [ [ [ 4.518041872656196, 48.761905954343796 ], [ 4.518036451256298, 48.761726097768914 ], [ 4.517492356507187, 48.761733264867338 ], [ 4.517486937102222, 48.761553408241248 ], [ 4.517758983532937, 48.76154982503558 ], [ 4.517753563210943, 48.761369968425967 ], [ 4.517209472237184, 48.761377134150266 ], [ 4.517204053910074, 48.761197277489487 ], [ 4.517476098453128, 48.761193694970864 ], [ 4.517459840881564, 48.760654125019549 ], [ 4.517731882459167, 48.760650541926587 ], [ 4.517737302566683, 48.760830398560564 ], [ 4.518281387502232, 48.760823230403659 ], [ 4.518286809604588, 48.761003086986449 ], [ 4.51910293951743, 48.760992329868749 ], [ 4.51913006539339, 48.761891612352976 ], [ 4.518041872656196, 48.761905954343796 ] ] ] } },
{ "type": "Feature", "properties": { "surface_ha": 2.48 }, "geometry": { "type": "Polygon", "coordinates": [ [ [ 4.609215208086301, 48.761928162849586 ], [ 4.609203714283426, 48.761568465339579 ], [ 4.60893167961631, 48.761572264398318 ], [ 4.608914442249755, 48.761032718015478 ], [ 4.608642410437193, 48.761036516360619 ], [ 4.608619431959233, 48.760317121001869 ], [ 4.608347403971566, 48.76032091860958 ], [ 4.608312943781665, 48.759241825243706 ], [ 4.609401032102161, 48.759226631535121 ], [ 4.609418273585869, 48.759766177958952 ], [ 4.609690298434992, 48.759762377855495 ], [ 4.60972478875988, 48.760841470393814 ], [ 4.609996819374594, 48.760837669505044 ], [ 4.610031317569435, 48.761916761678563 ], [ 4.609215208086301, 48.761928162849586 ] ] ] } },
{ "type": "Feature", "properties": { "surface_ha": 5.6 }, "geometry": { "type": "Polygon", "coordinates": [ [ [ 4.513971956094393, 48.762319359133606 ], [ 4.513966549147486, 48.76213950223314 ], [ 4.513694499055062, 48.762143076518576 ], [ 4.513689093132324, 48.761963219589539 ], [ 4.512872945446255, 48.761973938526474 ], [ 4.512867542489011, 48.761794081523924 ], [ 4.512595494124081, 48.761797653196467 ], [ 4.512584690311258, 48.761437939128129 ], [ 4.512856736734871, 48.76143436750052 ], [ 4.512840528504525, 48.760894796419763 ], [ 4.513112571962789, 48.760891224217616 ], [ 4.513096361301644, 48.760351653149456 ], [ 4.513368401794637, 48.760348080372751 ], [ 4.513357593013318, 48.759988366341837 ], [ 4.513629631511692, 48.759984792968126 ], [ 4.513613415829009, 48.759445221943501 ], [ 4.513885451362245, 48.759441647995331 ], [ 4.513869233249212, 48.758902076983318 ], [ 4.51414126581739, 48.758898502460667 ], [ 4.514146672772105, 48.759078359448282 ], [ 4.514418706257315, 48.759074784261216 ], [ 4.514424114236042, 48.759254641220231 ], [ 4.514968182987003, 48.759247488875332 ], [ 4.514973592960295, 48.759427345783273 ], [ 4.515789698596933, 48.759416612383966 ], [ 4.515784285712045, 48.759236755543547 ], [ 4.516056319846646, 48.759233176482446 ], [ 4.516067147611039, 48.75959289011216 ], [ 4.515795111535367, 48.75959646921828 ], [ 4.515816763824583, 48.760315896494681 ], [ 4.515544723813106, 48.760319475048931 ], [ 4.515566373076707, 48.761038902317885 ], [ 4.515294329129275, 48.761042480320228 ], [ 4.515310563727263, 48.761582050775523 ], [ 4.515038516814383, 48.76158562820342 ], [ 4.51504933820606, 48.761945341854826 ], [ 4.51477728929833, 48.761948918685739 ], [ 4.514788108962752, 48.762308632357822 ], [ 4.513971956094393, 48.762319359133606 ] ] ] } },
{ "type": "Feature", "properties": { "surface_ha": 1.04 }, "geometry": { "type": "Polygon", "coordinates": [ [ [ 4.551431377901035, 48.759122140372085 ], [ 4.551420297809148, 48.758762432665058 ], [ 4.551692324846331, 48.758758769514507 ], [ 4.551675702208254, 48.758219207977291 ], [ 4.551947726279362, 48.758215544253986 ], [ 4.551942184539223, 48.758035690419064 ], [ 4.552214207585112, 48.758032026076954 ], [ 4.552203122328512, 48.757672318434899 ], [ 4.552475143378803, 48.757668653497021 ], [ 4.552480686950068, 48.757848507298064 ], [ 4.553024730826889, 48.757841175450586 ], [ 4.553041367692106, 48.75838073667866 ], [ 4.552769342869925, 48.758384402992505 ], [ 4.552780432446848, 48.758744110493438 ], [ 4.552236378756252, 48.75875144128775 ], [ 4.552241921686112, 48.758931295075165 ], [ 4.551969893788123, 48.758934959532546 ], [ 4.551975435802366, 48.759114813336886 ], [ 4.551431377901035, 48.759122140372085 ] ] ] } },
{ "type": "Feature", "properties": { "surface_ha": 7.4 }, "geometry": { "type": "Polygon", "coordinates": [ [ [ 4.510413711113793, 48.761646346254565 ], [ 4.510408316999357, 48.761466489037765 ], [ 4.509864223137567, 48.761473620095387 ], [ 4.509858831017791, 48.761293762827599 ], [ 4.508770646536787, 48.761308017149403 ], [ 4.508754482145112, 48.760768445040547 ], [ 4.50902652543344, 48.760764882490314 ], [ 4.509010358609666, 48.760225310393935 ], [ 4.509282398932868, 48.760221747268957 ], [ 4.50926622967715, 48.759682175185041 ], [ 4.509538267035308, 48.75967861148537 ], [ 4.509522095347802, 48.759139039413931 ], [ 4.509794129740993, 48.759135475139587 ], [ 4.509788738314616, 48.758955617792687 ], [ 4.510060771683948, 48.75895205289887 ], [ 4.510044594813287, 48.758412480888886 ], [ 4.510316625217758, 48.758408915420432 ], [ 4.510311232063733, 48.75822905809401 ], [ 4.51085529077164, 48.758221925276231 ], [ 4.510849895730014, 48.758042067988612 ], [ 4.511121924033445, 48.758038500639309 ], [ 4.511127320045545, 48.758218357904468 ], [ 4.511671378433209, 48.758211221235221 ], [ 4.511665980480158, 48.758031364014947 ], [ 4.511938008623423, 48.758027794739924 ], [ 4.511932609753306, 48.757847937535999 ], [ 4.512204636872703, 48.757844367641546 ], [ 4.512220836554695, 48.758383939167636 ], [ 4.512492866532091, 48.758380368563891 ], [ 4.512514470737957, 48.759099797090258 ], [ 4.512242436878537, 48.759103367783872 ], [ 4.512269438485305, 48.760002653417146 ], [ 4.511997399719716, 48.760006223581108 ], [ 4.512035197418761, 48.761265223369193 ], [ 4.511763151805505, 48.761268793048401 ], [ 4.511757752944598, 48.76108893593161 ], [ 4.511485708248571, 48.761092504946397 ], [ 4.511491106138841, 48.761272362085641 ], [ 4.511219060418776, 48.761275930480906 ], [ 4.511224457391799, 48.7614557876365 ], [ 4.510952410647695, 48.761459355412214 ], [ 4.510957806703451, 48.76163921258415 ], [ 4.510413711113793, 48.761646346254565 ] ] ] } },
{ "type": "Feature", "properties": { "surface_ha": 1.96 }, "geometry": { "type": "Polygon", "coordinates": [ [ [ 4.576129507972018, 48.756987643325786 ], [ 4.576118252378271, 48.75662793972328 ], [ 4.576390264685082, 48.756624218396745 ], [ 4.576384636001439, 48.756444366609706 ], [ 4.576656647282302, 48.756440644664785 ], [ 4.576651017684074, 48.756260792895034 ], [ 4.577195038138211, 48.756253347126567 ], [ 4.57718940665517, 48.756073495397523 ], [ 4.577461415828437, 48.756069771574012 ], [ 4.577455783430858, 48.75588991986227 ], [ 4.580991884996868, 48.755841452057801 ], [ 4.580997530007497, 48.756021303464657 ], [ 4.579909495879586, 48.756036228281445 ], [ 4.579915137065087, 48.756216079776067 ], [ 4.579371117725811, 48.756223538380581 ], [ 4.579376757026608, 48.756403389915981 ], [ 4.57856072468859, 48.756414573079603 ], [ 4.578566361134375, 48.756594424679236 ], [ 4.577478313355455, 48.756609326672475 ], [ 4.57748394597589, 48.756789178359718 ], [ 4.57693991981154, 48.756796625552326 ], [ 4.576945550547117, 48.756976477280276 ], [ 4.576129507972018, 48.756987643325786 ] ] ] } },
{ "type": "Feature", "properties": { "surface_ha": 1.84 }, "geometry": { "type": "Polygon", "coordinates": [ [ [ 4.548672373674875, 48.757899758341495 ], [ 4.548666843689001, 48.757719904218021 ], [ 4.54839482187201, 48.757723560169865 ], [ 4.548378235153718, 48.7571839976939 ], [ 4.548650254059596, 48.757180341811072 ], [ 4.548644724292526, 48.757000487663177 ], [ 4.548916742173352, 48.756996831161509 ], [ 4.54891121149064, 48.756816977030525 ], [ 4.548639194580157, 48.756820633509193 ], [ 4.548628135319514, 48.756460925182886 ], [ 4.548084105215774, 48.756468236122728 ], [ 4.548078577608126, 48.75628838190444 ], [ 4.548894619770754, 48.756277414600902 ], [ 4.548889089306873, 48.756097560445461 ], [ 4.54861707627766, 48.756101216832143 ], [ 4.548611546838777, 48.755921362647584 ], [ 4.548883558897697, 48.755917706283924 ], [ 4.548872498243457, 48.75555799794251 ], [ 4.549144508307113, 48.755554340983025 ], [ 4.54915557090191, 48.755914049278424 ], [ 4.549427582851409, 48.755910391631105 ], [ 4.549422050556371, 48.755730537509457 ], [ 4.549694061480865, 48.755726879243333 ], [ 4.549705128066241, 48.756086587434481 ], [ 4.54916110228138, 48.756093903416968 ], [ 4.549166633715566, 48.756273757549387 ], [ 4.549710661441029, 48.756266441520872 ], [ 4.549716194870552, 48.756446295601172 ], [ 4.549444180064873, 48.756449953959354 ], [ 4.549449712578811, 48.75662980805653 ], [ 4.550265759742595, 48.756618830987449 ], [ 4.550276830756659, 48.756978539025397 ], [ 4.550004813149472, 48.756982198736303 ], [ 4.550015882441858, 48.757341906795858 ], [ 4.549743862839216, 48.757345565910953 ], [ 4.549749396597166, 48.757525419954597 ], [ 4.549477375969417, 48.757529078450865 ], [ 4.549471843181839, 48.757349224384207 ], [ 4.54919982346973, 48.757352882215606 ], [ 4.54921641908552, 48.757892444466222 ], [ 4.548672373674875, 48.757899758341495 ] ], [ [ 4.548661313757832, 48.757540050088501 ], [ 4.548933334549741, 48.757536393517803 ], [ 4.548927803702901, 48.757356539405151 ], [ 4.548655783881363, 48.757360195952835 ], [ 4.548661313757832, 48.757540050088501 ] ], [ [ 4.54946631044899, 48.757169370311466 ], [ 4.549738329136009, 48.757165711861226 ], [ 4.549732795487539, 48.756985857805383 ], [ 4.54946077777087, 48.756989516232608 ], [ 4.54946631044899, 48.757169370311466 ] ] ] } },
{ "type": "Feature", "properties": { "surface_ha": 3.0 }, "geometry": { "type": "Polygon", "coordinates": [ [ [ 4.5160021842379, 48.757434607968449 ], [ 4.515991357758754, 48.757074894192542 ], [ 4.516263380194192, 48.757071314759742 ], [ 4.516252551988436, 48.756711601004511 ], [ 4.515436490343896, 48.756722337242266 ], [ 4.515431079232512, 48.756542480287969 ], [ 4.515703098863844, 48.756538902206429 ], [ 4.515697686835607, 48.756359045268574 ], [ 4.515969705443028, 48.756355466567683 ], [ 4.515964292497959, 48.756175609646228 ], [ 4.515692274860905, 48.756179188324616 ], [ 4.515665215790396, 48.75527990351344 ], [ 4.516209241307576, 48.75527274573998 ], [ 4.516214654955251, 48.755452602669365 ], [ 4.516486668603838, 48.755449022797364 ], [ 4.516481253985845, 48.755269165890489 ], [ 4.516753266610555, 48.755265585399158 ], [ 4.516758682198865, 48.755445442283509 ], [ 4.517030695740321, 48.755441861127835 ], [ 4.517025279181694, 48.755262004266015 ], [ 4.517297291699256, 48.755258422491025 ], [ 4.517302709228197, 48.755438279330299 ], [ 4.517846736043176, 48.755431113809763 ], [ 4.517862994773549, 48.75597068415582 ], [ 4.518135011011629, 48.755967100365147 ], [ 4.518140431665992, 48.756146957112463 ], [ 4.517596397195516, 48.756154124097016 ], [ 4.517601815962773, 48.756333980883319 ], [ 4.518145852373975, 48.756326813853647 ], [ 4.518151273135581, 48.75650667058877 ], [ 4.518423292231125, 48.756503086088586 ], [ 4.518434135855971, 48.75686279949543 ], [ 4.518706156838653, 48.756859214308321 ], [ 4.518717002618838, 48.757218927645667 ], [ 4.518444979695349, 48.75722251287791 ], [ 4.518439557748843, 48.757042656189732 ], [ 4.51789551368179, 48.75704982468347 ], [ 4.51788467383126, 48.756690111198651 ], [ 4.517068613150976, 48.756700858989959 ], [ 4.517074030138259, 48.756880715803057 ], [ 4.516802008833923, 48.756884297138981 ], [ 4.516807424904389, 48.757064153968486 ], [ 4.516535402576074, 48.757067734685059 ], [ 4.5165408177297, 48.757247591531012 ], [ 4.516268794377406, 48.757251171628205 ], [ 4.516274208614176, 48.757431028490593 ], [ 4.5160021842379, 48.757434607968449 ] ], [ [ 4.516524572429518, 48.756708020974891 ], [ 4.517068613150976, 48.756700858989959 ], [ 4.517063196217278, 48.756521002170807 ], [ 4.516519157436589, 48.756528164110641 ], [ 4.516524572429518, 48.756708020974891 ] ] ] } },
{ "type": "Feature", "properties": { "surface_ha": 3.68 }, "geometry": { "type": "Polygon", "coordinates": [ [ [ 4.606351425850592, 48.757469898416858 ], [ 4.606299805636596, 48.755851255896104 ], [ 4.60602780145213, 48.755855047772506 ], [ 4.606004864490455, 48.755135650841432 ], [ 4.605732864129908, 48.755139441980646 ], [ 4.605698466209591, 48.754060346256558 ], [ 4.606242455232625, 48.754052763622546 ], [ 4.606236720504215, 48.753872914361381 ], [ 4.606780707360206, 48.753865329208139 ], [ 4.606797917536118, 48.754404876830066 ], [ 4.607069913789259, 48.754401083219264 ], [ 4.607098603401283, 48.755300329013515 ], [ 4.607370604448285, 48.755296534641644 ], [ 4.607399300330083, 48.756195780162905 ], [ 4.607671306171169, 48.756191985029908 ], [ 4.607711489581643, 48.757450928334407 ], [ 4.606351425850592, 48.757469898416858 ] ] ] } },
{ "type": "Feature", "properties": { "surface_ha": 7.6 }, "geometry": { "type": "Polygon", "coordinates": [ [ [ 4.521741853911558, 48.758258586102912 ], [ 4.52173641999769, 48.758078729722193 ], [ 4.521192365573889, 48.758085913892032 ], [ 4.521186933654672, 48.757906057460033 ], [ 4.521458959922994, 48.757902465718658 ], [ 4.521448094304886, 48.757542752881555 ], [ 4.521720118578596, 48.757539160543466 ], [ 4.521709251234623, 48.757179447727218 ], [ 4.521437228901743, 48.757183040020088 ], [ 4.521420931200073, 48.756643470682171 ], [ 4.521148911724631, 48.75664706226538 ], [ 4.521143480235257, 48.756467205784638 ], [ 4.520599443063943, 48.756474386980308 ], [ 4.520588584127814, 48.75611467391014 ], [ 4.52086060079961, 48.756111083678405 ], [ 4.520855170441762, 48.7559312271568 ], [ 4.521399201683506, 48.755924044812957 ], [ 4.521388337247633, 48.755564331841775 ], [ 4.521660350847251, 48.755560739752305 ], [ 4.5216549177396, 48.755380883280161 ], [ 4.521926930315159, 48.755377290571445 ], [ 4.521921496290947, 48.755197434115821 ], [ 4.522465519340193, 48.75519024681806 ], [ 4.522460083429146, 48.755010390401544 ], [ 4.522732093902824, 48.755006795812541 ], [ 4.522726657075262, 48.75482693941256 ], [ 4.52299866652488, 48.754823344204354 ], [ 4.522987791090555, 48.754463631431314 ], [ 4.523531805947345, 48.754456439179933 ], [ 4.523526366370358, 48.754276582829526 ], [ 4.524070379071422, 48.75426938805613 ], [ 4.524064937607758, 48.754089531744889 ], [ 4.524336942907316, 48.754085933418125 ], [ 4.524353270370535, 48.754625502265696 ], [ 4.524625278527009, 48.754621903229207 ], [ 4.524630722092687, 48.754801759476898 ], [ 4.525174740184627, 48.754794559433194 ], [ 4.525191077026463, 48.755334128003774 ], [ 4.524919065096562, 48.755337728414496 ], [ 4.524924509847936, 48.755517584615149 ], [ 4.524652496893872, 48.755521184406668 ], [ 4.524663384617549, 48.755880896834974 ], [ 4.524391369668994, 48.755884496029964 ], [ 4.524396812641272, 48.756064352257596 ], [ 4.524124796668538, 48.756067950833369 ], [ 4.524141122997354, 48.756607519547671 ], [ 4.523869104059719, 48.756611117549504 ], [ 4.523879986607338, 48.756970830040487 ], [ 4.523607965675116, 48.756974427445691 ], [ 4.523613406059267, 48.757154283704679 ], [ 4.523341384102833, 48.757157880490652 ], [ 4.523352263091763, 48.757517593035573 ], [ 4.523080239140699, 48.757521189224924 ], [ 4.523085677745452, 48.757701045510871 ], [ 4.522813652770163, 48.75770464108097 ], [ 4.522824528200182, 48.758064353679814 ], [ 4.522552501230222, 48.758067948653235 ], [ 4.522557938055463, 48.758247804966146 ], [ 4.521741853911558, 48.758258586102912 ] ] ] } },
{ "type": "Feature", "properties": { "surface_ha": 7.48 }, "geometry": { "type": "Polygon", "coordinates": [ [ [ 4.513499919523587, 48.755668223236469 ], [ 4.513494515525674, 48.755488366088187 ], [ 4.513222501288556, 48.755491938899951 ], [ 4.513217098314426, 48.755312081723112 ], [ 4.512673071620519, 48.755319225376169 ], [ 4.512667670640464, 48.755139368148271 ], [ 4.512123645673491, 48.755146509189025 ], [ 4.512118246687479, 48.754966651910152 ], [ 4.51184623509419, 48.754970221445326 ], [ 4.511840837131884, 48.754790364137889 ], [ 4.511296815725731, 48.754797501237846 ], [ 4.511291419757401, 48.754617643879456 ], [ 4.51101940994455, 48.754621211444217 ], [ 4.511014014999878, 48.754441354057292 ], [ 4.509925979096055, 48.75445561780846 ], [ 4.509920588085849, 48.75427576032569 ], [ 4.50964857994683, 48.754279324636514 ], [ 4.509643189960215, 48.754099467125258 ], [ 4.509099175462777, 48.754106593776584 ], [ 4.509093787469996, 48.753926736214396 ], [ 4.508549774699893, 48.753933860253667 ], [ 4.508544388700908, 48.753754002640591 ], [ 4.50827238320619, 48.753757563675087 ], [ 4.50826699823072, 48.753577706033496 ], [ 4.50799499365298, 48.753581266403827 ], [ 4.507989609701011, 48.753401408733772 ], [ 4.50717359855899, 48.753412085926684 ], [ 4.507141313429118, 48.752332939375528 ], [ 4.507685309267961, 48.752325822157346 ], [ 4.507690691930236, 48.752505679886333 ], [ 4.508234689496464, 48.752498560056253 ], [ 4.50824007415235, 48.752678417734337 ], [ 4.508512073825762, 48.75267485683424 ], [ 4.508522845237718, 48.753034572127355 ], [ 4.508250843623909, 48.75303813307228 ], [ 4.508256228439582, 48.75321799073209 ], [ 4.508528231023606, 48.753214429764789 ], [ 4.508533616862764, 48.753394287396155 ], [ 4.508805620363735, 48.753390725764632 ], [ 4.508794846798255, 48.753031010540667 ], [ 4.50906684830551, 48.753027448312181 ], [ 4.509077623811423, 48.753387163491325 ], [ 4.509349627205817, 48.753383600576228 ], [ 4.509344238455993, 48.753203743012094 ], [ 4.509616240826865, 48.753200179477602 ], [ 4.509621630546909, 48.753380037019319 ], [ 4.510165637069143, 48.753372907980108 ], [ 4.510171028782957, 48.753552765470886 ], [ 4.51044303293431, 48.753549199966152 ], [ 4.510453818462418, 48.753908914884555 ], [ 4.511269836417829, 48.753898214384925 ], [ 4.511275232172662, 48.754078071767687 ], [ 4.511547239021322, 48.754074503628424 ], [ 4.511541842296234, 48.753894646268087 ], [ 4.512357859611123, 48.753883938066764 ], [ 4.512352460028689, 48.753704080767726 ], [ 4.51180845047931, 48.753711220165499 ], [ 4.511797655355583, 48.753351505459342 ], [ 4.512069658216517, 48.753347936126239 ], [ 4.512075056721908, 48.753527793459945 ], [ 4.512619064224015, 48.753520652823468 ], [ 4.512613663778178, 48.753340795534683 ], [ 4.512341661024052, 48.753344366151367 ], [ 4.512336261601845, 48.753164508834054 ], [ 4.512608263385759, 48.753160938239859 ], [ 4.512597462761173, 48.752801223631884 ], [ 4.513141462287951, 48.752794080607956 ], [ 4.513152266793325, 48.753153795126046 ], [ 4.512880265116256, 48.753157367003865 ], [ 4.512885666478888, 48.753337224276237 ], [ 4.513157669126167, 48.753333652375964 ], [ 4.513163071512445, 48.753513509619786 ], [ 4.51343507507651, 48.753509937055256 ], [ 4.513413461971192, 48.752790508133323 ], [ 4.513685461600988, 48.752786935016893 ], [ 4.51369086576734, 48.752966792234048 ], [ 4.513962866313872, 48.752963218453374 ], [ 4.513973676747352, 48.753322932824403 ], [ 4.513701674260409, 48.753326506650062 ], [ 4.513707078587127, 48.753506363848928 ], [ 4.513979082044286, 48.753502790000809 ], [ 4.513984487394689, 48.75368264717109 ], [ 4.514528496089055, 48.753675497504481 ], [ 4.514533903433398, 48.753855354623717 ], [ 4.51507791385429, 48.753848202344891 ], [ 4.515083323192611, 48.754028059413045 ], [ 4.514811317038669, 48.754031635895863 ], [ 4.514827542463887, 48.754571207131278 ], [ 4.514555533345655, 48.754574783039757 ], [ 4.514566348622719, 48.75493449721121 ], [ 4.514294337510417, 48.754938072522876 ], [ 4.51430515106083, 48.755297786714955 ], [ 4.514033137954429, 48.755301361429758 ], [ 4.514038543839535, 48.75548121853916 ], [ 4.513766529709337, 48.755484792634576 ], [ 4.513771934677584, 48.755664649760398 ], [ 4.513499919523587, 48.755668223236469 ] ], [ [ 4.513211695393737, 48.755132224540162 ], [ 4.513483707690212, 48.755128651773369 ], [ 4.513478303852663, 48.754948794606833 ], [ 4.513750315125381, 48.754945221220673 ], [ 4.513739505670056, 48.754585506914282 ], [ 4.513195486952337, 48.754592652954869 ], [ 4.513211695393737, 48.755132224540162 ] ], [ [ 4.5104646042039, 48.754268629778608 ], [ 4.510736612182914, 48.754265063542341 ], [ 4.510731218315235, 48.754085206120784 ], [ 4.510459211306486, 48.754088772334626 ], [ 4.5104646042039, 48.754268629778608 ] ], [ [ 4.51289646936443, 48.753696938802726 ], [ 4.513168473952162, 48.753693366857519 ], [ 4.513163071512445, 48.753513509619786 ], [ 4.512891067894944, 48.753517081542526 ], [ 4.51289646936443, 48.753696938802726 ] ] ] } },
{ "type": "Feature", "properties": { "surface_ha": 4.28 }, "geometry": { "type": "Polygon", "coordinates": [ [ [ 4.552625198332817, 48.753708203255215 ], [ 4.552619655052451, 48.753528349336655 ], [ 4.552075657638913, 48.753535678793732 ], [ 4.552031328891669, 48.752096846856233 ], [ 4.55230331986491, 48.752093182632983 ], [ 4.552286694578804, 48.751553620624698 ], [ 4.55255868258704, 48.751549955828878 ], [ 4.552547597396955, 48.751190247838906 ], [ 4.552819583410288, 48.751186582447488 ], [ 4.552808496499448, 48.750826874479152 ], [ 4.553080480517913, 48.75082320849215 ], [ 4.553074936174731, 48.750643354521877 ], [ 4.553346919168356, 48.750639687916212 ], [ 4.553341373910017, 48.750459833962907 ], [ 4.554157319651787, 48.750448830364952 ], [ 4.554162867820105, 48.750628684249044 ], [ 4.554434850594283, 48.750625015076587 ], [ 4.554440399787477, 48.750804868931468 ], [ 4.554712383476768, 48.750801199094219 ], [ 4.55471793369486, 48.750981052919947 ], [ 4.554989918299265, 48.750977382417908 ], [ 4.554995469542273, 48.751157236214418 ], [ 4.554723483967847, 48.751160906739514 ], [ 4.55473458467852, 48.751520614360359 ], [ 4.554462597109132, 48.751524284289957 ], [ 4.554473696099292, 48.75188399193248 ], [ 4.554201706534906, 48.751887661266522 ], [ 4.554207255142252, 48.752067515101707 ], [ 4.553935264552916, 48.752071183817094 ], [ 4.55394635999209, 48.75243089151526 ], [ 4.553674367407712, 48.752434559635056 ], [ 4.553685461126173, 48.752794267354915 ], [ 4.553413466546724, 48.752797934879119 ], [ 4.553424558544402, 48.753157642620678 ], [ 4.553152561969847, 48.753161309549263 ], [ 4.55316365224667, 48.753521017312515 ], [ 4.552891653676981, 48.753524683645473 ], [ 4.552897197927506, 48.753704537540976 ], [ 4.552625198332817, 48.753708203255215 ] ] ] } },
{ "type": "Feature", "properties": { "surface_ha": 1.44 }, "geometry": { "type": "Polygon", "coordinates": [ [ [ 4.611578767341887, 48.750739517062115 ], [ 4.611555755261417, 48.75002012144931 ], [ 4.611283783253719, 48.750023925395254 ], [ 4.611278031345703, 48.749844076452746 ], [ 4.611550002383548, 48.749840272530726 ], [ 4.611544249562576, 48.749660423606016 ], [ 4.612904099048934, 48.749641394491128 ], [ 4.612909856719109, 48.749821243296175 ], [ 4.61318182741542, 48.749817435524385 ], [ 4.613210621469837, 48.750716679337508 ], [ 4.611578767341887, 48.750739517062115 ] ] ] } },
{ "type": "Feature", "properties": { "surface_ha": 2.04 }, "geometry": { "type": "Polygon", "coordinates": [ [ [ 4.566068561555901, 48.748488251769771 ], [ 4.566062971316835, 48.748308398837722 ], [ 4.565791002550314, 48.748312095323868 ], [ 4.565785413336388, 48.748132242362445 ], [ 4.565241477577208, 48.748139633363358 ], [ 4.565224716086071, 48.747600074302838 ], [ 4.564952751033077, 48.747603768771114 ], [ 4.564935992948666, 48.747064209585808 ], [ 4.565207955092258, 48.747060515187236 ], [ 4.565202368204832, 48.746880662136476 ], [ 4.566290212347427, 48.746865878219104 ], [ 4.566295803113974, 48.747045731176861 ], [ 4.56656776498119, 48.747042033570253 ], [ 4.566573356772818, 48.747221886498643 ], [ 4.566845319554517, 48.747218188227158 ], [ 4.56685650524329, 48.747577894019074 ], [ 4.567128469909278, 48.74757419505945 ], [ 4.567139657758953, 48.747933900780318 ], [ 4.567411624309255, 48.747930201132526 ], [ 4.567417219286914, 48.748110053960524 ], [ 4.566873284191317, 48.748117452661027 ], [ 4.566878877284626, 48.748297305529412 ], [ 4.56633494002807, 48.748304701709927 ], [ 4.566340531236987, 48.748484554618727 ], [ 4.566068561555901, 48.748488251769771 ] ] ] } },
{ "type": "Feature", "properties": { "surface_ha": 5.92 }, "geometry": { "type": "Polygon", "coordinates": [ [ [ 4.600087186500682, 48.748740535195601 ], [ 4.600081474809186, 48.748560685226394 ], [ 4.599265577659152, 48.748572013651149 ], [ 4.599259868933534, 48.748392163604542 ], [ 4.598443974184748, 48.74840348618357 ], [ 4.598438268424961, 48.748223636059585 ], [ 4.597894340249843, 48.748231181190107 ], [ 4.597882932778673, 48.747871480828842 ], [ 4.597610970546048, 48.747875252384212 ], [ 4.597605267864843, 48.747695402170642 ], [ 4.597333306545583, 48.747699173060738 ], [ 4.597327604890534, 48.747519322817297 ], [ 4.597055644484636, 48.747523093042055 ], [ 4.597044243283188, 48.747163392489341 ], [ 4.597316201749604, 48.747159622311997 ], [ 4.597304798834227, 48.746799921782149 ], [ 4.59757675530481, 48.74679615101067 ], [ 4.597571052961995, 48.746616300760252 ], [ 4.597843008406476, 48.746612529370914 ], [ 4.59783160195065, 48.746252828899109 ], [ 4.598375508791618, 48.746245284290666 ], [ 4.5983812139307, 48.746425134482166 ], [ 4.599197076678008, 48.746413812686548 ], [ 4.599202784782595, 48.746593662800706 ], [ 4.600018649930904, 48.746582335159765 ], [ 4.600024361001051, 48.746762185196538 ], [ 4.600840228550117, 48.746750851710196 ], [ 4.600845942585872, 48.746930701669541 ], [ 4.601389855942121, 48.746923142756572 ], [ 4.601395571973821, 48.747102992662207 ], [ 4.60166752953687, 48.747099212219595 ], [ 4.601673246594827, 48.747279062095323 ], [ 4.601401288062054, 48.747282842561717 ], [ 4.601418436665953, 48.747822392223362 ], [ 4.601146475167413, 48.747826172119503 ], [ 4.60115790591315, 48.748185871910785 ], [ 4.600885942418543, 48.748189651212869 ], [ 4.60090308605172, 48.748729200925027 ], [ 4.600087186500682, 48.748740535195601 ] ] ] } },
{ "type": "Feature", "properties": { "surface_ha": 10.36 }, "geometry": { "type": "Polygon", "coordinates": [ [ [ 4.544954028754194, 48.752012036793893 ], [ 4.544942997668644, 48.751652327540434 ], [ 4.544127028886916, 48.751663266097786 ], [ 4.544121516336165, 48.751483411393075 ], [ 4.54384952760326, 48.751487056272481 ], [ 4.543827481825664, 48.750767637300868 ], [ 4.5440994666784, 48.750763992513207 ], [ 4.544082930007557, 48.750224428289137 ], [ 4.54435491189575, 48.75022078292853 ], [ 4.544338372805647, 48.749681218718301 ], [ 4.544610351729374, 48.749677572784776 ], [ 4.544599324002032, 48.749317863326631 ], [ 4.544871300931316, 48.74931421679733 ], [ 4.544865786179509, 48.749134362082025 ], [ 4.545137762084311, 48.749130714933969 ], [ 4.545126730804479, 48.748771005530941 ], [ 4.545398704714878, 48.748767357787109 ], [ 4.545387671713449, 48.748407648405518 ], [ 4.545659643629479, 48.748404000065925 ], [ 4.545654126240716, 48.748224145388939 ], [ 4.545926097132288, 48.748220496430633 ], [ 4.545909542383803, 48.74768093243182 ], [ 4.546181510311191, 48.747677282900746 ], [ 4.546175991201001, 48.74749742824519 ], [ 4.546447958103951, 48.747493778095453 ], [ 4.54643691810766, 48.747134068811967 ], [ 4.54616495314438, 48.747137718915802 ], [ 4.546153915306095, 48.746778009561943 ], [ 4.546697841298804, 48.74677070880454 ], [ 4.546703362130274, 48.746950563438588 ], [ 4.546975326014538, 48.746946912074485 ], [ 4.546980847870429, 48.747126766679429 ], [ 4.547796742104961, 48.74711580866844 ], [ 4.547802266924948, 48.747295663198372 ], [ 4.548074232530345, 48.747292009221802 ], [ 4.548079758374811, 48.747471863722652 ], [ 4.548351724895392, 48.74746820908144 ], [ 4.548357251764354, 48.7476480635532 ], [ 4.548629219200114, 48.747644408247382 ], [ 4.548634747093591, 48.74782426269001 ], [ 4.548906715444533, 48.747820606719579 ], [ 4.548912244362546, 48.748000461133088 ], [ 4.548640275041745, 48.748004117126541 ], [ 4.548651331102068, 48.748363825981237 ], [ 4.548379359786838, 48.748367481379049 ], [ 4.548390414126074, 48.748727190255295 ], [ 4.548118440816384, 48.748730845057402 ], [ 4.548129493434457, 48.749090553955199 ], [ 4.547857518130275, 48.749094208161608 ], [ 4.547868569027115, 48.749453917080942 ], [ 4.547596591728408, 48.749457570691668 ], [ 4.547607640903941, 48.749817279632509 ], [ 4.547335661610681, 48.749820932647523 ], [ 4.547346709064833, 48.750180641609901 ], [ 4.547074727776988, 48.75018429402914 ], [ 4.547080250616025, 48.750364148524149 ], [ 4.546808268303565, 48.750367800324661 ], [ 4.546819312205503, 48.750727509342305 ], [ 4.546547327898415, 48.750731160547083 ], [ 4.546558370078773, 48.751090869586179 ], [ 4.546286383777022, 48.751094520195181 ], [ 4.546297424235727, 48.751454229255771 ], [ 4.546025435939286, 48.751457879268962 ], [ 4.546030955280479, 48.751637733813062 ], [ 4.545758965959384, 48.75164138320747 ], [ 4.545764484385099, 48.751821237768432 ], [ 4.54549249403935, 48.751824886544092 ], [ 4.545498011549566, 48.752004741121887 ], [ 4.544954028754194, 48.752012036793893 ] ] ] } },
{ "type": "Feature", "properties": { "surface_ha": 1.2 }, "geometry": { "type": "Polygon", "coordinates": [ [ [ 4.608183013573464, 48.746648590498204 ], [ 4.608160053270747, 48.745929193172358 ], [ 4.608432003599334, 48.745925396833684 ], [ 4.608426262695935, 48.745745547510737 ], [ 4.609514059563865, 48.74573035583613 ], [ 4.609519804345816, 48.745910205063517 ], [ 4.609791754390423, 48.745906405517132 ], [ 4.609797500198836, 48.746086254714456 ], [ 4.610069451156262, 48.746082454502606 ], [ 4.610080944882887, 48.746442152831044 ], [ 4.609808991986142, 48.746445953090692 ], [ 4.609814737965034, 48.746625802269584 ], [ 4.608183013573464, 48.746648590498204 ] ] ] } },
{ "type": "Feature", "properties": { "surface_ha": 2.68 }, "geometry": { "type": "Polygon", "coordinates": [ [ [ 4.553313648441014, 48.749560564104655 ], [ 4.553285924343096, 48.748661294093537 ], [ 4.553013952018883, 48.748664960445502 ], [ 4.552975147374073, 48.747405982011756 ], [ 4.552703181784059, 48.747409647560652 ], [ 4.552686554953834, 48.746870085213899 ], [ 4.552414592218446, 48.746873750052004 ], [ 4.552409051021125, 48.74669389590116 ], [ 4.55268101278672, 48.746690231086077 ], [ 4.552664386614256, 48.746150668665962 ], [ 4.553208304162347, 48.746143337249379 ], [ 4.553213848104553, 48.746323191349397 ], [ 4.553757767372852, 48.746315857320276 ], [ 4.553768859300868, 48.74667556540976 ], [ 4.5540408207923, 48.746671897386626 ], [ 4.554068556421308, 48.747571167387932 ], [ 4.553796590080823, 48.747574835526407 ], [ 4.553813229207049, 48.748114397523032 ], [ 4.55408519845708, 48.748110729315329 ], [ 4.554096293421926, 48.748470437236364 ], [ 4.553824322232151, 48.748474105490217 ], [ 4.553835415476684, 48.748833813432974 ], [ 4.554107388606242, 48.748830145132956 ], [ 4.55411848401004, 48.749189853005063 ], [ 4.553846508940659, 48.749193521351231 ], [ 4.553857602624078, 48.749553229245059 ], [ 4.553313648441014, 48.749560564104655 ] ] ] } },
{ "type": "Feature", "properties": { "surface_ha": 3.68 }, "geometry": { "type": "Polygon", "coordinates": [ [ [ 4.523972440959976, 48.751031973520959 ], [ 4.523967000465039, 48.750852117099981 ], [ 4.523695012574365, 48.750855714377586 ], [ 4.523684133686033, 48.750496001472087 ], [ 4.523956119636599, 48.75049240423975 ], [ 4.523950679303095, 48.750312547800462 ], [ 4.524222664229812, 48.750308949949016 ], [ 4.524217222980088, 48.750129093526304 ], [ 4.524489206882955, 48.750125495055762 ], [ 4.524478322604934, 48.74976578223729 ], [ 4.524750304513946, 48.749762183170319 ], [ 4.524733975590639, 48.749222613964811 ], [ 4.525005954535846, 48.749219014324069 ], [ 4.52500051069911, 48.749039157932714 ], [ 4.525272488620502, 48.749035557672933 ], [ 4.525267043867649, 48.748855701298091 ], [ 4.524723089910942, 48.748862901130664 ], [ 4.524717647151843, 48.74868304470445 ], [ 4.524989623187166, 48.748679445131636 ], [ 4.524984179511958, 48.748499588721948 ], [ 4.525256154523499, 48.748495988530131 ], [ 4.525239820911154, 48.747956419332461 ], [ 4.525511792959081, 48.747952818566901 ], [ 4.525495456921698, 48.747413249382305 ], [ 4.525767426006091, 48.74740964804306 ], [ 4.525734749566332, 48.746330509645176 ], [ 4.52546278630103, 48.746334110848522 ], [ 4.525457341386071, 48.746154254404864 ], [ 4.526001265923186, 48.746147051401884 ], [ 4.526012159686232, 48.746506764192432 ], [ 4.526556087887137, 48.746499558532314 ], [ 4.526561536789133, 48.746679414873114 ], [ 4.526833501778585, 48.746675811057941 ], [ 4.526860751946256, 48.747575092557163 ], [ 4.526588782107501, 48.747578696485682 ], [ 4.526599680612112, 48.747938409088036 ], [ 4.526327708779677, 48.747942012420246 ], [ 4.526344054031061, 48.74848158134602 ], [ 4.52607207923498, 48.748485184104553 ], [ 4.526077526789948, 48.748665040423624 ], [ 4.525805550970049, 48.748668642563146 ], [ 4.525821891048364, 48.749208211551753 ], [ 4.525549912264717, 48.749211813117554 ], [ 4.525560803979656, 48.749571525791445 ], [ 4.52528882320218, 48.749575126760845 ], [ 4.525305158268552, 48.75011469579389 ], [ 4.525033174527198, 48.750118296189569 ], [ 4.525044062900665, 48.750478008893104 ], [ 4.524772077165398, 48.75048160869234 ], [ 4.524788407219296, 48.751021177769829 ], [ 4.523972440959976, 48.751031973520959 ] ] ] } },
{ "type": "Feature", "properties": { "surface_ha": 1.28 }, "geometry": { "type": "Polygon", "coordinates": [ [ [ 4.565440803340683, 48.745797848825831 ], [ 4.565435215870316, 48.745617995755453 ], [ 4.564347398217428, 48.745632771322938 ], [ 4.564341814681141, 48.745452918153511 ], [ 4.564069861099548, 48.745456610418209 ], [ 4.56406427858818, 48.745276757219436 ], [ 4.563520373198766, 48.745284139777688 ], [ 4.563503631814002, 48.744744580005303 ], [ 4.562959732021908, 48.744751959858036 ], [ 4.562954153610024, 48.744572106541902 ], [ 4.5637700003064, 48.744561035870149 ], [ 4.563775581627269, 48.744740889116628 ], [ 4.564047531385339, 48.744737197586382 ], [ 4.564053113731077, 48.744917050803508 ], [ 4.564597015020914, 48.744909665771885 ], [ 4.564602599361218, 48.745089518936446 ], [ 4.565962356467529, 48.745071045013852 ], [ 4.565979124365239, 48.745610604122227 ], [ 4.565707170145411, 48.745614300259604 ], [ 4.565712758585494, 48.745794153306754 ], [ 4.565440803340683, 48.745797848825831 ] ] ] } },
{ "type": "Feature", "properties": { "surface_ha": 1.72 }, "geometry": { "type": "Polygon", "coordinates": [ [ [ 4.570851863956638, 48.744824553459978 ], [ 4.570846257369388, 48.744644700824651 ], [ 4.570574308994406, 48.744648408393765 ], [ 4.570568703432245, 48.744468555728986 ], [ 4.570296755971468, 48.744472262633238 ], [ 4.570291151434381, 48.744292409939028 ], [ 4.570019204887807, 48.744296116178404 ], [ 4.570007997919152, 48.743936410724977 ], [ 4.56946410853825, 48.743943821185894 ], [ 4.56945850707626, 48.743763968403385 ], [ 4.569186563272314, 48.743767672648218 ], [ 4.56918096283532, 48.743587819836321 ], [ 4.570812619010271, 48.74356558488418 ], [ 4.570818225264842, 48.743745437556221 ], [ 4.571634055512737, 48.743734311349563 ], [ 4.571639664731562, 48.743914163945526 ], [ 4.572183553225342, 48.743906743220094 ], [ 4.572194775707877, 48.744266448300245 ], [ 4.571922829549499, 48.744270159030428 ], [ 4.571934050314743, 48.744629864132769 ], [ 4.571390153952999, 48.744637283761811 ], [ 4.571395762479552, 48.74481713635047 ], [ 4.570851863956638, 48.744824553459978 ] ] ] } },
{ "type": "Feature", "properties": { "surface_ha": 2.04 }, "geometry": { "type": "Polygon", "coordinates": [ [ [ 4.537374245474775, 48.744376496221399 ], [ 4.537363271442103, 48.744016785207045 ], [ 4.537091322138302, 48.744020413726126 ], [ 4.537096808157824, 48.744200269259196 ], [ 4.536824857830084, 48.74420389715953 ], [ 4.536819372780243, 48.744024041603637 ], [ 4.536275473901395, 48.744031295434006 ], [ 4.536264507843121, 48.743671584212677 ], [ 4.535720612626039, 48.743678835385559 ], [ 4.535704169763185, 48.743139268370939 ], [ 4.535160280147158, 48.743146516840781 ], [ 4.535154801240536, 48.742966661111467 ], [ 4.534338969319014, 48.742977528936272 ], [ 4.534333493375436, 48.742797673132486 ], [ 4.534061550262892, 48.742801294434891 ], [ 4.53405607534308, 48.742621438602193 ], [ 4.533784133146, 48.742625059240304 ], [ 4.533773185408005, 48.742265347511065 ], [ 4.533501245095987, 48.742268967462103 ], [ 4.533495772277776, 48.742089111565562 ], [ 4.534039650908512, 48.742081871067562 ], [ 4.534050600477415, 48.742441582763433 ], [ 4.534322541650746, 48.742437961506589 ], [ 4.534317065869631, 48.742258105684478 ], [ 4.53458900601922, 48.742254483808878 ], [ 4.534594482769926, 48.742434339608202 ], [ 4.534866423834941, 48.742430717068295 ], [ 4.534871901609409, 48.742610572838714 ], [ 4.535687727388173, 48.742599701301401 ], [ 4.535698688917313, 48.74295941268722 ], [ 4.535970632674398, 48.742955787512763 ], [ 4.535976114489899, 48.743135643173694 ], [ 4.53652000378067, 48.743128390854565 ], [ 4.536530971452872, 48.743488102066891 ], [ 4.53680291795619, 48.743484474899397 ], [ 4.53679743312333, 48.74330461931909 ], [ 4.53706937860276, 48.743300991532834 ], [ 4.537074864405264, 48.743480847090311 ], [ 4.537346810800085, 48.743477218639697 ], [ 4.537352297626493, 48.743657074168226 ], [ 4.537624244936699, 48.743653445053233 ], [ 4.537629732787034, 48.743833300552865 ], [ 4.537901681012626, 48.743829670773472 ], [ 4.53791814779831, 48.744369237167191 ], [ 4.537374245474775, 48.744376496221399 ] ] ] } },
{ "type": "Feature", "properties": { "surface_ha": 2.08 }, "geometry": { "type": "Polygon", "coordinates": [ [ [ 4.551993062515747, 48.742021349407224 ], [ 4.551987523767415, 48.741841495068279 ], [ 4.551715588073096, 48.741845157977963 ], [ 4.551704512679804, 48.741485449235626 ], [ 4.551976446435076, 48.741481786372034 ], [ 4.55195983084737, 48.740942223281792 ], [ 4.552231761639374, 48.74093855984583 ], [ 4.552220682915814, 48.740578851134551 ], [ 4.552492611714087, 48.74057518710319 ], [ 4.552487071465018, 48.740395332761402 ], [ 4.552758999239045, 48.740391668111641 ], [ 4.552753458075316, 48.740211813786814 ], [ 4.553569238160222, 48.740200816057843 ], [ 4.553574782232296, 48.740380670313499 ], [ 4.553846709787073, 48.740377003097827 ], [ 4.553852254883427, 48.740556857324314 ], [ 4.553580326359197, 48.74056052456303 ], [ 4.553608047816128, 48.741459795719031 ], [ 4.553336114389641, 48.741463462431604 ], [ 4.553352745013199, 48.742003025121036 ], [ 4.553080808623315, 48.742006691261267 ], [ 4.553075265996843, 48.741826837014528 ], [ 4.55280333052168, 48.741830502490203 ], [ 4.552808872178622, 48.742010356760034 ], [ 4.551993062515747, 48.742021349407224 ] ] ] } },
{ "type": "Feature", "properties": { "surface_ha": 16.84 }, "geometry": { "type": "Polygon", "coordinates": [ [ [ 4.546365163454449, 48.74479595787372 ], [ 4.546359644247854, 48.744616103143393 ], [ 4.546087692861185, 48.744619752925779 ], [ 4.54608217467886, 48.744439898166398 ], [ 4.545810224207303, 48.744443547284256 ], [ 4.545815741419939, 48.744623402066594 ], [ 4.54554378992413, 48.744627050565846 ], [ 4.54553827368118, 48.74444719576055 ], [ 4.544994372465281, 48.744454490788463 ], [ 4.544988858216246, 48.744274635931184 ], [ 4.544444958721564, 48.744281928346922 ], [ 4.544433934265759, 48.743922218522279 ], [ 4.544161986375973, 48.743925863721948 ], [ 4.544156475199494, 48.743746008777542 ], [ 4.543884528224857, 48.743749653312733 ], [ 4.543873507974694, 48.743389943359738 ], [ 4.54360156288484, 48.743393587207528 ], [ 4.543596053811124, 48.743213732198932 ], [ 4.543052165407229, 48.743221017924078 ], [ 4.543046658327228, 48.743041162863534 ], [ 4.542774715013197, 48.74304480474089 ], [ 4.542769208957268, 48.742864949651342 ], [ 4.542497266558392, 48.742868590864248 ], [ 4.542491761526516, 48.742688735745688 ], [ 4.541947878504645, 48.742696016201087 ], [ 4.541942375466392, 48.742516161030636 ], [ 4.542486256549083, 48.742508880621038 ], [ 4.542480751626091, 48.742329025490278 ], [ 4.542752691116196, 48.742325384346088 ], [ 4.542758197008769, 48.742505239453948 ], [ 4.543030137414003, 48.742501597645322 ], [ 4.543019123744162, 48.74214188746928 ], [ 4.54247524675754, 48.742149170353407 ], [ 4.542469741943431, 48.741969315210412 ], [ 4.54192586667817, 48.741976595482633 ], [ 4.541914861091459, 48.741616885086763 ], [ 4.541642925316291, 48.741620524214824 ], [ 4.541653928963904, 48.741980234656459 ], [ 4.541381991195228, 48.741983873188801 ], [ 4.54137649031377, 48.741804017948127 ], [ 4.54083261655233, 48.741811293042488 ], [ 4.540838115494676, 48.741991148328886 ], [ 4.540294239576597, 48.741998420902931 ], [ 4.540288742573363, 48.741818565570767 ], [ 4.539744868376946, 48.741825835532993 ], [ 4.539739373367171, 48.741645980148988 ], [ 4.539467437156993, 48.741649614144983 ], [ 4.539461943171101, 48.74146975873203 ], [ 4.538918072526833, 48.741477024753763 ], [ 4.538912580534337, 48.741297169288991 ], [ 4.538368711611883, 48.741304432699003 ], [ 4.538363221612745, 48.741124577182426 ], [ 4.538091288039594, 48.741128207902364 ], [ 4.538085799064264, 48.740948352356867 ], [ 4.53754193369416, 48.740955611826529 ], [ 4.537536446712122, 48.740775756229233 ], [ 4.537264514915178, 48.740779384979021 ], [ 4.537259028956901, 48.740599529352806 ], [ 4.536987098075201, 48.740603157438279 ], [ 4.536981613140665, 48.740423301783125 ], [ 4.53670968317421, 48.74042692920429 ], [ 4.536704199263397, 48.740247073520237 ], [ 4.537519986091586, 48.74023618940079 ], [ 4.537514499326596, 48.740056333779108 ], [ 4.53778642719135, 48.740052704479162 ], [ 4.537797402714536, 48.740412415670775 ], [ 4.53834126215911, 48.740405155055122 ], [ 4.538346751941083, 48.740585010596092 ], [ 4.5391625436092, 48.74057411479297 ], [ 4.53915155828267, 48.740214403841954 ], [ 4.538879629719895, 48.74021803637212 ], [ 4.538874138107571, 48.74003818086463 ], [ 4.538602210459956, 48.74004181273046 ], [ 4.538591229337133, 48.739682101651432 ], [ 4.53967893184612, 48.739667570522009 ], [ 4.539689920724542, 48.740027281418236 ], [ 4.539417993239874, 48.7400309152085 ], [ 4.539423486791126, 48.740210770670309 ], [ 4.539695415245255, 48.74020713685718 ], [ 4.539700909820308, 48.740386992290034 ], [ 4.53997283918957, 48.740383357812561 ], [ 4.539967343645047, 48.740203502402565 ], [ 4.54023927199049, 48.740199867306508 ], [ 4.540233775530853, 48.74002001191328 ], [ 4.540777630119742, 48.740012739842427 ], [ 4.540772131775555, 48.739832884488841 ], [ 4.541044058018992, 48.739829247514102 ], [ 4.541049557332629, 48.740009102844816 ], [ 4.541593411595239, 48.740001826925152 ], [ 4.541587910342704, 48.739821971640197 ], [ 4.542131762448807, 48.739814693200444 ], [ 4.542148272186364, 48.740354258899579 ], [ 4.542420201066155, 48.740350618648797 ], [ 4.542403688420229, 48.739811053018343 ], [ 4.542947540199769, 48.739803770729765 ], [ 4.542953046299536, 48.73998362590023 ], [ 4.54322497307708, 48.73997998377083 ], [ 4.543202945126989, 48.739260563144001 ], [ 4.543474867972355, 48.739256920464776 ], [ 4.54348588377732, 48.739616630744578 ], [ 4.543757808507054, 48.739612987378081 ], [ 4.543763317460674, 48.739792842485926 ], [ 4.543491391761506, 48.739796485875331 ], [ 4.543502407893289, 48.740156196118484 ], [ 4.543774335531354, 48.740152552683234 ], [ 4.543785353819957, 48.740512262856122 ], [ 4.54460114222402, 48.740501328563994 ], [ 4.544606654358486, 48.740681183572505 ], [ 4.544878584686979, 48.740677537502549 ], [ 4.54488961105843, 48.741037247455374 ], [ 4.544617678790953, 48.741040893571174 ], [ 4.544634215848501, 48.741580458523387 ], [ 4.545450021213004, 48.741569518045033 ], [ 4.545455536583156, 48.741749372948071 ], [ 4.545727472565116, 48.741745724815999 ], [ 4.545738505408154, 48.742105434557843 ], [ 4.546554318843952, 48.742094486174857 ], [ 4.546570877243814, 48.742634050535209 ], [ 4.546842817855302, 48.742630399722309 ], [ 4.546848338400684, 48.742810254473895 ], [ 4.547120279927164, 48.742806602996495 ], [ 4.547142366533112, 48.743526021849931 ], [ 4.546870421128184, 48.743529673419211 ], [ 4.546898025766053, 48.744428946963389 ], [ 4.546626075458245, 48.744432598005943 ], [ 4.54663159557994, 48.744612452719423 ], [ 4.54690354685743, 48.744608801653897 ], [ 4.546909068003414, 48.744788656338287 ], [ 4.546365163454449, 48.74479595787372 ] ], [ [ 4.546343086955577, 48.744076538915763 ], [ 4.546615035378634, 48.74407288856068 ], [ 4.546609515420718, 48.743893033828869 ], [ 4.546337567967316, 48.743896684161008 ], [ 4.546343086955577, 48.744076538915763 ] ], [ [ 4.545510693284746, 48.743547921642438 ], [ 4.545782638962575, 48.743544273280882 ], [ 4.545777122077316, 48.743364418461908 ], [ 4.545505177369117, 48.743368066800521 ], [ 4.545510693284746, 48.743547921642438 ] ], [ [ 4.546587436134957, 48.7431736148406 ], [ 4.54685937965524, 48.743169963958771 ], [ 4.546853859000663, 48.742990109219399 ], [ 4.546581916449988, 48.742993760078249 ], [ 4.546587436134957, 48.7431736148406 ] ], [ [ 4.540560679590032, 48.74181492962736 ], [ 4.54083261655233, 48.741811293042488 ], [ 4.540827117664363, 48.741631437749952 ], [ 4.540555181671612, 48.741635074311965 ], [ 4.540560679590032, 48.74181492962736 ] ], [ [ 4.540011309523008, 48.741642345511501 ], [ 4.540283245624491, 48.741638710232472 ], [ 4.540272251889832, 48.741278999537613 ], [ 4.540000317727416, 48.741282634770897 ], [ 4.540011309523008, 48.741642345511501 ] ], [ [ 4.540272251889832, 48.741278999537613 ], [ 4.540544185997889, 48.741275363662844 ], [ 4.540538688242583, 48.741095508329131 ], [ 4.540266755104046, 48.741099144181042 ], [ 4.540272251889832, 48.741278999537613 ] ], [ [ 4.539450955362312, 48.741110047887773 ], [ 4.539722888663901, 48.741106413960352 ], [ 4.539717393871493, 48.740926558551941 ], [ 4.539445461539416, 48.740930192456467 ], [ 4.539450955362312, 48.741110047887773 ] ], [ [ 4.540810621326752, 48.741091871835735 ], [ 4.541082554356541, 48.74108823470084 ], [ 4.541077054716588, 48.740908379406761 ], [ 4.540805122656307, 48.74091201651877 ], [ 4.540810621326752, 48.741091871835735 ] ], [ [ 4.540244768504486, 48.740379722693604 ], [ 4.540516697765045, 48.740376086933189 ], [ 4.540511200281579, 48.740196231568959 ], [ 4.54023927199049, 48.740199867306508 ], [ 4.540244768504486, 48.740379722693604 ] ] ] } },
{ "type": "Feature", "properties": { "surface_ha": 1.28 }, "geometry": { "type": "Polygon", "coordinates": [ [ [ 4.548924368010117, 48.739543641537558 ], [ 4.548918840692049, 48.739363786859819 ], [ 4.548646917968461, 48.739367442391007 ], [ 4.548641391674455, 48.739187587684178 ], [ 4.548369469865619, 48.739191242550937 ], [ 4.548358419380328, 48.73883153307294 ], [ 4.548086499455628, 48.738835187252285 ], [ 4.548075451127634, 48.738475477703872 ], [ 4.548347369113595, 48.738471823570507 ], [ 4.548341844062187, 48.738291968810138 ], [ 4.54888567793148, 48.738284658665087 ], [ 4.548891204921597, 48.73846451337949 ], [ 4.54970695822365, 48.738453543282219 ], [ 4.549734608534814, 48.739352816417544 ], [ 4.550006531039706, 48.739349158320529 ], [ 4.550012062235409, 48.73952901290626 ], [ 4.548924368010117, 48.739543641537558 ] ] ] } },
{ "type": "Feature", "properties": { "surface_ha": 8.8 }, "geometry": { "type": "Polygon", "coordinates": [ [ [ 4.531793068997649, 48.739772688677924 ], [ 4.531787602753819, 48.739592832559438 ], [ 4.532059528847631, 48.739589216798755 ], [ 4.532054061688416, 48.739409360696946 ], [ 4.532325986758717, 48.739405744317558 ], [ 4.53232051868413, 48.739225888232383 ], [ 4.531232821956309, 48.739240349810117 ], [ 4.531243750404036, 48.739600062156342 ], [ 4.530427971474103, 48.739610901740662 ], [ 4.530422510131562, 48.739431045502428 ], [ 4.530150584683003, 48.739434657391534 ], [ 4.530139664098812, 48.739074944851332 ], [ 4.529867740535123, 48.739078556053556 ], [ 4.529862281293442, 48.738898699751566 ], [ 4.529590358645188, 48.738902310289603 ], [ 4.529568526095922, 48.73818288492987 ], [ 4.529296607271278, 48.73818649473565 ], [ 4.529291150238273, 48.73800663835776 ], [ 4.529563068093543, 48.73800302857471 ], [ 4.529552152250708, 48.73764331584605 ], [ 4.529280236334158, 48.737646925583689 ], [ 4.529263865882703, 48.737107356376846 ], [ 4.529807691845823, 48.737100136396371 ], [ 4.529802233197962, 48.736920280027306 ], [ 4.530617968829824, 48.73690944531414 ], [ 4.530612507328029, 48.73672958900714 ], [ 4.532243971317464, 48.736707902399125 ], [ 4.532249438635066, 48.73688775856975 ], [ 4.532793261471057, 48.736880524523663 ], [ 4.532798730781343, 48.737060380642667 ], [ 4.53361446753759, 48.737049524694697 ], [ 4.53361993980991, 48.737229380739286 ], [ 4.533891852923092, 48.737225760784362 ], [ 4.533902799568735, 48.737585472809762 ], [ 4.533630884516895, 48.737589092810211 ], [ 4.533641829440344, 48.737948804856735 ], [ 4.533369912395689, 48.737952424261294 ], [ 4.533380855596872, 48.738312136328936 ], [ 4.533924693509536, 48.738304896787291 ], [ 4.533935640804704, 48.738664608739448 ], [ 4.534479482378394, 48.738657366540941 ], [ 4.534484958045975, 48.738837222462301 ], [ 4.5342130363168, 48.738840843905052 ], [ 4.53421851106912, 48.739020699843131 ], [ 4.533946588316394, 48.73902432066717 ], [ 4.533952062153435, 48.739204176621904 ], [ 4.533680138377157, 48.739207796827301 ], [ 4.533674665509539, 48.739027940849823 ], [ 4.533130819733469, 48.739035179290674 ], [ 4.533141761645129, 48.739394891330619 ], [ 4.532869836737083, 48.73939850963442 ], [ 4.532875306804627, 48.739578365667981 ], [ 4.532603380873044, 48.739581983353041 ], [ 4.532608850025231, 48.739761839403279 ], [ 4.531793068997649, 48.739772688677924 ] ] ] } },
{ "type": "Feature", "properties": { "surface_ha": 7.68 }, "geometry": { "type": "Polygon", "coordinates": [ [ [ 4.54262056602815, 48.738008859925259 ], [ 4.542609557019568, 48.737649149398095 ], [ 4.540978070497099, 48.737670983069293 ], [ 4.540972571890396, 48.737491127659212 ], [ 4.54042874455312, 48.737498400372509 ], [ 4.540417751380089, 48.737138689442531 ], [ 4.540961574840119, 48.737131416820709 ], [ 4.54095607639654, 48.73695156139231 ], [ 4.540140344032851, 48.736962469294305 ], [ 4.54012935312451, 48.736602758281947 ], [ 4.539585535154121, 48.736610026918157 ], [ 4.539580041720005, 48.736430171357078 ], [ 4.538764317264838, 48.736441069432381 ], [ 4.538758826792835, 48.736261213796659 ], [ 4.538486919501774, 48.736264845182788 ], [ 4.538475940659148, 48.735905133847375 ], [ 4.537932129791188, 48.735912394604142 ], [ 4.537921155042617, 48.735552683152946 ], [ 4.537649251465704, 48.735556312523599 ], [ 4.53764376514203, 48.735376456766012 ], [ 4.537371862480083, 48.735380085472457 ], [ 4.537366377179871, 48.735200229685958 ], [ 4.537094475432892, 48.735203857728202 ], [ 4.537088991156121, 48.735024001912791 ], [ 4.5373608919339, 48.735020373893349 ], [ 4.537349921604677, 48.734660662289826 ], [ 4.537621820389843, 48.734657033674679 ], [ 4.537610848339247, 48.734297322092374 ], [ 4.538698435184009, 48.734282801400909 ], [ 4.538709414987924, 48.734642512800534 ], [ 4.53898131350175, 48.734638880978622 ], [ 4.538986804454315, 48.734818736646417 ], [ 4.539258703883021, 48.734815104160319 ], [ 4.53926419585907, 48.734994959799174 ], [ 4.540079896726862, 48.734984058424097 ], [ 4.540085391664801, 48.735163913988302 ], [ 4.540629193910048, 48.735156643152372 ], [ 4.540634690840729, 48.735336498664729 ], [ 4.541450396708505, 48.73532558753201 ], [ 4.541461396548228, 48.735685298401101 ], [ 4.541189492708246, 48.73568893613249 ], [ 4.541205989968022, 48.736228502458978 ], [ 4.541749803409021, 48.736221226217566 ], [ 4.541755304542887, 48.736401081601777 ], [ 4.54257102720414, 48.736390162360578 ], [ 4.542576531300196, 48.736570017669962 ], [ 4.543392256379385, 48.736559092587527 ], [ 4.54339776343769, 48.736738947822133 ], [ 4.543669672657787, 48.736735304822282 ], [ 4.543680688876337, 48.737095015227254 ], [ 4.54340877771767, 48.737098658272934 ], [ 4.543419792215488, 48.737458368699308 ], [ 4.54314787906375, 48.737462011149404 ], [ 4.54316439831095, 48.738001576811911 ], [ 4.54262056602815, 48.738008859925259 ] ], [ [ 4.541516399010176, 48.737483852380223 ], [ 4.541788312488479, 48.737480213778646 ], [ 4.541782811028208, 48.737300358431106 ], [ 4.54151089851922, 48.737303997009818 ], [ 4.541516399010176, 48.737483852380223 ] ], [ [ 4.540967073338071, 48.737311272243026 ], [ 4.541238985955836, 48.737307634947122 ], [ 4.541233486488579, 48.737127779547684 ], [ 4.540961574840119, 48.737131416820709 ], [ 4.540967073338071, 48.737311272243026 ] ] ] } },
{ "type": "Feature", "properties": { "surface_ha": 6.0 }, "geometry": { "type": "Polygon", "coordinates": [ [ [ 4.543348201873375, 48.735120250491114 ], [ 4.543342695305165, 48.734940395201583 ], [ 4.542526996395035, 48.73495131966552 ], [ 4.542521492788807, 48.734771464301168 ], [ 4.541977695181615, 48.734778744024567 ], [ 4.541983196849487, 48.734958599434734 ], [ 4.541439397086325, 48.734965876638491 ], [ 4.541433897356812, 48.734786021182558 ], [ 4.540890099314473, 48.73479329577512 ], [ 4.540879103895265, 48.734433584753454 ], [ 4.540607206730881, 48.734437221041965 ], [ 4.540585220421367, 48.733717798833823 ], [ 4.540857113709196, 48.733714162636815 ], [ 4.540851616298583, 48.733534307092377 ], [ 4.541123508562937, 48.733530670276913 ], [ 4.541118010237575, 48.733350814749272 ], [ 4.541389901478458, 48.733347177315316 ], [ 4.541384402238373, 48.733167321804444 ], [ 4.541112511966586, 48.733170959215492 ], [ 4.541096017479815, 48.732631392577581 ], [ 4.544086775497758, 48.732591346539344 ], [ 4.54409779308738, 48.732951057133619 ], [ 4.544369681791411, 48.732947412691033 ], [ 4.544386211491652, 48.733486978467859 ], [ 4.54411431988036, 48.73349062297924 ], [ 4.54413084716361, 48.734030188769864 ], [ 4.543858952590494, 48.734033832708676 ], [ 4.543892002812924, 48.735112964262512 ], [ 4.543348201873375, 48.735120250491114 ] ] ] } },
{ "type": "Feature", "properties": { "surface_ha": 1.48 }, "geometry": { "type": "Polygon", "coordinates": [ [ [ 4.549840620600203, 48.733953517907096 ], [ 4.549835091099827, 48.733773663131934 ], [ 4.550106983503136, 48.733770005106841 ], [ 4.550095922728219, 48.733410295584193 ], [ 4.549824032263104, 48.73341395356325 ], [ 4.549807444418085, 48.732874389164373 ], [ 4.550079331975982, 48.732870731254323 ], [ 4.550090392422789, 48.733230440813685 ], [ 4.550362281864141, 48.733226782216306 ], [ 4.550345688368767, 48.732687217937162 ], [ 4.550073801834604, 48.732690876465512 ], [ 4.550068271747907, 48.732511021670547 ], [ 4.551427699026502, 48.732492722730989 ], [ 4.551455374233334, 48.733391996069102 ], [ 4.551183484041737, 48.733395657254746 ], [ 4.551200086915333, 48.733935221253361 ], [ 4.549840620600203, 48.733953517907096 ] ], [ [ 4.550650768145685, 48.733762687132696 ], [ 4.550922660384905, 48.733759027183638 ], [ 4.550917127062804, 48.733579172494409 ], [ 4.550645235792683, 48.733582832420453 ], [ 4.550650768145685, 48.733762687132696 ] ] ] } }
]
}
