{
"type": "FeatureCollection",
"name": "perimetre",
"crs": { "type": "name", "properties": { "name": "urn:ogc:def:crs:OGC:1.3:CRS84" } },
"features": [
{ "type": "Feature", "properties": { "surface_ha": 1.68 }, "geometry": { "type": "Polygon", "coordinates": [ [ [ 6.045689418415026, 43.517930350383864 ], [ 6.045680364801505, 43.51775051978322 ], [ 6.044939030384419, 43.517770283079649 ], [ 6.044929979049967, 43.517590452348422 ], [ 6.044188646075145, 43.517610210722005 ], [ 6.044197695214217, 43.517790041576589 ], [ 6.043950583323491, 43.51779662667569 ], [ 6.043941534916212, 43.517616795780008 ], [ 6.043694423673625, 43.517623380304691 ], [ 6.043685376081789, 43.517443549360735 ], [ 6.044426707363217, 43.517423794310119 ], [ 6.044417657659678, 43.517243963482287 ], [ 6.044911876632095, 43.517230790864467 ], [ 6.044902825548677, 43.517050960111696 ], [ 6.044655716836075, 43.517057546646129 ], [ 6.044646666568096, 43.516877715845034 ], [ 6.044893774548933, 43.516871129351728 ], [ 6.04487567280047, 43.516511467810282 ], [ 6.044628566283141, 43.516518054221329 ], [ 6.044619516266164, 43.516338223398705 ], [ 6.045360833371889, 43.516318462689171 ], [ 6.045369885584098, 43.516498293388409 ], [ 6.045616991850387, 43.516491705377597 ], [ 6.04565320446313, 43.51721102793821 ], [ 6.046394531540892, 43.517191260212634 ], [ 6.046412642740108, 43.517550921202989 ], [ 6.046165532334343, 43.517557511060396 ], [ 6.046174587327741, 43.517737341585921 ], [ 6.045927476106474, 43.517743930951205 ], [ 6.045936530451795, 43.517923761510716 ], [ 6.045689418415026, 43.517930350383864 ] ] ] } },
{ "type": "Feature", "properties": { "surface_ha": 1.4 }, "geometry": { "type": "Polygon", "coordinates": [ [ [ 6.080476446869831, 43.515917107357367 ], [ 6.080467290590219, 43.515737282546645 ], [ 6.080220195459581, 43.515743945782269 ], [ 6.080211039996231, 43.51556412092274 ], [ 6.079963945512573, 43.515570783583584 ], [ 6.079954790865473, 43.515390958675233 ], [ 6.080201884617518, 43.51538429605597 ], [ 6.080183574114, 43.515024646300795 ], [ 6.079689389451691, 43.515037970839742 ], [ 6.079671082213064, 43.514678320889288 ], [ 6.079918173123353, 43.514671658969576 ], [ 6.079909018899389, 43.514491834025101 ], [ 6.079661928720677, 43.514498495903219 ], [ 6.079634468751228, 43.513959020901716 ], [ 6.08037573244939, 43.513939034042266 ], [ 6.080384887882597, 43.514118858925215 ], [ 6.080631976344282, 43.514112195530814 ], [ 6.080650288927743, 43.514471845191814 ], [ 6.080403199002927, 43.514478508669391 ], [ 6.080412354690048, 43.514658333530676 ], [ 6.080906535918189, 43.514645005959153 ], [ 6.080924850472693, 43.515004655493577 ], [ 6.081171942422958, 43.514997990824831 ], [ 6.081181100558785, 43.515177815539651 ], [ 6.08068691511041, 43.515191144427135 ], [ 6.08072354264745, 43.51591044354695 ], [ 6.080476446869831, 43.515917107357367 ] ] ] } },
{ "type": "Feature", "properties": { "surface_ha": 1.24 }, "geometry": { "type": "Polygon", "coordinates": [ [ [ 6.072715970869903, 43.514145333534053 ], [ 6.072688573112975, 43.513605854977918 ], [ 6.072935661268941, 43.513599208277476 ], [ 6.072899129182102, 43.512879903600933 ], [ 6.073640384364828, 43.512859960798785 ], [ 6.073649519454506, 43.513039786854215 ], [ 6.073896605078065, 43.513033138145715 ], [ 6.073905740983731, 43.51321296415243 ], [ 6.074152827254377, 43.513206314869258 ], [ 6.074161963976045, 43.513386140827251 ], [ 6.074409050893775, 43.513379490969442 ], [ 6.074427326053615, 43.513739142780715 ], [ 6.074180237672771, 43.513745792721579 ], [ 6.074189374647831, 43.513925618657922 ], [ 6.07344810680384, 43.513945565406125 ], [ 6.073438972023484, 43.513765739345239 ], [ 6.073191883304823, 43.513772387153494 ], [ 6.073201017353608, 43.513952213255884 ], [ 6.072953927818941, 43.513958860572451 ], [ 6.072963061220585, 43.514138686709131 ], [ 6.072715970869903, 43.514145333534053 ] ] ] } },
{ "type": "Feature", "properties": { "surface_ha": 82.57 }, "geometry": { "type": "Polygon", "coordinates": [ [ [ 6.022703135729475, 43.523402850832461 ], [ 6.022694148665665, 43.523223016573141 ], [ 6.022447009676132, 43.52322955584436 ], [ 6.022393093430391, 43.522150549892956 ], [ 6.02288736254188, 43.522137471307097 ], [ 6.022878375327671, 43.521957637038419 ], [ 6.023125509026765, 43.521951096986236 ], [ 6.023107533383606, 43.521591428509112 ], [ 6.023848929590257, 43.521571805397244 ], [ 6.023839939697342, 43.521391971270447 ], [ 6.02408707086801, 43.521385429207257 ], [ 6.02406009949202, 43.520845926906425 ], [ 6.024307228383637, 43.520839384432414 ], [ 6.024298237359249, 43.520659550358637 ], [ 6.024545365435777, 43.520653007392127 ], [ 6.024554357192126, 43.520832841424998 ], [ 6.024801485917483, 43.520826297884284 ], [ 6.024792493429172, 43.520646463892213 ], [ 6.025039621339428, 43.520639919858965 ], [ 6.025030628202303, 43.520460085900631 ], [ 6.02527775529746, 43.520453541374877 ], [ 6.025268761511531, 43.520273707450222 ], [ 6.025515887791593, 43.520267162432013 ], [ 6.025506893356875, 43.520087328540981 ], [ 6.026001144203645, 43.520074236986261 ], [ 6.026010140102237, 43.520254070795495 ], [ 6.026504392080201, 43.520240977025594 ], [ 6.026468403129445, 43.519521642072675 ], [ 6.026962648919284, 43.519508546496468 ], [ 6.026971647496027, 43.519688380163672 ], [ 6.027218770998073, 43.519681831534683 ], [ 6.027236769864991, 43.520041498765835 ], [ 6.027731019547149, 43.520028399744248 ], [ 6.027704016980073, 43.519488899132142 ], [ 6.02893962875035, 43.519456142858289 ], [ 6.028948633182365, 43.519635976198295 ], [ 6.029195756018611, 43.519629423302646 ], [ 6.029204761265786, 43.519809256594598 ], [ 6.029451884750684, 43.519802703124675 ], [ 6.029442878771599, 43.519622869873636 ], [ 6.029690001441327, 43.519616315911307 ], [ 6.029699008152321, 43.519796149121412 ], [ 6.03019325470578, 43.519783039514905 ], [ 6.030202262963872, 43.519962872635972 ], [ 6.030449386847594, 43.519956316991781 ], [ 6.030440377857585, 43.519776483911649 ], [ 6.030934623911321, 43.519763371105135 ], [ 6.030916603253565, 43.519403705087043 ], [ 6.031657967317979, 43.519384032122964 ], [ 6.031666979800896, 43.519563865012742 ], [ 6.03191410172096, 43.519557306250455 ], [ 6.031905088506148, 43.519377473401619 ], [ 6.032893572425474, 43.519351233182995 ], [ 6.032902588567851, 43.519531065867987 ], [ 6.033149710071203, 43.519524504439062 ], [ 6.033140693196931, 43.519344671795032 ], [ 6.034870536262622, 43.519298727146371 ], [ 6.034879558260099, 43.519478559503547 ], [ 6.035373799849192, 43.519465427579227 ], [ 6.035382823393857, 43.519645259847231 ], [ 6.035629944795156, 43.519638693044094 ], [ 6.035602872215793, 43.519099196341543 ], [ 6.035355753010133, 43.519105763021685 ], [ 6.035337706504763, 43.518746098435429 ], [ 6.035090588679413, 43.518752664500276 ], [ 6.035099611158526, 43.518932496837969 ], [ 6.0348524925179, 43.518939062410489 ], [ 6.03484347077065, 43.518759230031776 ], [ 6.034349234702908, 43.518772359494939 ], [ 6.034331194386042, 43.518412694552019 ], [ 6.033836960912149, 43.518425821718012 ], [ 6.033827942342498, 43.518245989153861 ], [ 6.034075058389289, 43.518239425878505 ], [ 6.034066039171173, 43.518059593348113 ], [ 6.034313154402743, 43.518053029580429 ], [ 6.034322174352698, 43.518232862069823 ], [ 6.034816406029337, 43.518219732852621 ], [ 6.034825427526369, 43.518399565252835 ], [ 6.035319660333076, 43.51838643382046 ], [ 6.035265523820025, 43.517307439803311 ], [ 6.035018411849324, 43.517314005540179 ], [ 6.035009390120898, 43.517134173137862 ], [ 6.035503612515285, 43.517121041212818 ], [ 6.035485566381492, 43.516761376550662 ], [ 6.036968222780946, 43.516721968469021 ], [ 6.036959195448515, 43.516542136373225 ], [ 6.037206303824592, 43.516535566534223 ], [ 6.03719727584385, 43.516355734472249 ], [ 6.037444383404698, 43.516349164141012 ], [ 6.037435354775659, 43.516169332112888 ], [ 6.037682461521278, 43.516162761289415 ], [ 6.037673432243955, 43.51598292929512 ], [ 6.038167644021263, 43.515969786130434 ], [ 6.038176674762083, 43.516149618042675 ], [ 6.038670887668936, 43.516136472662886 ], [ 6.038652823343803, 43.515776808995433 ], [ 6.038899928208494, 43.515770235587759 ], [ 6.0388818627539, 43.515410571973689 ], [ 6.039623172456538, 43.515390848797473 ], [ 6.039605102945678, 43.51503118540095 ], [ 6.039852204549423, 43.515024610024533 ], [ 6.039843169187576, 43.51484477835654 ], [ 6.041572872952688, 43.514798736078511 ], [ 6.041563832552526, 43.514618904690849 ], [ 6.041810932024458, 43.514612325130727 ], [ 6.041801890976187, 43.514432493776944 ], [ 6.042296088205942, 43.514419333139216 ], [ 6.042278003433464, 43.514059670574461 ], [ 6.042525100459613, 43.51405308953796 ], [ 6.042534143535724, 43.514232920782838 ], [ 6.043028338800548, 43.51421975702803 ], [ 6.043010249805288, 43.513860094695445 ], [ 6.04350444180902, 43.513846928972178 ], [ 6.043486350221628, 43.513487266775286 ], [ 6.044474727372394, 43.513460929259224 ], [ 6.044492824812927, 43.513820591127256 ], [ 6.044987015812993, 43.513807419005566 ], [ 6.044977965587615, 43.513627588157391 ], [ 6.045225060230511, 43.513621001337881 ], [ 6.04521600935716, 43.513441170523627 ], [ 6.045463103184749, 43.51343458321206 ], [ 6.045454051663444, 43.513254752431756 ], [ 6.045701144675727, 43.513248164628109 ], [ 6.04569209250648, 43.513068333881755 ], [ 6.045939184703462, 43.513061745586057 ], [ 6.045930131886281, 43.512881914873653 ], [ 6.046671405780238, 43.512862146910877 ], [ 6.046689515887969, 43.513221808081653 ], [ 6.04693660848177, 43.513215217612078 ], [ 6.046945664392821, 43.51339504814554 ], [ 6.047192757634527, 43.513388457101613 ], [ 6.047201814360924, 43.513568287586736 ], [ 6.047448908250531, 43.513561695968477 ], [ 6.047457965792288, 43.513741526405255 ], [ 6.047705060329797, 43.513734934212664 ], [ 6.047714118686926, 43.51391476460109 ], [ 6.047961213872332, 43.51390817183411 ], [ 6.047970273044847, 43.514088002174169 ], [ 6.047723177127796, 43.514094594982318 ], [ 6.04773223565241, 43.514274425356362 ], [ 6.046990945203871, 43.514294200705024 ], [ 6.047009058114343, 43.514653861678497 ], [ 6.047256156477585, 43.514647270346508 ], [ 6.047265213790081, 43.514827100781289 ], [ 6.047512312801265, 43.514820508874948 ], [ 6.047521370929176, 43.515000339261384 ], [ 6.04678007144939, 43.515020113504292 ], [ 6.046761959667379, 43.514660452477258 ], [ 6.046020663824201, 43.514680221674325 ], [ 6.046011610253787, 43.514500391026601 ], [ 6.045270315852355, 43.514520155301298 ], [ 6.04527936722775, 43.514699986072436 ], [ 6.044785169078384, 43.514713159671743 ], [ 6.04479421907409, 43.514892990517936 ], [ 6.044547119142221, 43.514899576558904 ], [ 6.044556168489904, 43.515079407439039 ], [ 6.045544570642113, 43.515053059911388 ], [ 6.045535518367673, 43.514873229195743 ], [ 6.046029717478317, 43.514860052314859 ], [ 6.046038771216128, 43.515039882948209 ], [ 6.046532971455347, 43.515026703852143 ], [ 6.046542026740241, 43.515206534396022 ], [ 6.046294925930793, 43.515213124251801 ], [ 6.046303980567703, 43.515392954829643 ], [ 6.045562675442046, 43.515412721321063 ], [ 6.045571727967546, 43.515592552015114 ], [ 6.044336214092569, 43.515625485708497 ], [ 6.044345263043171, 43.515805316600996 ], [ 6.044098159285464, 43.515811901781092 ], [ 6.044116255974179, 43.516171563626749 ], [ 6.04386915066936, 43.516178148355813 ], [ 6.043887246229188, 43.516537810254995 ], [ 6.043640139377237, 43.516544394533042 ], [ 6.043658233808134, 43.516904056485664 ], [ 6.043411125409023, 43.516910640312673 ], [ 6.043429218710936, 43.517270302318764 ], [ 6.043182108764645, 43.517276885694741 ], [ 6.043191154809273, 43.517456716728127 ], [ 6.042944044047565, 43.517463299611912 ], [ 6.042971180487836, 43.518002792792238 ], [ 6.043218293444939, 43.517996209785153 ], [ 6.043245432833308, 43.518535702777513 ], [ 6.04275120244456, 43.518548868505007 ], [ 6.042733112362638, 43.518189206352901 ], [ 6.042485998506475, 43.518195788334495 ], [ 6.04247695432276, 43.518015957206565 ], [ 6.042229841114795, 43.518022538613828 ], [ 6.042238884566697, 43.518202369782855 ], [ 6.04174465643633, 43.518215531079676 ], [ 6.0417898676316, 43.519114687227933 ], [ 6.041295631848476, 43.519127846802405 ], [ 6.041322755177618, 43.519667340651651 ], [ 6.040087153279166, 43.519700230871067 ], [ 6.040105228597681, 43.520059893812018 ], [ 6.040599472535316, 43.520046739159966 ], [ 6.040590433370501, 43.519866907775203 ], [ 6.04157891731534, 43.519840592235461 ], [ 6.041587959407702, 43.520020423455904 ], [ 6.041340837814984, 43.520027003181895 ], [ 6.041349879259049, 43.520206834436244 ], [ 6.041102756850846, 43.520213413669993 ], [ 6.041111797646603, 43.520393244958221 ], [ 6.041358920786706, 43.520386665683418 ], [ 6.041367962397954, 43.520566496923394 ], [ 6.042603580503985, 43.520533592343902 ], [ 6.042594535233214, 43.520353761309387 ], [ 6.043335902897676, 43.520334012285048 ], [ 6.043363045548024, 43.520873504997184 ], [ 6.043857294630878, 43.520860336067692 ], [ 6.043866343812127, 43.521040166875139 ], [ 6.044113468959981, 43.521033581569299 ], [ 6.044131569037322, 43.521393243080432 ], [ 6.043884442425613, 43.521399828468518 ], [ 6.043911590973321, 43.52193932080467 ], [ 6.043417333107243, 43.521952490227491 ], [ 6.043426381326563, 43.522132321074089 ], [ 6.042932121661948, 43.522145488445702 ], [ 6.042941168500985, 43.522325319367276 ], [ 6.042694037811246, 43.522331902294184 ], [ 6.042684991704176, 43.522152071331469 ], [ 6.04243786166277, 43.522158653683888 ], [ 6.04240168099864, 43.52143932959688 ], [ 6.042154553801421, 43.521445911251575 ], [ 6.04218168697823, 43.521985404450888 ], [ 6.04193455750154, 43.521991985695493 ], [ 6.041952645240239, 43.522351647874608 ], [ 6.040716989283025, 43.522384546508142 ], [ 6.04068986877991, 43.521845052612441 ], [ 6.040442739533607, 43.521851630615849 ], [ 6.04042466108, 43.521491967900666 ], [ 6.041166044176449, 43.521472232536844 ], [ 6.04115700287917, 43.521292401291703 ], [ 6.040909875995877, 43.521298980238591 ], [ 6.040891795115953, 43.520939317644583 ], [ 6.039409040844411, 43.520978779632813 ], [ 6.039390969081864, 43.520619116517331 ], [ 6.039143844541361, 43.520625691566551 ], [ 6.039125774576785, 43.520266028340245 ], [ 6.038878651416574, 43.520272602774035 ], [ 6.038905754292985, 43.520812097725901 ], [ 6.038411503330501, 43.52082524523977 ], [ 6.038393437590382, 43.520465581781544 ], [ 6.037652064911864, 43.520485298806101 ], [ 6.037643034362806, 43.520305466943121 ], [ 6.037148786956826, 43.520318608877417 ], [ 6.037139757955075, 43.520138776925215 ], [ 6.036892634858778, 43.520145347051333 ], [ 6.036910691481932, 43.52050501103065 ], [ 6.0374049405187, 43.520491870080967 ], [ 6.037413970419328, 43.520671701977783 ], [ 6.03766109554441, 43.520665130661925 ], [ 6.037679157059979, 43.521024794351995 ], [ 6.037926283565429, 43.521018222420707 ], [ 6.037935315180392, 43.521198054213947 ], [ 6.038182442334284, 43.521191481708271 ], [ 6.038191474764694, 43.521371313453301 ], [ 6.038685730285835, 43.52135816675986 ], [ 6.038676696391535, 43.521178335096913 ], [ 6.038923823294887, 43.521171760991209 ], [ 6.038941892630898, 43.521531424227824 ], [ 6.03844763581289, 43.521544572070063 ], [ 6.038465702555178, 43.521904235442122 ], [ 6.039701351293298, 43.52187136142588 ], [ 6.039692314220585, 43.521691529948683 ], [ 6.039939442985622, 43.52168495358643 ], [ 6.039993671067054, 43.522763942095466 ], [ 6.039746537910156, 43.522770518704107 ], [ 6.039755575484191, 43.522950350138203 ], [ 6.034812880168276, 43.523081771121973 ], [ 6.034803857234435, 43.522901938867349 ], [ 6.034556722324279, 43.522908504275009 ], [ 6.034538678170877, 43.522548839662242 ], [ 6.033797277332016, 43.522568532438981 ], [ 6.033806297170987, 43.522748364871916 ], [ 6.033559162659229, 43.52275492810508 ], [ 6.03355014355227, 43.522575095631161 ], [ 6.033303009689135, 43.522581658289937 ], [ 6.033293991397565, 43.522401825767872 ], [ 6.033541124528694, 43.522395263150081 ], [ 6.033496030661571, 43.521496100637002 ], [ 6.03324890119036, 43.521502663049944 ], [ 6.033239883399042, 43.521322830484841 ], [ 6.033981269366643, 43.521303141768875 ], [ 6.033999309424447, 43.521662806646056 ], [ 6.034246439377466, 43.521656242592051 ], [ 6.034255460263432, 43.5218360749789 ], [ 6.035738242621704, 43.521796679208357 ], [ 6.035729217343914, 43.52161684706747 ], [ 6.035976346712985, 43.521610279279962 ], [ 6.035967320786673, 43.521430447172889 ], [ 6.035720192149566, 43.521437014919421 ], [ 6.035711167038656, 43.521257182764181 ], [ 6.035464039050061, 43.521263749936345 ], [ 6.035445990542454, 43.520904085522339 ], [ 6.035198863934318, 43.520910652079131 ], [ 6.035180817224298, 43.520550987554429 ], [ 6.034933691996605, 43.520557553495905 ], [ 6.034924669498651, 43.520377721181781 ], [ 6.034677544919468, 43.520384286548918 ], [ 6.034668523236849, 43.520204454186661 ], [ 6.034174275292101, 43.520217583238939 ], [ 6.034210356667602, 43.520936912972914 ], [ 6.033716102533832, 43.520950040219688 ], [ 6.033689045768717, 43.520410542684075 ], [ 6.033441920772558, 43.520417105384546 ], [ 6.033459957068722, 43.52077677049742 ], [ 6.033212830525322, 43.520783332746447 ], [ 6.033221848066526, 43.520963165333093 ], [ 6.032480465740303, 43.520982849003033 ], [ 6.032471450394935, 43.520803016293527 ], [ 6.031235815177387, 43.520835811538277 ], [ 6.031244826863015, 43.521015644452589 ], [ 6.030750570728835, 43.521028758898929 ], [ 6.030759581033858, 43.521208591887941 ], [ 6.031006709874561, 43.521202034890493 ], [ 6.031024732198462, 43.521561700765105 ], [ 6.030777601893822, 43.521568257844422 ], [ 6.03078661244876, 43.521748090811919 ], [ 6.031033743485382, 43.521741533691646 ], [ 6.031069789466201, 43.522460865326103 ], [ 6.030575521453678, 43.522473979360761 ], [ 6.030584531693147, 43.522653812333324 ], [ 6.030337396829911, 43.522660368591488 ], [ 6.030346406420664, 43.522840201597809 ], [ 6.03108781295651, 43.522820531100308 ], [ 6.031078801169696, 43.522640698216804 ], [ 6.03157307031297, 43.522627581966731 ], [ 6.031564057145452, 43.522447749157934 ], [ 6.031811190860085, 43.522441190273781 ], [ 6.03179316331104, 43.522081524716604 ], [ 6.032040295478338, 43.522074965380959 ], [ 6.032031281096828, 43.521895132632558 ], [ 6.032772674902678, 43.521875451548318 ], [ 6.03278169148015, 43.522055284173838 ], [ 6.032534559562897, 43.52206184510959 ], [ 6.032552591503934, 43.522421510421019 ], [ 6.032058324491382, 43.522434630856239 ], [ 6.032076353837803, 43.522794296302855 ], [ 6.033064893385562, 43.52276805297118 ], [ 6.033073911111874, 43.522947885519891 ], [ 6.033321046522414, 43.522941323312537 ], [ 6.033330065064125, 43.523121155813058 ], [ 6.02962301417433, 43.523219533531538 ], [ 6.029614006613089, 43.523039700416781 ], [ 6.02887259638195, 43.523059361436019 ], [ 6.02888160174707, 43.523239194673508 ], [ 6.028387326379253, 43.523252299434532 ], [ 6.028369318660423, 43.522892632788704 ], [ 6.028122182315721, 43.522899184287262 ], [ 6.028131185401476, 43.523079017654673 ], [ 6.027884048241497, 43.52308556866079 ], [ 6.02787504588778, 43.522905735252472 ], [ 6.026639362499739, 43.522938482077514 ], [ 6.026648361193255, 43.523118315690311 ], [ 6.026401223533983, 43.523124863496015 ], [ 6.026410221578649, 43.5233046971425 ], [ 6.025915944546433, 43.523317791235442 ], [ 6.025897951468487, 43.52295812377178 ], [ 6.025650814291706, 43.522964669936421 ], [ 6.025659810057045, 43.523144503712693 ], [ 6.025412672065046, 43.523151049384794 ], [ 6.025394682081625, 43.522791381743311 ], [ 6.02514754547055, 43.522797926800301 ], [ 6.025138551335618, 43.522618092927921 ], [ 6.024644279328079, 43.522631181359927 ], [ 6.024635286740359, 43.522451347398707 ], [ 6.024141015864312, 43.522464433615426 ], [ 6.024150006987966, 43.522644267658357 ], [ 6.024397143199591, 43.522637724775862 ], [ 6.024406135138415, 43.52281755877079 ], [ 6.024900408776316, 43.522804471323859 ], [ 6.024918395831562, 43.523164139128774 ], [ 6.025165533989883, 43.523157594523489 ], [ 6.025174528374287, 43.523337428374333 ], [ 6.023938833090948, 43.52337014627102 ], [ 6.023929842366829, 43.523190312215888 ], [ 6.023682703792818, 43.523196854154165 ], [ 6.023691693784876, 43.523376688250124 ], [ 6.022703135729475, 43.523402850832461 ] ], [ [ 6.034803857234435, 43.522901938867349 ], [ 6.03505099206117, 43.522895372926321 ], [ 6.03504196847874, 43.522715540705498 ], [ 6.035289102490036, 43.522708974272071 ], [ 6.035271054111452, 43.522349309890899 ], [ 6.035023921564157, 43.522355876242344 ], [ 6.035032944979736, 43.522535708477498 ], [ 6.034785811617017, 43.522542274336551 ], [ 6.034803857234435, 43.522901938867349 ] ], [ [ 6.041633171123475, 43.5209195794504 ], [ 6.041880296292125, 43.520912998985679 ], [ 6.041871253049854, 43.520733167842238 ], [ 6.041624128613125, 43.520739748265875 ], [ 6.041633171123475, 43.5209195794504 ] ], [ [ 6.030970666226485, 43.520482703055173 ], [ 6.031217792056085, 43.52047614568815 ], [ 6.031208780620404, 43.52029631275235 ], [ 6.030961655522735, 43.520302870078453 ], [ 6.030970666226485, 43.520482703055173 ] ], [ [ 6.031712043465338, 43.52046302935409 ], [ 6.031959169044977, 43.520456470387039 ], [ 6.03195015541351, 43.520276637574078 ], [ 6.032691529456615, 43.520256957595755 ], [ 6.032682513712721, 43.520077124898471 ], [ 6.032435389846948, 43.520083685383632 ], [ 6.032426374918319, 43.519903852638215 ], [ 6.031932128400571, 43.519916971926612 ], [ 6.0319231150191, 43.519737139092122 ], [ 6.031675992367133, 43.519743697895386 ], [ 6.031694017749585, 43.520103363639073 ], [ 6.031446893550472, 43.520109921990901 ], [ 6.031455905634764, 43.520289754892936 ], [ 6.031703030565799, 43.520283196500166 ], [ 6.031712043465338, 43.52046302935409 ] ], [ [ 6.035337706504763, 43.518746098435429 ], [ 6.035584824246695, 43.518739531837284 ], [ 6.035575800387288, 43.518559699574396 ], [ 6.035328683377211, 43.518566266131529 ], [ 6.035337706504763, 43.518746098435429 ] ], [ [ 6.044574267436241, 43.515439069177717 ], [ 6.044821369563199, 43.515432483013392 ], [ 6.044812319316498, 43.515252652188757 ], [ 6.044565217921241, 43.51525923831197 ], [ 6.044574267436241, 43.515439069177717 ] ] ] } },
{ "type": "Feature", "properties": { "surface_ha": 134.33 }, "geometry": { "type": "Polygon", "coordinates": [ [ [ 6.043462575040388, 43.522851644388496 ], [ 6.043444478016162, 43.522491982745656 ], [ 6.043938740274034, 43.522478813076127 ], [ 6.043947790208275, 43.522658643818929 ], [ 6.044442053595424, 43.522645471933728 ], [ 6.044433002197226, 43.522465641273179 ], [ 6.044680133033303, 43.522459054571662 ], [ 6.044671080986819, 43.522279223945041 ], [ 6.044423950882713, 43.522285810605453 ], [ 6.044414899651882, 43.522105979930544 ], [ 6.044909158312482, 43.522092806158625 ], [ 6.04490010570142, 43.521912975558756 ], [ 6.045394362563333, 43.521899799735706 ], [ 6.0454034166383, 43.522079630253316 ], [ 6.046639060987834, 43.522046681156333 ], [ 6.046630003253118, 43.521866850844468 ], [ 6.047124258942891, 43.521853667554517 ], [ 6.047133318141504, 43.522033497784101 ], [ 6.047380446592707, 43.522026905297956 ], [ 6.047362326815354, 43.521667244913957 ], [ 6.047609453718912, 43.521660651976788 ], [ 6.047600393223946, 43.521480821815167 ], [ 6.047847519311809, 43.521474228385827 ], [ 6.047838458168684, 43.521294398258185 ], [ 6.048332708629237, 43.521281209881813 ], [ 6.048341771236204, 43.521461039927111 ], [ 6.048588897072726, 43.521454444897749 ], [ 6.048597960495409, 43.52163427489468 ], [ 6.048845086980064, 43.52162767929083 ], [ 6.048826958754647, 43.521268019372101 ], [ 6.050062582601574, 43.521235033764562 ], [ 6.050044447392287, 43.520875374228993 ], [ 6.050785816303083, 43.520855576711703 ], [ 6.050776746628507, 43.520675747056721 ], [ 6.052506599362045, 43.520629534471986 ], [ 6.052497524648147, 43.520449705098358 ], [ 6.052991766067569, 43.520436496785351 ], [ 6.052982689973826, 43.520256667486962 ], [ 6.053724049278014, 43.520236851141341 ], [ 6.053714971072591, 43.520057021959509 ], [ 6.053962089940947, 43.520050415485592 ], [ 6.053953011087599, 43.519870586337831 ], [ 6.054447247108791, 43.519857371872597 ], [ 6.054410926680064, 43.519138055539528 ], [ 6.054905156510801, 43.519124839271193 ], [ 6.054896075149848, 43.518945010252452 ], [ 6.054401846782746, 43.518958226438293 ], [ 6.054374607594442, 43.518418739091331 ], [ 6.053880383282394, 43.518431952896535 ], [ 6.053862227170376, 43.518072294464275 ], [ 6.05361511635204, 43.518078900484475 ], [ 6.053624193634297, 43.518258729745448 ], [ 6.052882858480438, 43.518278544730187 ], [ 6.052864708390541, 43.517918885953598 ], [ 6.053111818728834, 43.517912281574432 ], [ 6.053093667510982, 43.517552622851547 ], [ 6.052846558636237, 43.517559227148247 ], [ 6.052837483884924, 43.517379397734764 ], [ 6.052590375658044, 43.517386001456977 ], [ 6.052581301722384, 43.517206171995085 ], [ 6.05208708648048, 43.517219377757293 ], [ 6.052096158952627, 43.517399207301629 ], [ 6.051849050474101, 43.517405809424076 ], [ 6.051839978733716, 43.5172259798385 ], [ 6.051592870903084, 43.517232581386459 ], [ 6.051583799978318, 43.517052751752487 ], [ 6.050842478178557, 43.517072553073248 ], [ 6.050851546908062, 43.517252382830847 ], [ 6.050604438742034, 43.517258982245814 ], [ 6.050622574989028, 43.517618641821855 ], [ 6.05037546527563, 43.517625240785947 ], [ 6.050393600394402, 43.517984900415627 ], [ 6.050146489133614, 43.517991498928843 ], [ 6.050164623124115, 43.518351158612177 ], [ 6.049670397423888, 43.518364354203591 ], [ 6.049679463081261, 43.518544184116848 ], [ 6.04893812170693, 43.518563973627948 ], [ 6.048929058244985, 43.518384143591128 ], [ 6.04917617138842, 43.518377547661899 ], [ 6.049158043252302, 43.518017887649037 ], [ 6.049652266360576, 43.518004694355511 ], [ 6.049643200954636, 43.517824864420668 ], [ 6.049890311651273, 43.51781826701518 ], [ 6.049872179627263, 43.517458607206322 ], [ 6.049377961077284, 43.517471801319303 ], [ 6.049350768060425, 43.516932311304963 ], [ 6.049103660855019, 43.516938907438011 ], [ 6.049112724378418, 43.517118737491145 ], [ 6.048865616357464, 43.517125333132121 ], [ 6.048856553565822, 43.516945503037782 ], [ 6.048362338736085, 43.516958692637594 ], [ 6.048353277491726, 43.516778862453734 ], [ 6.04810617068295, 43.516785456412585 ], [ 6.048124291791924, 43.517145116855495 ], [ 6.047877183435873, 43.517151710363422 ], [ 6.04785906379041, 43.51679204983818 ], [ 6.047364849754074, 43.516805235089656 ], [ 6.047382966472505, 43.517164895779544 ], [ 6.047135857865202, 43.517171487687705 ], [ 6.047144915618265, 43.517351318063021 ], [ 6.046897806195452, 43.517357909479074 ], [ 6.046870635382769, 43.516818418208082 ], [ 6.047117742610289, 43.516811826915493 ], [ 6.047099627690319, 43.516452166114561 ], [ 6.047346733370613, 43.516445574371005 ], [ 6.047337675304496, 43.516265744000911 ], [ 6.047831884950384, 43.516252558996406 ], [ 6.047822825504549, 43.516072728701452 ], [ 6.048069929470142, 43.516066135440497 ], [ 6.048078989647705, 43.516245965694317 ], [ 6.048326094261263, 43.516239371858958 ], [ 6.048317033351977, 43.516059541646314 ], [ 6.048564137150046, 43.516052947318904 ], [ 6.048573198791058, 43.516232777490373 ], [ 6.048820303237078, 43.516226182588518 ], [ 6.048829365693591, 43.516406012711649 ], [ 6.04907647078756, 43.516399417235391 ], [ 6.049094597415411, 43.516759077377664 ], [ 6.049341703889068, 43.516752481285785 ], [ 6.049323575797742, 43.516392821225899 ], [ 6.049570680724131, 43.516386224683188 ], [ 6.04956161607243, 43.516206394683621 ], [ 6.04931451187777, 43.516212991185164 ], [ 6.049278257035811, 43.51549367095032 ], [ 6.049031155684203, 43.515500266753904 ], [ 6.049003967627591, 43.514960776378729 ], [ 6.049251066784136, 43.514954180698695 ], [ 6.049242003534486, 43.514774350600405 ], [ 6.048994905109617, 43.514780946239284 ], [ 6.048985842675418, 43.514601116092649 ], [ 6.048738744898439, 43.514607711157133 ], [ 6.048720621744698, 43.514248050759932 ], [ 6.048967718058363, 43.514241455777814 ], [ 6.048958655875498, 43.514061625609635 ], [ 6.048711560293482, 43.514068220550563 ], [ 6.048702498926034, 43.513888390333982 ], [ 6.049937972340092, 43.51385541050324 ], [ 6.049965167668437, 43.514394900513622 ], [ 6.050706457296089, 43.514375105846064 ], [ 6.050715524768114, 43.514554935711566 ], [ 6.05120971889741, 43.514541736518098 ], [ 6.051200649962079, 43.514361906735026 ], [ 6.05144774616932, 43.514355306379692 ], [ 6.051456815836306, 43.514535136121566 ], [ 6.051703912691353, 43.514528535191829 ], [ 6.051694842292718, 43.514348705491166 ], [ 6.05194193833226, 43.514342104069442 ], [ 6.051951009462546, 43.514521933728886 ], [ 6.052198106149885, 43.514515331732753 ], [ 6.052243466717578, 43.51541447971595 ], [ 6.052490566979393, 43.515407876980476 ], [ 6.052499640076228, 43.515587706514324 ], [ 6.052746740985855, 43.51558110320439 ], [ 6.052737667157332, 43.515401273711788 ], [ 6.052984767251385, 43.515394669909881 ], [ 6.052975692775064, 43.515214840451314 ], [ 6.053469891248135, 43.515201631330321 ], [ 6.053460815392358, 43.515021801947029 ], [ 6.05370791377137, 43.515015196627964 ], [ 6.053698837267833, 43.514835367278714 ], [ 6.053945934831272, 43.51482876146769 ], [ 6.053909626729607, 43.514109444163701 ], [ 6.054156721282548, 43.514102837984446 ], [ 6.054138566271935, 43.513743179371808 ], [ 6.054385659277711, 43.513736572741848 ], [ 6.054376581166665, 43.513556743465969 ], [ 6.055364949424017, 43.513530311779355 ], [ 6.055355868470469, 43.513350482661295 ], [ 6.055602959593348, 43.51334387344798 ], [ 6.055593877992155, 43.513164044364011 ], [ 6.055840968299485, 43.513157434658744 ], [ 6.055831886050654, 43.51297760560886 ], [ 6.056326064950249, 43.512964384681396 ], [ 6.056316981322219, 43.512784555706837 ], [ 6.056564069914479, 43.512777944484633 ], [ 6.056554985638849, 43.512598115544144 ], [ 6.057296248717023, 43.512578278802401 ], [ 6.057278076028331, 43.512218621147582 ], [ 6.05752516208995, 43.512212007916617 ], [ 6.05751607514005, 43.512032179119679 ], [ 6.057763160386119, 43.51202556539684 ], [ 6.057781335833021, 43.512385222900896 ], [ 6.058028422458182, 43.512378608562308 ], [ 6.05801933396117, 43.51219877985519 ], [ 6.058513505496328, 43.512185549661133 ], [ 6.058504415620243, 43.512005721029411 ], [ 6.058010245548179, 43.51201895114086 ], [ 6.0580011572192, 43.511839122419318 ], [ 6.058248241565704, 43.511832507671457 ], [ 6.058239152589208, 43.511652678984042 ], [ 6.058980402929976, 43.511632831665601 ], [ 6.058989494101063, 43.511812660229097 ], [ 6.059236578111441, 43.51180604334867 ], [ 6.059245670098105, 43.511985871863672 ], [ 6.059492754755966, 43.511979254408786 ], [ 6.059501847558223, 43.512159082875279 ], [ 6.059996018084855, 43.512145846283474 ], [ 6.06000511243426, 43.512325674660111 ], [ 6.060746369788295, 43.512305815649796 ], [ 6.060737273244259, 43.512125987397141 ], [ 6.060984358129219, 43.512119366702073 ], [ 6.060975260937738, 43.511939538483581 ], [ 6.062210680443285, 43.511906427217788 ], [ 6.062219781292431, 43.512086255229583 ], [ 6.062961034180838, 43.51206638194838 ], [ 6.06297924052076, 43.512426037702163 ], [ 6.063226326111677, 43.512419412126086 ], [ 6.063235430139416, 43.512599239950802 ], [ 6.063976688601817, 43.512579359899526 ], [ 6.063985794908374, 43.51275918759292 ], [ 6.064727054807793, 43.512739302619181 ], [ 6.064736163393198, 43.51291913018121 ], [ 6.064983250589497, 43.512912500748946 ], [ 6.064992359990669, 43.513092328262402 ], [ 6.065239447834319, 43.513085698255551 ], [ 6.065266778737826, 43.513625180628452 ], [ 6.065019688699455, 43.513631810759456 ], [ 6.065028798437475, 43.513811638244093 ], [ 6.065275889207433, 43.513805008071664 ], [ 6.065294110399314, 43.514164662936494 ], [ 6.066035386593406, 43.514144768971832 ], [ 6.066017161011952, 43.513785114355436 ], [ 6.066758432058297, 43.513765215840699 ], [ 6.066749317199184, 43.513585388645929 ], [ 6.066996406647873, 43.513578754782763 ], [ 6.066969060381392, 43.513039273279425 ], [ 6.067216147551114, 43.513032639007349 ], [ 6.067207031565932, 43.512852811866608 ], [ 6.067948290374783, 43.512832905975813 ], [ 6.067939172279239, 43.512653078952098 ], [ 6.068186257648741, 43.512646442630285 ], [ 6.068168020247456, 43.512286788644154 ], [ 6.068415104069599, 43.512280151872069 ], [ 6.06839686554246, 43.51192049793999 ], [ 6.068643947817265, 43.511913860717641 ], [ 6.068634827948637, 43.511734033782204 ], [ 6.069128990782315, 43.51172075782106 ], [ 6.069119869534997, 43.511540930961317 ], [ 6.069366950093862, 43.511534292222507 ], [ 6.069376072072679, 43.511714119040818 ], [ 6.069623153278719, 43.51170747972742 ], [ 6.069614030568404, 43.511527652950562 ], [ 6.070355271486013, 43.511507731936042 ], [ 6.070346146665567, 43.511327905276353 ], [ 6.070840305392589, 43.511314622017338 ], [ 6.070831179193537, 43.511134795433378 ], [ 6.071078257699027, 43.511128153045675 ], [ 6.071069130852868, 43.510948326495999 ], [ 6.071316208542518, 43.510941683616629 ], [ 6.071325336120146, 43.511121510124859 ], [ 6.071819492709252, 43.511108222683895 ], [ 6.071810363668686, 43.510928396258628 ], [ 6.072304518457294, 43.510915106768202 ], [ 6.072295388038198, 43.5107352804187 ], [ 6.072789541026282, 43.510721988878835 ], [ 6.072816936925567, 43.511261467656738 ], [ 6.073064015487378, 43.511254820962655 ], [ 6.073082281305285, 43.511614473362194 ], [ 6.072835201280513, 43.511621120139282 ], [ 6.072844333584615, 43.511800946369739 ], [ 6.072103090809331, 43.511820883626726 ], [ 6.072130481644618, 43.512360362648238 ], [ 6.071636314983367, 43.512373651736226 ], [ 6.071645443967559, 43.51255347814525 ], [ 6.071151275505701, 43.512566765183642 ], [ 6.071160403111224, 43.512746591668446 ], [ 6.070913318022196, 43.512753234429397 ], [ 6.070904191148203, 43.512573407903133 ], [ 6.069915852874572, 43.51259997344971 ], [ 6.069924976822428, 43.512779800141864 ], [ 6.069677891311609, 43.512786440237093 ], [ 6.069687014612265, 43.51296626696346 ], [ 6.069934100854629, 43.512959626826763 ], [ 6.069943224971177, 43.513139453504472 ], [ 6.07068448538681, 43.513119529771068 ], [ 6.070720991475245, 43.513838835912196 ], [ 6.070473901828139, 43.513845477855696 ], [ 6.070483027829592, 43.514025304414425 ], [ 6.070235937366541, 43.514031945866201 ], [ 6.070254188159359, 43.514391599044984 ], [ 6.069760004053818, 43.51440488051491 ], [ 6.069750880078423, 43.514225053846204 ], [ 6.069503788630727, 43.514231693739966 ], [ 6.069494665471267, 43.514051867022587 ], [ 6.069000483786049, 43.514065145127674 ], [ 6.068991362174099, 43.513885318320213 ], [ 6.068003000718182, 43.513911867966584 ], [ 6.06799388211688, 43.51373204098612 ], [ 6.067746792273727, 43.513738677023376 ], [ 6.067774146135753, 43.514278158067349 ], [ 6.067032869516257, 43.514298063352946 ], [ 6.06707844999785, 43.515197198903493 ], [ 6.067819737591637, 43.515177292996519 ], [ 6.067828856135696, 43.515357119960719 ], [ 6.068323048906692, 43.515343846607273 ], [ 6.068304808976331, 43.514984192837375 ], [ 6.068551903772103, 43.514977555443728 ], [ 6.068542783201761, 43.5147977285894 ], [ 6.068295689137613, 43.514804365941629 ], [ 6.068286569383202, 43.514624539038657 ], [ 6.068533662715736, 43.514617901727917 ], [ 6.068506301763536, 43.514078421100095 ], [ 6.068753392816952, 43.51407178338048 ], [ 6.068771634830636, 43.514431437056679 ], [ 6.069018727262928, 43.514424798720988 ], [ 6.069036971077108, 43.514784452285447 ], [ 6.069284064888291, 43.514777813333716 ], [ 6.06930231050303, 43.515137466786427 ], [ 6.069055215228599, 43.515144105821079 ], [ 6.06906433743084, 43.515323932578099 ], [ 6.068817241340446, 43.515330571121005 ], [ 6.068835484534633, 43.515690224696257 ], [ 6.067599995501466, 43.515723409827316 ], [ 6.067609113566763, 43.515903236811312 ], [ 6.067114915900084, 43.5159165072142 ], [ 6.067124032586339, 43.516096334273833 ], [ 6.066382733259235, 43.516116236003363 ], [ 6.066391847834741, 43.51629606318005 ], [ 6.066144747158833, 43.516302696064884 ], [ 6.066153861086917, 43.516482523275783 ], [ 6.065906759595068, 43.516489155668808 ], [ 6.065915872875713, 43.516668982913941 ], [ 6.065668770567923, 43.516675614815142 ], [ 6.065677883201121, 43.516855442094467 ], [ 6.065924986240612, 43.516848810151828 ], [ 6.065943213223157, 43.517208464606014 ], [ 6.065696108720246, 43.517215096631439 ], [ 6.065723447630782, 43.517754578382892 ], [ 6.065476340848441, 43.5177612099993 ], [ 6.065485453255372, 43.517941037276771 ], [ 6.064991237974488, 43.517954298992663 ], [ 6.065000349002164, 43.518134126345714 ], [ 6.064753240503623, 43.518140756445177 ], [ 6.064762350883772, 43.518320583832462 ], [ 6.064021022687559, 43.518340471055524 ], [ 6.064030130956633, 43.518520298559729 ], [ 6.063288799807278, 43.518540181107625 ], [ 6.063279693733508, 43.518360353479281 ], [ 6.062785474009881, 43.518373605762186 ], [ 6.06276726504194, 43.518013950318391 ], [ 6.061531721577651, 43.51804707128003 ], [ 6.061522620878703, 43.517867243340518 ], [ 6.061028404367511, 43.517880487909714 ], [ 6.061019305216202, 43.517700659880326 ], [ 6.060772197566174, 43.517707281323702 ], [ 6.060781295985731, 43.517887109394422 ], [ 6.060287078969836, 43.517900350764094 ], [ 6.060277982013785, 43.517720522610695 ], [ 6.058795333338456, 43.517760233673677 ], [ 6.05877714845962, 43.517400576849404 ], [ 6.058530041516321, 43.517407193410918 ], [ 6.058511858437185, 43.517047536475204 ], [ 6.058264752873311, 43.517054152420876 ], [ 6.058292025422867, 43.517593637937509 ], [ 6.058044917579727, 43.517600253473816 ], [ 6.058081279228694, 43.518319567560461 ], [ 6.057834168374447, 43.518326182728721 ], [ 6.057861438298234, 43.518865668341988 ], [ 6.058108551347852, 43.518859053049852 ], [ 6.058090369851037, 43.518499396064108 ], [ 6.058337481353026, 43.518492780321296 ], [ 6.058328389998899, 43.518312951858967 ], [ 6.058575500685055, 43.518306335624139 ], [ 6.058566408683203, 43.518126507195909 ], [ 6.059307738041999, 43.518106655415906 ], [ 6.05931683223917, 43.518286483720196 ], [ 6.059811052854879, 43.518273246451258 ], [ 6.059829244428574, 43.518632902872973 ], [ 6.060323467635047, 43.518619663305664 ], [ 6.060341662472274, 43.518979319533251 ], [ 6.060588775412938, 43.518972698867024 ], [ 6.060606972050196, 43.519332354983128 ], [ 6.060854086370358, 43.519325733700953 ], [ 6.060872284807707, 43.519685389705572 ], [ 6.061366516122921, 43.519672145375992 ], [ 6.061357415398549, 43.519492317459985 ], [ 6.061851644913585, 43.519479071079999 ], [ 6.061842542809726, 43.519299243239487 ], [ 6.063325224944204, 43.519259491548965 ], [ 6.063334331438904, 43.519439319141313 ], [ 6.063087217228452, 43.519445945797607 ], [ 6.063105429006791, 43.519805601043394 ], [ 6.062858313248524, 43.519812227249162 ], [ 6.062867418532146, 43.519992054902637 ], [ 6.063114535022239, 43.519985428655474 ], [ 6.063123641121869, 43.520165256260356 ], [ 6.063370758259607, 43.520158629438548 ], [ 6.063388972175115, 43.520518284543954 ], [ 6.063636090692341, 43.520511657106105 ], [ 6.063626982960646, 43.520331829598376 ], [ 6.063874100661827, 43.520325201668605 ], [ 6.063864992282499, 43.52014537419506 ], [ 6.064359225968562, 43.520132116818431 ], [ 6.06435011620978, 43.519952289420452 ], [ 6.064597232194658, 43.519945659973594 ], [ 6.064588121788279, 43.519765832609806 ], [ 6.064835236957111, 43.519759202671032 ], [ 6.064826125903141, 43.519579375341429 ], [ 6.065567468708795, 43.519559482449722 ], [ 6.065558355543645, 43.519379655237103 ], [ 6.065805468911899, 43.519373023248022 ], [ 6.065796355099203, 43.519193196069629 ], [ 6.065302129742035, 43.519206459431651 ], [ 6.065283905296553, 43.518846804887595 ], [ 6.065531016553693, 43.518840173556001 ], [ 6.065521903725538, 43.518660346314583 ], [ 6.066016124523514, 43.518647082134457 ], [ 6.06600701031607, 43.51846725496862 ], [ 6.066501229313475, 43.518453988738301 ], [ 6.066492113726771, 43.518274161648094 ], [ 6.06822187244047, 43.518227713334447 ], [ 6.068212751815799, 43.518047886527029 ], [ 6.068459859134506, 43.518041248962064 ], [ 6.068450737862416, 43.517861422188901 ], [ 6.068697844365061, 43.517854784132183 ], [ 6.068716088457047, 43.518214437588455 ], [ 6.068468980490922, 43.518221075728086 ], [ 6.06847810193166, 43.51840090248686 ], [ 6.068230993149458, 43.518407540134675 ], [ 6.068249234820398, 43.518767193713458 ], [ 6.068002124490351, 43.518773830910909 ], [ 6.068020365035022, 43.519133484543723 ], [ 6.068514588537894, 43.519120209449845 ], [ 6.068505466759844, 43.518940382719897 ], [ 6.068999688461843, 43.518927105575841 ], [ 6.069017935029398, 43.519286758862712 ], [ 6.068770822757005, 43.51929339778426 ], [ 6.068807313977052, 43.520012704437271 ], [ 6.068560198693118, 43.52001934299134 ], [ 6.068569320977164, 43.520199169678008 ], [ 6.068075088692661, 43.520212445269209 ], [ 6.068084209597389, 43.520392272031557 ], [ 6.067837092596827, 43.520398909068668 ], [ 6.067809732331068, 43.519859428635698 ], [ 6.067315502467928, 43.519872700861455 ], [ 6.067306384011587, 43.519692873953169 ], [ 6.066812155274868, 43.519706143962964 ], [ 6.066839506505891, 43.520245624914736 ], [ 6.066592389815643, 43.520252259243975 ], [ 6.066610622927428, 43.520611913258598 ], [ 6.066363504689227, 43.520618547137403 ], [ 6.066372620639696, 43.520798374175321 ], [ 6.065878382446778, 43.520811640415872 ], [ 6.065887497017814, 43.52099146752937 ], [ 6.067123095527283, 43.520958297721251 ], [ 6.067113977296978, 43.520778470814811 ], [ 6.067608214647021, 43.520765199241318 ], [ 6.067626454119343, 43.521124852881279 ], [ 6.067873574131602, 43.521118216211718 ], [ 6.067891815404908, 43.521477869739996 ], [ 6.067644693928917, 43.521484506492413 ], [ 6.067653813960176, 43.521664333287191 ], [ 6.067406691667989, 43.521670969547763 ], [ 6.067424930519684, 43.522030623198489 ], [ 6.066930682754846, 43.522043894285403 ], [ 6.066939800843363, 43.522223721182826 ], [ 6.060514530206047, 43.522396052258479 ], [ 6.060505431147214, 43.522216224285124 ], [ 6.060258304948971, 43.522222845162112 ], [ 6.060249206706179, 43.522043017140234 ], [ 6.060002081155738, 43.522049637442521 ], [ 6.059992983728971, 43.521869809372099 ], [ 6.059498733839599, 43.521883048294079 ], [ 6.05950782980254, 43.522062876447158 ], [ 6.059260703999796, 43.522069495149466 ], [ 6.059269799314914, 43.522249323336709 ], [ 6.059022672696161, 43.52225594154698 ], [ 6.059031767363438, 43.522435769768322 ], [ 6.048158080787102, 43.522726444827143 ], [ 6.048149018325579, 43.522546614790969 ], [ 6.047901887929814, 43.522553209000691 ], [ 6.047892826284039, 43.522373378916178 ], [ 6.04764569653646, 43.52237997255137 ], [ 6.047636635706418, 43.522200142418512 ], [ 6.047142377423871, 43.522213328006444 ], [ 6.047151436789993, 43.522393158221654 ], [ 6.046657176708498, 43.522406341758511 ], [ 6.046666234694444, 43.522586172048833 ], [ 6.047160496239873, 43.522572988429651 ], [ 6.047169555773514, 43.522752818630458 ], [ 6.043462575040388, 43.522851644388496 ] ], [ [ 6.064688340891043, 43.521743933215163 ], [ 6.065182587245232, 43.521730671893671 ], [ 6.065173474532777, 43.521550844684732 ], [ 6.064679229642364, 43.521564105923446 ], [ 6.064688340891043, 43.521743933215163 ] ], [ [ 6.066912446830704, 43.52168424046895 ], [ 6.067406691667989, 43.521670969547763 ], [ 6.067397572368609, 43.521491142711575 ], [ 6.066903328995077, 43.521504413549877 ], [ 6.066912446830704, 43.52168424046895 ] ], [ [ 6.062391393191865, 43.5203649612478 ], [ 6.062885629351925, 43.520351710187917 ], [ 6.062876523899946, 43.520171882548887 ], [ 6.062382289203566, 43.520185133526034 ], [ 6.062391393191865, 43.5203649612478 ] ], [ [ 6.059627609446009, 43.5195386629916 ], [ 6.059874724834404, 43.519532043801235 ], [ 6.059865628585054, 43.519352215629972 ], [ 6.059618513928475, 43.519358834779041 ], [ 6.059627609446009, 43.5195386629916 ] ], [ [ 6.067782372824131, 43.519319948137827 ], [ 6.068029485433831, 43.519313311349343 ], [ 6.068020365035022, 43.519133484543723 ], [ 6.067773253157108, 43.519140121290775 ], [ 6.067782372824131, 43.519319948137827 ] ], [ [ 6.053862227170376, 43.518072294464275 ], [ 6.054109337904793, 43.518065687910806 ], [ 6.054091180664927, 43.517706029532249 ], [ 6.053844071394064, 43.517712636003239 ], [ 6.053862227170376, 43.518072294464275 ] ], [ [ 6.054329210626059, 43.517519593369208 ], [ 6.05482342728459, 43.517506377843453 ], [ 6.054814346679213, 43.517326548759975 ], [ 6.055802776061816, 43.51730011147454 ], [ 6.055784609248964, 43.516940453616051 ], [ 6.056031714921214, 43.516933843044121 ], [ 6.056022630909017, 43.51675401414537 ], [ 6.055528420944007, 43.516767234673452 ], [ 6.05551933847924, 43.516587405684952 ], [ 6.055766442772005, 43.5165807957288 ], [ 6.055748276630933, 43.516221137812742 ], [ 6.055995379376302, 43.5162145274059 ], [ 6.055986295700016, 43.516034698478364 ], [ 6.055492091588716, 43.516047918676279 ], [ 6.055501173801595, 43.516227747686358 ], [ 6.055254070888293, 43.516234357026747 ], [ 6.055263152453422, 43.516414186070911 ], [ 6.05501604872445, 43.51642079491932 ], [ 6.055025129641818, 43.516600623997533 ], [ 6.054778025097177, 43.516607232353977 ], [ 6.054796185720302, 43.516966890571375 ], [ 6.054549079628254, 43.516973498477086 ], [ 6.054558159333995, 43.517153327616249 ], [ 6.054311052426263, 43.51715993502998 ], [ 6.054329210626059, 43.517519593369208 ] ], [ [ 6.049872179627263, 43.517458607206322 ], [ 6.050119288776536, 43.517452009349967 ], [ 6.050110222158483, 43.517272179475945 ], [ 6.049863113740977, 43.517278777291111 ], [ 6.049872179627263, 43.517458607206322 ] ], [ [ 6.050110222158483, 43.517272179475945 ], [ 6.050357330492171, 43.517265581127504 ], [ 6.05034826322618, 43.517085751287475 ], [ 6.050595370744284, 43.517079152446996 ], [ 6.050577235000282, 43.516719492827804 ], [ 6.051071446858003, 43.516706293711849 ], [ 6.051053308522392, 43.516346634228732 ], [ 6.051300412862032, 43.516340033953313 ], [ 6.051291343088267, 43.516160204242162 ], [ 6.051538446612337, 43.516153603474713 ], [ 6.051529376190707, 43.51597377379759 ], [ 6.051035170522148, 43.515986974716782 ], [ 6.051026101647785, 43.51580714495006 ], [ 6.050778999419449, 43.515813744568597 ], [ 6.050769931360628, 43.515633914753451 ], [ 6.050275728115875, 43.515647112308478 ], [ 6.050321061931152, 43.516546261724315 ], [ 6.050073956524457, 43.516552859907939 ], [ 6.050110222158483, 43.517272179475945 ] ], [ [ 6.058511858437185, 43.517047536475204 ], [ 6.058758963917012, 43.517040919996347 ], [ 6.058740779710622, 43.516681263114464 ], [ 6.058987883642947, 43.51667464618501 ], [ 6.058978790934119, 43.516494817774557 ], [ 6.059225894050674, 43.516488200353152 ], [ 6.0592168006942, 43.516308371976848 ], [ 6.059463902994985, 43.516301754063534 ], [ 6.05945480899088, 43.516121925721336 ], [ 6.059207707421792, 43.516128543593339 ], [ 6.05918042810895, 43.515589058399613 ], [ 6.059427527482987, 43.515582440651578 ], [ 6.059418433815158, 43.515402612280603 ], [ 6.059912630847682, 43.515389375267539 ], [ 6.059858061826348, 43.514310405386233 ], [ 6.05911677932108, 43.514330259362254 ], [ 6.059125871752892, 43.514510087817769 ], [ 6.058384586296236, 43.514529937119022 ], [ 6.058393676617187, 43.514709765691251 ], [ 6.057652388209289, 43.514729610317666 ], [ 6.057670564713392, 43.515089267688339 ], [ 6.057917662396687, 43.515082653263477 ], [ 6.057935840700195, 43.515442310522765 ], [ 6.058182939762795, 43.515435695482104 ], [ 6.058192029772264, 43.515615524059641 ], [ 6.057697830099687, 43.515628753690393 ], [ 6.057725096242166, 43.516168239627611 ], [ 6.057972198315535, 43.516161624954982 ], [ 6.057999467409354, 43.516701110703536 ], [ 6.058246571593819, 43.516694495373748 ], [ 6.058237481080131, 43.516514666839385 ], [ 6.058484584448844, 43.516508051017695 ], [ 6.058511858437185, 43.517047536475204 ] ], [ [ 6.054979725894484, 43.515701478534467 ], [ 6.056215229065678, 43.515668429785421 ], [ 6.056206144909635, 43.515488600877546 ], [ 6.054970645396858, 43.515521649420222 ], [ 6.054979725894484, 43.515701478534467 ] ], [ [ 6.065595872535011, 43.515236996321242 ], [ 6.066090065359637, 43.515223732648103 ], [ 6.066080952021316, 43.515043905386747 ], [ 6.066328047575622, 43.51503727279178 ], [ 6.066337161645584, 43.515217100011746 ], [ 6.066584257847268, 43.515210466842177 ], [ 6.066566028328338, 43.514850812477896 ], [ 6.066318933589917, 43.514857445564637 ], [ 6.066309819688464, 43.514677618330282 ], [ 6.066062725597414, 43.514684250842365 ], [ 6.066053612511834, 43.514504423559416 ], [ 6.065559425540239, 43.514517686901321 ], [ 6.065550314002125, 43.514337859528318 ], [ 6.06505612815683, 43.514351120654688 ], [ 6.065047018166164, 43.514171293191687 ], [ 6.064799925848792, 43.514177922913696 ], [ 6.064827253878601, 43.514717405405264 ], [ 6.065568537162581, 43.514697514267091 ], [ 6.065595872535011, 43.515236996321242 ] ], [ [ 6.049763394523251, 43.515300647749157 ], [ 6.050504695377396, 43.515280854063313 ], [ 6.050495628301746, 43.515101024185405 ], [ 6.049754329642653, 43.515120817747651 ], [ 6.049763394523251, 43.515300647749157 ] ], [ [ 6.062594296637081, 43.514597222165193 ], [ 6.06308848562943, 43.514583971619757 ], [ 6.063079381407492, 43.514404143832913 ], [ 6.062585193878389, 43.514417394295634 ], [ 6.062594296637081, 43.514597222165193 ] ], [ [ 6.061322426786138, 43.513911026849463 ], [ 6.062063702631176, 43.513891158725535 ], [ 6.062045500797507, 43.51353150275613 ], [ 6.061551319911323, 43.513544748539864 ], [ 6.061560419322904, 43.513724576610855 ], [ 6.061313328022037, 43.513731198744331 ], [ 6.061322426786138, 43.513911026849463 ] ] ] } },
{ "type": "Feature", "properties": { "surface_ha": 6.2 }, "geometry": { "type": "Polygon", "coordinates": [ [ [ 6.074372501587725, 43.512660187260266 ], [ 6.074363364472378, 43.512480361314907 ], [ 6.074116281212313, 43.51248701096516 ], [ 6.074088872567581, 43.511947532961344 ], [ 6.074335953633127, 43.511940883435649 ], [ 6.074317680162609, 43.511581231480065 ], [ 6.074070600560037, 43.511587880922711 ], [ 6.074061464682948, 43.511408054892598 ], [ 6.07430854355404, 43.511401405491455 ], [ 6.074262861778066, 43.510502275440125 ], [ 6.074757011952292, 43.510488975453676 ], [ 6.074747874387593, 43.510309149504828 ], [ 6.075242022761077, 43.510295847469088 ], [ 6.075260300900701, 43.51065549919349 ], [ 6.07600152721592, 43.510635541892505 ], [ 6.075992385909549, 43.510455716158518 ], [ 6.076486534900986, 43.510442408708784 ], [ 6.076477392216256, 43.510262583050668 ], [ 6.076724465853774, 43.510255928567716 ], [ 6.076715322522135, 43.510076102943906 ], [ 6.077209468080763, 43.510062792461873 ], [ 6.077200323370817, 43.509882966913942 ], [ 6.077447395291919, 43.509876310914862 ], [ 6.077456540733277, 43.510056136421227 ], [ 6.077950685784682, 43.510042822740694 ], [ 6.077978127004555, 43.510582298967073 ], [ 6.078472276106281, 43.5105689829048 ], [ 6.078481424811558, 43.510748808216022 ], [ 6.078234349571541, 43.510755466555267 ], [ 6.078252645772914, 43.511115117239193 ], [ 6.078005568985438, 43.511121775128501 ], [ 6.078023864062157, 43.511481425866691 ], [ 6.076788471541887, 43.511514707732232 ], [ 6.076797615549721, 43.511694533298311 ], [ 6.076303456486918, 43.51170784239585 ], [ 6.076312599116313, 43.511887668037801 ], [ 6.076559679421462, 43.511881013714046 ], [ 6.076568822866864, 43.512060839307225 ], [ 6.076321741830226, 43.512067493672511 ], [ 6.076330884628654, 43.51224731930003 ], [ 6.075836720838838, 43.512260626514369 ], [ 6.075855003763215, 43.512620277913896 ], [ 6.075607920278527, 43.512626930804466 ], [ 6.0755987795056, 43.512447105066755 ], [ 6.075351696667927, 43.512453757382652 ], [ 6.075360836709339, 43.512633583161886 ], [ 6.074372501587725, 43.512660187260266 ] ] ] } },
{ "type": "Feature", "properties": { "surface_ha": 1.12 }, "geometry": { "type": "Polygon", "coordinates": [ [ [ 6.078655306841414, 43.509303546984363 ], [ 6.078627860814757, 43.508764070980469 ], [ 6.078133726510136, 43.508777387277519 ], [ 6.078115432507301, 43.508417736405903 ], [ 6.077868366690876, 43.508424393671696 ], [ 6.077859220547638, 43.508244568183493 ], [ 6.078106285632714, 43.508237910959274 ], [ 6.078097138842678, 43.508058085505425 ], [ 6.078344203111863, 43.508051427789695 ], [ 6.078335055675042, 43.507871602370201 ], [ 6.078582119128335, 43.507864944163018 ], [ 6.078591267296489, 43.508044769540938 ], [ 6.078838331396551, 43.508038110759138 ], [ 6.078847480380611, 43.508217936088265 ], [ 6.079094545127443, 43.508211276731885 ], [ 6.079121994781109, 43.508750752551251 ], [ 6.079369061637415, 43.50874409253705 ], [ 6.079359910936922, 43.508564267312714 ], [ 6.079606976977283, 43.508557606807031 ], [ 6.079616128409135, 43.508737431989772 ], [ 6.079863195096258, 43.508730770909459 ], [ 6.079872347344066, 43.508910596043393 ], [ 6.07962527992558, 43.508917257165294 ], [ 6.079634431526621, 43.509097082333597 ], [ 6.079387363292166, 43.509103742964022 ], [ 6.079396514246424, 43.509283568166708 ], [ 6.078655306841414, 43.509303546984363 ] ], [ [ 6.078618712308341, 43.508584245631432 ], [ 6.078865778602443, 43.508577586724918 ], [ 6.078847480380611, 43.508217936088265 ], [ 6.078600415549207, 43.50822459491166 ], [ 6.078618712308341, 43.508584245631432 ] ] ] } },
{ "type": "Feature", "properties": { "surface_ha": 36.12 }, "geometry": { "type": "Polygon", "coordinates": [ [ [ 6.100278994183877, 43.511239716514837 ], [ 6.10024214037892, 43.510520430085286 ], [ 6.099500932419352, 43.510540544485814 ], [ 6.099491721375133, 43.510360722734738 ], [ 6.09924465261635, 43.51036742642696 ], [ 6.099235442388641, 43.510187604626786 ], [ 6.099482510416063, 43.510180900976444 ], [ 6.099454878049698, 43.509641435658061 ], [ 6.099949009461014, 43.509628027009363 ], [ 6.099930585383817, 43.509268383595014 ], [ 6.099683521183395, 43.509275088102164 ], [ 6.099692732448088, 43.509454909854817 ], [ 6.099198602329159, 43.509468317353765 ], [ 6.099207812216326, 43.509648139182879 ], [ 6.098713680294189, 43.509661544633339 ], [ 6.098704471869694, 43.509481722720508 ], [ 6.09796327554212, 43.509501826772912 ], [ 6.097954069396748, 43.509322004727331 ], [ 6.09770700451535, 43.509328704970223 ], [ 6.097697799186403, 43.509148882875579 ], [ 6.096462477159828, 43.509182375885295 ], [ 6.096453275572596, 43.509002553574305 ], [ 6.09620621164341, 43.509009250535314 ], [ 6.096197010872555, 43.508829428175268 ], [ 6.095949947589642, 43.508836124561483 ], [ 6.095940747635153, 43.508656302152382 ], [ 6.095199559470135, 43.508676387987329 ], [ 6.095190361794614, 43.50849656544564 ], [ 6.094696237388779, 43.508509953253522 ], [ 6.094687041260893, 43.508330130620983 ], [ 6.094439979661768, 43.508336823683614 ], [ 6.094430784350188, 43.508157001002054 ], [ 6.094183723397367, 43.508163693489898 ], [ 6.094174528902076, 43.507983870759297 ], [ 6.09392746859556, 43.507990562672305 ], [ 6.093918274916549, 43.507810739892712 ], [ 6.093671215256339, 43.50781743123094 ], [ 6.093662022393595, 43.50763760840232 ], [ 6.095144374692301, 43.507597452628467 ], [ 6.095135177526886, 43.507417630043342 ], [ 6.095382235214553, 43.507410935590656 ], [ 6.095391433111237, 43.507590758133986 ], [ 6.095638491445151, 43.507584063106464 ], [ 6.095629292817197, 43.507404240604913 ], [ 6.096123407767399, 43.507390849034486 ], [ 6.096141808033424, 43.507750493863099 ], [ 6.096388866843506, 43.507743797194756 ], [ 6.09636126437823, 43.507204330066394 ], [ 6.095867151060627, 43.507217722619231 ], [ 6.095848752767349, 43.506858077663573 ], [ 6.096589918228689, 43.506837988285675 ], [ 6.096599119526551, 43.507017810641692 ], [ 6.09684617524148, 43.507011113074562 ], [ 6.096827771268325, 43.506651468438946 ], [ 6.097074825435713, 43.50664477042249 ], [ 6.097038015585205, 43.505925481231642 ], [ 6.097532117815033, 43.505912083934348 ], [ 6.097522914102655, 43.505732261702157 ], [ 6.097769964358761, 43.505725562295886 ], [ 6.097760760000263, 43.505545740098313 ], [ 6.09751371047535, 43.505552439462768 ], [ 6.097504506933118, 43.505372617216139 ], [ 6.097751555726844, 43.505365917893521 ], [ 6.097705535635898, 43.504466806760874 ], [ 6.098199625656449, 43.504453406935049 ], [ 6.098208830966791, 43.504633229092384 ], [ 6.098455876580592, 43.504626528338214 ], [ 6.098483495215643, 43.505165994641281 ], [ 6.098730542937839, 43.505159293228637 ], [ 6.098758164532316, 43.505698759341058 ], [ 6.098511114616572, 43.505705460879213 ], [ 6.098520321253746, 43.505885282944028 ], [ 6.098273270521701, 43.505891983991063 ], [ 6.098291682588941, 43.506251628182696 ], [ 6.098538734783398, 43.506244927051988 ], [ 6.098547941675878, 43.506424749095103 ], [ 6.099042047271917, 43.506411345151044 ], [ 6.099032838917003, 43.506231523191623 ], [ 6.099279890856134, 43.506224820462002 ], [ 6.099252264108483, 43.505685354665815 ], [ 6.099499313768886, 43.505678651528747 ], [ 6.099508523330844, 43.505858473426194 ], [ 6.099755573637314, 43.505851769714312 ], [ 6.099764784015599, 43.506031591562675 ], [ 6.100011834968136, 43.50602488727597 ], [ 6.100030257442529, 43.506384530867216 ], [ 6.10027730977234, 43.506377825963824 ], [ 6.100268097761358, 43.506198004213665 ], [ 6.100515149274806, 43.506191298819132 ], [ 6.10050593661777, 43.506011477103598 ], [ 6.101247088453542, 43.505991357847812 ], [ 6.101237873688079, 43.505811536250654 ], [ 6.101484923398466, 43.505804828807996 ], [ 6.10147570798699, 43.505625007245442 ], [ 6.102216854413479, 43.505604881845322 ], [ 6.102189202109592, 43.505065417491259 ], [ 6.102436248554522, 43.505058708084313 ], [ 6.10240859482397, 43.50451924379071 ], [ 6.102655638990249, 43.504512533976452 ], [ 6.102637202133632, 43.504152891161645 ], [ 6.102390159429616, 43.504159600892109 ], [ 6.102399377084194, 43.504339422345019 ], [ 6.101905289958308, 43.504352840290899 ], [ 6.101886857658858, 43.503993197210285 ], [ 6.101392773116734, 43.50400661285687 ], [ 6.101401987761617, 43.504186434484573 ], [ 6.100660858116274, 43.50420655408309 ], [ 6.100651645664772, 43.504026732329777 ], [ 6.100404603010471, 43.50403343775487 ], [ 6.100395391375244, 43.503853615952458 ], [ 6.09990130727346, 43.503867025120144 ], [ 6.09989209718561, 43.503687203226754 ], [ 6.099398014205539, 43.50370061017901 ], [ 6.099407222831152, 43.503880432156087 ], [ 6.099160180482315, 43.503887134874667 ], [ 6.099169388461919, 43.504066956886348 ], [ 6.098675302046666, 43.504080360808359 ], [ 6.098656889097073, 43.503720716610374 ], [ 6.098409847224047, 43.50372741768831 ], [ 6.098400641608014, 43.503547595536617 ], [ 6.098153600381015, 43.503554296039788 ], [ 6.09812598623675, 43.503014829415783 ], [ 6.097878947117984, 43.503021529260529 ], [ 6.097869743304478, 43.502841706996229 ], [ 6.098116781692153, 43.502835007193291 ], [ 6.098089168568831, 43.502295540482415 ], [ 6.097595096094881, 43.50230893930437 ], [ 6.097613501834386, 43.502668583952833 ], [ 6.097366464007661, 43.502675282648084 ], [ 6.097357261826456, 43.502495460285651 ], [ 6.09661615002921, 43.502515553048475 ], [ 6.09662535001717, 43.502695375536355 ], [ 6.096378311850258, 43.502702072099943 ], [ 6.096341515332922, 43.501982781937777 ], [ 6.096835585733131, 43.501969388612146 ], [ 6.096826385354253, 43.501789566137106 ], [ 6.097073419695745, 43.501782868716788 ], [ 6.097064218670858, 43.501603046276344 ], [ 6.098052352262123, 43.501576251433249 ], [ 6.098070760245331, 43.501935895972316 ], [ 6.098811863931823, 43.501915793993625 ], [ 6.098821070244202, 43.502095616126795 ], [ 6.099315140405176, 43.502082212059484 ], [ 6.099324348264772, 43.502262034101726 ], [ 6.100312490489596, 43.502235219404874 ], [ 6.100321701358558, 43.502415041272457 ], [ 6.100568737433001, 43.502408336224136 ], [ 6.100624008821179, 43.503487267026387 ], [ 6.101118089487635, 43.503473854828606 ], [ 6.101108875914536, 43.503294033130082 ], [ 6.101602954778141, 43.50328061888434 ], [ 6.101593739828021, 43.503100797262306 ], [ 6.101840778400973, 43.503094089381953 ], [ 6.101822347294095, 43.502734446199923 ], [ 6.101575310183302, 43.502741153996517 ], [ 6.101566095488702, 43.502561332352776 ], [ 6.101813131868424, 43.502554624598062 ], [ 6.101803916527932, 43.502374802988925 ], [ 6.102792058270724, 43.50234796680855 ], [ 6.102782840091193, 43.50216814535974 ], [ 6.103029874582845, 43.502161435024291 ], [ 6.103039093493426, 43.502341256431194 ], [ 6.103286128630921, 43.502334545520959 ], [ 6.103304568169847, 43.502694188229228 ], [ 6.103798641113411, 43.502680764642434 ], [ 6.10380786247284, 43.502860585901907 ], [ 6.104548973442125, 43.502840446399169 ], [ 6.104576644611559, 43.503379909756916 ], [ 6.104329605513802, 43.50338662358314 ], [ 6.104338828676367, 43.50356644472982 ], [ 6.104091788762265, 43.503573158065045 ], [ 6.10410101127898, 43.503752979246393 ], [ 6.10385397054853, 43.503759692090611 ], [ 6.103872414375473, 43.504119334515401 ], [ 6.104119456568146, 43.504112621587375 ], [ 6.104128679340596, 43.504292442746944 ], [ 6.103881636416802, 43.504299155716915 ], [ 6.103890858543375, 43.504478976911187 ], [ 6.103643814803209, 43.50448568939013 ], [ 6.103662257849801, 43.504845331840762 ], [ 6.103909303052248, 43.504838619278011 ], [ 6.103918525434553, 43.505018440450556 ], [ 6.104165571282904, 43.505011727312954 ], [ 6.104202464589244, 43.505731011763054 ], [ 6.104696561879505, 43.505717583553619 ], [ 6.104705786881589, 43.505897404564209 ], [ 6.10495283613, 43.505890689618134 ], [ 6.104962061948543, 43.506070510579576 ], [ 6.104467961904079, 43.506083940022584 ], [ 6.104486410872209, 43.506443582091322 ], [ 6.104239359259679, 43.506450296097235 ], [ 6.10425780710645, 43.506809938220847 ], [ 6.104010753946234, 43.506816651777619 ], [ 6.104029200671597, 43.507176293956093 ], [ 6.10378214596367, 43.507183007063674 ], [ 6.103791368722999, 43.507362828183958 ], [ 6.103297257588925, 43.507376252883994 ], [ 6.103306478971011, 43.507556074080867 ], [ 6.103059422544868, 43.507562785673265 ], [ 6.103068643280939, 43.507742606904799 ], [ 6.102574528710453, 43.50775602857447 ], [ 6.102583748069232, 43.507935849882536 ], [ 6.102089631695341, 43.507949269504003 ], [ 6.102144940862217, 43.509028197703017 ], [ 6.101897878159726, 43.50903490696556 ], [ 6.101888660483526, 43.508855085575277 ], [ 6.101641598427133, 43.508861794262906 ], [ 6.101660032402116, 43.50922143711999 ], [ 6.100918841333907, 43.509241560236042 ], [ 6.100955701530286, 43.509960846365907 ], [ 6.101202768230211, 43.509954139026064 ], [ 6.10121198422361, 43.51013396049855 ], [ 6.101459051569694, 43.510127252583843 ], [ 6.101468268379643, 43.510307074007187 ], [ 6.100727063891754, 43.510327196277913 ], [ 6.100763923207052, 43.511046482401447 ], [ 6.100516851948555, 43.511053188926404 ], [ 6.100526066258943, 43.511233010481057 ], [ 6.100278994183877, 43.511239716514837 ] ], [ [ 6.100671777474137, 43.509248266875339 ], [ 6.100918841333907, 43.509241560236042 ], [ 6.100909626497764, 43.509061738685482 ], [ 6.100662563369311, 43.5090684452829 ], [ 6.100671777474137, 43.509248266875339 ] ], [ [ 6.097660978721523, 43.508429594424612 ], [ 6.097908039946347, 43.508422894390897 ], [ 6.097898834311552, 43.508243072301909 ], [ 6.097651773818022, 43.508249772293802 ], [ 6.097660978721523, 43.508429594424612 ] ], [ [ 6.101842573380583, 43.507955978515213 ], [ 6.102089631695341, 43.507949269504003 ], [ 6.102080413799089, 43.507769448112136 ], [ 6.101833356215596, 43.50777615708148 ], [ 6.101842573380583, 43.507955978515213 ] ], [ [ 6.096645127291674, 43.507916922313235 ], [ 6.097139245949118, 43.507903526227842 ], [ 6.097130042763429, 43.507723703991637 ], [ 6.096635925568539, 43.507737099993392 ], [ 6.096645127291674, 43.507916922313235 ] ], [ [ 6.097130042763429, 43.507723703991637 ], [ 6.09787121791772, 43.507703605991473 ], [ 6.097862012623294, 43.507523783873495 ], [ 6.097614955054876, 43.507530483698069 ], [ 6.097605750576799, 43.507350661531049 ], [ 6.097358693654565, 43.507357360780809 ], [ 6.097349489992823, 43.507177538564697 ], [ 6.097596546183803, 43.507170839356824 ], [ 6.097587341875887, 43.506991017175309 ], [ 6.097093230871351, 43.507004414974467 ], [ 6.09710243371677, 43.507184237239635 ], [ 6.096855377355647, 43.507190935381551 ], [ 6.096864579554875, 43.507370757681279 ], [ 6.097111636647253, 43.50736405949754 ], [ 6.097130042763429, 43.507723703991637 ] ], [ [ 6.09910650813965, 43.507670098664377 ], [ 6.099600623632602, 43.507656692002513 ], [ 6.099591413219323, 43.507476870177463 ], [ 6.099344356246674, 43.50748357373304 ], [ 6.099307518369894, 43.506764286193018 ], [ 6.099801626380104, 43.506750878883693 ], [ 6.099783205027575, 43.506391235237672 ], [ 6.099289099942262, 43.506404642379579 ], [ 6.099298309113517, 43.506584464289929 ], [ 6.099051255711948, 43.506591167103267 ], [ 6.099060464237098, 43.506770989048221 ], [ 6.098813410019183, 43.506777691370417 ], [ 6.09883182586236, 43.507137335322291 ], [ 6.098584770096847, 43.507144037195182 ], [ 6.098593977414859, 43.50732385920211 ], [ 6.098346920832989, 43.507330560583846 ], [ 6.098356127504849, 43.507510382625355 ], [ 6.099097299188896, 43.507490276755632 ], [ 6.09910650813965, 43.507670098664377 ] ], [ [ 6.097550525495012, 43.506271728376952 ], [ 6.097797577944739, 43.506265028845185 ], [ 6.097788373330999, 43.506085206669297 ], [ 6.097541321612485, 43.506091906159249 ], [ 6.097550525495012, 43.506271728376952 ] ], [ [ 6.102810494885403, 43.502707609684428 ], [ 6.103057531570229, 43.502700899223299 ], [ 6.103048312489222, 43.50252107783087 ], [ 6.102801276535462, 43.502527788250127 ], [ 6.102810494885403, 43.502707609684428 ] ] ] } },
{ "type": "Feature", "properties": { "surface_ha": 36.12 }, "geometry": { "type": "Polygon", "coordinates": [ [ [ 6.102004873011388, 43.501468986798393 ], [ 6.101995657450924, 43.501289165187721 ], [ 6.101748626273675, 43.501295873182166 ], [ 6.101739411529409, 43.501116051522381 ], [ 6.101492380998008, 43.501122758942103 ], [ 6.101473953226993, 43.500763115516982 ], [ 6.10122692407244, 43.500769822320052 ], [ 6.101217711045675, 43.500590000554759 ], [ 6.100723653943108, 43.500603412478547 ], [ 6.100714442463481, 43.500423590622283 ], [ 6.100961470326347, 43.500416884968701 ], [ 6.100952258200874, 43.500237063147054 ], [ 6.100705231068993, 43.500243768758779 ], [ 6.100696019759646, 43.500063946888048 ], [ 6.100448993273607, 43.500070651925029 ], [ 6.100439782780369, 43.499890830005207 ], [ 6.100686808535435, 43.499884125010048 ], [ 6.100668386342429, 43.49952448123237 ], [ 6.100421362049289, 43.499531186143798 ], [ 6.100402941658722, 43.4991715422534 ], [ 6.100155918742354, 43.499178246548254 ], [ 6.100137500154169, 43.498818602545207 ], [ 6.100384521608662, 43.49881189833409 ], [ 6.100366101899103, 43.498452254385789 ], [ 6.100119081906455, 43.498458958513211 ], [ 6.100109872910277, 43.498279136486353 ], [ 6.099615834131471, 43.498292543058973 ], [ 6.099606626682222, 43.498112720941144 ], [ 6.09935960789607, 43.498119423386377 ], [ 6.099350401262825, 43.497939601219478 ], [ 6.099103383122486, 43.497946303090046 ], [ 6.09909417730523, 43.497766480874063 ], [ 6.0988471598107, 43.497773182169922 ], [ 6.098828749893226, 43.497413537632596 ], [ 6.098581733775392, 43.497420238311996 ], [ 6.09857252967515, 43.497240415990603 ], [ 6.098325514203128, 43.497247116095366 ], [ 6.098316310918826, 43.497067293724903 ], [ 6.098069296092614, 43.497073993255015 ], [ 6.098078498646042, 43.497253815667271 ], [ 6.097584467276712, 43.49726721321268 ], [ 6.097566065178397, 43.496907568213629 ], [ 6.097319050827914, 43.496914266103495 ], [ 6.097300650531483, 43.496554620991859 ], [ 6.097053637557683, 43.496561318265265 ], [ 6.097044438267867, 43.49638149565677 ], [ 6.096303401028903, 43.496401584154761 ], [ 6.096312598126163, 43.496581406888687 ], [ 6.096065584812302, 43.496588102030891 ], [ 6.096047192164491, 43.496228456472224 ], [ 6.09629420401665, 43.496221761413615 ], [ 6.096285007089398, 43.496041938665222 ], [ 6.095049950632924, 43.496075408421284 ], [ 6.095003985542253, 43.495176293525994 ], [ 6.094756977650149, 43.495182985669885 ], [ 6.094738593670241, 43.494823339577536 ], [ 6.094985600100739, 43.494816647517176 ], [ 6.094976407507425, 43.49463682450196 ], [ 6.09596442945657, 43.494610051100054 ], [ 6.095955234025087, 43.494430228244738 ], [ 6.096449243028198, 43.494416838430752 ], [ 6.096440046220153, 43.494237015651805 ], [ 6.096687049863441, 43.494230319987501 ], [ 6.096696247402253, 43.494410142724647 ], [ 6.096943251691303, 43.494403446485748 ], [ 6.096952450045902, 43.494583269173823 ], [ 6.097693464595265, 43.494563177135149 ], [ 6.09767506358645, 43.494203532002608 ], [ 6.097922066804634, 43.494196833674508 ], [ 6.097912865697015, 43.494017011139171 ], [ 6.098406870416743, 43.494003612968349 ], [ 6.098416072985877, 43.494183435419991 ], [ 6.099898089488105, 43.494143227870389 ], [ 6.099907296526866, 43.494323050063763 ], [ 6.100401302808447, 43.494309643201504 ], [ 6.100410511393831, 43.494489465303943 ], [ 6.100657515137726, 43.494482761031797 ], [ 6.100666724538991, 43.494662583085123 ], [ 6.101901745635423, 43.494629053523788 ], [ 6.101910958775674, 43.49480887536054 ], [ 6.102157963470308, 43.494802167808125 ], [ 6.102167177426488, 43.49498198959575 ], [ 6.102414182766742, 43.494975281468712 ], [ 6.102451042366249, 43.495694568379228 ], [ 6.102945058637586, 43.495681150191707 ], [ 6.102935842148353, 43.49550132855871 ], [ 6.104417884532964, 43.495461061460972 ], [ 6.10444554741072, 43.496000525583995 ], [ 6.104692556368987, 43.495993812410596 ], [ 6.104701778229505, 43.496173633728553 ], [ 6.105195797351968, 43.496160205699574 ], [ 6.105214244252, 43.496519848146022 ], [ 6.104473211055501, 43.496539989641832 ], [ 6.104491653911496, 43.496899632310821 ], [ 6.104738666523912, 43.496892918927855 ], [ 6.104747888810602, 43.497072740209568 ], [ 6.104500875467338, 43.497079453634477 ], [ 6.104510097108412, 43.497259274950856 ], [ 6.103769054374682, 43.497279412154441 ], [ 6.103787493527317, 43.49763905501694 ], [ 6.104034509318853, 43.49763234306473 ], [ 6.104025288969057, 43.497452521679008 ], [ 6.104272303944499, 43.497445809235906 ], [ 6.104290746191062, 43.497805451916292 ], [ 6.104784778809756, 43.497792025264012 ], [ 6.104775556182109, 43.497612204011276 ], [ 6.105022571632722, 43.497605489927814 ], [ 6.105013348359446, 43.497425668709759 ], [ 6.105507377543186, 43.497412239028307 ], [ 6.105525827098472, 43.497771881289516 ], [ 6.105772843024193, 43.497765165565681 ], [ 6.105754392007174, 43.497405523388359 ], [ 6.106001406385892, 43.497398807215625 ], [ 6.105992180274424, 43.497218986158025 ], [ 6.106486207314321, 43.49720555229802 ], [ 6.106476979826423, 43.497025731317031 ], [ 6.106971005063479, 43.497012295409704 ], [ 6.106961776199184, 43.496832474505375 ], [ 6.1077028112225, 43.496812316774289 ], [ 6.107712042279313, 43.496992137552766 ], [ 6.107465029959345, 43.49699885737121 ], [ 6.10747426037063, 43.497178678184412 ], [ 6.107721273421443, 43.497171958324017 ], [ 6.107730504648893, 43.497351779087978 ], [ 6.107977518345235, 43.497345058652819 ], [ 6.107986750388863, 43.49752487936761 ], [ 6.107739735961662, 43.497531599844734 ], [ 6.107758198843167, 43.497891241336454 ], [ 6.107511182868907, 43.497897961364671 ], [ 6.107501952116364, 43.497718140580481 ], [ 6.10700792137365, 43.497731578954578 ], [ 6.107017150664445, 43.497911399822669 ], [ 6.107264166809331, 43.497904680860096 ], [ 6.107282627108599, 43.498264322490655 ], [ 6.107035609501946, 43.498271041537144 ], [ 6.107044839048654, 43.498450862383507 ], [ 6.107291857386199, 43.498444143295053 ], [ 6.107319548730881, 43.498983605664804 ], [ 6.107566569175836, 43.498976885917685 ], [ 6.107538875638434, 43.498437423673792 ], [ 6.108032911886941, 43.498423982832804 ], [ 6.108051377083492, 43.498783624168119 ], [ 6.108792435201633, 43.498763458658672 ], [ 6.108810905125002, 43.499123099713223 ], [ 6.108563884375812, 43.499129822166474 ], [ 6.108582353178754, 43.49948946327595 ], [ 6.108088308500624, 43.499502906751822 ], [ 6.108079075518337, 43.499323086116746 ], [ 6.10783205378219, 43.499329807013488 ], [ 6.107822821616164, 43.499149986329229 ], [ 6.107575800525615, 43.499156706651164 ], [ 6.107585031960713, 43.499336527377359 ], [ 6.107090988061795, 43.499349966506607 ], [ 6.107118678493399, 43.499889428893511 ], [ 6.107365702678338, 43.499882709469439 ], [ 6.107384164854557, 43.500242350940574 ], [ 6.107631190416092, 43.500235630899759 ], [ 6.107640422363149, 43.500415451582498 ], [ 6.107393396070648, 43.500422171665285 ], [ 6.107402627372062, 43.500601992382727 ], [ 6.107155600263263, 43.500608711974593 ], [ 6.107164830919021, 43.50078853272673 ], [ 6.106423746887797, 43.500808688430993 ], [ 6.106405290047483, 43.500449046667804 ], [ 6.106158263328433, 43.500455764086283 ], [ 6.106139808291237, 43.500096122210195 ], [ 6.106386833548349, 43.500089404875567 ], [ 6.106377605426722, 43.499909583968602 ], [ 6.105883556289129, 43.499923018021093 ], [ 6.105892782948837, 43.500102839011944 ], [ 6.105645757521159, 43.500109555280829 ], [ 6.105627305748937, 43.499749913208021 ], [ 6.106368377390393, 43.499729763054397 ], [ 6.106340693793149, 43.499190300268239 ], [ 6.105599628730145, 43.499210450044458 ], [ 6.105590403227752, 43.499030628975447 ], [ 6.105837424269771, 43.499023912958137 ], [ 6.105828198121729, 43.498844091923814 ], [ 6.105581177810628, 43.498850807899188 ], [ 6.105571952478773, 43.498670986815682 ], [ 6.105324932813319, 43.498677702216298 ], [ 6.105315708297637, 43.498497881083615 ], [ 6.10432763170693, 43.498524737190124 ], [ 6.104346074976251, 43.49888437978359 ], [ 6.103852033245817, 43.498897804807513 ], [ 6.103824372855157, 43.498358340655017 ], [ 6.103330335169328, 43.498371763296184 ], [ 6.103321116671347, 43.498191941813744 ], [ 6.102333043200908, 43.498218780534629 ], [ 6.102360690179544, 43.498758245462973 ], [ 6.102607710867669, 43.498751536456361 ], [ 6.102626144074509, 43.499111179621906 ], [ 6.101885077369025, 43.499131305294668 ], [ 6.101894291907409, 43.499311126992239 ], [ 6.101647268770961, 43.499317834526025 ], [ 6.101656482663563, 43.499497656258249 ], [ 6.102397554010235, 43.499477531932747 ], [ 6.102406770180861, 43.499657353532072 ], [ 6.10265379452368, 43.499650644315977 ], [ 6.10268144573956, 43.500190108944871 ], [ 6.102434419203846, 43.500196818286625 ], [ 6.102443635715212, 43.500376639856967 ], [ 6.102196608363328, 43.500383348707771 ], [ 6.102251904834475, 43.501462278229184 ], [ 6.102004873011388, 43.501468986798393 ] ], [ [ 6.106652316681235, 43.500442328716446 ], [ 6.107146369692824, 43.500428891215201 ], [ 6.107137139207701, 43.500249070448533 ], [ 6.106643087658048, 43.500262507865891 ], [ 6.106652316681235, 43.500442328716446 ] ], [ [ 6.108079075518337, 43.499323086116746 ], [ 6.108326097169145, 43.499316364687211 ], [ 6.10831686354127, 43.499136544086895 ], [ 6.108069842621386, 43.499143265474487 ], [ 6.108079075518337, 43.499323086116746 ] ], [ [ 6.10631301096351, 43.498650837416875 ], [ 6.106560030287856, 43.498644119884936 ], [ 6.106541574032732, 43.498284478031685 ], [ 6.106294556170184, 43.498291195479737 ], [ 6.10631301096351, 43.498650837416875 ] ], [ [ 6.106541574032732, 43.498284478031685 ], [ 6.106788591809987, 43.498277760050833 ], [ 6.106779363079474, 43.498097939155265 ], [ 6.106532346033107, 43.498104657094188 ], [ 6.106541574032732, 43.498284478031685 ] ], [ [ 6.103055663152952, 43.497839009222766 ], [ 6.103302679930989, 43.497832298827078 ], [ 6.103293461688613, 43.497652477322895 ], [ 6.103046445641458, 43.497659187676675 ], [ 6.103055663152952, 43.497839009222766 ] ], [ [ 6.104463989755347, 43.496360168296462 ], [ 6.104711000175255, 43.496353455039241 ], [ 6.104701778229505, 43.496173633728553 ], [ 6.10445476854042, 43.496180346943852 ], [ 6.104463989755347, 43.496360168296462 ] ] ] } },
{ "type": "Feature", "properties": { "surface_ha": 13.88 }, "geometry": { "type": "Polygon", "coordinates": [ [ [ 6.049154624824167, 43.488486122967011 ], [ 6.049145570227767, 43.488306292017732 ], [ 6.048651589096699, 43.488319475988099 ], [ 6.048624430193603, 43.487779982850185 ], [ 6.048377441694563, 43.487786573912821 ], [ 6.048368389624856, 43.487606742811309 ], [ 6.048121401772812, 43.487613333300089 ], [ 6.048112350517416, 43.487433502150239 ], [ 6.048359337638812, 43.487426911702627 ], [ 6.048350285736426, 43.487247080586748 ], [ 6.048597272043521, 43.487240489647562 ], [ 6.04857916702846, 43.486880827476568 ], [ 6.048826151790629, 43.486874236086983 ], [ 6.048808045648988, 43.486514573969522 ], [ 6.049302011999848, 43.48650138975696 ], [ 6.04929295759332, 43.48632155876976 ], [ 6.049539939912624, 43.486314965905621 ], [ 6.049530884859181, 43.486135134952377 ], [ 6.049777866364204, 43.486128541596727 ], [ 6.049786922148246, 43.48630837250878 ], [ 6.050280886368392, 43.486295184117054 ], [ 6.05025371488382, 43.4857556916064 ], [ 6.05000673500736, 43.485762285945071 ], [ 6.049997678743821, 43.485582455052622 ], [ 6.049750699514236, 43.485589048817452 ], [ 6.049741644064965, 43.485409217876672 ], [ 6.049247686815873, 43.485422403725977 ], [ 6.049229579090635, 43.485062741658155 ], [ 6.049970510455386, 43.485042962332173 ], [ 6.049961454526631, 43.484863131410954 ], [ 6.049714478219281, 43.484869725011109 ], [ 6.049705423104761, 43.484689894041551 ], [ 6.049458447444266, 43.484696487067858 ], [ 6.049449393143971, 43.484516656049962 ], [ 6.04969636807393, 43.484510063064818 ], [ 6.049678258263316, 43.484150401089764 ], [ 6.050913124352469, 43.484117428585996 ], [ 6.050922182868529, 43.484297259371218 ], [ 6.051169156565752, 43.484290663231363 ], [ 6.051160097319173, 43.484110832487261 ], [ 6.051407070202154, 43.484104235855966 ], [ 6.051398010308791, 43.483924405145927 ], [ 6.051891954362545, 43.483911210367751 ], [ 6.051901015716922, 43.484091040995409 ], [ 6.052147988348695, 43.484084442766168 ], [ 6.052138926263809, 43.483904612179686 ], [ 6.052385898081322, 43.483898013459019 ], [ 6.052376835349689, 43.483718182906557 ], [ 6.052623806352948, 43.483711583694436 ], [ 6.052641933360979, 43.484071244709774 ], [ 6.052888905741477, 43.484064644882615 ], [ 6.052879841465079, 43.483884814419767 ], [ 6.053126813031305, 43.483878214101189 ], [ 6.053117748108177, 43.483698383672341 ], [ 6.052870777272448, 43.4837049839497 ], [ 6.052843585197167, 43.483165492496418 ], [ 6.052596616469119, 43.483172092117528 ], [ 6.052578490298696, 43.482812431030268 ], [ 6.053072424749162, 43.48279923142028 ], [ 6.053063360328677, 43.48261940094828 ], [ 6.053310326697801, 43.482612800385567 ], [ 6.05333752240196, 43.48315229165631 ], [ 6.05358449087869, 43.483145690437354 ], [ 6.05364795556751, 43.484404502862176 ], [ 6.053894929073907, 43.484397900822053 ], [ 6.053913064057308, 43.484757561367658 ], [ 6.054160038940951, 43.484750958712425 ], [ 6.05419631283555, 43.485470279552437 ], [ 6.05444329055755, 43.485463676199615 ], [ 6.054488638464431, 43.48636282688166 ], [ 6.05424165708957, 43.486369430440611 ], [ 6.054205381518726, 43.485650109744462 ], [ 6.053958402982354, 43.485656712605831 ], [ 6.053949335029737, 43.485476882372581 ], [ 6.053702357140117, 43.485483484660065 ], [ 6.05369329000186, 43.485303654378413 ], [ 6.053446312759, 43.485310256092006 ], [ 6.053464445658197, 43.485669916730608 ], [ 6.053217466870429, 43.48567651799398 ], [ 6.053244664655945, 43.486216009021568 ], [ 6.052997683592657, 43.486222609875895 ], [ 6.052988618310948, 43.486042779499364 ], [ 6.052741637894465, 43.486049379779843 ], [ 6.052750702445589, 43.4862292101976 ], [ 6.052503721214745, 43.48623580998661 ], [ 6.052512785119053, 43.486415640438373 ], [ 6.052018820944886, 43.486428838500757 ], [ 6.052036946082394, 43.486788499547565 ], [ 6.051789962408462, 43.486795097862121 ], [ 6.051817148551049, 43.487334589502012 ], [ 6.051323176568199, 43.487347784780226 ], [ 6.051332237321962, 43.487527615394846 ], [ 6.051085250474285, 43.48753421227611 ], [ 6.051094310581145, 43.487714042924743 ], [ 6.050600335173302, 43.487727235171484 ], [ 6.050609393902589, 43.4879070658953 ], [ 6.050362405342431, 43.487913661260791 ], [ 6.05037146342478, 43.488093492018614 ], [ 6.05012447405024, 43.488100086892572 ], [ 6.050133531485642, 43.488279917684366 ], [ 6.049392560667778, 43.488299699233472 ], [ 6.049401615994856, 43.488479530141589 ], [ 6.049154624824167, 43.488486122967011 ] ] ] } },
{ "type": "Feature", "properties": { "surface_ha": 2.04 }, "geometry": { "type": "Polygon", "coordinates": [ [ [ 6.058897957777739, 43.485524554172571 ], [ 6.058888875214106, 43.485344724764516 ], [ 6.059135851342407, 43.485338111291256 ], [ 6.05909043613071, 43.484438964349394 ], [ 6.059337408522464, 43.484432350549959 ], [ 6.059291991756877, 43.483533203634643 ], [ 6.059045023017553, 43.48353981722763 ], [ 6.059035940646737, 43.483359987781689 ], [ 6.058788972553946, 43.483366600800743 ], [ 6.058752646831833, 43.48264728277978 ], [ 6.058999612002824, 43.482640669925892 ], [ 6.058981448184465, 43.482281010954807 ], [ 6.059228411810667, 43.482274397650905 ], [ 6.059119427185837, 43.480116443715261 ], [ 6.05961333665728, 43.480103216500765 ], [ 6.059631502843503, 43.480462875396839 ], [ 6.059384546689052, 43.480469489352949 ], [ 6.059429959971748, 43.48136863667365 ], [ 6.059676919778049, 43.48136202251105 ], [ 6.059713254836709, 43.482081340072831 ], [ 6.059466292108809, 43.482087954400633 ], [ 6.059484458680993, 43.482447613220927 ], [ 6.059237494408303, 43.482454227098721 ], [ 6.059282908655593, 43.483353374229992 ], [ 6.059529876580506, 43.483346760145714 ], [ 6.059538960412254, 43.483526589509069 ], [ 6.059785928983684, 43.483519974850857 ], [ 6.059813183174066, 43.484059462773835 ], [ 6.059566212411205, 43.484066077555951 ], [ 6.059629803347161, 43.48532488274671 ], [ 6.059382827386759, 43.485331497285316 ], [ 6.059391911411475, 43.485511326610762 ], [ 6.058897957777739, 43.485524554172571 ] ] ] } },
{ "type": "Feature", "properties": { "surface_ha": 267.6 }, "geometry": { "type": "Polygon", "coordinates": [ [ [ 6.025079415444639, 43.496689239490919 ], [ 6.025061444043243, 43.49632957006925 ], [ 6.024814415300998, 43.496336111253292 ], [ 6.024805430455925, 43.496156276490865 ], [ 6.024558402361673, 43.496162817101137 ], [ 6.02454941833068, 43.495982982290705 ], [ 6.023808335742816, 43.496002600801653 ], [ 6.023799353987949, 43.495822765861554 ], [ 6.023305299976323, 43.495835842122695 ], [ 6.023287339639737, 43.495476172057721 ], [ 6.023040313971457, 43.495482709307311 ], [ 6.023022355428902, 43.495123039132039 ], [ 6.022528306767399, 43.495136111869272 ], [ 6.022519329082619, 43.494956276689265 ], [ 6.022272305358393, 43.49496281221775 ], [ 6.022263328487586, 43.494782976989775 ], [ 6.022016305411382, 43.494789511944546 ], [ 6.02200732935454, 43.494609676668595 ], [ 6.02176030692636, 43.494616211049696 ], [ 6.021742356523529, 43.494256540394737 ], [ 6.020754271829147, 43.494282672263999 ], [ 6.020745299676057, 43.494102836762607 ], [ 6.019510195597088, 43.494135489405622 ], [ 6.019519164095295, 43.494315325110882 ], [ 6.018778098460173, 43.494334910424499 ], [ 6.018787064848317, 43.494514746244917 ], [ 6.018540042073193, 43.494521273657782 ], [ 6.01857590553053, 43.495240617030859 ], [ 6.01832887974851, 43.495247144073879 ], [ 6.018337845089005, 43.495426979939992 ], [ 6.018090818493093, 43.495433506490869 ], [ 6.018099783185423, 43.495613342390591 ], [ 6.017852755775619, 43.495619868449296 ], [ 6.017861719819774, 43.495799704382598 ], [ 6.016626577872841, 43.495832326886266 ], [ 6.016635538344613, 43.496012163016125 ], [ 6.016882567630723, 43.496005639540485 ], [ 6.016891528916375, 43.496185475622447 ], [ 6.016644498899209, 43.496191999138816 ], [ 6.01667138105995, 43.496731507463934 ], [ 6.015930283931885, 43.496751075182139 ], [ 6.015903408350792, 43.496211566490466 ], [ 6.015656378002367, 43.496218087875185 ], [ 6.015647420372007, 43.496038251589582 ], [ 6.015153360888894, 43.49605129267885 ], [ 6.015171273308153, 43.496410965405715 ], [ 6.014924241980286, 43.496417485232385 ], [ 6.014933197583016, 43.496597321625799 ], [ 6.014439133216798, 43.496610359761753 ], [ 6.014448087440139, 43.496790196229433 ], [ 6.013954021280684, 43.496803232315116 ], [ 6.013936115841099, 43.496443559209823 ], [ 6.013689084099407, 43.496450076371865 ], [ 6.013680132234816, 43.496270239767796 ], [ 6.013433101141451, 43.496276756356217 ], [ 6.013424150090673, 43.496096919704307 ], [ 6.013177119645642, 43.496103435719128 ], [ 6.013168169408662, 43.49592359901937 ], [ 6.012921139611966, 43.495930114460599 ], [ 6.012903240848298, 43.495570440958282 ], [ 6.013150269182888, 43.49556392559839 ], [ 6.013114469724056, 43.494844578670616 ], [ 6.012867444313598, 43.494851093867716 ], [ 6.012849546542548, 43.494491420279523 ], [ 6.013096570490982, 43.494484905163766 ], [ 6.013087620998528, 43.494305068399633 ], [ 6.014075713040972, 43.494279002770448 ], [ 6.014084665457428, 43.494458839371823 ], [ 6.014578712444187, 43.494445803278502 ], [ 6.014569758565736, 43.494265966758519 ], [ 6.01481678120398, 43.494259447953233 ], [ 6.014789917872235, 43.493719938472452 ], [ 6.015036938234767, 43.493713419256409 ], [ 6.015027983225413, 43.493533582789198 ], [ 6.015522022240217, 43.493520542839889 ], [ 6.015530978711504, 43.493700379225693 ], [ 6.015777998825698, 43.493693858411035 ], [ 6.015760084503984, 43.493334185713749 ], [ 6.016007103073463, 43.493327664447634 ], [ 6.015998145305842, 43.493147828128983 ], [ 6.016245163061573, 43.493141306370738 ], [ 6.016272038805707, 43.49368081518309 ], [ 6.016025018857102, 43.493687337063491 ], [ 6.016033976873117, 43.493867173360663 ], [ 6.016280997552693, 43.493860651439547 ], [ 6.016307874290494, 43.494400160165995 ], [ 6.016554897080214, 43.494393637589816 ], [ 6.016563856889429, 43.494573473776931 ], [ 6.016810880327328, 43.494566950627132 ], [ 6.016801919787116, 43.494387114480759 ], [ 6.017048942411197, 43.494380590838801 ], [ 6.017031020117274, 43.494020918606054 ], [ 6.017278041196558, 43.494014394512696 ], [ 6.017269079442865, 43.493834558426308 ], [ 6.017516099708342, 43.493828033840821 ], [ 6.017507137306515, 43.493648197787998 ], [ 6.017754156758188, 43.493641672710396 ], [ 6.017736230741138, 43.493282000664813 ], [ 6.017983248648054, 43.493275475135825 ], [ 6.017974285032852, 43.493095639143029 ], [ 6.018221302125975, 43.493089113121918 ], [ 6.018212337862684, 43.492909277162717 ], [ 6.018706370338485, 43.492896223603474 ], [ 6.018697404696196, 43.492716387718623 ], [ 6.01894442007887, 43.492709860180483 ], [ 6.01891752145646, 43.492170352605235 ], [ 6.019164534563521, 43.492163824656515 ], [ 6.019155567790897, 43.491983988824543 ], [ 6.019402580084177, 43.491977460383744 ], [ 6.019393612663541, 43.491797624585402 ], [ 6.019146601101151, 43.491804152985416 ], [ 6.019110735170927, 43.491084809557329 ], [ 6.018863726449162, 43.491091337261459 ], [ 6.018836830064224, 43.490551829492929 ], [ 6.019083836593433, 43.490545301911055 ], [ 6.019065904622791, 43.490185630111078 ], [ 6.019559914509253, 43.490172573511956 ], [ 6.019568881914801, 43.49035240933398 ], [ 6.020062892931395, 43.490339350522099 ], [ 6.020080830914494, 43.490699021981612 ], [ 6.020327837760123, 43.490692491694944 ], [ 6.020318867996284, 43.490512656009528 ], [ 6.020565874028168, 43.490506125230795 ], [ 6.020556903616399, 43.490326289579038 ], [ 6.021050913969765, 43.490313226504696 ], [ 6.020997084470531, 43.489234212933042 ], [ 6.021491085722524, 43.489221148217005 ], [ 6.021464167707657, 43.488681641579213 ], [ 6.021711166016935, 43.488675108544406 ], [ 6.02170219278041, 43.488495273024974 ], [ 6.021455195201894, 43.488501806018959 ], [ 6.021446222779058, 43.488321970451551 ], [ 6.021199225848369, 43.488328502871994 ], [ 6.021190254239208, 43.488148667256638 ], [ 6.021437250439149, 43.488142134876945 ], [ 6.021428278182166, 43.487962299295219 ], [ 6.021181282712964, 43.487968831634099 ], [ 6.021172311269644, 43.487788996004419 ], [ 6.020925316448264, 43.487795527769762 ], [ 6.020889434427017, 43.487076185016235 ], [ 6.021630409873778, 43.487056588611416 ], [ 6.021603492652114, 43.486517081838187 ], [ 6.021850482109775, 43.486510548760137 ], [ 6.021841509137724, 43.486330713195528 ], [ 6.022088497781776, 43.486324179625555 ], [ 6.022097471484505, 43.486504015149372 ], [ 6.022344460776297, 43.486497481005863 ], [ 6.022362409891946, 43.486857151950396 ], [ 6.022609400562168, 43.486850617192573 ], [ 6.022582474821061, 43.486311110887421 ], [ 6.023076451528542, 43.486298040018411 ], [ 6.023067474986074, 43.486118204650666 ], [ 6.023561449900365, 43.48610513173238 ], [ 6.023552471979535, 43.485925296439078 ], [ 6.023799458581562, 43.485918759221683 ], [ 6.023790480013058, 43.485738923962053 ], [ 6.023543494141684, 43.485745461138634 ], [ 6.023534516386805, 43.485565625831015 ], [ 6.023781501527533, 43.485559088695254 ], [ 6.023772523124989, 43.485379253421279 ], [ 6.0235255387149, 43.485385790516204 ], [ 6.02351656112597, 43.485205955194274 ], [ 6.02326957736354, 43.4852124917157 ], [ 6.023251623895837, 43.484852820968669 ], [ 6.023992570550471, 43.484833210051214 ], [ 6.023974613030973, 43.48447353952043 ], [ 6.02422159362201, 43.484467001564198 ], [ 6.024230573070873, 43.484646836792358 ], [ 6.024477554309527, 43.484640298262619 ], [ 6.024450614020119, 43.484100792679172 ], [ 6.024944571864865, 43.4840877142666 ], [ 6.024953553339513, 43.484267549386551 ], [ 6.025200532867966, 43.484261009340436 ], [ 6.025218497527482, 43.484620679477239 ], [ 6.025959439998291, 43.484601055897642 ], [ 6.025941470955209, 43.484241386005898 ], [ 6.026188450151562, 43.484234843829036 ], [ 6.026179465023991, 43.484055008913288 ], [ 6.026426443406723, 43.484048466244587 ], [ 6.026435429264875, 43.484228301119501 ], [ 6.026682408295138, 43.484221757877258 ], [ 6.026673421706406, 43.484041923043215 ], [ 6.026920399923035, 43.484035379309184 ], [ 6.026902425533589, 43.483675709701274 ], [ 6.026655448778099, 43.483682253353592 ], [ 6.026646462438525, 43.483502418498041 ], [ 6.027140414405326, 43.483489330742451 ], [ 6.027131426687697, 43.483309495961457 ], [ 6.02762537686114, 43.48329640615691 ], [ 6.027616387765489, 43.483116571450488 ], [ 6.027863361997055, 43.483110025790126 ], [ 6.027854372253945, 43.482930191117354 ], [ 6.028101345671893, 43.482923644965211 ], [ 6.028092355281336, 43.482743810326184 ], [ 6.028339327885667, 43.482737263682239 ], [ 6.028330336847675, 43.482557429076927 ], [ 6.028824280346013, 43.482544334272852 ], [ 6.028815287930092, 43.482364499742147 ], [ 6.029309229634978, 43.482351402889272 ], [ 6.029300235841156, 43.482171568433181 ], [ 6.029794175752559, 43.482158469531527 ], [ 6.029812166345344, 43.482518138272965 ], [ 6.030059137637359, 43.482511587941396 ], [ 6.030068133788967, 43.482691422260444 ], [ 6.030315105728354, 43.482684871355325 ], [ 6.030324102693623, 43.482864705626334 ], [ 6.030571075280381, 43.482858154147635 ], [ 6.030580073059326, 43.483037988370562 ], [ 6.031074019444415, 43.483024883733428 ], [ 6.031083018767578, 43.483204717867345 ], [ 6.032070913461768, 43.483178502037603 ], [ 6.032061911216492, 43.48299866806736 ], [ 6.031814938398252, 43.483005222782857 ], [ 6.031796935618321, 43.482645554738994 ], [ 6.031549964177926, 43.482652108840014 ], [ 6.031540963643251, 43.482472274766408 ], [ 6.032034904979839, 43.482459166113642 ], [ 6.032043906975527, 43.482639000105387 ], [ 6.032290878249538, 43.4826324449391 ], [ 6.032281875523344, 43.482452610988304 ], [ 6.032775816360743, 43.482439499139666 ], [ 6.032784820547946, 43.482619333008614 ], [ 6.033278762513489, 43.482606218947573 ], [ 6.033287768244927, 43.482786052727477 ], [ 6.033534739833367, 43.48277949485702 ], [ 6.033525733371421, 43.482599661118094 ], [ 6.034266645445774, 43.482579984433798 ], [ 6.034257636875567, 43.48240015081057 ], [ 6.034998546009123, 43.482380469455428 ], [ 6.034989535330702, 43.482200635947876 ], [ 6.034742566433271, 43.482207196891274 ], [ 6.034715537089074, 43.481667696202756 ], [ 6.035456436957263, 43.481648012143481 ], [ 6.035438413428043, 43.481288345227739 ], [ 6.035685378423301, 43.481281782891344 ], [ 6.035694390876722, 43.481461616311826 ], [ 6.036188322078258, 43.481448489959284 ], [ 6.036170294332917, 43.481088823275044 ], [ 6.037652077172677, 43.481049431926593 ], [ 6.037625023031738, 43.480509932584333 ], [ 6.03787198435543, 43.480503365618461 ], [ 6.03786296574472, 43.48032353253106 ], [ 6.038356886681242, 43.480310397083585 ], [ 6.038347866693072, 43.480130564071004 ], [ 6.038594826305896, 43.480123995589402 ], [ 6.038567764650374, 43.479584496631603 ], [ 6.039802550508097, 43.47955164685019 ], [ 6.039811574628463, 43.479731479638161 ], [ 6.040058532280223, 43.479724908043131 ], [ 6.040067557214371, 43.479904740782906 ], [ 6.039820598832231, 43.479911312419013 ], [ 6.039829623119395, 43.480091145192617 ], [ 6.04032354126105, 43.48007800130582 ], [ 6.040314515513109, 43.479898168614277 ], [ 6.040561473728434, 43.479891595913024 ], [ 6.040588553413676, 43.480431093843052 ], [ 6.04034159300717, 43.48043766666742 ], [ 6.040359645086946, 43.48079733200025 ], [ 6.040112683136202, 43.48080390437412 ], [ 6.040121708570792, 43.480983737070815 ], [ 6.040615633849707, 43.480970591708449 ], [ 6.040606606954276, 43.480790759093829 ], [ 6.040853568738181, 43.480784185654805 ], [ 6.040844541195757, 43.480604353074042 ], [ 6.041091502165823, 43.480597779143473 ], [ 6.041082473976422, 43.480417946596589 ], [ 6.041329434132646, 43.480411372174444 ], [ 6.041320405296283, 43.480231539661432 ], [ 6.041567364638667, 43.480224964747805 ], [ 6.041540276439062, 43.47968546728881 ], [ 6.041787233506851, 43.479678891965754 ], [ 6.041769173663606, 43.479319227039291 ], [ 6.042016129187214, 43.479312651265801 ], [ 6.04200709866041, 43.479132818832859 ], [ 6.04225405337021, 43.47912624256783 ], [ 6.042245022196513, 43.478946410168795 ], [ 6.04199806821706, 43.478952986392727 ], [ 6.041989037857166, 43.478773153945447 ], [ 6.042235991106278, 43.478766577762585 ], [ 6.042226960099502, 43.478586745349148 ], [ 6.042473912534821, 43.478580168674753 ], [ 6.042464880881178, 43.478400336295216 ], [ 6.042711832502707, 43.478393759129361 ], [ 6.042702800202211, 43.478213926783717 ], [ 6.042949751009953, 43.478207349126386 ], [ 6.042940718062612, 43.478027516814628 ], [ 6.043187668056567, 43.478020938665807 ], [ 6.043169600951718, 43.477661274102907 ], [ 6.043663497767977, 43.477648116371988 ], [ 6.043654462880196, 43.477468284161908 ], [ 6.044395305287499, 43.477448543694798 ], [ 6.044386268292377, 43.477268711600793 ], [ 6.044633214864182, 43.477262130421138 ], [ 6.044624177222301, 43.477082298361054 ], [ 6.044377231380766, 43.477088879499618 ], [ 6.044368194552668, 43.476909047391274 ], [ 6.043874304079603, 43.476922207988686 ], [ 6.043856233594961, 43.476562543586063 ], [ 6.044103177412734, 43.476555963635782 ], [ 6.044094141565412, 43.476376131464789 ], [ 6.044341084569437, 43.476369551023126 ], [ 6.044323011664825, 43.476009886741735 ], [ 6.044816894501414, 43.475996724425201 ], [ 6.044807856713921, 43.475816892355915 ], [ 6.045548678151723, 43.475797145010674 ], [ 6.045557718129877, 43.475976976956638 ], [ 6.045804659172293, 43.475970393402122 ], [ 6.045813699964214, 43.476150225299811 ], [ 6.046060641653311, 43.476143641171682 ], [ 6.046096808577445, 43.476862968526071 ], [ 6.046343753103949, 43.476856383700962 ], [ 6.04633471051733, 43.476676551914267 ], [ 6.04682859785914, 43.476663380748782 ], [ 6.046819553895597, 43.476483549037141 ], [ 6.047066496710896, 43.476476962696772 ], [ 6.047057452100696, 43.476297131019074 ], [ 6.04681051001563, 43.476303717318324 ], [ 6.046801466219243, 43.476123885592301 ], [ 6.047542290033002, 43.476104125220417 ], [ 6.047533244129524, 43.475924293610582 ], [ 6.048274065000277, 43.475904528569643 ], [ 6.048265016989764, 43.475724697076068 ], [ 6.048511956382589, 43.475718107705248 ], [ 6.048502907725482, 43.475538276245615 ], [ 6.048749846304485, 43.475531686383448 ], [ 6.048740797000804, 43.475351854957765 ], [ 6.048987734765988, 43.475345264604272 ], [ 6.048978684815747, 43.47516543321256 ], [ 6.049225621767112, 43.475158842367755 ], [ 6.049216571170319, 43.474979011009992 ], [ 6.049710443361774, 43.474965827805207 ], [ 6.049701391388277, 43.474785996522606 ], [ 6.049948326628366, 43.474779404162675 ], [ 6.049930221471997, 43.474419741658217 ], [ 6.050177155168111, 43.474413148848143 ], [ 6.05016810198526, 43.4742333176263 ], [ 6.051155833012455, 43.474206941226079 ], [ 6.051164889115889, 43.474386772283246 ], [ 6.051905688698032, 43.47436698426872 ], [ 6.051896630404165, 43.474187153335137 ], [ 6.052143562700667, 43.474180556306578 ], [ 6.052125444903786, 43.473820894500186 ], [ 6.052372375656312, 43.473814297021555 ], [ 6.05236331615332, 43.473634466148788 ], [ 6.053844894529454, 43.473594870342872 ], [ 6.053835830729515, 43.473415039710126 ], [ 6.054082759435649, 43.473408438586816 ], [ 6.054055566348095, 43.472868946769111 ], [ 6.054796345393067, 43.472849140575555 ], [ 6.05480541186208, 43.473028971064956 ], [ 6.055052338772934, 43.473022367894352 ], [ 6.055061406055819, 43.473202198335365 ], [ 6.055802188475889, 43.473182385505261 ], [ 6.05579311900274, 43.473002555187968 ], [ 6.056286972070247, 43.472989344054909 ], [ 6.056296043003568, 43.473169174289694 ], [ 6.056542970141674, 43.473162567883286 ], [ 6.05655204188891, 43.473342398069612 ], [ 6.057292824990495, 43.473322575532002 ], [ 6.057301899011848, 43.473502405587368 ], [ 6.057795755453852, 43.473489187817592 ], [ 6.057804831019258, 43.47366901778323 ], [ 6.059039474306991, 43.473635963834823 ], [ 6.059066712458074, 43.4741754530694 ], [ 6.058819781777972, 43.474182065047806 ], [ 6.058828860599348, 43.47436189481958 ], [ 6.05907579200957, 43.47435528279987 ], [ 6.059084871644973, 43.474535112523128 ], [ 6.059578735673957, 43.474521886803807 ], [ 6.059587816853531, 43.474701716437302 ], [ 6.058847018493791, 43.474721554341471 ], [ 6.058837939504619, 43.474541724584142 ], [ 6.05735634490089, 43.474581385768488 ], [ 6.05737449420142, 43.474941045771324 ], [ 6.056880625741995, 43.474954262071542 ], [ 6.056898772457322, 43.475313922210603 ], [ 6.057145708189283, 43.475307314244219 ], [ 6.057163856700345, 43.475666974271981 ], [ 6.057410793808795, 43.475660365690594 ], [ 6.057419868920293, 43.475840195652438 ], [ 6.05766680667506, 43.475833586497288 ], [ 6.057684958610033, 43.476193246316811 ], [ 6.057438019394881, 43.476199855554484 ], [ 6.057447094757973, 43.476379685494734 ], [ 6.057200154728755, 43.476386294241173 ], [ 6.057218304246115, 43.476745954182597 ], [ 6.056971362672606, 43.476752562479092 ], [ 6.056989511064957, 43.477112222474247 ], [ 6.05674256794714, 43.477118830320755 ], [ 6.056751641538864, 43.477298660348801 ], [ 6.056504697606955, 43.477305267704082 ], [ 6.056531916694473, 43.477844757868816 ], [ 6.055544131365412, 43.477871182459772 ], [ 6.05557134244425, 43.478410673054739 ], [ 6.055324393711586, 43.478417277994915 ], [ 6.055342533389337, 43.478776938438074 ], [ 6.054848632751384, 43.478790146885764 ], [ 6.054839564331195, 43.478610316585311 ], [ 6.054592614616811, 43.478616919969127 ], [ 6.05457447948843, 43.478257259264154 ], [ 6.054327531150828, 43.478263862032996 ], [ 6.054318464442612, 43.478084031628484 ], [ 6.054071516751505, 43.47809063382357 ], [ 6.05406245085735, 43.477910803370641 ], [ 6.053815503812739, 43.477917404991977 ], [ 6.053788308823739, 43.477377913466412 ], [ 6.054529143133871, 43.477358107375892 ], [ 6.054538210237198, 43.477537937767941 ], [ 6.054785155569925, 43.477531334631493 ], [ 6.054776087736344, 43.477351504280712 ], [ 6.05502303225502, 43.477344900652973 ], [ 6.055004895378767, 43.47698524001224 ], [ 6.055251838353154, 43.476978635934486 ], [ 6.055215562685376, 43.476259314731657 ], [ 6.054968622631875, 43.476265918644422 ], [ 6.05495048676122, 43.475906257917394 ], [ 6.054703548084322, 43.475912861215242 ], [ 6.05471261524755, 43.476092691623585 ], [ 6.054218736181991, 43.476105896704276 ], [ 6.054227801968597, 43.476285727187914 ], [ 6.053486980551317, 43.476305530938944 ], [ 6.05350510799455, 43.476665192131904 ], [ 6.053258165894158, 43.476671792399692 ], [ 6.053267229011184, 43.476851623026612 ], [ 6.053020286096807, 43.476858222803109 ], [ 6.053029348567346, 43.477038053464042 ], [ 6.052535461026873, 43.47705125150194 ], [ 6.052517339090487, 43.476691590008038 ], [ 6.052270396655122, 43.476698188145853 ], [ 6.052279456851215, 43.476878018937597 ], [ 6.052032513601888, 43.47688461658408 ], [ 6.052041573151463, 43.477064447409816 ], [ 6.051794629088173, 43.477071044564944 ], [ 6.051803687991223, 43.477250875424687 ], [ 6.051556743113967, 43.47725747208856 ], [ 6.051565801370471, 43.477437302982274 ], [ 6.051071909904322, 43.477450494794788 ], [ 6.051080966784008, 43.477630325763705 ], [ 6.050587073522537, 43.477643515528527 ], [ 6.05059612902537, 43.477823346572592 ], [ 6.050102233968612, 43.477836534289665 ], [ 6.050111288094565, 43.478016365408919 ], [ 6.049617391242553, 43.478029551078208 ], [ 6.049626443991595, 43.478209382272581 ], [ 6.049132545344361, 43.478222565894072 ], [ 6.049141596716464, 43.478402397163592 ], [ 6.048647696274045, 43.478415578737248 ], [ 6.048656746269176, 43.478595410081887 ], [ 6.0484097951922, 43.47860200011106 ], [ 6.048400745927379, 43.478422168725274 ], [ 6.048153795497089, 43.478428758180755 ], [ 6.0481628440316, 43.478608589607688 ], [ 6.047668941459538, 43.478621767003311 ], [ 6.04765989438565, 43.478441935494089 ], [ 6.047412943704518, 43.47844852335195 ], [ 6.047421990048093, 43.478628354902305 ], [ 6.047175038553046, 43.478634942268727 ], [ 6.047184084249898, 43.478814773853031 ], [ 6.046937131940937, 43.478821360728055 ], [ 6.046955222124764, 43.479181023957345 ], [ 6.046461314334746, 43.479194196274257 ], [ 6.046470358091358, 43.479374027960354 ], [ 6.046223403340637, 43.479380613361101 ], [ 6.046232446450472, 43.479560445081134 ], [ 6.045985490885827, 43.479567029990442 ], [ 6.045976448506342, 43.47938719822929 ], [ 6.045729493588484, 43.479393782564898 ], [ 6.045747576970305, 43.479753446162256 ], [ 6.045994533348876, 43.47974686174441 ], [ 6.046021661239427, 43.480286356963212 ], [ 6.045280785279667, 43.480306108989033 ], [ 6.04527174475706, 43.480126277133301 ], [ 6.044777828493567, 43.48013944240541 ], [ 6.044786867555407, 43.480319274343373 ], [ 6.044539908567971, 43.480325856221668 ], [ 6.044557985481466, 43.480685520158211 ], [ 6.044311024949706, 43.480692101586122 ], [ 6.044320062801344, 43.480871933584709 ], [ 6.044073101455655, 43.48087851452113 ], [ 6.044082138660402, 43.481058346553617 ], [ 6.043835176500782, 43.481064926998521 ], [ 6.043844213058625, 43.481244759064928 ], [ 6.04335028702801, 43.481257918439141 ], [ 6.043359322208507, 43.481437750580525 ], [ 6.043112358337516, 43.481444329509777 ], [ 6.043121392871078, 43.481624161685083 ], [ 6.042874428186153, 43.481630740122846 ], [ 6.04289249604286, 43.48199040453401 ], [ 6.042645529813549, 43.481996982521288 ], [ 6.04266359654329, 43.482356646985885 ], [ 6.042416628769568, 43.4823632245227 ], [ 6.04245276030894, 43.483082553530011 ], [ 6.041958818667183, 43.483095707334307 ], [ 6.042013009714481, 43.484174701122612 ], [ 6.041766034385271, 43.484181277472196 ], [ 6.041775065788097, 43.484361109786136 ], [ 6.04202204184785, 43.484354533395511 ], [ 6.042058171216084, 43.485073862415362 ], [ 6.0423051501146, 43.48506728532783 ], [ 6.04231418339593, 43.48524711752377 ], [ 6.042561162941536, 43.485240539862481 ], [ 6.042588265478211, 43.485780036283984 ], [ 6.042341283740837, 43.485786614068495 ], [ 6.042350317356115, 43.485966446235722 ], [ 6.042103334804646, 43.485973023528594 ], [ 6.042130433959573, 43.486512520110345 ], [ 6.041883449132767, 43.486519096993753 ], [ 6.04191054684715, 43.487058593634053 ], [ 6.041663559744948, 43.487065170107947 ], [ 6.041672591752719, 43.487245002348089 ], [ 6.042660542583216, 43.487218693092011 ], [ 6.042651507652839, 43.487038861016138 ], [ 6.042898494421076, 43.48703228241142 ], [ 6.042889458843559, 43.486852450369447 ], [ 6.043383430668215, 43.486839291644046 ], [ 6.043410542035176, 43.487378787501918 ], [ 6.043657530014164, 43.487372207216907 ], [ 6.043684644324841, 43.487911702886862 ], [ 6.044425614336574, 43.487891958465681 ], [ 6.044416573957468, 43.487712126706185 ], [ 6.045157541025214, 43.487692377613804 ], [ 6.045148498537676, 43.487512545970411 ], [ 6.046630426032568, 43.487473033649096 ], [ 6.046639472904053, 43.487652865045796 ], [ 6.047133449528165, 43.487639689928052 ], [ 6.047142497944582, 43.487819521235302 ], [ 6.047389486861861, 43.487812932836235 ], [ 6.047398536092577, 43.487992764095132 ], [ 6.04715154644463, 43.487999352535304 ], [ 6.047169643695609, 43.488359015113879 ], [ 6.045934686894801, 43.488391949735345 ], [ 6.045943731992293, 43.488571781219484 ], [ 6.045696739650621, 43.488578366586715 ], [ 6.04570578410101, 43.488758198104783 ], [ 6.04619977016215, 43.488745026755311 ], [ 6.04620881615754, 43.488924858183935 ], [ 6.046455809793409, 43.488918271669 ], [ 6.046464856603117, 43.489098103049315 ], [ 6.046711850886081, 43.489091515960496 ], [ 6.046720898510117, 43.489271347292508 ], [ 6.046473903496437, 43.489277934422461 ], [ 6.046482950473373, 43.489457765788401 ], [ 6.045988958733726, 43.4894709385323 ], [ 6.046007050015511, 43.489830601407142 ], [ 6.045760052558807, 43.489837187062193 ], [ 6.045769097594359, 43.490017018529976 ], [ 6.045522099323315, 43.490023603693402 ], [ 6.045513055018507, 43.489843772184521 ], [ 6.045019059687145, 43.489856940830897 ], [ 6.045010016927414, 43.489677109232623 ], [ 6.044763019867105, 43.48968369271558 ], [ 6.044753977921685, 43.489503861068975 ], [ 6.044012988431584, 43.489523608197977 ], [ 6.044022028184791, 43.489703439967862 ], [ 6.043528033312154, 43.489716602138984 ], [ 6.043537071687419, 43.489896433983844 ], [ 6.043290073395045, 43.489903014311352 ], [ 6.043299111123091, 43.490082846190141 ], [ 6.043052112016431, 43.490089426025946 ], [ 6.043043075019144, 43.489909594106095 ], [ 6.042796076559717, 43.489916173368073 ], [ 6.0427780042772, 43.489556509424638 ], [ 6.042037012782341, 43.489576243767587 ], [ 6.042027978958568, 43.489396411661851 ], [ 6.041780982357358, 43.489402988669596 ], [ 6.041799048626906, 43.48976265295596 ], [ 6.041552050480719, 43.48976922951308 ], [ 6.041561083009971, 43.489949061686552 ], [ 6.041314084049544, 43.48995563775199 ], [ 6.041323115931518, 43.490135469959341 ], [ 6.04082911629872, 43.490148620573962 ], [ 6.040838146802629, 43.490328452856254 ], [ 6.040591146130257, 43.490335027405486 ], [ 6.040636296247836, 43.491234188914468 ], [ 6.040389291838045, 43.491240763136155 ], [ 6.040398321381129, 43.491420595457448 ], [ 6.040151316157067, 43.491427169187403 ], [ 6.040142287344795, 43.491247336825055 ], [ 6.039401273364383, 43.49126705469503 ], [ 6.039419326687464, 43.49162671965879 ], [ 6.040160345052791, 43.49160700154259 ], [ 6.040169374031964, 43.491786833890579 ], [ 6.040416380717676, 43.491780260078535 ], [ 6.040434440388053, 43.492139924670887 ], [ 6.03919939881666, 43.492172788813484 ], [ 6.039208425122793, 43.492352621304093 ], [ 6.038961415827354, 43.492359192575208 ], [ 6.038952390252075, 43.492179360043572 ], [ 6.03845837287265, 43.492192500905354 ], [ 6.038449348842483, 43.492012668284481 ], [ 6.036967299087769, 43.492052077836263 ], [ 6.036958279526068, 43.491872244962138 ], [ 6.035970247612259, 43.491898507176515 ], [ 6.03595221458566, 43.491538841078793 ], [ 6.036199221227457, 43.491532276406382 ], [ 6.036181187072546, 43.491172610361936 ], [ 6.037416211723024, 43.491139779417949 ], [ 6.037407191116514, 43.490959946589925 ], [ 6.037654195065702, 43.49095337884377 ], [ 6.037645173811763, 43.490773546049617 ], [ 6.038386182966621, 43.490753839737415 ], [ 6.038377159603673, 43.490574007059124 ], [ 6.038624161757708, 43.490567437263842 ], [ 6.038615137747373, 43.490387604619379 ], [ 6.039356141516669, 43.490367892159966 ], [ 6.039347115397406, 43.490188059631457 ], [ 6.039841116031608, 43.490174915410037 ], [ 6.039823061120282, 43.489815250495546 ], [ 6.040070059850702, 43.489808677667753 ], [ 6.040052003811615, 43.489449012806624 ], [ 6.040299000997095, 43.489442439528176 ], [ 6.040289972371972, 43.489262607127891 ], [ 6.041524953393851, 43.489229732949553 ], [ 6.041497857058297, 43.488690236321389 ], [ 6.041250863213016, 43.488696812099391 ], [ 6.041259894510675, 43.48887664435702 ], [ 6.040765905108284, 43.48888979439689 ], [ 6.040774935027967, 43.489069626729446 ], [ 6.039539956407967, 43.489102492711282 ], [ 6.039530930141917, 43.488922660173522 ], [ 6.039036939571356, 43.488935802754938 ], [ 6.039045964375949, 43.489115635374766 ], [ 6.039292960433666, 43.489109064309389 ], [ 6.039301986052406, 43.489288896881021 ], [ 6.039548982757444, 43.489282325241859 ], [ 6.039576062306424, 43.489821822790546 ], [ 6.039082064428436, 43.489834965782293 ], [ 6.039091089650093, 43.490014798366232 ], [ 6.037856089841645, 43.49004764672727 ], [ 6.03784706827382, 43.489867813938247 ], [ 6.037600068792724, 43.489874381971127 ], [ 6.037618110550212, 43.490234047624078 ], [ 6.037124108414811, 43.490247182255558 ], [ 6.037115088955934, 43.490067349350682 ], [ 6.036621087948641, 43.49008048176907 ], [ 6.036612070034672, 43.489900648775013 ], [ 6.035377069711839, 43.489933470292534 ], [ 6.035386083971928, 43.490113303491526 ], [ 6.034892081797995, 43.49012642845107 ], [ 6.034910107644967, 43.490486094991439 ], [ 6.034416102214663, 43.490499217983782 ], [ 6.03443412547163, 43.490858884659325 ], [ 6.033940116784943, 43.490872005684402 ], [ 6.033949127076732, 43.491051839093323 ], [ 6.033702121877649, 43.491058398847628 ], [ 6.033711131521893, 43.491238232290364 ], [ 6.033464125508714, 43.491244791552802 ], [ 6.033482143585347, 43.491604458498649 ], [ 6.033235136027232, 43.491611017310198 ], [ 6.033244144459606, 43.491790850813338 ], [ 6.03299713608738, 43.491797409133042 ], [ 6.033006143872162, 43.491977242669925 ], [ 6.032759134685826, 43.491983800497771 ], [ 6.032786156347108, 43.492523301188236 ], [ 6.03303316772605, 43.492516743237566 ], [ 6.033051184044939, 43.492876410246787 ], [ 6.032804171204229, 43.492882968279382 ], [ 6.032813178757668, 43.493062801814176 ], [ 6.032319151364694, 43.493075916362706 ], [ 6.032328157539584, 43.493255749972263 ], [ 6.032081142987324, 43.493262306488198 ], [ 6.032090148514544, 43.493442140131471 ], [ 6.031843133148139, 43.493448696155525 ], [ 6.031861142990446, 43.493808363502467 ], [ 6.031614126078965, 43.493814919075533 ], [ 6.031632134792328, 43.49417458647563 ], [ 6.030644060466694, 43.494200803766844 ], [ 6.030653062024419, 43.494380637619827 ], [ 6.030159022900468, 43.494393743150106 ], [ 6.030150022804645, 43.494213909215297 ], [ 6.029655984809855, 43.494227012532313 ], [ 6.029664983443769, 43.494406846548934 ], [ 6.029417963590655, 43.494413397449073 ], [ 6.029408965687695, 43.494233563391532 ], [ 6.028914927193882, 43.494246663511376 ], [ 6.028905930835989, 43.494066829364868 ], [ 6.0286589121953, 43.494073378584602 ], [ 6.028622930518983, 43.493354041763318 ], [ 6.028869946235934, 43.493347492707152 ], [ 6.028860950293794, 43.493167658524783 ], [ 6.02910796519668, 43.493161108976679 ], [ 6.029098968606778, 43.492981274828061 ], [ 6.029345982695601, 43.492974724787977 ], [ 6.02933698545795, 43.492794890673082 ], [ 6.02958399873271, 43.492788340141097 ], [ 6.029539010137421, 43.491889169663551 ], [ 6.028797981026901, 43.49190881904758 ], [ 6.028815971830292, 43.492268487505477 ], [ 6.028568960498746, 43.4922750363163 ], [ 6.028577955294273, 43.492454870575401 ], [ 6.028083930920005, 43.492467966680337 ], [ 6.028137892668174, 43.493546972574975 ], [ 6.027890875970892, 43.493553520073462 ], [ 6.027908862423433, 43.493913188729451 ], [ 6.02766184418115, 43.493919735776863 ], [ 6.027679829504286, 43.494279404485951 ], [ 6.027432809716982, 43.494285951082226 ], [ 6.027441801772265, 43.4944657854669 ], [ 6.027194781170883, 43.494472331571238 ], [ 6.027185789846563, 43.4942924971457 ], [ 6.0264447297367, 43.494312132138845 ], [ 6.026453718868125, 43.494491966686986 ], [ 6.026206697934358, 43.494498510659817 ], [ 6.026233663634216, 43.495038014383773 ], [ 6.025986640424423, 43.495044557946322 ], [ 6.025995628426212, 43.495224392547485 ], [ 6.025501580295414, 43.495237478155651 ], [ 6.025510566918272, 43.495417312831378 ], [ 6.025757591756212, 43.495410770252896 ], [ 6.025775566713151, 43.495770439501086 ], [ 6.025528540413187, 43.49577698216131 ], [ 6.025564488399818, 43.496496320735176 ], [ 6.025317459092645, 43.496502863025846 ], [ 6.025326445565925, 43.496682697692272 ], [ 6.025079415444639, 43.496689239490919 ] ], [ [ 6.016379549234959, 43.495838849788278 ], [ 6.016626577872841, 43.495832326886266 ], [ 6.016599696954458, 43.495292818453784 ], [ 6.016352670509687, 43.495299341233604 ], [ 6.016343711100227, 43.49511950503441 ], [ 6.016096685303667, 43.495126027240602 ], [ 6.016114602743349, 43.495485699713271 ], [ 6.016361630001965, 43.495479177425658 ], [ 6.016379549234959, 43.495838849788278 ] ], [ [ 6.018072889357013, 43.495073834669967 ], [ 6.018319914490884, 43.495067308200596 ], [ 6.018310949316125, 43.494887472320123 ], [ 6.018063924913264, 43.494893998748744 ], [ 6.018072889357013, 43.495073834669967 ] ], [ [ 6.024248492828352, 43.494910513069215 ], [ 6.024495515888541, 43.494903973277673 ], [ 6.024486532438811, 43.494724138417077 ], [ 6.024239510109608, 43.494730678167798 ], [ 6.024248492828352, 43.494910513069215 ] ], [ [ 6.029503020758106, 43.491169833152462 ], [ 6.029750027371899, 43.491163282455751 ], [ 6.029741029504135, 43.490983448350974 ], [ 6.02998803530393, 43.490976897162376 ], [ 6.029970038356245, 43.49061722901309 ], [ 6.029723034018092, 43.490623780119876 ], [ 6.029732031719532, 43.490803614239006 ], [ 6.029485026567397, 43.49081016485389 ], [ 6.029503020758106, 43.491169833152462 ] ], [ [ 6.041771949347815, 43.489223156515656 ], [ 6.042018945218292, 43.48921657954898 ], [ 6.04200991156151, 43.489036747428877 ], [ 6.041762916421758, 43.489043324354512 ], [ 6.041771949347815, 43.489223156515656 ] ], [ [ 6.038057979311032, 43.489141914308732 ], [ 6.038304975702354, 43.489135345374343 ], [ 6.038295953089958, 43.488955512631463 ], [ 6.038048957429368, 43.488962081524804 ], [ 6.038057979311032, 43.489141914308732 ] ], [ [ 6.03187403883257, 43.489126130713153 ], [ 6.032121036575723, 43.48911957513873 ], [ 6.032112032315166, 43.488939741364234 ], [ 6.03235902924435, 43.488933185298002 ], [ 6.032341019511422, 43.488573517809407 ], [ 6.031847028492792, 43.488586629245383 ], [ 6.03187403883257, 43.489126130713153 ] ], [ [ 6.032341019511422, 43.488573517809407 ], [ 6.032588014895897, 43.488566961292236 ], [ 6.032579009423546, 43.488387127578108 ], [ 6.033072998481344, 43.488374013027439 ], [ 6.033063991630783, 43.488194179388046 ], [ 6.0333109853041, 43.488187621354555 ], [ 6.033301977806071, 43.488007787748899 ], [ 6.033548970665427, 43.488001229223634 ], [ 6.033539962519943, 43.487821395651807 ], [ 6.033786954565341, 43.48781483663474 ], [ 6.033777945772417, 43.487635003096635 ], [ 6.034024937003855, 43.487628443587802 ], [ 6.034015927563505, 43.487448610083504 ], [ 6.034262917980985, 43.487442050082883 ], [ 6.034253907893222, 43.487262216612372 ], [ 6.034500897496747, 43.487255656120013 ], [ 6.034491886761585, 43.487075822683273 ], [ 6.03473887555116, 43.487069261699148 ], [ 6.034720852869342, 43.486709594886122 ], [ 6.034226878129563, 43.486722716157828 ], [ 6.034244897888732, 43.487082383134698 ], [ 6.033503930770562, 43.487102061292632 ], [ 6.033512938583028, 43.487281894893187 ], [ 6.032771968523559, 43.487301568379451 ], [ 6.032780974227222, 43.487481402095661 ], [ 6.032533983310237, 43.487487958899898 ], [ 6.032551993505873, 43.4878476263927 ], [ 6.032305001044265, 43.487854182746084 ], [ 6.032341019511422, 43.488573517809407 ] ], [ [ 6.042467761952638, 43.488304263755893 ], [ 6.042714753919064, 43.488297685396368 ], [ 6.042705718487658, 43.488117853363583 ], [ 6.042458727251922, 43.48812443168206 ], [ 6.042467761952638, 43.488304263755893 ] ], [ [ 6.021675273568438, 43.487955766423575 ], [ 6.022416259229641, 43.487936164612165 ], [ 6.022389334187521, 43.487396658313543 ], [ 6.02214234124224, 43.487403192661027 ], [ 6.022133367124812, 43.487223357173015 ], [ 6.021639382446851, 43.487236424188183 ], [ 6.021648355102854, 43.487416259757772 ], [ 6.021154368631751, 43.487429324723557 ], [ 6.021172311269644, 43.487788996004419 ], [ 6.021666300663645, 43.487775930875472 ], [ 6.021675273568438, 43.487955766423575 ] ], [ [ 6.034967840114308, 43.486703033451221 ], [ 6.035214827275983, 43.486696471483576 ], [ 6.035205814598697, 43.486516638148238 ], [ 6.034958828167673, 43.486523200074892 ], [ 6.034967840114308, 43.486703033451221 ] ], [ [ 6.035205814598697, 43.486516638148238 ], [ 6.035452800946427, 43.486510075688876 ], [ 6.035434774380467, 43.486150409078654 ], [ 6.035187789494019, 43.486156971456076 ], [ 6.035205814598697, 43.486516638148238 ] ], [ [ 6.030742047301072, 43.486275003156919 ], [ 6.030989033685795, 43.486268450368236 ], [ 6.03097103375586, 43.485908782255201 ], [ 6.030477063825814, 43.485921887136222 ], [ 6.030468065446879, 43.485742052987099 ], [ 6.029974096645442, 43.485755155655482 ], [ 6.029983093563107, 43.485934989886417 ], [ 6.030230078736039, 43.485928438777663 ], [ 6.030239076467497, 43.486108272960507 ], [ 6.03073304802516, 43.486095169063077 ], [ 6.030742047301072, 43.486275003156919 ] ], [ [ 6.023817415967521, 43.486278429719476 ], [ 6.024064403947885, 43.486271891887711 ], [ 6.024055424482748, 43.486092056683226 ], [ 6.02380843723305, 43.486098594474178 ], [ 6.023817415967521, 43.486278429719476 ] ], [ [ 6.035663731489611, 43.485784179611571 ], [ 6.035910714748203, 43.485777616250715 ], [ 6.035901700295546, 43.485597783002426 ], [ 6.035654717767569, 43.485604346322319 ], [ 6.035663731489611, 43.485784179611571 ] ], [ [ 6.035977410087612, 43.482174386848079 ], [ 6.036224378568603, 43.482167823241589 ], [ 6.036215364321056, 43.48198798993176 ], [ 6.035968396570544, 43.481994553497302 ], [ 6.035977410087612, 43.482174386848079 ] ], [ [ 6.035721428736731, 43.482001116530242 ], [ 6.035968396570544, 43.481994553497302 ], [ 6.035959383136777, 43.48181472013934 ], [ 6.035712416033436, 43.481821283131268 ], [ 6.035721428736731, 43.482001116530242 ] ], [ [ 6.036215364321056, 43.48198798993176 ], [ 6.036462331988263, 43.481981425833602 ], [ 6.036444302282158, 43.481621759274411 ], [ 6.036197336075885, 43.481628323290607 ], [ 6.036215364321056, 43.48198798993176 ] ], [ [ 6.035465448846798, 43.481827845590558 ], [ 6.035712416033436, 43.481821283131268 ], [ 6.035703403413432, 43.481641449725139 ], [ 6.035456436957263, 43.481648012143481 ], [ 6.035465448846798, 43.481827845590558 ] ], [ [ 6.039645831155916, 43.481356545838786 ], [ 6.039892795464763, 43.481349974407038 ], [ 6.039883770593788, 43.48117014168367 ], [ 6.039636807015376, 43.481176713074383 ], [ 6.039645831155916, 43.481356545838786 ] ], [ [ 6.039883770593788, 43.48117014168367 ], [ 6.040130734088793, 43.481163569760341 ], [ 6.040121708570792, 43.480983737070815 ], [ 6.039874745806217, 43.480990308953096 ], [ 6.039883770593788, 43.48117014168367 ] ], [ [ 6.043214769339962, 43.478560435456295 ], [ 6.04346172144138, 43.478553856651708 ], [ 6.043452686866442, 43.478374024436476 ], [ 6.043205735495343, 43.478380603199959 ], [ 6.043214769339962, 43.478560435456295 ] ], [ [ 6.043452686866442, 43.478374024436476 ], [ 6.043699638154044, 43.478367445140407 ], [ 6.043690602932284, 43.478187612959111 ], [ 6.043443652374994, 43.478194192214048 ], [ 6.043452686866442, 43.478374024436476 ] ], [ [ 6.052664608746569, 43.474706853060525 ], [ 6.052911542982346, 43.474700254311003 ], [ 6.052902481600447, 43.474520423556584 ], [ 6.052655548094825, 43.474527022264915 ], [ 6.052664608746569, 43.474706853060525 ] ] ] } }
]
}
