{
"type": "FeatureCollection",
"name": "perimetre",
"crs": { "type": "name", "properties": { "name": "urn:ogc:def:crs:OGC:1.3:CRS84" } },
"features": [
{ "type": "Feature", "properties": { "surface_ha": 2.04 }, "geometry": { "type": "Polygon", "coordinates": [ [ [ -1.206307814841858, 44.816939814152938 ], [ -1.206313395515836, 44.816759858182046 ], [ -1.206566224276422, 44.816763830041459 ], [ -1.20657180411246, 44.816583874039544 ], [ -1.207583116535843, 44.816599755783749 ], [ -1.207588693177206, 44.816419799676503 ], [ -1.207841520628282, 44.816423768689212 ], [ -1.207852672182911, 44.816063856406444 ], [ -1.20810549811515, 44.816067824810212 ], [ -1.208116647889433, 44.815707912452943 ], [ -1.207358174962994, 44.815696005712006 ], [ -1.207347020475366, 44.816055917920671 ], [ -1.206082892122284, 44.816036061916343 ], [ -1.206077310872155, 44.816216017887434 ], [ -1.20557165832626, 44.816208071520172 ], [ -1.205577241147516, 44.816028115598662 ], [ -1.205830066608716, 44.816032089037215 ], [ -1.20583564859204, 44.815852133084668 ], [ -1.205582823916398, 44.815848159670942 ], [ -1.205588406632905, 44.815668203736955 ], [ -1.205335582795184, 44.81566422978856 ], [ -1.205329999293127, 44.815844185697756 ], [ -1.205077174722239, 44.815840211165167 ], [ -1.205071590382247, 44.816020167043312 ], [ -1.204818765078191, 44.816016191926458 ], [ -1.204802009387169, 44.816556059449027 ], [ -1.205054837047931, 44.816560034640226 ], [ -1.20504925249838, 44.816739990493417 ], [ -1.205554909548241, 44.816747939247179 ], [ -1.20554932651748, 44.816927895143678 ], [ -1.206307814841858, 44.816939814152938 ] ], [ [ -1.206577383896148, 44.816403918031376 ], [ -1.20632455670673, 44.816399946221537 ], [ -1.206330137223645, 44.816219990231922 ], [ -1.206582963627492, 44.816223962016991 ], [ -1.206577383896148, 44.816403918031376 ] ] ] } },
{ "type": "Feature", "properties": { "surface_ha": 1.12 }, "geometry": { "type": "Polygon", "coordinates": [ [ [ -1.169239272252255, 44.813290671979978 ], [ -1.169244967493802, 44.81311071958357 ], [ -1.169750582813182, 44.813118826350511 ], [ -1.169756276430556, 44.812938873897302 ], [ -1.17000908338499, 44.812942926416461 ], [ -1.170020468888776, 44.812583021440638 ], [ -1.170273274325887, 44.812587073349938 ], [ -1.170278966212323, 44.812407120827352 ], [ -1.170026161560566, 44.81240306894334 ], [ -1.170031854178953, 44.812223116439753 ], [ -1.169526246606344, 44.812215011044358 ], [ -1.169531940742005, 44.812035058585096 ], [ -1.169279137821158, 44.812031005073699 ], [ -1.169284832688735, 44.811851052633479 ], [ -1.169032030606638, 44.811846998588074 ], [ -1.169037726206113, 44.811667046166868 ], [ -1.168784924962768, 44.811662991587475 ], [ -1.168779228577971, 44.811842943983372 ], [ -1.16852642660274, 44.811838888819359 ], [ -1.168537820889533, 44.811478984071883 ], [ -1.168285020538378, 44.811474928399178 ], [ -1.168267926672065, 44.812014785435082 ], [ -1.168773532139738, 44.812022896373037 ], [ -1.168767835648067, 44.812202848756385 ], [ -1.169020639247397, 44.812206903411692 ], [ -1.16901494348763, 44.812386855814111 ], [ -1.169267747925736, 44.812390909935402 ], [ -1.169250662681925, 44.812930767180937 ], [ -1.168997855887743, 44.81292671298376 ], [ -1.16898646388732, 44.813286617732196 ], [ -1.169239272252255, 44.813290671979978 ] ] ] } },
{ "type": "Feature", "properties": { "surface_ha": 11.47 }, "geometry": { "type": "Polygon", "coordinates": [ [ [ -1.209667014942776, 44.814651972718082 ], [ -1.209672584724652, 44.81447201634419 ], [ -1.210431042566463, 44.814483907461465 ], [ -1.21043660993959, 44.814303951007098 ], [ -1.211195065894957, 44.814315837015634 ], [ -1.211200630859369, 44.814135880480883 ], [ -1.211706266852999, 44.814143801640199 ], [ -1.211711830194228, 44.813963845049791 ], [ -1.211964647483846, 44.813967804765653 ], [ -1.211970209987401, 44.813787848144258 ], [ -1.213234293290667, 44.813807638209269 ], [ -1.213239851814654, 44.813627681458186 ], [ -1.214251116254019, 44.813643503342611 ], [ -1.214245560871946, 44.813823460192381 ], [ -1.214751194975315, 44.813831367827632 ], [ -1.214756748786425, 44.813651410928465 ], [ -1.215009565130784, 44.813655363882354 ], [ -1.215015118104318, 44.813475406952293 ], [ -1.215520749378356, 44.813483311132551 ], [ -1.21552630072886, 44.813303354146953 ], [ -1.216031930640276, 44.813311256040407 ], [ -1.216043030043218, 44.812951341951873 ], [ -1.216295843506105, 44.812955292010216 ], [ -1.216306941129909, 44.812595377847444 ], [ -1.216559753073961, 44.812599327297157 ], [ -1.216565301022347, 44.812419370181786 ], [ -1.21681811223301, 44.812423319047483 ], [ -1.216823659343925, 44.812243361901224 ], [ -1.217076469821197, 44.812247310182904 ], [ -1.217082016094654, 44.812067353005766 ], [ -1.217334825838537, 44.812071300703479 ], [ -1.217340371274549, 44.811891343495503 ], [ -1.217845989347543, 44.811899237163601 ], [ -1.21785153316072, 44.81171927990011 ], [ -1.218104341489822, 44.811723225870495 ], [ -1.218109884465592, 44.811543268576159 ], [ -1.218615499708982, 44.81155115878969 ], [ -1.218621041061966, 44.811371201439883 ], [ -1.219126654942499, 44.81137908936681 ], [ -1.219132194672722, 44.811199131961544 ], [ -1.219385000905557, 44.811203075061393 ], [ -1.219390539798429, 44.81102311762529 ], [ -1.219643345297842, 44.811027060141193 ], [ -1.219648883353381, 44.810847102674273 ], [ -1.219901688119369, 44.810851044606238 ], [ -1.219912762503863, 44.810491129604436 ], [ -1.219659959308603, 44.810487187721677 ], [ -1.219665497208287, 44.81030723023602 ], [ -1.219918299618194, 44.810311172094217 ], [ -1.219929373691029, 44.809951257055033 ], [ -1.219676572851809, 44.809947315246042 ], [ -1.219687648287533, 44.809587400231109 ], [ -1.219182049906252, 44.809579515033562 ], [ -1.219187589116827, 44.809399557565946 ], [ -1.219440387496172, 44.809403500419769 ], [ -1.219445925869475, 44.809223542921345 ], [ -1.218940330733357, 44.809215656703607 ], [ -1.218934790789441, 44.809395614152834 ], [ -1.218681992514024, 44.809391670180396 ], [ -1.218670910899642, 44.809751585010979 ], [ -1.218418111105568, 44.809747640430018 ], [ -1.218412569435083, 44.809927597811324 ], [ -1.218665370014486, 44.809931542416891 ], [ -1.218659829077352, 44.8101114998166 ], [ -1.218407027712613, 44.810107555186413 ], [ -1.218401485938155, 44.810287512555256 ], [ -1.218654288088238, 44.810291457210056 ], [ -1.218643205954071, 44.810651371978267 ], [ -1.218137598564477, 44.810643482010896 ], [ -1.218132055848693, 44.810823439336417 ], [ -1.217879251446523, 44.81081949348912 ], [ -1.217873707893371, 44.81099945078379 ], [ -1.217368097674306, 44.81099155736193 ], [ -1.217362552498393, 44.811171514601121 ], [ -1.217109746681506, 44.811167567026558 ], [ -1.217104200668192, 44.811347524234854 ], [ -1.216851394117948, 44.811343576076347 ], [ -1.216845847267215, 44.811523533253784 ], [ -1.216593039983614, 44.811519584511288 ], [ -1.21658749229545, 44.811699541657859 ], [ -1.216334684278496, 44.811695592331368 ], [ -1.216329135752882, 44.811875549447059 ], [ -1.215823518304322, 44.811867649066727 ], [ -1.21580686770266, 44.81240752022849 ], [ -1.215301245749862, 44.812399617462852 ], [ -1.21529569387431, 44.812579574454979 ], [ -1.2150428821906, 44.81257562220847 ], [ -1.215031776712364, 44.812935536124712 ], [ -1.212756459766001, 44.812899940290514 ], [ -1.212750899879694, 44.813079897017182 ], [ -1.212245272894265, 44.813071980629367 ], [ -1.212250834351467, 44.812892023952102 ], [ -1.211492396620974, 44.812880145249224 ], [ -1.211503524091471, 44.812520232024212 ], [ -1.211250713189885, 44.812516271387274 ], [ -1.211228454898356, 44.813236097713514 ], [ -1.210975640907211, 44.81323213641835 ], [ -1.210981206343846, 44.813052179870873 ], [ -1.210728393190364, 44.813048218041068 ], [ -1.210722826968276, 44.813228174563825 ], [ -1.21047001308156, 44.813224212149947 ], [ -1.210475580089097, 44.81304425565191 ], [ -1.209969954043244, 44.813036329195484 ], [ -1.209975522569441, 44.812856372740626 ], [ -1.209722710410312, 44.812852408698092 ], [ -1.20971157173479, 44.813212321551994 ], [ -1.209458758057018, 44.813208356900631 ], [ -1.209447617601592, 44.813568269680125 ], [ -1.208941987260988, 44.813560338600297 ], [ -1.208953130858245, 44.813200425919774 ], [ -1.207941877087989, 44.813184557245634 ], [ -1.20791957711698, 44.813904382185633 ], [ -1.207666760663298, 44.813900413519598 ], [ -1.207661184754315, 44.814080369714247 ], [ -1.208166819284943, 44.814088306536405 ], [ -1.208155670452016, 44.814448219005996 ], [ -1.20840848936676, 44.814452186627513 ], [ -1.208402915657355, 44.814632142877699 ], [ -1.209161375071802, 44.814644042460138 ], [ -1.209166946424691, 44.814464086135679 ], [ -1.209419765548542, 44.81446805151964 ], [ -1.209414194981159, 44.814648007868819 ], [ -1.209667014942776, 44.814651972718082 ] ], [ [ -1.210706127988706, 44.813768044094672 ], [ -1.210453311745594, 44.813764081606585 ], [ -1.210458878909809, 44.813584125127278 ], [ -1.210711694367447, 44.813588087590631 ], [ -1.210706127988706, 44.813768044094672 ] ], [ [ -1.218890469367154, 44.810835273522336 ], [ -1.218637664809018, 44.810831329353029 ], [ -1.218643205954071, 44.810651371978267 ], [ -1.218896009726842, 44.810655316122968 ], [ -1.218890469367154, 44.810835273522336 ] ] ] } },
{ "type": "Feature", "properties": { "surface_ha": 3.16 }, "geometry": { "type": "Polygon", "coordinates": [ [ [ -1.132265735880173, 44.799008446414632 ], [ -1.132271543209985, 44.798828497322127 ], [ -1.132524283195328, 44.798832631801737 ], [ -1.132535896122112, 44.798472733546284 ], [ -1.132788634592474, 44.798476867415282 ], [ -1.132782828941031, 44.798656816571942 ], [ -1.133035568250564, 44.798660949907728 ], [ -1.13304717792957, 44.798301051536534 ], [ -1.133299915724119, 44.798305184261721 ], [ -1.133311523615952, 44.797945285813817 ], [ -1.134827942109725, 44.797970070116492 ], [ -1.134833741265843, 44.797790120728479 ], [ -1.13508647708719, 44.797794249463315 ], [ -1.135103871875163, 44.797254401184233 ], [ -1.135356605396855, 44.797258529282814 ], [ -1.135368200080941, 44.796898630347151 ], [ -1.134610004386973, 44.796886244529034 ], [ -1.134615804001405, 44.796706295129063 ], [ -1.134110342046683, 44.796698035173591 ], [ -1.134116143175999, 44.796518085818867 ], [ -1.133863413064887, 44.796513955028438 ], [ -1.133857611150933, 44.796693904357397 ], [ -1.133604880309598, 44.796689772982219 ], [ -1.133599077556579, 44.796869722279098 ], [ -1.133093614467896, 44.796861457800276 ], [ -1.13308781009115, 44.797041407039302 ], [ -1.132835077843813, 44.797037273935622 ], [ -1.132811856653737, 44.797757070725744 ], [ -1.132559121322171, 44.79775293695991 ], [ -1.132547508831057, 44.798112835265677 ], [ -1.132042035192538, 44.7981045659538 ], [ -1.132024611339177, 44.798644413210518 ], [ -1.131771872247498, 44.79864027763864 ], [ -1.131766063402709, 44.798820226685848 ], [ -1.13201880327911, 44.798824362283483 ], [ -1.132012995164567, 44.799004311350188 ], [ -1.132265735880173, 44.799008446414632 ] ] ] } },
{ "type": "Feature", "properties": { "surface_ha": 3.96 }, "geometry": { "type": "Polygon", "coordinates": [ [ [ -1.170549658991576, 44.795847412392355 ], [ -1.170561034354296, 44.795487506226344 ], [ -1.171319227098397, 44.795499653074039 ], [ -1.171324912345772, 44.795319699905875 ], [ -1.171830372872485, 44.79532779495888 ], [ -1.171836056497242, 44.795147841733915 ], [ -1.172088786055909, 44.795151888396681 ], [ -1.172094468842714, 44.794971935140211 ], [ -1.171841740068687, 44.794967888502683 ], [ -1.171875840377975, 44.793888168983791 ], [ -1.171623116364957, 44.793884121938802 ], [ -1.171628800347866, 44.793704168688983 ], [ -1.171123354050947, 44.793696072972622 ], [ -1.171129039549714, 44.793516119767048 ], [ -1.170370872858025, 44.793503972076159 ], [ -1.170387936095492, 44.79296411264928 ], [ -1.170135216325306, 44.792960062376864 ], [ -1.170140904748992, 44.792780109247289 ], [ -1.169888185816706, 44.792776058441255 ], [ -1.169893874971585, 44.792596105330709 ], [ -1.169641156877199, 44.792592053991008 ], [ -1.169646846763255, 44.792412100899476 ], [ -1.169394129506769, 44.792408049026093 ], [ -1.169382748112217, 44.792767955152364 ], [ -1.169130029340024, 44.792763902669485 ], [ -1.169107262772211, 44.793483714745641 ], [ -1.168854540915162, 44.79347966160266 ], [ -1.168826077581337, 44.794379426430446 ], [ -1.169584255081503, 44.794391584561751 ], [ -1.169589945501229, 44.794211631532875 ], [ -1.169842670656761, 44.794215683100099 ], [ -1.169836981021642, 44.794395636154263 ], [ -1.170089707015143, 44.794399687187784 ], [ -1.170084018111278, 44.794579640260991 ], [ -1.170589471827577, 44.794587740701672 ], [ -1.170600846443495, 44.794227834447987 ], [ -1.170348121127899, 44.794223784557644 ], [ -1.170365185005513, 44.793683925205912 ], [ -1.170617907967322, 44.793687975020447 ], [ -1.170612220846051, 44.793867928169206 ], [ -1.170864944645787, 44.793871977450046 ], [ -1.170859258255776, 44.794051930617833 ], [ -1.171111982893439, 44.794055979364977 ], [ -1.1711062972347, 44.79423593255175 ], [ -1.171359022710295, 44.794239980765184 ], [ -1.171353337782839, 44.79441993397095 ], [ -1.171100611522633, 44.794415885732256 ], [ -1.171094925757241, 44.79459583890651 ], [ -1.170842198765741, 44.794591790083594 ], [ -1.170825138795702, 44.795131649492966 ], [ -1.170572409503637, 44.795127600035258 ], [ -1.170583784439606, 44.794767693819153 ], [ -1.170331056770158, 44.794763643853024 ], [ -1.170325368544213, 44.794943596938907 ], [ -1.170072640143482, 44.794939546388548 ], [ -1.170061261962255, 44.795299452491072 ], [ -1.170313991932272, 44.795303503091979 ], [ -1.170308303546274, 44.795483456159104 ], [ -1.170055572791604, 44.795479405532902 ], [ -1.170049883567593, 44.795659358568479 ], [ -1.170302615106926, 44.795663409219983 ], [ -1.170296926614225, 44.795843362274596 ], [ -1.170549658991576, 44.795847412392355 ] ], [ [ -1.169342911550025, 44.794027626396826 ], [ -1.16909018728584, 44.794023573736943 ], [ -1.169107262772211, 44.793483714745641 ], [ -1.169359984682638, 44.79348776732963 ], [ -1.169342911550025, 44.794027626396826 ] ], [ [ -1.169629776944992, 44.79295196015525 ], [ -1.169377057334881, 44.792947908206038 ], [ -1.169382748112217, 44.792767955152364 ], [ -1.169635466937778, 44.792772007076273 ], [ -1.169629776944992, 44.79295196015525 ] ] ] } },
{ "type": "Feature", "properties": { "surface_ha": 1.04 }, "geometry": { "type": "Polygon", "coordinates": [ [ [ -1.159566803735609, 44.79134982952155 ], [ -1.159572524680628, 44.791169877406396 ], [ -1.160583366853146, 44.791186168128455 ], [ -1.160589084606672, 44.791006215905377 ], [ -1.161094504445783, 44.791014357862231 ], [ -1.161088788261182, 44.79119431013612 ], [ -1.161341499045618, 44.791198380301608 ], [ -1.161352929792294, 44.790838475696788 ], [ -1.161100220576776, 44.790834405582075 ], [ -1.161111652677933, 44.790474501002976 ], [ -1.159848115249044, 44.790454142300248 ], [ -1.159842395303074, 44.790634094465879 ], [ -1.159589687193761, 44.790630021023269 ], [ -1.159578245571991, 44.790989925284947 ], [ -1.159325535947437, 44.790985851232612 ], [ -1.159319814271613, 44.791165803328617 ], [ -1.159067103916261, 44.791161728691947 ], [ -1.159061381402312, 44.791341680756268 ], [ -1.159566803735609, 44.79134982952155 ] ] ] } },
{ "type": "Feature", "properties": { "surface_ha": 4.68 }, "geometry": { "type": "Polygon", "coordinates": [ [ [ -1.17362787652316, 44.794456342965489 ], [ -1.173633554389077, 44.794276389532541 ], [ -1.173380828433884, 44.794272346349807 ], [ -1.173392185575178, 44.793912439515609 ], [ -1.173139461242456, 44.79390839582436 ], [ -1.17314514051781, 44.793728442423088 ], [ -1.172892417022947, 44.79372439819813 ], [ -1.172898097029623, 44.793544444815829 ], [ -1.172645374372621, 44.793540400057147 ], [ -1.172656735795309, 44.793180493324222 ], [ -1.172404014760734, 44.793176448057075 ], [ -1.172432421307849, 44.792276681241411 ], [ -1.172685138419678, 44.792280726382366 ], [ -1.172690818784727, 44.792100772975189 ], [ -1.172943535165303, 44.792104817531978 ], [ -1.172954894166544, 44.791744910648383 ], [ -1.173207609031354, 44.791748954595761 ], [ -1.173213287667569, 44.791569001119342 ], [ -1.17346600180113, 44.79157304448259 ], [ -1.173483035036758, 44.791033183940065 ], [ -1.173735746870091, 44.791037226668735 ], [ -1.173747100525316, 44.790677319558633 ], [ -1.173494390260929, 44.790673276880426 ], [ -1.173488712675467, 44.79085323041339 ], [ -1.173236001679859, 44.790849187151061 ], [ -1.173224644780226, 44.791209094147732 ], [ -1.172213795054582, 44.791192915307498 ], [ -1.172202431665972, 44.791552822077222 ], [ -1.17194971779877, 44.791548775919388 ], [ -1.171944035240032, 44.791728729269629 ], [ -1.171691320641624, 44.791724682527629 ], [ -1.171685637245078, 44.791904635846358 ], [ -1.171432921915461, 44.791900588520214 ], [ -1.171444290224261, 44.791540681927003 ], [ -1.17043343571501, 44.791524487235257 ], [ -1.17042774844926, 44.791704440433939 ], [ -1.170175034170775, 44.791700390338441 ], [ -1.170180722221023, 44.791520437165055 ], [ -1.169928008780384, 44.791516386535903 ], [ -1.169905253121272, 44.79223619909083 ], [ -1.17015796969995, 44.792240249821077 ], [ -1.170152281436313, 44.792420202969417 ], [ -1.17040499885287, 44.79242425316599 ], [ -1.170399311320419, 44.792604206333344 ], [ -1.170652029574853, 44.792608255996242 ], [ -1.170646342773605, 44.792788209182604 ], [ -1.170899061865919, 44.792792258311842 ], [ -1.170893375795888, 44.792972211517217 ], [ -1.171146095726081, 44.792976260112773 ], [ -1.171157466243718, 44.792616353645286 ], [ -1.171410184658135, 44.792620401631375 ], [ -1.171381761886933, 44.793520167879443 ], [ -1.171887206721312, 44.793528262427394 ], [ -1.171881523576295, 44.793708215708719 ], [ -1.172134246858024, 44.793712262169521 ], [ -1.172128564444296, 44.793892215469818 ], [ -1.172381288563913, 44.79389626139691 ], [ -1.172375606881488, 44.794076214716192 ], [ -1.172881056849779, 44.794084304943958 ], [ -1.172869696463514, 44.794444211664711 ], [ -1.17362787652316, 44.794456342965489 ] ] ] } },
{ "type": "Feature", "properties": { "surface_ha": 1.96 }, "geometry": { "type": "Polygon", "coordinates": [ [ [ -1.14981462646521, 44.787951404214404 ], [ -1.149837628413234, 44.787231599240066 ], [ -1.150090320306364, 44.78723569401906 ], [ -1.150096069874268, 44.787055742734253 ], [ -1.1508541435243, 44.787068023641766 ], [ -1.150865637792726, 44.786708120900023 ], [ -1.151118327548663, 44.786712213367196 ], [ -1.151129820032989, 44.786352310549304 ], [ -1.150877131845567, 44.78634821813322 ], [ -1.150882878791144, 44.786168266740383 ], [ -1.150377504146484, 44.786160080282912 ], [ -1.150383252606645, 44.785980128934888 ], [ -1.150130566149412, 44.785976034893494 ], [ -1.150124816905014, 44.786155986215981 ], [ -1.149872129717459, 44.786151891590286 ], [ -1.149866379634901, 44.786331842880927 ], [ -1.149613691717029, 44.786327747670889 ], [ -1.149590687710499, 44.78704755266854 ], [ -1.149337996709512, 44.787043456797477 ], [ -1.149332244788767, 44.787223408005623 ], [ -1.149079553057442, 44.787219311550196 ], [ -1.149085305762465, 44.787039360367594 ], [ -1.14883261486937, 44.787035263378918 ], [ -1.148826861380067, 44.787215214535948 ], [ -1.148574169756647, 44.787211116962908 ], [ -1.148551152122674, 44.787930921426032 ], [ -1.148803846883279, 44.787935019101361 ], [ -1.148809600588412, 44.787755067969421 ], [ -1.149314988702874, 44.787763261592474 ], [ -1.149309236566355, 44.787943212775538 ], [ -1.14981462646521, 44.787951404214404 ] ] ] } },
{ "type": "Feature", "properties": { "surface_ha": 2.48 }, "geometry": { "type": "Polygon", "coordinates": [ [ [ -1.171458707262123, 44.783078823127752 ], [ -1.171464389615866, 44.782898869552675 ], [ -1.172222417955237, 44.782911007743699 ], [ -1.172228097903264, 44.782731054086604 ], [ -1.172480773338786, 44.782735099007546 ], [ -1.172475094174901, 44.782915052689908 ], [ -1.172727770447823, 44.782919097077333 ], [ -1.172739127154052, 44.782559189655956 ], [ -1.172991801911943, 44.782563233434153 ], [ -1.173003156836921, 44.782203325937246 ], [ -1.173255830079801, 44.782207369106281 ], [ -1.173272859715637, 44.781667507738263 ], [ -1.173525530659421, 44.781671550272897 ], [ -1.173536881915638, 44.781311642612458 ], [ -1.173031543217669, 44.781303557085423 ], [ -1.173025866047996, 44.781483510868291 ], [ -1.172773195994778, 44.781479467241446 ], [ -1.172767517987774, 44.781659420992838 ], [ -1.17251484720371, 44.781655376782055 ], [ -1.172509168359359, 44.781835330501941 ], [ -1.172003825382797, 44.781827240353742 ], [ -1.171998144916979, 44.782007194016884 ], [ -1.171240128499358, 44.781995054528331 ], [ -1.171234445627933, 44.782175008109483 ], [ -1.17072910004774, 44.782166912272928 ], [ -1.170723415554788, 44.782346865797351 ], [ -1.170218068619589, 44.782338767675341 ], [ -1.17021238250508, 44.782518721142935 ], [ -1.169707034214924, 44.782510620735479 ], [ -1.169701346478829, 44.782690574146244 ], [ -1.170459371346444, 44.782702723995143 ], [ -1.170453685909427, 44.782882677475477 ], [ -1.17070636175608, 44.78288672633289 ], [ -1.170700677049892, 44.783066679832224 ], [ -1.171458707262123, 44.783078823127752 ] ], [ [ -1.171223079725205, 44.782534915253009 ], [ -1.170717731008526, 44.782526819315464 ], [ -1.170723415554788, 44.782346865797351 ], [ -1.171228762703216, 44.782354961684391 ], [ -1.171223079725205, 44.782534915253009 ] ] ] } },
{ "type": "Feature", "properties": { "surface_ha": 1.12 }, "geometry": { "type": "Polygon", "coordinates": [ [ [ -1.150825582188374, 44.780045823568997 ], [ -1.150831328032005, 44.779865871982068 ], [ -1.150578668180589, 44.779861779367771 ], [ -1.150584414754317, 44.779681827800111 ], [ -1.150331755740771, 44.779677734652694 ], [ -1.150337503044588, 44.779497783104269 ], [ -1.150084844868906, 44.779493689423745 ], [ -1.150096340882782, 44.779133786359154 ], [ -1.149843684328923, 44.779129692171061 ], [ -1.149855181695093, 44.778769789132454 ], [ -1.149602526763032, 44.7787656944368 ], [ -1.149608276149193, 44.778585742933629 ], [ -1.149355622054979, 44.778581647704883 ], [ -1.149349871884885, 44.778761599182502 ], [ -1.149097217060659, 44.778757503369548 ], [ -1.149091466052705, 44.778937454815328 ], [ -1.148586154998163, 44.778929261462373 ], [ -1.148574649684664, 44.779289164232864 ], [ -1.148827306752868, 44.779293261239786 ], [ -1.148821554799162, 44.779473212641165 ], [ -1.1493268706653, 44.779481405030189 ], [ -1.149321120225595, 44.77966135647641 ], [ -1.149573779023522, 44.779665451858499 ], [ -1.149568029313874, 44.779845403323961 ], [ -1.149820688949696, 44.779849498172929 ], [ -1.149826437875366, 44.77966954668188 ], [ -1.150079096781117, 44.779673640946626 ], [ -1.150067600443834, 44.780033543973545 ], [ -1.150825582188374, 44.780045823568997 ] ], [ [ -1.149585278281071, 44.779305548908646 ], [ -1.149332621051078, 44.779301453577681 ], [ -1.149344121660873, 44.778941550653833 ], [ -1.14959677732296, 44.778945645933696 ], [ -1.149585278281071, 44.779305548908646 ] ] ] } },
{ "type": "Feature", "properties": { "surface_ha": 1.12 }, "geometry": { "type": "Polygon", "coordinates": [ [ [ -1.148373771937292, 44.777665504232452 ], [ -1.14837952491943, 44.777485552819428 ], [ -1.148632174094484, 44.777489650129354 ], [ -1.148637926238794, 44.777309698684483 ], [ -1.148385277847618, 44.777305601400109 ], [ -1.148437051773891, 44.775686038343864 ], [ -1.14793176926255, 44.775677842559546 ], [ -1.147926015252216, 44.775857793984201 ], [ -1.147673373293661, 44.775853695228598 ], [ -1.147667618445552, 44.776033646621407 ], [ -1.147414975757138, 44.776029547281638 ], [ -1.14740922007124, 44.776209498642594 ], [ -1.147156576652973, 44.776205398718659 ], [ -1.147150820129272, 44.776385350047768 ], [ -1.147656108587444, 44.776393549388217 ], [ -1.147638843395553, 44.776933403491327 ], [ -1.148144136772676, 44.77694160075081 ], [ -1.148126875798321, 44.777481454950866 ], [ -1.147874226731165, 44.777477356523733 ], [ -1.147868472181254, 44.777657307885612 ], [ -1.148373771937292, 44.777665504232452 ] ], [ [ -1.14790875289748, 44.776397648220552 ], [ -1.147656108587444, 44.776393549388217 ], [ -1.147661863543479, 44.776213598007956 ], [ -1.147914507069681, 44.776217696814705 ], [ -1.14790875289748, 44.776397648220552 ] ] ] } },
{ "type": "Feature", "properties": { "surface_ha": 23.58 }, "geometry": { "type": "Polygon", "coordinates": [ [ [ -1.164997470986373, 44.779554307665592 ], [ -1.165003172711802, 44.779374354629127 ], [ -1.165255832486652, 44.77937841529743 ], [ -1.165267234209143, 44.779018509155058 ], [ -1.165519892469486, 44.779022569214007 ], [ -1.165525592466572, 44.778842616108101 ], [ -1.166030907579656, 44.7788507344994 ], [ -1.166042304277628, 44.778490828167406 ], [ -1.166294960346398, 44.778494886474427 ], [ -1.166306355262737, 44.778134980066731 ], [ -1.166053700761863, 44.778130921810366 ], [ -1.16607079508747, 44.777591062227806 ], [ -1.165818142991817, 44.77758700348879 ], [ -1.165829540509554, 44.777227097119685 ], [ -1.167092793682929, 44.777247384975325 ], [ -1.167098488442133, 44.777067431654828 ], [ -1.166845838484532, 44.777063375226277 ], [ -1.166857229410524, 44.776703468617072 ], [ -1.167109877800345, 44.776707524994997 ], [ -1.167132655875984, 44.775987711600159 ], [ -1.166880010621643, 44.775983655323472 ], [ -1.166891400906779, 44.775623748639056 ], [ -1.166638757273534, 44.775619691854388 ], [ -1.166644453119835, 44.775439738528121 ], [ -1.166391810323838, 44.775435681210148 ], [ -1.166397506900557, 44.775255727902923 ], [ -1.165892223036471, 44.775247611641824 ], [ -1.165897921127414, 44.775067658378973 ], [ -1.166150562248926, 44.775071716763499 ], [ -1.166156259502625, 44.77489176346905 ], [ -1.164640418278022, 44.774867404935122 ], [ -1.164634716321458, 44.775047358077607 ], [ -1.164382075520636, 44.775043296341522 ], [ -1.16437637272679, 44.775223249452402 ], [ -1.164629014311427, 44.775227311213769 ], [ -1.164617610130963, 44.77558721746734 ], [ -1.164364966978672, 44.775583155655291 ], [ -1.164359264024398, 44.775763108747341 ], [ -1.164106620141748, 44.775759046351304 ], [ -1.164083804654464, 44.776478858555443 ], [ -1.163831157689876, 44.776474795499396 ], [ -1.163825452900468, 44.776654748509415 ], [ -1.163320157564034, 44.776646620670817 ], [ -1.163314451153371, 44.776826573623822 ], [ -1.162809154463216, 44.776818443500005 ], [ -1.162814862441635, 44.776638490597684 ], [ -1.163067509976075, 44.776642555913568 ], [ -1.163073217117102, 44.77646260297962 ], [ -1.163325863921187, 44.776466667711503 ], [ -1.16333727647497, 44.776106761774095 ], [ -1.163084631238604, 44.776102697092952 ], [ -1.163107458839445, 44.775382885244383 ], [ -1.163612743094969, 44.775391013845194 ], [ -1.163618448293757, 44.775211060816687 ], [ -1.163871089717948, 44.775215124253847 ], [ -1.163882498387413, 44.774855218127271 ], [ -1.163629858530844, 44.774851154740837 ], [ -1.163635563569143, 44.774671201693479 ], [ -1.163130285584094, 44.774663073295542 ], [ -1.163124578978197, 44.774843026292139 ], [ -1.162619299639591, 44.77483489560916 ], [ -1.162625007813082, 44.774654942663261 ], [ -1.16237236900786, 44.774650876509284 ], [ -1.162378077911616, 44.77447092358252 ], [ -1.161620164168528, 44.774458721845178 ], [ -1.161608741604736, 44.774818627540185 ], [ -1.161356102229891, 44.774814559126497 ], [ -1.161350390083861, 44.774994511939241 ], [ -1.16160303024251, 44.774998580378302 ], [ -1.161597318826729, 44.775178533210152 ], [ -1.161849959822739, 44.775182601116022 ], [ -1.161838538398149, 44.775542506811639 ], [ -1.161585895834496, 44.775538438855001 ], [ -1.161580184258048, 44.775718391668057 ], [ -1.161074897723759, 44.775710254028226 ], [ -1.161092036995377, 44.775170395722618 ], [ -1.160839396160052, 44.775166326140997 ], [ -1.160845109927259, 44.77498637338531 ], [ -1.160592469929318, 44.77498230327047 ], [ -1.160603898870593, 44.774622397791106 ], [ -1.160098622170652, 44.774614255987295 ], [ -1.160087190094199, 44.77497416136508 ], [ -1.160339829984963, 44.774978232597086 ], [ -1.160334114650146, 44.775158185301954 ], [ -1.160586755378306, 44.775162256000769 ], [ -1.160575326115526, 44.775522161442517 ], [ -1.16082796846491, 44.775526231633535 ], [ -1.16081654055545, 44.775886137100997 ], [ -1.161069184526077, 44.775890206784212 ], [ -1.161057757969995, 44.776250112277381 ], [ -1.161310403561892, 44.776254181452749 ], [ -1.161298978359239, 44.776614086971612 ], [ -1.160541037041106, 44.776601877617288 ], [ -1.160546752020813, 44.776421924937161 ], [ -1.160799398289412, 44.77642599525516 ], [ -1.160810826520352, 44.776066089825314 ], [ -1.160305537172161, 44.776057948732294 ], [ -1.160294105805803, 44.776417854060554 ], [ -1.159788813536579, 44.776409710631484 ], [ -1.159800248038347, 44.77604980540486 ], [ -1.160052892578452, 44.776053877347898 ], [ -1.160081473975574, 44.775154114044547 ], [ -1.159828833354606, 44.775150042228582 ], [ -1.159840267105856, 44.77479013691417 ], [ -1.159334989159945, 44.774781991708068 ], [ -1.15932927074353, 44.774961944317603 ], [ -1.159076631067204, 44.774957870851274 ], [ -1.15904803426171, 44.77585763367771 ], [ -1.158795390719927, 44.7758535595257 ], [ -1.15878395005463, 44.776213464561557 ], [ -1.157773370153227, 44.776197162164102 ], [ -1.157779093648075, 44.776017209751046 ], [ -1.158031737759097, 44.776021286162873 ], [ -1.15803746041644, 44.775841333718091 ], [ -1.158290103797284, 44.775845409545909 ], [ -1.158307269095886, 44.77530555209767 ], [ -1.158559910178914, 44.775309627290582 ], [ -1.158571351875447, 44.774949722242887 ], [ -1.158823991444507, 44.774953796826345 ], [ -1.158829711428516, 44.774773844267685 ], [ -1.158324433911624, 44.774765694592958 ], [ -1.158312990754781, 44.775125599602369 ], [ -1.158060350509213, 44.775121523876301 ], [ -1.158048905570147, 44.775481428809755 ], [ -1.157796263810613, 44.775477352474219 ], [ -1.157790540476769, 44.775657304906076 ], [ -1.157285255551066, 44.775649150508372 ], [ -1.157279530595899, 44.775829102883129 ], [ -1.157026887429739, 44.775825024820918 ], [ -1.157021161637054, 44.776004977163936 ], [ -1.156768517740749, 44.776000898517665 ], [ -1.156757064426615, 44.776360803134011 ], [ -1.157009709890608, 44.776364881831135 ], [ -1.156986805753413, 44.77708469109033 ], [ -1.157239454406571, 44.777088769330632 ], [ -1.157233729021923, 44.777268721655176 ], [ -1.157486378512652, 44.777272799362322 ], [ -1.157492103113413, 44.777092847012298 ], [ -1.157744751873936, 44.777096924135364 ], [ -1.157739028057064, 44.777276876510811 ], [ -1.157991677655147, 44.777280953100693 ], [ -1.158003123667451, 44.776921048292692 ], [ -1.158255771751431, 44.776925124273049 ], [ -1.158261493893212, 44.776745171834214 ], [ -1.158514141246973, 44.776749247230548 ], [ -1.158519862551231, 44.776569294760023 ], [ -1.159277802582773, 44.776581517521088 ], [ -1.15927208363012, 44.776761470067889 ], [ -1.159524731198435, 44.776765543229793 ], [ -1.159519012976034, 44.776945495795751 ], [ -1.159771661381844, 44.776949568424421 ], [ -1.159760226343957, 44.777309473588346 ], [ -1.160265526451967, 44.777317617271443 ], [ -1.160259810420403, 44.777497569894841 ], [ -1.160007159555694, 44.777493498307187 ], [ -1.160001442686623, 44.777673450898881 ], [ -1.16075939779327, 44.777685664062147 ], [ -1.160753683222339, 44.777865616723766 ], [ -1.161006335815657, 44.777869686686323 ], [ -1.161000621975063, 44.778049639367069 ], [ -1.161253275405883, 44.778053708796364 ], [ -1.16122470931895, 44.778953472233098 ], [ -1.161730024180783, 44.778961609669594 ], [ -1.161735735937392, 44.77878165694402 ], [ -1.162493706279937, 44.778793858832721 ], [ -1.162499415631114, 44.778613906024724 ], [ -1.162752071735091, 44.778617972178267 ], [ -1.162763488708937, 44.778258066492768 ], [ -1.162510834172856, 44.778254000389978 ], [ -1.162516543363423, 44.778074047563173 ], [ -1.16302185092124, 44.778082179159391 ], [ -1.163004727892596, 44.778622037773147 ], [ -1.163257384103626, 44.778626102809397 ], [ -1.163245970051509, 44.778986008571287 ], [ -1.162993312272553, 44.778981943484332 ], [ -1.162999020109337, 44.778801990631877 ], [ -1.162746363167872, 44.778797925011602 ], [ -1.162734945872841, 44.779157830659514 ], [ -1.162482287416968, 44.779153764429871 ], [ -1.162476577905174, 44.779333717219039 ], [ -1.163739874639696, 44.779354042907457 ], [ -1.163734168994307, 44.779533995817189 ], [ -1.164492150029094, 44.779546184602253 ], [ -1.16449785332251, 44.779366231616478 ], [ -1.164750512990418, 44.779370293402138 ], [ -1.164744810480996, 44.779550246413287 ], [ -1.164997470986373, 44.779554307665592 ] ], [ [ -1.16254508851323, 44.777174283335221 ], [ -1.16229243873419, 44.777170216826022 ], [ -1.162298148387443, 44.776990263987003 ], [ -1.162550797382591, 44.776994330470842 ], [ -1.16254508851323, 44.777174283335221 ] ], [ [ -1.165582589497773, 44.777043084704069 ], [ -1.165329939860724, 44.777039024923752 ], [ -1.165335640053784, 44.776859071774211 ], [ -1.165588288906942, 44.776863131529204 ], [ -1.165582589497773, 44.777043084704069 ] ], [ [ -1.162803446431272, 44.776998396396039 ], [ -1.162550797382591, 44.776994330470842 ], [ -1.162556506198421, 44.776814377600161 ], [ -1.162809154463216, 44.776818443500005 ], [ -1.162803446431272, 44.776998396396039 ] ], [ [ -1.165335640053784, 44.776859071774211 ], [ -1.16483034250783, 44.776850950588347 ], [ -1.164841745869116, 44.776491044371795 ], [ -1.165094393047607, 44.776495105193391 ], [ -1.16508869217757, 44.776675058330113 ], [ -1.165341340193393, 44.776679118618411 ], [ -1.165335640053784, 44.776859071774211 ] ], [ [ -1.164841745869116, 44.776491044371795 ], [ -1.164589098744091, 44.776486982991628 ], [ -1.164594801128406, 44.776307029899314 ], [ -1.164847447469563, 44.776311091254158 ], [ -1.164841745869116, 44.776491044371795 ] ] ] } },
{ "type": "Feature", "properties": { "surface_ha": 869.63 }, "geometry": { "type": "Polygon", "coordinates": [ [ [ -1.129528321923688, 44.821109015262891 ], [ -1.129534142242847, 44.82092906715048 ], [ -1.129786978368733, 44.820933209279843 ], [ -1.129792797847667, 44.820753261135302 ], [ -1.130804139754599, 44.820769823954947 ], [ -1.130809956036467, 44.82058987570079 ], [ -1.131315625746119, 44.820598153702313 ], [ -1.131321440402196, 44.820418205390226 ], [ -1.131574274553239, 44.820422343525983 ], [ -1.13158008836916, 44.820242395181772 ], [ -1.131832921789137, 44.820246532732313 ], [ -1.131844547686165, 44.819886635973376 ], [ -1.132097379589486, 44.819890772912871 ], [ -1.132103191670615, 44.819710824498152 ], [ -1.132356022842875, 44.819714960852373 ], [ -1.132361834083901, 44.819535012405602 ], [ -1.132614664525102, 44.819539148174613 ], [ -1.132620474926038, 44.819359199695697 ], [ -1.132873304636175, 44.81936333487949 ], [ -1.132879114197037, 44.819183386368522 ], [ -1.133131943176113, 44.819187520967091 ], [ -1.133137751896914, 44.819007572423999 ], [ -1.133643408447422, 44.819015839891307 ], [ -1.133649215542629, 44.818835891290377 ], [ -1.133902043114051, 44.818840024159144 ], [ -1.133907849369235, 44.818660075526132 ], [ -1.134160676209581, 44.818664207809704 ], [ -1.134172286985469, 44.818304310473231 ], [ -1.134425112309208, 44.818308442145856 ], [ -1.134477351035488, 44.81668890358862 ], [ -1.134730169344222, 44.816693034469864 ], [ -1.134747578916535, 44.816153188093629 ], [ -1.135000394923353, 44.816157318338178 ], [ -1.135006197219808, 44.815977369507785 ], [ -1.135259012495619, 44.815981499167187 ], [ -1.135264813952213, 44.815801550304727 ], [ -1.13577044309624, 44.815809807893991 ], [ -1.135776242927561, 44.815629858973708 ], [ -1.136787498726754, 44.815646367337038 ], [ -1.136793295361993, 44.815466418307473 ], [ -1.13729892201705, 44.815474669081546 ], [ -1.137304717027084, 44.815294719994242 ], [ -1.137557529650746, 44.815298844516505 ], [ -1.137569117936924, 44.814938946271525 ], [ -1.138074740205692, 44.814947193535183 ], [ -1.138080532696463, 44.814767244351792 ], [ -1.137827722320298, 44.814763121025379 ], [ -1.137833515542118, 44.814583171861415 ], [ -1.137580706005685, 44.814579048001391 ], [ -1.137586499958536, 44.814399098856917 ], [ -1.137333691261834, 44.814394974463305 ], [ -1.137345280575212, 44.814035076206935 ], [ -1.137092473503602, 44.814030951305483 ], [ -1.137098268864107, 44.813851002193616 ], [ -1.136845462632214, 44.813846876758561 ], [ -1.136851258723703, 44.813666927666134 ], [ -1.136092842710323, 44.813654548082326 ], [ -1.136110237726537, 44.813114700999108 ], [ -1.136363040653957, 44.813118828009074 ], [ -1.136392027333312, 44.812219082615904 ], [ -1.13664482638861, 44.812223208937851 ], [ -1.136650622776055, 44.812043259814629 ], [ -1.136903421100448, 44.812047385551544 ], [ -1.13692080758075, 44.811507538066905 ], [ -1.137173603603713, 44.811511663167359 ], [ -1.137208370385107, 44.810431967873903 ], [ -1.136955579073541, 44.810427842927893 ], [ -1.136978758981516, 44.809708046042829 ], [ -1.137231547152298, 44.809712170885931 ], [ -1.137243135209787, 44.809352272354232 ], [ -1.136990348609351, 44.809348147562623 ], [ -1.136996143341736, 44.809168198313067 ], [ -1.136237786222081, 44.809155820660138 ], [ -1.13624358325557, 44.808975871481557 ], [ -1.135990798442919, 44.808971744504547 ], [ -1.135996596207175, 44.808791795345407 ], [ -1.135743812234054, 44.808787667834942 ], [ -1.135755409169683, 44.808427769549318 ], [ -1.135502626821218, 44.808423641531142 ], [ -1.135508425992569, 44.808243692404645 ], [ -1.135761207555912, 44.808247820397071 ], [ -1.13576700588775, 44.808067871238549 ], [ -1.136019786720366, 44.808071998646014 ], [ -1.136025584212707, 44.807892049455454 ], [ -1.136278364314597, 44.807896176277971 ], [ -1.136284160967454, 44.807716227055373 ], [ -1.136536940338617, 44.807720353292936 ], [ -1.136542736152007, 44.807540404038299 ], [ -1.137048293487229, 44.807548654784384 ], [ -1.137054087676077, 44.80736870547198 ], [ -1.137306865640131, 44.807372829980501 ], [ -1.137312658989547, 44.80719288063608 ], [ -1.137565436222859, 44.807197004559669 ], [ -1.13757122873286, 44.807017055183245 ], [ -1.137824005235431, 44.80702117852195 ], [ -1.137835588522301, 44.806661279698773 ], [ -1.13733003871175, 44.806653032565144 ], [ -1.137335831843805, 44.806473083195598 ], [ -1.137083057805091, 44.806468958815778 ], [ -1.137094645476261, 44.806109060109279 ], [ -1.136841873061972, 44.80610493522174 ], [ -1.136847667601069, 44.805924985884808 ], [ -1.137100439230327, 44.805929110746604 ], [ -1.13710623293005, 44.805749161377641 ], [ -1.137359003828629, 44.805753285654546 ], [ -1.137364796688992, 44.805573336253595 ], [ -1.136606486511337, 44.805560961822607 ], [ -1.136623871831409, 44.805021113813602 ], [ -1.136118336694744, 44.805012861551646 ], [ -1.136129929776263, 44.804652962950534 ], [ -1.136382695747453, 44.804657089309572 ], [ -1.136394287041562, 44.804297190631836 ], [ -1.135888758293412, 44.804288937457564 ], [ -1.135877163859444, 44.804648836032328 ], [ -1.135624397997002, 44.804644708555017 ], [ -1.135618599913476, 44.804824657807195 ], [ -1.135365833320442, 44.804820529744973 ], [ -1.135371632188943, 44.804640580518544 ], [ -1.134866100736011, 44.804632322768214 ], [ -1.134860300297563, 44.804812271943113 ], [ -1.134607533867731, 44.804808142203491 ], [ -1.134595931257648, 44.805168040482926 ], [ -1.133332092075038, 44.80514738313996 ], [ -1.133337897332215, 44.804967434132273 ], [ -1.133085130444006, 44.80496330101203 ], [ -1.133079324401845, 44.805143249993925 ], [ -1.132826556783113, 44.805139116288778 ], [ -1.132838170382932, 44.804779218370264 ], [ -1.133090936431706, 44.804783352023847 ], [ -1.133096742364948, 44.804603403029361 ], [ -1.133349507683212, 44.804607536098032 ], [ -1.133378532607825, 44.803707790902394 ], [ -1.133125771214295, 44.803703657962679 ], [ -1.133119965553338, 44.803883606988599 ], [ -1.132361679344716, 44.803871204737348 ], [ -1.132350063149784, 44.804231102615553 ], [ -1.132097299619309, 44.804226967361977 ], [ -1.132091490655172, 44.804406916265869 ], [ -1.131838726394229, 44.804402780427331 ], [ -1.131832916590649, 44.804582729299113 ], [ -1.131580151599244, 44.804578592875657 ], [ -1.131562719506608, 44.805118439375789 ], [ -1.13130995221479, 44.805114302315822 ], [ -1.131315763751819, 44.804934353514533 ], [ -1.131062997299493, 44.804930215921203 ], [ -1.13106880956698, 44.80475026713944 ], [ -1.131321575234336, 44.804754404706969 ], [ -1.131327386662342, 44.804574455893075 ], [ -1.131074621779951, 44.804570318351381 ], [ -1.131080433938405, 44.804390369557069 ], [ -1.131333198035839, 44.804394507072942 ], [ -1.131356442984743, 44.803674711729435 ], [ -1.13085092112389, 44.803666436345075 ], [ -1.130839295618732, 44.804026333926117 ], [ -1.130333770836249, 44.804018056202025 ], [ -1.130345399481123, 44.803658158724268 ], [ -1.130092638741541, 44.803654019075204 ], [ -1.130115898516488, 44.802934224147521 ], [ -1.130621413770936, 44.802942502679933 ], [ -1.130627227008544, 44.802762553880626 ], [ -1.131132740911317, 44.802770830125027 ], [ -1.131138552524633, 44.80259088126779 ], [ -1.131391308772908, 44.802595018525544 ], [ -1.131397119546839, 44.802415069636226 ], [ -1.131649875064739, 44.802419206309054 ], [ -1.131661494879362, 44.802059308459938 ], [ -1.131914248882026, 44.802063444522062 ], [ -1.131937484717981, 44.801343648645094 ], [ -1.132190235635752, 44.801347784044935 ], [ -1.132196043673704, 44.801167835034185 ], [ -1.131690543462295, 44.801159563727026 ], [ -1.131696353015406, 44.800979614761616 ], [ -1.131949102309052, 44.800983750668891 ], [ -1.131954911022863, 44.800803801671385 ], [ -1.131702162514026, 44.800799665789867 ], [ -1.131707971958161, 44.800619716811859 ], [ -1.131202476673572, 44.800611443423314 ], [ -1.131196665659834, 44.800791392349709 ], [ -1.130943917314491, 44.800787254791054 ], [ -1.130961352546577, 44.800247408070426 ], [ -1.132225083046333, 44.800268089886082 ], [ -1.132259928495891, 44.799188395500835 ], [ -1.131501704158295, 44.799175988553053 ], [ -1.131495894365309, 44.799355937555568 ], [ -1.131243152243673, 44.799351800762466 ], [ -1.131248962821402, 44.799171851785772 ], [ -1.130996221539007, 44.799167714459422 ], [ -1.131002032846971, 44.798987765502233 ], [ -1.129991071401461, 44.798971210709986 ], [ -1.129985256954561, 44.79915115956387 ], [ -1.129732515944768, 44.799147019442422 ], [ -1.129755776544047, 44.798427224092457 ], [ -1.130513990320359, 44.798439642469823 ], [ -1.130525615584557, 44.798079744602134 ], [ -1.130020142817953, 44.798071466346244 ], [ -1.130025956937654, 44.797891517454573 ], [ -1.128509544654953, 44.797866669425886 ], [ -1.128515363428201, 44.797686720682989 ], [ -1.128262629023396, 44.797682577414228 ], [ -1.1282742679755, 44.797322679961319 ], [ -1.128527000810972, 44.797326823178388 ], [ -1.12853863797545, 44.796966925648604 ], [ -1.12828590670928, 44.796962782483263 ], [ -1.128291725994301, 44.79678283373476 ], [ -1.129302648247813, 44.79679940293893 ], [ -1.12930846433972, 44.796619454080776 ], [ -1.129813924224526, 44.796627735277355 ], [ -1.129802295124722, 44.796987633090687 ], [ -1.130055026718213, 44.79699177290216 ], [ -1.130049212871158, 44.797171721825229 ], [ -1.130301945303828, 44.797175861103554 ], [ -1.130313571374112, 44.796815963199464 ], [ -1.130819033264408, 44.796824239975898 ], [ -1.130813221825819, 44.797004188982704 ], [ -1.131065953637375, 44.79700832655827 ], [ -1.131083385435712, 44.796468479441501 ], [ -1.130830655978072, 44.796464341943384 ], [ -1.130865522810995, 44.795384647694931 ], [ -1.131623697224469, 44.795397058047719 ], [ -1.131606271114631, 44.795936905432555 ], [ -1.132364453079788, 44.795949310986956 ], [ -1.132352840108525, 44.796309209366889 ], [ -1.132605569108405, 44.796313343485373 ], [ -1.132593957488569, 44.796673241891767 ], [ -1.133099418790206, 44.796681508554933 ], [ -1.133151655241338, 44.795061965064079 ], [ -1.133404378912346, 44.795066097325162 ], [ -1.133427590559328, 44.794346299951506 ], [ -1.133680311146518, 44.794350431550541 ], [ -1.133668707000981, 44.794710330301491 ], [ -1.133921429211694, 44.794714461393134 ], [ -1.13390402493898, 44.795254309549733 ], [ -1.134156749557821, 44.795258440159735 ], [ -1.134150948809349, 44.79543838955847 ], [ -1.134403674267183, 44.795442519635316 ], [ -1.134421073995644, 44.794902671342925 ], [ -1.135431966955888, 44.794919185751581 ], [ -1.135437763618312, 44.794739236205181 ], [ -1.137206822899546, 44.794768114720711 ], [ -1.137224196084935, 44.794228265503236 ], [ -1.137476916703033, 44.794232388692507 ], [ -1.137494287046002, 44.793692539341279 ], [ -1.137241568781513, 44.793688416229209 ], [ -1.137247359571752, 44.793508466458604 ], [ -1.136994642146097, 44.793504342813335 ], [ -1.136988850571337, 44.793684292558204 ], [ -1.135725260335362, 44.793663665819302 ], [ -1.135731055832722, 44.79348371620317 ], [ -1.136236490195064, 44.793491968523995 ], [ -1.13624807788869, 44.793132069169857 ], [ -1.136500793582356, 44.793136194440422 ], [ -1.136495000547215, 44.793316144146381 ], [ -1.137253150307682, 44.793328516681768 ], [ -1.137258940989302, 44.793148566898623 ], [ -1.137511656900245, 44.793152689933528 ], [ -1.137517446743055, 44.792972740118365 ], [ -1.137264731616614, 44.79296861710916 ], [ -1.137270522189617, 44.792788667313459 ], [ -1.137017807901975, 44.792784543771113 ], [ -1.137023599205158, 44.792604593994824 ], [ -1.136770885756315, 44.792600469919293 ], [ -1.136782469768686, 44.79224057039935 ], [ -1.13652975794311, 44.792236445816386 ], [ -1.136535550652277, 44.792056496072732 ], [ -1.137040972788823, 44.792064744628298 ], [ -1.137046763874753, 44.791884794826878 ], [ -1.137552184659636, 44.791893041095449 ], [ -1.137557974122358, 44.791713091236304 ], [ -1.137810683811798, 44.79171721350653 ], [ -1.137828049520883, 44.791177363814214 ], [ -1.138080756911306, 44.791181485448405 ], [ -1.138074969180324, 44.791361435377837 ], [ -1.138580385692859, 44.791369677021017 ], [ -1.138586171854981, 44.791189727040162 ], [ -1.138838879408219, 44.791193846997714 ], [ -1.13885623521575, 44.790653996940314 ], [ -1.139108940469998, 44.790658116261888 ], [ -1.139120509168276, 44.790298216140812 ], [ -1.139373212907976, 44.790302334852129 ], [ -1.139384779820501, 44.789942434654506 ], [ -1.139132077649569, 44.789938315994583 ], [ -1.139137861808842, 44.789758365912071 ], [ -1.139390563195405, 44.789762484546287 ], [ -1.1394021297825, 44.789402584310977 ], [ -1.139907529580875, 44.789410819800082 ], [ -1.139913311224366, 44.789230869621605 ], [ -1.139155213961206, 44.789218515626757 ], [ -1.139160997903504, 44.789038565519085 ], [ -1.138908299708606, 44.789034446428829 ], [ -1.138914084380997, 44.788854496340591 ], [ -1.13866138702468, 44.788850376717171 ], [ -1.138684528309027, 44.788130576404171 ], [ -1.139189916801376, 44.788138814886508 ], [ -1.139195700418228, 44.78795886474115 ], [ -1.140206474916544, 44.787975334897247 ], [ -1.140194913903029, 44.788335235387237 ], [ -1.14044760923176, 44.788339351580561 ], [ -1.140430269657874, 44.788879202345456 ], [ -1.140682967393783, 44.788883318057024 ], [ -1.140694525595254, 44.78852341750202 ], [ -1.140947221816704, 44.788527532603403 ], [ -1.140953000051826, 44.788347582290804 ], [ -1.141205695543147, 44.788351696807673 ], [ -1.141199918092341, 44.788531647145945 ], [ -1.141452614422162, 44.788535761129644 ], [ -1.1414468377015, 44.788715711487335 ], [ -1.140941443527391, 44.788707482909729 ], [ -1.14092410833431, 44.789247333790996 ], [ -1.141429507214464, 44.789255562522641 ], [ -1.141417953285553, 44.789615463181413 ], [ -1.142176056718255, 44.789627802241554 ], [ -1.142210703736642, 44.788548099727855 ], [ -1.14195800724432, 44.788543987420653 ], [ -1.141969557385853, 44.788184086583819 ], [ -1.141716862516326, 44.788179973769083 ], [ -1.141722638290159, 44.788000023366919 ], [ -1.141469944259098, 44.787995910018992 ], [ -1.141475720763065, 44.787815959636205 ], [ -1.141223027570476, 44.787811845755158 ], [ -1.141234581984461, 44.787451945022077 ], [ -1.140981890414622, 44.787447830633553 ], [ -1.140987668324622, 44.78726788028326 ], [ -1.141493049949931, 44.787276108450143 ], [ -1.141516154774036, 44.786556306780788 ], [ -1.141263467071319, 44.78655219307943 ], [ -1.14126924392616, 44.786372242672059 ], [ -1.141016557061855, 44.786368128437559 ], [ -1.141028112177469, 44.786008227655309 ], [ -1.140775426935799, 44.786004112913361 ], [ -1.140798539653678, 44.785284311376159 ], [ -1.141051221758536, 44.785288426015413 ], [ -1.141056999018355, 44.785108475589702 ], [ -1.141309680393204, 44.785112589644527 ], [ -1.141315456814668, 44.784932639186884 ], [ -1.142326179718978, 44.784949089715866 ], [ -1.142337726126042, 44.784589188576483 ], [ -1.142590405419148, 44.784593299760502 ], [ -1.142596177757312, 44.784413349155741 ], [ -1.141585464046388, 44.784396901169693 ], [ -1.141579688571589, 44.784576851671851 ], [ -1.141327009495085, 44.784572738252805 ], [ -1.141332785754039, 44.784392787776312 ], [ -1.140827429331856, 44.78438455931331 ], [ -1.140821651504587, 44.784564509738459 ], [ -1.139305578833726, 44.784539810785418 ], [ -1.13929979624731, 44.784719761050169 ], [ -1.138541758291372, 44.784707403953426 ], [ -1.138547543230266, 44.784527453765811 ], [ -1.138294864804265, 44.784523333641758 ], [ -1.138289079081217, 44.784703283803694 ], [ -1.136773004959944, 44.784678551171488 ], [ -1.136767214477661, 44.784858501172828 ], [ -1.136009175797515, 44.784846127236413 ], [ -1.136003382908433, 44.785026077154242 ], [ -1.135498022491612, 44.785017825018052 ], [ -1.135503816949025, 44.784837875151702 ], [ -1.134998458317888, 44.784829620831999 ], [ -1.134992662292148, 44.785009570646828 ], [ -1.133476582998485, 44.784984794123162 ], [ -1.133470782213376, 44.785164743777138 ], [ -1.131702020023502, 44.785135812229136 ], [ -1.131696213694789, 44.785315761696317 ], [ -1.131443532815523, 44.785311626357213 ], [ -1.131431918426383, 44.785671525221098 ], [ -1.131179236033212, 44.785667389271616 ], [ -1.131161811688463, 44.786207237442852 ], [ -1.131414496434227, 44.78621137346974 ], [ -1.131402881500487, 44.786571272270734 ], [ -1.131655567869149, 44.786575407790465 ], [ -1.131649761104813, 44.786755357207312 ], [ -1.131397073951923, 44.786751221661817 ], [ -1.131391266348899, 44.786931171046589 ], [ -1.131643954286023, 44.786935306617899 ], [ -1.131638147412776, 44.787115256022197 ], [ -1.131890836188601, 44.787119391060521 ], [ -1.131879223847245, 44.787479289901839 ], [ -1.131626533502912, 44.787475154811922 ], [ -1.13162072646629, 44.787655104197349 ], [ -1.130862653407271, 44.787642695497325 ], [ -1.130856843963376, 44.787822644799036 ], [ -1.130098769041872, 44.787810230992363 ], [ -1.130092957190664, 44.787990180210322 ], [ -1.129334880406863, 44.787977761296922 ], [ -1.129363950881785, 44.787078015531606 ], [ -1.129111262650861, 44.787073874905367 ], [ -1.129128706634222, 44.786534027448205 ], [ -1.128876020810517, 44.786529886340709 ], [ -1.128887651428538, 44.786169988056145 ], [ -1.128634967227787, 44.786165846441556 ], [ -1.128652415098389, 44.785625999045074 ], [ -1.128399733304756, 44.785621856949227 ], [ -1.128411366514136, 44.785261958705156 ], [ -1.127906006227209, 44.78525367294062 ], [ -1.127900188081455, 44.785433622014075 ], [ -1.127394826444435, 44.78542533396282 ], [ -1.127389006675768, 44.785605282978302 ], [ -1.127136325154945, 44.785601138088687 ], [ -1.127124683885515, 44.785961036049038 ], [ -1.127377366974707, 44.785965180990402 ], [ -1.127365727055336, 44.78632507897732 ], [ -1.127618411767506, 44.786329223411656 ], [ -1.127600953831758, 44.786869070422426 ], [ -1.127853640951159, 44.786873214375525 ], [ -1.127842003622933, 44.787233112402994 ], [ -1.128094692365377, 44.787237255849014 ], [ -1.128083056387385, 44.787597153903008 ], [ -1.127830366076437, 44.787593010405296 ], [ -1.127824547221336, 44.787772959397003 ], [ -1.127066474263146, 44.787760525473466 ], [ -1.127072295471033, 44.787580576559336 ], [ -1.126819605378402, 44.787576430826419 ], [ -1.126813783386253, 44.787756379714686 ], [ -1.126308401796275, 44.78774808652075 ], [ -1.126320048863005, 44.787388188841419 ], [ -1.126067359718443, 44.787384041457983 ], [ -1.126079008135206, 44.78702414380524 ], [ -1.126331695711283, 44.787028291136906 ], [ -1.126349165574122, 44.786488444532957 ], [ -1.126601850852141, 44.786492591228232 ], [ -1.12661349558591, 44.786132693409087 ], [ -1.126108128221299, 44.786124399563278 ], [ -1.126119775873423, 44.78576450182247 ], [ -1.125867093841417, 44.785760354113179 ], [ -1.125878742843434, 44.785400456398939 ], [ -1.125626062434396, 44.785396308182641 ], [ -1.125620237176528, 44.785576257017041 ], [ -1.125367556037947, 44.785572108216101 ], [ -1.125385034000158, 44.785032261771747 ], [ -1.124374319402191, 44.785015661291247 ], [ -1.124368490332808, 44.785195610008763 ], [ -1.123610452605815, 44.785183153703855 ], [ -1.123604621129293, 44.785363102337335 ], [ -1.122593901788977, 44.785346486004691 ], [ -1.122588067121117, 44.785526434528236 ], [ -1.122082706210899, 44.785518122957541 ], [ -1.122076869919982, 44.785698071422914 ], [ -1.120813464681524, 44.785677282588409 ], [ -1.120830985152474, 44.785137437562554 ], [ -1.12057830662153, 44.785133278197229 ], [ -1.120584147453123, 44.784953329868642 ], [ -1.119826114541391, 44.784940848498188 ], [ -1.119843643764673, 44.78440100370824 ], [ -1.119590968589386, 44.784396842211841 ], [ -1.119608499671841, 44.783856997443181 ], [ -1.119355826903666, 44.783852835465929 ], [ -1.119373359845173, 44.783312990718514 ], [ -1.119120689484046, 44.783308828260473 ], [ -1.119149913877406, 44.782409087018699 ], [ -1.119907913364424, 44.782421572327173 ], [ -1.119913755726579, 44.782241623982046 ], [ -1.120671753354577, 44.782254104184453 ], [ -1.120677593309874, 44.782074155755147 ], [ -1.121182923767654, 44.78208247304476 ], [ -1.12118876210015, 44.781902524557267 ], [ -1.121946755845354, 44.781914996223733 ], [ -1.121952591771064, 44.781735047652127 ], [ -1.122457919640147, 44.781743359251188 ], [ -1.122463753943119, 44.78156341062143 ], [ -1.123474407201714, 44.781580027011728 ], [ -1.123486069371547, 44.781220129525984 ], [ -1.123738731254916, 44.781224282175067 ], [ -1.123732900981336, 44.781404230946968 ], [ -1.123985563703374, 44.781408383063287 ], [ -1.123991393192957, 44.781228434265458 ], [ -1.125002041491698, 44.781245037040343 ], [ -1.125007867790657, 44.781065088132607 ], [ -1.125513190699883, 44.781073386116276 ], [ -1.125536489077585, 44.780353590215356 ], [ -1.125789147478233, 44.780357738265685 ], [ -1.125794971152155, 44.780177789248846 ], [ -1.125542313535465, 44.780173641224422 ], [ -1.125565610820826, 44.779453845197715 ], [ -1.125818265301762, 44.779457993118605 ], [ -1.125824088702646, 44.779278044070303 ], [ -1.125571435005628, 44.779273896175283 ], [ -1.125577259135818, 44.779093947146592 ], [ -1.125324606277325, 44.779089798718843 ], [ -1.125336255941667, 44.778729900694309 ], [ -1.125083604705597, 44.778725751759723 ], [ -1.125089430239729, 44.778545802763894 ], [ -1.124836779842172, 44.77854165329655 ], [ -1.124848432314311, 44.778181755337847 ], [ -1.124595783539144, 44.778177605363652 ], [ -1.124601610477132, 44.777997656400785 ], [ -1.123843666831085, 44.777985203204274 ], [ -1.123837837541503, 44.778165152089485 ], [ -1.123585188984935, 44.778160999880875 ], [ -1.123591019058381, 44.777981051021577 ], [ -1.123085723676984, 44.777972744980325 ], [ -1.123091555263473, 44.77779279616658 ], [ -1.121575675135021, 44.77776786479189 ], [ -1.121569838845418, 44.777947813450083 ], [ -1.12131719156499, 44.777943656239948 ], [ -1.121311354436801, 44.778123604865904 ], [ -1.12030076272708, 44.778106970335465 ], [ -1.120294922408703, 44.778286918851371 ], [ -1.120042273834301, 44.778282758796287 ], [ -1.120048114936543, 44.778102810306343 ], [ -1.119290171893586, 44.77809032686735 ], [ -1.119284328439764, 44.778270275279382 ], [ -1.118779031784028, 44.778261950141747 ], [ -1.118773186707679, 44.778441898495544 ], [ -1.118520537678155, 44.778437735062852 ], [ -1.118526383538372, 44.778257786735011 ], [ -1.118273735347529, 44.778253622769689 ], [ -1.118279581936788, 44.778073674461531 ], [ -1.118026934584627, 44.778069509963601 ], [ -1.118015239783566, 44.778429406521596 ], [ -1.117509942108301, 44.778421075745932 ], [ -1.117498243952418, 44.778780972174808 ], [ -1.117245593629305, 44.778776805897067 ], [ -1.117263143132469, 44.778236961322293 ], [ -1.117515791103975, 44.778241127522065 ], [ -1.117521640044802, 44.778061179291853 ], [ -1.116258404655153, 44.778040342837052 ], [ -1.116264257460368, 44.77786039473056 ], [ -1.116516903644719, 44.777864563112743 ], [ -1.116522755611216, 44.777684614973978 ], [ -1.116270110210704, 44.777680446617822 ], [ -1.116287668132428, 44.777140602241737 ], [ -1.116035025138265, 44.777136433405012 ], [ -1.116058438067457, 44.776416640919486 ], [ -1.115805798263365, 44.776412471628234 ], [ -1.115811652142233, 44.776232523517123 ], [ -1.115559013176809, 44.776228353693348 ], [ -1.11557657683536, 44.775688509400268 ], [ -1.11532394027612, 44.775684339095953 ], [ -1.115347360853936, 44.774964546721094 ], [ -1.115094727484542, 44.774960375962344 ], [ -1.115118150318779, 44.774240583590789 ], [ -1.114360259944533, 44.774228068275669 ], [ -1.114366117866889, 44.774048120245084 ], [ -1.113608230338042, 44.774035599981353 ], [ -1.113625810828586, 44.773495756086305 ], [ -1.113373184113198, 44.773491581626146 ], [ -1.113379044950475, 44.773311633674581 ], [ -1.113126419073693, 44.773307458681984 ], [ -1.113138142150672, 44.772947562812035 ], [ -1.112632893696568, 44.772939211255512 ], [ -1.112638756719879, 44.772759263363199 ], [ -1.111880886801934, 44.77274673191787 ], [ -1.111886752121138, 44.772566784097449 ], [ -1.111381507351381, 44.77255842706024 ], [ -1.111387374182815, 44.772378479285649 ], [ -1.11088213120032, 44.772370120066654 ], [ -1.110876262801662, 44.772550067789098 ], [ -1.109613152390416, 44.772529159837624 ], [ -1.10960728001865, 44.77270910742331 ], [ -1.10884941208173, 44.772696555872272 ], [ -1.108843537304036, 44.772876503373332 ], [ -1.108085667512008, 44.772863946717557 ], [ -1.108079790328347, 44.773043894133963 ], [ -1.107321918681401, 44.773031332373385 ], [ -1.107263120303858, 44.77483080540707 ], [ -1.107515751967705, 44.774834993480404 ], [ -1.107509872610424, 44.775014940775222 ], [ -1.107762505113106, 44.775019128316153 ], [ -1.107756626484411, 44.775199075630802 ], [ -1.108009259825927, 44.77520326263933 ], [ -1.107997503970619, 44.775563157301974 ], [ -1.108250138934702, 44.775567343804191 ], [ -1.108238384426413, 44.775927238493885 ], [ -1.108491021013085, 44.775931424489784 ], [ -1.108479267851869, 44.776291319206493 ], [ -1.108731906061156, 44.776295504696101 ], [ -1.10868489748245, 44.777735083519765 ], [ -1.10843225300282, 44.777730897821257 ], [ -1.108420498739486, 44.778090792411938 ], [ -1.108167852747306, 44.778086606102598 ], [ -1.108161974749136, 44.778266553362378 ], [ -1.107656681362455, 44.778258179015658 ], [ -1.107650801741473, 44.778438126216869 ], [ -1.107398154346984, 44.778433938179475 ], [ -1.107392273887016, 44.778613885348278 ], [ -1.107139625763814, 44.778609696726164 ], [ -1.106521788141484, 44.797504111624697 ], [ -1.107027249133777, 44.7975124937999 ], [ -1.107033134602347, 44.797332547266855 ], [ -1.10753859424619, 44.79734092715389 ], [ -1.107544478090326, 44.797160980562253 ], [ -1.108302665616093, 44.797173546122181 ], [ -1.108308547051211, 44.796993599445827 ], [ -1.108814004108317, 44.797001973638721 ], [ -1.108819883919063, 44.796822026903797 ], [ -1.10907261174573, 44.796826213135688 ], [ -1.109078490716731, 44.796646266368363 ], [ -1.109331217813938, 44.796650452015172 ], [ -1.109337095945208, 44.79647050521541 ], [ -1.109589822312954, 44.796474690277165 ], [ -1.109595699604506, 44.79629474344501 ], [ -1.110101150936178, 44.796303111839435 ], [ -1.110107026603451, 44.796123164948753 ], [ -1.110359751567373, 44.796127348281445 ], [ -1.110365626394966, 44.795947401358369 ], [ -1.110871074918947, 44.795955766294711 ], [ -1.110876948122308, 44.795775819313135 ], [ -1.111382395297487, 44.79578418196153 ], [ -1.111388266876645, 44.795604234921484 ], [ -1.111893712702973, 44.795612595281966 ], [ -1.111899582657953, 44.795432648183457 ], [ -1.113163194264291, 44.795453539172911 ], [ -1.113157328232096, 44.795633486401769 ], [ -1.11366277482891, 44.795641838937115 ], [ -1.113656910310834, 44.795821786211789 ], [ -1.11416235869679, 44.795830136563481 ], [ -1.114156495692859, 44.796010083883964 ], [ -1.114409220752899, 44.796014258247446 ], [ -1.114403358478564, 44.796194205587668 ], [ -1.114656084378169, 44.79619837941825 ], [ -1.114644361233742, 44.796558274131876 ], [ -1.114897088757513, 44.796562447455543 ], [ -1.114891227887444, 44.796742394828975 ], [ -1.115143956250789, 44.796746567619749 ], [ -1.115126375664634, 44.797286409780277 ], [ -1.115379106436808, 44.797290582090191 ], [ -1.115367387340505, 44.797650476884449 ], [ -1.115872852188281, 44.797658819931449 ], [ -1.115866994127002, 44.797838767371196 ], [ -1.116372460763854, 44.797847108234336 ], [ -1.116384173692873, 44.797487213244466 ], [ -1.116636905524394, 44.797491382785537 ], [ -1.116642761121871, 44.797311435255153 ], [ -1.116895492223668, 44.797315604211221 ], [ -1.116901346981594, 44.797135656648535 ], [ -1.117154077353669, 44.797139825019627 ], [ -1.117159931272055, 44.796959877424619 ], [ -1.117918120363794, 44.796972379106052 ], [ -1.117923971873415, 44.796792431426752 ], [ -1.119187617534052, 44.796813256253174 ], [ -1.119181769947548, 44.796993204062396 ], [ -1.119434500028861, 44.796997367376754 ], [ -1.119428653172147, 44.79717731520568 ], [ -1.119681384092929, 44.797181477987039 ], [ -1.119675537966017, 44.797361425835618 ], [ -1.119928269726272, 44.797365588083991 ], [ -1.119922424329177, 44.797545535952246 ], [ -1.120175156928904, 44.797549697667598 ], [ -1.120151777930948, 44.798269489181571 ], [ -1.11989904219255, 44.798265327362365 ], [ -1.119887350795279, 44.798625223029646 ], [ -1.119634613542329, 44.798621060599487 ], [ -1.119628766976752, 44.79880100839771 ], [ -1.119123291065968, 44.798792681808465 ], [ -1.119117442876143, 44.798972629548445 ], [ -1.117095535149996, 44.798939300623289 ], [ -1.117101389617446, 44.798759353091256 ], [ -1.116595914804263, 44.798751015321919 ], [ -1.116601770786195, 44.798571067835631 ], [ -1.116349034246676, 44.798566898138468 ], [ -1.116360747615123, 44.798207003198989 ], [ -1.115602543034264, 44.798194490909658 ], [ -1.115608401990102, 44.798014543508565 ], [ -1.114850200257804, 44.798002026266424 ], [ -1.114844338947969, 44.798181973589443 ], [ -1.114591604362475, 44.798177800031404 ], [ -1.114579880008529, 44.798537694606452 ], [ -1.11407440786379, 44.798529345709177 ], [ -1.114068544034971, 44.798709292935165 ], [ -1.113563070540848, 44.798700941749843 ], [ -1.113557205087645, 44.798880888917395 ], [ -1.112798992905001, 44.798868357868699 ], [ -1.112793125042688, 44.799048304951803 ], [ -1.112287648960027, 44.799039948072192 ], [ -1.112275909931469, 44.799399842115214 ], [ -1.112528649514693, 44.799404020886669 ], [ -1.112505173935869, 44.800123809001327 ], [ -1.111999688546637, 44.800115450690853 ], [ -1.11199381794482, 44.800295397651631 ], [ -1.111741074548045, 44.800291217631752 ], [ -1.111735203106414, 44.800471164560157 ], [ -1.111229714908573, 44.800462802791166 ], [ -1.11122384184235, 44.80064274966108 ], [ -1.110718352295331, 44.800634385603786 ], [ -1.110712477604489, 44.800814332415221 ], [ -1.110459732128861, 44.800810149521922 ], [ -1.110453856598146, 44.800990096300964 ], [ -1.110201110392853, 44.800985912822526 ], [ -1.110189357596526, 44.801345806309492 ], [ -1.110442105371386, 44.801349989840119 ], [ -1.110418602256547, 44.802069776842835 ], [ -1.110165851342465, 44.802065593207807 ], [ -1.110148221073162, 44.802605433315371 ], [ -1.110653727665426, 44.802613800182996 ], [ -1.110647852368442, 44.802793746925126 ], [ -1.110900606532085, 44.802797929546443 ], [ -1.11088885734251, 44.803157823063977 ], [ -1.11114161313097, 44.8031620051784 ], [ -1.111123991287976, 44.803701845485712 ], [ -1.111376749486165, 44.803706027119304 ], [ -1.111370876213202, 44.803885973901906 ], [ -1.111623635251372, 44.803890155002513 ], [ -1.11161776270822, 44.804070101804903 ], [ -1.112628802551256, 44.804086820720677 ], [ -1.11262293309266, 44.804266767621058 ], [ -1.113633976956193, 44.804283477695463 ], [ -1.113628110582217, 44.804463424693807 ], [ -1.113880872470602, 44.804467600840709 ], [ -1.113875006826531, 44.804647547858821 ], [ -1.113622244153219, 44.804643371685884 ], [ -1.113610511130142, 44.805003265651081 ], [ -1.113357746941979, 44.804999088866886 ], [ -1.113351879562951, 44.805179035813985 ], [ -1.113099114644873, 44.805174858444616 ], [ -1.113093246425853, 44.805354805359329 ], [ -1.112840480777862, 44.805350627404785 ], [ -1.112834611718836, 44.805530574287147 ], [ -1.113592911182825, 44.805543106551639 ], [ -1.113587044423662, 44.805723053505893 ], [ -1.113839811806695, 44.805727229835178 ], [ -1.113833945777484, 44.805907176809185 ], [ -1.114086714000522, 44.805911352605406 ], [ -1.114051521379784, 44.806991034473519 ], [ -1.11379874844671, 44.806986858520951 ], [ -1.113787015562913, 44.807346752374492 ], [ -1.113534241114797, 44.807342575810686 ], [ -1.113522506440792, 44.8077024695869 ], [ -1.113269730477611, 44.807698292411793 ], [ -1.113240388904075, 44.808598026611797 ], [ -1.112987609070571, 44.808593848747194 ], [ -1.112975870485632, 44.808953742330928 ], [ -1.112723089136984, 44.808949563855002 ], [ -1.112717218976821, 44.809129510611356 ], [ -1.112464436898128, 44.80912533155017 ], [ -1.112458565897785, 44.809305278274131 ], [ -1.112205783089043, 44.809301098627671 ], [ -1.112199911248507, 44.809481045319259 ], [ -1.111947127709722, 44.80947686508749 ], [ -1.111941255028974, 44.80965681174672 ], [ -1.111688470760146, 44.809652630929648 ], [ -1.111682597239174, 44.809832577556492 ], [ -1.110418672795923, 44.809811664952591 ], [ -1.110424550242569, 44.809631718456238 ], [ -1.109666198593543, 44.80961916426169 ], [ -1.109660318791499, 44.80979911067972 ], [ -1.108901965283463, 44.809786551373989 ], [ -1.108896083070849, 44.809966497707336 ], [ -1.107379372833922, 44.80994136384038 ], [ -1.107373485855278, 44.810121310010622 ], [ -1.106867914647709, 44.810112927528976 ], [ -1.106862026043548, 44.81029287364062 ], [ -1.10660923973747, 44.810288681534821 ], [ -1.106597460793121, 44.81064857368689 ], [ -1.106344672971973, 44.81064438096957 ], [ -1.106321111279606, 44.811364165093387 ], [ -1.106068320372996, 44.811359971712172 ], [ -1.105761897065635, 44.820717154781832 ], [ -1.106267560614107, 44.820725543706246 ], [ -1.106273453208627, 44.820545597986431 ], [ -1.106526284280215, 44.820549791583367 ], [ -1.106520392471268, 44.820729737329366 ], [ -1.107026056351402, 44.820738122897282 ], [ -1.107037836771742, 44.820378231294349 ], [ -1.107543497730625, 44.820386614519983 ], [ -1.10753760911922, 44.820566560376903 ], [ -1.107284777826586, 44.820562369017622 ], [ -1.107278888374363, 44.820742314842136 ], [ -1.108037384774721, 44.820754887320113 ], [ -1.108055045895519, 44.820215049592463 ], [ -1.108307875782728, 44.820219239221196 ], [ -1.108319648016019, 44.819859347318967 ], [ -1.108572476387343, 44.819863536336008 ], [ -1.108578361635618, 44.8196835903493 ], [ -1.109084016972813, 44.819691966652925 ], [ -1.109089900594807, 44.819512020607682 ], [ -1.110354035975909, 44.819532951446597 ], [ -1.1103481562816, 44.819712897622452 ], [ -1.110853812391284, 44.819721266094447 ], [ -1.11084793421291, 44.819901212316232 ], [ -1.111100763136018, 44.819905395739212 ], [ -1.111094885688055, 44.8200853419808 ], [ -1.111347715451857, 44.820089524870461 ], [ -1.111324208250907, 44.820809309878157 ], [ -1.113599706885934, 44.820846931650692 ], [ -1.113605576698576, 44.820666985173489 ], [ -1.11385840937009, 44.820671162547242 ], [ -1.113852540343039, 44.820851109050501 ], [ -1.11511670845432, 44.820871987658158 ], [ -1.115122573553404, 44.820692041024621 ], [ -1.115881072723724, 44.820704561397918 ], [ -1.115875209981427, 44.8208845081096 ], [ -1.118909221037977, 44.820934539566458 ], [ -1.118920927613246, 44.820574645512536 ], [ -1.118668094627537, 44.820570479353343 ], [ -1.118685656435352, 44.820030638303251 ], [ -1.118938487064315, 44.82003480438447 ], [ -1.11894434010485, 44.819854857329176 ], [ -1.119197170003154, 44.819859022824993 ], [ -1.11920302220322, 44.819679075737426 ], [ -1.119455851370865, 44.819683240647834 ], [ -1.119461702730475, 44.819503293527987 ], [ -1.119714531167459, 44.819507457853014 ], [ -1.119743783214468, 44.818607722029391 ], [ -1.119996607778675, 44.818611885665099 ], [ -1.120002457237916, 44.818431938455518 ], [ -1.120255281071487, 44.818436101505867 ], [ -1.120261129690347, 44.818256154263985 ], [ -1.120513952793279, 44.818260316728981 ], [ -1.120519800571776, 44.81808036945489 ], [ -1.122036735628167, 44.818105332342043 ], [ -1.122030892562667, 44.818285279771899 ], [ -1.123042186838659, 44.818301910612782 ], [ -1.123030506827322, 44.818661805661172 ], [ -1.122777681605098, 44.818657648738188 ], [ -1.122748476690268, 44.819557386119342 ], [ -1.12249564759514, 44.819553228507246 ], [ -1.122478121631969, 44.820093070782598 ], [ -1.12222529023494, 44.820088912533265 ], [ -1.122219447352021, 44.820268859919828 ], [ -1.121966615224222, 44.820264701085108 ], [ -1.121960771500898, 44.820444648439455 ], [ -1.121707938642334, 44.820440489019376 ], [ -1.121696249460014, 44.82080038365725 ], [ -1.121443415085079, 44.820796223625827 ], [ -1.121437569626063, 44.820976170909375 ], [ -1.124977266860738, 44.821034360803843 ], [ -1.124983101321145, 44.820854413157228 ], [ -1.125235936463051, 44.820858565356531 ], [ -1.125230102788263, 44.821038513029087 ], [ -1.125735774807489, 44.821046815801189 ], [ -1.125741606911036, 44.820866868076862 ], [ -1.125488771659684, 44.820862716996423 ], [ -1.125494604494131, 44.820682769291693 ], [ -1.126000273480322, 44.820691070841349 ], [ -1.126006104688836, 44.820511123078553 ], [ -1.127017440175196, 44.820527719361046 ], [ -1.127005783988361, 44.820887615087443 ], [ -1.127258619567885, 44.820891762811243 ], [ -1.127252792178075, 44.821071710690916 ], [ -1.129528321923688, 44.821109015262891 ] ], [ [ -1.123718926432807, 44.820833643769049 ], [ -1.123213256860827, 44.820825332097719 ], [ -1.123219096765768, 44.820645384626268 ], [ -1.12372476476653, 44.820653696245735 ], [ -1.123718926432807, 44.820833643769049 ] ], [ [ -1.13158008836916, 44.820242395181772 ], [ -1.131327255003724, 44.820238257071836 ], [ -1.1313330695507, 44.820058308747143 ], [ -1.131585902130538, 44.820062446831265 ], [ -1.13158008836916, 44.820242395181772 ] ], [ [ -1.113881884927704, 44.819951376471245 ], [ -1.113123396505241, 44.819938842984492 ], [ -1.113129267613664, 44.819758896527922 ], [ -1.112623610511841, 44.81975053812522 ], [ -1.112629483136274, 44.819570591714502 ], [ -1.112376655453541, 44.819566411700109 ], [ -1.11238252880842, 44.819386465309194 ], [ -1.111876875179336, 44.819378103654387 ], [ -1.111888624865894, 44.819018210957971 ], [ -1.111635799705068, 44.819014029343634 ], [ -1.11167692737044, 44.817754404890309 ], [ -1.111929747032831, 44.817758586322022 ], [ -1.111935621407669, 44.817578639920228 ], [ -1.112188440339706, 44.817582820766482 ], [ -1.112200187353159, 44.817222927891848 ], [ -1.112453004769395, 44.817227108126581 ], [ -1.112458877408031, 44.817047161653754 ], [ -1.112711694093916, 44.817051341303028 ], [ -1.112729309323005, 44.816511501768467 ], [ -1.112982123707692, 44.816515680780178 ], [ -1.112976252805166, 44.816695627324059 ], [ -1.113229068030349, 44.816699805802493 ], [ -1.113240808209495, 44.816339912656275 ], [ -1.113493621918912, 44.816344090523202 ], [ -1.113522967476166, 44.815444357417086 ], [ -1.113775777313681, 44.815448534594367 ], [ -1.113793381631269, 44.814908694576907 ], [ -1.114046189167743, 44.814912871116704 ], [ -1.114063790633886, 44.814373030964326 ], [ -1.114316595869374, 44.814377206866673 ], [ -1.114328328334302, 44.814017313348167 ], [ -1.114581132054172, 44.814021488639099 ], [ -1.114586997418777, 44.813841541844326 ], [ -1.114839800408354, 44.813845716549892 ], [ -1.114851529401899, 44.81348582288939 ], [ -1.115104330875887, 44.813489996983591 ], [ -1.115110194504848, 44.813310050117842 ], [ -1.115615796047236, 44.813318396576292 ], [ -1.115621658050621, 44.813138449652151 ], [ -1.115874458119017, 44.813142622016436 ], [ -1.115880319282136, 44.812962675059993 ], [ -1.116891516964337, 44.812979358820158 ], [ -1.116897374931379, 44.812799411753311 ], [ -1.1179085703517, 44.812816086460977 ], [ -1.117902715525762, 44.812996033631848 ], [ -1.118408315136036, 44.813004367682012 ], [ -1.118402461825748, 44.813184314898592 ], [ -1.118655262498537, 44.813188481110728 ], [ -1.11864355728383, 44.813548375576993 ], [ -1.119149161935294, 44.813556706427434 ], [ -1.119143310816207, 44.813736653703081 ], [ -1.119396114009585, 44.813740818315331 ], [ -1.119384413177387, 44.814100712899709 ], [ -1.118878803704237, 44.814092383011989 ], [ -1.11886124733229, 44.814632224685454 ], [ -1.118608440322041, 44.814628058824646 ], [ -1.118579174677314, 44.815527794691178 ], [ -1.118326363795134, 44.815523628141065 ], [ -1.118297092850667, 44.816423363720233 ], [ -1.118549907659868, 44.816427530400297 ], [ -1.118520639269621, 44.817327265952009 ], [ -1.118267820533216, 44.817323099141959 ], [ -1.118256111221783, 44.817682993266565 ], [ -1.118003290969368, 44.8176788258451 ], [ -1.117997435445791, 44.817858772871972 ], [ -1.117744614462831, 44.817854604865168 ], [ -1.117732901679903, 44.818214498847986 ], [ -1.117480079180909, 44.818210330229789 ], [ -1.117474221921538, 44.818390277185721 ], [ -1.117221398691993, 44.818386107982136 ], [ -1.117215540592168, 44.818566054905752 ], [ -1.116962716632077, 44.818561885116772 ], [ -1.116950998696529, 44.818921778893156 ], [ -1.116698173220371, 44.818917608492697 ], [ -1.116686453493904, 44.819277502191838 ], [ -1.116433626501662, 44.819273331179957 ], [ -1.116427765770429, 44.81945327799405 ], [ -1.11617493804763, 44.819449106396775 ], [ -1.11616907647587, 44.819629053178517 ], [ -1.115663419624156, 44.819620708253666 ], [ -1.1156575564263, 44.819800654977072 ], [ -1.113887753679465, 44.819771429936445 ], [ -1.113881884927704, 44.819951376471245 ] ], [ [ -1.1313330695507, 44.820058308747143 ], [ -1.131080237025412, 44.82005417010356 ], [ -1.131091867526897, 44.819694273486967 ], [ -1.131344698481012, 44.819698412078878 ], [ -1.1313330695507, 44.820058308747143 ] ], [ [ -1.123812333200116, 44.817954482640694 ], [ -1.123306688765834, 44.817946171799093 ], [ -1.123312527794263, 44.817766224226922 ], [ -1.123818170657567, 44.817774535016689 ], [ -1.123812333200116, 44.817954482640694 ] ], [ [ -1.123312527794263, 44.817766224226922 ], [ -1.123059706444772, 44.817762067992959 ], [ -1.123065546203907, 44.817582120440427 ], [ -1.123318366767917, 44.817586276648456 ], [ -1.123312527794263, 44.817766224226922 ] ], [ [ -1.113258418065217, 44.815800072889679 ], [ -1.113005606767061, 44.815795894541608 ], [ -1.113011477394223, 44.815615947966236 ], [ -1.113264287906994, 44.815620126288209 ], [ -1.113258418065217, 44.815800072889679 ] ], [ [ -1.115110194504848, 44.813310050117842 ], [ -1.114857393816156, 44.813305876049704 ], [ -1.114863258175399, 44.813125929203714 ], [ -1.115116058078805, 44.813130103245825 ], [ -1.115110194504848, 44.813310050117842 ] ], [ [ -1.119413664846277, 44.813200976391506 ], [ -1.119160864008809, 44.81319681185721 ], [ -1.119166714963236, 44.813016864562648 ], [ -1.119419515015418, 44.813021029070995 ], [ -1.119413664846277, 44.813200976391506 ] ], [ [ -1.128372350328696, 44.809927365337096 ], [ -1.127361199319586, 44.809910784110556 ], [ -1.127367024106237, 44.809730835866731 ], [ -1.12686145049982, 44.809722541949832 ], [ -1.126855624142833, 44.809902490141923 ], [ -1.126602836636434, 44.809898342318746 ], [ -1.126614490866081, 44.809538445980053 ], [ -1.126361704984665, 44.809534297649428 ], [ -1.126373360565973, 44.809174401337351 ], [ -1.126626144877091, 44.809178549616213 ], [ -1.126631971800607, 44.80899860142484 ], [ -1.126884755381248, 44.809002749118612 ], [ -1.126890581464978, 44.808822800895079 ], [ -1.126637798669466, 44.808818653227178 ], [ -1.126672758734846, 44.807738963909109 ], [ -1.126925536819732, 44.807743111421722 ], [ -1.126937188167475, 44.807383214880296 ], [ -1.127189964736856, 44.807387361781991 ], [ -1.127195789543697, 44.80720741347595 ], [ -1.127448565382652, 44.807211559792599 ], [ -1.127442741360877, 44.807391508124503 ], [ -1.127695518039525, 44.807395653907811 ], [ -1.127701341276236, 44.807215705550064 ], [ -1.12820689322726, 44.807223995387446 ], [ -1.128212714839231, 44.807044046971662 ], [ -1.128465490111598, 44.807048191025736 ], [ -1.128453848403179, 44.807408087902715 ], [ -1.128706625300273, 44.807412231449348 ], [ -1.128700805149238, 44.807592179904226 ], [ -1.128953582886004, 44.807596322917512 ], [ -1.128947763465458, 44.807776271391987 ], [ -1.129453320672908, 44.807784555792665 ], [ -1.129470774060324, 44.807244710195313 ], [ -1.130229103215067, 44.807257132369855 ], [ -1.130223287829047, 44.807437080986112 ], [ -1.130476065108141, 44.807441220618436 ], [ -1.130464435742618, 44.807801117883706 ], [ -1.129706099358495, 44.807788697154201 ], [ -1.129694465064217, 44.808148594239348 ], [ -1.130200025739467, 44.8081568753882 ], [ -1.130205841343687, 44.807976926797096 ], [ -1.130458620978043, 44.807981066506926 ], [ -1.130452806158923, 44.808161015123851 ], [ -1.130958367161462, 44.80816929291754 ], [ -1.130964180410375, 44.807989344248966 ], [ -1.131216960208341, 44.807993482281205 ], [ -1.13119952265334, 44.808533328345462 ], [ -1.130946740500044, 44.808529190235788 ], [ -1.130935113620505, 44.808889087528925 ], [ -1.130429546336996, 44.808880809528617 ], [ -1.130435361374297, 44.808700860936874 ], [ -1.129929795879239, 44.808692580751398 ], [ -1.129923979271677, 44.80887252929152 ], [ -1.129671195820857, 44.808868388334119 ], [ -1.129665378373595, 44.809048336842089 ], [ -1.129159810065393, 44.809040053198011 ], [ -1.129165629082926, 44.808860104741711 ], [ -1.128912845795832, 44.808855962106691 ], [ -1.128883746236569, 44.809755704196014 ], [ -1.128378171974671, 44.809747416989815 ], [ -1.128372350328696, 44.809927365337096 ] ], [ [ -1.131475551685017, 44.807817671027749 ], [ -1.130717214646421, 44.807805257008511 ], [ -1.130728842441776, 44.807445359691584 ], [ -1.130981619829946, 44.807449498205543 ], [ -1.130975806744616, 44.80762944689296 ], [ -1.131481363254693, 44.80763772229497 ], [ -1.131475551685017, 44.807817671027749 ] ], [ [ -1.121181776184109, 44.80548820468438 ], [ -1.120929008778391, 44.805484044622062 ], [ -1.120940696493741, 44.805124149173579 ], [ -1.121193462329514, 44.80512830918402 ], [ -1.121199305320006, 44.804948361424366 ], [ -1.121452070425625, 44.80495252084971 ], [ -1.121457912576356, 44.804772573057839 ], [ -1.121710676951817, 44.804776731898116 ], [ -1.121716518262804, 44.804596784073986 ], [ -1.122222045608192, 44.804605100025242 ], [ -1.122227885294508, 44.804425152142947 ], [ -1.122986174368559, 44.804437621798648 ], [ -1.122992011645292, 44.804257673832254 ], [ -1.123244773994552, 44.804261829240019 ], [ -1.123233100956212, 44.804621725218354 ], [ -1.122980337037069, 44.804617569758747 ], [ -1.122968662209837, 44.80497746566008 ], [ -1.12271589677554, 44.804973309589528 ], [ -1.122710058494826, 44.805153257504834 ], [ -1.122457292330326, 44.805149100849171 ], [ -1.122463131396004, 44.804969152959814 ], [ -1.121957600801246, 44.804960838023021 ], [ -1.12195176016564, 44.805140785860516 ], [ -1.12169899416547, 44.805136627527475 ], [ -1.12169315269011, 44.805316575332704 ], [ -1.121187619284215, 44.805308256937359 ], [ -1.121181776184109, 44.80548820468438 ] ], [ [ -1.123738628958725, 44.80463003446016 ], [ -1.123485864930099, 44.804625880118813 ], [ -1.123491700691698, 44.80444593210688 ], [ -1.123744463935379, 44.804450086422278 ], [ -1.123738628958725, 44.80463003446016 ] ], [ [ -1.130327956432006, 44.804198004931465 ], [ -1.130075193337628, 44.804193865204894 ], [ -1.13008100852681, 44.804013916501319 ], [ -1.130333770836249, 44.804018056202025 ], [ -1.130327956432006, 44.804198004931465 ] ], [ [ -1.116426067433803, 44.803969489685258 ], [ -1.115162267566019, 44.803948631705694 ], [ -1.115168129065521, 44.803768684532137 ], [ -1.114915370041774, 44.803764511284967 ], [ -1.114921232271191, 44.803584564131171 ], [ -1.114668474087324, 44.803580390350952 ], [ -1.114686062800305, 44.803040548929914 ], [ -1.114938818629534, 44.803044722632009 ], [ -1.114944680639015, 44.802864775453031 ], [ -1.115197435738361, 44.802868948570001 ], [ -1.115203296908002, 44.802689001358701 ], [ -1.115961560181291, 44.802701517277093 ], [ -1.115967418941401, 44.802521569981387 ], [ -1.116472926495328, 44.80252991107956 ], [ -1.116478783630794, 44.802349963725497 ], [ -1.117237043019155, 44.802362471101652 ], [ -1.117248752416261, 44.802002576218577 ], [ -1.117501504085878, 44.802006744173802 ], [ -1.117495650199617, 44.802186691644494 ], [ -1.118253907892379, 44.8021991922338 ], [ -1.118248056305738, 44.802379139776171 ], [ -1.118500809764616, 44.802383305547124 ], [ -1.118494958907942, 44.802563253109206 ], [ -1.11874771320655, 44.802567418347053 ], [ -1.118730162661853, 44.803107261073485 ], [ -1.118477406008646, 44.803103095757642 ], [ -1.118471554932454, 44.80328304329457 ], [ -1.118218797549248, 44.803278877393666 ], [ -1.118212945633287, 44.803458824898286 ], [ -1.117707429461771, 44.803450491367201 ], [ -1.117701575921132, 44.803630438813499 ], [ -1.116943299720977, 44.803617934245686 ], [ -1.116937443770734, 44.803797881607665 ], [ -1.116431925008784, 44.80378954238158 ], [ -1.116426067433803, 44.803969489685258 ] ], [ [ -1.12276260104988, 44.80353372604057 ], [ -1.121751564978164, 44.803517096997041 ], [ -1.121757405905636, 44.803337149128865 ], [ -1.12150464780955, 44.803332990496166 ], [ -1.121510489467126, 44.803153042647644 ], [ -1.121257732210722, 44.803148883481796 ], [ -1.121275259209317, 44.802609039976289 ], [ -1.121528014111101, 44.802613199064268 ], [ -1.121539696933134, 44.802253303310529 ], [ -1.122045203761642, 44.802261619705469 ], [ -1.122051043520784, 44.802081671767297 ], [ -1.122809301819798, 44.802094142088826 ], [ -1.122803464415195, 44.802274090104824 ], [ -1.123056218075894, 44.802278245786439 ], [ -1.123050381401395, 44.80245819382209 ], [ -1.123303135901693, 44.802462348970565 ], [ -1.123279791795729, 44.80318214115384 ], [ -1.123027034155935, 44.803177985901662 ], [ -1.123021197207701, 44.803357933905843 ], [ -1.122768438837761, 44.803353778068647 ], [ -1.12276260104988, 44.80353372604057 ] ], [ [ -1.113210600348924, 44.801755865867776 ], [ -1.112957850398649, 44.801751688434535 ], [ -1.112975453942847, 44.801211847371654 ], [ -1.113228201538717, 44.801216024726692 ], [ -1.113210600348924, 44.801755865867776 ] ], [ [ -1.130932293553878, 44.801147152573343 ], [ -1.130679543693421, 44.801143014403976 ], [ -1.130691169023658, 44.80078311667333 ], [ -1.130943917314491, 44.800787254791054 ], [ -1.130932293553878, 44.801147152573343 ] ], [ [ -1.11806552773682, 44.800215602833838 ], [ -1.117812783805349, 44.800211436256724 ], [ -1.117824488745607, 44.799851541118493 ], [ -1.117319004186346, 44.799843206391166 ], [ -1.117324858143617, 44.799663258864626 ], [ -1.117830341133402, 44.799671593539941 ], [ -1.117842045744318, 44.799311698363937 ], [ -1.118094785752092, 44.799315864811106 ], [ -1.118083082710634, 44.799675760039086 ], [ -1.118588566029741, 44.799684091360298 ], [ -1.118582715996168, 44.799864039016803 ], [ -1.118077231107579, 44.799855707643623 ], [ -1.11806552773682, 44.800215602833838 ] ], [ [ -1.118594416008443, 44.799504143697447 ], [ -1.118341675106186, 44.799499978342347 ], [ -1.11834752581475, 44.799320030699221 ], [ -1.11860026593228, 44.799324196028337 ], [ -1.118594416008443, 44.799504143697447 ] ], [ [ -1.127199285714365, 44.799285536045041 ], [ -1.126946544520213, 44.799281389748494 ], [ -1.126952368438484, 44.799101441211093 ], [ -1.127205108847901, 44.799105587481769 ], [ -1.127199285714365, 44.799285536045041 ] ], [ [ -1.12828008736968, 44.797142731225435 ], [ -1.128027355373444, 44.797138587475231 ], [ -1.128033175497691, 44.79695863875893 ], [ -1.12828590670928, 44.796962782483263 ], [ -1.12828008736968, 44.797142731225435 ] ], [ [ -1.123995316164839, 44.796712314840249 ], [ -1.123742586666851, 44.796708161639231 ], [ -1.123748420020581, 44.796528213350392 ], [ -1.124001148733949, 44.79653236652549 ], [ -1.123995316164839, 44.796712314840249 ] ], [ [ -1.124765165362799, 44.79636487429817 ], [ -1.12451243726996, 44.796360722825888 ], [ -1.124518268160448, 44.796180774446725 ], [ -1.124770995468678, 44.796184925893108 ], [ -1.124765165362799, 44.79636487429817 ] ], [ [ -1.108091110765272, 44.795909731477217 ], [ -1.10783838708214, 44.795905543140179 ], [ -1.107856034771007, 44.795365703116637 ], [ -1.108108756100479, 44.795369891375294 ], [ -1.108120519381468, 44.795009997942472 ], [ -1.108373239197033, 44.795014185589949 ], [ -1.108349715552571, 44.795733972534869 ], [ -1.108096992598837, 44.795729784782878 ], [ -1.108091110765272, 44.795909731477217 ] ], [ [ -1.124018646113061, 44.795992521543418 ], [ -1.123765919753514, 44.795988368446061 ], [ -1.123771752888408, 44.795808420132019 ], [ -1.124024478463363, 44.795812573203456 ], [ -1.124018646113061, 44.795992521543418 ] ], [ [ -1.124529929777365, 44.795820877669478 ], [ -1.124024478463363, 44.795812573203456 ], [ -1.124030310758963, 44.795632624857227 ], [ -1.124535760503792, 44.795640929271435 ], [ -1.124529929777365, 44.795820877669478 ] ], [ [ -1.121497225176551, 44.795771017336214 ], [ -1.12099177517624, 44.795762699455366 ], [ -1.120997616886819, 44.795582751420291 ], [ -1.121250341075007, 44.795586910614247 ], [ -1.121256181946229, 44.795406962546963 ], [ -1.121761628917793, 44.795415279206139 ], [ -1.121755789615716, 44.795595227325315 ], [ -1.121503065317974, 44.795591069249248 ], [ -1.121497225176551, 44.795771017336214 ] ], [ [ -1.120997616886819, 44.795582751420291 ], [ -1.120744892753422, 44.795578591667415 ], [ -1.120750735193785, 44.795398643652028 ], [ -1.121003458542613, 44.795402803378963 ], [ -1.120997616886819, 44.795582751420291 ] ], [ [ -1.111394138400732, 44.795424287875122 ], [ -1.111141416354721, 44.795420106882595 ], [ -1.111147288608288, 44.795240159856029 ], [ -1.111400009869754, 44.795244340822492 ], [ -1.111394138400732, 44.795424287875122 ] ], [ [ -1.110888694363781, 44.795415925331092 ], [ -1.110635972427925, 44.795411743220676 ], [ -1.110641846250584, 44.795231796246263 ], [ -1.110894567401894, 44.795235978330616 ], [ -1.110888694363781, 44.795415925331092 ] ], [ [ -1.112663617002936, 44.795265237270904 ], [ -1.11241089546621, 44.795261059099083 ], [ -1.112416763742004, 44.795081111935822 ], [ -1.112669484494188, 44.795085290081566 ], [ -1.112663617002936, 44.795265237270904 ] ], [ [ -1.111147288608288, 44.795240159856029 ], [ -1.110894567401894, 44.795235978330616 ], [ -1.11090631331288, 44.794876084310779 ], [ -1.111159032950204, 44.794880265784009 ], [ -1.111147288608288, 44.795240159856029 ] ], [ [ -1.132129147105856, 44.795405328821495 ], [ -1.131876422137928, 44.795401193714078 ], [ -1.131882229947669, 44.795221244547434 ], [ -1.131629505818792, 44.795217108906854 ], [ -1.131635314358639, 44.79503715975973 ], [ -1.132140761101709, 44.795045430430292 ], [ -1.132129147105856, 44.795405328821495 ] ], [ [ -1.129854624356063, 44.795368092732552 ], [ -1.129601899878635, 44.795363952594592 ], [ -1.129625159035257, 44.794644156819693 ], [ -1.130130601768109, 44.794652436330018 ], [ -1.13013641485183, 44.794472487318899 ], [ -1.130389135515489, 44.794476626209864 ], [ -1.130383323216318, 44.794656575246798 ], [ -1.130636044719038, 44.794660713604621 ], [ -1.130630233149911, 44.79484066266108 ], [ -1.131135677887978, 44.794848937751574 ], [ -1.131124057724483, 44.79520883594892 ], [ -1.129860438442444, 44.795188143772435 ], [ -1.129854624356063, 44.795368092732552 ] ], [ [ -1.112928071953085, 44.794909520446708 ], [ -1.112675351930407, 44.794905342885954 ], [ -1.1126812193116, 44.794725395684011 ], [ -1.11293393854975, 44.79472957321871 ], [ -1.112928071953085, 44.794909520446708 ] ], [ [ -1.131635314358639, 44.79503715975973 ], [ -1.131382591068815, 44.795033023586022 ], [ -1.131388400338751, 44.794853074458388 ], [ -1.131641122844008, 44.79485721060631 ], [ -1.131635314358639, 44.79503715975973 ] ], [ [ -1.134421073995644, 44.794902671342925 ], [ -1.134168350891554, 44.794898541343414 ], [ -1.134174151476816, 44.794718591925822 ], [ -1.13442687379634, 44.794722721899575 ], [ -1.134421073995644, 44.794902671342925 ] ], [ [ -1.133686113137661, 44.79417048216564 ], [ -1.133433393335014, 44.794166350592398 ], [ -1.133462406397129, 44.793266603702456 ], [ -1.133715122277172, 44.793270735146805 ], [ -1.133726725552089, 44.792910836295263 ], [ -1.133979439917552, 44.792914967129157 ], [ -1.133962037277059, 44.793454815474348 ], [ -1.134214754050425, 44.793458945826636 ], [ -1.134208953845965, 44.793638895288247 ], [ -1.134461671458244, 44.7936430251074 ], [ -1.134467470878189, 44.793463075620011 ], [ -1.135478338733079, 44.793479589204381 ], [ -1.1354725424512, 44.793659538794749 ], [ -1.135725260335362, 44.793663665819302 ], [ -1.135719464783647, 44.793843615429203 ], [ -1.135466746114959, 44.793839488378886 ], [ -1.135460949724356, 44.794019437956699 ], [ -1.134197353273848, 44.793998794192575 ], [ -1.134203153587107, 44.793818844743548 ], [ -1.133950435244703, 44.79381471433971 ], [ -1.133956236288083, 44.79363476491018 ], [ -1.133703518784608, 44.793630633973173 ], [ -1.133686113137661, 44.79417048216564 ] ], [ [ -1.125863477054443, 44.793682246307334 ], [ -1.125105327589056, 44.793669798086199 ], [ -1.125111156090306, 44.793489849560856 ], [ -1.12485844049566, 44.79348569906189 ], [ -1.124881757091967, 44.792765905001133 ], [ -1.125639894626106, 44.792778354510595 ], [ -1.125622414321182, 44.793318200298629 ], [ -1.125875129295302, 44.793322349094993 ], [ -1.125863477054443, 44.793682246307334 ] ], [ [ -1.121073554138893, 44.79324342639174 ], [ -1.119051844196876, 44.79321013541859 ], [ -1.119057691416261, 44.79303018750312 ], [ -1.118552266047935, 44.793021859222819 ], [ -1.118558114781407, 44.792841911352994 ], [ -1.11830540296398, 44.792837746400494 ], [ -1.118311252427056, 44.792657798550366 ], [ -1.118058541448939, 44.792653633064965 ], [ -1.118070241779397, 44.792293737397813 ], [ -1.117817532425033, 44.792289571405519 ], [ -1.117870188255965, 44.790670040825681 ], [ -1.118122890550721, 44.790674206584058 ], [ -1.118128740139897, 44.790494258684369 ], [ -1.118381441705146, 44.790498423857905 ], [ -1.118387290455106, 44.790318475925929 ], [ -1.118639991290849, 44.790322640514667 ], [ -1.118645839201607, 44.790142692550411 ], [ -1.118898539307841, 44.79014685655428 ], [ -1.118904386379413, 44.789966908557801 ], [ -1.120673283167605, 44.789996040755767 ], [ -1.120667441586461, 44.790175988934038 ], [ -1.121425543384917, 44.790188465857071 ], [ -1.12141970410206, 44.790368414106915 ], [ -1.121672405595436, 44.790372571989522 ], [ -1.121666567042184, 44.790552520259006 ], [ -1.121919269374681, 44.790556677608691 ], [ -1.121913431551047, 44.790736625897843 ], [ -1.122166134722669, 44.790740782714629 ], [ -1.122160297628665, 44.790920731023398 ], [ -1.12241300163941, 44.790924887307241 ], [ -1.122372145939456, 44.792184525473992 ], [ -1.122119436437827, 44.792180369008612 ], [ -1.12210192367771, 44.792720213765016 ], [ -1.121849211877486, 44.792716056662925 ], [ -1.12184337339682, 44.792896004876518 ], [ -1.12159066086689, 44.792891847189601 ], [ -1.121584821546998, 44.793071795370984 ], [ -1.121079395082502, 44.793063478268579 ], [ -1.121073554138893, 44.79324342639174 ] ], [ [ -1.135742646664384, 44.793123816951997 ], [ -1.135489931133753, 44.793119690004708 ], [ -1.13550152331699, 44.792759790779904 ], [ -1.13600695129463, 44.792768044012597 ], [ -1.136001156799168, 44.792947993679626 ], [ -1.135748441998685, 44.792943867316993 ], [ -1.135742646664384, 44.793123816951997 ] ], [ [ -1.13701201654448, 44.792964493541092 ], [ -1.136506586563164, 44.792956244728174 ], [ -1.136512379489645, 44.792776295009681 ], [ -1.137017807901975, 44.792784543771113 ], [ -1.13701201654448, 44.792964493541092 ] ], [ [ -1.134990297923369, 44.792931484875638 ], [ -1.134484868811685, 44.792923227120212 ], [ -1.134490668014072, 44.792743277607705 ], [ -1.134996095556784, 44.792751535311602 ], [ -1.134990297923369, 44.792931484875638 ] ], [ [ -1.136518172361794, 44.792596345284856 ], [ -1.136265459021602, 44.792592220091507 ], [ -1.136271252623899, 44.792412270386158 ], [ -1.136523965179616, 44.792416395553751 ], [ -1.136518172361794, 44.792596345284856 ] ], [ [ -1.137328424932867, 44.790989169010643 ], [ -1.137075718489746, 44.790985045725577 ], [ -1.137081509249818, 44.790805095886448 ], [ -1.137334214908527, 44.790809219145814 ], [ -1.137328424932867, 44.790989169010643 ] ], [ [ -1.131533614381606, 44.790354344224255 ], [ -1.131028208758079, 44.790346071542167 ], [ -1.131034018180394, 44.790166122302658 ], [ -1.131286720180546, 44.790170258897327 ], [ -1.131292528764013, 44.789990309625722 ], [ -1.131797931358995, 44.789998581086905 ], [ -1.131803738319265, 44.789818631757427 ], [ -1.132056438914087, 44.789822766623942 ], [ -1.132068051102549, 44.789462867894478 ], [ -1.131562653104766, 44.789454597705806 ], [ -1.131568460686, 44.78927464838327 ], [ -1.13131576255314, 44.78927051247647 ], [ -1.131321570864241, 44.789090563173438 ], [ -1.130816176330606, 44.789082289735006 ], [ -1.130810366450844, 44.789262238986396 ], [ -1.130557668481422, 44.789258101403128 ], [ -1.130569289755111, 44.788898202945653 ], [ -1.131074682611139, 44.788906477450119 ], [ -1.131080491597614, 44.788726528160318 ], [ -1.131838578937271, 44.788738935648439 ], [ -1.131844385516341, 44.788558986274928 ], [ -1.132097080620835, 44.788563120960852 ], [ -1.132102886361149, 44.788383171555267 ], [ -1.132608275164864, 44.788391439199053 ], [ -1.13259666676702, 44.788751338107119 ], [ -1.132849362819146, 44.788755471142387 ], [ -1.132837755772218, 44.789115370076885 ], [ -1.133090453447419, 44.789119502604876 ], [ -1.13307884775146, 44.789479401565771 ], [ -1.133331547049759, 44.789483533586512 ], [ -1.133325744904498, 44.789663483083324 ], [ -1.133073044821849, 44.789659351036811 ], [ -1.133067241837818, 44.789839300501534 ], [ -1.132814541025232, 44.7898351678704 ], [ -1.132808737202415, 44.790015117303078 ], [ -1.132303334171815, 44.790006850312686 ], [ -1.132297528725825, 44.790186799687483 ], [ -1.131539422235172, 44.790174394933153 ], [ -1.131533614381606, 44.790354344224255 ] ], [ [ -1.13457185113704, 44.790223983772499 ], [ -1.134319148429292, 44.790219854442931 ], [ -1.134330746716922, 44.789859955274551 ], [ -1.134583447855928, 44.789864084552612 ], [ -1.13457185113704, 44.790223983772499 ] ], [ [ -1.128559354115943, 44.78850518450546 ], [ -1.128306659774479, 44.788501041996106 ], [ -1.128312477279274, 44.788321092977853 ], [ -1.128059783776662, 44.788316949935528 ], [ -1.128065602011187, 44.788137000936835 ], [ -1.127812909347425, 44.788132857361568 ], [ -1.127818728311665, 44.787952908382401 ], [ -1.128071420191149, 44.787957051931848 ], [ -1.128077238316549, 44.787777102920579 ], [ -1.128329929466324, 44.787781245885348 ], [ -1.128318294729513, 44.788141143953311 ], [ -1.128570987502396, 44.788145286410987 ], [ -1.128559354115943, 44.78850518450546 ] ], [ [ -1.132637295206925, 44.787491691818879 ], [ -1.132384604699262, 44.787487558405338 ], [ -1.132390409328645, 44.787307608936239 ], [ -1.132643099052049, 44.787311742323993 ], [ -1.132637295206925, 44.787491691818879 ] ], [ [ -1.120766741015813, 44.787116869047054 ], [ -1.120261366756594, 44.787108549186705 ], [ -1.120267208974955, 44.78692860095331 ], [ -1.120772581665728, 44.786936920761725 ], [ -1.120766741015813, 44.787116869047054 ] ], [ [ -1.13795538312637, 44.787218464342523 ], [ -1.137702693045785, 44.787214342715281 ], [ -1.137720057036621, 44.786674492628826 ], [ -1.137972744764454, 44.786678614178939 ], [ -1.13796695760603, 44.786858564239743 ], [ -1.13821964617238, 44.786862685256786 ], [ -1.138213859743938, 44.787042635337023 ], [ -1.137961170393338, 44.787038514294281 ], [ -1.13795538312637, 44.787218464342523 ] ], [ [ -1.10928421475939, 44.782606214930937 ], [ -1.108778883192813, 44.782597844916928 ], [ -1.108790637075937, 44.782237950536917 ], [ -1.108537972943338, 44.78223376474412 ], [ -1.108543850586239, 44.782053817570791 ], [ -1.108291187292759, 44.782049631245421 ], [ -1.108344090654401, 44.780430106636793 ], [ -1.10859674689219, 44.780434292727072 ], [ -1.108602623983959, 44.780254345490675 ], [ -1.10885527949293, 44.7802585309962 ], [ -1.108861155745664, 44.78007858372743 ], [ -1.109113810525816, 44.780082768648199 ], [ -1.109119685939535, 44.779902821346987 ], [ -1.109624994097282, 44.779911189460414 ], [ -1.109636741623816, 44.779551294734674 ], [ -1.109889394217498, 44.779555477901241 ], [ -1.109877648258778, 44.779915372679177 ], [ -1.110888265455409, 44.779932099967908 ], [ -1.110882395529114, 44.780112047451802 ], [ -1.111387706025556, 44.780120407796545 ], [ -1.111381837612074, 44.78030035532629 ], [ -1.11163449372677, 44.780304534686792 ], [ -1.111628626042197, 44.780484482236318 ], [ -1.11188128299585, 44.780488661064233 ], [ -1.111869549029531, 44.78084855619651 ], [ -1.112122207606098, 44.780852734517957 ], [ -1.112092875647376, 44.781752472368744 ], [ -1.111840213150937, 44.781748293916969 ], [ -1.111834345810162, 44.781928241442159 ], [ -1.111581682584749, 44.781924062405636 ], [ -1.111575814404951, 44.782104009898468 ], [ -1.110312495183434, 44.782083106205363 ], [ -1.110306623028567, 44.782263053561437 ], [ -1.10954862980436, 44.782250504563223 ], [ -1.109542755242387, 44.782430451834728 ], [ -1.10929009016047, 44.782426267691839 ], [ -1.10928421475939, 44.782606214930937 ] ], [ [ -1.117945066371191, 44.780588785340775 ], [ -1.117439749882056, 44.780580453941333 ], [ -1.117451449134938, 44.780220557638394 ], [ -1.117198792540542, 44.780216391152685 ], [ -1.117204642868639, 44.780036443017771 ], [ -1.116951987113038, 44.780032275999432 ], [ -1.116969540119941, 44.779492431634871 ], [ -1.116716886770967, 44.779488264135921 ], [ -1.116722738447442, 44.779308316027802 ], [ -1.116975391012513, 44.779312483500775 ], [ -1.116981241850219, 44.77913253536039 ], [ -1.117233893686254, 44.779136702248756 ], [ -1.117239743685207, 44.778956754076034 ], [ -1.117492394792204, 44.778960920379774 ], [ -1.117468997602868, 44.77968071313677 ], [ -1.117721651900329, 44.779684878985854 ], [ -1.117704105784185, 44.780224723565468 ], [ -1.11795676248828, 44.780228888933877 ], [ -1.117945066371191, 44.780588785340775 ] ], [ [ -1.11774504595405, 44.778965086124892 ], [ -1.117492394792204, 44.778960920379774 ], [ -1.117498243952418, 44.778780972174808 ], [ -1.117750894330377, 44.778785137893919 ], [ -1.11774504595405, 44.778965086124892 ] ], [ [ -1.114207934682038, 44.778906714859019 ], [ -1.11395528428873, 44.778902541293263 ], [ -1.11396114442327, 44.778722593452535 ], [ -1.114213794032701, 44.778726766992257 ], [ -1.114207934682038, 44.778906714859019 ] ], [ [ -1.119783783373795, 44.778458546640245 ], [ -1.119531134125076, 44.778454385441982 ], [ -1.119536976849824, 44.778274437010289 ], [ -1.119789625314674, 44.778278598182581 ], [ -1.119783783373795, 44.778458546640245 ] ] ] } },
{ "type": "Feature", "properties": { "surface_ha": 4.88 }, "geometry": { "type": "Polygon", "coordinates": [ [ [ -1.151847709300337, 44.771780315119244 ], [ -1.151859191276146, 44.771420411208602 ], [ -1.151606568102375, 44.771416321469829 ], [ -1.151618051430134, 44.771056417585129 ], [ -1.152123294696971, 44.77106459640207 ], [ -1.15211755462727, 44.771244548398585 ], [ -1.152370177125055, 44.771248636994841 ], [ -1.152393133946451, 44.770528828869061 ], [ -1.152645753363563, 44.770532916804733 ], [ -1.152668706189606, 44.769813108476548 ], [ -1.152921322526152, 44.769817195751742 ], [ -1.152932797049218, 44.769457291498995 ], [ -1.152680182279815, 44.769453204274804 ], [ -1.152674444261611, 44.769633156378809 ], [ -1.15242182876244, 44.769629068570637 ], [ -1.152433306312171, 44.769269164407369 ], [ -1.152685920244217, 44.769273252164517 ], [ -1.152691658154821, 44.769093300047956 ], [ -1.152439045006326, 44.769089212316302 ], [ -1.152444783646675, 44.768909260218969 ], [ -1.152192171335531, 44.768905171954358 ], [ -1.15219791070561, 44.768725219876274 ], [ -1.151692687811843, 44.768717041722731 ], [ -1.151698428695164, 44.768537089689396 ], [ -1.151445818112546, 44.768532999800463 ], [ -1.151440076445696, 44.768712951808261 ], [ -1.151187465133386, 44.768708861335369 ], [ -1.151181722629169, 44.768888813311413 ], [ -1.150929110587165, 44.768884722254498 ], [ -1.150923367245563, 44.769064674198717 ], [ -1.150670754473872, 44.769060582557863 ], [ -1.150665010294872, 44.769240534470256 ], [ -1.149907169952334, 44.769228256120279 ], [ -1.149901423368814, 44.769408207949816 ], [ -1.150154037546009, 44.769412301317146 ], [ -1.150125307738057, 44.770312060498362 ], [ -1.150377925887005, 44.770316153434919 ], [ -1.150366435153892, 44.770676057114557 ], [ -1.150619054923911, 44.770680149543658 ], [ -1.150613310260162, 44.770860101399606 ], [ -1.15086593086766, 44.770864193295807 ], [ -1.150848698904107, 44.771404048902539 ], [ -1.151101321916347, 44.771408140316801 ], [ -1.151095578604425, 44.771588092198705 ], [ -1.15134820245416, 44.771592183079996 ], [ -1.151342459872034, 44.771772134981134 ], [ -1.151847709300337, 44.771780315119244 ] ] ] } },
{ "type": "Feature", "properties": { "surface_ha": 1.8 }, "geometry": { "type": "Polygon", "coordinates": [ [ [ -1.196871776674232, 44.770699835065955 ], [ -1.19687737766398, 44.770519878564514 ], [ -1.197382628994221, 44.770527857080239 ], [ -1.19738822836409, 44.770347900522779 ], [ -1.197640853324286, 44.770351888917943 ], [ -1.197646451857978, 44.770171932329355 ], [ -1.197899076086995, 44.770175920141121 ], [ -1.197904673784525, 44.769995963521389 ], [ -1.198157297282362, 44.769999950749771 ], [ -1.1981517003685, 44.770179907394358 ], [ -1.198404324702484, 44.770183894089101 ], [ -1.198409920832676, 44.770003937419617 ], [ -1.198915168090717, 44.770011909083742 ], [ -1.198920762601115, 44.769831952358253 ], [ -1.199426008501655, 44.76983992173858 ], [ -1.199431601392283, 44.76965996495715 ], [ -1.200189468285418, 44.769671914764139 ], [ -1.200195058772654, 44.769491957901892 ], [ -1.200952923786606, 44.769503902607703 ], [ -1.200969687881068, 44.768964031759886 ], [ -1.200717068508258, 44.768960050824312 ], [ -1.200711479745534, 44.769140007755006 ], [ -1.20020623958987, 44.769132044158646 ], [ -1.200200649207471, 44.769312001033398 ], [ -1.199442787016215, 44.769300051375517 ], [ -1.19943719423047, 44.769480008169438 ], [ -1.198174087709074, 44.769460080778451 ], [ -1.198168490952648, 44.769640037441796 ], [ -1.197663247144088, 44.76963206252605 ], [ -1.197657648767877, 44.769812019133397 ], [ -1.197405026158681, 44.769808030812861 ], [ -1.197399426946318, 44.769987987389072 ], [ -1.196894180318119, 44.769980009022689 ], [ -1.196888579485922, 44.770159965542881 ], [ -1.196635955466928, 44.770155975497005 ], [ -1.196630353798543, 44.770335931986068 ], [ -1.196377729048399, 44.770331941356787 ], [ -1.196372126543811, 44.770511897814657 ], [ -1.196624752077633, 44.770515888468836 ], [ -1.196619150304197, 44.770695844945394 ], [ -1.196871776674232, 44.770699835065955 ] ] ] } },
{ "type": "Feature", "properties": { "surface_ha": 2056.34 }, "geometry": { "type": "Polygon", "coordinates": [ [ [ -1.179843933397987, 44.821922282038898 ], [ -1.179849597364446, 44.821742328852224 ], [ -1.180102444209888, 44.821746359645715 ], [ -1.180108107337462, 44.821566406427614 ], [ -1.180360953450291, 44.82157043663647 ], [ -1.180366615738995, 44.821390483386999 ], [ -1.180872306552534, 44.821398542075883 ], [ -1.180877967216651, 44.821218588769831 ], [ -1.181130811917352, 44.821222617249909 ], [ -1.181119492107485, 44.821582523905988 ], [ -1.181878031242587, 44.821594606139946 ], [ -1.181889346338024, 44.821234699333083 ], [ -1.182142191251079, 44.821238725575157 ], [ -1.182153504562756, 44.820878818693046 ], [ -1.18190066122115, 44.820874792501208 ], [ -1.181906318583098, 44.820694839075884 ], [ -1.18241200374795, 44.820702890849795 ], [ -1.18241765948541, 44.820522937367954 ], [ -1.182164817662156, 44.820518911785875 ], [ -1.182170474132254, 44.820338958322921 ], [ -1.181917633147769, 44.82033493220645 ], [ -1.181928947500139, 44.819975025312011 ], [ -1.181423268833146, 44.819966971501181 ], [ -1.18141761011213, 44.820146924901273 ], [ -1.180659090152774, 44.820134839913493 ], [ -1.180664751230834, 44.819954886588818 ], [ -1.180917590378506, 44.819958915452389 ], [ -1.180923250617782, 44.819778962096287 ], [ -1.181176089032881, 44.819782990375273 ], [ -1.181181748433389, 44.819603036987793 ], [ -1.181687423851524, 44.819611091817073 ], [ -1.181693081627616, 44.819431138373069 ], [ -1.181945918630646, 44.819435164923391 ], [ -1.181951575568007, 44.819255211448002 ], [ -1.182457248161964, 44.81926326282003 ], [ -1.182508144068936, 44.817643680807848 ], [ -1.182255314815995, 44.817639655627616 ], [ -1.182260970437089, 44.817459702064546 ], [ -1.182008142022788, 44.817455676349994 ], [ -1.182013798376399, 44.817275722805761 ], [ -1.181760970800735, 44.817271696556958 ], [ -1.181766627886848, 44.817091743031597 ], [ -1.181513801149821, 44.817087716248459 ], [ -1.181519458968421, 44.81690776274197 ], [ -1.181266633070032, 44.816903735424546 ], [ -1.181272291621103, 44.816723781936915 ], [ -1.181019466561346, 44.816719754085192 ], [ -1.181025125844877, 44.816539800616454 ], [ -1.180772301623753, 44.816535772230466 ], [ -1.180777961639727, 44.816355818780607 ], [ -1.180272314927852, 44.816347760380687 ], [ -1.180266653340814, 44.816527713780268 ], [ -1.180519477455731, 44.816531743285076 ], [ -1.1805081556934, 44.816891650115736 ], [ -1.181013807224725, 44.816899707547691 ], [ -1.181002488392203, 44.817259614453874 ], [ -1.180749661028872, 44.817255585967338 ], [ -1.180755321257243, 44.817075632542497 ], [ -1.180502494732574, 44.817071603521683 ], [ -1.180496833718641, 44.817251556921384 ], [ -1.180244006461517, 44.817247527315992 ], [ -1.180232682703176, 44.817607434046309 ], [ -1.179727025205995, 44.817599373056701 ], [ -1.179732688682877, 44.817419419744965 ], [ -1.179985516619329, 44.817423450494339 ], [ -1.179991179257509, 44.817243497151189 ], [ -1.179485525008872, 44.817235435143331 ], [ -1.179479860799555, 44.817415388436167 ], [ -1.17872137746845, 44.817403291153248 ], [ -1.178715710849273, 44.817583244364343 ], [ -1.178462882392977, 44.817579210792694 ], [ -1.178457214935056, 44.817759163972347 ], [ -1.177698727528471, 44.817747059825322 ], [ -1.177704397343129, 44.817567106721143 ], [ -1.177957225639897, 44.817571141971094 ], [ -1.177962894615791, 44.817391188835508 ], [ -1.178215722180173, 44.817395223500831 ], [ -1.17822139031732, 44.817215270333811 ], [ -1.178474217149311, 44.817219304414564 ], [ -1.178485551692977, 44.816859398011403 ], [ -1.178738377007024, 44.816863431482368 ], [ -1.178744043413563, 44.816683478246262 ], [ -1.178996867995227, 44.816687511132649 ], [ -1.179002533563072, 44.816507557865101 ], [ -1.179761005270326, 44.816519653092413 ], [ -1.179766668428427, 44.816339699743132 ], [ -1.179261022141514, 44.816331636867957 ], [ -1.179266686817537, 44.816151683562715 ], [ -1.178761042314235, 44.816143618500298 ], [ -1.178772374648902, 44.815783711971669 ], [ -1.178519554048003, 44.815779678651694 ], [ -1.178530887741039, 44.815419772148395 ], [ -1.178783706770946, 44.815423805418042 ], [ -1.178789372752237, 44.815243852131815 ], [ -1.178536554507815, 44.815239818887356 ], [ -1.178542221221429, 44.815059865620043 ], [ -1.178289403815645, 44.81505583184132 ], [ -1.178295071261567, 44.814875878592943 ], [ -1.178042254694418, 44.814871844280034 ], [ -1.178059259069554, 44.814331984572796 ], [ -1.177806444911938, 44.814327949776036 ], [ -1.177823451164815, 44.813788090087996 ], [ -1.177570639416674, 44.813784054807435 ], [ -1.177581978223524, 44.813424148367815 ], [ -1.177329168099389, 44.813420112578235 ], [ -1.177340508264297, 44.813060206163932 ], [ -1.177087699764145, 44.813056169865362 ], [ -1.177082028922893, 44.813236123050494 ], [ -1.176323601385481, 44.813224010723225 ], [ -1.176317928134833, 44.813403963826502 ], [ -1.175812308471851, 44.813395886094582 ], [ -1.175840682046713, 44.812496120767655 ], [ -1.176346293855871, 44.812504198247588 ], [ -1.176340620818102, 44.812684151375883 ], [ -1.176593427587878, 44.812688189302051 ], [ -1.176604772039471, 44.81232828298878 ], [ -1.176351966840422, 44.812324245113018 ], [ -1.176357639771755, 44.812144291972174 ], [ -1.175852031104025, 44.812136214593068 ], [ -1.175857705552834, 44.811956261496377 ], [ -1.174846491997586, 44.811940100127153 ], [ -1.17485216953451, 44.81176014712505 ], [ -1.174599367064165, 44.811756105409664 ], [ -1.174605045333157, 44.811576152426518 ], [ -1.174352243701405, 44.811572110177082 ], [ -1.174357922702452, 44.811392157212865 ], [ -1.174105121909294, 44.811388114429349 ], [ -1.174110801642377, 44.811208161484096 ], [ -1.173858001687812, 44.811204118166508 ], [ -1.173880723228531, 44.810484306423845 ], [ -1.173627926468419, 44.810480262647872 ], [ -1.173633607505659, 44.810300309721782 ], [ -1.173380811584113, 44.81029626541175 ], [ -1.173386493353327, 44.81011631250464 ], [ -1.173133698270344, 44.810112267660571 ], [ -1.173139380771519, 44.809932314772411 ], [ -1.172128204113744, 44.809916129904352 ], [ -1.172133889702608, 44.809736177110949 ], [ -1.17188109645673, 44.809732129520995 ], [ -1.171886782777501, 44.809552176746571 ], [ -1.171633990370203, 44.809548128622644 ], [ -1.171639677422866, 44.809368175867192 ], [ -1.171386885854145, 44.80936412720925 ], [ -1.171392573638686, 44.809184174472826 ], [ -1.171139782908545, 44.809180125280875 ], [ -1.171168224956954, 44.808280361631091 ], [ -1.171421011761087, 44.808284410696722 ], [ -1.171426699225511, 44.808104457922695 ], [ -1.171173913206557, 44.808100408882346 ], [ -1.171179601402805, 44.807920456127334 ], [ -1.171685171923718, 44.807928553598302 ], [ -1.171696545015496, 44.807568647968452 ], [ -1.173466032526298, 44.807596971147532 ], [ -1.173460351503203, 44.807776924142296 ], [ -1.173713136431699, 44.807780968099067 ], [ -1.173707456140483, 44.807960921112823 ], [ -1.174213027727655, 44.807969007399123 ], [ -1.174207348953514, 44.808148960457061 ], [ -1.174460135612187, 44.808153002786561 ], [ -1.17445445756996, 44.808332955863492 ], [ -1.175212820221089, 44.808345079572241 ], [ -1.175207144481185, 44.808525032718528 ], [ -1.17621829856881, 44.808541189934928 ], [ -1.176223971167923, 44.808361236687816 ], [ -1.177235122966138, 44.808377384855476 ], [ -1.177229453507824, 44.808557338203357 ], [ -1.177482242375554, 44.808561373872323 ], [ -1.177476573649265, 44.808741327239112 ], [ -1.17798215311466, 44.808749396949665 ], [ -1.177976485905629, 44.808929350360543 ], [ -1.17822927650329, 44.808933384402138 ], [ -1.178223610026324, 44.809113337831903 ], [ -1.178729192951549, 44.809121404287609 ], [ -1.178723527991897, 44.80930135776147 ], [ -1.178976320319459, 44.809305390175588 ], [ -1.178970656091906, 44.809485343668349 ], [ -1.183520941201131, 44.809557831939991 ], [ -1.183515291055032, 44.809737785878767 ], [ -1.184020880920728, 44.809745828995908 ], [ -1.184015232292163, 44.809925782978631 ], [ -1.184268028089765, 44.809929803723357 ], [ -1.184262380193488, 44.810109757724916 ], [ -1.184515176829349, 44.810113777935442 ], [ -1.184509529665376, 44.810293731955859 ], [ -1.184762327139493, 44.810297751632163 ], [ -1.184756680707839, 44.810477705671339 ], [ -1.185009479020218, 44.810481724813471 ], [ -1.184998187568616, 44.810841632923285 ], [ -1.185250987504563, 44.810845651556264 ], [ -1.185234052285913, 44.811385513749237 ], [ -1.185486854630785, 44.811389531898136 ], [ -1.185452987475797, 44.8124692562657 ], [ -1.185200180418782, 44.812465237966393 ], [ -1.185183243770269, 44.813005099990512 ], [ -1.184930434410047, 44.813001081056647 ], [ -1.184924787969217, 44.813181035027107 ], [ -1.185430408313431, 44.813189072385669 ], [ -1.185424763390454, 44.813369026399997 ], [ -1.18567757442741, 44.813373044265319 ], [ -1.185671930236899, 44.813552998298483 ], [ -1.185924742112222, 44.813557015629527 ], [ -1.185936028869465, 44.813197107506824 ], [ -1.186188839226896, 44.813201124228364 ], [ -1.18618319666016, 44.813381078317924 ], [ -1.186436007855936, 44.813385094505179 ], [ -1.186452933041128, 44.812845232142607 ], [ -1.186200124201573, 44.812841216030513 ], [ -1.186205766609513, 44.812661261922209 ], [ -1.186458574663677, 44.812665278009248 ], [ -1.186464216233301, 44.812485323869602 ], [ -1.186969830929623, 44.812493354315549 ], [ -1.186975470875567, 44.812313400119585 ], [ -1.187481084212761, 44.812321428278082 ], [ -1.187486722535052, 44.812141474025758 ], [ -1.18773952849762, 44.812145487240976 ], [ -1.187728253370894, 44.812505395789451 ], [ -1.187981060957101, 44.812509408495437 ], [ -1.187975424099799, 44.812689362785342 ], [ -1.187722615728205, 44.812685350054345 ], [ -1.187716978032626, 44.81286530431295 ], [ -1.187464168928523, 44.81286129099756 ], [ -1.187452891807891, 44.813221199445941 ], [ -1.187200081185871, 44.813217185521133 ], [ -1.187205720558043, 44.81303723132509 ], [ -1.186700101043537, 44.813029201847513 ], [ -1.186677536954069, 44.813749018393658 ], [ -1.186424724134513, 44.813745002715642 ], [ -1.186419082194411, 44.813924956811483 ], [ -1.186671895799404, 44.813928972514553 ], [ -1.186666254591818, 44.81410892662921 ], [ -1.186919069035177, 44.81411294179798 ], [ -1.186913428560122, 44.814292895931423 ], [ -1.187166243841847, 44.814296910565865 ], [ -1.187160604099338, 44.81447686471811 ], [ -1.187413420219432, 44.814480878818259 ], [ -1.187407781209485, 44.81466083298929 ], [ -1.187660598167945, 44.81466484655509 ], [ -1.187654959890575, 44.814844800744929 ], [ -1.188160595537124, 44.814852826248462 ], [ -1.188154958777828, 44.81503278048212 ], [ -1.188407777465911, 44.815036792419832 ], [ -1.188379596803757, 44.815936563619417 ], [ -1.188632419472255, 44.815940575122895 ], [ -1.188604241415938, 44.816840346291279 ], [ -1.188351414819717, 44.816836334662639 ], [ -1.188345778264277, 44.817016288852528 ], [ -1.188092950935368, 44.817012276639417 ], [ -1.188076038595025, 44.817552139096485 ], [ -1.188581698019208, 44.817560163113455 ], [ -1.188576062037844, 44.817740117303345 ], [ -1.189081723244717, 44.817748139132632 ], [ -1.189076088781688, 44.817928093366369 ], [ -1.189834583345244, 44.817940121989515 ], [ -1.189840215451455, 44.817760167680781 ], [ -1.190093046292719, 44.817764176077937 ], [ -1.190098677560493, 44.817584221737917 ], [ -1.19085716804443, 44.817596243497746 ], [ -1.190862796902594, 44.81741628907649 ], [ -1.19162128550501, 44.817428305726395 ], [ -1.191626911953602, 44.817248351223881 ], [ -1.192638227686746, 44.817264365491781 ], [ -1.192643850940221, 44.817084410883083 ], [ -1.193907992865647, 44.817104416005883 ], [ -1.193902373540101, 44.81728437073938 ], [ -1.193649544263965, 44.817280370808746 ], [ -1.193643924100108, 44.817460325511014 ], [ -1.193391094091104, 44.817456324995973 ], [ -1.193385473088918, 44.817636279667077 ], [ -1.193638303883525, 44.817640280207115 ], [ -1.193632683614216, 44.817820234896914 ], [ -1.192874189031783, 44.817808231523628 ], [ -1.192857320836888, 44.818348095330848 ], [ -1.193110154668491, 44.818352097089615 ], [ -1.193104532616994, 44.818532051704501 ], [ -1.192851697999753, 44.818528049920751 ], [ -1.19284607510987, 44.818708004504408 ], [ -1.192593239759738, 44.818704002136236 ], [ -1.192587616031451, 44.818883956688666 ], [ -1.19208194391817, 44.818875950223998 ], [ -1.192076318565807, 44.819055904720216 ], [ -1.191317808434749, 44.819043890752262 ], [ -1.191312180672621, 44.819223845167258 ], [ -1.191817855611869, 44.819231855088667 ], [ -1.191812229368285, 44.819411809547411 ], [ -1.191559391086595, 44.819407804841461 ], [ -1.191553764004549, 44.819587759268963 ], [ -1.191300924989974, 44.819583753978534 ], [ -1.191295297069452, 44.819763708374786 ], [ -1.191042457321993, 44.819759702499894 ], [ -1.191036828562978, 44.819939656864904 ], [ -1.190783988082635, 44.819935650405519 ], [ -1.19077272883478, 44.820295559066793 ], [ -1.190519886835848, 44.820291551997947 ], [ -1.190531147655106, 44.819931643386653 ], [ -1.190278307280401, 44.81992763580832 ], [ -1.190283938396485, 44.819747681518351 ], [ -1.190031098860296, 44.819743673405497 ], [ -1.190042362505335, 44.819383764856759 ], [ -1.190295200470165, 44.819387772919576 ], [ -1.19028956945974, 44.819567727222086 ], [ -1.190542408263074, 44.819571734750411 ], [ -1.190548038487825, 44.819391780422905 ], [ -1.190800876558304, 44.819395787366744 ], [ -1.190812135278018, 44.819035878642964 ], [ -1.191064971829981, 44.819039884977336 ], [ -1.191070600324965, 44.81885993058107 ], [ -1.190817764558656, 44.818855924271688 ], [ -1.190823393786482, 44.818675969894173 ], [ -1.19057055885863, 44.818671963050328 ], [ -1.190564928845158, 44.81885191740286 ], [ -1.190312093184478, 44.818847909974544 ], [ -1.190306462332534, 44.819027864295812 ], [ -1.190053625939031, 44.819023856283032 ], [ -1.1900479942486, 44.819203810573036 ], [ -1.18979515712227, 44.819199801975778 ], [ -1.189800789598359, 44.819019847710791 ], [ -1.189295117075552, 44.819011828887902 ], [ -1.189312018900633, 44.818471966205507 ], [ -1.189059185075435, 44.818467956029949 ], [ -1.189070454265798, 44.818108047593789 ], [ -1.188817622064709, 44.818104036908821 ], [ -1.188823257366212, 44.817924082706391 ], [ -1.188064763437021, 44.81791204736993 ], [ -1.188053488067458, 44.818271955618314 ], [ -1.187294989900594, 44.818259915096597 ], [ -1.187289349779605, 44.818439869136292 ], [ -1.18779501674253, 44.818447896760297 ], [ -1.187783739484349, 44.8188078049211 ], [ -1.187530904405165, 44.818803791338738 ], [ -1.187536543846343, 44.818623837286516 ], [ -1.187283709605704, 44.81861982316974 ], [ -1.187278069378888, 44.818799777196944 ], [ -1.187025234405524, 44.818795762495647 ], [ -1.187019593340149, 44.818975716491529 ], [ -1.187272429099157, 44.818979731217865 ], [ -1.18726678876651, 44.819159685232542 ], [ -1.187519625364087, 44.819163699424465 ], [ -1.187513985764187, 44.819343653457935 ], [ -1.187766823200334, 44.819347667115458 ], [ -1.18776118433319, 44.81952762116768 ], [ -1.188014022607907, 44.819531634290769 ], [ -1.188019660689379, 44.819351680213479 ], [ -1.188272498231322, 44.819355692752033 ], [ -1.188238673663173, 44.820435417272272 ], [ -1.187985831407104, 44.820431404583502 ], [ -1.187991469753058, 44.820251450537434 ], [ -1.187485786971033, 44.820243423531494 ], [ -1.187474507083391, 44.820603331517169 ], [ -1.187221664200326, 44.820599317124859 ], [ -1.187238586309532, 44.82005945521216 ], [ -1.186480065049222, 44.82004740890379 ], [ -1.186474422041985, 44.820227362805788 ], [ -1.185968739895081, 44.820219329086015 ], [ -1.185980028999379, 44.819859421376037 ], [ -1.185474350207056, 44.819851385518604 ], [ -1.185479996251127, 44.819671431704357 ], [ -1.184468642444888, 44.819655353376113 ], [ -1.184474291578666, 44.819475399655936 ], [ -1.183968616564844, 44.819467357185161 ], [ -1.183946013426303, 44.820187171827605 ], [ -1.183187491875055, 44.82017510362423 ], [ -1.1831818386008, 44.820355057193908 ], [ -1.183687521153328, 44.820363103272499 ], [ -1.183681869397438, 44.820543056886109 ], [ -1.183429027308955, 44.820539034101472 ], [ -1.18342337471433, 44.820718987683726 ], [ -1.183676217588521, 44.820723010493467 ], [ -1.18366491381162, 44.821082917689417 ], [ -1.183917758310281, 44.82108693998989 ], [ -1.183912107128024, 44.821266893603564 ], [ -1.184164952465435, 44.821270915369624 ], [ -1.184170602861958, 44.821090961730853 ], [ -1.18467629212434, 44.821099003534272 ], [ -1.184670643299286, 44.821278957223214 ], [ -1.185176334345122, 44.821286996838808 ], [ -1.185181981598706, 44.82110704309968 ], [ -1.185687671284998, 44.821115080427077 ], [ -1.185693316914141, 44.820935126631554 ], [ -1.186199005240837, 44.820943161670854 ], [ -1.186193361183155, 44.821123115516485 ], [ -1.185940516207597, 44.82111909825155 ], [ -1.185934871311225, 44.821299052065896 ], [ -1.186187717072521, 44.821303069355913 ], [ -1.186182072908934, 44.821483023189053 ], [ -1.18668776616187, 44.821491056140708 ], [ -1.186682123516838, 44.821671010017731 ], [ -1.187187818553039, 44.82167904078144 ], [ -1.187199100647159, 44.821319132920912 ], [ -1.187451946673143, 44.821323147413409 ], [ -1.187463226984096, 44.820963239477784 ], [ -1.187716071491522, 44.820967253360685 ], [ -1.187710432148237, 44.821147207356674 ], [ -1.188216122893271, 44.821155233494025 ], [ -1.188210485068565, 44.82133518753384 ], [ -1.187704792752045, 44.82132716134641 ], [ -1.187699153302945, 44.821507115329879 ], [ -1.187952000220504, 44.821511128728396 ], [ -1.187946361504252, 44.821691082730645 ], [ -1.188199209260471, 44.821695095594706 ], [ -1.188204847190967, 44.82151514156741 ], [ -1.18845769421432, 44.821519153846893 ], [ -1.18846896834513, 44.821159245723472 ], [ -1.188721813849877, 44.821163257393373 ], [ -1.188727450050219, 44.820983303297247 ], [ -1.189738829454957, 44.820999344281795 ], [ -1.18973319639757, 44.821179298478029 ], [ -1.190238887988539, 44.821187315663316 ], [ -1.190244519474444, 44.821007361417053 ], [ -1.190497364563444, 44.82101136914541 ], [ -1.190502995210784, 44.820831414867932 ], [ -1.1912615284375, 44.820843434621018 ], [ -1.191267156674829, 44.820663480262283 ], [ -1.191772844185212, 44.820671490583528 ], [ -1.191778470798297, 44.820491536168561 ], [ -1.192031313846951, 44.820495540464947 ], [ -1.192036939621532, 44.820315586018744 ], [ -1.19228978193725, 44.820319589730659 ], [ -1.192284156948386, 44.820499544201837 ], [ -1.193801216664963, 44.820523554873802 ], [ -1.19380683693952, 44.820343600252798 ], [ -1.194059679624491, 44.820347600048251 ], [ -1.194065299060606, 44.820167645396054 ], [ -1.19381245716135, 44.820163645625541 ], [ -1.193823697446828, 44.819803736352284 ], [ -1.195340740204582, 44.819827726283577 ], [ -1.195346355554079, 44.81964777148788 ], [ -1.19559919541244, 44.819651767826635 ], [ -1.195604809923566, 44.819471812999751 ], [ -1.196110488226929, 44.819479803948951 ], [ -1.196127326730236, 44.818939939281258 ], [ -1.196380163603886, 44.818943933841865 ], [ -1.196391387438159, 44.818584023982297 ], [ -1.196644222793147, 44.818588017933592 ], [ -1.196655444845544, 44.81822810799919 ], [ -1.197161112570867, 44.818236094123748 ], [ -1.197166721946842, 44.818056139097337 ], [ -1.197419555102813, 44.81806013129551 ], [ -1.197425163640541, 44.817880176237963 ], [ -1.197172331270194, 44.817876184064687 ], [ -1.197183549759025, 44.817516273980637 ], [ -1.19693071901253, 44.817512281297745 ], [ -1.196936328963615, 44.817332326271284 ], [ -1.196430669199724, 44.817324339276993 ], [ -1.196425057677438, 44.817504294253624 ], [ -1.195919396552924, 44.817496304971769 ], [ -1.195941848610918, 44.816776485227088 ], [ -1.196194676004494, 44.816780480048038 ], [ -1.196205900146412, 44.816420570088333 ], [ -1.19595307432397, 44.816416575317241 ], [ -1.195958687101513, 44.81623662035296 ], [ -1.196211512138398, 44.816240615099119 ], [ -1.196217124077738, 44.816060660103673 ], [ -1.196975597147607, 44.81607264091096 ], [ -1.196969987564918, 44.816252595981169 ], [ -1.19772846346507, 44.816264571828448 ], [ -1.197734070691105, 44.816084616683511 ], [ -1.198492544708031, 44.816096587421349 ], [ -1.198498149524828, 44.815916632195474 ], [ -1.198750973516761, 44.815920621297685 ], [ -1.198756577495437, 44.815740666040668 ], [ -1.198503754289044, 44.81573667696334 ], [ -1.198509359000679, 44.81555672172496 ], [ -1.198256536632396, 44.815552732113105 ], [ -1.19826774746897, 44.815192821667416 ], [ -1.19776210603225, 44.815184840865108 ], [ -1.197756499069224, 44.815364796041273 ], [ -1.196239571308623, 44.815340840059328 ], [ -1.196245182984731, 44.815160885032668 ], [ -1.195992362661022, 44.815156890436022 ], [ -1.196003587426308, 44.814796980413725 ], [ -1.195750768726249, 44.814792985307548 ], [ -1.195756381815404, 44.814613030311946 ], [ -1.196767653789544, 44.81462900728058 ], [ -1.196773263684113, 44.814449052179057 ], [ -1.197531715860883, 44.814461028957261 ], [ -1.197542930779298, 44.814101118586002 ], [ -1.198301378716662, 44.814113090180356 ], [ -1.19829577364017, 44.814293045443812 ], [ -1.198548590509938, 44.814297034881406 ], [ -1.198554194800957, 44.814117079593061 ], [ -1.199059827127263, 44.814125056740323 ], [ -1.199054224407192, 44.814305012078464 ], [ -1.199559858514689, 44.814312987037994 ], [ -1.199554257313023, 44.814492942419619 ], [ -1.199807075231074, 44.81449692908518 ], [ -1.199801474762354, 44.814676884485458 ], [ -1.200054293518436, 44.814680870616513 ], [ -1.200048693782671, 44.814860826035392 ], [ -1.199037415931618, 44.814844878055339 ], [ -1.19904301880937, 44.814664922735979 ], [ -1.198537381770179, 44.814656945439367 ], [ -1.198531777321435, 44.814836900709004 ], [ -1.19878459660024, 44.814840889661866 ], [ -1.198767785295072, 44.815380755507881 ], [ -1.199273428723452, 44.815388731884767 ], [ -1.199267826420973, 44.815568687204049 ], [ -1.19952064899953, 44.815572674578263 ], [ -1.199515047430026, 44.815752629916183 ], [ -1.200020694315851, 44.815760603036168 ], [ -1.200026294314283, 44.815580647648503 ], [ -1.200279117050469, 44.815584633344493 ], [ -1.200284716210836, 44.815404677925741 ], [ -1.200537538214019, 44.815408663037466 ], [ -1.20054313653634, 44.815228707587558 ], [ -1.200795957806519, 44.815232692115046 ], [ -1.200773567344249, 44.815952513976555 ], [ -1.20127921632641, 44.815960481552139 ], [ -1.201273620150664, 44.816140437051601 ], [ -1.201020794847775, 44.816136453518659 ], [ -1.201015197833968, 44.816316408987078 ], [ -1.201520850063365, 44.816324375543239 ], [ -1.20152644550605, 44.816144420025147 ], [ -1.20177927091393, 44.816148402439239 ], [ -1.201784865518569, 44.815968446890047 ], [ -1.201532040896244, 44.815964464500809 ], [ -1.201554421932101, 44.815244642341014 ], [ -1.20104877912921, 44.815236676083096 ], [ -1.201054375827982, 44.815056720577225 ], [ -1.201307196417664, 44.815060703961045 ], [ -1.201312792278422, 44.814880748424095 ], [ -1.201565612135089, 44.81488473122365 ], [ -1.201560017059839, 44.815064686785433 ], [ -1.202065658501652, 44.815072650756058 ], [ -1.20207125200588, 44.814892695144565 ], [ -1.202324072019993, 44.814896676265953 ], [ -1.202307293706437, 44.815436543156231 ], [ -1.202812938605169, 44.815444503869784 ], [ -1.202807347300116, 44.815624459537069 ], [ -1.203060170613701, 44.815628439079561 ], [ -1.203054580041736, 44.815808394765419 ], [ -1.203307404193311, 44.815812373773369 ], [ -1.203290634519402, 44.81635224086795 ], [ -1.202026502502733, 44.816332339861688 ], [ -1.202020908578693, 44.816512295423209 ], [ -1.202273735662668, 44.816516276768169 ], [ -1.202268142471725, 44.816696232348299 ], [ -1.202520970393751, 44.816700213158654 ], [ -1.202509785425624, 44.817060124349865 ], [ -1.202762614971295, 44.817064104650463 ], [ -1.202768206695997, 44.816884149033143 ], [ -1.20352669329095, 44.816896086503789 ], [ -1.203532282606433, 44.81671613080573 ], [ -1.203785110790711, 44.816720108818956 ], [ -1.203807464386014, 44.81600028586503 ], [ -1.204060289480436, 44.816004263219511 ], [ -1.204071464392433, 44.815644351655479 ], [ -1.203818640869106, 44.815640374350608 ], [ -1.203829817142499, 44.815280462811231 ], [ -1.204082639094758, 44.815284440066428 ], [ -1.204099400755128, 44.814744572636059 ], [ -1.203846581159413, 44.814740595455284 ], [ -1.203840993206199, 44.814920551246843 ], [ -1.203588172877398, 44.814916573481852 ], [ -1.203599350302415, 44.814556661942134 ], [ -1.203093712944123, 44.814548704833264 ], [ -1.203099303148972, 44.814368749103693 ], [ -1.203857756908581, 44.814380683853457 ], [ -1.203863344704533, 44.814200728043168 ], [ -1.204116161943767, 44.8142047051495 ], [ -1.204132922660694, 44.813664837606737 ], [ -1.20463855258356, 44.813672789992395 ], [ -1.204632967301259, 44.813852745895836 ], [ -1.205138599004643, 44.813860696093606 ], [ -1.20516651703768, 44.812960916265887 ], [ -1.205419329040689, 44.812964890401723 ], [ -1.205424911704726, 44.812784934392624 ], [ -1.205930534296987, 44.81279288093662 ], [ -1.205919372058279, 44.813152793047678 ], [ -1.206172185003818, 44.813156765530202 ], [ -1.206177765363912, 44.812976809453012 ], [ -1.206683389841153, 44.812984752690397 ], [ -1.206688968578035, 44.812804796557408 ], [ -1.206941780109725, 44.812808767312276 ], [ -1.206936202158282, 44.812988723470049 ], [ -1.207189014527735, 44.812992693690333 ], [ -1.207183437309403, 44.813172649866637 ], [ -1.20743625051662, 44.81317661955233 ], [ -1.207441826949511, 44.812996663351278 ], [ -1.207694639423598, 44.813000632452834 ], [ -1.207711366052107, 44.812460763737839 ], [ -1.207205745868813, 44.81245282512397 ], [ -1.207200168807439, 44.81263278131901 ], [ -1.206694547262579, 44.81262484041816 ], [ -1.206705704474669, 44.81226492812096 ], [ -1.206452895351564, 44.81226095688104 ], [ -1.206458474664513, 44.812081000747874 ], [ -1.206205666379151, 44.812077028973384 ], [ -1.206211246425158, 44.811897072858756 ], [ -1.206969669082064, 44.811908986429749 ], [ -1.206980824304727, 44.811549074033067 ], [ -1.206728018270862, 44.811545103451635 ], [ -1.206739174854977, 44.811185191079517 ], [ -1.207244783833545, 44.811193131583984 ], [ -1.207261513605132, 44.810653262830371 ], [ -1.20751431581683, 44.810657232169326 ], [ -1.207492012491513, 44.811377057260707 ], [ -1.207997623354681, 44.811384994458713 ], [ -1.20800319769373, 44.811205038145715 ], [ -1.209014416906035, 44.811220905730757 ], [ -1.209019988051337, 44.811040949312485 ], [ -1.208767183955213, 44.811036983279955 ], [ -1.208778327659739, 44.810677070474235 ], [ -1.209031130185155, 44.810681036457254 ], [ -1.20904227210993, 44.810321123577019 ], [ -1.209295073116929, 44.810325088951245 ], [ -1.209306213262015, 44.809965175996567 ], [ -1.209559012750614, 44.809969140762014 ], [ -1.209564581959467, 44.809789184250597 ], [ -1.210070179522757, 44.809797112054042 ], [ -1.210059044194086, 44.810157025169595 ], [ -1.210564645107572, 44.810164950834775 ], [ -1.210570211227374, 44.809984994230639 ], [ -1.211581410539563, 44.810000838750355 ], [ -1.211586973465879, 44.809820882041166 ], [ -1.212092571864472, 44.809828800895716 ], [ -1.212087010508798, 44.810008757654359 ], [ -1.212339810571672, 44.81001271626738 ], [ -1.212334249949156, 44.810192673044483 ], [ -1.212587050849524, 44.810196631122892 ], [ -1.212581490960181, 44.810376587918434 ], [ -1.213339896330202, 44.810388458871877 ], [ -1.213345453863532, 44.810208502002268 ], [ -1.214103857346746, 44.810220367847805 ], [ -1.214114967545039, 44.809860453941795 ], [ -1.214620566986434, 44.809868361610228 ], [ -1.214626120436776, 44.809688404598511 ], [ -1.214878919450304, 44.809692357569105 ], [ -1.214884472063237, 44.809512400526508 ], [ -1.215137270343538, 44.809516352913121 ], [ -1.21514282211908, 44.809336395839601 ], [ -1.215648417265303, 44.80934429888562 ], [ -1.215642867060374, 44.809524256008451 ], [ -1.215895665496894, 44.809528206717154 ], [ -1.215906764284079, 44.809168292415983 ], [ -1.216159561202047, 44.809172242516091 ], [ -1.216154012619785, 44.809352199694445 ], [ -1.216659608182469, 44.809360098266062 ], [ -1.216665155194126, 44.809180141038418 ], [ -1.217170749394346, 44.809188037323558 ], [ -1.217165203953291, 44.809367994600457 ], [ -1.217670799932198, 44.809375888697645 ], [ -1.217676343802646, 44.809195931371498 ], [ -1.217929141084807, 44.80919987755653 ], [ -1.217940227099099, 44.808839962836231 ], [ -1.218445818678231, 44.80884785342991 ], [ -1.218440277267664, 44.809027810842402 ], [ -1.218693073920498, 44.809031755324909 ], [ -1.218687533243248, 44.809211712755783 ], [ -1.218940330733357, 44.809215656703607 ], [ -1.218951410465289, 44.808855741786402 ], [ -1.219204206436773, 44.808859685125732 ], [ -1.219215284390272, 44.808499770134354 ], [ -1.219468078843152, 44.808503712865182 ], [ -1.219462540677661, 44.808683670388582 ], [ -1.219715335967771, 44.808687612584691 ], [ -1.219737485176953, 44.807967782355362 ], [ -1.219990277377933, 44.807971723893814 ], [ -1.21998474093881, 44.8081516814851 ], [ -1.220237533976984, 44.808155622488847 ], [ -1.220243069630847, 44.807975664872977 ], [ -1.221001446701128, 44.807987484454841 ], [ -1.221006979947306, 44.807807526758985 ], [ -1.221259771622634, 44.807811465476483 ], [ -1.221265304031662, 44.807631507749804 ], [ -1.221518094973641, 44.807635445883449 ], [ -1.221529158065535, 44.807275530362276 ], [ -1.221781947488932, 44.807279467887504 ], [ -1.221798539381957, 44.8067395944853 ], [ -1.221292965298362, 44.806731719023006 ], [ -1.221304029441777, 44.806371803488624 ], [ -1.221051244048214, 44.806367864967768 ], [ -1.221056776827269, 44.806187907215779 ], [ -1.221562346095915, 44.806195783649166 ], [ -1.221573408357623, 44.80583586802824 ], [ -1.221826191499422, 44.805839805356939 ], [ -1.221831721767283, 44.805659847512565 ], [ -1.222084504175793, 44.805663784257426 ], [ -1.222078974693098, 44.80584374212637 ], [ -1.222837324585309, 44.805855549079268 ], [ -1.222842851712498, 44.805675591136684 ], [ -1.223095634328437, 44.805679525644614 ], [ -1.223112213043466, 44.80513965170578 ], [ -1.222859432782992, 44.805135717271476 ], [ -1.2228649597028, 44.804955759303937 ], [ -1.22261218027931, 44.804951824334978 ], [ -1.222634290580592, 44.804231992500725 ], [ -1.222381514349435, 44.804228057070787 ], [ -1.222392570759176, 44.803868141165374 ], [ -1.22213979615007, 44.80386420522531 ], [ -1.222134267186033, 44.804044163156561 ], [ -1.221881491843699, 44.804040226632772 ], [ -1.221887021592828, 44.803860268726062 ], [ -1.221634247087454, 44.803856331667632 ], [ -1.221639777569801, 44.803676373779247 ], [ -1.220881456720228, 44.803664559322435 ], [ -1.220870390993131, 44.8040244749455 ], [ -1.220617615910221, 44.804020535625689 ], [ -1.220634216778266, 44.803480662255488 ], [ -1.220381444102511, 44.803476722450199 ], [ -1.22038697840645, 44.803296764672268 ], [ -1.219375891362895, 44.803280999957607 ], [ -1.219370353918692, 44.803460957637213 ], [ -1.219117581502573, 44.803457015035995 ], [ -1.219156348016545, 44.802197311320214 ], [ -1.218903581147673, 44.802193368332013 ], [ -1.218909119798324, 44.802013410657985 ], [ -1.218403587786468, 44.802005523053325 ], [ -1.218414668071917, 44.801645607785012 ], [ -1.218667432481863, 44.801649551817704 ], [ -1.21868405016535, 44.801109678794631 ], [ -1.219695098904843, 44.801125449038665 ], [ -1.21967295444941, 44.801845280117227 ], [ -1.221189547956087, 44.801868919298876 ], [ -1.221195079437831, 44.801688961391086 ], [ -1.221447844418915, 44.801692899273078 ], [ -1.221453375063775, 44.801512941334501 ], [ -1.221706139311741, 44.801516878632725 ], [ -1.221667429203392, 44.802776584243944 ], [ -1.221920198998362, 44.802780521155015 ], [ -1.221892551290088, 44.803680310813149 ], [ -1.222650872762136, 44.803692118559617 ], [ -1.222645345420136, 44.803872076546206 ], [ -1.223150894897594, 44.803879945630307 ], [ -1.223156420669418, 44.803699987594598 ], [ -1.22340919470081, 44.803703921273311 ], [ -1.223425769350066, 44.803164047055162 ], [ -1.223678541078059, 44.80316798010103 ], [ -1.223684065072437, 44.802988021991304 ], [ -1.223936836067185, 44.802991954453461 ], [ -1.223947882330394, 44.802632038166273 ], [ -1.223695112905746, 44.8026281057532 ], [ -1.223700636744678, 44.802448147624766 ], [ -1.223953405384289, 44.802452080013317 ], [ -1.22396445133666, 44.802092163688712 ], [ -1.223711684267104, 44.802088231349252 ], [ -1.223717207950598, 44.801908273202137 ], [ -1.223969974235136, 44.801912205517091 ], [ -1.223981019876678, 44.801552289155076 ], [ -1.22372825516215, 44.801548356889221 ], [ -1.22373377869021, 44.801368398723419 ], [ -1.223228250986584, 44.801360532563308 ], [ -1.223233776032806, 44.801180574440359 ], [ -1.223486539073724, 44.801184507775446 ], [ -1.223492063283144, 44.80100454962173 ], [ -1.223239301027205, 44.801000616311171 ], [ -1.223244825969779, 44.800820658175752 ], [ -1.222992064550634, 44.800816724330609 ], [ -1.222997590226349, 44.800636766213508 ], [ -1.22325035086053, 44.800640700034116 ], [ -1.22325587569946, 44.800460741886219 ], [ -1.222750356052837, 44.800452873734997 ], [ -1.222755882409841, 44.800272915629947 ], [ -1.22300864142229, 44.800276849960596 ], [ -1.223014166942518, 44.800096891824815 ], [ -1.223266925221852, 44.800100825571775 ], [ -1.223261400486567, 44.800280783732113 ], [ -1.223514159602665, 44.800284716944489 ], [ -1.223508635600507, 44.800464675123138 ], [ -1.223761395553368, 44.800468607800902 ], [ -1.223766918770577, 44.800288649597739 ], [ -1.224019677990295, 44.800292581691835 ], [ -1.224025200370755, 44.800112623457878 ], [ -1.223519683553009, 44.800104758759609 ], [ -1.223525207451539, 44.799924800568483 ], [ -1.223272449905318, 44.799920867405191 ], [ -1.223283499116789, 44.799560951053337 ], [ -1.223030743192232, 44.799557017380025 ], [ -1.223025217827488, 44.799736975534501 ], [ -1.222772461169841, 44.799733041277527 ], [ -1.222766934968342, 44.799912999401215 ], [ -1.222261420238707, 44.799905129160777 ], [ -1.222266948010056, 44.79972517108618 ], [ -1.221761435057665, 44.799717298658344 ], [ -1.221766964346998, 44.799537340626635 ], [ -1.221261453171893, 44.799529466011492 ], [ -1.221272514734589, 44.799169550027621 ], [ -1.221525268726397, 44.799173487565611 ], [ -1.221530798645036, 44.798993529539757 ], [ -1.221025292283079, 44.798985653953793 ], [ -1.221030823719622, 44.798805695970856 ], [ -1.220525319134969, 44.798797818197613 ], [ -1.220541917842517, 44.798257944358859 ], [ -1.220794667754291, 44.798261883451282 ], [ -1.22080019976816, 44.79808192546799 ], [ -1.221305698177654, 44.798089801926416 ], [ -1.221300167733495, 44.798269759958856 ], [ -1.221552917800912, 44.798273697374029 ], [ -1.221558447460212, 44.798093739316997 ], [ -1.222063946180925, 44.798101612420936 ], [ -1.22206947421866, 44.79792165430856 ], [ -1.222574971577071, 44.797929525127017 ], [ -1.22258049799327, 44.79774956695929 ], [ -1.22359149019268, 44.797765301788971 ], [ -1.2236080597123, 44.797225426953901 ], [ -1.224113551413871, 44.797233290867048 ], [ -1.224119072913834, 44.797053332527163 ], [ -1.224624563252924, 44.797061194154935 ], [ -1.224630083131474, 44.796881235759756 ], [ -1.224882827593872, 44.79688516571057 ], [ -1.224888346635843, 44.79670520728461 ], [ -1.225141090365203, 44.796709136651799 ], [ -1.225146608570608, 44.796529178195122 ], [ -1.225652094614993, 44.796537035203279 ], [ -1.225657611199058, 44.796357076691336 ], [ -1.225404868935785, 44.796353148491299 ], [ -1.225410386252892, 44.796173189997646 ], [ -1.225663127731382, 44.796177118173183 ], [ -1.225668644211965, 44.795997159648778 ], [ -1.225415903518252, 44.795993231497761 ], [ -1.225421420731863, 44.795813272991644 ], [ -1.225674160640805, 44.795817201118162 ], [ -1.225679677017906, 44.7956372425813 ], [ -1.225932416193824, 44.795641170124249 ], [ -1.225937931734431, 44.795461211556642 ], [ -1.226190670177324, 44.795465138516036 ], [ -1.226201699533848, 44.795105221313172 ], [ -1.225948962660446, 44.795101294402784 ], [ -1.225954478045857, 44.794921335816483 ], [ -1.225449006023718, 44.794913480367605 ], [ -1.225460039778244, 44.794553563274391 ], [ -1.225207305414231, 44.794549634760415 ], [ -1.225234892818521, 44.793649842040871 ], [ -1.225487623259051, 44.793653770432257 ], [ -1.225498656289187, 44.793293853251804 ], [ -1.22650957229127, 44.7933095610313 ], [ -1.226515085590084, 44.793129602333742 ], [ -1.226262357296641, 44.793125676251833 ], [ -1.226267871328401, 44.792945717572536 ], [ -1.227278781673777, 44.792961418448115 ], [ -1.227273270780639, 44.793141377225403 ], [ -1.227020542332091, 44.793137452820517 ], [ -1.227015030602601, 44.793317411567067 ], [ -1.227267759835813, 44.793321335996453 ], [ -1.2272622488393, 44.793501294761285 ], [ -1.227514978908872, 44.793505218656158 ], [ -1.227520489120714, 44.793325259866833 ], [ -1.227773218457295, 44.793329183178201 ], [ -1.227767709030124, 44.793509141992004 ], [ -1.229031360411351, 44.793528750286242 ], [ -1.229014843590122, 44.794068627057285 ], [ -1.22926757637538, 44.794072547112513 ], [ -1.22926207144973, 44.794252506048196 ], [ -1.22900933787977, 44.794248585968539 ], [ -1.229003832117777, 44.794428544873533 ], [ -1.228498363563356, 44.794420702988205 ], [ -1.228503870894772, 44.794240744132118 ], [ -1.228251137479749, 44.794236822375403 ], [ -1.228245629363625, 44.794416781206998 ], [ -1.22748742707443, 44.79440501250928 ], [ -1.227481916552491, 44.794584971261202 ], [ -1.227229181774736, 44.794581047219431 ], [ -1.227190601180747, 44.795840758137189 ], [ -1.227443341451715, 44.795844682350328 ], [ -1.227448852335459, 44.795664723642012 ], [ -1.227701591873351, 44.795668647271647 ], [ -1.227690571623716, 44.79602856473106 ], [ -1.227943312782832, 44.796032487850603 ], [ -1.227948822148715, 44.795852529099534 ], [ -1.228201562574728, 44.795856451635565 ], [ -1.228190545360849, 44.796216369180399 ], [ -1.227937803365275, 44.796212446595447 ], [ -1.227932293896042, 44.796392405334046 ], [ -1.228185036676408, 44.796396327943491 ], [ -1.228174019152517, 44.796756245450972 ], [ -1.228679508007455, 44.796764089090573 ], [ -1.228685015225623, 44.796584130291009 ], [ -1.228937758945772, 44.796588051247738 ], [ -1.228943265327484, 44.796408092417465 ], [ -1.228690522392135, 44.796404171485214 ], [ -1.228701536570199, 44.796044253854916 ], [ -1.228448795256081, 44.796040332412545 ], [ -1.228454303052411, 44.795860373612527 ], [ -1.229212524795383, 44.795872136189139 ], [ -1.229207019353386, 44.796052095062549 ], [ -1.22895427793597, 44.796048174738274 ], [ -1.22894877165755, 44.796228133581003 ], [ -1.229201513859752, 44.796232053929728 ], [ -1.22919600831448, 44.796412012790675 ], [ -1.229448751353114, 44.796415932604802 ], [ -1.229443246541004, 44.796595891483996 ], [ -1.230454222350996, 44.796611565247751 ], [ -1.230448720626493, 44.796791524218506 ], [ -1.230954210410761, 44.796799357794853 ], [ -1.230959710565641, 44.796619398775213 ], [ -1.231717943274501, 44.796631144873409 ], [ -1.231739933960605, 44.795911308439436 ], [ -1.231234451714815, 44.795903478461831 ], [ -1.231283941867567, 44.794283846560845 ], [ -1.230525740073876, 44.794272098061242 ], [ -1.23053124107599, 44.794092139003304 ], [ -1.23027850803265, 44.794088221743188 ], [ -1.230289511451489, 44.793728303657524 ], [ -1.230036780029141, 44.793724385887259 ], [ -1.230042282445845, 44.793544426859533 ], [ -1.230547743772766, 44.793552261792129 ], [ -1.230553244568506, 44.79337230270928 ], [ -1.230805974524681, 44.793376219312627 ], [ -1.230822474248352, 44.792836341953432 ], [ -1.231327929607459, 44.792844173336555 ], [ -1.23133342784288, 44.792664214155451 ], [ -1.23209160891433, 44.792675956964359 ], [ -1.23209710474425, 44.792495997703817 ], [ -1.231338926026734, 44.792484254968173 ], [ -1.231344424159021, 44.792304295774649 ], [ -1.230838973507772, 44.792296464538154 ], [ -1.230844473157749, 44.792116505387305 ], [ -1.231097197672956, 44.792120421260584 ], [ -1.231119192618619, 44.791400584497076 ], [ -1.231624635526862, 44.791408414371318 ], [ -1.231630132565164, 44.79122845511602 ], [ -1.232388294960405, 44.791240195661857 ], [ -1.232399284174841, 44.790880276986073 ], [ -1.232904722891013, 44.790888101124153 ], [ -1.232910215851787, 44.790708141728111 ], [ -1.23316293450258, 44.790712052934325 ], [ -1.233179410722116, 44.790172174635572 ], [ -1.232926694425002, 44.790168263502572 ], [ -1.232921201618781, 44.790348222917309 ], [ -1.232668484588631, 44.790344311200982 ], [ -1.232684965206383, 44.789804433011291 ], [ -1.232937679882899, 44.789808344654425 ], [ -1.23296514262615, 44.788908547425081 ], [ -1.233217853431605, 44.788912458387252 ], [ -1.233239819561064, 44.788192620394106 ], [ -1.233492527280091, 44.788196530699743 ], [ -1.233498017899235, 44.788016571161506 ], [ -1.233750724885292, 44.788020480883858 ], [ -1.233761704400189, 44.787660561739898 ], [ -1.234014409868824, 44.787664470854565 ], [ -1.234030876401725, 44.787124592018763 ], [ -1.234283579568528, 44.78712850050136 ], [ -1.23428906752545, 44.786948540852542 ], [ -1.234036365143071, 44.786944632394331 ], [ -1.23404185383294, 44.786764672763731 ], [ -1.233283749347927, 44.78675294410899 ], [ -1.233289240339542, 44.78657298454533 ], [ -1.233036539731927, 44.786569073900381 ], [ -1.233047523129456, 44.78620915480321 ], [ -1.232794824142132, 44.786205243648197 ], [ -1.232800316548022, 44.786025284114693 ], [ -1.233053014750964, 44.786029195245284 ], [ -1.233058506320971, 44.78584923568112 ], [ -1.232805808902405, 44.785845324574936 ], [ -1.232816793456644, 44.785485405476742 ], [ -1.23332218520782, 44.785493227032667 ], [ -1.233349637848651, 44.784593428934215 ], [ -1.23309694586901, 44.784589518557695 ], [ -1.233107928133533, 44.784229599323545 ], [ -1.232855237774013, 44.78422568843699 ], [ -1.232860729613331, 44.784045728834954 ], [ -1.232608040089618, 44.784041817413986 ], [ -1.232619025182327, 44.783681898240097 ], [ -1.232113649426591, 44.783674073819299 ], [ -1.232124637450362, 44.78331415471817 ], [ -1.231366578908847, 44.783302414042375 ], [ -1.231372075196235, 44.783122454555716 ], [ -1.230866704661458, 44.783114624693319 ], [ -1.230877700218598, 44.782754705799043 ], [ -1.230119649508633, 44.782742956961052 ], [ -1.230125149562574, 44.782562997577841 ], [ -1.229619784248955, 44.782555162274093 ], [ -1.229608780952529, 44.782915080936412 ], [ -1.229103412708332, 44.782907243299668 ], [ -1.229097909414228, 44.783087202572588 ], [ -1.228845224585293, 44.783083282891553 ], [ -1.228828712040529, 44.783623160599568 ], [ -1.228576024910425, 44.783619240286335 ], [ -1.22857051984132, 44.783799199485436 ], [ -1.22755976870014, 44.783783512546513 ], [ -1.227543243771579, 44.784323389812755 ], [ -1.22703786380517, 44.784315542843537 ], [ -1.227043373734939, 44.784135583809991 ], [ -1.226790684613535, 44.784131659511615 ], [ -1.226801705886623, 44.783771741474801 ], [ -1.226549018385467, 44.783767816666568 ], [ -1.226554529728764, 44.783587857663321 ], [ -1.227059903214214, 44.783595706671932 ], [ -1.227065412937294, 44.783415747613468 ], [ -1.226812726952997, 44.783411823413047 ], [ -1.22682374781266, 44.783051905326381 ], [ -1.226571063448548, 44.783047980616146 ], [ -1.226576574585107, 44.782868021587973 ], [ -1.226323891056922, 44.782864096343403 ], [ -1.226329402926032, 44.782684137333469 ], [ -1.226076720233771, 44.782680211554627 ], [ -1.22608223283542, 44.78250025256294 ], [ -1.225829550979083, 44.782496326249806 ], [ -1.22584057759572, 44.782136408296807 ], [ -1.225335217175024, 44.782128554092168 ], [ -1.225340731974194, 44.781948595155342 ], [ -1.224835373328772, 44.781940738764568 ], [ -1.224840889644617, 44.781760779870517 ], [ -1.225093568157272, 44.781764708320772 ], [ -1.2251045990654, 44.781404790464954 ], [ -1.226115307359699, 44.781420498482198 ], [ -1.226120819599484, 44.781240539446955 ], [ -1.225615466917267, 44.781232686604852 ], [ -1.225620980673693, 44.781052727612362 ], [ -1.22536830519431, 44.781048800377668 ], [ -1.225362790653717, 44.781228759345666 ], [ -1.225110114441881, 44.781224831527702 ], [ -1.22511562976664, 44.781044872584218 ], [ -1.224610279066472, 44.781037015321047 ], [ -1.224604762173384, 44.781216974215511 ], [ -1.224352086116736, 44.781213044721255 ], [ -1.224335532774511, 44.78175292129368 ], [ -1.22357749785746, 44.781741129237624 ], [ -1.223583018042503, 44.781561170459959 ], [ -1.22333034062453, 44.7815572386816 ], [ -1.22333586154198, 44.78137727992226 ], [ -1.223588538175778, 44.781381211676099 ], [ -1.223594058257286, 44.781201252885943 ], [ -1.223088706609803, 44.78119338886858 ], [ -1.223094228207869, 44.781013430121327 ], [ -1.2223362034775, 44.781001629978228 ], [ -1.222341727376241, 44.780821671298305 ], [ -1.222594401450419, 44.780825605213586 ], [ -1.222599924513218, 44.780645646502911 ], [ -1.22209457798495, 44.780637778162749 ], [ -1.222100102564228, 44.780457819494963 ], [ -1.22184743016194, 44.780453884511317 ], [ -1.221852955473538, 44.780273925861827 ], [ -1.221600283907192, 44.780269990343996 ], [ -1.221605809951097, 44.780090031712852 ], [ -1.221353139220695, 44.780086095660813 ], [ -1.221358665996892, 44.779906137048009 ], [ -1.220853326259804, 44.779898263316902 ], [ -1.220847797915383, 44.780078221880558 ], [ -1.219837115926938, 44.780062467615231 ], [ -1.2198426474078, 44.779882509149836 ], [ -1.219084638813429, 44.779870687657869 ], [ -1.219090172594721, 44.779690729259961 ], [ -1.218584835359463, 44.779682845520874 ], [ -1.218595905902724, 44.779322928804817 ], [ -1.218343238931128, 44.779318986146386 ], [ -1.218348774908975, 44.779139027803595 ], [ -1.217843442689687, 44.779131140859739 ], [ -1.217837905143688, 44.779311099153318 ], [ -1.217585238327857, 44.779307154818689 ], [ -1.217579699945848, 44.779487113081409 ], [ -1.217327032397875, 44.779483168163473 ], [ -1.217332571563965, 44.779303209925395 ], [ -1.217079904852015, 44.77929926447333 ], [ -1.217102064133193, 44.778579431557034 ], [ -1.217354727708895, 44.778583376910625 ], [ -1.217365805469709, 44.778223460365822 ], [ -1.216607819602703, 44.778211622776716 ], [ -1.216613360757287, 44.778031664568807 ], [ -1.216360699689561, 44.778027717613021 ], [ -1.216366241576203, 44.777847759423516 ], [ -1.216871562195575, 44.777855652727183 ], [ -1.216866021876974, 44.778035610965944 ], [ -1.217624005547733, 44.77804744680509 ], [ -1.217629543514268, 44.777867488492511 ], [ -1.217882204057705, 44.777871432630207 ], [ -1.217893278266953, 44.777511515937107 ], [ -1.217387960368061, 44.777503627201412 ], [ -1.217404575996473, 44.776963752262617 ], [ -1.217657232567974, 44.776967696835968 ], [ -1.217673845377052, 44.77642782176725 ], [ -1.217926499648566, 44.776431765708089 ], [ -1.21794310963845, 44.775891890509428 ], [ -1.218195761610032, 44.775895833817792 ], [ -1.218206833109169, 44.775535916938296 ], [ -1.217701532353648, 44.775528029861356 ], [ -1.217707069593193, 44.775348071461465 ], [ -1.217959719161074, 44.775352015254654 ], [ -1.217965255564783, 44.775172056823919 ], [ -1.216954660740478, 44.775156278397759 ], [ -1.216960200227892, 44.77497632005926 ], [ -1.215444314253339, 44.774952635808646 ], [ -1.215455402479027, 44.774592719408453 ], [ -1.214697464896824, 44.774580869889476 ], [ -1.214703011283316, 44.774400911753993 ], [ -1.213945076520823, 44.774389057281361 ], [ -1.213939527782701, 44.774569015342841 ], [ -1.213686882182046, 44.77456506271006 ], [ -1.213681332608011, 44.774745020740724 ], [ -1.213428686275514, 44.77474106752463 ], [ -1.213423135865552, 44.774921025524357 ], [ -1.213170488801214, 44.774917071724985 ], [ -1.213159386257349, 44.775276987656369 ], [ -1.212906737677268, 44.775273033249015 ], [ -1.212901185543344, 44.775452991180678 ], [ -1.21239588697156, 44.775445080640701 ], [ -1.21239033321774, 44.775625038516765 ], [ -1.212137683226048, 44.775621082384106 ], [ -1.212132128636229, 44.775801040229268 ], [ -1.211879477912699, 44.775797083513304 ], [ -1.211885033286439, 44.775617125692847 ], [ -1.211632383398926, 44.775613168442923 ], [ -1.211626827241263, 44.775793126238682 ], [ -1.211374176621929, 44.775789168405446 ], [ -1.211351948334505, 44.776508999427328 ], [ -1.209836026898559, 44.776485240103206 ], [ -1.209841588752266, 44.776305282505334 ], [ -1.209588936146055, 44.776301320687409 ], [ -1.209594498731548, 44.776121363108025 ], [ -1.208836543577723, 44.776109474376462 ], [ -1.20883097864042, 44.776289431881665 ], [ -1.20832567389757, 44.776281503217902 ], [ -1.208320107340199, 44.776461460667399 ], [ -1.207814801238259, 44.776453529719568 ], [ -1.207809233060788, 44.776633487113315 ], [ -1.207303925599808, 44.776625553881338 ], [ -1.207298355802212, 44.776805511219365 ], [ -1.206540392650619, 44.776793607107173 ], [ -1.206534820448911, 44.77697356436466 ], [ -1.206282165385578, 44.776969595185214 ], [ -1.20627659234765, 44.777149552411679 ], [ -1.205771280809842, 44.777141612327192 ], [ -1.205765706151706, 44.777321569497907 ], [ -1.205260393255053, 44.777313627129182 ], [ -1.205249240646017, 44.77767354135274 ], [ -1.204996582708157, 44.77766956928081 ], [ -1.20499100554121, 44.777849526358459 ], [ -1.204485688254407, 44.777841580488996 ], [ -1.204491266989339, 44.777661623460922 ], [ -1.204743924822596, 44.777665596650216 ], [ -1.20474950272123, 44.777485639591127 ], [ -1.20449684567196, 44.777481666426631 ], [ -1.204502424302266, 44.777301709386094 ], [ -1.203997111928625, 44.777293761430656 ], [ -1.204008272168166, 44.776933847430037 ], [ -1.204513581405944, 44.776941795286277 ], [ -1.204519159879316, 44.776761838227003 ], [ -1.204771813792718, 44.776765811292321 ], [ -1.204777391429832, 44.776585854202018 ], [ -1.204524738300377, 44.776581881161484 ], [ -1.204530316669129, 44.776401924089733 ], [ -1.204025012135038, 44.77639397638228 ], [ -1.20403617185133, 44.776034062319212 ], [ -1.203530870662244, 44.776026112476373 ], [ -1.203542033304901, 44.775666198487542 ], [ -1.203289384356684, 44.775662222777783 ], [ -1.203294966383408, 44.7754822657988 ], [ -1.201779078496989, 44.775458399957728 ], [ -1.20177349176687, 44.775638356787788 ], [ -1.201520843185212, 44.77563437716757 ], [ -1.2015152556188, 44.775814333966544 ], [ -1.201262606305635, 44.77581035376285 ], [ -1.201251429447794, 44.776170267292407 ], [ -1.202262033286123, 44.776186184953993 ], [ -1.202245277013538, 44.776726055499445 ], [ -1.202497930455882, 44.776730033592685 ], [ -1.202503515148511, 44.776550076725613 ], [ -1.20275616785928, 44.776554054235383 ], [ -1.202761751715604, 44.776374097337268 ], [ -1.203014403694798, 44.776378074263562 ], [ -1.203008820622412, 44.776558031186497 ], [ -1.20351412630573, 44.776565983412759 ], [ -1.203502963139692, 44.776925897339176 ], [ -1.203755617627762, 44.776929872663942 ], [ -1.203733293803483, 44.777649700541005 ], [ -1.203480636179525, 44.777645725117019 ], [ -1.203469472385386, 44.778005638968487 ], [ -1.202964154158537, 44.777997686345266 ], [ -1.202958570614943, 44.778177643211997 ], [ -1.202200591315367, 44.778165710012573 ], [ -1.202195005367386, 44.778345666798621 ], [ -1.201942344921606, 44.778341687923295 ], [ -1.201947931653595, 44.778161731162058 ], [ -1.201695272044211, 44.778157751752872 ], [ -1.201700859507812, 44.77797779501023 ], [ -1.201448200734824, 44.777973815067185 ], [ -1.201453788930022, 44.777793858343159 ], [ -1.201706446919018, 44.777797838261357 ], [ -1.20171203427783, 44.777617881506231 ], [ -1.201206719920212, 44.777609921160817 ], [ -1.201217897616549, 44.77725000773119 ], [ -1.201470553201209, 44.777253988133559 ], [ -1.201487317000793, 44.776714117867762 ], [ -1.201234663767997, 44.776710137539872 ], [ -1.201229075103255, 44.776890094276567 ], [ -1.200976421138919, 44.776886113365208 ], [ -1.200982010587608, 44.776706156653368 ], [ -1.200729357459633, 44.7767021752082 ], [ -1.200734947639849, 44.77652221851497 ], [ -1.200482295348233, 44.776518236536006 ], [ -1.200476704384078, 44.776698193204368 ], [ -1.200224051360953, 44.776694210641907 ], [ -1.200235234804705, 44.776334297348569 ], [ -1.200740537767647, 44.776342261815493 ], [ -1.200751717865983, 44.775982348397775 ], [ -1.200246418038721, 44.775974384030256 ], [ -1.20025200957708, 44.775794427361731 ], [ -1.199746711527367, 44.77578646080935 ], [ -1.199757897582376, 44.775426547553003 ], [ -1.200010545013219, 44.775430531058817 ], [ -1.20002172929068, 44.775070617727728 ], [ -1.199769083427602, 44.775066634271639 ], [ -1.199774676271548, 44.774886677621602 ], [ -1.199522031244783, 44.774882693631767 ], [ -1.199516437616968, 44.775062650256949 ], [ -1.199263791858786, 44.775058665683616 ], [ -1.199235819013452, 44.775958448591538 ], [ -1.199993768203735, 44.775970401008529 ], [ -1.199982583401881, 44.776330314277118 ], [ -1.19871932717453, 44.77631039054031 ], [ -1.198713730775299, 44.776490347040941 ], [ -1.198461078903308, 44.776486360592763 ], [ -1.198455481667661, 44.776666317062229 ], [ -1.198202829064222, 44.776662330030568 ], [ -1.198197230992149, 44.776842286468941 ], [ -1.197944577657263, 44.77683829885369 ], [ -1.197933379787732, 44.777198211661926 ], [ -1.197680724937446, 44.777194223438272 ], [ -1.197669525289971, 44.777554136171752 ], [ -1.197416868924267, 44.777550147339667 ], [ -1.197422469558228, 44.777370191000948 ], [ -1.197169814029011, 44.777366201635076 ], [ -1.197175415394416, 44.777186245314979 ], [ -1.196922760701684, 44.777182255415354 ], [ -1.196928362798516, 44.777002299113917 ], [ -1.196423055138561, 44.776994317688462 ], [ -1.196417451473827, 44.777174273940105 ], [ -1.196164796938715, 44.77717028236448 ], [ -1.196176005783531, 44.77681036990478 ], [ -1.195923352868867, 44.776806377820336 ], [ -1.195934563071334, 44.776446465385469 ], [ -1.195681911777092, 44.776442472792191 ], [ -1.195698729038338, 44.775902604167769 ], [ -1.195951377980841, 44.775906596686298 ], [ -1.195962587657722, 44.775546684188939 ], [ -1.195457292960858, 44.775538698692877 ], [ -1.195468505563033, 44.775178786270189 ], [ -1.195215859861211, 44.775174792734049 ], [ -1.19522146686731, 44.774994836538248 ], [ -1.194968822001933, 44.774990842468448 ], [ -1.194974429739315, 44.774810886291284 ], [ -1.194469141734037, 44.774802896525635 ], [ -1.194463532428939, 44.774982852652926 ], [ -1.194210887721336, 44.774978856907261 ], [ -1.194182836487444, 44.775878637325206 ], [ -1.193930187913053, 44.775874640896262 ], [ -1.193952632140911, 44.77515481667411 ], [ -1.193699986754664, 44.775150819786269 ], [ -1.193711210120626, 44.774790907687567 ], [ -1.19320592264144, 44.774782912335802 ], [ -1.193211535813189, 44.774602956327001 ], [ -1.192958892936392, 44.774598957838144 ], [ -1.19297012068966, 44.77423904585163 ], [ -1.193222761998783, 44.774243044290571 ], [ -1.19322837501263, 44.774063088262999 ], [ -1.192217813227306, 44.77404709125544 ], [ -1.192223429323791, 44.773867135321439 ], [ -1.191970789792911, 44.773863134698004 ], [ -1.191976406620542, 44.773683178782697 ], [ -1.191723767926139, 44.773679177625645 ], [ -1.191712532650585, 44.774039089400084 ], [ -1.191459892441235, 44.774035087634523 ], [ -1.191454273940622, 44.774215043487381 ], [ -1.191201633000136, 44.774211041138237 ], [ -1.191212871516313, 44.773851129476228 ], [ -1.190960232196152, 44.773847126618435 ], [ -1.190965852159011, 44.77366717080303 ], [ -1.190460575244401, 44.773659163461652 ], [ -1.190466196722157, 44.773479207689967 ], [ -1.190213559127713, 44.773475203206395 ], [ -1.19020793686616, 44.773655158953119 ], [ -1.189955298540638, 44.773651153885965 ], [ -1.189949675442562, 44.773831109601446 ], [ -1.189444397382098, 44.773823097741399 ], [ -1.189438772663674, 44.774003053400648 ], [ -1.188933493246563, 44.773995039256242 ], [ -1.188927866907763, 44.774174994859216 ], [ -1.188422586134051, 44.774166978430458 ], [ -1.188411330162873, 44.774526889517617 ], [ -1.187653404695168, 44.774514860534914 ], [ -1.187659035058628, 44.774334905069502 ], [ -1.186901112417564, 44.774322871134501 ], [ -1.186906745079687, 44.774142915737912 ], [ -1.186654105088774, 44.774138903334112 ], [ -1.186659738481889, 44.773958947956324 ], [ -1.187165016948909, 44.773966972155335 ], [ -1.187170648721595, 44.773787016721222 ], [ -1.187423287250517, 44.773791027957827 ], [ -1.187428918186597, 44.773611072492443 ], [ -1.188186831738743, 44.773623102775609 ], [ -1.18819808874978, 44.773263191675937 ], [ -1.187945452413853, 44.773259182190195 ], [ -1.187939823150938, 44.773439137718128 ], [ -1.187181912108541, 44.773427105834273 ], [ -1.187176280441472, 44.773607061280863 ], [ -1.186671005109652, 44.773599037182009 ], [ -1.186665371822181, 44.773778992572296 ], [ -1.186160095134059, 44.773770966189034 ], [ -1.186165729989119, 44.773591010848833 ], [ -1.185407817704615, 44.773578967159708 ], [ -1.185413454858195, 44.773399011888408 ], [ -1.18516081831952, 44.773394996233272 ], [ -1.18516645620402, 44.773215040980766 ], [ -1.184661184852827, 44.773207008044871 ], [ -1.184672463598295, 44.772847097621344 ], [ -1.184925097679926, 44.772851114318449 ], [ -1.184930736189587, 44.77267115907221 ], [ -1.184678102891711, 44.772667142400209 ], [ -1.18468374213225, 44.772487187172786 ], [ -1.184936374646379, 44.772491203819769 ], [ -1.184942013050299, 44.772311248561074 ], [ -1.185194644833559, 44.772315264624432 ], [ -1.185183369540333, 44.772675175185718 ], [ -1.185436002943944, 44.772679190740618 ], [ -1.18543036600179, 44.772859146036964 ], [ -1.185683000242013, 44.772863161058361 ], [ -1.185677364030768, 44.773043116373486 ], [ -1.186687904655131, 44.773059170973646 ], [ -1.18669917075468, 44.772699260136797 ], [ -1.186951804475314, 44.772703272340344 ], [ -1.186963068796091, 44.772343361428426 ], [ -1.187215701002039, 44.772347373023329 ], [ -1.187221332299475, 44.772167417532955 ], [ -1.186968700877264, 44.772163405963063 ], [ -1.18697996488118, 44.771803495013621 ], [ -1.186727335079231, 44.771799482935243 ], [ -1.186732967785691, 44.771619527476183 ], [ -1.186480338820274, 44.771615514864301 ], [ -1.186485972257625, 44.77143555942402 ], [ -1.186233344128738, 44.771431546278649 ], [ -1.186238978296966, 44.771251590857133 ], [ -1.185986351004605, 44.771247577178251 ], [ -1.185991985903697, 44.771067621775572 ], [ -1.184728854153032, 44.771047545128418 ], [ -1.184723215335493, 44.771227500405857 ], [ -1.184470588360261, 44.771223483375771 ], [ -1.184464948706153, 44.771403438621896 ], [ -1.184212321000107, 44.771399421008212 ], [ -1.184206680509419, 44.771579376223023 ], [ -1.184459308999169, 44.771583393861746 ], [ -1.184448029426548, 44.771943304322718 ], [ -1.184700659536606, 44.771947321453084 ], [ -1.184689381319912, 44.772307231939152 ], [ -1.184184118017771, 44.772299197019649 ], [ -1.184178477262631, 44.772479152203168 ], [ -1.183925844907155, 44.772475133880526 ], [ -1.183937127932011, 44.772115223557378 ], [ -1.1836844971969, 44.772111204726315 ], [ -1.183690139413705, 44.771931249580433 ], [ -1.183437509515223, 44.771927230215923 ], [ -1.18342058035491, 44.772467095559541 ], [ -1.183167948158153, 44.77246307556122 ], [ -1.183156660219216, 44.772822985708878 ], [ -1.18290402650789, 44.772818965101841 ], [ -1.182887091851268, 44.773358830201133 ], [ -1.182634455841579, 44.773354808960242 ], [ -1.182651392849493, 44.772814943936233 ], [ -1.182398759244032, 44.772810922212059 ], [ -1.182410051885443, 44.772451012214951 ], [ -1.182157419900417, 44.772446989982413 ], [ -1.182163066925442, 44.772267034999572 ], [ -1.181657804681712, 44.772258988909044 ], [ -1.181674750141396, 44.771719124073584 ], [ -1.181422121450126, 44.771715100265816 ], [ -1.181433419725832, 44.771355190394459 ], [ -1.182191301256327, 44.771367259991521 ], [ -1.182202594618047, 44.771007349944512 ], [ -1.181697343346164, 44.77099930420539 ], [ -1.181691695124415, 44.771179259181821 ], [ -1.180933816262773, 44.771167186308901 ], [ -1.180939466835562, 44.770987231407787 ], [ -1.180686841437983, 44.770983206024887 ], [ -1.180692492741461, 44.77080325114261 ], [ -1.180439868180543, 44.770799225226298 ], [ -1.180445520214694, 44.770619270362928 ], [ -1.180192896490434, 44.770615243913213 ], [ -1.180209854625863, 44.770075379360904 ], [ -1.180462475999179, 44.770079405735238 ], [ -1.18047377959053, 44.769719495952202 ], [ -1.180726399449579, 44.769723521717793 ], [ -1.180743352088326, 44.769183656920859 ], [ -1.180995969649523, 44.769187682052639 ], [ -1.181018569291733, 44.768467862135395 ], [ -1.181271183771558, 44.768471886608204 ], [ -1.181288130596301, 44.767932021529241 ], [ -1.181540742778405, 44.767936045368288 ], [ -1.181552038829654, 44.767576135234108 ], [ -1.181804649497627, 44.767580158464469 ], [ -1.181832884781431, 44.766680382894101 ], [ -1.181327671333632, 44.766672336126 ], [ -1.181316374244921, 44.7670322462725 ], [ -1.181568982509358, 44.767036269986008 ], [ -1.181563334669079, 44.767216225074961 ], [ -1.181310725621124, 44.767212201336378 ], [ -1.181305076944364, 44.767392156393981 ], [ -1.181052467165844, 44.767388132071801 ], [ -1.181046817652589, 44.767568087098041 ], [ -1.18079420714351, 44.767564062192321 ], [ -1.180788556793743, 44.767744017187198 ], [ -1.180535945554102, 44.767739991697894 ], [ -1.180513340491017, 44.768459811514333 ], [ -1.180260726170136, 44.768455785366072 ], [ -1.180238117124892, 44.769175604981911 ], [ -1.179985499722666, 44.769171578174699 ], [ -1.179979846545257, 44.769351533037863 ], [ -1.179727228412439, 44.76934750564704 ], [ -1.179704612038244, 44.77006732493669 ], [ -1.179451990823954, 44.770063296886825 ], [ -1.179429370466906, 44.770783115975817 ], [ -1.179176746171041, 44.770779087266902 ], [ -1.179165434107023, 44.771138996723593 ], [ -1.178660182539722, 44.771130937529605 ], [ -1.178671497738424, 44.770771028173499 ], [ -1.177913625487372, 44.770758935344517 ], [ -1.177924945175808, 44.770399026114283 ], [ -1.1771670781043, 44.770386928409614 ], [ -1.177161415935672, 44.770566882952359 ], [ -1.176656169919479, 44.770558814973015 ], [ -1.17665050613045, 44.770738769459172 ], [ -1.176397882418355, 44.770734734606577 ], [ -1.176409211510608, 44.770374825678331 ], [ -1.176156589418926, 44.770370790317564 ], [ -1.176162254669022, 44.770190835869244 ], [ -1.175909633414099, 44.77018679997515 ], [ -1.175903967380365, 44.770366754398282 ], [ -1.175398723462633, 44.770358680884215 ], [ -1.175393055808483, 44.770538635250709 ], [ -1.174635187979538, 44.770526520715187 ], [ -1.174629517921297, 44.770706474999841 ], [ -1.17437689463432, 44.770702435679119 ], [ -1.174371223739256, 44.770882389932318 ], [ -1.174876471933689, 44.770890468065652 ], [ -1.174853794091095, 44.771610285217413 ], [ -1.175106421402756, 44.771614323547126 ], [ -1.175095083729891, 44.771974232135825 ], [ -1.174842454850837, 44.771970193755749 ], [ -1.174831115397926, 44.772330102269038 ], [ -1.174578485004609, 44.772326063279998 ], [ -1.174589826024941, 44.771966154817129 ], [ -1.174337197252219, 44.77196211531998 ], [ -1.17434286846633, 44.771782161104355 ], [ -1.174090240530481, 44.771778121073865 ], [ -1.174073224377494, 44.772317983626323 ], [ -1.17331533383573, 44.77230585995671 ], [ -1.173303984765468, 44.77266576814241 ], [ -1.173051353123839, 44.772661725751689 ], [ -1.173045677725162, 44.772841679809929 ], [ -1.172287780768403, 44.772829549210734 ], [ -1.172293458518277, 44.772649595228195 ], [ -1.172040827089557, 44.772645550603244 ], [ -1.172023791328999, 44.773185412456421 ], [ -1.171771157602308, 44.773181367197182 ], [ -1.171765478125211, 44.773361321110478 ], [ -1.172018112635654, 44.773365366394927 ], [ -1.172012433889059, 44.773545320327187 ], [ -1.172517704637202, 44.773553409270889 ], [ -1.172512027404898, 44.773733363247352 ], [ -1.172764663642592, 44.773737406906562 ], [ -1.172758987140831, 44.77391736090199 ], [ -1.173011624215528, 44.773921404027867 ], [ -1.173000272619897, 44.774281312050434 ], [ -1.173252911315393, 44.774285354668173 ], [ -1.17321885995407, 44.77536507873689 ], [ -1.173471503405694, 44.775369120947381 ], [ -1.173420429826336, 44.776988706854802 ], [ -1.173167779319848, 44.776984664417313 ], [ -1.173156427482358, 44.777344572277421 ], [ -1.172903775461265, 44.777340529230841 ], [ -1.17289809867876, 44.777520483126267 ], [ -1.172392793228426, 44.777512395306708 ], [ -1.172387114824826, 44.777692349145433 ], [ -1.17162915469691, 44.777680213150546 ], [ -1.171634835452299, 44.777500259387558 ], [ -1.171382182966786, 44.777496212963882 ], [ -1.171387864452827, 44.777316259219909 ], [ -1.171135212804509, 44.777312212262842 ], [ -1.171146577184582, 44.776952304806557 ], [ -1.170893927157366, 44.776948257341409 ], [ -1.1709052928921, 44.776588349910568 ], [ -1.170652644485959, 44.776584301937248 ], [ -1.170658328057276, 44.776404348237691 ], [ -1.170153032972653, 44.776396250665748 ], [ -1.170147347833572, 44.776576204314786 ], [ -1.169894699587341, 44.776572154665587 ], [ -1.169883327581465, 44.776932061894328 ], [ -1.169378028113397, 44.776923960819033 ], [ -1.169372340462679, 44.777103914373441 ], [ -1.16987764149855, 44.777112015499277 ], [ -1.169866269172762, 44.777471922690424 ], [ -1.170118921338507, 44.77747597246595 ], [ -1.170113235879557, 44.777655926077372 ], [ -1.170365888882542, 44.777659975319516 ], [ -1.170360204154211, 44.777839928949945 ], [ -1.170612857994435, 44.777843977658705 ], [ -1.170595805841441, 44.778383838588255 ], [ -1.170343149649373, 44.778379789803729 ], [ -1.170337464707811, 44.778559743409104 ], [ -1.170842778713174, 44.77856784047006 ], [ -1.170848462086809, 44.778387886814109 ], [ -1.172869713967734, 44.778420252509484 ], [ -1.172864036865826, 44.778600206367351 ], [ -1.173369351936494, 44.778608292255029 ], [ -1.173363676349303, 44.778788246157063 ], [ -1.173616334748451, 44.77879228828813 ], [ -1.173604984982377, 44.779152196123889 ], [ -1.173857645002716, 44.779156237746733 ], [ -1.173851970823856, 44.779336191680436 ], [ -1.175873259173485, 44.779368504752306 ], [ -1.175878927080324, 44.779188550617 ], [ -1.176131587579278, 44.779192587211725 ], [ -1.176108918769081, 44.779912403816198 ], [ -1.175856255134063, 44.77990836712074 ], [ -1.175833582337368, 44.7806281835243 ], [ -1.176086249108568, 44.780632220320527 ], [ -1.176080581560573, 44.780812174430956 ], [ -1.176333249168985, 44.780816210693651 ], [ -1.176327582351914, 44.78099616482303 ], [ -1.176580250797541, 44.781000200552192 ], [ -1.176574584711408, 44.781180154700472 ], [ -1.176827253994247, 44.781184189896116 ], [ -1.176821588639072, 44.781364144063303 ], [ -1.178590280594726, 44.781392374964796 ], [ -1.178584620675104, 44.781572329301881 ], [ -1.178837291950948, 44.781576360078091 ], [ -1.178831632762356, 44.781756314434055 ], [ -1.179084304875377, 44.781760344676663 ], [ -1.179078646417831, 44.781940299051513 ], [ -1.17933131936803, 44.781944328760531 ], [ -1.179325661641546, 44.782124283154268 ], [ -1.181599727637113, 44.782160525618401 ], [ -1.181588426139445, 44.782520434839412 ], [ -1.1813357503596, 44.782516410083709 ], [ -1.181330098747126, 44.782696364659699 ], [ -1.180824745778136, 44.782688313421787 ], [ -1.180830398958908, 44.782508358896031 ], [ -1.179061670726811, 44.782480162138576 ], [ -1.179067329343549, 44.782300207782477 ], [ -1.177803957547397, 44.782280050604825 ], [ -1.177809620031714, 44.782100096368254 ], [ -1.177304273253165, 44.782092029636352 ], [ -1.177298609200594, 44.782271983822589 ], [ -1.176035239263243, 44.782251807089025 ], [ -1.176029571236896, 44.782431761143108 ], [ -1.17527154755987, 44.782419648322538 ], [ -1.175265877127959, 44.782599602294795 ], [ -1.17551855241794, 44.782603640485583 ], [ -1.175512882716996, 44.782783594476754 ], [ -1.17424950287822, 44.782763397809326 ], [ -1.174243829203358, 44.782943351668237 ], [ -1.174749182547601, 44.782951432061871 ], [ -1.174743510387846, 44.783131385964943 ], [ -1.175248865513169, 44.783139464173992 ], [ -1.175254536104609, 44.782959510220522 ], [ -1.175759889874327, 44.782967586144117 ], [ -1.175765558844288, 44.782787632133996 ], [ -1.176018235024743, 44.782791669232516 ], [ -1.176012566838934, 44.782971623267834 ], [ -1.176770598051655, 44.782983731286365 ], [ -1.176764932165173, 44.783163685390953 ], [ -1.177017610126516, 44.783167720304803 ], [ -1.177011944971071, 44.78334767442832 ], [ -1.177264623769712, 44.783351708808588 ], [ -1.177213642037777, 44.784971295865091 ], [ -1.176960956181276, 44.784967261258281 ], [ -1.17694395896165, 44.785507123422228 ], [ -1.176691270805531, 44.785503088181073 ], [ -1.176685604175124, 44.785683042198031 ], [ -1.175927537672856, 44.785670933046212 ], [ -1.175921868636493, 44.785850886981365 ], [ -1.173394975909715, 44.785810486567605 ], [ -1.173400652788748, 44.785630532884525 ], [ -1.172895276450543, 44.785622446146583 ], [ -1.172889598002983, 44.785802399779179 ], [ -1.173142286929725, 44.785806443452785 ], [ -1.173136609213184, 44.785986397104367 ], [ -1.173389298977444, 44.785990440244404 ], [ -1.173377944953185, 44.786350347579216 ], [ -1.172872562340786, 44.786342260639444 ], [ -1.172866883680211, 44.786522214246972 ], [ -1.17311957574408, 44.786526258021532 ], [ -1.173113897814549, 44.786706211648038 ], [ -1.17286120496638, 44.786702167848276 ], [ -1.172855526199296, 44.78688212144332 ], [ -1.173360913517495, 44.786890208534473 ], [ -1.173372267861196, 44.786530301237242 ], [ -1.173624960031554, 44.786534343894132 ], [ -1.173619283670624, 44.786714297571116 ], [ -1.174124669739637, 44.786722381258897 ], [ -1.174113319995327, 44.787082288694933 ], [ -1.174366014678293, 44.78708632975102 ], [ -1.174354666289759, 44.787446237212457 ], [ -1.174101970038137, 44.787442196105957 ], [ -1.17409629497971, 44.787622149802054 ], [ -1.17384359799697, 44.787618108111474 ], [ -1.173832246151748, 44.787978015434483 ], [ -1.173326849208566, 44.787969930275949 ], [ -1.17332117163739, 44.788149883877594 ], [ -1.173068472461305, 44.788145840434829 ], [ -1.173062794052516, 44.78832579400499 ], [ -1.172810094145319, 44.788321749978138 ], [ -1.172815773338475, 44.788141796433194 ], [ -1.172563074268904, 44.788137751872711 ], [ -1.172551714260593, 44.788497658905882 ], [ -1.173057115590472, 44.788505747568898 ], [ -1.173051437075174, 44.788685701126532 ], [ -1.173304138604381, 44.788689744645005 ], [ -1.173298460820214, 44.788869698221625 ], [ -1.173803865607141, 44.788877783632415 ], [ -1.173781160213252, 44.789597598078025 ], [ -1.172517632957177, 44.789577379854968 ], [ -1.17251195255349, 44.789757333324559 ], [ -1.172764658682611, 44.789761378112161 ], [ -1.172758979010081, 44.789941331600737 ], [ -1.173011685976901, 44.789945375854693 ], [ -1.173017364865, 44.789765422340899 ], [ -1.173270071100647, 44.789769466010739 ], [ -1.173253036629894, 44.790309326609091 ], [ -1.173758453967582, 44.790317412423477 ], [ -1.173752777273069, 44.790497365994199 ], [ -1.174005486806231, 44.790501408088261 ], [ -1.174011162716288, 44.790321454492336 ], [ -1.174263871518225, 44.790325496002303 ], [ -1.174275221609751, 44.789965588741254 ], [ -1.174527928896019, 44.789969629641888 ], [ -1.17453927720579, 44.78960972230535 ], [ -1.175044688800234, 44.789617802329133 ], [ -1.175050361306455, 44.789437848601075 ], [ -1.176819298071433, 44.789466110903263 ], [ -1.176813631056184, 44.789646064807691 ], [ -1.177319043607757, 44.789654134771631 ], [ -1.177313378108229, 44.789834088720163 ], [ -1.177566085248155, 44.789838122888987 ], [ -1.177554755658592, 44.79019803081755 ], [ -1.177807464420539, 44.790202064477818 ], [ -1.177790471991129, 44.790741926399299 ], [ -1.178043183159594, 44.790745959576164 ], [ -1.178026192605546, 44.79128582151678 ], [ -1.178531619808751, 44.791293886344761 ], [ -1.17853728181089, 44.791113932320478 ], [ -1.179800846825566, 44.791134084483645 ], [ -1.179795188745919, 44.791314038633658 ], [ -1.180300616692297, 44.791322095636794 ], [ -1.180294960128601, 44.791502049830832 ], [ -1.180547674965878, 44.791506077519145 ], [ -1.180536363248374, 44.791865985938699 ], [ -1.180789079707736, 44.791870013118363 ], [ -1.18076645877435, 44.792589829982823 ], [ -1.180513739176818, 44.792585802702668 ], [ -1.18050808302631, 44.792765756878033 ], [ -1.180255362697266, 44.792761729013769 ], [ -1.180249705709143, 44.792941683157721 ], [ -1.179996984648584, 44.792937654709398 ], [ -1.179991326822832, 44.793117608821973 ], [ -1.179738605030764, 44.793113579789562 ], [ -1.179732946367366, 44.793293533870731 ], [ -1.178469334280349, 44.793273380198627 ], [ -1.178474996866645, 44.793093426243196 ], [ -1.178222275393116, 44.793089393857073 ], [ -1.178227938710874, 44.792909439920571 ], [ -1.17797521807503, 44.792905407000646 ], [ -1.177980882124237, 44.792725453083037 ], [ -1.177475442581047, 44.792717385616704 ], [ -1.177464111291254, 44.793077293345014 ], [ -1.17721139003023, 44.793073258723084 ], [ -1.177188723674644, 44.793793074003858 ], [ -1.177441448074012, 44.793797108726487 ], [ -1.17744711395803, 44.793617154890512 ], [ -1.178205285121148, 44.793629255629114 ], [ -1.178199621590924, 44.793809209540562 ], [ -1.178452346202808, 44.793813242027348 ], [ -1.178435357647268, 44.794353103799715 ], [ -1.178182630681544, 44.79434907123747 ], [ -1.178176966938844, 44.794529025123921 ], [ -1.177924239241609, 44.794524991977511 ], [ -1.177918574661154, 44.794704945832557 ], [ -1.177665846232412, 44.794700912102016 ], [ -1.177671511597501, 44.794520958272152 ], [ -1.17741878400653, 44.794516924007809 ], [ -1.177413117856805, 44.794696877812477 ], [ -1.177160389534341, 44.79469284296399 ], [ -1.177154722546832, 44.794872796737252 ], [ -1.175132891604047, 44.794840497624456 ], [ -1.175121544915181, 44.795200404749089 ], [ -1.174868814717405, 44.795196364794151 ], [ -1.174863140508498, 44.795376318321878 ], [ -1.174610409579284, 44.795372277782761 ], [ -1.174621759513189, 44.795012370771438 ], [ -1.173863571752848, 44.795000245951407 ], [ -1.173869248993886, 44.794820292512028 ], [ -1.173616520631564, 44.794816249812605 ], [ -1.173610842605886, 44.794996203226752 ], [ -1.173358113512179, 44.794992159943106 ], [ -1.173318360348588, 44.796251833490317 ], [ -1.173065625815462, 44.796247789471053 ], [ -1.173054265719936, 44.796607696091989 ], [ -1.172801529670683, 44.796603651463293 ], [ -1.172795848758295, 44.79678360473914 ], [ -1.172543111977612, 44.796779559526165 ], [ -1.172531748423543, 44.797139466008566 ], [ -1.172279010126708, 44.797135420186081 ], [ -1.172273327485005, 44.797315373392671 ], [ -1.172020588456736, 44.797311326985906 ], [ -1.172014904976994, 44.797491280160955 ], [ -1.171509425510906, 44.797483185619875 ], [ -1.171503740408365, 44.797663138738159 ], [ -1.170998259586075, 44.797655041910438 ], [ -1.170992572860709, 44.797834994971943 ], [ -1.169223386169955, 44.797806638288463 ], [ -1.169229078388567, 44.797626685403898 ], [ -1.168723598526809, 44.7976185785136 ], [ -1.168746373145203, 44.796898767114989 ], [ -1.169504583601187, 44.796910926308399 ], [ -1.169510274768151, 44.796730973367218 ], [ -1.169763010908867, 44.79673502528837 ], [ -1.169768701237751, 44.796555072315648 ], [ -1.17027417210988, 44.796563174430368 ], [ -1.17029123806817, 44.796023315322927 ], [ -1.169785771904181, 44.796015213359858 ], [ -1.169774391513264, 44.796375119336638 ], [ -1.169521656941946, 44.796371067466062 ], [ -1.169550111442352, 44.795471302603509 ], [ -1.16929738084778, 44.795467250300341 ], [ -1.169314455261467, 44.79492739138351 ], [ -1.169061727074209, 44.794923338597201 ], [ -1.169050342615852, 44.795283244497469 ], [ -1.168544883262949, 44.795275137146753 ], [ -1.16853918938439, 44.795455090036867 ], [ -1.168286459003389, 44.795451035497763 ], [ -1.168280764286768, 44.795630988356336 ], [ -1.168028033174522, 44.79562693323291 ], [ -1.168005250635221, 44.796346744503367 ], [ -1.167752516437699, 44.796342688719747 ], [ -1.167718336317842, 44.79742240528563 ], [ -1.167465597465485, 44.797418348791126 ], [ -1.167442806511293, 44.798138159608492 ], [ -1.167190064573393, 44.798134102453716 ], [ -1.167184365916478, 44.798314055117075 ], [ -1.166931623247259, 44.798309997377928 ], [ -1.166943022077163, 44.79795009209559 ], [ -1.167195763176861, 44.79795414978409 ], [ -1.167218557056245, 44.797234339042902 ], [ -1.167471295070434, 44.797238396071108 ], [ -1.167482690120013, 44.796878490612308 ], [ -1.167229953675259, 44.796874433634699 ], [ -1.167224255392474, 44.797054386341962 ], [ -1.166213307009132, 44.797038152740221 ], [ -1.166207605534027, 44.797218105339901 ], [ -1.165702130093742, 44.797209985134252 ], [ -1.165707833138282, 44.797030032585262 ], [ -1.165202359481389, 44.797021910194225 ], [ -1.165196654867418, 44.797201862692546 ], [ -1.16494391733451, 44.797197800633171 ], [ -1.164938211882309, 44.797377753099866 ], [ -1.164685473618193, 44.797373690456112 ], [ -1.164679767327752, 44.797553642891238 ], [ -1.164174289390627, 44.797545515875974 ], [ -1.164162873510225, 44.797905420625945 ], [ -1.163657392648291, 44.797897291273124 ], [ -1.163651683058287, 44.798077243587983 ], [ -1.163398941922896, 44.798073178047666 ], [ -1.163404652297648, 44.797893225758159 ], [ -1.163151912000564, 44.797889159684196 ], [ -1.163146200841062, 44.798069111948308 ], [ -1.162893459812798, 44.798065045289931 ], [ -1.162882035763581, 44.798424949748615 ], [ -1.162376550728754, 44.798416814653244 ], [ -1.162353695709179, 44.799136623292362 ], [ -1.162606441338916, 44.799140691221105 ], [ -1.162600728234839, 44.799320643390566 ], [ -1.16310622122466, 44.799328777621646 ], [ -1.16311193275914, 44.799148825401396 ], [ -1.16336467854961, 44.79915289165298 ], [ -1.163358967799929, 44.799332843898597 ], [ -1.163611714428762, 44.799336909616471 ], [ -1.163606004410326, 44.799516861881202 ], [ -1.163858751877523, 44.799520927065387 ], [ -1.163864461111154, 44.799340974775326 ], [ -1.164369954636575, 44.799349103415778 ], [ -1.164375662247054, 44.799169151068732 ], [ -1.165133900582267, 44.799181339760466 ], [ -1.165139605784825, 44.799001387331082 ], [ -1.166403333489659, 44.799021690509477 ], [ -1.166409034714755, 44.798841737947129 ], [ -1.166661779631383, 44.798845796880315 ], [ -1.166656079191079, 44.799025749467972 ], [ -1.166908824945962, 44.799029807867441 ], [ -1.166903125236991, 44.799209760474163 ], [ -1.167155871830139, 44.799213818339886 ], [ -1.167150172852514, 44.799393770965651 ], [ -1.167402920283922, 44.799397828297643 ], [ -1.167397222037662, 44.799577780942457 ], [ -1.167902718630442, 44.799585893979831 ], [ -1.167897021900383, 44.799765846669018 ], [ -1.16814977106175, 44.7997699023744 ], [ -1.168144075063091, 44.799949855082623 ], [ -1.168396825062717, 44.799953910254274 ], [ -1.16838543447481, 44.800313815702502 ], [ -1.168638186097543, 44.800317870365667 ], [ -1.168632491508314, 44.800497823105673 ], [ -1.168885243969318, 44.800501877235043 ], [ -1.168873856200359, 44.800861782746878 ], [ -1.169126610284502, 44.800865836367741 ], [ -1.169120917104793, 44.80104578913955 ], [ -1.169373672027216, 44.801049842226625 ], [ -1.16933951653696, 44.80212955887766 ], [ -1.169086756905104, 44.802125505638863 ], [ -1.169075369744651, 44.802485411088504 ], [ -1.16882260859633, 44.802481357239991 ], [ -1.168816914151049, 44.80266130993013 ], [ -1.168564152271195, 44.802657255497195 ], [ -1.16855845698755, 44.802837208155765 ], [ -1.168052931818209, 44.802829097561911 ], [ -1.168047234911226, 44.803009050163624 ], [ -1.167036182074002, 44.802992822165095 ], [ -1.167030481973727, 44.803172774659267 ], [ -1.166524954305953, 44.803164657254577 ], [ -1.166519252582273, 44.803344609691834 ], [ -1.166266488043636, 44.803340550125462 ], [ -1.166260785481498, 44.803520502531136 ], [ -1.165755254994748, 44.803512381670295 ], [ -1.165749550809157, 44.803692334019019 ], [ -1.165496784861052, 44.803688272724536 ], [ -1.165508194748688, 44.803328368071497 ], [ -1.165255430424051, 44.803324306268557 ], [ -1.165266841667568, 44.802964401641127 ], [ -1.165014078966371, 44.802960339329736 ], [ -1.164996959665924, 44.80350019618546 ], [ -1.164744194663359, 44.803496133238902 ], [ -1.164738487337843, 44.803676085486245 ], [ -1.16524401896646, 44.803684210870919 ], [ -1.165232607294794, 44.804044115448221 ], [ -1.166243677474147, 44.804060359710533 ], [ -1.166237974698046, 44.804240312091139 ], [ -1.166743511678712, 44.804248430918037 ], [ -1.166737810419146, 44.804428383343044 ], [ -1.166990579774716, 44.804432441943064 ], [ -1.166984879246693, 44.804612394387128 ], [ -1.167490419688273, 44.804620509960394 ], [ -1.167484720676841, 44.804800462448789 ], [ -1.167737491762851, 44.804804519421992 ], [ -1.167743189989253, 44.804624566908245 ], [ -1.167995960343682, 44.804628623296956 ], [ -1.168007355066101, 44.804268718200085 ], [ -1.168260123903929, 44.804272773979015 ], [ -1.16826582039997, 44.804092821395869 ], [ -1.168518588506221, 44.80409687659035 ], [ -1.168524284163824, 44.803916923975621 ], [ -1.169029818966588, 44.803925032636513 ], [ -1.169035513000774, 44.803745079964941 ], [ -1.170299347017234, 44.803765341705549 ], [ -1.170293656908041, 44.803945294503556 ], [ -1.170546424656479, 44.803949345199506 ], [ -1.170540735278922, 44.804129298016505 ], [ -1.170793503865736, 44.804133348178581 ], [ -1.170787815219827, 44.804313301014595 ], [ -1.171040584645015, 44.804317350642762 ], [ -1.17103489673077, 44.804497303497769 ], [ -1.171287666994337, 44.804501352592041 ], [ -1.17128197981177, 44.804681305466076 ], [ -1.171534750913713, 44.804685354026468 ], [ -1.171529064462843, 44.804865306919467 ], [ -1.171781836403164, 44.804869354945929 ], [ -1.171770464911503, 44.805229260763696 ], [ -1.17202323847526, 44.80523330828148 ], [ -1.172017553434494, 44.805413261206226 ], [ -1.172270327836641, 44.80541730819008 ], [ -1.172241905758324, 44.806317072846106 ], [ -1.171989127430748, 44.806313025735989 ], [ -1.171983442070012, 44.80649297862314 ], [ -1.171730663010659, 44.806488930928523 ], [ -1.171724976811479, 44.806668883784191 ], [ -1.171219417282567, 44.806660786666889 ], [ -1.171225105051972, 44.806480833861769 ], [ -1.170972326152653, 44.806476784489575 ], [ -1.170955260329016, 44.807016642810346 ], [ -1.170702479127697, 44.807012592803154 ], [ -1.170708168574064, 44.806832640061089 ], [ -1.170455388211243, 44.806828589519917 ], [ -1.170478148603466, 44.806108778590165 ], [ -1.16997259431881, 44.806100676032464 ], [ -1.169978285853609, 44.8059207233349 ], [ -1.168461628991698, 44.805896402392889 ], [ -1.168467325183582, 44.805716449840837 ], [ -1.168214550011971, 44.80571239441862 ], [ -1.168220246935494, 44.805532441885603 ], [ -1.167967472602391, 44.80552838592952 ], [ -1.167973170257538, 44.80534843341556 ], [ -1.167720396762941, 44.805344376925625 ], [ -1.167726095149695, 44.805164424430671 ], [ -1.167473322493601, 44.805160367406842 ], [ -1.167450525485618, 44.80588017724773 ], [ -1.167703301281965, 44.805884234372819 ], [ -1.167652011952495, 44.807503806376118 ], [ -1.167399229090144, 44.807499749023187 ], [ -1.16738782930304, 44.807859653793265 ], [ -1.167135044923853, 44.807855595830489 ], [ -1.167123643352546, 44.808215500524867 ], [ -1.166870857456503, 44.808211441952217 ], [ -1.166865155805459, 44.808391394264696 ], [ -1.166612369177725, 44.80838733510749 ], [ -1.16660096414481, 44.808747239662949 ], [ -1.166348176000193, 44.808743179895849 ], [ -1.166342472618302, 44.808923132138851 ], [ -1.166089683741988, 44.808919071787159 ], [ -1.166083979521392, 44.809099023998591 ], [ -1.165578400358892, 44.809090901566805 ], [ -1.165572694514366, 44.809270853721266 ], [ -1.165067113995541, 44.809262729001802 ], [ -1.165061406527056, 44.809442681099313 ], [ -1.163797452240973, 44.809422359386964 ], [ -1.16379174079284, 44.809602311351362 ], [ -1.162274992706317, 44.809577906688929 ], [ -1.16226356022657, 44.809937810294429 ], [ -1.162010767495989, 44.80993374084251 ], [ -1.162033635381881, 44.809213933708001 ], [ -1.161780845845805, 44.809209863798387 ], [ -1.161786563468411, 44.80902991202445 ], [ -1.161533774771172, 44.809025841581018 ], [ -1.161539493125337, 44.80884588982623 ], [ -1.161286705266931, 44.808841818848919 ], [ -1.161338175107074, 44.807222253002351 ], [ -1.161590955899078, 44.807226323751038 ], [ -1.161608109191545, 44.806686468279793 ], [ -1.161860887681848, 44.806690538393099 ], [ -1.16186660455364, 44.806510586531417 ], [ -1.162119382312471, 44.806514656060138 ], [ -1.162130814325006, 44.806154752267183 ], [ -1.16238359056728, 44.806158821185917 ], [ -1.162400735828754, 44.805618965373299 ], [ -1.162653509769426, 44.805623033656694 ], [ -1.162687794134775, 44.804543321709907 ], [ -1.162940563418825, 44.804547389281844 ], [ -1.162951989541817, 44.804187485198668 ], [ -1.163204757309438, 44.804191552160695 ], [ -1.163273300126718, 44.802032126830582 ], [ -1.162262267055681, 44.802015856845799 ], [ -1.162267981748515, 44.801835904795723 ], [ -1.161256952674739, 44.801819625966743 ], [ -1.161262670453567, 44.801639674011994 ], [ -1.16100991410408, 44.801635602932393 ], [ -1.161021351070615, 44.801275699054841 ], [ -1.160768596344537, 44.80127162746696 ], [ -1.160774315532223, 44.801091675544171 ], [ -1.161027069473428, 44.801095747106686 ], [ -1.161032787822604, 44.800915795152214 ], [ -1.159769022577416, 44.800895431875951 ], [ -1.15977474479725, 44.800715480042278 ], [ -1.159521992694055, 44.800711405735179 ], [ -1.159527715645067, 44.800531453920705 ], [ -1.1592749643804, 44.800527379079938 ], [ -1.159280688062573, 44.800347427284578 ], [ -1.159027937636434, 44.800343351910179 ], [ -1.159033662049754, 44.800163400134011 ], [ -1.158780912462139, 44.800159324225952 ], [ -1.158775187263985, 44.800339275976718 ], [ -1.158522436945238, 44.800335199484195 ], [ -1.158533888857505, 44.799975296027263 ], [ -1.158786637606595, 44.799979372468933 ], [ -1.158826712114261, 44.798719709994046 ], [ -1.158321225656915, 44.798711556907747 ], [ -1.158326951941331, 44.79853160515141 ], [ -1.158832436829146, 44.798539758186834 ], [ -1.158843886097837, 44.798179854553617 ], [ -1.159096627052777, 44.798183930181906 ], [ -1.159108074537216, 44.797824026472739 ], [ -1.159360813976358, 44.79782810149117 ], [ -1.15936653685332, 44.79764814960172 ], [ -1.158861059598179, 44.79763999905672 ], [ -1.158849610651641, 44.797999902727597 ], [ -1.158596870535136, 44.797995826565703 ], [ -1.158585419804339, 44.798355730160615 ], [ -1.158079936593448, 44.798347576057992 ], [ -1.15807420957798, 44.79852752779513 ], [ -1.157821467268348, 44.798523449879823 ], [ -1.157815739414404, 44.798703401585271 ], [ -1.157562996373729, 44.798699323085508 ], [ -1.157568725012437, 44.79851937140549 ], [ -1.156557756526173, 44.798503051917749 ], [ -1.156552024748417, 44.798683003495931 ], [ -1.156046539258294, 44.798674840346905 ], [ -1.156029338893811, 44.799214694891013 ], [ -1.155271103998998, 44.799202445745422 ], [ -1.155276839861943, 44.799022494313412 ], [ -1.155024095789373, 44.799018410172273 ], [ -1.155041305409715, 44.798478555915089 ], [ -1.154535822134582, 44.798470386108598 ], [ -1.154541560136584, 44.798290434727946 ], [ -1.153783337981783, 44.798278175901949 ], [ -1.153794818532756, 44.797918273274831 ], [ -1.15354207949163, 44.797914185932449 ], [ -1.153547820471083, 44.797734234634973 ], [ -1.153295082268526, 44.797730146759079 ], [ -1.153289340504351, 44.797910098031046 ], [ -1.15227838509384, 44.797893740835221 ], [ -1.152284129996903, 44.797713789665316 ], [ -1.151778654184356, 44.79770560776435 ], [ -1.151790146967674, 44.797345705507816 ], [ -1.151537410711658, 44.797341613769866 ], [ -1.151543157807172, 44.797161662657714 ], [ -1.151290422389755, 44.797157570386283 ], [ -1.151284674509546, 44.797337521472905 ], [ -1.150273730240275, 44.797321146694983 ], [ -1.150279481259264, 44.79714119571053 ], [ -1.149774011017624, 44.797133005018637 ], [ -1.149762505786918, 44.797492906879064 ], [ -1.149257032622312, 44.79748471384891 ], [ -1.149251278356612, 44.797664664718567 ], [ -1.148998541070554, 44.79766056733942 ], [ -1.14899278596617, 44.797840518177253 ], [ -1.148740047949377, 44.797836420213521 ], [ -1.148734292006296, 44.7980163710195 ], [ -1.148481553258769, 44.798012272471176 ], [ -1.148464282751403, 44.798552124774723 ], [ -1.14871702385313, 44.798556223399757 ], [ -1.14867672960613, 44.79981587873403 ], [ -1.148929476255246, 44.799819976979009 ], [ -1.14892372050308, 44.79999992774151 ], [ -1.148670973069163, 44.799995829470951 ], [ -1.148665216478207, 44.800175780201599 ], [ -1.148412468313475, 44.800171681346399 ], [ -1.148383680624615, 44.801071434777597 ], [ -1.146361665858352, 44.801038622786244 ], [ -1.146355901879778, 44.801218573248924 ], [ -1.145850397159003, 44.801210364609112 ], [ -1.145844631556661, 44.801390315014295 ], [ -1.144580866776969, 44.801369783502807 ], [ -1.144586636303567, 44.801189833225735 ], [ -1.144839388366454, 44.801193940620564 ], [ -1.144845157054093, 44.801013990311588 ], [ -1.145097908386244, 44.801018097121698 ], [ -1.145126747088743, 44.800118345354463 ], [ -1.144873999680698, 44.80011423867245 ], [ -1.144879768043705, 44.799934288325801 ], [ -1.144374274959527, 44.799926073335861 ], [ -1.144380044838008, 44.799746123034154 ], [ -1.143116316998702, 44.799725575904134 ], [ -1.143133638081059, 44.799185725345993 ], [ -1.142628152032992, 44.799177502734594 ], [ -1.142616601559837, 44.799537403010362 ], [ -1.142869346126326, 44.799541514646876 ], [ -1.142863571593274, 44.799721464801031 ], [ -1.142610826242007, 44.799717353138831 ], [ -1.142605050870009, 44.799897303260998 ], [ -1.141846812786897, 44.799884964843166 ], [ -1.141835257171616, 44.800244864914724 ], [ -1.140824267541169, 44.800228405658906 ], [ -1.140818486513021, 44.800408355582555 ], [ -1.140565738456143, 44.800404239345262 ], [ -1.140536828577923, 44.801303988740905 ], [ -1.140284076651152, 44.80129987181612 ], [ -1.140272510750536, 44.801659771479031 ], [ -1.140019757308307, 44.801655653943804 ], [ -1.140013973491775, 44.801835603740138 ], [ -1.140266727718864, 44.801839721301057 ], [ -1.140260944632951, 44.802019671116803 ], [ -1.140766454819586, 44.802027904612764 ], [ -1.140772236335763, 44.801847954745618 ], [ -1.141024990725556, 44.801852070629288 ], [ -1.14101920999425, 44.80203202052207 ], [ -1.141524720506235, 44.802040250663495 ], [ -1.141513162020485, 44.802400150532932 ], [ -1.140754891624548, 44.802387804328127 ], [ -1.140743328212591, 44.80274770401838 ], [ -1.140490569952605, 44.80274358744721 ], [ -1.140467439338245, 44.803463386649582 ], [ -1.140720200737901, 44.803467503323489 ], [ -1.140708636675158, 44.803827402938339 ], [ -1.140455873705625, 44.803823286213067 ], [ -1.140450090807953, 44.804003235985398 ], [ -1.140197327107712, 44.8039991186753 ], [ -1.140185759579717, 44.804359018149732 ], [ -1.140691290174283, 44.80436725231354 ], [ -1.140685507898852, 44.804547202092692 ], [ -1.14119104028031, 44.804555434071325 ], [ -1.141185259520604, 44.804735383895562 ], [ -1.141438026577651, 44.804739499071843 ], [ -1.141455366339182, 44.804199649503246 ], [ -1.141708131095521, 44.804203764043379 ], [ -1.141713910122642, 44.804023814148948 ], [ -1.142219438228013, 44.804032041500491 ], [ -1.142202105693835, 44.804571891318929 ], [ -1.141949339259145, 44.80456777784574 ], [ -1.141943560854384, 44.804747727746985 ], [ -1.141690793688913, 44.804743613688977 ], [ -1.141673455794431, 44.805283463278052 ], [ -1.141926225314895, 44.805287577413068 ], [ -1.141920446693326, 44.805467527289217 ], [ -1.142678757934944, 44.805479866416327 ], [ -1.14266720523934, 44.805839766303684 ], [ -1.142919977331638, 44.805843878279063 ], [ -1.142914201687599, 44.806023828238992 ], [ -1.143166974619107, 44.806027939680838 ], [ -1.143161199705938, 44.806207889660151 ], [ -1.142655652327007, 44.806199666165973 ], [ -1.142649875789567, 44.806379616087682 ], [ -1.142144327057272, 44.806371390305493 ], [ -1.142150105164814, 44.806191440435114 ], [ -1.141139011490867, 44.806174982263329 ], [ -1.141133230243131, 44.806354932031034 ], [ -1.141386004365342, 44.806359047438391 ], [ -1.141380223848432, 44.806538997225488 ], [ -1.14163299880992, 44.806543112099376 ], [ -1.141627219023851, 44.806723061905849 ], [ -1.141879994824616, 44.806727176246234 ], [ -1.14188577382562, 44.806547226414082 ], [ -1.142138548895531, 44.806551340169591 ], [ -1.14213277067959, 44.806731290027429 ], [ -1.144154979469971, 44.806764180146402 ], [ -1.144149207480423, 44.806944130203171 ], [ -1.144401984608012, 44.806948238977341 ], [ -1.144407755812483, 44.806768288894943 ], [ -1.14466053220913, 44.80677239708433 ], [ -1.144654761789735, 44.806952347192336 ], [ -1.145160316315559, 44.806960561944791 ], [ -1.14515454741221, 44.80714051209781 ], [ -1.145407325541382, 44.80714461866085 ], [ -1.145413093659644, 44.806964668482209 ], [ -1.14591864851012, 44.806972879879517 ], [ -1.145924415004117, 44.806792929643365 ], [ -1.146177191725414, 44.806797034477619 ], [ -1.146182957380244, 44.806617084209599 ], [ -1.146435733370549, 44.806621188459061 ], [ -1.146424203576961, 44.806981089040065 ], [ -1.146676981191499, 44.806985192781532 ], [ -1.146665452751792, 44.807345093388626 ], [ -1.146412673567068, 44.807340989595907 ], [ -1.146406908481005, 44.807520939864439 ], [ -1.146659688450835, 44.807525043682759 ], [ -1.146648159686708, 44.807884944252201 ], [ -1.14690094128084, 44.80788904756249 ], [ -1.146883650084514, 44.808428898446309 ], [ -1.147136434088117, 44.808433001274224 ], [ -1.147101854946669, 44.809512703025966 ], [ -1.147354643715345, 44.809516805448233 ], [ -1.147360406255552, 44.809336855146356 ], [ -1.147613194293095, 44.80934095698376 ], [ -1.147607432538076, 44.809520907311231 ], [ -1.148113010345674, 44.809529109359509 ], [ -1.148101489814292, 44.80988901009794 ], [ -1.147595908865894, 44.809880807947302 ], [ -1.14759014694873, 44.810060758255929 ], [ -1.147084564646109, 44.81005255381708 ], [ -1.147073037508746, 44.810412454313102 ], [ -1.147325830203471, 44.810416556863331 ], [ -1.147320067338923, 44.810596507127521 ], [ -1.147572860872937, 44.810600609144089 ], [ -1.14756709873957, 44.810780559427599 ], [ -1.148072687540226, 44.810788761834139 ], [ -1.148066926923302, 44.810968712162534 ], [ -1.148319722189936, 44.810972812552478 ], [ -1.148325482021612, 44.810792862198518 ], [ -1.14857827655703, 44.810796962003622 ], [ -1.148584035549432, 44.810617011617765 ], [ -1.149089623211844, 44.81062520949903 ], [ -1.149095380579753, 44.810445259055761 ], [ -1.149600966887721, 44.810453454648815 ], [ -1.149606722631163, 44.810273504148142 ], [ -1.150112307584636, 44.810281697453028 ], [ -1.150118061703642, 44.810101746894951 ], [ -1.152898774168007, 44.810146769804021 ], [ -1.152893028686503, 44.810326720643019 ], [ -1.154409788400471, 44.810351250224372 ], [ -1.154404047576508, 44.810531201210118 ], [ -1.154909636149207, 44.810539373314128 ], [ -1.154903896841893, 44.810719324344625 ], [ -1.155156691994253, 44.810723409583233 ], [ -1.155150953418358, 44.810903360632928 ], [ -1.155403749409808, 44.810907445337726 ], [ -1.15539227366706, 44.81126734746929 ], [ -1.155645071282875, 44.811271431665801 ], [ -1.155639334116046, 44.811451382747649 ], [ -1.155892132570961, 44.811455466410337 ], [ -1.155880659646427, 44.811815368606219 ], [ -1.156133459725742, 44.811819451760563 ], [ -1.156127723968062, 44.811999402874562 ], [ -1.156633325858708, 44.81200756755635 ], [ -1.156627591617846, 44.812187518715 ], [ -1.156374789860312, 44.812183436628288 ], [ -1.156369054780342, 44.812363387755212 ], [ -1.156621857323196, 44.81236746986739 ], [ -1.156610388572515, 44.812727372153361 ], [ -1.15686319273983, 44.812731453757188 ], [ -1.156845991566406, 44.813271307215459 ], [ -1.156593185043044, 44.813267225535249 ], [ -1.156575981029414, 44.813807078860727 ], [ -1.15632317220373, 44.813802996544752 ], [ -1.15623139671972, 44.816682212919446 ], [ -1.156737039559036, 44.816690377807085 ], [ -1.156742774359373, 44.816510426779764 ], [ -1.156995595074235, 44.816514508359013 ], [ -1.157001329035281, 44.816334557299982 ], [ -1.158771070046621, 44.816363112513862 ], [ -1.158765341584025, 44.81654306375107 ], [ -1.159018162729016, 44.816547140855242 ], [ -1.159012434998186, 44.816727092111627 ], [ -1.159518079020365, 44.816735244692687 ], [ -1.159523805180186, 44.816555293385427 ], [ -1.159776626486351, 44.81655936881144 ], [ -1.159793802287042, 44.816019514775761 ], [ -1.160299440347552, 44.816027663797087 ], [ -1.160282269259809, 44.816567517985298 ], [ -1.160029447846228, 44.816563443678071 ], [ -1.160017998614902, 44.81692334638803 ], [ -1.159512352806823, 44.816915195993673 ], [ -1.159506626539562, 44.817095147288398 ], [ -1.159759450202265, 44.817099222790674 ], [ -1.159747999077646, 44.817459125412157 ], [ -1.160000824365125, 44.817463200405911 ], [ -1.159926397030409, 44.819802567164636 ], [ -1.160179232584229, 44.819806641929468 ], [ -1.160121982467928, 44.821606154353887 ], [ -1.160880513021791, 44.821618376054232 ], [ -1.160886235918001, 44.821438424763755 ], [ -1.161391921650962, 44.821446569715732 ], [ -1.161409085303294, 44.82090671565421 ], [ -1.161914766536792, 44.820914858215815 ], [ -1.161909046944397, 44.82109480962675 ], [ -1.162161888427326, 44.82109888009375 ], [ -1.162167607234035, 44.82091892865742 ], [ -1.162673288789465, 44.8209270678622 ], [ -1.162661854265166, 44.821286970830116 ], [ -1.163167539177921, 44.821295107898521 ], [ -1.163173254895494, 44.821115156366922 ], [ -1.162920413197998, 44.821111088137847 ], [ -1.162943278674787, 44.820391282050288 ], [ -1.163196117229564, 44.820395350177819 ], [ -1.163207548074874, 44.820035447045683 ], [ -1.163713222202653, 44.820043581520885 ], [ -1.163718935973585, 44.819863629894648 ], [ -1.164477445210321, 44.819875827335352 ], [ -1.164471733796335, 44.820055779037688 ], [ -1.164724571101405, 44.820059843757711 ], [ -1.164718860419494, 44.820239795479146 ], [ -1.164971698563796, 44.820243859665055 ], [ -1.164948858443091, 44.820963666589549 ], [ -1.164696017156085, 44.820959602302203 ], [ -1.164690306206287, 44.821139553992317 ], [ -1.164437464187165, 44.821135489120117 ], [ -1.164431752398088, 44.821315440778548 ], [ -1.165190280973291, 44.821327633792762 ], [ -1.165195990405262, 44.821147682058246 ], [ -1.165448832585097, 44.821151745251974 ], [ -1.165460249716964, 44.820791841713394 ], [ -1.165713090378972, 44.820795904296951 ], [ -1.16571879807889, 44.820615952492908 ], [ -1.165971638008765, 44.820620014491645 ], [ -1.165994465130309, 44.819900207111424 ], [ -1.167005812814486, 44.819916449106302 ], [ -1.167000109257026, 44.820096401062088 ], [ -1.166747271470046, 44.820092341377226 ], [ -1.166735862623263, 44.820452245219343 ], [ -1.166483023318468, 44.820448184924381 ], [ -1.166460201839939, 44.821167992432109 ], [ -1.166207359445919, 44.82116393147632 ], [ -1.166201653156765, 44.821343883312231 ], [ -1.165443123938831, 44.821331697011857 ], [ -1.165437415239006, 44.821511648765494 ], [ -1.16493172779007, 44.821503521717084 ], [ -1.164926017465253, 44.821683473413763 ], [ -1.172005683224324, 44.821797049144493 ], [ -1.172011371548828, 44.821617096739203 ], [ -1.172517061991651, 44.82162519245589 ], [ -1.172511375238615, 44.821805144911721 ], [ -1.174028452561714, 44.821829418785313 ], [ -1.174039816585631, 44.82146951356453 ], [ -1.174292661421299, 44.821473557201394 ], [ -1.174298342567571, 44.821293604556388 ], [ -1.174551186670814, 44.821297647608553 ], [ -1.174568227432713, 44.82075778956024 ], [ -1.174821069232115, 44.820761831977215 ], [ -1.174832427902209, 44.820401926529946 ], [ -1.175085268183507, 44.82040596833702 ], [ -1.175090946652951, 44.820226015578747 ], [ -1.175596625803992, 44.820234097464009 ], [ -1.175590948905916, 44.82041405027271 ], [ -1.175843789347011, 44.820418090401354 ], [ -1.175855141518549, 44.820058184727301 ], [ -1.175349463832335, 44.820050104011393 ], [ -1.175355141409564, 44.819870151215405 ], [ -1.175607979440374, 44.819874191827871 ], [ -1.175613656178677, 44.819694239000412 ], [ -1.17536081893353, 44.819690198413127 ], [ -1.175366496404231, 44.819510245604619 ], [ -1.175113659997999, 44.819506204483112 ], [ -1.175130694447438, 44.818966346095642 ], [ -1.175383528496754, 44.818970387141505 ], [ -1.175389205754404, 44.818790434307942 ], [ -1.17665337287163, 44.818810631019545 ], [ -1.176647699542109, 44.818990583979122 ], [ -1.176900533910884, 44.818994621668317 ], [ -1.176906206454778, 44.818814668683515 ], [ -1.177159040091143, 44.81881870578804 ], [ -1.1771647117962, 44.818638752771847 ], [ -1.177417544700153, 44.818642789291722 ], [ -1.17740053178224, 44.81918264839716 ], [ -1.176642026159362, 44.819170536932432 ], [ -1.176630679234191, 44.819530442820309 ], [ -1.176125005942476, 44.819522365612421 ], [ -1.176119330828737, 44.81970231849656 ], [ -1.176877843203124, 44.819714433544796 ], [ -1.176872170393135, 44.819894386498241 ], [ -1.176619332096113, 44.819890348683103 ], [ -1.176613658447232, 44.820070301605128 ], [ -1.176107980441536, 44.820062224246044 ], [ -1.176090954461408, 44.820602082823335 ], [ -1.176343795794693, 44.820606121858219 ], [ -1.176332446446456, 44.82096602759551 ], [ -1.177090975479938, 44.820978141494422 ], [ -1.177085303083111, 44.821158094429244 ], [ -1.176832459233006, 44.82115405699723 ], [ -1.176826785997236, 44.821334009900639 ], [ -1.176573941414632, 44.821329971883948 ], [ -1.176568267339906, 44.821509924755858 ], [ -1.17682111270824, 44.821513962797759 ], [ -1.176815439366018, 44.821693915688627 ], [ -1.177321131833833, 44.821701990144284 ], [ -1.177332475322109, 44.821342084255527 ], [ -1.177585320064366, 44.821346120593731 ], [ -1.177596661768358, 44.820986214629571 ], [ -1.177849504992373, 44.820990250357909 ], [ -1.177838164859826, 44.821350156372453 ], [ -1.178091009708482, 44.821354191591645 ], [ -1.178079670934625, 44.821714097631464 ], [ -1.178332517407948, 44.821718132341537 ], [ -1.178326848726982, 44.821898085377235 ], [ -1.178579696039234, 44.821902119552952 ], [ -1.17858536393445, 44.821722166492073 ], [ -1.178838210514127, 44.821726200083098 ], [ -1.178832543404663, 44.821906153169152 ], [ -1.179843933397987, 44.821922282038898 ] ], [ [ -1.172017059819966, 44.821437144327639 ], [ -1.171764215464327, 44.821433095655301 ], [ -1.17176990446782, 44.821253143262723 ], [ -1.172022748037739, 44.821257191909808 ], [ -1.172017059819966, 44.821437144327639 ] ], [ [ -1.18694061286775, 44.821495071777264 ], [ -1.18668776616187, 44.821491056140708 ], [ -1.186693408753964, 44.821311102257418 ], [ -1.186946254674095, 44.821315117868899 ], [ -1.18694061286775, 44.821495071777264 ] ], [ [ -1.186693408753964, 44.821311102257418 ], [ -1.18644056288677, 44.821307086086399 ], [ -1.186446206211663, 44.82112713222196 ], [ -1.186699051293119, 44.821131148367897 ], [ -1.186693408753964, 44.821311102257418 ] ], [ [ -1.178349523131746, 44.821178273196843 ], [ -1.178096679015629, 44.821174238562314 ], [ -1.178102348269585, 44.820994285526773 ], [ -1.177849504992373, 44.820990250357909 ], [ -1.177855174978854, 44.820810297341261 ], [ -1.178613702612907, 44.8208224010938 ], [ -1.178608034983561, 44.821002354185978 ], [ -1.178355191599984, 44.820998320136134 ], [ -1.178349523131746, 44.821178273196843 ] ], [ [ -1.16192048607553, 44.820734906798641 ], [ -1.161667646217627, 44.820730835822985 ], [ -1.161679086705462, 44.820370933020577 ], [ -1.161931924992029, 44.820375003945479 ], [ -1.16192048607553, 44.820734906798641 ] ], [ [ -1.179119387968149, 44.820830467464717 ], [ -1.178613702612907, 44.8208224010938 ], [ -1.17861937018908, 44.820642447995361 ], [ -1.179125053972909, 44.820650514315957 ], [ -1.179119387968149, 44.820830467464717 ] ], [ [ -1.176843805544873, 44.820794151171704 ], [ -1.176590963319418, 44.820790113230586 ], [ -1.176596637181216, 44.820610160333629 ], [ -1.17684947862097, 44.82061419824953 ], [ -1.176843805544873, 44.820794151171704 ] ], [ [ -1.17735516166014, 44.820622272402879 ], [ -1.17684947862097, 44.82061419824953 ], [ -1.176855151643845, 44.82043424532111 ], [ -1.177360833111625, 44.820442319424096 ], [ -1.17735516166014, 44.820622272402879 ] ], [ [ -1.160920572167787, 44.820358716889189 ], [ -1.160414896077758, 44.820350570004301 ], [ -1.160420620169457, 44.820170618720745 ], [ -1.16067345740197, 44.820174692417531 ], [ -1.160679180654321, 44.819994741102306 ], [ -1.160932017154881, 44.819998814214195 ], [ -1.160920572167787, 44.820358716889189 ] ], [ [ -1.176855151643845, 44.82043424532111 ], [ -1.176602310989784, 44.82043020743037 ], [ -1.176607984745123, 44.820250254520879 ], [ -1.176860824613498, 44.820254292386416 ], [ -1.176855151643845, 44.82043424532111 ] ], [ [ -1.181664792216355, 44.820330905530525 ], [ -1.181411951338028, 44.820326878295099 ], [ -1.18141761011213, 44.820146924901273 ], [ -1.181670450204769, 44.82015095211154 ], [ -1.181664792216355, 44.820330905530525 ] ], [ [ -1.175096625069122, 44.820046062814228 ], [ -1.174843786359182, 44.820042021057588 ], [ -1.174849465507746, 44.819862068312048 ], [ -1.175102303432018, 44.819866110043471 ], [ -1.175096625069122, 44.820046062814228 ] ], [ [ -1.161696247034733, 44.819831078770008 ], [ -1.161443411158781, 44.81982700736188 ], [ -1.161449131946847, 44.819647055957894 ], [ -1.161701967037163, 44.81965112734062 ], [ -1.161696247034733, 44.819831078770008 ] ], [ [ -1.189261311998253, 44.820091554083859 ], [ -1.189008471102076, 44.820087543683087 ], [ -1.189014106199466, 44.819907589524412 ], [ -1.189266946309949, 44.819911599900152 ], [ -1.189261311998253, 44.820091554083859 ] ], [ [ -1.184457344018332, 44.820015260797696 ], [ -1.184204504127891, 44.820011239766771 ], [ -1.184210154153351, 44.819831286084202 ], [ -1.184462993258107, 44.819835307090038 ], [ -1.184457344018332, 44.820015260797696 ] ], [ [ -1.166758680102762, 44.819732437510019 ], [ -1.16625300783196, 44.819724316563281 ], [ -1.16626441939316, 44.819364412772337 ], [ -1.16601158490932, 44.819360351510461 ], [ -1.16601729139525, 44.819180399630923 ], [ -1.16576445775057, 44.819176337834932 ], [ -1.165787286301366, 44.818456530355526 ], [ -1.166040116803627, 44.818460592050165 ], [ -1.166051529186616, 44.818100688222174 ], [ -1.166557187209393, 44.81810880983177 ], [ -1.166551482615825, 44.818288761799565 ], [ -1.166298652792093, 44.818284701249141 ], [ -1.166287241873222, 44.818644605115281 ], [ -1.166540073268138, 44.818648665716381 ], [ -1.166545777968741, 44.818468713761114 ], [ -1.166798608631578, 44.818472773777451 ], [ -1.166804312493074, 44.818292821790571 ], [ -1.167057142423834, 44.818296881222125 ], [ -1.167051439347925, 44.818476833234321 ], [ -1.167304270117778, 44.818480892131781 ], [ -1.167292865376651, 44.818840796188042 ], [ -1.167040033035599, 44.81883673723992 ], [ -1.167017219768883, 44.819556545175914 ], [ -1.166764384338848, 44.819552485567044 ], [ -1.166758680102762, 44.819732437510019 ] ], [ [ -1.177383518385495, 44.819722507446258 ], [ -1.176877843203124, 44.819714433544796 ], [ -1.176883515959892, 44.819534480585034 ], [ -1.177389189570947, 44.819542554436147 ], [ -1.177383518385495, 44.819722507446258 ] ], [ [ -1.162730458192831, 44.819127552646428 ], [ -1.161971959509597, 44.819115343761851 ], [ -1.161994835196401, 44.818395537804712 ], [ -1.162247664894784, 44.818399607890761 ], [ -1.162259100845131, 44.818039704823789 ], [ -1.162006272717894, 44.818035634788536 ], [ -1.162011991398167, 44.817855683271034 ], [ -1.16175916411014, 44.817851612701752 ], [ -1.161776322185712, 44.817311758187842 ], [ -1.161523497307982, 44.817307687135354 ], [ -1.161529217344728, 44.817127735643552 ], [ -1.161782041436926, 44.817131806670645 ], [ -1.161787760634485, 44.816951855147217 ], [ -1.162293407408785, 44.816959995472402 ], [ -1.162299124981653, 44.81678004389191 ], [ -1.162551947663744, 44.816784113189996 ], [ -1.162569097704022, 44.816244258334692 ], [ -1.162821918083228, 44.816248326997254 ], [ -1.162833349604295, 44.815888423678246 ], [ -1.163338987381611, 44.815896559223688 ], [ -1.16335612954825, 44.81535670404589 ], [ -1.163861762827167, 44.815364837201578 ], [ -1.163867475204592, 44.81518488541235 ], [ -1.163614659323792, 44.815180819139577 ], [ -1.16362037243308, 44.815000867369449 ], [ -1.163367557391322, 44.814996800562696 ], [ -1.163373271232455, 44.814816848811688 ], [ -1.163878899798683, 44.814824981815121 ], [ -1.163901748343824, 44.814105174545425 ], [ -1.164154559565627, 44.814109240106646 ], [ -1.164160270782545, 44.813929288248183 ], [ -1.163907460346148, 44.813925222712342 ], [ -1.163913172294885, 44.813745270872978 ], [ -1.164671601408608, 44.813757465726404 ], [ -1.164654472470291, 44.814297321453957 ], [ -1.164401660355926, 44.814293256986076 ], [ -1.164390239225052, 44.814653160722365 ], [ -1.164643052910266, 44.814657225240971 ], [ -1.164637343049907, 44.814837177125078 ], [ -1.164384528579257, 44.81483311258112 ], [ -1.164378817879892, 44.8150130644336 ], [ -1.164126002677371, 44.815008999304908 ], [ -1.164103156202326, 44.815728806550695 ], [ -1.164608792944629, 44.815736936451607 ], [ -1.164597372527546, 44.816096840138322 ], [ -1.164850192550022, 44.816100904300434 ], [ -1.164844483046622, 44.81628085615975 ], [ -1.164591662238652, 44.816276791972292 ], [ -1.164585951896187, 44.816456743800003 ], [ -1.164333130356287, 44.816452679027805 ], [ -1.164327419174744, 44.816632630823854 ], [ -1.164074596902911, 44.816628565466871 ], [ -1.164068884882272, 44.816808517231344 ], [ -1.163816061878508, 44.816804451289613 ], [ -1.163804636105421, 44.817164354748925 ], [ -1.1635518115842, 44.817160288197066 ], [ -1.163546097831728, 44.817340239891941 ], [ -1.163293272578571, 44.81733617275529 ], [ -1.16324183932396, 44.81895573749879 ], [ -1.162736174838187, 44.818947601090365 ], [ -1.162730458192831, 44.819127552646428 ] ], [ [ -1.189283848927884, 44.819371737311563 ], [ -1.189031011174438, 44.819367727010864 ], [ -1.189042280893428, 44.819007818637274 ], [ -1.189295117075552, 44.819011828887902 ], [ -1.189283848927884, 44.819371737311563 ] ], [ [ -1.16880416280903, 44.819045090299049 ], [ -1.168551329361487, 44.81904103468225 ], [ -1.16855702788423, 44.818861082536991 ], [ -1.168809860546154, 44.818865138128416 ], [ -1.16880416280903, 44.819045090299049 ] ], [ [ -1.174877860451392, 44.818962304490327 ], [ -1.174119358782942, 44.818950176317649 ], [ -1.17413072110117, 44.818590270896458 ], [ -1.174889218055911, 44.818602398917776 ], [ -1.174877860451392, 44.818962304490327 ] ], [ [ -1.169315526030358, 44.818873247633022 ], [ -1.168809860546154, 44.818865138128416 ], [ -1.168821255860049, 44.818505233768427 ], [ -1.169326918201831, 44.818513343171823 ], [ -1.16933261420741, 44.818333390931841 ], [ -1.169838275191752, 44.818341498046912 ], [ -1.169843969572719, 44.818161545750094 ], [ -1.170096799359436, 44.818165598443173 ], [ -1.170085412115266, 44.818525503081183 ], [ -1.169832580757363, 44.818521450337506 ], [ -1.169826886269551, 44.818701402621819 ], [ -1.169321222142813, 44.818693295405566 ], [ -1.169315526030358, 44.818873247633022 ] ], [ [ -1.176917551382916, 44.818454762695183 ], [ -1.176664719371001, 44.818450725081597 ], [ -1.176676065657481, 44.818090819118638 ], [ -1.176928896098193, 44.818094856681839 ], [ -1.176917551382916, 44.818454762695183 ] ], [ [ -1.177428886379419, 44.818282883190122 ], [ -1.177176055046687, 44.818278846720595 ], [ -1.177181726592118, 44.818098893685594 ], [ -1.17743455713925, 44.818102930129925 ], [ -1.177428886379419, 44.818282883190122 ] ], [ [ -1.17794021839311, 44.818111001340299 ], [ -1.17743455713925, 44.818102930129925 ], [ -1.177445898499316, 44.817743023990779 ], [ -1.177698727528471, 44.817747059825322 ], [ -1.177693057660624, 44.817927012923192 ], [ -1.177945887528556, 44.817931048223485 ], [ -1.17794021839311, 44.818111001340299 ] ], [ [ -1.177181726592118, 44.818098893685594 ], [ -1.176928896098193, 44.818094856681839 ], [ -1.176934568376007, 44.817914903665752 ], [ -1.177187398084343, 44.817918940644333 ], [ -1.177181726592118, 44.818098893685594 ] ], [ [ -1.196672277529342, 44.817688243050739 ], [ -1.196419446102507, 44.817684249224037 ], [ -1.196425057677438, 44.817504294253624 ], [ -1.196677888318666, 44.817508288055407 ], [ -1.196672277529342, 44.817688243050739 ] ], [ [ -1.195913783406779, 44.817676259892295 ], [ -1.1956609521379, 44.817672264387262 ], [ -1.195666566069653, 44.817492309491655 ], [ -1.195919396552924, 44.817496304971769 ], [ -1.195913783406779, 44.817676259892295 ] ], [ [ -1.1812496570983, 44.817443595849788 ], [ -1.180996828896304, 44.817439567897566 ], [ -1.181002488392203, 44.817259614453874 ], [ -1.181255315808632, 44.817263642380972 ], [ -1.1812496570983, 44.817443595849788 ] ], [ [ -1.202773798368242, 44.816704193409564 ], [ -1.202520970393751, 44.816700213158654 ], [ -1.202526562799117, 44.816520257553677 ], [ -1.202779389988028, 44.81652423777976 ], [ -1.202773798368242, 44.816704193409564 ] ], [ [ -1.1605579822614, 44.815851786034642 ], [ -1.160052345664448, 44.815843638182884 ], [ -1.160058069984748, 44.815663686793442 ], [ -1.160310887470908, 44.815667760973582 ], [ -1.160328057753248, 44.815127906691302 ], [ -1.160580872936734, 44.815131980235805 ], [ -1.160586595471355, 44.814952028770421 ], [ -1.160839409923084, 44.814956101730139 ], [ -1.16082224451451, 44.815495956183746 ], [ -1.160569427706435, 44.815491883147764 ], [ -1.1605579822614, 44.815851786034642 ] ], [ [ -1.162850496483746, 44.815348568652752 ], [ -1.162344863633714, 44.815340431022122 ], [ -1.162350580723867, 44.815160479385199 ], [ -1.162603396336618, 44.815164548454824 ], [ -1.162626261019176, 44.814444741742832 ], [ -1.162373448548164, 44.814440672774772 ], [ -1.162379165370162, 44.814260721106507 ], [ -1.162884788794977, 44.814268858432499 ], [ -1.16287907354381, 44.814448810151511 ], [ -1.163384698753916, 44.814456945290864 ], [ -1.163378985019987, 44.81463689705442 ], [ -1.163126171602703, 44.814632829739047 ], [ -1.163120457029739, 44.814812781470941 ], [ -1.162867642880633, 44.81480871357082 ], [ -1.162850496483746, 44.815348568652752 ] ], [ [ -1.161092224428488, 44.814960174130519 ], [ -1.160839409923084, 44.814956101730139 ], [ -1.160856574848578, 44.814416247220137 ], [ -1.1611093869977, 44.814420319544276 ], [ -1.161092224428488, 44.814960174130519 ] ], [ [ -1.160586595471355, 44.814952028770421 ], [ -1.160333781073311, 44.81494795525132 ], [ -1.160339504339684, 44.814768003805113 ], [ -1.160592317952295, 44.81477207729877 ], [ -1.160586595471355, 44.814952028770421 ] ], [ [ -1.167682521690336, 44.814526003639841 ], [ -1.166924081224606, 44.814513828618836 ], [ -1.16692978390902, 44.814333876494096 ], [ -1.165412909134731, 44.814309511501484 ], [ -1.165418616478156, 44.814129559522499 ], [ -1.165671428021311, 44.814133621727635 ], [ -1.165682840976729, 44.813773717700208 ], [ -1.165935651002605, 44.813777779295314 ], [ -1.165952767678082, 44.81323792313114 ], [ -1.166205575401321, 44.813241984090872 ], [ -1.166211280067393, 44.813062031998285 ], [ -1.166464087058772, 44.813066092373347 ], [ -1.166469790885966, 44.812886140249155 ], [ -1.166216984679952, 44.812882079899417 ], [ -1.166234098196547, 44.812342223565203 ], [ -1.166486902046506, 44.812346283838949 ], [ -1.166498309219342, 44.811986379534169 ], [ -1.166751111552136, 44.81199043919792 ], [ -1.166756814272974, 44.811810487010767 ], [ -1.167009615873942, 44.811814546089913 ], [ -1.167015317755969, 44.81163459387119 ], [ -1.167268118625108, 44.811638652365716 ], [ -1.167279520658089, 44.811278747858815 ], [ -1.167785119415572, 44.811286863068688 ], [ -1.167813615709346, 44.8103871014386 ], [ -1.168824798160173, 44.810403324640653 ], [ -1.1688304941175, 44.810223372194635 ], [ -1.168577699209888, 44.81021931725833 ], [ -1.168583395899037, 44.810039364831361 ], [ -1.168330601830117, 44.810035309361076 ], [ -1.168341996618588, 44.809675404538879 ], [ -1.168089204173596, 44.809671348559981 ], [ -1.168094902272896, 44.809491396164802 ], [ -1.167842110666588, 44.80948733965193 ], [ -1.167853508275271, 44.809127434893391 ], [ -1.16760071829286, 44.809123377871863 ], [ -1.167606417802225, 44.80894342550851 ], [ -1.1683647855542, 44.808955594819331 ], [ -1.168359088400462, 44.809135547258627 ], [ -1.168611878543222, 44.809139602602379 ], [ -1.168606182121259, 44.809319555060696 ], [ -1.168858973102671, 44.809323609870475 ], [ -1.168853277412496, 44.809503562347857 ], [ -1.169106069232563, 44.809507616623677 ], [ -1.169111764137514, 44.809327664121035 ], [ -1.169364555225776, 44.809331717812299 ], [ -1.169370249292088, 44.809151765278095 ], [ -1.169623039648544, 44.809155818384838 ], [ -1.169617346367453, 44.80933577094433 ], [ -1.169870137562535, 44.809339823517085 ], [ -1.169864445013266, 44.809519776095613 ], [ -1.170117237046973, 44.809523828134402 ], [ -1.170100161434491, 44.810063685908233 ], [ -1.169847367045055, 44.810059633793585 ], [ -1.169841674282183, 44.810239586347059 ], [ -1.170094469456877, 44.810243638486988 ], [ -1.170083085341464, 44.810603543625675 ], [ -1.17033588214009, 44.81060759525689 ], [ -1.170330190787572, 44.810787547842125 ], [ -1.170835786115543, 44.810795649477235 ], [ -1.170847165626085, 44.810435744199417 ], [ -1.171605554306659, 44.81044789230581 ], [ -1.171588492028324, 44.81098775044056 ], [ -1.172094089460511, 44.810995846533324 ], [ -1.172088403498293, 44.811175799282893 ], [ -1.17107720570614, 44.81115960475919 ], [ -1.171071516549362, 44.811339557401439 ], [ -1.170565916402857, 44.811331456733285 ], [ -1.170571607130242, 44.811151504141556 ], [ -1.170318807922364, 44.811147452993815 ], [ -1.170296041551265, 44.811867263222005 ], [ -1.170548843900398, 44.811871314470849 ], [ -1.170503314878182, 44.813310934828749 ], [ -1.170756123563566, 44.81331498572051 ], [ -1.170750432980932, 44.813494938262359 ], [ -1.170244814092769, 44.81348683586895 ], [ -1.170239121885956, 44.813666788353956 ], [ -1.169986311736569, 44.813662736292969 ], [ -1.169980618690951, 44.813842688746419 ], [ -1.169222186207047, 44.813830529131529 ], [ -1.16923357695728, 44.813470624370098 ], [ -1.168727958710071, 44.813462515264654 ], [ -1.168716564818245, 44.813822419924897 ], [ -1.168463754204006, 44.813818364482572 ], [ -1.168458056392518, 44.813998316777976 ], [ -1.16820524504632, 44.813994260750988 ], [ -1.168199546395967, 44.81417421301483 ], [ -1.167946734317813, 44.814170156403193 ], [ -1.167941034828575, 44.814350108635466 ], [ -1.167688222018469, 44.814346051439166 ], [ -1.167682521690336, 44.814526003639841 ] ], [ [ -1.171480419780822, 44.814406850651565 ], [ -1.170974792718228, 44.814398751361544 ], [ -1.170980482782358, 44.814218798825777 ], [ -1.170474857504138, 44.814210697348855 ], [ -1.170469165869152, 44.814390649834088 ], [ -1.169963539233653, 44.814382546069211 ], [ -1.169969232439493, 44.814202593634548 ], [ -1.170222044945116, 44.814206645771378 ], [ -1.170227737312129, 44.814026693305152 ], [ -1.170480549085732, 44.814030744857369 ], [ -1.170486240613931, 44.813850792359624 ], [ -1.170991862750478, 44.813858893735436 ], [ -1.171008932302334, 44.813319036052924 ], [ -1.170756123563566, 44.81331498572051 ], [ -1.170761814092818, 44.813135033172401 ], [ -1.171520238113085, 44.813147182415875 ], [ -1.171508861713532, 44.813507087657371 ], [ -1.172014481135418, 44.813515184457387 ], [ -1.172008794426404, 44.813695137119261 ], [ -1.171755983903382, 44.813691088973684 ], [ -1.171744608754485, 44.81405099422814 ], [ -1.171238984726866, 44.8140428961579 ], [ -1.171233295501537, 44.814222848725194 ], [ -1.171486108274089, 44.814226898065264 ], [ -1.171480419780822, 44.814406850651565 ] ], [ [ -1.160868017863867, 44.81405634418212 ], [ -1.160615207339236, 44.81405227134946 ], [ -1.160620929551768, 44.813872319846453 ], [ -1.160873739291003, 44.813876392653704 ], [ -1.160868017863867, 44.81405634418212 ] ], [ [ -1.192222560576994, 44.814377085786873 ], [ -1.19196974423853, 44.81437308233987 ], [ -1.191975369004409, 44.814193127706119 ], [ -1.192228184557408, 44.814197131128111 ], [ -1.192222560576994, 44.814377085786873 ] ], [ [ -1.16112654908391, 44.813880464901615 ], [ -1.160873739291003, 44.813876392653704 ], [ -1.160885181984259, 44.813516489578056 ], [ -1.161137990206394, 44.813520561775164 ], [ -1.16112654908391, 44.813880464901615 ] ], [ [ -1.192481000163166, 44.814201133990792 ], [ -1.192228184557408, 44.814197131128111 ], [ -1.192233808485062, 44.814017176463132 ], [ -1.192486623305362, 44.814021179300788 ], [ -1.192481000163166, 44.814201133990792 ] ], [ [ -1.191975369004409, 44.814193127706119 ], [ -1.191722553504178, 44.814189123724738 ], [ -1.191728179002746, 44.814009169109674 ], [ -1.191980993717523, 44.814013173066087 ], [ -1.191975369004409, 44.814193127706119 ] ], [ [ -1.199818276010902, 44.814137018265903 ], [ -1.199059827127263, 44.814125056740323 ], [ -1.199065429794774, 44.813945101395959 ], [ -1.199823876322011, 44.81395706284691 ], [ -1.199818276010902, 44.814137018265903 ] ], [ [ -1.17252010077069, 44.813523279020018 ], [ -1.172267290926383, 44.813519232018358 ], [ -1.172272976796656, 44.813339279324971 ], [ -1.172525785855565, 44.813343326301371 ], [ -1.17252010077069, 44.813523279020018 ] ], [ [ -1.164683020433014, 44.81339756187672 ], [ -1.164430212245644, 44.813393497535621 ], [ -1.164435922462884, 44.813213545626752 ], [ -1.164688729864876, 44.813217609942456 ], [ -1.164683020433014, 44.81339756187672 ] ], [ [ -1.187188802282817, 44.813577093894409 ], [ -1.18693599014286, 44.81357307936014 ], [ -1.186947270616755, 44.813213171036978 ], [ -1.187200081185871, 44.813217185521133 ], [ -1.187188802282817, 44.813577093894409 ] ], [ [ -1.172020167791086, 44.813335231789232 ], [ -1.17176735883886, 44.813331183694139 ], [ -1.171773046226569, 44.813151231044991 ], [ -1.172025854393408, 44.813155279114817 ], [ -1.172020167791086, 44.813335231789232 ] ], [ [ -1.202868848770844, 44.813644946853579 ], [ -1.202616034150188, 44.813640967024845 ], [ -1.202621625663738, 44.81346101131372 ], [ -1.202874439498942, 44.813464991117634 ], [ -1.202868848770844, 44.813644946853579 ] ], [ [ -1.172531470887112, 44.813163373576451 ], [ -1.172025854393408, 44.813155279114817 ], [ -1.172037227438016, 44.812795373747171 ], [ -1.172542840790211, 44.812803468107781 ], [ -1.172531470887112, 44.813163373576451 ] ], [ [ -1.171773046226569, 44.813151231044991 ], [ -1.171520238113085, 44.813147182415875 ], [ -1.17152592623282, 44.812967229785706 ], [ -1.171778733560927, 44.812971278389597 ], [ -1.171773046226569, 44.813151231044991 ] ], [ [ -1.204138509461513, 44.813484881746682 ], [ -1.203127253386591, 44.813468970362194 ], [ -1.203144022899881, 44.812929103042308 ], [ -1.203649646119851, 44.812937059704375 ], [ -1.203644057905391, 44.81311701553355 ], [ -1.204149682905922, 44.813124970007813 ], [ -1.204138509461513, 44.813484881746682 ] ], [ [ -1.174306809775135, 44.813011733665213 ], [ -1.173801194105831, 44.813003647084756 ], [ -1.173806875103839, 44.812823694221102 ], [ -1.174312489202388, 44.812831780751111 ], [ -1.174306809775135, 44.813011733665213 ] ], [ [ -1.173295578649698, 44.812995558266941 ], [ -1.172789963406797, 44.812987467211819 ], [ -1.172795647546307, 44.812807514449119 ], [ -1.173301261218459, 44.81281560545375 ], [ -1.173295578649698, 44.812995558266941 ] ], [ [ -1.162930508874229, 44.812829244454406 ], [ -1.162424898015548, 44.81282110753461 ], [ -1.162430614354905, 44.812641155809892 ], [ -1.16217780979135, 44.812637086536398 ], [ -1.162183526862424, 44.812457134830822 ], [ -1.162689134472479, 44.812465272767703 ], [ -1.162683418972087, 44.812645224524047 ], [ -1.162936223642886, 44.81264929267892 ], [ -1.162930508874229, 44.812829244454406 ] ], [ [ -1.188975390524863, 44.813065316877214 ], [ -1.18872258037099, 44.813061306333509 ], [ -1.18872821497784, 44.812881351981055 ], [ -1.188981024346306, 44.812885362499692 ], [ -1.188975390524863, 44.813065316877214 ] ], [ [ -1.188469770269977, 44.813057295230479 ], [ -1.187964150226555, 44.813049271346372 ], [ -1.187969787189617, 44.81286931706898 ], [ -1.18822259639949, 44.812873329265699 ], [ -1.188228232524273, 44.812693374956979 ], [ -1.18848104100162, 44.81269738656934 ], [ -1.188469770269977, 44.813057295230479 ] ], [ [ -1.174818103514047, 44.812839865043792 ], [ -1.174565296331583, 44.812835823177124 ], [ -1.174570974920185, 44.812655870231524 ], [ -1.17482378131728, 44.812659912072981 ], [ -1.174818103514047, 44.812839865043792 ] ], [ [ -1.173554068134496, 44.812819650117078 ], [ -1.173301261218459, 44.81281560545375 ], [ -1.173306943733911, 44.81263565263432 ], [ -1.173559749864582, 44.812639697272424 ], [ -1.173554068134496, 44.812819650117078 ] ], [ [ -1.172795647546307, 44.812807514449119 ], [ -1.172542840790211, 44.812803468107781 ], [ -1.172548525661769, 44.812623515364088 ], [ -1.172801331632497, 44.812627561680159 ], [ -1.172795647546307, 44.812807514449119 ] ], [ [ -1.157880140422413, 44.812567823312129 ], [ -1.15762733682534, 44.812563743971047 ], [ -1.157633068032466, 44.812383792723082 ], [ -1.157885870844208, 44.812387872038713 ], [ -1.157880140422413, 44.812567823312129 ] ], [ [ -1.189739452768779, 44.812897390699611 ], [ -1.189233833767623, 44.812889372459018 ], [ -1.189239466750816, 44.81270941805024 ], [ -1.189492275439578, 44.812713427425201 ], [ -1.189503539676659, 44.812353518538849 ], [ -1.190009154071119, 44.812361535510696 ], [ -1.189997892975595, 44.812721444497086 ], [ -1.189745084181172, 44.81271743624081 ], [ -1.189739452768779, 44.812897390699611 ] ], [ [ -1.20516651703768, 44.812960916265887 ], [ -1.20491370508705, 44.812956941570711 ], [ -1.204919289321949, 44.812776985611215 ], [ -1.205172100487148, 44.812780960281614 ], [ -1.20516651703768, 44.812960916265887 ] ], [ [ -1.204660893188808, 44.812952966316153 ], [ -1.204408081342963, 44.812948990502271 ], [ -1.20441925290207, 44.812589078676282 ], [ -1.204672063177068, 44.812593054440562 ], [ -1.204660893188808, 44.812952966316153 ] ], [ [ -1.174829459067248, 44.812479959095931 ], [ -1.174576653455518, 44.812475917279677 ], [ -1.174582331937583, 44.812295964321571 ], [ -1.174329527164478, 44.812291921971223 ], [ -1.174335206378623, 44.812111969032081 ], [ -1.1748408144074, 44.812120053123024 ], [ -1.174829459067248, 44.812479959095931 ] ], [ [ -1.206436157098676, 44.812800825243158 ], [ -1.206183345671656, 44.812796853369569 ], [ -1.206188925927052, 44.812616897279888 ], [ -1.206441736568645, 44.812620869128722 ], [ -1.206436157098676, 44.812800825243158 ] ], [ [ -1.174082402444144, 44.812107926147654 ], [ -1.173829598562947, 44.812103882703909 ], [ -1.173835279294498, 44.811923929808927 ], [ -1.174088082390353, 44.811927973227462 ], [ -1.174082402444144, 44.812107926147654 ] ], [ [ -1.187997971211739, 44.811969545588205 ], [ -1.187745165981654, 44.811965532957359 ], [ -1.187750803412804, 44.811785578667489 ], [ -1.188003607857531, 44.811789591273303 ], [ -1.187997971211739, 44.811969545588205 ] ], [ [ -1.164240222194142, 44.811409961571655 ], [ -1.163987422752644, 44.811405896390944 ], [ -1.163993133951273, 44.811225944463814 ], [ -1.164245932607479, 44.811230009619173 ], [ -1.164240222194142, 44.811409961571655 ] ], [ [ -1.157931712283422, 44.810948261625597 ], [ -1.157678915754062, 44.810944182513566 ], [ -1.157684646477346, 44.810764231209127 ], [ -1.157937442221439, 44.810768310295728 ], [ -1.157931712283422, 44.810948261625597 ] ], [ [ -1.158195967118295, 44.810592437461445 ], [ -1.15769037714687, 44.810584279898464 ], [ -1.157696107762639, 44.810404328581498 ], [ -1.158201696163563, 44.810412486093597 ], [ -1.158195967118295, 44.810592437461445 ] ], [ [ -1.208008771980489, 44.811025081826457 ], [ -1.207755968093488, 44.811021113556649 ], [ -1.20776711808083, 44.810661200948928 ], [ -1.20751431581683, 44.810657232169326 ], [ -1.207519891517395, 44.810477275880828 ], [ -1.207772692996056, 44.810481244635696 ], [ -1.207778267858984, 44.810301288316246 ], [ -1.208031068604611, 44.810305256487013 ], [ -1.208036642629917, 44.810125300136548 ], [ -1.208289442642507, 44.810129267723262 ], [ -1.208283869402526, 44.810309224098482 ], [ -1.208536670252722, 44.810313191150641 ], [ -1.208525525186592, 44.81067310393189 ], [ -1.20827272276572, 44.810669136830221 ], [ -1.208278296110264, 44.810489180467449 ], [ -1.208025494527015, 44.810485212831246 ], [ -1.208008771980489, 44.811025081826457 ] ], [ [ -1.164527278654065, 44.810334314232016 ], [ -1.164274483870658, 44.810330249762742 ], [ -1.164280193962597, 44.810150297772687 ], [ -1.164532987960753, 44.810154362216579 ], [ -1.164527278654065, 44.810334314232016 ] ], [ [ -1.158213154092877, 44.810052583339058 ], [ -1.157960361436016, 44.810048504913539 ], [ -1.15796609110529, 44.809868553552327 ], [ -1.158218882976921, 44.809872631952402 ], [ -1.158213154092877, 44.810052583339058 ] ], [ [ -1.165044283800368, 44.809982537354188 ], [ -1.164538697213885, 44.809974410194869 ], [ -1.164544406413464, 44.809794458166905 ], [ -1.164797198894694, 44.809798522000818 ], [ -1.164802907255486, 44.809618569941215 ], [ -1.165055699005033, 44.809622633190521 ], [ -1.165044283800368, 44.809982537354188 ] ], [ [ -1.158471674902289, 44.80987670979323 ], [ -1.158218882976921, 44.809872631952402 ], [ -1.158224611807228, 44.809692680559444 ], [ -1.157971820720818, 44.809688602184821 ], [ -1.157977550282599, 44.80950865081104 ], [ -1.158230340583793, 44.809512729160232 ], [ -1.158236069306623, 44.809332777754754 ], [ -1.158488858876347, 44.809336855519248 ], [ -1.158471674902289, 44.80987670979323 ] ], [ [ -1.167589319113737, 44.809483282579798 ], [ -1.167336527614353, 44.809479224948404 ], [ -1.167342228015869, 44.809299272622894 ], [ -1.167595018730031, 44.809303330228957 ], [ -1.167589319113737, 44.809483282579798 ] ], [ [ -1.208295015830205, 44.809949311341803 ], [ -1.208042216602935, 44.809945343779837 ], [ -1.208053364392107, 44.809585431047708 ], [ -1.208306162048762, 44.809589398560163 ], [ -1.208295015830205, 44.809949311341803 ] ], [ [ -1.209564581959467, 44.809789184250597 ], [ -1.209311783256183, 44.809785219509891 ], [ -1.209317353198098, 44.809605263016934 ], [ -1.209570151116075, 44.809609227732892 ], [ -1.209564581959467, 44.809789184250597 ] ], [ [ -1.159258678910748, 44.808989182423957 ], [ -1.158500314590402, 44.808976952638574 ], [ -1.158506042366834, 44.808797001188815 ], [ -1.15875882963471, 44.80880107831775 ], [ -1.158770283456041, 44.808441175348563 ], [ -1.158517497758515, 44.808437098270538 ], [ -1.15852322537376, 44.808257146801964 ], [ -1.158776010286125, 44.808261223854565 ], [ -1.158781737062491, 44.808081272354293 ], [ -1.159034521243418, 44.80808534882226 ], [ -1.15902879525221, 44.808265300347948 ], [ -1.159281580272005, 44.808269376282112 ], [ -1.159270129698788, 44.808629279365576 ], [ -1.159522916342626, 44.808633354791368 ], [ -1.159517191760639, 44.808813306349116 ], [ -1.159264404331621, 44.808809230897914 ], [ -1.159258678910748, 44.808989182423957 ] ], [ [ -1.211086939720777, 44.809633004283299 ], [ -1.210834141489453, 44.809629042923177 ], [ -1.210839706667312, 44.809449086275599 ], [ -1.210334111931897, 44.809441161926841 ], [ -1.210339678628141, 44.8092612053225 ], [ -1.210845271792966, 44.809269129621811 ], [ -1.210850836866415, 44.809089172961777 ], [ -1.210598041043184, 44.809085211116496 ], [ -1.210620303956024, 44.808365384512875 ], [ -1.210873096638177, 44.80836934625929 ], [ -1.210884226210845, 44.808009432870605 ], [ -1.211389808590753, 44.808017354586703 ], [ -1.211395371728311, 44.807837397833559 ], [ -1.21164816221131, 44.807841357828018 ], [ -1.211625912488955, 44.808561184901954 ], [ -1.21137311886496, 44.808557224808659 ], [ -1.211367555518656, 44.80873718153687 ], [ -1.211620349927917, 44.808741141654849 ], [ -1.21160366193172, 44.809281011876067 ], [ -1.211098068453689, 44.809273090932521 ], [ -1.211086939720777, 44.809633004283299 ] ], [ [ -1.210328545183432, 44.809621118524959 ], [ -1.21007574710875, 44.809617155486919 ], [ -1.210081314642515, 44.809437198913535 ], [ -1.210334111931897, 44.809441161926841 ], [ -1.210328545183432, 44.809621118524959 ] ], [ [ -1.209317353198098, 44.809605263016934 ], [ -1.208306162048762, 44.809589398560163 ], [ -1.208311735079621, 44.809409442159996 ], [ -1.208564532003258, 44.809413409088378 ], [ -1.208570104196548, 44.809233452657189 ], [ -1.209075696630044, 44.809241384786588 ], [ -1.209070126007335, 44.809421341267274 ], [ -1.209322923087764, 44.809425306517781 ], [ -1.209317353198098, 44.809605263016934 ] ], [ [ -1.184549058700751, 44.809034053681799 ], [ -1.184296266776443, 44.80903003362176 ], [ -1.184301914354843, 44.808850079582662 ], [ -1.184554705493918, 44.808854099617612 ], [ -1.184549058700751, 44.809034053681799 ] ], [ [ -1.168876059852632, 44.808783752400828 ], [ -1.168623271226849, 44.808779697666935 ], [ -1.168628967488511, 44.808599745189817 ], [ -1.1688817553291, 44.808603799898407 ], [ -1.168876059852632, 44.808783752400828 ] ], [ [ -1.184301914354843, 44.808850079582662 ], [ -1.184049123268747, 44.808846058988479 ], [ -1.184054771579394, 44.808666104968189 ], [ -1.184307561880266, 44.808670125537361 ], [ -1.184301914354843, 44.808850079582662 ] ], [ [ -1.217676343802646, 44.809195931371498 ], [ -1.217423546572489, 44.809191984627176 ], [ -1.217429091176228, 44.809012027319383 ], [ -1.217681887621088, 44.809015974039092 ], [ -1.217676343802646, 44.809195931371498 ] ], [ [ -1.212373173211373, 44.808932975473859 ], [ -1.21186758256142, 44.808925057984901 ], [ -1.211878706165131, 44.808565144435974 ], [ -1.212384293673992, 44.808573061826117 ], [ -1.212400973976737, 44.808033191307693 ], [ -1.212148182551988, 44.808029232966362 ], [ -1.212137060831814, 44.808389146602146 ], [ -1.211884267888728, 44.808385187652142 ], [ -1.211923198493111, 44.807125489990639 ], [ -1.212175985939572, 44.807129448767732 ], [ -1.212181546460606, 44.806949491909293 ], [ -1.213192693627169, 44.806965321326388 ], [ -1.213198250955253, 44.806785364362945 ], [ -1.213451037092041, 44.806789320294406 ], [ -1.213439923954144, 44.807149234264436 ], [ -1.21419828738843, 44.807161098851374 ], [ -1.21420384162782, 44.806981141795454 ], [ -1.214962203175398, 44.806993001275103 ], [ -1.214951099355791, 44.807352915528725 ], [ -1.214698310550751, 44.807348962878763 ], [ -1.214692757777602, 44.807528919971546 ], [ -1.214945547367868, 44.807532872646178 ], [ -1.21492889109161, 44.808072743961119 ], [ -1.214423307251739, 44.808064837904631 ], [ -1.214434414628959, 44.807704923799555 ], [ -1.213676043971345, 44.807693060668313 ], [ -1.2136815999375, 44.807513103680449 ], [ -1.213176021330126, 44.80750519217932 ], [ -1.21315379087088, 44.808225019895865 ], [ -1.212900998504436, 44.808221063207675 ], [ -1.212889881391486, 44.80858097697913 ], [ -1.212637087506663, 44.808577019682282 ], [ -1.212631528086702, 44.808756976533957 ], [ -1.212378733468761, 44.808753018653107 ], [ -1.212373173211373, 44.808932975473859 ] ], [ [ -1.210356378403559, 44.80872133547205 ], [ -1.210103584255308, 44.808717372557631 ], [ -1.210114718748355, 44.80835745934224 ], [ -1.210367511326081, 44.808361422207184 ], [ -1.210356378403559, 44.80872133547205 ] ], [ [ -1.158034842944495, 44.807709136728441 ], [ -1.157782060548775, 44.807705058074475 ], [ -1.15779924965477, 44.807165203803748 ], [ -1.158304809789199, 44.807173360399737 ], [ -1.158299081711183, 44.807353311880483 ], [ -1.158046300831981, 44.807349233836639 ], [ -1.158034842944495, 44.807709136728441 ] ], [ [ -1.214412199666125, 44.808424751984724 ], [ -1.213653819585536, 44.808412888557399 ], [ -1.213670487953072, 44.807873017649939 ], [ -1.213923278905406, 44.80787697261097 ], [ -1.213917723620256, 44.808056929611034 ], [ -1.214170515409945, 44.808060884037488 ], [ -1.214164960857934, 44.808240841055969 ], [ -1.21441775348498, 44.808244794947804 ], [ -1.214412199666125, 44.808424751984724 ] ], [ [ -1.210620303956024, 44.808365384512875 ], [ -1.210367511326081, 44.808361422207184 ], [ -1.210378644039739, 44.8080015089174 ], [ -1.210631435099188, 44.80800547117363 ], [ -1.210620303956024, 44.808365384512875 ] ], [ [ -1.158804643630773, 44.80736146629053 ], [ -1.158551862644117, 44.807357389365109 ], [ -1.158557589937015, 44.807177437858925 ], [ -1.158810370138553, 44.807181514758895 ], [ -1.158804643630773, 44.80736146629053 ] ], [ [ -1.179791313418119, 44.807517948035965 ], [ -1.17852739077478, 44.807497790019518 ], [ -1.17853305598822, 44.807317836508219 ], [ -1.178280272404107, 44.807313803252399 ], [ -1.178285938349558, 44.807133849760007 ], [ -1.178033155603746, 44.80712981597015 ], [ -1.178038822281193, 44.806949862496701 ], [ -1.177786040373681, 44.806945828172772 ], [ -1.177791707783109, 44.806765874718195 ], [ -1.177538926713894, 44.806761839860251 ], [ -1.177567266889191, 44.805862072619433 ], [ -1.177820044032837, 44.805866107351527 ], [ -1.177831378160613, 44.805506200361052 ], [ -1.178084153787242, 44.805510234483606 ], [ -1.178089819986315, 44.805330280953811 ], [ -1.178595369828858, 44.805338347471 ], [ -1.178601034404641, 44.805158393884625 ], [ -1.179612131586988, 44.805174520108139 ], [ -1.179606470151498, 44.805354473795141 ], [ -1.180112020631478, 44.805362533602072 ], [ -1.180106360713047, 44.805542487333128 ], [ -1.180359136817758, 44.805546516422943 ], [ -1.180353477631325, 44.805726470172864 ], [ -1.180606254574213, 44.805730498728614 ], [ -1.180594937612294, 44.806090406259969 ], [ -1.180847716178466, 44.8060944343068 ], [ -1.180825084758184, 44.806814249394947 ], [ -1.180572303051516, 44.806810221247574 ], [ -1.180560985452645, 44.807170128703831 ], [ -1.180308202228765, 44.807166099946983 ], [ -1.180302542564551, 44.807346053640558 ], [ -1.179796974705754, 44.807337994398893 ], [ -1.179791313418119, 44.807517948035965 ] ], [ [ -1.211395371728311, 44.807837397833559 ], [ -1.211142581297499, 44.807833437279861 ], [ -1.211148145168101, 44.807653480545206 ], [ -1.211400934813685, 44.807657441074213 ], [ -1.211395371728311, 44.807837397833559 ] ], [ [ -1.197997550988791, 44.807626717824142 ], [ -1.197744763334315, 44.807622727629735 ], [ -1.197750368821273, 44.807442772209818 ], [ -1.197497582004579, 44.807438781481018 ], [ -1.197514400505517, 44.806898915258479 ], [ -1.197767184966662, 44.806902905912573 ], [ -1.197755974255651, 44.807262816783641 ], [ -1.198008760339736, 44.807266806928276 ], [ -1.197997550988791, 44.807626717824142 ] ], [ [ -1.147188299151356, 44.806813448222769 ], [ -1.146935522213771, 44.806809345625254 ], [ -1.146941285513377, 44.806629395280417 ], [ -1.147194061665884, 44.806633497852339 ], [ -1.147188299151356, 44.806813448222769 ] ], [ [ -1.220501396752374, 44.807799647646192 ], [ -1.220248605232783, 44.807795707250875 ], [ -1.220254140782794, 44.807615749622542 ], [ -1.22050693151714, 44.807619689993274 ], [ -1.220501396752374, 44.807799647646192 ] ], [ [ -1.159080327239533, 44.806645736390884 ], [ -1.158827549339596, 44.806641660126402 ], [ -1.158833275632515, 44.806461708569685 ], [ -1.159086052747361, 44.806465784808729 ], [ -1.159080327239533, 44.806645736390884 ] ], [ [ -1.158833275632515, 44.806461708569685 ], [ -1.158580498571382, 44.806457631771451 ], [ -1.15858622559567, 44.806277680233912 ], [ -1.158839001871721, 44.806281757006715 ], [ -1.158833275632515, 44.806461708569685 ] ], [ [ -1.177039034446629, 44.806573815081364 ], [ -1.176533474250701, 44.806565741501302 ], [ -1.176539145479405, 44.806385788160128 ], [ -1.176791924765655, 44.80638982520459 ], [ -1.176814606008107, 44.805670011676582 ], [ -1.177067382207144, 44.805674048061086 ], [ -1.177073051599704, 44.805494094638242 ], [ -1.177325827066838, 44.805498130438352 ], [ -1.177308821084887, 44.806037990763642 ], [ -1.177056043262483, 44.806033954887972 ], [ -1.177039034446629, 44.806573815081364 ] ], [ [ -1.159091778201484, 44.806285833220308 ], [ -1.158839001871721, 44.806281757006715 ], [ -1.158844728057215, 44.806101805437457 ], [ -1.159097503601901, 44.806105881625619 ], [ -1.159091778201484, 44.806285833220308 ] ], [ [ -1.206873037539115, 44.806866240666643 ], [ -1.205861895596283, 44.806850355324805 ], [ -1.205867475694861, 44.806670399078698 ], [ -1.20612026031689, 44.806674371228226 ], [ -1.20612583957795, 44.806494414951075 ], [ -1.206378623467141, 44.806498386516616 ], [ -1.206384201890702, 44.806318430208464 ], [ -1.206636985047052, 44.806322401189973 ], [ -1.20662582971795, 44.806682313849599 ], [ -1.206878614496964, 44.806686284321422 ], [ -1.206873037539115, 44.806866240666643 ] ], [ [ -1.205867475694861, 44.806670399078698 ], [ -1.205614691125174, 44.806666426369887 ], [ -1.205620271956584, 44.806486470142353 ], [ -1.205873055741096, 44.806490442826359 ], [ -1.205867475694861, 44.806670399078698 ] ], [ [ -1.161383922428411, 44.805782638490172 ], [ -1.161131147970788, 44.80577856738546 ], [ -1.161142585834849, 44.805418663745513 ], [ -1.160889813000982, 44.80541459213245 ], [ -1.16089553263759, 44.805234640328486 ], [ -1.161401076788883, 44.805242782944632 ], [ -1.161383922428411, 44.805782638490172 ] ], [ [ -1.158856180267068, 44.805741902280147 ], [ -1.158603406346219, 44.805737825583655 ], [ -1.158609133155634, 44.805557874021012 ], [ -1.158861906291426, 44.805561950692066 ], [ -1.158856180267068, 44.805741902280147 ] ], [ [ -1.20562585273564, 44.806306513908538 ], [ -1.205373069788642, 44.806302540690076 ], [ -1.205378651300509, 44.806122584474856 ], [ -1.205631433462348, 44.806126557668492 ], [ -1.20562585273564, 44.806306513908538 ] ], [ [ -1.204867504051726, 44.806294592575519 ], [ -1.204361938524294, 44.806286642224023 ], [ -1.204373107776891, 44.805926729985671 ], [ -1.204120326662054, 44.805922754020692 ], [ -1.204131497275381, 44.805562841806974 ], [ -1.204384276819945, 44.80556681772233 ], [ -1.204378692324611, 44.805746773857116 ], [ -1.204631472706693, 44.805750749238058 ], [ -1.204625888944114, 44.80593070539144 ], [ -1.204878670163713, 44.805934680237947 ], [ -1.204867504051726, 44.806294592575519 ] ], [ [ -1.159120404666532, 44.805386075184195 ], [ -1.158867632262075, 44.805381999097726 ], [ -1.158913438093779, 44.803942386117264 ], [ -1.159166204218129, 44.803946462000269 ], [ -1.159143304871929, 44.804666268642379 ], [ -1.159396074189974, 44.804670344067929 ], [ -1.159390350004194, 44.804850295738206 ], [ -1.159137579901131, 44.804846220287239 ], [ -1.159120404666532, 44.805386075184195 ] ], [ [ -1.142443318458944, 44.80493590413186 ], [ -1.142190550400086, 44.804931791166503 ], [ -1.142196328074057, 44.804751841245874 ], [ -1.142449095347924, 44.804755954185559 ], [ -1.142443318458944, 44.80493590413186 ] ], [ [ -1.221315093377623, 44.806011887929323 ], [ -1.221062309554427, 44.806007949457602 ], [ -1.221067842229683, 44.805827991693199 ], [ -1.221320625267706, 44.80583193014035 ], [ -1.221315093377623, 44.806011887929323 ] ], [ [ -1.20488983606622, 44.80557476787542 ], [ -1.204637056416895, 44.805570793078466 ], [ -1.204648223680172, 44.805210880740567 ], [ -1.20490100175925, 44.805214855487897 ], [ -1.20488983606622, 44.80557476787542 ] ], [ [ -1.181128778953505, 44.80519869266783 ], [ -1.180370455031376, 44.805186608904322 ], [ -1.180381773032661, 44.804826701360653 ], [ -1.180129000068237, 44.804822672371394 ], [ -1.180140319427296, 44.804462764852978 ], [ -1.180898633769506, 44.80447484999241 ], [ -1.180892976471661, 44.804654803830161 ], [ -1.181398521201904, 44.804662857844143 ], [ -1.18138720958725, 44.805022765601379 ], [ -1.181134435625482, 44.805018738823726 ], [ -1.181128778953505, 44.80519869266783 ] ], [ [ -1.160654201324751, 44.804870664605716 ], [ -1.160401430953298, 44.804866591950557 ], [ -1.160407151999001, 44.804686640178581 ], [ -1.160659921585434, 44.804690712808338 ], [ -1.160654201324751, 44.804870664605716 ] ], [ [ -1.205159361873548, 44.80503887344809 ], [ -1.204906584527214, 44.80503489928477 ], [ -1.204917749906035, 44.804674986859808 ], [ -1.205170525682169, 44.80467896097354 ], [ -1.205159361873548, 44.80503887344809 ] ], [ [ -1.222101092312667, 44.805123910613261 ], [ -1.221848312259616, 44.805119973942055 ], [ -1.221853842319977, 44.804940016072763 ], [ -1.222106621587892, 44.804943952719405 ], [ -1.222101092312667, 44.805123910613261 ] ], [ [ -1.17735983759511, 44.804418409618791 ], [ -1.176854296134706, 44.804410337761553 ], [ -1.176859965940054, 44.804230384320093 ], [ -1.176607196074653, 44.804226347577902 ], [ -1.176612866611843, 44.80404639415535 ], [ -1.17686563569222, 44.804050430872351 ], [ -1.176871305391202, 44.803870477418357 ], [ -1.177124073739747, 44.803874513551008 ], [ -1.17711840482578, 44.804054467030177 ], [ -1.177371174012514, 44.80405850262887 ], [ -1.17735983759511, 44.804418409618791 ] ], [ [ -1.159171928920434, 44.803766510324053 ], [ -1.158919163581066, 44.803762434466485 ], [ -1.158924889014648, 44.803582482809418 ], [ -1.159177653569044, 44.803586558641555 ], [ -1.159171928920434, 44.803766510324053 ] ], [ [ -1.221870432189826, 44.804400142427482 ], [ -1.221617655329151, 44.804396205295319 ], [ -1.22162318596713, 44.80421624742565 ], [ -1.221875962042696, 44.804220184533243 ], [ -1.221870432189826, 44.804400142427482 ] ], [ [ -1.159447589445913, 44.803050778753189 ], [ -1.159194827192696, 44.803046703556468 ], [ -1.159200551626526, 44.802866751848917 ], [ -1.159453313094796, 44.802870827020222 ], [ -1.159447589445913, 44.803050778753189 ] ], [ [ -1.177146748863884, 44.803154699571714 ], [ -1.176893983655331, 44.803150663539768 ], [ -1.176899653088413, 44.802970710054495 ], [ -1.177152417511987, 44.802974746061238 ], [ -1.177146748863884, 44.803154699571714 ] ], [ [ -1.145298753763518, 44.802641756388809 ], [ -1.145045995313409, 44.802637649907147 ], [ -1.145051763649026, 44.802457699622771 ], [ -1.144040733529323, 44.802441268207673 ], [ -1.144052276317363, 44.80208136782511 ], [ -1.143799520492532, 44.802077258624855 ], [ -1.143805292590228, 44.801897308449817 ], [ -1.144310802724271, 44.801905526239949 ], [ -1.144305032196328, 44.802085476466274 ], [ -1.144557788129418, 44.802089584548341 ], [ -1.144563557872482, 44.801909634296379 ], [ -1.145321823641795, 44.801921955111133 ], [ -1.145316056253369, 44.802101905439962 ], [ -1.145568812402889, 44.802106011285638 ], [ -1.145557279033535, 44.802465911975709 ], [ -1.145304521314233, 44.802461806078796 ], [ -1.145298753763518, 44.802641756388809 ] ], [ [ -1.14328823528369, 44.802248988664573 ], [ -1.142277209819607, 44.802232541697315 ], [ -1.14228298668074, 44.802052591682433 ], [ -1.142535742180622, 44.802056704237238 ], [ -1.142541518202696, 44.801876754190438 ], [ -1.142288763487688, 44.801872641661291 ], [ -1.142294540240452, 44.80169269163386 ], [ -1.142800048154909, 44.801700916081735 ], [ -1.142794272971879, 44.801880866160488 ], [ -1.143299782672745, 44.801889088423316 ], [ -1.143317103350172, 44.80134923801436 ], [ -1.143569855927255, 44.801353348230201 ], [ -1.143546764721838, 44.802073148865524 ], [ -1.143294009005295, 44.802069038547103 ], [ -1.14328823528369, 44.802248988664573 ] ], [ [ -1.222689562704449, 44.802432412478858 ], [ -1.222436794323982, 44.80242847729447 ], [ -1.222442322036248, 44.80224851928255 ], [ -1.222695089631688, 44.802252454442396 ], [ -1.222689562704449, 44.802432412478858 ] ], [ [ -1.217634204955053, 44.802353602548301 ], [ -1.217381437612991, 44.802349656180503 ], [ -1.217392524386419, 44.801989741134086 ], [ -1.217898055982481, 44.801997633212032 ], [ -1.217892514191785, 44.802177590787586 ], [ -1.217639747582748, 44.802173645003585 ], [ -1.217634204955053, 44.802353602548301 ] ], [ [ -1.159499100353217, 44.801431212930531 ], [ -1.159246345164234, 44.801427137962662 ], [ -1.159257793011762, 44.801067234428395 ], [ -1.159510546630997, 44.801071309345417 ], [ -1.159499100353217, 44.801431212930531 ] ], [ [ -1.222447849696666, 44.80206856126442 ], [ -1.222195082938096, 44.802064625569962 ], [ -1.222200611331677, 44.801884667570135 ], [ -1.222453377305233, 44.801888603240016 ], [ -1.222447849696666, 44.80206856126442 ] ], [ [ -1.159010764074312, 44.800883207201181 ], [ -1.158505258674031, 44.800875054622558 ], [ -1.158516710908543, 44.800515151203236 ], [ -1.158769462012132, 44.80051922772121 ], [ -1.158763736706576, 44.80069917945945 ], [ -1.159016488648711, 44.800703255443764 ], [ -1.159010764074312, 44.800883207201181 ] ], [ [ -1.223217200738663, 44.801720448790512 ], [ -1.22296443539459, 44.801716514822658 ], [ -1.222975487212506, 44.801356598644539 ], [ -1.223228250986584, 44.801360532563308 ], [ -1.223217200738663, 44.801720448790512 ] ], [ [ -1.159269240644539, 44.800707330869017 ], [ -1.159016488648711, 44.800703255443764 ], [ -1.159022213169419, 44.800523303680109 ], [ -1.1592749643804, 44.800527379079938 ], [ -1.159269240644539, 44.800707330869017 ] ], [ [ -1.18964490270796, 44.799752684186252 ], [ -1.189139398547717, 44.79974466736067 ], [ -1.189150659888889, 44.799384757724042 ], [ -1.189403410372893, 44.799388766366363 ], [ -1.189409040179414, 44.799208811513644 ], [ -1.189914539736133, 44.799216827071021 ], [ -1.189903283209691, 44.799576736870215 ], [ -1.18965053183523, 44.799572729321049 ], [ -1.18964490270796, 44.799752684186252 ] ], [ [ -1.188892278028665, 44.799560703319052 ], [ -1.188639526865443, 44.799556693533575 ], [ -1.188645159079329, 44.799376738762163 ], [ -1.1888979094577, 44.799380748522637 ], [ -1.188892278028665, 44.799560703319052 ] ], [ [ -1.178535187341345, 44.799215889898861 ], [ -1.178029690981637, 44.799207823974612 ], [ -1.178035356105663, 44.799027870250903 ], [ -1.17854085089573, 44.799035936124824 ], [ -1.178535187341345, 44.799215889898861 ] ], [ [ -1.220767006906608, 44.799161673274284 ], [ -1.220514253070452, 44.799157734058966 ], [ -1.220519786128659, 44.798977776131395 ], [ -1.220772539179924, 44.798981715322142 ], [ -1.220767006906608, 44.799161673274284 ] ], [ [ -1.21876159317237, 44.79859027061179 ], [ -1.217750589219638, 44.79857449279983 ], [ -1.217756130755674, 44.798394535124167 ], [ -1.218767131568954, 44.798410312837703 ], [ -1.21876159317237, 44.79859027061179 ] ], [ [ -1.198288925779929, 44.798269026410047 ], [ -1.198036178946032, 44.798265037510056 ], [ -1.198041781699537, 44.798085081765286 ], [ -1.198294527748617, 44.798089070640408 ], [ -1.198288925779929, 44.798269026410047 ] ], [ [ -1.20487152495673, 44.798012628738128 ], [ -1.204618778328741, 44.79800865442364 ], [ -1.204624360572109, 44.79782869802041 ], [ -1.204877106415281, 44.797832672310093 ], [ -1.20487152495673, 44.798012628738128 ] ], [ [ -1.183141156024204, 44.797488840039243 ], [ -1.182130191088198, 44.797472747211792 ], [ -1.182135843124876, 44.797292793023296 ], [ -1.18163036254443, 44.797284743305553 ], [ -1.181636016097594, 44.79710478916099 ], [ -1.181383276671652, 44.7971007634887 ], [ -1.181388930956531, 44.796920809363023 ], [ -1.181136192368362, 44.796916783156817 ], [ -1.181192740147424, 44.795117241807112 ], [ -1.181445470888606, 44.795121267762113 ], [ -1.181451124590154, 44.794941313567627 ], [ -1.181703854599703, 44.794945338938525 ], [ -1.181709507463574, 44.794765384712626 ], [ -1.182467695456341, 44.794777457396059 ], [ -1.182462044946427, 44.794957411697268 ], [ -1.182967505442572, 44.794965457408139 ], [ -1.182961856448985, 44.795145411753303 ], [ -1.183214587561197, 44.795149433795345 ], [ -1.183208939299297, 44.795329388159324 ], [ -1.183461671249155, 44.795333409667492 ], [ -1.183456023718955, 44.795513364050308 ], [ -1.183708756506461, 44.795517385024546 ], [ -1.183697462856537, 44.795877293821604 ], [ -1.183950197266382, 44.795881314287001 ], [ -1.183916319753794, 44.796961040678603 ], [ -1.18366358063563, 44.796957020062678 ], [ -1.183652286138269, 44.797316928759635 ], [ -1.183146804921855, 44.797308885750333 ], [ -1.183141156024204, 44.797488840039243 ] ], [ [ -1.193295790511153, 44.796209633860229 ], [ -1.192537579222138, 44.796197632762826 ], [ -1.192543198661648, 44.79601767749773 ], [ -1.193301407596492, 44.796029678520256 ], [ -1.193295790511153, 44.796209633860229 ] ], [ [ -1.178384389112519, 44.795972688778889 ], [ -1.177878921110338, 44.795964622642465 ], [ -1.177884586062705, 44.795784668831224 ], [ -1.17839005249551, 44.795792734917349 ], [ -1.178384389112519, 44.795972688778889 ] ], [ [ -1.177120719505584, 44.795952519245283 ], [ -1.176362518379218, 44.79594041081706 ], [ -1.176373857646998, 44.795580503490498 ], [ -1.175110198013471, 44.795560311848689 ], [ -1.175115871490932, 44.795380358302019 ], [ -1.175368602526577, 44.795384397723176 ], [ -1.175374275166166, 44.795204444145021 ], [ -1.176385196702074, 44.795220596138925 ], [ -1.17639086614985, 44.795040642453728 ], [ -1.176643595882127, 44.795044679029594 ], [ -1.176632258502714, 44.795404586444036 ], [ -1.176884989857475, 44.795408622511232 ], [ -1.17687365383474, 44.795768529951019 ], [ -1.177126386812008, 44.795772565509566 ], [ -1.177120719505584, 44.795952519245283 ] ], [ [ -1.230959710565641, 44.796619398775213 ], [ -1.23070696643252, 44.796615482291024 ], [ -1.230712467320616, 44.796435523289603 ], [ -1.230965210668933, 44.796439439749342 ], [ -1.230959710565641, 44.796619398775213 ] ], [ [ -1.224641122733256, 44.796521318950724 ], [ -1.224388379892233, 44.796517388489931 ], [ -1.224393900400255, 44.796337430100593 ], [ -1.224646642456486, 44.796341360536857 ], [ -1.224641122733256, 44.796521318950724 ] ], [ [ -1.177884586062705, 44.795784668831224 ], [ -1.177126386812008, 44.795772565509566 ], [ -1.177132054065278, 44.795592611767638 ], [ -1.177890250961941, 44.795604715013788 ], [ -1.177884586062705, 44.795784668831224 ] ], [ [ -1.230712467320616, 44.796435523289603 ], [ -1.230459724023897, 44.796431606270772 ], [ -1.230465225645193, 44.796251647287555 ], [ -1.230717968157118, 44.796255564281942 ], [ -1.230712467320616, 44.796435523289603 ] ], [ [ -1.230970710720636, 44.796259480717268 ], [ -1.230717968157118, 44.796255564281942 ], [ -1.230723468942024, 44.796075605268065 ], [ -1.230976210720753, 44.796079521678955 ], [ -1.230970710720636, 44.796259480717268 ] ], [ [ -1.191038030352616, 44.7956337501099 ], [ -1.19053256176455, 44.795625740024818 ], [ -1.190538187323524, 44.795445784940831 ], [ -1.191043654342197, 44.795453794975913 ], [ -1.191038030352616, 44.7956337501099 ] ], [ [ -1.190285453893325, 44.795441779084769 ], [ -1.189527253919384, 44.795429758162562 ], [ -1.18953288256434, 44.795249803172304 ], [ -1.190291080184222, 44.795261824019526 ], [ -1.190285453893325, 44.795441779084769 ] ], [ [ -1.189027417748363, 44.795241786479146 ], [ -1.18877468541958, 44.795237777294048 ], [ -1.188780316365775, 44.795057822372605 ], [ -1.189033047909883, 44.795061831532657 ], [ -1.189027417748363, 44.795241786479146 ] ], [ [ -1.186764103085522, 44.794845774240692 ], [ -1.186258642570676, 44.794837745349717 ], [ -1.186264281257831, 44.794657790666072 ], [ -1.186769740203364, 44.794665819506953 ], [ -1.186764103085522, 44.794845774240692 ] ], [ [ -1.231003709947549, 44.795179726393975 ], [ -1.230245496537664, 44.795167975850752 ], [ -1.230250998582505, 44.794988016848386 ], [ -1.231009209638154, 44.794999767318309 ], [ -1.231003709947549, 44.795179726393975 ] ], [ [ -1.179210520357092, 44.793825336133843 ], [ -1.178957795585899, 44.793821305323988 ], [ -1.178969117885648, 44.793461397343805 ], [ -1.179221841087647, 44.793465428103381 ], [ -1.179210520357092, 44.793825336133843 ] ], [ [ -1.182788217463446, 44.792622028102194 ], [ -1.182535497441796, 44.792618005293576 ], [ -1.182541147262807, 44.792438050911045 ], [ -1.1827938664999, 44.792442073694573 ], [ -1.182788217463446, 44.792622028102194 ] ], [ [ -1.226015143871329, 44.792941790956156 ], [ -1.22576241646598, 44.792937863780779 ], [ -1.225767932015315, 44.792757905144249 ], [ -1.226020658636019, 44.792761832295113 ], [ -1.226015143871329, 44.792941790956156 ] ], [ [ -1.182294078631281, 44.792254073204909 ], [ -1.181283205563096, 44.792237974346122 ], [ -1.181288859200843, 44.792058020076631 ], [ -1.181541576603831, 44.792062045604595 ], [ -1.181558534845355, 44.791522182683238 ], [ -1.182063965103207, 44.7915302319117 ], [ -1.182052662799968, 44.791890140632674 ], [ -1.18179994607549, 44.79188611624766 ], [ -1.181794294059835, 44.792066070573668 ], [ -1.182299729130859, 44.792074118834961 ], [ -1.182294078631281, 44.792254073204909 ] ], [ [ -1.1835633177357, 44.792094229706848 ], [ -1.183310599908787, 44.792090208650336 ], [ -1.183316247217227, 44.791910254173722 ], [ -1.183568964259601, 44.791914275205151 ], [ -1.1835633177357, 44.792094229706848 ] ], [ [ -1.214411939997157, 44.792040732179466 ], [ -1.214159218117469, 44.792036779389463 ], [ -1.214164769551606, 44.791856821858957 ], [ -1.213406606578733, 44.79184496020919 ], [ -1.213412160314546, 44.791665002746456 ], [ -1.213159440212334, 44.791661047769971 ], [ -1.213170549096835, 44.791301132875105 ], [ -1.212917830615853, 44.791297177389026 ], [ -1.212923385764522, 44.791117219956938 ], [ -1.213176103460945, 44.791121175418311 ], [ -1.213187212032888, 44.790761260486029 ], [ -1.213439928212311, 44.79076521533915 ], [ -1.213445481635609, 44.790585257838977 ], [ -1.213698197082581, 44.790589212108479 ], [ -1.213703749669266, 44.790409254577369 ], [ -1.214461893969025, 44.790421113958253 ], [ -1.21445634373593, 44.790601071563337 ], [ -1.214709059391165, 44.790605023597095 ], [ -1.214703509890554, 44.79078498122059 ], [ -1.214956226382376, 44.790788932720055 ], [ -1.214934030997677, 44.791508763250377 ], [ -1.214681311367626, 44.791504811652253 ], [ -1.214670211793865, 44.791864726830667 ], [ -1.214417490646706, 44.791860774624269 ], [ -1.214411939997157, 44.792040732179466 ] ], [ [ -1.182575045076154, 44.791358324484442 ], [ -1.182322330599244, 44.7913543012926 ], [ -1.182327980833858, 44.791174346891367 ], [ -1.182580694526261, 44.79117837005812 ], [ -1.182575045076154, 44.791358324484442 ] ], [ [ -1.181816901804409, 44.791346253232163 ], [ -1.181564187486496, 44.791342228363568 ], [ -1.181569840074627, 44.791162274037667 ], [ -1.181822553608034, 44.791166298881151 ], [ -1.181816901804409, 44.791346253232163 ] ], [ [ -1.182327980833858, 44.791174346891367 ], [ -1.182075267194447, 44.791170323165716 ], [ -1.182080918160568, 44.790990368783334 ], [ -1.182333631015481, 44.790994392483874 ], [ -1.182327980833858, 44.791174346891367 ] ], [ [ -1.194733460581435, 44.790651002197215 ], [ -1.194228034455515, 44.790643009161109 ], [ -1.194244873594394, 44.790103142316703 ], [ -1.194497584277562, 44.790107139039407 ], [ -1.19451442058926, 44.789567272063969 ], [ -1.196030671672867, 44.789591240214421 ], [ -1.196036278964765, 44.789411284393886 ], [ -1.195783571103772, 44.789407291124299 ], [ -1.195794787098695, 44.789047379514308 ], [ -1.195542080859191, 44.789043385735681 ], [ -1.195553298212601, 44.788683474150574 ], [ -1.195806002883242, 44.78868746787937 ], [ -1.195811610696627, 44.788507512052497 ], [ -1.19606431463544, 44.788511505197505 ], [ -1.196069921611817, 44.788331549339496 ], [ -1.196322624818803, 44.7883355419007 ], [ -1.19632823095819, 44.788155586011506 ], [ -1.196580933433345, 44.788159577988928 ], [ -1.196575328078365, 44.788339533903027 ], [ -1.196828031390497, 44.788343525346484 ], [ -1.196822426767362, 44.788523481279199 ], [ -1.197327835118137, 44.788531462539311 ], [ -1.197322232011287, 44.788711418515611 ], [ -1.198585757729818, 44.788731362009877 ], [ -1.198591356914539, 44.788551405909118 ], [ -1.198844061431384, 44.788555392906446 ], [ -1.198849659779174, 44.788375436774572 ], [ -1.1991023635641, 44.788379423188154 ], [ -1.199113558533355, 44.788019510855939 ], [ -1.199871665496621, 44.788031466594155 ], [ -1.199866070391464, 44.788211422837954 ], [ -1.200624180180213, 44.788223373620909 ], [ -1.200618587375831, 44.788403329933047 ], [ -1.201376699989898, 44.788415275760634 ], [ -1.201382290441026, 44.788235319373953 ], [ -1.202140401173704, 44.788247260097066 ], [ -1.202145989219164, 44.788067303629646 ], [ -1.201640583580452, 44.788059343756096 ], [ -1.201646173142315, 44.787879387332097 ], [ -1.201393471185992, 44.787875406581847 ], [ -1.201399061479832, 44.787695450176408 ], [ -1.201651762651759, 44.787699430901824 ], [ -1.201657352108781, 44.787519474465299 ], [ -1.201910052548737, 44.78752345460704 ], [ -1.201921229736766, 44.787163541665606 ], [ -1.202173928660375, 44.787167521198803 ], [ -1.202162753041106, 44.787527434189869 ], [ -1.202415453585878, 44.787531413213841 ], [ -1.202426627636385, 44.787171500173123 ], [ -1.202932025745592, 44.78717945644518 ], [ -1.20293761112351, 44.786999499865821 ], [ -1.203443007873497, 44.787007453852823 ], [ -1.203448591630306, 44.786827497217558 ], [ -1.203953987021031, 44.786835448919526 ], [ -1.203959569156756, 44.786655492228427 ], [ -1.20421226614629, 44.786659467216303 ], [ -1.204217847445311, 44.786479510494146 ], [ -1.204723240012697, 44.786487458743814 ], [ -1.204717660282379, 44.786667415515559 ], [ -1.205981146538224, 44.786687276483789 ], [ -1.205986722346767, 44.786507319588132 ], [ -1.206239418970486, 44.786511290080448 ], [ -1.206250568862009, 44.786151376220808 ], [ -1.206503263969318, 44.786155346104721 ], [ -1.206497689834041, 44.786335303062444 ], [ -1.206750385777969, 44.786339272412292 ], [ -1.206744812374764, 44.78651922938851 ], [ -1.206997509155312, 44.786523198204279 ], [ -1.207014226855085, 44.785983327182592 ], [ -1.206761532427568, 44.785979358441104 ], [ -1.206767105673967, 44.785799401446155 ], [ -1.207272493012602, 44.785807338320744 ], [ -1.207278064638091, 44.785627381270025 ], [ -1.207783450617086, 44.785635315859786 ], [ -1.207789020621692, 44.785455358753289 ], [ -1.208547097628992, 44.785467256372407 ], [ -1.208524826709086, 44.786187085057783 ], [ -1.208272131183782, 44.786183119644605 ], [ -1.208255425092518, 44.786722991018898 ], [ -1.207750029492459, 44.786715058367506 ], [ -1.207744459122184, 44.786895015430282 ], [ -1.207491760616146, 44.786891048241579 ], [ -1.20749733177079, 44.786711091203543 ], [ -1.206991936484199, 44.786703155199042 ], [ -1.206986363760823, 44.786883112187553 ], [ -1.206733665411551, 44.78687914332226 ], [ -1.206722518239257, 44.787239057231027 ], [ -1.206469818373504, 44.787235087757338 ], [ -1.20646424392456, 44.78741504467758 ], [ -1.205958842781126, 44.78740710400406 ], [ -1.205953266711118, 44.787587060868532 ], [ -1.205700565433446, 44.787583089668708 ], [ -1.205694988526741, 44.787763046502143 ], [ -1.20443147900107, 44.787743181995992 ], [ -1.204425898120036, 44.787923138699234 ], [ -1.204173195587485, 44.787919164096586 ], [ -1.204167613869701, 44.788099120768798 ], [ -1.203914910605088, 44.788095145582467 ], [ -1.203903745443628, 44.78845505885856 ], [ -1.203145631257432, 44.788443129797471 ], [ -1.203140046244873, 44.788623086351691 ], [ -1.202129224925562, 44.788607173013233 ], [ -1.202134813075837, 44.78842721655829 ], [ -1.201882108661439, 44.788423236851294 ], [ -1.201870930739616, 44.788783149705296 ], [ -1.201365518930354, 44.788775188515281 ], [ -1.201371109486341, 44.788595232141077 ], [ -1.200612994518999, 44.788583286238946 ], [ -1.200607401609713, 44.788763242538622 ], [ -1.200860107330815, 44.788767225089742 ], [ -1.200854515153515, 44.788947181408005 ], [ -1.201107221711505, 44.788951163425075 ], [ -1.201101630266208, 44.789131119761933 ], [ -1.200596215633777, 44.789123155119213 ], [ -1.200601808647972, 44.78894319883203 ], [ -1.199843689446095, 44.788931247750838 ], [ -1.199849284761149, 44.78875129153198 ], [ -1.199596579249904, 44.788747306745336 ], [ -1.199574194537036, 44.789467131483775 ], [ -1.198310652079263, 44.78944719866972 ], [ -1.198327452459389, 44.788907330498375 ], [ -1.19782204055057, 44.7888993536098 ], [ -1.197810837211895, 44.789259265630747 ], [ -1.197305422375444, 44.789251286407023 ], [ -1.197299819058393, 44.789431242358305 ], [ -1.197047110934537, 44.789427251883225 ], [ -1.197041506780476, 44.789607207803392 ], [ -1.197546924649664, 44.789615188244483 ], [ -1.197535719321753, 44.789975100165663 ], [ -1.197788429904112, 44.789979089597644 ], [ -1.197777225934993, 44.790339001543607 ], [ -1.197524513783657, 44.79033501206186 ], [ -1.197518910935791, 44.790514968000558 ], [ -1.197266198052505, 44.790510977935 ], [ -1.19727180168487, 44.790331022021164 ], [ -1.196513665703861, 44.790319048545662 ], [ -1.196508059718006, 44.790499004384756 ], [ -1.196255347044983, 44.790495012083511 ], [ -1.196260953815333, 44.7903150562693 ], [ -1.195502818465283, 44.790303076086815 ], [ -1.19549720934145, 44.79048303182627 ], [ -1.194739072111374, 44.790471046538798 ], [ -1.194733460581435, 44.790651002197215 ] ], [ [ -1.19170090698571, 44.79060301044553 ], [ -1.191448194528553, 44.790599007499949 ], [ -1.191453816256927, 44.790419052165937 ], [ -1.191706527929594, 44.790423055086556 ], [ -1.19170090698571, 44.79060301044553 ] ], [ [ -1.193728223208101, 44.79045505833065 ], [ -1.193222799072382, 44.790447060873106 ], [ -1.193239647467114, 44.789907194309343 ], [ -1.193745066895946, 44.789915191617176 ], [ -1.193728223208101, 44.79045505833065 ] ], [ [ -1.191453816256927, 44.790419052165937 ], [ -1.191201104636984, 44.790415048686434 ], [ -1.19121234950452, 44.790055138049638 ], [ -1.190959639506269, 44.790051134061166 ], [ -1.19096526264541, 44.789871178758375 ], [ -1.191723390444946, 44.789883188972134 ], [ -1.191717769659209, 44.79006314434988 ], [ -1.191465059555503, 44.79005914147919 ], [ -1.191453816256927, 44.790419052165937 ] ], [ [ -1.231641126487098, 44.790868536586729 ], [ -1.231388407360951, 44.790864622002367 ], [ -1.231399402645801, 44.790504703497028 ], [ -1.231652120202814, 44.790508618032533 ], [ -1.231641126487098, 44.790868536586729 ] ], [ [ -1.192470281801573, 44.790255105054797 ], [ -1.192217570755264, 44.790251103835878 ], [ -1.192228809241554, 44.789891192986808 ], [ -1.192481518718913, 44.789895194155804 ], [ -1.192470281801573, 44.790255105054797 ] ], [ [ -1.232657497252512, 44.790704229962962 ], [ -1.232152060208544, 44.790696404755764 ], [ -1.232157555471496, 44.79051644542669 ], [ -1.232410273183148, 44.790520358285356 ], [ -1.232415767610003, 44.790340398925679 ], [ -1.232668484588631, 44.790344311200982 ], [ -1.232657497252512, 44.790704229962962 ] ], [ [ -1.19828825083712, 44.790167022810763 ], [ -1.198035539365205, 44.790163034471711 ], [ -1.198046741660285, 44.789803122463461 ], [ -1.198299451563238, 44.789807110752747 ], [ -1.19828825083712, 44.790167022810763 ] ], [ [ -1.17402819012707, 44.789781593666994 ], [ -1.173775483731691, 44.789777551673787 ], [ -1.173781160213252, 44.789597598078025 ], [ -1.174033865824205, 44.789601640046001 ], [ -1.17402819012707, 44.789781593666994 ] ], [ [ -1.189454636263583, 44.789667188081495 ], [ -1.189201928203567, 44.789663180230733 ], [ -1.189207556728392, 44.789483225090414 ], [ -1.189460264003962, 44.789487232916166 ], [ -1.189454636263583, 44.789667188081495 ] ], [ [ -1.198305051847512, 44.789627154714367 ], [ -1.198052342729029, 44.789623166449978 ], [ -1.198057943745244, 44.789443210430221 ], [ -1.198310652079263, 44.78944719866972 ], [ -1.198305051847512, 44.789627154714367 ] ], [ [ -1.194261712259496, 44.789563275416057 ], [ -1.194009003982371, 44.789559278209296 ], [ -1.194014617549913, 44.789379322588175 ], [ -1.194267325042582, 44.789383319770046 ], [ -1.194261712259496, 44.789563275416057 ] ], [ [ -1.206425221318106, 44.788674742944586 ], [ -1.205919809192853, 44.788666801924258 ], [ -1.205930961908129, 44.788306888263982 ], [ -1.206183666375743, 44.788310859004042 ], [ -1.206178090828684, 44.788490815862083 ], [ -1.206430796133017, 44.788494786068036 ], [ -1.206425221318106, 44.788674742944586 ] ], [ [ -1.205667103208671, 44.788662830575724 ], [ -1.205414397276794, 44.788658858668327 ], [ -1.205419975229453, 44.788478901890883 ], [ -1.204914565091517, 44.788470956449004 ], [ -1.204920144560719, 44.788290999714867 ], [ -1.205678257492812, 44.788302916965016 ], [ -1.205667103208671, 44.788662830575724 ] ], [ [ -1.204656279795071, 44.788646939592766 ], [ -1.20440357407249, 44.788642965449817 ], [ -1.204409155162889, 44.788463008771537 ], [ -1.204661860101036, 44.788466982889723 ], [ -1.204656279795071, 44.788646939592766 ] ], [ [ -1.197586141642235, 44.788355496323604 ], [ -1.196828031390497, 44.788343525346484 ], [ -1.196833635961067, 44.788163569407473 ], [ -1.197591743859579, 44.788175540309901 ], [ -1.197586141642235, 44.788355496323604 ] ], [ [ -1.208721849175412, 44.787990621436187 ], [ -1.20846914575408, 44.787986656334439 ], [ -1.208474714084574, 44.787806699234856 ], [ -1.208727416721491, 44.787810664311841 ], [ -1.208721849175412, 44.787990621436187 ] ], [ [ -1.207711035803449, 44.787974757675947 ], [ -1.207205629430908, 44.78796682244257 ], [ -1.20721120168346, 44.787786865466742 ], [ -1.20771660648718, 44.787794800650616 ], [ -1.207711035803449, 44.787974757675947 ] ], [ [ -1.206194817312991, 44.787950945269266 ], [ -1.205942114414215, 44.787946974578752 ], [ -1.205953266711118, 44.787587060868532 ], [ -1.206458669423339, 44.787595001591605 ], [ -1.206453094869838, 44.787774958499362 ], [ -1.206200392703182, 44.787770988392495 ], [ -1.206194817312991, 44.787950945269266 ] ], [ [ -1.194570538207217, 44.787767715072953 ], [ -1.194317837721664, 44.787763718674448 ], [ -1.194323449978382, 44.787583762965902 ], [ -1.194576149679557, 44.787587759339502 ], [ -1.194570538207217, 44.787767715072953 ] ], [ [ -1.232992604081611, 44.788008750040127 ], [ -1.232739897250058, 44.788004838641022 ], [ -1.232745390171076, 44.787824879169776 ], [ -1.232998096218174, 44.787828790544438 ], [ -1.232992604081611, 44.788008750040127 ] ], [ [ -1.191813315847924, 44.78700390207846 ], [ -1.191560619079197, 44.786999899632391 ], [ -1.191566239753209, 44.786819944173374 ], [ -1.191818935737591, 44.786823946594467 ], [ -1.191813315847924, 44.78700390207846 ] ], [ [ -1.233767194080411, 44.787480602158567 ], [ -1.233009080336778, 44.787468871534415 ], [ -1.23301457231882, 44.78728891202006 ], [ -1.233772683709147, 44.787300642571012 ], [ -1.233767194080411, 44.787480602158567 ] ], [ [ -1.227449593727328, 44.787382693262515 ], [ -1.227196890384132, 44.787378769641137 ], [ -1.227202400408007, 44.787198810688999 ], [ -1.22745510296678, 44.787202734285884 ], [ -1.227449593727328, 44.787382693262515 ] ], [ [ -1.191566239753209, 44.786819944173374 ], [ -1.191313543821541, 44.786815941193431 ], [ -1.191319165227177, 44.786635985753122 ], [ -1.19157186037451, 44.786639988708103 ], [ -1.191566239753209, 44.786819944173374 ] ], [ [ -1.23301457231882, 44.78728891202006 ], [ -1.232509164982786, 44.787281088858307 ], [ -1.232525645326388, 44.786741210424339 ], [ -1.232778346615392, 44.786745122211435 ], [ -1.232783839175816, 44.786565162696583 ], [ -1.233036539731927, 44.786569073900381 ], [ -1.23301457231882, 44.78728891202006 ] ], [ [ -1.219115945851843, 44.787072960500502 ], [ -1.218863245002231, 44.78706901846072 ], [ -1.21886878085975, 44.786889060312184 ], [ -1.219121480924968, 44.78689300232741 ], [ -1.219115945851843, 44.787072960500502 ] ], [ [ -1.216841640075001, 44.787037462022795 ], [ -1.216588939692914, 44.787033514953102 ], [ -1.216594482609955, 44.786853557026163 ], [ -1.216847182207651, 44.786857504071165 ], [ -1.216841640075001, 44.787037462022795 ] ], [ [ -1.21557813868448, 44.787017721085824 ], [ -1.214820038474268, 44.787005869817264 ], [ -1.214825586882013, 44.786825912062781 ], [ -1.215583684739069, 44.78683776325741 ], [ -1.21557813868448, 44.787017721085824 ] ], [ [ -1.214567338508258, 44.787001918276658 ], [ -1.214314638594291, 44.786997966177189 ], [ -1.214320188570803, 44.786818008472054 ], [ -1.214572887700387, 44.786821960546845 ], [ -1.214567338508258, 44.787001918276658 ] ], [ [ -1.213556539164721, 44.786986106525639 ], [ -1.213303839458995, 44.786982152190717 ], [ -1.213309392573038, 44.786802194584226 ], [ -1.213562091494379, 44.786806148894456 ], [ -1.213556539164721, 44.786986106525639 ] ], [ [ -1.191319165227177, 44.786635985753122 ], [ -1.190308385165106, 44.786619968344837 ], [ -1.190314009655334, 44.786440012998263 ], [ -1.190566703807422, 44.786444018163557 ], [ -1.190577951061008, 44.786084107401656 ], [ -1.190830643697204, 44.786088111958179 ], [ -1.190819398012249, 44.786448022770074 ], [ -1.191324786580096, 44.786456030306582 ], [ -1.191319165227177, 44.786635985753122 ] ], [ [ -1.227966015858282, 44.787030620771219 ], [ -1.227713313980595, 44.787026698316566 ], [ -1.227718822332306, 44.786846739303009 ], [ -1.227971523425586, 44.786850661733197 ], [ -1.227966015858282, 44.787030620771219 ] ], [ [ -1.215836384128791, 44.786841712537878 ], [ -1.215583684739069, 44.78683776325741 ], [ -1.215600322590763, 44.786297889734726 ], [ -1.216105716715977, 44.786305787588979 ], [ -1.216100172386155, 44.786485745485408 ], [ -1.21584747451318, 44.78648179681305 ], [ -1.215836384128791, 44.786841712537878 ] ], [ [ -1.228729627015314, 44.786862425670492 ], [ -1.22822422457052, 44.786854583604502 ], [ -1.22822973130177, 44.786674624535763 ], [ -1.22873513217776, 44.786682466552818 ], [ -1.228729627015314, 44.786862425670492 ] ], [ [ -1.228993337019626, 44.7865064275747 ], [ -1.228740637288577, 44.786502507428942 ], [ -1.228751647355327, 44.786142589162459 ], [ -1.229004345517606, 44.786146509259289 ], [ -1.228993337019626, 44.7865064275747 ] ], [ [ -1.221417895382747, 44.786208621675762 ], [ -1.220912500645365, 44.786200747342619 ], [ -1.220918029968425, 44.786020788966255 ], [ -1.220665333461875, 44.786016850985973 ], [ -1.220670863517438, 44.785836892627984 ], [ -1.220923559239632, 44.785840830583687 ], [ -1.220940146742127, 44.785300955398526 ], [ -1.221192840163157, 44.785304892721683 ], [ -1.221198368442622, 44.785124934289612 ], [ -1.22170375387156, 44.785132807210296 ], [ -1.221709280530543, 44.784952848722831 ], [ -1.222214664598161, 44.784960719359049 ], [ -1.222220189636689, 44.784780760816268 ], [ -1.222725572342939, 44.784788629168062 ], [ -1.222731095761038, 44.784608670569952 ], [ -1.22298378640756, 44.784612603883041 ], [ -1.222989308989559, 44.784432645254149 ], [ -1.223494688869369, 44.784440510154802 ], [ -1.223472604505113, 44.785160344829258 ], [ -1.223219911402065, 44.785156412560205 ], [ -1.223214389397225, 44.785336371188706 ], [ -1.222456308045846, 44.785324570954863 ], [ -1.222450783636208, 44.78550452950352 ], [ -1.221945394758982, 44.785496659837641 ], [ -1.221939868728848, 44.785676618330967 ], [ -1.221687173583627, 44.785672682635195 ], [ -1.221681646717318, 44.785852641097705 ], [ -1.221428950839581, 44.785848704818555 ], [ -1.221417895382747, 44.786208621675762 ] ], [ [ -1.219649014709514, 44.786181051729784 ], [ -1.21889092377066, 44.78616922765584 ], [ -1.218896459368597, 44.785989269476154 ], [ -1.218138371250044, 44.785977440446331 ], [ -1.218143909149115, 44.785797482334239 ], [ -1.217891213997807, 44.785793538231204 ], [ -1.217896752629284, 44.785613580137486 ], [ -1.218402141415153, 44.785621467735474 ], [ -1.218407678426019, 44.785441509586299 ], [ -1.218660372112514, 44.785445452522431 ], [ -1.218671444409821, 44.785085536156167 ], [ -1.219176828801268, 44.785093420253531 ], [ -1.219171294247215, 44.785273378488967 ], [ -1.219423987305119, 44.785277319724003 ], [ -1.21942952107485, 44.785097361463954 ], [ -1.21968221340033, 44.785101302115535 ], [ -1.21968774633385, 44.784921343824706 ], [ -1.219940437926904, 44.784925283892875 ], [ -1.219929373576611, 44.785285200517528 ], [ -1.21967668041492, 44.785281260400168 ], [ -1.21967114737762, 44.785461218678549 ], [ -1.220176535321546, 44.78546909840356 ], [ -1.220171003801031, 44.785649056724893 ], [ -1.220423698635149, 44.785652995773745 ], [ -1.220418167847103, 44.78583295411341 ], [ -1.220165472228639, 44.785829015040015 ], [ -1.220159940604371, 44.786008973348849 ], [ -1.219654547954379, 44.78600109347633 ], [ -1.219649014709514, 44.786181051729784 ] ], [ [ -1.202465735162703, 44.78591180433385 ], [ -1.202213041677123, 44.785907825533329 ], [ -1.202218629041341, 44.785727868984722 ], [ -1.202471321742602, 44.785731847760417 ], [ -1.202465735162703, 44.78591180433385 ] ], [ [ -1.212073683145623, 44.785882627141177 ], [ -1.211820988458642, 44.785878669601253 ], [ -1.211848775475387, 44.784978882059846 ], [ -1.211596084762118, 44.78497492408453 ], [ -1.21160164279341, 44.784794966582261 ], [ -1.21134895291656, 44.784791008072837 ], [ -1.211354511680017, 44.784611050589007 ], [ -1.210849133651291, 44.784603131943115 ], [ -1.210854693931177, 44.784423174502443 ], [ -1.211107382135192, 44.784427134080119 ], [ -1.211112941578662, 44.784247176608467 ], [ -1.21086025415892, 44.784243217055554 ], [ -1.210871374457972, 44.78388330214301 ], [ -1.211629432168028, 44.78389517897719 ], [ -1.211634989886589, 44.783715221437461 ], [ -1.211887675109938, 44.783719179239888 ], [ -1.211876561189212, 44.78407909436249 ], [ -1.212129248033188, 44.784083051655493 ], [ -1.212090353159048, 44.785342754560993 ], [ -1.21234304554516, 44.785346711468016 ], [ -1.212331933823634, 44.785706626577102 ], [ -1.212079239868876, 44.78570266962069 ], [ -1.212073683145623, 44.785882627141177 ] ], [ [ -1.213595404378855, 44.785726402976522 ], [ -1.213342710163646, 44.785722448814312 ], [ -1.213348262913149, 44.785542491164186 ], [ -1.213600956344029, 44.785546445301691 ], [ -1.213595404378855, 44.785726402976522 ] ], [ [ -1.213348262913149, 44.785542491164186 ], [ -1.213095569534345, 44.785538536467797 ], [ -1.213101123016094, 44.785358578836075 ], [ -1.213353815610576, 44.785362533507772 ], [ -1.213348262913149, 44.785542491164186 ] ], [ [ -1.202229803612581, 44.785367955868743 ], [ -1.201977112532333, 44.785363976583888 ], [ -1.201982700523651, 44.785184020041356 ], [ -1.202235390819604, 44.785187999301399 ], [ -1.202229803612581, 44.785367955868743 ] ], [ [ -1.229778945614655, 44.785618388456754 ], [ -1.22952624965064, 44.785614470109849 ], [ -1.229537254495031, 44.785254551634345 ], [ -1.229789948890351, 44.785258469932344 ], [ -1.229778945614655, 44.785618388456754 ] ], [ [ -1.208805356884326, 44.785291263916086 ], [ -1.208552665228432, 44.785287299185434 ], [ -1.20856380027067, 44.784927384792844 ], [ -1.208816490357964, 44.784931349474022 ], [ -1.208805356884326, 44.785291263916086 ] ], [ [ -1.231553314980219, 44.78546584180701 ], [ -1.23104792395041, 44.785458012427171 ], [ -1.231053421640723, 44.785278053039683 ], [ -1.231558811101833, 44.78528588237068 ], [ -1.231553314980219, 44.78546584180701 ] ], [ [ -1.23231689568006, 44.785297622175804 ], [ -1.23206420076912, 44.785293709466281 ], [ -1.232075189720358, 44.784933790477204 ], [ -1.232327883062619, 44.784937703137885 ], [ -1.23231689568006, 44.785297622175804 ] ], [ [ -1.230295337835763, 44.78526630485181 ], [ -1.230042643337263, 44.785262387671494 ], [ -1.230059145510846, 44.784722509764862 ], [ -1.230311837656352, 44.784726426871863 ], [ -1.230295337835763, 44.78526630485181 ] ], [ [ -1.209069180497462, 44.784935313596328 ], [ -1.208816490357964, 44.784931349474022 ], [ -1.208827623622782, 44.784571435006946 ], [ -1.209080312193709, 44.78457539907982 ], [ -1.209069180497462, 44.784935313596328 ] ], [ [ -1.230806225410597, 44.785094178166631 ], [ -1.230553531593281, 44.785090262128435 ], [ -1.230559030749144, 44.784910302777327 ], [ -1.230811723782127, 44.78491421879108 ], [ -1.230806225410597, 44.785094178166631 ] ], [ [ -1.220193129571839, 44.78492922340223 ], [ -1.219940437926904, 44.784925283892875 ], [ -1.219951502069671, 44.784565367243275 ], [ -1.220204192145996, 44.784569306703482 ], [ -1.220193129571839, 44.78492922340223 ] ], [ [ -1.205284411528355, 44.78469583620145 ], [ -1.205031722956984, 44.784691863721598 ], [ -1.205037301327454, 44.784511906856402 ], [ -1.204531925910208, 44.78450396026988 ], [ -1.204548665413282, 44.783964089785556 ], [ -1.205559407045929, 44.783979980425876 ], [ -1.205609594497842, 44.782360367743415 ], [ -1.205862272978823, 44.782364338783509 ], [ -1.205845546651419, 44.782904209808144 ], [ -1.206098227537269, 44.782908180363812 ], [ -1.206087077959325, 44.783268094398579 ], [ -1.206339760465881, 44.783272064444994 ], [ -1.206323038059556, 44.783811935524668 ], [ -1.206070353200304, 44.783807965403966 ], [ -1.206064778176068, 44.783987922393266 ], [ -1.205812092584853, 44.783983951688981 ], [ -1.205800940811017, 44.784343865599297 ], [ -1.205295566648443, 44.784335922415217 ], [ -1.205284411528355, 44.78469583620145 ] ], [ [ -1.230564529853434, 44.784730343419994 ], [ -1.230311837656352, 44.784726426871863 ], [ -1.230322837278848, 44.784366508187411 ], [ -1.230070146701969, 44.78436259112933 ], [ -1.230081147686753, 44.784002672468851 ], [ -1.230586525754888, 44.784010505928464 ], [ -1.23058102685688, 44.784190465310672 ], [ -1.230833716752603, 44.784194381226698 ], [ -1.230828218587329, 44.784374340627153 ], [ -1.230575527907303, 44.784370424686699 ], [ -1.230564529853434, 44.784730343419994 ] ], [ [ -1.228542993721381, 44.784698995387423 ], [ -1.228290301937135, 44.784695074368607 ], [ -1.228295808048694, 44.784515115225098 ], [ -1.227790426203746, 44.784507271559903 ], [ -1.227795933832276, 44.784327312459141 ], [ -1.228554004324243, 44.78433907704531 ], [ -1.228542993721381, 44.784698995387423 ] ], [ [ -1.203021385506859, 44.784300150425899 ], [ -1.202768698975114, 44.784296172966428 ], [ -1.202774284299258, 44.784116216311951 ], [ -1.202521598604144, 44.784112238318457 ], [ -1.202538356615017, 44.7835723683921 ], [ -1.203043723352192, 44.78358032367133 ], [ -1.203038138969415, 44.783760280369329 ], [ -1.203796191820634, 44.783772209171715 ], [ -1.203790609738205, 44.783952165937919 ], [ -1.203537924617867, 44.783948190204434 ], [ -1.203532341698844, 44.78412814693958 ], [ -1.203026970046751, 44.78412019374661 ], [ -1.203021385506859, 44.784300150425899 ] ], [ [ -1.230064646132199, 44.784542550450212 ], [ -1.229811954822598, 44.78453863280884 ], [ -1.229817456176676, 44.784358673512401 ], [ -1.230070146701969, 44.78436259112933 ], [ -1.230064646132199, 44.784542550450212 ] ], [ [ -1.228812199031189, 44.784163038251506 ], [ -1.228559509548232, 44.784159117864917 ], [ -1.22857051984132, 44.783799199485436 ], [ -1.228823207755704, 44.783803119823119 ], [ -1.228812199031189, 44.784163038251506 ] ], [ [ -1.226537995543811, 44.784127734654426 ], [ -1.226285306525774, 44.784123809238416 ], [ -1.226290818756731, 44.783943850272088 ], [ -1.226543506990481, 44.783947775663606 ], [ -1.226537995543811, 44.784127734654426 ] ], [ [ -1.200763983244562, 44.783724463787443 ], [ -1.200258615882319, 44.783716498400331 ], [ -1.200264208891607, 44.783536541975487 ], [ -1.2007695746854, 44.783544507312904 ], [ -1.200763983244562, 44.783724463787443 ] ], [ [ -1.23033933632576, 44.783826630114049 ], [ -1.230086648101768, 44.783822713129261 ], [ -1.2300921484652, 44.783642753783461 ], [ -1.230344835904912, 44.783646670743792 ], [ -1.23033933632576, 44.783826630114049 ] ], [ [ -1.2300921484652, 44.783642753783461 ], [ -1.229839461077071, 44.783638836264302 ], [ -1.229855964210669, 44.783098958262876 ], [ -1.230108649246002, 44.783102875708678 ], [ -1.2300921484652, 44.783642753783461 ] ], [ [ -1.191437202568503, 44.782856920063189 ], [ -1.190931845370703, 44.782848913525903 ], [ -1.190948710655494, 44.782309046923608 ], [ -1.191454063148292, 44.782317053311026 ], [ -1.191437202568503, 44.782856920063189 ] ], [ [ -1.183098835807694, 44.782724526391718 ], [ -1.18208812859809, 44.782708437325944 ], [ -1.182099427065149, 44.782348528017025 ], [ -1.183110128001555, 44.782364616882035 ], [ -1.183098835807694, 44.782724526391718 ] ], [ [ -1.230861206805548, 44.783294584131113 ], [ -1.230608520831234, 44.78329066833728 ], [ -1.230614019471403, 44.783110708923907 ], [ -1.230866704661458, 44.783114624693319 ], [ -1.230861206805548, 44.783294584131113 ] ], [ [ -1.202308019742963, 44.782848563357639 ], [ -1.202055339642186, 44.782844584420388 ], [ -1.202060926899893, 44.782664627790446 ], [ -1.202313606216479, 44.782668606702877 ], [ -1.202308019742963, 44.782848563357639 ] ], [ [ -1.205609594497842, 44.782360367743415 ], [ -1.205356916069153, 44.782356396144586 ], [ -1.205362492975407, 44.782176439173426 ], [ -1.205615170619919, 44.782180410747486 ], [ -1.205609594497842, 44.782360367743415 ] ], [ [ -1.205368069829363, 44.781996482196028 ], [ -1.204862716265587, 44.781988537421185 ], [ -1.204879451218599, 44.781448666600276 ], [ -1.205132125621869, 44.781452639192729 ], [ -1.205137703050778, 44.781272682215139 ], [ -1.205390376722211, 44.781276654224072 ], [ -1.205368069829363, 44.781996482196028 ] ], [ [ -1.224846405908732, 44.78158082097022 ], [ -1.224593728231997, 44.781576891985729 ], [ -1.224604762173384, 44.781216974215511 ], [ -1.224857438281767, 44.781220903150981 ], [ -1.224846405908732, 44.78158082097022 ] ], [ [ -1.20387433547831, 44.781252813789422 ], [ -1.203621662120808, 44.781248838428027 ], [ -1.203627244202202, 44.781068881593015 ], [ -1.203879916775573, 44.781072856929583 ], [ -1.20387433547831, 44.781252813789422 ] ], [ [ -1.199853943102432, 44.780469315070491 ], [ -1.199348604389646, 44.780461346108133 ], [ -1.199359794740443, 44.780101433226264 ], [ -1.199107127030925, 44.780097447956727 ], [ -1.199101531097677, 44.780277404375909 ], [ -1.198596194267912, 44.780269432110956 ], [ -1.198607389218243, 44.77990951936583 ], [ -1.198354722450248, 44.779905532445007 ], [ -1.198360320630743, 44.779725576087955 ], [ -1.198865652651091, 44.779733549321094 ], [ -1.198871249210974, 44.779553592908059 ], [ -1.199123914515814, 44.779557578661674 ], [ -1.199129510239161, 44.779377622217517 ], [ -1.198371516834247, 44.779365663355094 ], [ -1.198377114857255, 44.779185706979298 ], [ -1.197871787751199, 44.779177731660603 ], [ -1.197877387289784, 44.778997775328314 ], [ -1.196866736843983, 44.778981818086095 ], [ -1.196877942035813, 44.778621905601909 ], [ -1.197130603000429, 44.778625895700735 ], [ -1.197136204733526, 44.77844593942438 ], [ -1.197641525252316, 44.77845391789613 ], [ -1.197635925087244, 44.778633874222265 ], [ -1.197888586209429, 44.778637862645006 ], [ -1.19788298677586, 44.778817818989786 ], [ -1.198388310745788, 44.778825794208963 ], [ -1.198393908611312, 44.778645837814416 ], [ -1.19915189260782, 44.778657796378376 ], [ -1.199146297094364, 44.778837752847537 ], [ -1.199398959315508, 44.778841737943011 ], [ -1.199393364533612, 44.779021694430774 ], [ -1.199646027591254, 44.779025678992404 ], [ -1.199657215534527, 44.778665765960909 ], [ -1.199909877076569, 44.77866974991413 ], [ -1.199921063241987, 44.778309836807907 ], [ -1.200173723268446, 44.778313820152697 ], [ -1.200162538671059, 44.778673733308644 ], [ -1.200415200317992, 44.7786777161445 ], [ -1.200426383347349, 44.778317802938844 ], [ -1.200679043478685, 44.778321785166312 ], [ -1.20068463413071, 44.778141828529279 ], [ -1.200937293530464, 44.778145810173207 ], [ -1.200914933743878, 44.77886563678323 ], [ -1.200662271208057, 44.77886165503994 ], [ -1.200656680346325, 44.779041611651969 ], [ -1.200151353863903, 44.779033646439593 ], [ -1.200145761381662, 44.779213602995682 ], [ -1.199893097435071, 44.779209619526604 ], [ -1.199887504116338, 44.779389576051607 ], [ -1.200140168846977, 44.779393559545554 ], [ -1.200134576259845, 44.779573516089172 ], [ -1.199881910745152, 44.779569532570378 ], [ -1.199876317321513, 44.779749489082874 ], [ -1.200128983620271, 44.779753472626531 ], [ -1.200112205386873, 44.780293342201176 ], [ -1.199859536735884, 44.780289358582948 ], [ -1.199853943102432, 44.780469315070491 ] ], [ [ -1.17761923906378, 44.780116566543043 ], [ -1.177366574325966, 44.78011253317456 ], [ -1.177372237741193, 44.779932578913204 ], [ -1.177624901694969, 44.779936612256527 ], [ -1.17761923906378, 44.780116566543043 ] ], [ [ -1.177377901103311, 44.77975262464561 ], [ -1.177125237986675, 44.779748590768754 ], [ -1.177130902079707, 44.779568636520061 ], [ -1.177383564412323, 44.779572670371721 ], [ -1.177377901103311, 44.77975262464561 ] ], [ [ -1.214525501116039, 44.780159568996559 ], [ -1.214272831055509, 44.780155617275291 ], [ -1.214295025875929, 44.779435785567877 ], [ -1.214042359003803, 44.779431833386553 ], [ -1.214047908362899, 44.779251875468759 ], [ -1.214300574450952, 44.77925582762542 ], [ -1.214311671444903, 44.778895911721797 ], [ -1.214564336016859, 44.778899863270432 ], [ -1.21458097876542, 44.77835998929428 ], [ -1.214833641037265, 44.778363940210248 ], [ -1.214839187732044, 44.778183982181048 ], [ -1.21509184927187, 44.77818793251366 ], [ -1.215086303361121, 44.778367890567502 ], [ -1.215591628164852, 44.778375789605931 ], [ -1.215586083770177, 44.778555747702804 ], [ -1.215333420558272, 44.778551798438293 ], [ -1.215322330044842, 44.778911714564046 ], [ -1.215574994824849, 44.778915663877861 ], [ -1.215569450274193, 44.779095621956024 ], [ -1.215316784710126, 44.779091672617582 ], [ -1.215311239323406, 44.779271630664901 ], [ -1.214805906783145, 44.779263730262578 ], [ -1.214789265606471, 44.779803604219147 ], [ -1.214536597062116, 44.779799653105982 ], [ -1.214525501116039, 44.780159568996559 ] ], [ [ -1.209988572167318, 44.779728437526742 ], [ -1.209735904612716, 44.779724475797806 ], [ -1.209747030145732, 44.779364560820468 ], [ -1.209999696132185, 44.779368522499951 ], [ -1.209988572167318, 44.779728437526742 ] ], [ [ -1.209230569660019, 44.779716550663778 ], [ -1.208725234916043, 44.779708623294866 ], [ -1.208736366721646, 44.779348708515343 ], [ -1.209241698329332, 44.779356635785334 ], [ -1.209230569660019, 44.779716550663778 ] ], [ [ -1.207467468818919, 44.779508837832076 ], [ -1.20721480257038, 44.77950487054072 ], [ -1.207220373151484, 44.779324913296321 ], [ -1.207473038615958, 44.77932888056295 ], [ -1.207467468818919, 44.779508837832076 ] ], [ [ -1.207725704132665, 44.779332847270851 ], [ -1.207473038615958, 44.77932888056295 ], [ -1.207478608360765, 44.779148923287522 ], [ -1.207731273093412, 44.779152889970696 ], [ -1.207725704132665, 44.779332847270851 ] ], [ [ -1.207983937878283, 44.779156856095128 ], [ -1.207731273093412, 44.779152889970696 ], [ -1.207736842001941, 44.778972932664288 ], [ -1.207989506002758, 44.778976898763993 ], [ -1.207983937878283, 44.779156856095128 ] ], [ [ -1.207478608360765, 44.779148923287522 ], [ -1.207225943680349, 44.779144956045677 ], [ -1.207231514156978, 44.778964998788766 ], [ -1.207484178053345, 44.778968966005905 ], [ -1.207478608360765, 44.779148923287522 ] ], [ [ -1.208758629706529, 44.778628878881435 ], [ -1.208505967117173, 44.778624914507326 ], [ -1.208517099864517, 44.77826499970238 ], [ -1.208769760885817, 44.778268964027042 ], [ -1.208758629706529, 44.778628878881435 ] ], [ [ -1.199157488068805, 44.778477839902962 ], [ -1.198904827468171, 44.778473854298554 ], [ -1.198916019800739, 44.778113941378741 ], [ -1.199168678833363, 44.77811792693344 ], [ -1.199157488068805, 44.778477839902962 ] ], [ [ -1.217102064133193, 44.778579431557034 ], [ -1.216849400609445, 44.778575485644758 ], [ -1.21685494108391, 44.778395527424735 ], [ -1.217107603823616, 44.778399473312383 ], [ -1.217102064133193, 44.778579431557034 ] ], [ [ -1.209522181051358, 44.778460811153309 ], [ -1.209269519089483, 44.778456848480026 ], [ -1.209275083084983, 44.778276891000253 ], [ -1.209022421959308, 44.77827292779299 ], [ -1.20902798668665, 44.778092970331691 ], [ -1.208775326397175, 44.778089006590477 ], [ -1.208780891856344, 44.777909049147674 ], [ -1.209033551361809, 44.777913012864147 ], [ -1.209039115984785, 44.777733055390385 ], [ -1.209291774758428, 44.777737018523453 ], [ -1.209280647028306, 44.778096933514213 ], [ -1.209785967868136, 44.7781048582032 ], [ -1.20978040549285, 44.778284815738672 ], [ -1.209527744262833, 44.778280853648823 ], [ -1.209522181051358, 44.778460811153309 ] ], [ [ -1.208258871763818, 44.77844099219989 ], [ -1.208006210062898, 44.778437026733123 ], [ -1.208011777978516, 44.778257069377041 ], [ -1.208264438895414, 44.778261034819067 ], [ -1.208258871763818, 44.77844099219989 ] ], [ [ -1.201437024187218, 44.778333728496555 ], [ -1.201184363898627, 44.778329747945151 ], [ -1.201189952982638, 44.778149791258436 ], [ -1.201442612487222, 44.778153771784986 ], [ -1.201437024187218, 44.778333728496555 ] ], [ [ -1.211043712425209, 44.778304617807642 ], [ -1.210791050934459, 44.778300658511228 ], [ -1.210813287578489, 44.77758082793649 ], [ -1.211065945933194, 44.77758478713411 ], [ -1.211060387634381, 44.777764744811833 ], [ -1.211818365363205, 44.777776619126591 ], [ -1.211812809364297, 44.777956576872207 ], [ -1.211560149285236, 44.77795261930126 ], [ -1.211554592450211, 44.778132577015924 ], [ -1.211049270880389, 44.778124660148599 ], [ -1.211043712425209, 44.778304617807642 ] ], [ [ -1.206243153022593, 44.778229295639569 ], [ -1.20573783207688, 44.778221355257806 ], [ -1.2057434069964, 44.778041398118319 ], [ -1.206248726374093, 44.778049338450529 ], [ -1.206243153022593, 44.778229295639569 ] ], [ [ -1.2057434069964, 44.778041398118319 ], [ -1.205490747385965, 44.778037427114178 ], [ -1.205496323037211, 44.777857469993208 ], [ -1.205748981863642, 44.777861440972572 ], [ -1.2057434069964, 44.778041398118319 ] ], [ [ -1.215855377710022, 44.778019822025328 ], [ -1.215602716798225, 44.778015873393443 ], [ -1.215608261036925, 44.777835915277862 ], [ -1.215860921164705, 44.777839863885106 ], [ -1.215855377710022, 44.778019822025328 ] ], [ [ -1.210296849671707, 44.777932823066294 ], [ -1.210044189905409, 44.777928862143234 ], [ -1.210049751392369, 44.777748904570565 ], [ -1.210302410374663, 44.777752865468912 ], [ -1.210296849671707, 44.777932823066294 ] ], [ [ -1.208780891856344, 44.777909049147674 ], [ -1.208275573001994, 44.777901120038656 ], [ -1.208286706899755, 44.777541205233277 ], [ -1.208792022618114, 44.777549134243358 ], [ -1.208780891856344, 44.777909049147674 ] ], [ [ -1.199432526905156, 44.777761998885211 ], [ -1.199179869388045, 44.777758013938922 ], [ -1.199185464586682, 44.777578057432279 ], [ -1.199438121319814, 44.777582042353671 ], [ -1.199432526905156, 44.777761998885211 ] ], [ [ -1.196400640164337, 44.777714142657523 ], [ -1.196147983277329, 44.777710151007184 ], [ -1.196159192437475, 44.777350238584972 ], [ -1.196411847756544, 44.777354230185487 ], [ -1.196400640164337, 44.777714142657523 ] ], [ [ -1.214344961178036, 44.777816163861289 ], [ -1.21409230136231, 44.777812211901932 ], [ -1.214103399091807, 44.777452295947825 ], [ -1.213850740896121, 44.777448343479087 ], [ -1.213856290466812, 44.777268385517338 ], [ -1.21360363310716, 44.777264432514599 ], [ -1.213609183409795, 44.777084474571282 ], [ -1.212598557627665, 44.777068657072199 ], [ -1.212604111014155, 44.776888699221345 ], [ -1.212856766597618, 44.776892654409437 ], [ -1.212862319148066, 44.776712696527696 ], [ -1.212357009601153, 44.776704785642188 ], [ -1.212351455482769, 44.776884743474589 ], [ -1.212098800003468, 44.776880787169134 ], [ -1.212109909756074, 44.77652087154749 ], [ -1.213120525714049, 44.776536693219761 ], [ -1.213114973999628, 44.776716651132432 ], [ -1.21336762890325, 44.776720605178539 ], [ -1.213373179833709, 44.776540647241198 ], [ -1.21387848822918, 44.776548553608016 ], [ -1.213889586798135, 44.776188637615952 ], [ -1.214142239506027, 44.776192589912078 ], [ -1.214147787928508, 44.776012631882018 ], [ -1.214653091932486, 44.776020534748945 ], [ -1.214619810024672, 44.777100283131595 ], [ -1.214872466808453, 44.777104233874987 ], [ -1.214855827504302, 44.777644108056094 ], [ -1.214350509284792, 44.777636205862706 ], [ -1.214344961178036, 44.777816163861289 ] ], [ [ -1.212071024710357, 44.777780576114161 ], [ -1.211818365363205, 44.777776619126591 ], [ -1.211823921310013, 44.777596661374773 ], [ -1.212076579873164, 44.777600618337637 ], [ -1.212071024710357, 44.777780576114161 ] ], [ [ -1.198938403836162, 44.777394115464197 ], [ -1.198433092200209, 44.777386142877752 ], [ -1.198438689645803, 44.777206186433254 ], [ -1.198943999713829, 44.777214158969933 ], [ -1.198938403836162, 44.777394115464197 ] ], [ [ -1.21309276662134, 44.777436482720766 ], [ -1.212840108633862, 44.777432528017314 ], [ -1.212845661340517, 44.777252570154268 ], [ -1.213098318544006, 44.777256524833057 ], [ -1.21309276662134, 44.777436482720766 ] ], [ [ -1.211324161802719, 44.777408788064299 ], [ -1.210818846609171, 44.777400870277226 ], [ -1.210824405587727, 44.777220912611696 ], [ -1.211077062374454, 44.777224871759891 ], [ -1.211082620516901, 44.777044914063431 ], [ -1.211335276571772, 44.777048872628221 ], [ -1.211324161802719, 44.777408788064299 ] ], [ [ -1.200459931177041, 44.777238063172064 ], [ -1.200207275802055, 44.777234080535031 ], [ -1.200212867707458, 44.77705412391024 ], [ -1.200465522298482, 44.777058106522418 ], [ -1.200459931177041, 44.777238063172064 ] ], [ [ -1.195171001919585, 44.776614442075513 ], [ -1.194918349999139, 44.776610447781366 ], [ -1.194929566367872, 44.776250535533372 ], [ -1.195182216720473, 44.776254529777638 ], [ -1.195171001919585, 44.776614442075513 ] ], [ [ -1.211599045671419, 44.776692915123959 ], [ -1.211346391132372, 44.776688957167195 ], [ -1.211351948334505, 44.776508999427328 ], [ -1.211604602089591, 44.776512957359365 ], [ -1.211599045671419, 44.776692915123959 ] ], [ [ -1.194671307125869, 44.776426496832627 ], [ -1.194418656094537, 44.776422501446149 ], [ -1.194424265820444, 44.776242545368852 ], [ -1.19467691606786, 44.776246540730433 ], [ -1.194671307125869, 44.776426496832627 ] ], [ [ -1.194166005115806, 44.776418505500999 ], [ -1.193913354189686, 44.77641450899722 ], [ -1.193918965483425, 44.776234552969811 ], [ -1.194171615625629, 44.776238549448678 ], [ -1.194166005115806, 44.776418505500999 ] ], [ [ -1.212109909756074, 44.77652087154749 ], [ -1.211857255896786, 44.776516914732753 ], [ -1.211862811478908, 44.77633695693725 ], [ -1.212115464554246, 44.776340913727282 ], [ -1.212109909756074, 44.77652087154749 ] ], [ [ -1.193918965483425, 44.776234552969811 ], [ -1.193666315393838, 44.776230555932329 ], [ -1.19367192741887, 44.776050599923614 ], [ -1.193924576724546, 44.776054596936142 ], [ -1.193918965483425, 44.776234552969811 ] ], [ [ -1.212368117681673, 44.776344869958656 ], [ -1.212115464554246, 44.776340913727282 ], [ -1.212121019300327, 44.776160955900842 ], [ -1.212373671643809, 44.776164912107546 ], [ -1.212368117681673, 44.776344869958656 ] ], [ [ -1.195199038527448, 44.775714661283963 ], [ -1.194946390526559, 44.775710667114431 ], [ -1.19495199847428, 44.775530710962293 ], [ -1.195204645691281, 44.775534705106914 ], [ -1.195199038527448, 44.775714661283963 ] ], [ [ -1.212637430239538, 44.775808951985262 ], [ -1.212384779411844, 44.775804996386604 ], [ -1.21239033321774, 44.775625038516765 ], [ -1.212642983261513, 44.775628994090745 ], [ -1.212637430239538, 44.775808951985262 ] ], [ [ -1.216949121201121, 44.77533623673002 ], [ -1.216696471840977, 44.775332290702288 ], [ -1.216702012164246, 44.775152332394626 ], [ -1.216954660740478, 44.775156278397759 ], [ -1.216949121201121, 44.77533623673002 ] ], [ [ -1.191684443539852, 44.774938868726736 ], [ -1.191431799411318, 44.774934866836297 ], [ -1.191437418122674, 44.774754911008458 ], [ -1.191184774830679, 44.774750908584423 ], [ -1.191190394273191, 44.774570952775264 ], [ -1.191443036781342, 44.774574955174337 ], [ -1.191448655387325, 44.774394999333992 ], [ -1.191701297164326, 44.774399001149497 ], [ -1.191684443539852, 44.774938868726736 ] ], [ [ -1.190926511312322, 44.774926861379662 ], [ -1.190421223424131, 44.774918853688547 ], [ -1.190432467064923, 44.774558942226406 ], [ -1.190685109414974, 44.774562946301302 ], [ -1.190690730372462, 44.774382990535869 ], [ -1.190943371991385, 44.774386994027189 ], [ -1.190926511312322, 44.774926861379662 ] ], [ [ -1.190174202189708, 44.77473489330211 ], [ -1.189668916185531, 44.774726882309345 ], [ -1.18967454033109, 44.774546926650132 ], [ -1.190179824767586, 44.77455493759291 ], [ -1.190174202189708, 44.77473489330211 ] ], [ [ -1.189421898191943, 44.774542920340828 ], [ -1.189169256105541, 44.774538913472931 ], [ -1.189174881766026, 44.774358957857451 ], [ -1.189427523068596, 44.774362964700366 ], [ -1.189421898191943, 44.774542920340828 ] ], [ [ -1.190696351277244, 44.774203034764192 ], [ -1.190443710494856, 44.774199030739275 ], [ -1.19044933213075, 44.774019074986334 ], [ -1.190701972129319, 44.774023078986261 ], [ -1.190696351277244, 44.774203034764192 ] ], [ [ -1.177306462622124, 44.773990051705603 ], [ -1.176548548846106, 44.77397794913967 ], [ -1.176554213591145, 44.773797994766184 ], [ -1.176301576555816, 44.773793959485559 ], [ -1.176307242031519, 44.773614005130995 ], [ -1.176054605833091, 44.773609969316979 ], [ -1.176071604292748, 44.77307010629125 ], [ -1.176324238139887, 44.773074142029714 ], [ -1.176329903403097, 44.772894187650088 ], [ -1.176582536519608, 44.772898222804848 ], [ -1.176588200945955, 44.772718268393824 ], [ -1.17684083333184, 44.772722302964809 ], [ -1.176852160457733, 44.772362394073596 ], [ -1.176346898874006, 44.77235432447371 ], [ -1.176352563924737, 44.772174370069088 ], [ -1.176099933996268, 44.772170334456511 ], [ -1.176105599777591, 44.77199038007079 ], [ -1.17585297068596, 44.77198634392488 ], [ -1.175858637197862, 44.771806389558051 ], [ -1.175606008943066, 44.771802352878801 ], [ -1.175623010511045, 44.771262489816387 ], [ -1.175875636414775, 44.771266526420092 ], [ -1.175881302714153, 44.771086572028267 ], [ -1.176386553113646, 44.771094643509763 ], [ -1.176380888381619, 44.771274597951944 ], [ -1.177391392952636, 44.771290734313361 ], [ -1.177385731302231, 44.771470688850002 ], [ -1.178648867128824, 44.771490846860665 ], [ -1.178637551505724, 44.771850756166721 ], [ -1.178384922666879, 44.771846725631356 ], [ -1.178379263992043, 44.77202668024983 ], [ -1.178126634422546, 44.772022649130761 ], [ -1.178115315346254, 44.772382558298645 ], [ -1.17836794648319, 44.772386589468034 ], [ -1.178339651782487, 44.773286362403979 ], [ -1.178087016726821, 44.773282331108852 ], [ -1.178081356843726, 44.773462285652094 ], [ -1.177828721057362, 44.773458253773242 ], [ -1.17782306033742, 44.773638208285099 ], [ -1.17757042382036, 44.773634175822515 ], [ -1.177564762263556, 44.773814130302945 ], [ -1.177312125015804, 44.773810097256622 ], [ -1.177306462622124, 44.773990051705603 ] ], [ [ -1.183633714864867, 44.773730800757782 ], [ -1.183381077128834, 44.773726781142443 ], [ -1.183386720605595, 44.773546826077926 ], [ -1.183639357557838, 44.773550845668169 ], [ -1.183633714864867, 44.773730800757782 ] ], [ [ -1.180125059178266, 44.7727747015593 ], [ -1.179619793079913, 44.772766646381172 ], [ -1.179631102963639, 44.77240673693661 ], [ -1.179378471561473, 44.772402708559973 ], [ -1.179389782800549, 44.772042799140635 ], [ -1.180147672463772, 44.772054882444053 ], [ -1.180153325652626, 44.771874927649606 ], [ -1.180405954862679, 44.771878954275174 ], [ -1.180411607214821, 44.771698999449342 ], [ -1.180664235694165, 44.771703025491249 ], [ -1.180675538672056, 44.771343115770591 ], [ -1.181180792654926, 44.771351166078354 ], [ -1.181169492811825, 44.771711075899496 ], [ -1.181422121450126, 44.771715100265816 ], [ -1.181410822962539, 44.77207501011214 ], [ -1.180652932504306, 44.772062935186931 ], [ -1.180647280829887, 44.772242890025382 ], [ -1.180394649999397, 44.772238863908093 ], [ -1.180383344924111, 44.772598773515931 ], [ -1.180130712579158, 44.772594746789864 ], [ -1.180125059178266, 44.7727747015593 ] ], [ [ -1.180422911760103, 44.771339089778913 ], [ -1.1799176580952, 44.771331036119925 ], [ -1.179934619217702, 44.770791171718095 ], [ -1.18018724367262, 44.770795198751458 ], [ -1.180175937877977, 44.771155108409197 ], [ -1.180428563953248, 44.771159134934287 ], [ -1.180422911760103, 44.771339089778913 ] ] ] } },
{ "type": "Feature", "properties": { "surface_ha": 1.88 }, "geometry": { "type": "Polygon", "coordinates": [ [ [ -1.116621174822413, 44.766883548328167 ], [ -1.116627024226196, 44.766703599831267 ], [ -1.116879621826464, 44.766707766601236 ], [ -1.116891318902744, 44.766347869536574 ], [ -1.117143914991085, 44.766352035696166 ], [ -1.117149762663605, 44.766172087128403 ], [ -1.116897167358634, 44.766167920994803 ], [ -1.116903015759691, 44.765987972446723 ], [ -1.116650421292913, 44.765983805780742 ], [ -1.116656270422491, 44.765803857252394 ], [ -1.116403676793906, 44.765799690054038 ], [ -1.116415376455231, 44.765439793030417 ], [ -1.116162784448176, 44.765435625325715 ], [ -1.116168634979901, 44.765255676830456 ], [ -1.115916043811028, 44.76525150859343 ], [ -1.115904341126058, 44.765611405525597 ], [ -1.115146563248627, 44.765598897308294 ], [ -1.115152416968552, 44.765418948923383 ], [ -1.11489982523583, 44.76541477842693 ], [ -1.114893970732573, 44.765594726785807 ], [ -1.114641378271407, 44.765590555704961 ], [ -1.114635522929917, 44.765770504031529 ], [ -1.114888116174426, 44.765774675138388 ], [ -1.114864697392925, 44.76649446848576 ], [ -1.115622486856092, 44.766506978768426 ], [ -1.115616634373624, 44.766686927167598 ], [ -1.116121829190196, 44.76669526461621 ], [ -1.116115978219634, 44.766875213061077 ], [ -1.116621174822413, 44.766883548328167 ] ], [ [ -1.116391976913196, 44.766159587052492 ], [ -1.115886786687148, 44.766151250876696 ], [ -1.115892638221645, 44.765971302432639 ], [ -1.116145232523882, 44.765975470773704 ], [ -1.116151083220167, 44.765795522297331 ], [ -1.116403676793906, 44.765799690054038 ], [ -1.116391976913196, 44.766159587052492 ] ] ] } },
{ "type": "Feature", "properties": { "surface_ha": 2.4 }, "geometry": { "type": "Polygon", "coordinates": [ [ [ -1.170723919327054, 44.766322883974631 ], [ -1.170729600645002, 44.766142929943321 ], [ -1.171234806497914, 44.766151023518979 ], [ -1.171240486195682, 44.765971069430933 ], [ -1.171493088418563, 44.765975115355879 ], [ -1.171521482191449, 44.765075344695433 ], [ -1.17101628563329, 44.765067252539538 ], [ -1.171021965794965, 44.76488729843917 ], [ -1.170769368379179, 44.764883251548895 ], [ -1.170775049271003, 44.764703297467484 ], [ -1.170522452691884, 44.764699250044046 ], [ -1.170528134313842, 44.764519295981657 ], [ -1.169517751663724, 44.764503100805072 ], [ -1.169495012321762, 44.765222916612913 ], [ -1.169747611037982, 44.765226966345722 ], [ -1.169736242614053, 44.765586874262596 ], [ -1.169483642330977, 44.765582824479267 ], [ -1.169472272126981, 44.765942732320518 ], [ -1.169724873976944, 44.765946782154423 ], [ -1.169719189578443, 44.766126736090939 ], [ -1.170224395005158, 44.766134834133972 ], [ -1.170218712120285, 44.766314788114762 ], [ -1.170723919327054, 44.766322883974631 ] ], [ [ -1.170752325384121, 44.765423113755517 ], [ -1.170499725671343, 44.765419066231075 ], [ -1.170505407506385, 44.765239112193711 ], [ -1.170758006435739, 44.765243159692879 ], [ -1.170752325384121, 44.765423113755517 ] ] ] } },
{ "type": "Feature", "properties": { "surface_ha": 7.16 }, "geometry": { "type": "Polygon", "coordinates": [ [ [ -1.155550610778112, 44.766618894022486 ], [ -1.155567796074319, 44.766079036530726 ], [ -1.155315195653806, 44.766074955375082 ], [ -1.155332382816895, 44.765535097903275 ], [ -1.155584980887147, 44.765539178982529 ], [ -1.155596437160503, 44.765179273919031 ], [ -1.156101630328514, 44.765187434300486 ], [ -1.156107356817853, 44.765007481708423 ], [ -1.156359952699005, 44.765011561036097 ], [ -1.156377129494751, 44.764471703145901 ], [ -1.156629723079455, 44.76447578183884 ], [ -1.15663544778731, 44.764295829170784 ], [ -1.157393226513341, 44.764308061823087 ], [ -1.157387504155576, 44.764488014567469 ], [ -1.15764009795493, 44.764492091026924 ], [ -1.157634376326887, 44.764672043790497 ], [ -1.157381781744161, 44.764667967305591 ], [ -1.157376059279094, 44.764847920037454 ], [ -1.157881250064951, 44.764856072499711 ], [ -1.157875529113007, 44.765036025276167 ], [ -1.158128125369784, 44.765040100695145 ], [ -1.158122405147597, 44.765220053490744 ], [ -1.158627599388831, 44.7652282027044 ], [ -1.158644755194164, 44.764688344146215 ], [ -1.158139565653265, 44.764680195085127 ], [ -1.158145285714562, 44.764500242270699 ], [ -1.158903067756211, 44.764512464948524 ], [ -1.158897350045041, 44.764692417839228 ], [ -1.159149944949525, 44.764696490973812 ], [ -1.159172812339104, 44.763976679271778 ], [ -1.15790985402012, 44.763956308523412 ], [ -1.157898412598962, 44.764316214132734 ], [ -1.157645819529328, 44.764312138257097 ], [ -1.157657262517198, 44.763952232698628 ], [ -1.157404671067918, 44.763948156315458 ], [ -1.157410393264732, 44.763768203552267 ], [ -1.157157802652445, 44.763764126636183 ], [ -1.157163525578944, 44.763584173892156 ], [ -1.15691093580365, 44.763580096443171 ], [ -1.156916659459819, 44.763400143718279 ], [ -1.156664070521513, 44.763396065736359 ], [ -1.156675519239502, 44.76303616031872 ], [ -1.156422931921497, 44.763032081829351 ], [ -1.156434381991412, 44.762672176437491 ], [ -1.156181796293682, 44.762668097440674 ], [ -1.156204698922535, 44.761948286683491 ], [ -1.155952116411596, 44.761944207230165 ], [ -1.155917757446519, 44.763023923175567 ], [ -1.155159996136751, 44.763011681007292 ], [ -1.155154267104729, 44.763191633566507 ], [ -1.154649091600152, 44.763183469278331 ], [ -1.154637630241699, 44.763543374276075 ], [ -1.154385041003363, 44.763539291243511 ], [ -1.154379309460215, 44.76371924370747 ], [ -1.154126719492287, 44.763715160091067 ], [ -1.154120987112066, 44.763895112523315 ], [ -1.153868396414548, 44.763891028323066 ], [ -1.153856929926179, 44.764250933117729 ], [ -1.153351745559027, 44.764242762940221 ], [ -1.153357480396785, 44.764062810596982 ], [ -1.153104889077205, 44.764058724696149 ], [ -1.153093417781218, 44.764418629325334 ], [ -1.1533460106675, 44.764422715277163 ], [ -1.153340275722205, 44.764602667607839 ], [ -1.153592869445619, 44.764606753026776 ], [ -1.153575666637249, 44.765146610057649 ], [ -1.153828262764559, 44.765150694994695 ], [ -1.153822529170969, 44.765330647351249 ], [ -1.154075126135427, 44.765334731755381 ], [ -1.15406939327148, 44.765514684131141 ], [ -1.154321991073092, 44.765518768002366 ], [ -1.154316258938804, 44.765698720397346 ], [ -1.154568857577565, 44.765702803735635 ], [ -1.154557394714597, 44.766062708557762 ], [ -1.154809994973939, 44.76606679138861 ], [ -1.154798533462891, 44.766426696236572 ], [ -1.155303737276505, 44.766434860324942 ], [ -1.155298008007279, 44.766614812790444 ], [ -1.155550610778112, 44.766618894022486 ] ], [ [ -1.154350650938404, 44.764619005933348 ], [ -1.153845463222795, 44.764610837887354 ], [ -1.153851196601364, 44.764430885505689 ], [ -1.15410378964893, 44.764434969782378 ], [ -1.154115254678099, 44.764075064949267 ], [ -1.154367846212705, 44.764079148616659 ], [ -1.15437357786333, 44.763899196165191 ], [ -1.154626168668327, 44.763903279248709 ], [ -1.154637630241699, 44.763543374276075 ], [ -1.154890219533765, 44.763547456750295 ], [ -1.154895949456533, 44.763367504229066 ], [ -1.155148538018997, 44.763371586119462 ], [ -1.155142808879551, 44.763551538666135 ], [ -1.15539539827905, 44.763555620023638 ], [ -1.155389669869222, 44.763735572589518 ], [ -1.155642260105761, 44.763739653414135 ], [ -1.155630804691661, 44.764099558577968 ], [ -1.155378212888436, 44.764095477702448 ], [ -1.155366755692816, 44.764455382790295 ], [ -1.155114162376591, 44.764451301305449 ], [ -1.155119891784613, 44.764271348790139 ], [ -1.154362114508344, 44.76425910106181 ], [ -1.154350650938404, 44.764619005933348 ] ], [ [ -1.155894850395999, 44.763743733680357 ], [ -1.155642260105761, 44.763739653414135 ], [ -1.155653715305059, 44.763379748225162 ], [ -1.156158892805918, 44.763387908097485 ], [ -1.156153166799767, 44.763567860746022 ], [ -1.155900577239167, 44.763563781063588 ], [ -1.155894850395999, 44.763743733680357 ] ] ] } },
{ "type": "Feature", "properties": { "surface_ha": 1.08 }, "geometry": { "type": "Polygon", "coordinates": [ [ [ -1.22058734140526, 44.763870117957637 ], [ -1.220603919343709, 44.763330240786054 ], [ -1.220098724338441, 44.763322365989474 ], [ -1.220104251781156, 44.763142406968981 ], [ -1.219851655139681, 44.763138468757653 ], [ -1.219840598635567, 44.763498386743301 ], [ -1.219588000479067, 44.763494447924415 ], [ -1.219593529540474, 44.763314488959274 ], [ -1.218583140566671, 44.763298728197896 ], [ -1.218588672709933, 44.763118769324912 ], [ -1.217578287699721, 44.763102999727344 ], [ -1.217583822924769, 44.762923040946482 ], [ -1.217331227585353, 44.762919097175704 ], [ -1.217320155516528, 44.763279014681956 ], [ -1.217067558662188, 44.763275070303543 ], [ -1.21706202176649, 44.763455029022708 ], [ -1.219082804321595, 44.763486568611377 ], [ -1.219077273641469, 44.763666527521117 ], [ -1.220340268341134, 44.763686221738453 ], [ -1.220334741526393, 44.76386618076485 ], [ -1.22058734140526, 44.763870117957637 ] ] ] } },
{ "type": "Feature", "properties": { "surface_ha": 1.52 }, "geometry": { "type": "Polygon", "coordinates": [ [ [ -1.217067558662188, 44.763275070303543 ], [ -1.217073095505971, 44.763095111578139 ], [ -1.216567903519872, 44.76308722119532 ], [ -1.216578980185335, 44.762727303824256 ], [ -1.215821197296094, 44.762715464209769 ], [ -1.21581565663912, 44.762895422824506 ], [ -1.215563061663193, 44.762891475144919 ], [ -1.215568603103567, 44.762711516554795 ], [ -1.214810820837746, 44.762699670239513 ], [ -1.214805277047173, 44.762879628755741 ], [ -1.214300087563036, 44.762871728370953 ], [ -1.214305632920407, 44.762691769904031 ], [ -1.214558226853084, 44.762695720350962 ], [ -1.214563771375073, 44.762515761853173 ], [ -1.213805992083194, 44.762503908911114 ], [ -1.213800445211035, 44.76268386733495 ], [ -1.21329525770969, 44.762675962532292 ], [ -1.213289709218732, 44.762855920900591 ], [ -1.212531926006712, 44.762844059434649 ], [ -1.212526375113526, 44.763024017722699 ], [ -1.214547137653153, 44.763055637327852 ], [ -1.214541592975209, 44.763235595806933 ], [ -1.215551978626575, 44.763251392306458 ], [ -1.215557520170861, 44.763071433728818 ], [ -1.215810115930197, 44.76307538143304 ], [ -1.215804575169326, 44.763255340035343 ], [ -1.217067558662188, 44.763275070303543 ] ] ] } },
{ "type": "Feature", "properties": { "surface_ha": 2.08 }, "geometry": { "type": "Polygon", "coordinates": [ [ [ -1.164253163702578, 44.763158255366591 ], [ -1.164270265879478, 44.762618394907634 ], [ -1.164017679304553, 44.762614333244862 ], [ -1.164029082055179, 44.762254426291562 ], [ -1.163776497100298, 44.76225036412113 ], [ -1.163782199178719, 44.762070410660442 ], [ -1.163277030995917, 44.762062284695283 ], [ -1.163282734587431, 44.761882331279033 ], [ -1.163030151359513, 44.761878267484292 ], [ -1.163047264162998, 44.761338407273968 ], [ -1.162542102567178, 44.761330278161701 ], [ -1.162547808294538, 44.761150324796432 ], [ -1.162295228360109, 44.761146259428159 ], [ -1.162289521849502, 44.761326212768083 ], [ -1.16203694118533, 44.761322146816141 ], [ -1.162031233837972, 44.761502100124375 ], [ -1.162536396786322, 44.761510231520688 ], [ -1.162530690951973, 44.761690184873387 ], [ -1.162278108667787, 44.761686119429058 ], [ -1.162266695272061, 44.762046026064972 ], [ -1.161761527731126, 44.762037893399807 ], [ -1.161750110988249, 44.762397799909138 ], [ -1.161497525731488, 44.762393732688324 ], [ -1.161486107207937, 44.762753639121847 ], [ -1.161738694031295, 44.762757706393437 ], [ -1.161744402536531, 44.762577753154417 ], [ -1.161996988630108, 44.762581819842296 ], [ -1.162008403913439, 44.762221913294745 ], [ -1.162260988493943, 44.762225979373525 ], [ -1.162249574777196, 44.762585885971824 ], [ -1.162754747231881, 44.762594016555838 ], [ -1.162749041859857, 44.762773969896337 ], [ -1.163001628950744, 44.762778034376197 ], [ -1.162995924308541, 44.762957987735753 ], [ -1.163501100217386, 44.762966115071109 ], [ -1.163495397088338, 44.763146068475152 ], [ -1.164253163702578, 44.763158255366591 ] ], [ [ -1.16400627634011, 44.762974240173108 ], [ -1.163501100217386, 44.762966115071109 ], [ -1.163506803292963, 44.762786161660848 ], [ -1.164011977849059, 44.762794286712129 ], [ -1.16400627634011, 44.762974240173108 ] ] ] } },
{ "type": "Feature", "properties": { "surface_ha": 1.16 }, "geometry": { "type": "Polygon", "coordinates": [ [ [ -1.208254522311607, 44.762236875892391 ], [ -1.20826008631385, 44.762056917999423 ], [ -1.208007496033278, 44.762052953666895 ], [ -1.208018625447969, 44.761693037911655 ], [ -1.20751344817675, 44.76168510767048 ], [ -1.207507881928801, 44.761865065501738 ], [ -1.206750114063363, 44.761853165877945 ], [ -1.206755682661347, 44.761673208120953 ], [ -1.205997917615824, 44.761661303546099 ], [ -1.205992346667815, 44.761841261228824 ], [ -1.205234579742347, 44.76182935155434 ], [ -1.205240153040379, 44.76164939394593 ], [ -1.204229801004697, 44.761633506661937 ], [ -1.204224224573313, 44.761813464171212 ], [ -1.20498199087169, 44.761825380546114 ], [ -1.204976416738058, 44.762005338123522 ], [ -1.205986775667571, 44.762021218905311 ], [ -1.2059812046151, 44.762201176575552 ], [ -1.207244158368951, 44.762221015113148 ], [ -1.207249725504636, 44.762041057319138 ], [ -1.207502315628664, 44.76204502332677 ], [ -1.207496749276338, 44.762224981145543 ], [ -1.208254522311607, 44.762236875892391 ] ] ] } },
{ "type": "Feature", "properties": { "surface_ha": 1.24 }, "geometry": { "type": "Polygon", "coordinates": [ [ [ -1.148127835824522, 44.761637515359702 ], [ -1.148139336836775, 44.761277611563422 ], [ -1.148644493877759, 44.761285804374367 ], [ -1.148655991541503, 44.760925900450744 ], [ -1.148403414560489, 44.760921804375556 ], [ -1.148397664972354, 44.761101756314943 ], [ -1.147639932003133, 44.761089464662874 ], [ -1.147645683940898, 44.760909512800175 ], [ -1.14714053046412, 44.760901315625091 ], [ -1.147146283914364, 44.760721363807257 ], [ -1.146641132219747, 44.760713164450152 ], [ -1.146646887182434, 44.760533212677217 ], [ -1.146394312199245, 44.760529112186781 ], [ -1.146400067891164, 44.760349160433158 ], [ -1.146147493745119, 44.760345059410042 ], [ -1.146141737270018, 44.7605250111381 ], [ -1.145889162394759, 44.76052090953111 ], [ -1.145877647716262, 44.760880812917193 ], [ -1.146382800653526, 44.760889015675239 ], [ -1.146371288891956, 44.761248919138559 ], [ -1.147129023401813, 44.761261219241909 ], [ -1.14712326978975, 44.761441171040893 ], [ -1.147375848850818, 44.761445269984321 ], [ -1.147370095968042, 44.76162522180261 ], [ -1.148127835824522, 44.761637515359702 ] ] ] } },
{ "type": "Feature", "properties": { "surface_ha": 7.43 }, "geometry": { "type": "Polygon", "coordinates": [ [ [ -1.182355034274997, 44.766148561860554 ], [ -1.182371969632615, 44.765608696236406 ], [ -1.182624571840925, 44.765612717515353 ], [ -1.182635860247795, 44.765252807017781 ], [ -1.182888460942122, 44.765256827688113 ], [ -1.182905390805238, 44.764716961819573 ], [ -1.183157989202172, 44.764720981856279 ], [ -1.183180558478621, 44.764001160510283 ], [ -1.183433153794823, 44.764005179888237 ], [ -1.183455719091352, 44.763285358341861 ], [ -1.183708311326928, 44.763289377061113 ], [ -1.183713951735472, 44.763109421633835 ], [ -1.183966543240568, 44.763113439769661 ], [ -1.183972182812872, 44.762933484311013 ], [ -1.185235137214548, 44.762953566489188 ], [ -1.185240772817232, 44.762773610898975 ], [ -1.185745953381115, 44.762781639811529 ], [ -1.185751587364271, 44.762601684165006 ], [ -1.187014535781517, 44.762621746549733 ], [ -1.187020165795156, 44.762441790771717 ], [ -1.188030522345765, 44.762457830528803 ], [ -1.188036149173282, 44.762277874644482 ], [ -1.190056858539589, 44.762309927157055 ], [ -1.190062479047705, 44.762129971066493 ], [ -1.191072831862463, 44.762145983822116 ], [ -1.191078449184574, 44.761966027625363 ], [ -1.191836211998677, 44.761978031254358 ], [ -1.191841826918158, 44.761798074976483 ], [ -1.193609936509974, 44.7618260637269 ], [ -1.193615545893589, 44.76164610726812 ], [ -1.193868132405239, 44.761650103402665 ], [ -1.193873740952953, 44.761470146912707 ], [ -1.195136670383242, 44.761490119085487 ], [ -1.195142274961838, 44.761310162464653 ], [ -1.194637104598645, 44.761302175320438 ], [ -1.194642710691296, 44.761122218743218 ], [ -1.194390126371838, 44.761118224358476 ], [ -1.194384519495887, 44.761298180910813 ], [ -1.191858671360746, 44.761258206105325 ], [ -1.191853056599192, 44.761438162401966 ], [ -1.19084271568548, 44.7614221567462 ], [ -1.190837097738056, 44.761602112936693 ], [ -1.189574168864553, 44.761582093179229 ], [ -1.189568546947901, 44.761762049238584 ], [ -1.189315960547985, 44.761758043587044 ], [ -1.189310337795306, 44.761937999615114 ], [ -1.187794815803231, 44.761913953830408 ], [ -1.187789188297903, 44.762093909702223 ], [ -1.187536600700524, 44.762089900092164 ], [ -1.187542228989172, 44.76190994424536 ], [ -1.187289642227882, 44.761905934102003 ], [ -1.187284013155914, 44.76208588992376 ], [ -1.185768488996811, 44.762061817187821 ], [ -1.185762855172119, 44.762241772853123 ], [ -1.184499915908748, 44.762221696759767 ], [ -1.184494278114592, 44.762401652293562 ], [ -1.183736512840822, 44.762389599862033 ], [ -1.183730872643806, 44.762569555314386 ], [ -1.183478283541634, 44.762565536695405 ], [ -1.183472642508398, 44.762745492116402 ], [ -1.183220052675775, 44.762741472913973 ], [ -1.183214410806302, 44.762921428303649 ], [ -1.182961820243229, 44.762917408517772 ], [ -1.182956177537508, 44.763097363876106 ], [ -1.182703586243985, 44.763093343506789 ], [ -1.182675368004923, 44.763993120079185 ], [ -1.182422772847443, 44.763989099026048 ], [ -1.182405838918823, 44.764528964819128 ], [ -1.182153241464055, 44.764524943132322 ], [ -1.182141950346846, 44.764884853579581 ], [ -1.181889351378171, 44.76488083128416 ], [ -1.181866765374787, 44.765600652003229 ], [ -1.181614163325282, 44.765596629049014 ], [ -1.181597220916449, 44.766136494447288 ], [ -1.182355034274997, 44.766148561860554 ] ] ] } },
{ "type": "Feature", "properties": { "surface_ha": 3.4 }, "geometry": { "type": "Polygon", "coordinates": [ [ [ -1.203719047302464, 44.761805517129432 ], [ -1.203724625300522, 44.761625559669739 ], [ -1.204229801004697, 44.761633506661937 ], [ -1.2042353773838, 44.761453549146417 ], [ -1.203477616255968, 44.761441627894953 ], [ -1.203483194932753, 44.761261670447567 ], [ -1.202725436625613, 44.761249744245312 ], [ -1.202719855598866, 44.761429701618255 ], [ -1.202214682089085, 44.761421747975341 ], [ -1.202220264682467, 44.761241790652001 ], [ -1.200957335740678, 44.761221896897545 ], [ -1.200962922198266, 44.761041939692092 ], [ -1.200205167811577, 44.76102999681369 ], [ -1.200210756566685, 44.760850039676505 ], [ -1.198695253908024, 44.760826138993387 ], [ -1.198700847310472, 44.760646181999121 ], [ -1.197185351239415, 44.760622261364844 ], [ -1.197179753137255, 44.760802218209875 ], [ -1.196169420339682, 44.760786259854008 ], [ -1.196163819051873, 44.760966216593204 ], [ -1.195658651401573, 44.760958234015412 ], [ -1.195653048494659, 44.761138190698574 ], [ -1.195147879487886, 44.761130205837581 ], [ -1.195142274961838, 44.761310162464653 ], [ -1.196910372887816, 44.761338099881343 ], [ -1.196915971930744, 44.76115814307996 ], [ -1.197926311624547, 44.761174094934773 ], [ -1.197920715714846, 44.76135405183571 ], [ -1.200699162816144, 44.761397873645954 ], [ -1.200693575470479, 44.761577830814069 ], [ -1.200946162668375, 44.761581811289702 ], [ -1.200951749230715, 44.761401854096732 ], [ -1.201709508788664, 44.761413792098971 ], [ -1.201703924576291, 44.761593749366426 ], [ -1.202714274519796, 44.761609658984987 ], [ -1.202708693388398, 44.761789616345467 ], [ -1.203719047302464, 44.761805517129432 ] ] ] } },
{ "type": "Feature", "properties": { "surface_ha": 7.16 }, "geometry": { "type": "Polygon", "coordinates": [ [ [ -1.173150540923823, 44.761500520526255 ], [ -1.173156213754349, 44.761320566098739 ], [ -1.173913960597909, 44.761332688504766 ], [ -1.173925301399842, 44.760972779479687 ], [ -1.17417788222084, 44.760976819114603 ], [ -1.174183551758814, 44.760796864567475 ], [ -1.175951613510951, 44.760825126202533 ], [ -1.175957277513047, 44.76064517147281 ], [ -1.175704697886623, 44.76064113579649 ], [ -1.175716027297986, 44.760281226368612 ], [ -1.175968605357937, 44.760285261994547 ], [ -1.175962941462044, 44.76046521673679 ], [ -1.176215520358329, 44.760469251829576 ], [ -1.176209857192576, 44.760649206590763 ], [ -1.176967596549692, 44.760661308594749 ], [ -1.176973257365719, 44.760481353758074 ], [ -1.176468099307708, 44.760473286364082 ], [ -1.176479423913471, 44.760113376772601 ], [ -1.176984578838557, 44.760121444065938 ], [ -1.176990239495371, 44.759941489210469 ], [ -1.176485086136725, 44.759933421967474 ], [ -1.176490748306895, 44.759753467156095 ], [ -1.176995900099113, 44.759761534348755 ], [ -1.177012881591924, 44.759221669726038 ], [ -1.177770602629455, 44.759233766101282 ], [ -1.177776260671366, 44.759053811139069 ], [ -1.178028833673459, 44.759057842122402 ], [ -1.178040148031795, 44.758697932128868 ], [ -1.178292719520572, 44.758701962503629 ], [ -1.178298375837019, 44.758522007472301 ], [ -1.178550946595658, 44.758526037263664 ], [ -1.178556602075919, 44.758346082200944 ], [ -1.178051462177983, 44.758338022110301 ], [ -1.178057119171526, 44.758158067091593 ], [ -1.177804550085255, 44.758154036234025 ], [ -1.17779323447883, 44.758513946214819 ], [ -1.177540663879298, 44.758509914748636 ], [ -1.177546322492189, 44.758329959786536 ], [ -1.17653604375726, 44.75831382843969 ], [ -1.176530382011748, 44.758493783301127 ], [ -1.176782952399034, 44.758497817000446 ], [ -1.176777291383605, 44.758677771880819 ], [ -1.176272149095792, 44.758669703873615 ], [ -1.176255161032004, 44.759209568326135 ], [ -1.176002587618201, 44.759205533409563 ], [ -1.175996924040902, 44.759385488189402 ], [ -1.175744349897009, 44.759381452689354 ], [ -1.175750014257495, 44.75920149793474 ], [ -1.175244867695403, 44.759193425310166 ], [ -1.175256199389773, 44.75883351588287 ], [ -1.175003627754754, 44.758829478783532 ], [ -1.175009294305426, 44.758649524085662 ], [ -1.174504152761104, 44.75864144826253 ], [ -1.174475811644691, 44.759541221437246 ], [ -1.174223237036344, 44.759537182562269 ], [ -1.174228906149101, 44.759357227965047 ], [ -1.173976332377096, 44.759353188556943 ], [ -1.17394798236577, 44.760252961354404 ], [ -1.173695404730889, 44.76024892126199 ], [ -1.173689733785921, 44.7604288757775 ], [ -1.173437155420979, 44.760424835101553 ], [ -1.173448498824199, 44.760064926114737 ], [ -1.173195922078879, 44.760060884930901 ], [ -1.173207266835824, 44.759700975969452 ], [ -1.172702116637566, 44.759692892027765 ], [ -1.17268509472311, 44.760232755309232 ], [ -1.172432517354138, 44.760228712425267 ], [ -1.17242116757873, 44.760588621197819 ], [ -1.172673746514162, 44.76059266413224 ], [ -1.172662398092422, 44.760952572930172 ], [ -1.172409817590504, 44.760948529945296 ], [ -1.172404142516583, 44.76112848430968 ], [ -1.172151561284617, 44.761124440741241 ], [ -1.172174264394041, 44.760404623347178 ], [ -1.17192168634826, 44.760400579321356 ], [ -1.171910333333503, 44.760760487980441 ], [ -1.17165775377447, 44.760756443345848 ], [ -1.171652076404016, 44.760936397640762 ], [ -1.171904656746294, 44.760940442300601 ], [ -1.171898980105865, 44.761120396614487 ], [ -1.171646398980335, 44.761116351929424 ], [ -1.171640721503424, 44.761296306211804 ], [ -1.172145885374227, 44.761304395074099 ], [ -1.172140209410623, 44.761484349400718 ], [ -1.173150540923823, 44.761500520526255 ] ], [ [ -1.173156213754349, 44.761320566098739 ], [ -1.172903631579523, 44.761316524180081 ], [ -1.172909305140126, 44.76113656977153 ], [ -1.173161886531689, 44.76114061166497 ], [ -1.173156213754349, 44.761320566098739 ] ], [ [ -1.174694379912096, 44.76062498750818 ], [ -1.173936641989127, 44.760612870429568 ], [ -1.17394798236577, 44.760252961354404 ], [ -1.174200560053809, 44.760257000888529 ], [ -1.174194890675297, 44.760436955454423 ], [ -1.174700047777284, 44.760445032898126 ], [ -1.174694379912096, 44.76062498750818 ] ], [ [ -1.174997961150958, 44.759009433475129 ], [ -1.174745388785892, 44.759005395792322 ], [ -1.174751056172861, 44.758825441125921 ], [ -1.175003627754754, 44.758829478783532 ], [ -1.174997961150958, 44.759009433475129 ] ], [ [ -1.177024202321791, 44.758861759946257 ], [ -1.176771630315102, 44.758857726754911 ], [ -1.176777291383605, 44.758677771880819 ], [ -1.177029862607124, 44.758681805046983 ], [ -1.177024202321791, 44.758861759946257 ] ] ] } },
{ "type": "Feature", "properties": { "surface_ha": 1.8 }, "geometry": { "type": "Polygon", "coordinates": [ [ [ -1.146910970416727, 44.760177408993442 ], [ -1.146922478398098, 44.759817505352437 ], [ -1.147175050356487, 44.75982160462398 ], [ -1.147186556555774, 44.759461700906705 ], [ -1.14592370513485, 44.759441199222181 ], [ -1.145935218949765, 44.759081295735662 ], [ -1.146187787559764, 44.75908539713793 ], [ -1.146193543603138, 44.758905445359645 ], [ -1.145940975776264, 44.75890134398297 ], [ -1.145946732548794, 44.758721392224025 ], [ -1.146199299592552, 44.758725493575078 ], [ -1.146210811409489, 44.75836558998715 ], [ -1.145958245931945, 44.758361488687271 ], [ -1.145964002542568, 44.75818153690944 ], [ -1.145711437902084, 44.758177435076909 ], [ -1.145717195241829, 44.757997483318448 ], [ -1.146222323010582, 44.758005686374098 ], [ -1.146233834395837, 44.757645782735949 ], [ -1.145223585338829, 44.757629374596391 ], [ -1.145217826540893, 44.757809326316234 ], [ -1.144965263628522, 44.757805222860163 ], [ -1.14495374430452, 44.758165126229791 ], [ -1.145206308783055, 44.758169229737092 ], [ -1.14520054982315, 44.758349181438085 ], [ -1.144947984561523, 44.758345077905197 ], [ -1.144942224764528, 44.758525029574315 ], [ -1.145447356907975, 44.758533236133054 ], [ -1.145418564944236, 44.759432994640505 ], [ -1.145671135012555, 44.75943709721048 ], [ -1.145665377240993, 44.759617048918749 ], [ -1.146170519105852, 44.759625252435058 ], [ -1.14616476284662, 44.759805204188233 ], [ -1.146417334643155, 44.759809305134581 ], [ -1.146411579113118, 44.759989256907033 ], [ -1.146664151746774, 44.759993357320688 ], [ -1.146658396945949, 44.760173309112474 ], [ -1.146910970416727, 44.760177408993442 ] ] ] } },
{ "type": "Feature", "properties": { "surface_ha": 1.24 }, "geometry": { "type": "Polygon", "coordinates": [ [ [ -1.221938689188644, 44.761010448017473 ], [ -1.221949731708308, 44.760650529464336 ], [ -1.221697145671463, 44.760646595505555 ], [ -1.2217081895507, 44.760286676976605 ], [ -1.222213358542887, 44.760294544237617 ], [ -1.222279598671344, 44.758135031951248 ], [ -1.222027023548554, 44.758131098894445 ], [ -1.222015982478208, 44.75849101762207 ], [ -1.221763405840716, 44.75848708395781 ], [ -1.221741319945925, 44.759206921240114 ], [ -1.221488740227201, 44.759202986919362 ], [ -1.221472172912725, 44.759742864742009 ], [ -1.221724754981274, 44.759746799136408 ], [ -1.221713711412662, 44.760106717702755 ], [ -1.221461127777525, 44.760102783259256 ], [ -1.22143903688579, 44.760822620218995 ], [ -1.221691623654187, 44.760826554760698 ], [ -1.221686101585139, 44.761006514009615 ], [ -1.221938689188644, 44.761010448017473 ] ] ] } },
{ "type": "Feature", "properties": { "surface_ha": 1.44 }, "geometry": { "type": "Polygon", "coordinates": [ [ [ -1.135437381501327, 44.755489468840217 ], [ -1.135443170187318, 44.755309518046069 ], [ -1.135190619565256, 44.755305393153641 ], [ -1.135202198340334, 44.754945491597979 ], [ -1.134949649338439, 44.754941366198878 ], [ -1.134961229462291, 44.754581464669521 ], [ -1.134708682080541, 44.754577338763731 ], [ -1.13471447284397, 44.754397388015391 ], [ -1.134461926299425, 44.754393261577178 ], [ -1.134473509229244, 44.754033360113105 ], [ -1.133968419434675, 44.754025105665164 ], [ -1.133980005278902, 44.753665204278974 ], [ -1.133727462028858, 44.753661076269331 ], [ -1.133733255652397, 44.753481125592565 ], [ -1.133480713239545, 44.753476997050491 ], [ -1.133492301889426, 44.753117095729614 ], [ -1.132734679674032, 44.753104706909212 ], [ -1.132728883027654, 44.753284657495477 ], [ -1.132981424494654, 44.753288787686209 ], [ -1.132969832604629, 44.753648688891431 ], [ -1.133222375691715, 44.753652818575553 ], [ -1.133216580448088, 44.753832769194489 ], [ -1.133469124372389, 44.753836898346215 ], [ -1.13346332985733, 44.754016848984676 ], [ -1.133715874618844, 44.754020977604007 ], [ -1.133710080832369, 44.754200928261881 ], [ -1.133962626431102, 44.754205056348837 ], [ -1.133956833373222, 44.754385007026222 ], [ -1.133704286991579, 44.754380878913551 ], [ -1.133698493096474, 44.754560829558848 ], [ -1.133951040261035, 44.754564957697333 ], [ -1.13394524709454, 44.754744908362142 ], [ -1.134197795096337, 44.75474903596816 ], [ -1.134192002658468, 44.754928986652445 ], [ -1.134444551497499, 44.754933113726089 ], [ -1.134438759788269, 44.75511306442985 ], [ -1.134691309464538, 44.755117190971035 ], [ -1.134685518483961, 44.755297141694257 ], [ -1.134938068997466, 44.755301267703054 ], [ -1.134932278745561, 44.755481218445688 ], [ -1.135437381501327, 44.755489468840217 ] ] ] } },
{ "type": "Feature", "properties": { "surface_ha": 1.32 }, "geometry": { "type": "Polygon", "coordinates": [ [ [ -1.180068069138899, 44.750448188174268 ], [ -1.180073718319669, 44.750268232704322 ], [ -1.180326253378458, 44.750272257990424 ], [ -1.18036579068145, 44.749012569349738 ], [ -1.179355672682513, 44.748996465559927 ], [ -1.179350021524093, 44.74917642099831 ], [ -1.178844961276889, 44.749168365704556 ], [ -1.178839308499922, 44.749348321086408 ], [ -1.179344370312698, 44.749356376430441 ], [ -1.179310461931805, 44.750436108891819 ], [ -1.180068069138899, 44.750448188174268 ] ] ] } },
{ "type": "Feature", "properties": { "surface_ha": 2.76 }, "geometry": { "type": "Polygon", "coordinates": [ [ [ -1.173031112902561, 44.749255524176071 ], [ -1.173036783683421, 44.749075569373211 ], [ -1.173289312559908, 44.749079610135368 ], [ -1.173294982504846, 44.748899655301038 ], [ -1.17253739838316, 44.748887531415946 ], [ -1.172543070623215, 44.748707576651043 ], [ -1.172290543471746, 44.748703534265061 ], [ -1.172296216441376, 44.748523579519066 ], [ -1.172043690125832, 44.748519536600242 ], [ -1.172049363825023, 44.748339581873218 ], [ -1.171796838345405, 44.748335538421522 ], [ -1.171802512774141, 44.748155583713512 ], [ -1.17205503747103, 44.74815962713997 ], [ -1.172060711063851, 44.747979672400433 ], [ -1.1723132350312, 44.747983715243592 ], [ -1.172330253142429, 44.747443850911736 ], [ -1.172582774814821, 44.747447893121148 ], [ -1.172599790099409, 44.746908028657302 ], [ -1.172347270775082, 44.746903986523542 ], [ -1.172352943212954, 44.746724031714962 ], [ -1.172857980349421, 44.746732115373995 ], [ -1.17287499264804, 44.746192250759343 ], [ -1.172622476401204, 44.746188209284497 ], [ -1.172628147843742, 44.746008254425639 ], [ -1.172880663307932, 44.746012295875261 ], [ -1.17288633391467, 44.745832340984911 ], [ -1.172381304604729, 44.7458242575781 ], [ -1.172369960207531, 44.746184167251627 ], [ -1.17211744406703, 44.74618012466069 ], [ -1.172106097891839, 44.746540034258743 ], [ -1.171853580239206, 44.746535991059332 ], [ -1.171847906289176, 44.746715945823738 ], [ -1.171595387907065, 44.746711902041071 ], [ -1.171584038282091, 44.747071811500604 ], [ -1.171331518387824, 44.747067767109414 ], [ -1.171297463539949, 44.748147495186316 ], [ -1.17104493900266, 44.748143450085657 ], [ -1.171039262225731, 44.748323404717951 ], [ -1.171291787545751, 44.748327449843906 ], [ -1.171286111498344, 44.748507404495221 ], [ -1.171033585395588, 44.74850335934407 ], [ -1.171022231575652, 44.748863268577381 ], [ -1.171274759243906, 44.748867313779044 ], [ -1.171280435397728, 44.748687359140256 ], [ -1.171785489328348, 44.748695447818811 ], [ -1.171774140098518, 44.749055357191054 ], [ -1.172279197372945, 44.749063443738194 ], [ -1.172273524243774, 44.749243398465396 ], [ -1.173031112902561, 44.749255524176071 ] ] ] } },
{ "type": "Feature", "properties": { "surface_ha": 7.59 }, "geometry": { "type": "Polygon", "coordinates": [ [ [ -1.127759432400377, 44.750682634918732 ], [ -1.127776866859302, 44.750142784425272 ], [ -1.127524339842468, 44.750138642953075 ], [ -1.127541776159268, 44.749598792480548 ], [ -1.127289251545073, 44.749594650527804 ], [ -1.127295064324414, 44.749414700383561 ], [ -1.127042540547412, 44.749410557898599 ], [ -1.127048354054959, 44.749230607773917 ], [ -1.1252806946211, 44.749201594934767 ], [ -1.125274875634696, 44.749381544878432 ], [ -1.124769829007593, 44.74937325042162 ], [ -1.124764008401243, 44.749553200307233 ], [ -1.124258960426991, 44.749544903566424 ], [ -1.124276426778494, 44.749005054046002 ], [ -1.123771383718682, 44.748996755228291 ], [ -1.123777207292046, 44.748816805427367 ], [ -1.123524686626695, 44.748812655207352 ], [ -1.123542159367229, 44.748272805844451 ], [ -1.123037122896267, 44.748264503885672 ], [ -1.123031297138718, 44.748444453627819 ], [ -1.122778778202498, 44.748440301785479 ], [ -1.12279043122828, 44.748080402346723 ], [ -1.122537913911967, 44.748076249998192 ], [ -1.122532086643744, 44.748256199694808 ], [ -1.122279568599413, 44.748252046762325 ], [ -1.122273740493918, 44.748431996426717 ], [ -1.122021221721572, 44.748427842910303 ], [ -1.12201539277879, 44.748607792542494 ], [ -1.121762873278431, 44.748603638442127 ], [ -1.121768703003865, 44.748423688835842 ], [ -1.121516184340806, 44.74841953420335 ], [ -1.121527845193023, 44.748059635023758 ], [ -1.1212753281499, 44.74805547988511 ], [ -1.121281159276661, 44.747875530311809 ], [ -1.12102864307083, 44.747871374641036 ], [ -1.121040306725612, 44.747511475527368 ], [ -1.121292821366207, 44.747515631146285 ], [ -1.121304483237115, 44.74715573195563 ], [ -1.121051970161732, 44.747151576388596 ], [ -1.121057801797796, 44.746971626809746 ], [ -1.120805289559669, 44.746967470710636 ], [ -1.12084028292354, 44.745887773260968 ], [ -1.120587775435483, 44.74588361675945 ], [ -1.120593608253997, 44.745703667188423 ], [ -1.120088595006996, 44.745695352563317 ], [ -1.120111931994494, 44.74497555442376 ], [ -1.119859428583106, 44.744971396378013 ], [ -1.119871098313735, 44.744611497322339 ], [ -1.119618596522036, 44.744607338770543 ], [ -1.119630267598864, 44.744247439741578 ], [ -1.119377767426831, 44.744243280683719 ], [ -1.119371931133287, 44.744423230175421 ], [ -1.11886692938839, 44.74441491033393 ], [ -1.118855253507224, 44.744774809194553 ], [ -1.119107755917296, 44.744778969446152 ], [ -1.119101918677131, 44.744958918893026 ], [ -1.119354421924418, 44.744963078612642 ], [ -1.119342748844964, 44.745322977539324 ], [ -1.119847758633705, 44.745331295408505 ], [ -1.11982441807856, 44.746051093393923 ], [ -1.120076926185118, 44.746055251595337 ], [ -1.12006525714448, 44.746415150602211 ], [ -1.120317766870844, 44.74641930829749 ], [ -1.120311933051057, 44.746599257817401 ], [ -1.120564443614675, 44.746603414980655 ], [ -1.120546944174962, 44.747143263580469 ], [ -1.12029443126359, 44.747139106339404 ], [ -1.120276928983952, 44.747678954804776 ], [ -1.12052944424314, 44.747683112123653 ], [ -1.120523610823172, 44.747863061625445 ], [ -1.120776126919664, 44.747867218412253 ], [ -1.120770294227645, 44.748047167933684 ], [ -1.121022811161439, 44.74805132418841 ], [ -1.121011147178655, 44.748411223264313 ], [ -1.120758628679578, 44.748407066957704 ], [ -1.120746962912809, 44.748766965956534 ], [ -1.120999482977198, 44.748771122314984 ], [ -1.120993650794463, 44.748951071830888 ], [ -1.121498692652573, 44.748959382925527 ], [ -1.121492861980519, 44.749139332487012 ], [ -1.121997905622602, 44.749147641401315 ], [ -1.121992076461257, 44.749327591008331 ], [ -1.122497121887277, 44.749335897742313 ], [ -1.122502949483255, 44.749155948083455 ], [ -1.122755471495524, 44.749160100587453 ], [ -1.122743817814322, 44.749519999950707 ], [ -1.122996341446588, 44.749524151948449 ], [ -1.123002167531807, 44.749344202244082 ], [ -1.123759736408183, 44.749356654811322 ], [ -1.123765560090728, 44.749176705022961 ], [ -1.124018082376023, 44.749180854736707 ], [ -1.124000613512704, 44.749720704160616 ], [ -1.124505662943216, 44.749729002069316 ], [ -1.124499841445029, 44.74990895191646 ], [ -1.124752367024857, 44.749913100059594 ], [ -1.124746546254819, 44.750093049926342 ], [ -1.124999072671931, 44.750097197537293 ], [ -1.124987432533624, 44.750457097303681 ], [ -1.125997545009427, 44.750473682373759 ], [ -1.126003361974914, 44.750293732390261 ], [ -1.126255889447467, 44.750297877236711 ], [ -1.126250073264718, 44.750477827246129 ], [ -1.127512715358851, 44.750498543236638 ], [ -1.127506903035317, 44.750678493369001 ], [ -1.127759432400377, 44.750682634918732 ] ] ] } },
{ "type": "Feature", "properties": { "surface_ha": 1.76 }, "geometry": { "type": "Polygon", "coordinates": [ [ [ -1.18027705356261, 44.74378983161882 ], [ -1.180282700784367, 44.743609875917343 ], [ -1.180787713035595, 44.74361792407317 ], [ -1.180793358639312, 44.743437968315241 ], [ -1.181045864061754, 44.74344199153105 ], [ -1.181051508830003, 44.743262035741765 ], [ -1.181304013522809, 44.743266058374488 ], [ -1.1813153013355, 44.742906146726945 ], [ -1.181062798207768, 44.742902124144415 ], [ -1.18107408737389, 44.742542212522004 ], [ -1.180821585864112, 44.74253818943172 ], [ -1.180827231150321, 44.742358233636246 ], [ -1.180574730475972, 44.742354210013083 ], [ -1.180580376491767, 44.742174254236453 ], [ -1.180327876652842, 44.742170230080433 ], [ -1.180333523398211, 44.74199027432266 ], [ -1.180586022454641, 44.741994298453569 ], [ -1.18059731422162, 44.74163438686903 ], [ -1.180849811766003, 44.741638410391786 ], [ -1.180855456787637, 44.741458454565013 ], [ -1.181107953602459, 44.741462477504719 ], [ -1.181119241922066, 44.741102565782221 ], [ -1.181624232580557, 44.741110609887365 ], [ -1.181635517558749, 44.740750698039477 ], [ -1.181888011402433, 44.740754719204936 ], [ -1.181893653029755, 44.740574763246521 ], [ -1.181388666960154, 44.740566720407813 ], [ -1.181383023767952, 44.740746676316064 ], [ -1.181130530030053, 44.740742654034719 ], [ -1.181124886002511, 44.740922609911614 ], [ -1.18087239153507, 44.740918587047226 ], [ -1.18086674667217, 44.741098542892736 ], [ -1.180614251475188, 44.741094519445319 ], [ -1.180608605776919, 44.74127447525948 ], [ -1.180356109850396, 44.741270451228985 ], [ -1.18034481673016, 44.741630362788335 ], [ -1.180092319291627, 44.741626338149672 ], [ -1.180075376866847, 44.742166205366424 ], [ -1.179822877133789, 44.742162180094461 ], [ -1.179817228770488, 44.742342135795745 ], [ -1.180322229854543, 44.742350185831931 ], [ -1.180305289142063, 44.742890053048932 ], [ -1.180810295132946, 44.74289810100391 ], [ -1.180799004190107, 44.743258012551024 ], [ -1.180293995069083, 44.743249964495654 ], [ -1.180288347953192, 44.74342992020965 ], [ -1.179530832321038, 44.74341784386629 ], [ -1.179519533235117, 44.743777755124761 ], [ -1.18027705356261, 44.74378983161882 ] ], [ [ -1.180815940524988, 44.742718145220955 ], [ -1.18056343828561, 44.74271412154755 ], [ -1.180569084407253, 44.742534165783425 ], [ -1.180821585864112, 44.74253818943172 ], [ -1.180815940524988, 44.742718145220955 ] ] ] } },
{ "type": "Feature", "properties": { "surface_ha": 1.16 }, "geometry": { "type": "Polygon", "coordinates": [ [ [ -1.183958680463522, 44.739167262786374 ], [ -1.183964315355931, 44.738987306571111 ], [ -1.183459342523927, 44.738979273110544 ], [ -1.183476251578437, 44.738439404577477 ], [ -1.183728735620936, 44.738443421511484 ], [ -1.183734371084431, 44.738263465296214 ], [ -1.183986854397404, 44.738267481647291 ], [ -1.183998123601253, 44.737907569147872 ], [ -1.184250605402362, 44.737911584890917 ], [ -1.18426187283031, 44.737551672316371 ], [ -1.184514353119576, 44.737555687451433 ], [ -1.184525618771686, 44.737195774801734 ], [ -1.184020661375201, 44.737187744073957 ], [ -1.184003758123958, 44.737727612888762 ], [ -1.183498796244839, 44.73771957977911 ], [ -1.183487524017294, 44.738079492190806 ], [ -1.183235041592313, 44.738075474749017 ], [ -1.183229404616957, 44.738255430920425 ], [ -1.182724438360829, 44.738247394313007 ], [ -1.182701883672177, 44.738967218735475 ], [ -1.182954369903249, 44.738971237418397 ], [ -1.182948731881332, 44.739151193533445 ], [ -1.183958680463522, 44.739167262786374 ] ], [ [ -1.183212493373873, 44.738795299397069 ], [ -1.182960007872322, 44.738791281297118 ], [ -1.18296564578855, 44.738611325169543 ], [ -1.183218130507738, 44.738615343244426 ], [ -1.183212493373873, 44.738795299397069 ] ] ] } },
{ "type": "Feature", "properties": { "surface_ha": 2.32 }, "geometry": { "type": "Polygon", "coordinates": [ [ [ -1.199438716337183, 44.736891803929794 ], [ -1.199444302770245, 44.736711846104868 ], [ -1.199949260322877, 44.736719808572218 ], [ -1.199954845138967, 44.736539850691351 ], [ -1.200207323211499, 44.736543831063365 ], [ -1.200212907192943, 44.736363873151426 ], [ -1.199960429902709, 44.736359892804245 ], [ -1.199966014614106, 44.736179934910901 ], [ -1.199713538158512, 44.736175954030699 ], [ -1.199719123599845, 44.735995996155921 ], [ -1.199466647978888, 44.73599201474272 ], [ -1.19947223415015, 44.735812056886566 ], [ -1.199724708988833, 44.735816038274969 ], [ -1.199730294325467, 44.735636080387707 ], [ -1.199982768434232, 44.735640061193386 ], [ -1.19999393738593, 44.735280145350508 ], [ -1.198479102905835, 44.735256252446668 ], [ -1.198467924567048, 44.735616167991381 ], [ -1.197962977030338, 44.735608199127888 ], [ -1.197940613465899, 44.736328029943465 ], [ -1.198193090337164, 44.736332014753614 ], [ -1.19818750009734, 44.736511972466758 ], [ -1.198439977803297, 44.736515956743887 ], [ -1.198428798731069, 44.736875872201189 ], [ -1.199438716337183, 44.736891803929794 ] ] ] } }
]
}
