{
"type": "FeatureCollection",
"name": "emprise",
"crs": { "type": "name", "properties": { "name": "urn:ogc:def:crs:OGC:1.3:CRS84" } },
"features": [
{ "type": "Feature", "properties": { }, "geometry": { "type": "MultiPolygon", "coordinates": [ [ [ [ -1.202586212099811, 44.772198119793302 ], [ -1.205533040120093, 44.774187796403218 ], [ -1.209866927247661, 44.773123611806135 ], [ -1.212644350945264, 44.774790075285352 ], [ -1.214893885357855, 44.772582060000218 ], [ -1.217244388521869, 44.772095123042945 ], [ -1.222402054228911, 44.775718158407216 ], [ -1.222521163149195, 44.777303160610067 ], [ -1.220314326172012, 44.778791331517141 ], [ -1.218150229854627, 44.778412351010502 ], [ -1.216772704017758, 44.776717997294071 ], [ -1.218031434909738, 44.77935535149971 ], [ -1.2166898641357, 44.780798828207416 ], [ -1.213474102840366, 44.781211894980416 ], [ -1.20857632095623, 44.780255336198351 ], [ -1.210319083162649, 44.782310643993085 ], [ -1.215206819221782, 44.781503590765865 ], [ -1.217705185014777, 44.783140740415583 ], [ -1.218394924844578, 44.780307470286381 ], [ -1.221569991558454, 44.778451226504778 ], [ -1.224995553275465, 44.77820809489868 ], [ -1.226912102957484, 44.779018075154575 ], [ -1.228757707107722, 44.782560686990387 ], [ -1.230825309595346, 44.781238724689928 ], [ -1.233154376374807, 44.781733756421829 ], [ -1.233299135367374, 44.785150253926702 ], [ -1.234933162062958, 44.782232311558182 ], [ -1.23809429858239, 44.782443678425018 ], [ -1.23870001576895, 44.78504940748973 ], [ -1.237566087051564, 44.786257226001503 ], [ -1.236913426730287, 44.791028949190782 ], [ -1.234617527379078, 44.792224230921498 ], [ -1.232367370010877, 44.791569022079877 ], [ -1.232660081282066, 44.786801223650194 ], [ -1.230430817989536, 44.788901685447321 ], [ -1.231100203134208, 44.790329568314903 ], [ -1.230024819117062, 44.791510829642554 ], [ -1.230869569697901, 44.793182283751634 ], [ -1.234134108494898, 44.793125025288965 ], [ -1.238242691846034, 44.79452090858544 ], [ -1.237767207008279, 44.796877676451359 ], [ -1.235785931814185, 44.797164987318418 ], [ -1.234295762536525, 44.796360348323624 ], [ -1.232513226041333, 44.797308229104182 ], [ -1.233048422302447, 44.798693915709848 ], [ -1.234379302991883, 44.797331334583085 ], [ -1.236799913865862, 44.797493164591181 ], [ -1.23884065486473, 44.800389405778745 ], [ -1.237724965265452, 44.801590096598645 ], [ -1.23571351255419, 44.801737750528687 ], [ -1.233071583199463, 44.799136133676662 ], [ -1.23150356291461, 44.800567677476245 ], [ -1.230692340529089, 44.805493009652906 ], [ -1.22844450317988, 44.806461923704056 ], [ -1.226212283614905, 44.805034442455522 ], [ -1.22816421204866, 44.800073147226271 ], [ -1.226746843979853, 44.800114572593721 ], [ -1.226702136349374, 44.801463085751472 ], [ -1.224950573287606, 44.802689867962584 ], [ -1.225830112386309, 44.804630182631328 ], [ -1.223377645168067, 44.806319634800118 ], [ -1.225645306757443, 44.806823864890127 ], [ -1.226130269707067, 44.808520177330898 ], [ -1.224026453658553, 44.809641193239578 ], [ -1.221538069778082, 44.8080009821226 ], [ -1.22056028635188, 44.808799670004163 ], [ -1.220892410583769, 44.810593200156504 ], [ -1.218300290711172, 44.811849567633082 ], [ -1.220211831702018, 44.813093827238212 ], [ -1.219516006934434, 44.814752550526599 ], [ -1.217132800750324, 44.81509762585226 ], [ -1.215567397547759, 44.813357022104803 ], [ -1.214223350704285, 44.813244089270363 ], [ -1.205305911206478, 44.817431218915395 ], [ -1.203156238411197, 44.816621539272354 ], [ -1.203076504910669, 44.814984156201675 ], [ -1.2004333399384, 44.815099294683087 ], [ -1.198703458853627, 44.815711319207225 ], [ -1.196224106839848, 44.818681615991586 ], [ -1.196415695125834, 44.820837445946012 ], [ -1.193976273697899, 44.821479195266399 ], [ -1.192203972308959, 44.823241504103493 ], [ -1.189471184342362, 44.822311448693391 ], [ -1.186887018558873, 44.822584790628994 ], [ -1.185532128069774, 44.820944293841762 ], [ -1.183399729618533, 44.82296915595844 ], [ -1.180633364581472, 44.82258545970312 ], [ -1.180149653622412, 44.820888940657547 ], [ -1.18245602079181, 44.818459297974762 ], [ -1.184888170772419, 44.818452554236082 ], [ -1.186037824303778, 44.820015745480632 ], [ -1.187299138060788, 44.819430015385876 ], [ -1.187140600995887, 44.818168325788854 ], [ -1.184468377200763, 44.818106201004333 ], [ -1.183931615382199, 44.815787842648582 ], [ -1.182372641554646, 44.815596558953033 ], [ -1.180702252151983, 44.819823978494284 ], [ -1.179029780725811, 44.8207580035509 ], [ -1.181272541099766, 44.8234246303494 ], [ -1.180738967517391, 44.824965835694009 ], [ -1.177771561222048, 44.825287384005975 ], [ -1.175365371480359, 44.822765619967541 ], [ -1.175357704060997, 44.821325959146584 ], [ -1.1770302534174, 44.820391989269915 ], [ -1.17630492243993, 44.818608007549201 ], [ -1.175176302284674, 44.820538486610417 ], [ -1.172637771920476, 44.8206698387961 ], [ -1.173445400611409, 44.82417784156624 ], [ -1.170536537106308, 44.824704643860017 ], [ -1.168248757121119, 44.821269152182765 ], [ -1.169570643134724, 44.819990727065004 ], [ -1.171712298777392, 44.820030181504606 ], [ -1.166522493710066, 44.81431007544257 ], [ -1.166066830799874, 44.815295965694531 ], [ -1.167471045008303, 44.817080913277202 ], [ -1.16583268333582, 44.818644020570083 ], [ -1.168114298582988, 44.82005697269723 ], [ -1.16746006133127, 44.821888012341397 ], [ -1.168512260032117, 44.824094214879807 ], [ -1.166725725454324, 44.825044467554633 ], [ -1.161122885463237, 44.825038366771508 ], [ -1.158933232620096, 44.826873336775748 ], [ -1.161358691962002, 44.827917747708099 ], [ -1.162700710968985, 44.826490660679262 ], [ -1.164928859238387, 44.826562767753174 ], [ -1.166082914524152, 44.827989952717822 ], [ -1.167575019725525, 44.828964569334737 ], [ -1.167473794635295, 44.830550233625502 ], [ -1.161352447852541, 44.831551873333993 ], [ -1.156122768589633, 44.830212238508238 ], [ -1.150854461616631, 44.832387533824274 ], [ -1.153697787882295, 44.83163813321935 ], [ -1.158222706147937, 44.832838502398594 ], [ -1.159813709055842, 44.835336592979978 ], [ -1.158120514992022, 44.837364879890934 ], [ -1.160649200789543, 44.837312809269449 ], [ -1.16178193400307, 44.839001035082575 ], [ -1.159200069549444, 44.84043300746788 ], [ -1.159692038425425, 44.841721079398873 ], [ -1.158573836857425, 44.842920989858271 ], [ -1.155933143902263, 44.843394605462095 ], [ -1.154179918731217, 44.842081409082148 ], [ -1.15224541217193, 44.843324523946094 ], [ -1.148621116176934, 44.842600429268778 ], [ -1.148325636758819, 44.844298279501452 ], [ -1.144696766443585, 44.846643298032845 ], [ -1.149295599652712, 44.848067344751946 ], [ -1.147875637712989, 44.850223054674025 ], [ -1.147826548105876, 44.853623948590752 ], [ -1.14897027325607, 44.854091108865582 ], [ -1.151869126104363, 44.852833744143069 ], [ -1.154430198539703, 44.855417336441278 ], [ -1.158174283361408, 44.855008607578952 ], [ -1.157755481920645, 44.852919619024647 ], [ -1.163644931182719, 44.850937380362524 ], [ -1.163864191700327, 44.848616657696688 ], [ -1.16704410241976, 44.847405521505287 ], [ -1.169147726412558, 44.847934738775024 ], [ -1.169306205302718, 44.850067921116775 ], [ -1.165215127565104, 44.851532623059597 ], [ -1.165833647290479, 44.854678638697102 ], [ -1.168035654642756, 44.855608373761832 ], [ -1.166558558852991, 44.851878661759891 ], [ -1.168206404239856, 44.850808357134376 ], [ -1.170372952470193, 44.851188321641949 ], [ -1.173690207382942, 44.858666709401341 ], [ -1.172391836203074, 44.860430942391808 ], [ -1.173495723708124, 44.860741283122664 ], [ -1.175694873699189, 44.859368723757406 ], [ -1.17852288275526, 44.86012387261313 ], [ -1.179418510938759, 44.861882835361776 ], [ -1.177207973889151, 44.863359371278392 ], [ -1.178504696242089, 44.864883434979113 ], [ -1.180816376634754, 44.864385258496817 ], [ -1.182544253719072, 44.865604598393745 ], [ -1.180834103799524, 44.867651587490911 ], [ -1.178847011652158, 44.867376151764368 ], [ -1.177885255168222, 44.86599660218257 ], [ -1.171620006834316, 44.867336375257707 ], [ -1.172156173365468, 44.868264951986987 ], [ -1.174624182181369, 44.868115306010232 ], [ -1.175960643916151, 44.869386660679616 ], [ -1.172957800156747, 44.87227957411902 ], [ -1.179423412685691, 44.874668183200626 ], [ -1.179875659270408, 44.87678001915183 ], [ -1.177501505248042, 44.87758634738158 ], [ -1.173604807652717, 44.875936573588056 ], [ -1.175744652436389, 44.878011031348628 ], [ -1.173849072240265, 44.879748208384463 ], [ -1.174212644124235, 44.881341234414549 ], [ -1.171637814023746, 44.883828559368602 ], [ -1.1692349807548, 44.884231296018314 ], [ -1.167213098214872, 44.883557940081602 ], [ -1.167110726628944, 44.881650708098825 ], [ -1.164629694472982, 44.880193827108478 ], [ -1.162460705468519, 44.880893022888145 ], [ -1.164011233171677, 44.882226911546134 ], [ -1.163266722334758, 44.883723387263892 ], [ -1.16133098571484, 44.884146301499598 ], [ -1.159643157587678, 44.883350764191931 ], [ -1.159634413003052, 44.881619645610272 ], [ -1.161909324859506, 44.880806977980676 ], [ -1.160467555347889, 44.878658534535084 ], [ -1.163119031117605, 44.876449457003645 ], [ -1.159816219081058, 44.875703136064438 ], [ -1.158877340086985, 44.877198719425941 ], [ -1.156214576225065, 44.877661307170627 ], [ -1.153413297792633, 44.876790648701657 ], [ -1.154022774764411, 44.874571237251558 ], [ -1.158263849458129, 44.874266880916693 ], [ -1.159857029741636, 44.872527498422912 ], [ -1.158309319816752, 44.872221417046546 ], [ -1.154974529265133, 44.873231306205518 ], [ -1.153021924406852, 44.872616803222854 ], [ -1.150690734982015, 44.873376263348547 ], [ -1.149070950247364, 44.872651938497626 ], [ -1.145525411079744, 44.874624562191912 ], [ -1.142534214205585, 44.873531512073995 ], [ -1.141916582427813, 44.875518399544561 ], [ -1.138668843884007, 44.876271362010421 ], [ -1.13718406863629, 44.878741242217515 ], [ -1.130317449887852, 44.878707492694971 ], [ -1.129431038565249, 44.883484383704584 ], [ -1.131705720753299, 44.883794655048945 ], [ -1.132795269707533, 44.883292553493611 ], [ -1.130254722318377, 44.882034370593814 ], [ -1.131744991744468, 44.880036625723335 ], [ -1.133555511729172, 44.880095671851755 ], [ -1.134839606876083, 44.881192524691528 ], [ -1.135793930590037, 44.879676241893613 ], [ -1.137729705360958, 44.879253773340906 ], [ -1.139754828022123, 44.880831797585046 ], [ -1.138936809282078, 44.883758453295371 ], [ -1.135776947478455, 44.884466051995219 ], [ -1.137707223281275, 44.886037570206291 ], [ -1.13738691249344, 44.887608481108721 ], [ -1.133965156782556, 44.889193367777075 ], [ -1.131951123781774, 44.889057712419316 ], [ -1.134325297051443, 44.891761912898779 ], [ -1.132527052306686, 44.894268566613896 ], [ -1.123544479098083, 44.895220090304633 ], [ -1.124245561094318, 44.897194798263392 ], [ -1.12684254460544, 44.896844294046659 ], [ -1.12839486996231, 44.895116593987034 ], [ -1.130949982087618, 44.895565323230663 ], [ -1.133422069712186, 44.898977555069074 ], [ -1.132764778948645, 44.902004922858673 ], [ -1.130743869317679, 44.902971348928254 ], [ -1.128637501914465, 44.902208270740125 ], [ -1.127326496393995, 44.903115206569211 ], [ -1.126860389047621, 44.904816718324959 ], [ -1.124438406022149, 44.905603884379317 ], [ -1.12605595704876, 44.907112088567665 ], [ -1.124495170650916, 44.908783446005849 ], [ -1.12149447006416, 44.90782772374817 ], [ -1.118621393555252, 44.909074448649044 ], [ -1.115498363969627, 44.906103290816048 ], [ -1.113593006785645, 44.906874380237156 ], [ -1.114956486848102, 44.908005989630368 ], [ -1.116882801123535, 44.9147179025314 ], [ -1.115660494172463, 44.916451222786748 ], [ -1.116524378822702, 44.918240712124614 ], [ -1.119400933717767, 44.918585497170831 ], [ -1.119770792448978, 44.920468020742376 ], [ -1.121766593430968, 44.92204217950929 ], [ -1.120624621357694, 44.923571444653838 ], [ -1.11515062342445, 44.924796675572281 ], [ -1.115464964520653, 44.92662275357565 ], [ -1.1172226058738, 44.927490553924748 ], [ -1.120122184466893, 44.927223210224881 ], [ -1.121144018811287, 44.929232309390912 ], [ -1.119264984756885, 44.930334674739044 ], [ -1.116827374384725, 44.929469477973534 ], [ -1.114140843225506, 44.930141879457928 ], [ -1.111900030052211, 44.928665973306877 ], [ -1.108753272378143, 44.931151387785 ], [ -1.105986578758035, 44.929559590936201 ], [ -1.104767249557765, 44.93169951954782 ], [ -1.106844301673912, 44.9331929439779 ], [ -1.108795294906022, 44.931915291353711 ], [ -1.111506775211688, 44.933420196431285 ], [ -1.113014771897701, 44.932196464669119 ], [ -1.115406474426027, 44.932529074148015 ], [ -1.116165705163293, 44.934022004874457 ], [ -1.114625273571445, 44.935363530247237 ], [ -1.112607511259074, 44.935226723882622 ], [ -1.111463216260366, 44.933939852627759 ], [ -1.108580835969979, 44.935214410181715 ], [ -1.106795689357892, 44.933757104873756 ], [ -1.104254985948975, 44.935723605523222 ], [ -1.099571287723824, 44.935331347602343 ], [ -1.101730176958772, 44.938282535172029 ], [ -1.104139476615607, 44.937008126187393 ], [ -1.106391197847181, 44.938559665901884 ], [ -1.108819336681309, 44.937218121476747 ], [ -1.111077457489969, 44.938845738319912 ], [ -1.113760769886866, 44.937433817060935 ], [ -1.115559857311929, 44.938375545507689 ], [ -1.115566005633484, 44.939815263053561 ], [ -1.112850904391929, 44.940734434728711 ], [ -1.111052534043205, 44.939154311568004 ], [ -1.108369071146294, 44.940566168180155 ], [ -1.106348793212891, 44.939030383359224 ], [ -1.103920516818043, 44.94037187454601 ], [ -1.101679814473889, 44.938897513470131 ], [ -1.099270377756963, 44.94017186986391 ], [ -1.097033813401059, 44.938725510073525 ], [ -1.093728920500458, 44.940134357265642 ], [ -1.096637853930517, 44.943444824249248 ], [ -1.098826993719564, 44.942128595013955 ], [ -1.101303506255245, 44.943624295118425 ], [ -1.102385369689529, 44.94256835909578 ], [ -1.10440222201665, 44.942423116890843 ], [ -1.10597756518455, 44.943928293495453 ], [ -1.107727209009353, 44.942587993286296 ], [ -1.109716616115915, 44.942864708023968 ], [ -1.110670333538341, 44.944081967165957 ], [ -1.113330814990012, 44.942753815748667 ], [ -1.115019773735832, 44.943550071107623 ], [ -1.115136203739652, 44.945135272479597 ], [ -1.112649164756763, 44.946086184027507 ], [ -1.110629657943438, 44.944558082091312 ], [ -1.107969026917047, 44.945886169579822 ], [ -1.105942425898203, 44.944301756177985 ], [ -1.103500493834437, 44.945691876784032 ], [ -1.101256485195352, 44.944195753725346 ], [ -1.098840354460357, 44.945491872092063 ], [ -1.096592137113354, 44.943965224800316 ], [ -1.094170214807308, 44.945281867379364 ], [ -1.091932231148411, 44.94382595452965 ], [ -1.089530076035847, 44.945081862695368 ], [ -1.087288647553746, 44.943600778609998 ], [ -1.084879936985467, 44.944871857990684 ], [ -1.082638651663797, 44.943390764154564 ], [ -1.082515809688544, 44.945715902197961 ], [ -1.080573329575464, 44.946675620185353 ], [ -1.082258933136178, 44.948070822264775 ], [ -1.083530666446452, 44.946979876933746 ], [ -1.085342824811017, 44.946913250639206 ], [ -1.086904518701147, 44.94831998905434 ], [ -1.088627718247979, 44.947077891055287 ], [ -1.090617190342679, 44.947354947901026 ], [ -1.091560392989191, 44.948500996598476 ], [ -1.094201410689975, 44.947243872227006 ], [ -1.096217926537228, 44.948753768580268 ], [ -1.098871273209997, 44.947453857788155 ], [ -1.100891338223013, 44.948987599371264 ], [ -1.103551135430662, 44.947663843324527 ], [ -1.105571342589174, 44.9491975460436 ], [ -1.10845932957354, 44.947905586411714 ], [ -1.110234275403376, 44.949288040104157 ], [ -1.109308010165656, 44.950889382112784 ], [ -1.10688254523673, 44.951064127892479 ], [ -1.1055286484664, 44.94967250320844 ], [ -1.102640502952808, 44.950964387391977 ], [ -1.100848652832671, 44.94946244988094 ], [ -1.098188706508387, 44.950786141981347 ], [ -1.096172064504272, 44.949276280464737 ], [ -1.093518569020489, 44.950576127541858 ], [ -1.091509598438173, 44.949119052034916 ], [ -1.088868432068177, 44.950376113162832 ], [ -1.086855472323508, 44.948890059784432 ], [ -1.084208294881829, 44.950166098742358 ], [ -1.082201057840656, 44.948719226160918 ], [ -1.079568158291964, 44.949956084377568 ], [ -1.077562125566732, 44.948516695819087 ], [ -1.074928021643313, 44.949756070011937 ], [ -1.072921062699869, 44.94830919843821 ], [ -1.070519497063276, 44.94956184607549 ], [ -1.06828357867234, 44.948116864775471 ], [ -1.064366574412684, 44.949634383684689 ], [ -1.067919643179287, 44.952711427105889 ], [ -1.069836327602662, 44.951525157571091 ], [ -1.072536525539977, 44.952952391371255 ], [ -1.074015591673955, 44.951816173161056 ], [ -1.076227655790468, 44.952045128163327 ], [ -1.077054561658555, 44.953963199551431 ], [ -1.07470961187148, 44.955081852962948 ], [ -1.072473465404101, 44.953637656843938 ], [ -1.070543693400925, 44.954854842116433 ], [ -1.067850347725906, 44.953458620698662 ], [ -1.065237703877812, 44.954646042589772 ], [ -1.063277451576269, 44.953379401088718 ], [ -1.059577540090386, 44.9539260248118 ], [ -1.057601876043711, 44.952604380454552 ], [ -1.054829088499456, 44.953024143218698 ], [ -1.053176796390911, 44.951973489302745 ], [ -1.049748940443735, 44.953024117134028 ], [ -1.047972523770103, 44.951156408846444 ], [ -1.04573664635514, 44.95064337986733 ], [ -1.045164642229552, 44.94919181664428 ], [ -1.043333473204461, 44.950214052992642 ], [ -1.041315351279716, 44.950075952091744 ], [ -1.040304358957448, 44.948051688437097 ], [ -1.03818886668976, 44.94709300786743 ], [ -1.038422818939218, 44.945369835522769 ], [ -1.041339178910477, 44.944846477716304 ], [ -1.042643149782719, 44.946731833196004 ], [ -1.04830607017483, 44.945264164903634 ], [ -1.048203720267457, 44.943874326892185 ], [ -1.046308930935953, 44.944114095175841 ], [ -1.044544618173558, 44.942762024638974 ], [ -1.042290937640884, 44.942853538495662 ], [ -1.040946486928534, 44.941515100380009 ], [ -1.038761199490614, 44.942811470588254 ], [ -1.036293697938682, 44.941365989693303 ], [ -1.03436254189964, 44.942584950996128 ], [ -1.031666480980516, 44.941172995406646 ], [ -1.030407751798981, 44.942230616219689 ], [ -1.028380570916483, 44.942233411945956 ], [ -1.025782164352199, 44.938109866721902 ], [ -1.023418319716693, 44.938643974883746 ], [ -1.021626325051706, 44.936900153188965 ], [ -1.019687996558395, 44.937511789209672 ], [ -1.017898616231248, 44.936835404576037 ], [ -1.017499609799999, 44.935423851640174 ], [ -1.018994983512277, 44.933754544070048 ], [ -1.021384443154354, 44.933413713555112 ], [ -1.022929450731541, 44.934733586414147 ], [ -1.025543366731886, 44.933544090439227 ], [ -1.027537759529913, 44.934937556677554 ], [ -1.030730661345888, 44.930661778050954 ], [ -1.033499129532848, 44.930266555490071 ], [ -1.034788034274474, 44.931377643823815 ], [ -1.034303080428578, 44.932871550127139 ], [ -1.037270147118995, 44.933899576300746 ], [ -1.036232934967627, 44.935923742784418 ], [ -1.038881064858239, 44.936514268895984 ], [ -1.039224455041529, 44.938058229713533 ], [ -1.041280840325903, 44.939016975394239 ], [ -1.041302802418124, 44.940426131327193 ], [ -1.044890347333679, 44.937880307121738 ], [ -1.041421840782282, 44.936442541396204 ], [ -1.041730048578215, 44.932445057586001 ], [ -1.039572914586897, 44.9308561208966 ], [ -1.041359279971515, 44.929137652521014 ], [ -1.044080461876998, 44.930046923416988 ], [ -1.043689903409866, 44.931904938540299 ], [ -1.045620549257712, 44.93285689315384 ], [ -1.045550009456875, 44.9349630716791 ], [ -1.047021768979886, 44.93484268156211 ], [ -1.047544375537514, 44.932844954120277 ], [ -1.049482648820321, 44.932424017129684 ], [ -1.051170389567464, 44.933221239685004 ], [ -1.051370936319315, 44.934658195650641 ], [ -1.055152517312672, 44.935788239704024 ], [ -1.058160664386408, 44.935015850523733 ], [ -1.059931805979266, 44.936391494892099 ], [ -1.061628627099793, 44.935217755501128 ], [ -1.063617545020791, 44.935495294434418 ], [ -1.064558699090209, 44.936632435534563 ], [ -1.066960588340528, 44.935378163802383 ], [ -1.069195123986185, 44.936817251034249 ], [ -1.069015895830751, 44.935098182524399 ], [ -1.06681228278278, 44.933341474147603 ], [ -1.069290511300029, 44.931738163313717 ], [ -1.073240106997019, 44.934860836196016 ], [ -1.073826188964697, 44.937024723322487 ], [ -1.076032562987169, 44.933180484362595 ], [ -1.078177963606425, 44.93250685492405 ], [ -1.076607999180067, 44.931042293335707 ], [ -1.074533666606788, 44.931824818065024 ], [ -1.072592673377189, 44.931410336427291 ], [ -1.07181241339477, 44.930081580721605 ], [ -1.072691718974137, 44.928852156434111 ], [ -1.070686493646274, 44.927801071621992 ], [ -1.067149697689009, 44.92843419451556 ], [ -1.063729792497621, 44.926376185108332 ], [ -1.064186021682022, 44.923237304155236 ], [ -1.062192684369771, 44.922830184679 ], [ -1.061412790056788, 44.921501359417633 ], [ -1.062184406467001, 44.920335168963646 ], [ -1.064116825956174, 44.919913615679697 ], [ -1.062824917602162, 44.919112508286972 ], [ -1.058959543295178, 44.920154148400698 ], [ -1.057232674343696, 44.91893286605373 ], [ -1.057984701107859, 44.916687773951928 ], [ -1.059713060052926, 44.915881832270095 ], [ -1.056960912465114, 44.913420859803246 ], [ -1.057230872635176, 44.910906075282099 ], [ -1.055746295268853, 44.912063051154078 ], [ -1.056824321810005, 44.915386391447527 ], [ -1.053886763692506, 44.916256515287714 ], [ -1.051502857383601, 44.91343274691782 ], [ -1.052253884695441, 44.911658857229718 ], [ -1.050433769338172, 44.912326248913899 ], [ -1.049995085054596, 44.914455026223628 ], [ -1.047606606759275, 44.914796469750733 ], [ -1.044160800942163, 44.912950602954645 ], [ -1.043765560365352, 44.910756518684629 ], [ -1.044999113466022, 44.909515153588536 ], [ -1.041196228203603, 44.907373165300484 ], [ -1.039056467120045, 44.907576405196039 ], [ -1.035576166834619, 44.90579865454081 ], [ -1.034625109443476, 44.907190316131562 ], [ -1.032416281524507, 44.907426357696018 ], [ -1.028987536135042, 44.905762063671403 ], [ -1.025985914966502, 44.905785765350281 ], [ -1.024594270893672, 44.903806815407314 ], [ -1.022975118484838, 44.907412771236025 ], [ -1.023365644197053, 44.910050444499987 ], [ -1.021580615368024, 44.910731473031817 ], [ -1.019277904612303, 44.90970070617945 ], [ -1.014989722322504, 44.910226363055195 ], [ -1.016347349804405, 44.911358027546463 ], [ -1.016619498236766, 44.914636211568499 ], [ -1.015122184072933, 44.915814240423131 ], [ -1.012911798443588, 44.915584072457285 ], [ -1.011705667519546, 44.911525842243336 ], [ -1.012828375124378, 44.910327387576089 ], [ -1.01475032384474, 44.910163642108721 ], [ -1.013323404649275, 44.908540335482407 ], [ -1.015081516782093, 44.906993764775017 ], [ -1.013210766477854, 44.905899980811 ], [ -1.013013934063687, 44.902968759225161 ], [ -1.011464787898356, 44.904396050492657 ], [ -1.012486474389425, 44.905859732678529 ], [ -1.011219368421405, 44.907269206158297 ], [ -1.012636602388645, 44.908889729556499 ], [ -1.01128665501999, 44.91033077658976 ], [ -1.009260625718895, 44.910333223667969 ], [ -1.007926968744327, 44.909059849186868 ], [ -1.009170626587264, 44.907320783744893 ], [ -1.007822832850329, 44.906191843005921 ], [ -1.008595205316941, 44.904493930504827 ], [ -1.007573645185208, 44.903030213154729 ], [ -1.00895679140884, 44.90145921856854 ], [ -1.006413503409748, 44.901777455430533 ], [ -1.006853957114259, 44.90353430894865 ], [ -1.005777848891457, 44.9047104978291 ], [ -1.007156486212157, 44.90631984620935 ], [ -1.006383919100936, 44.907485649354996 ], [ -1.003041049863629, 44.90737546397586 ], [ -1.001101341583728, 44.908615039260553 ], [ -0.999161694456706, 44.90819927853105 ], [ -0.998992078413257, 44.90582128430669 ], [ -1.000630016934159, 44.905268506364806 ], [ -1.002498983233696, 44.905814572234327 ], [ -1.003522141558312, 44.904819490230693 ], [ -1.001090982455744, 44.90218303621478 ], [ -1.0008578501009, 44.904598713170948 ], [ -0.997691701233848, 44.904823875108882 ], [ -0.996605025181652, 44.901830207606459 ], [ -0.994839412050145, 44.901154999259582 ], [ -0.994396228285788, 44.899905477941189 ], [ -0.996256023135877, 44.896189217388404 ], [ -1.000932488559624, 44.89561825040051 ], [ -1.002690569454627, 44.896269190939272 ], [ -1.002564233107897, 44.895647493791081 ], [ -0.998101952505571, 44.895203876282622 ], [ -0.997166479292669, 44.893605536857187 ], [ -0.998754830398785, 44.89194966827489 ], [ -0.994999782450061, 44.890945461902291 ], [ -0.992555382765231, 44.891326064859534 ], [ -0.990984570749281, 44.889825085132934 ], [ -0.992334203880893, 44.888219069023421 ], [ -0.996215361430422, 44.888255168126804 ], [ -0.995606767471856, 44.886865504463842 ], [ -0.997385634644231, 44.884019150425964 ], [ -1.002228615489853, 44.882155688018671 ], [ -1.004244199403159, 44.882294495444576 ], [ -1.005372835334894, 44.883496212642051 ], [ -1.008554103346184, 44.882984448016714 ], [ -1.010349148696571, 44.884217583147141 ], [ -1.010364935513055, 44.885635995281369 ], [ -1.01174820333728, 44.884711674830925 ], [ -1.010031825380937, 44.882673703650369 ], [ -1.011528362461656, 44.881495755459774 ], [ -1.014647373297517, 44.881525937083232 ], [ -1.015049095170605, 44.883963616807399 ], [ -1.016357843566385, 44.883930580867172 ], [ -1.016822458973137, 44.882221574695983 ], [ -1.01902004749899, 44.881697697520345 ], [ -1.019382482651737, 44.879821616057853 ], [ -1.024313330686817, 44.877983252326409 ], [ -1.022997133284952, 44.875246083194504 ], [ -1.025395675712395, 44.872938233616004 ], [ -1.023744359474454, 44.871732167717433 ], [ -1.024427345306911, 44.870088441459146 ], [ -1.02248317732791, 44.869804174434591 ], [ -1.021525514031347, 44.86853573490658 ], [ -1.022296800622824, 44.86720461700007 ], [ -1.024566214425101, 44.866480475705984 ], [ -1.023112472338179, 44.865460172229277 ], [ -1.023435853106749, 44.863889603498158 ], [ -1.026209092321691, 44.861557556696667 ], [ -1.028836532936254, 44.861645765834616 ], [ -1.02979424386714, 44.862914139515972 ], [ -1.028587681567872, 44.864466600585146 ], [ -1.028493981692616, 44.866038041226453 ], [ -1.029046119932956, 44.866820993772443 ], [ -1.031558944907922, 44.862017615318464 ], [ -1.03531138983737, 44.86107823404366 ], [ -1.039641161005421, 44.862236738512891 ], [ -1.036612813296096, 44.860320442123971 ], [ -1.037425984555085, 44.858399757664046 ], [ -1.042682018498225, 44.858914828356461 ], [ -1.039874023535225, 44.857869840551231 ], [ -1.039095559325876, 44.856540885659456 ], [ -1.040443500284129, 44.855099525222961 ], [ -1.042933408591761, 44.855095975026281 ], [ -1.041473239388925, 44.853676125536374 ], [ -1.039378164542276, 44.853315422162602 ], [ -1.03430755680779, 44.853898655749589 ], [ -1.032080811707005, 44.855781432607287 ], [ -1.027137030999012, 44.855525755052355 ], [ -1.02466583444157, 44.852573220322633 ], [ -1.018859277224143, 44.856102430078813 ], [ -1.01624205291236, 44.855325025677011 ], [ -1.013898885547143, 44.855843883998375 ], [ -1.012242785582731, 44.854779952200893 ], [ -1.011718108304611, 44.853045846963461 ], [ -1.013044302321571, 44.851769276062278 ], [ -1.015273257300684, 44.851844388894015 ], [ -1.016507933606321, 44.853355007161724 ], [ -1.019960245020804, 44.851845020526987 ], [ -1.017293705549031, 44.85133951529091 ], [ -1.014510528053778, 44.848223065603946 ], [ -1.012730217687058, 44.848901449877239 ], [ -1.011023647131356, 44.848469424524502 ], [ -1.010245995791816, 44.847140271454876 ], [ -1.011196930515104, 44.845869429126189 ], [ -1.01382316351584, 44.845774407582937 ], [ -1.014959423667927, 44.847406974563334 ], [ -1.017868055534871, 44.846886737038432 ], [ -1.01922378600869, 44.848379328430767 ], [ -1.020949533135468, 44.84784506747296 ], [ -1.021936563831763, 44.843709584286415 ], [ -1.024410712127752, 44.843076070761661 ], [ -1.026134535565994, 44.844297833894238 ], [ -1.025160464950126, 44.84780489240206 ], [ -1.026503783137074, 44.849363878207825 ], [ -1.027851772864075, 44.849947015095843 ], [ -1.028796435684688, 44.848719651971578 ], [ -1.030780581293273, 44.848436035170273 ], [ -1.034161157682953, 44.851176148402295 ], [ -1.036641996207865, 44.850982004074012 ], [ -1.034163216638093, 44.849520390994073 ], [ -1.034797076576297, 44.847704804170618 ], [ -1.037866805035284, 44.847636843737142 ], [ -1.039857879202338, 44.84620511650828 ], [ -1.04315612344346, 44.84738207088639 ], [ -1.043314378155667, 44.846794053761975 ], [ -1.041329773521087, 44.845380548436374 ], [ -1.042496901726688, 44.843621622494908 ], [ -1.039979884671501, 44.843163251320576 ], [ -1.036648793905085, 44.839147122604814 ], [ -1.034039903483113, 44.838713156006818 ], [ -1.033886592622524, 44.836579791560723 ], [ -1.036797347966004, 44.836056570544216 ], [ -1.038101136233502, 44.83793289509957 ], [ -1.040580267788561, 44.835757696272438 ], [ -1.042565560849472, 44.836035603151672 ], [ -1.043523529918675, 44.837432936255176 ], [ -1.04594011402904, 44.835567724377562 ], [ -1.049537403147982, 44.836923472300576 ], [ -1.050679028925184, 44.835567837986829 ], [ -1.052733700552461, 44.835435700435248 ], [ -1.051567033162195, 44.834137168305048 ], [ -1.050182019937212, 44.835083946742017 ], [ -1.048168016472987, 44.834945975113534 ], [ -1.047087841876814, 44.8330844144051 ], [ -1.044579809917328, 44.835292284738955 ], [ -1.042414728140721, 44.834909867520743 ], [ -1.041695417235729, 44.833284026629705 ], [ -1.039441721719155, 44.835404024515142 ], [ -1.037054604395082, 44.835069791013233 ], [ -1.036327271291897, 44.833473473793156 ], [ -1.034852500241916, 44.835225212317603 ], [ -1.032917470532698, 44.835645881414294 ], [ -1.027737053592379, 44.832175866150372 ], [ -1.028507693939183, 44.830844720768681 ], [ -1.030211481679729, 44.830408255904963 ], [ -1.033192126873321, 44.832298505669499 ], [ -1.033586790372201, 44.830899788281648 ], [ -1.035369137623339, 44.830218584179867 ], [ -1.038572974547243, 44.832138507575443 ], [ -1.038956701220825, 44.830709880447706 ], [ -1.040738977342107, 44.830028590137758 ], [ -1.042609740848511, 44.830576739054322 ], [ -1.043164512614964, 44.832085990526046 ], [ -1.046098817361756, 44.829838596092529 ], [ -1.04937871546124, 44.831818411093323 ], [ -1.052164225594292, 44.827315395285424 ], [ -1.049432278764158, 44.829474844205357 ], [ -1.04733047580121, 44.828943361935018 ], [ -1.046781701630312, 44.827412137866496 ], [ -1.044042120068443, 44.829634861401736 ], [ -1.041940362109688, 44.829103277006766 ], [ -1.041381776095519, 44.827608043230249 ], [ -1.03889958785463, 44.829762311442828 ], [ -1.03673475781834, 44.829379784103182 ], [ -1.036004522679129, 44.827794260365678 ], [ -1.033721481709393, 44.829884062959913 ], [ -1.031334632920943, 44.829549707022679 ], [ -1.030597596538871, 44.827989273989253 ], [ -1.027640623717842, 44.830141423387104 ], [ -1.025493030250776, 44.829328299748433 ], [ -1.025488426764455, 44.827597203211248 ], [ -1.029428322678356, 44.824745095140734 ], [ -1.031529799253885, 44.825276915758508 ], [ -1.03210233367092, 44.826720742961733 ], [ -1.034818164178571, 44.824555112332803 ], [ -1.036919684651308, 44.825086830831644 ], [ -1.037485407467034, 44.826555756875031 ], [ -1.040208005681498, 44.824365129532687 ], [ -1.042309570041354, 44.824896745910081 ], [ -1.042868153791421, 44.826391973676692 ], [ -1.045587847483394, 44.824175146708605 ], [ -1.047689455625704, 44.824706661151502 ], [ -1.048238228110915, 44.826237879361742 ], [ -1.050740093793234, 44.8240177556698 ], [ -1.054542625115796, 44.824789425528749 ], [ -1.057900639332404, 44.823508232020814 ], [ -1.060133627661877, 44.824316185834327 ], [ -1.063680310892729, 44.821940189874198 ], [ -1.060925302577163, 44.821914640221991 ], [ -1.05940091722192, 44.819850927330727 ], [ -1.060952188498665, 44.818013028503046 ], [ -1.059326863827529, 44.81681289587641 ], [ -1.059089543321476, 44.813676849506038 ], [ -1.061077463363359, 44.812255202505064 ], [ -1.063723002695133, 44.813507061051098 ], [ -1.063915837095747, 44.816805220138555 ], [ -1.062407807747571, 44.817986965902278 ], [ -1.064623266999878, 44.82014704153125 ], [ -1.063999619512593, 44.821749829902167 ], [ -1.065919286034089, 44.821495869133578 ], [ -1.067395721066854, 44.822286908112893 ], [ -1.068026582699724, 44.821752766450523 ], [ -1.066005635355044, 44.821350198864458 ], [ -1.064750949436116, 44.819651040110422 ], [ -1.066507052544223, 44.817601568165692 ], [ -1.064541092494298, 44.816191035395143 ], [ -1.063817410855104, 44.811701413334234 ], [ -1.064587470117991, 44.810535247017633 ], [ -1.066521398212757, 44.810114029250038 ], [ -1.068205708135208, 44.810910962206179 ], [ -1.069179570175596, 44.815550002701208 ], [ -1.071569593729239, 44.813857870107761 ], [ -1.075096629523387, 44.8146885489965 ], [ -1.075596554517184, 44.812360639690347 ], [ -1.074327434426457, 44.810791637204396 ], [ -1.076208240892782, 44.809223730939287 ], [ -1.074818151590571, 44.807776867961728 ], [ -1.076163419024483, 44.806169876923128 ], [ -1.078185690508627, 44.806166210175299 ], [ -1.079404689487433, 44.807118754040225 ], [ -1.079211646722514, 44.808551844465981 ], [ -1.077661774422606, 44.809336263992805 ], [ -1.079862026760936, 44.813443129413535 ], [ -1.081163317504457, 44.81199971865238 ], [ -1.079647257531436, 44.810823315062969 ], [ -1.080347159964205, 44.809165473870451 ], [ -1.082730950843029, 44.808823338298126 ], [ -1.084891559434723, 44.81031780976609 ], [ -1.086146206146168, 44.80845409854048 ], [ -1.085518156235619, 44.807389615368869 ], [ -1.081501865456826, 44.806433892094638 ], [ -1.080028245953765, 44.803167732785738 ], [ -1.078120011252944, 44.803641776080788 ], [ -1.076334189388542, 44.802966360874834 ], [ -1.076084899286109, 44.799181408599097 ], [ -1.074027355957891, 44.796401612919759 ], [ -1.071841875430413, 44.797451356690004 ], [ -1.069585005631617, 44.796493577757467 ], [ -1.069585052621933, 44.793204947854129 ], [ -1.071191170984216, 44.792001560243371 ], [ -1.069829793607564, 44.790704345887548 ], [ -1.06676888248277, 44.791826543523321 ], [ -1.06519886971907, 44.790326662616707 ], [ -1.066758130178547, 44.788656202670552 ], [ -1.068770521252147, 44.788793834794014 ], [ -1.069900196526654, 44.790005702052234 ], [ -1.074118070249891, 44.787748650538227 ], [ -1.076528126364194, 44.78900799819634 ], [ -1.079428554266109, 44.787995818269465 ], [ -1.081278238385806, 44.789228656855272 ], [ -1.082687687501518, 44.788236318126522 ], [ -1.084559408267226, 44.788320447358515 ], [ -1.084128446393237, 44.786043380226211 ], [ -1.081972156276638, 44.787281339715975 ], [ -1.079508448553122, 44.7858233625658 ], [ -1.077582846344588, 44.787044730986807 ], [ -1.074894120288379, 44.785637295499477 ], [ -1.072061276834854, 44.786794145279714 ], [ -1.070288452880777, 44.785383327272008 ], [ -1.067668798723943, 44.786605961123051 ], [ -1.06598522439258, 44.785809026582193 ], [ -1.065715434324636, 44.784534868967896 ], [ -1.067888266250204, 44.783258646277254 ], [ -1.070351537708117, 44.784716720879352 ], [ -1.072508127644108, 44.783478651225664 ], [ -1.074965870244902, 44.784902752241436 ], [ -1.078020731686722, 44.783793385355558 ], [ -1.079571542035608, 44.785156685585186 ], [ -1.08149703640061, 44.783935283418579 ], [ -1.084191544195412, 44.785376667924581 ], [ -1.087038294598138, 44.784185781388125 ], [ -1.0887616728917, 44.785406547432913 ], [ -1.088312999907513, 44.788343905881362 ], [ -1.090218039820022, 44.789247794402087 ], [ -1.09302037522525, 44.788543275831515 ], [ -1.09519834865968, 44.789888571891794 ], [ -1.098177751438002, 44.78582043567927 ], [ -1.095482800813126, 44.785414104322008 ], [ -1.095198954057044, 44.783418492686565 ], [ -1.098234728557512, 44.782756040557352 ], [ -1.099402177941453, 44.784939582540858 ], [ -1.100440649247316, 44.784798249480083 ], [ -1.101017969540997, 44.782843717402322 ], [ -1.098451074371629, 44.781410391529768 ], [ -1.096533379501022, 44.782614668104529 ], [ -1.093839616875934, 44.781180118865436 ], [ -1.090769693240734, 44.78232670951725 ], [ -1.089336477503047, 44.781311484634529 ], [ -1.089420369695121, 44.780024310165231 ], [ -1.091900457961616, 44.779073968790456 ], [ -1.093900374136263, 44.780509929291007 ], [ -1.095599252849454, 44.77931801502011 ], [ -1.097908746485779, 44.779802925703393 ], [ -1.100147312806494, 44.778188684766597 ], [ -1.102709310738825, 44.77989195781052 ], [ -1.103509236596302, 44.779487514984453 ], [ -1.102705952447358, 44.777266478037824 ], [ -1.097262098666597, 44.777934269478372 ], [ -1.094278664395623, 44.775871865693773 ], [ -1.091431938046256, 44.777064239117806 ], [ -1.089705649593633, 44.775025366782742 ], [ -1.09187756970287, 44.773748678200548 ], [ -1.094341326198965, 44.775208182465626 ], [ -1.096497431119654, 44.773968683177813 ], [ -1.099249890021554, 44.774954922356613 ], [ -1.099672383113284, 44.772327332366672 ], [ -1.10166337496537, 44.770480129236844 ], [ -1.106327394548838, 44.771693678562855 ], [ -1.112937397919763, 44.769915656770827 ], [ -1.114393545328353, 44.770680130804237 ], [ -1.11459947675582, 44.772108225339188 ], [ -1.118508888543291, 44.77236330025724 ], [ -1.121782860779106, 44.775493922874674 ], [ -1.125772041667906, 44.775424577679416 ], [ -1.126730469711722, 44.776692077884263 ], [ -1.126115574090115, 44.780352733292496 ], [ -1.128927207792293, 44.781747659429648 ], [ -1.127333174290788, 44.784491444688847 ], [ -1.131001353044477, 44.784266912983988 ], [ -1.135666242768469, 44.781908722092652 ], [ -1.13888363598637, 44.783729679867264 ], [ -1.138732158395477, 44.785625787150352 ], [ -1.140427862321018, 44.783328851595655 ], [ -1.143231651655247, 44.783518736939499 ], [ -1.14414158811705, 44.785386925478413 ], [ -1.142427643411518, 44.789863578004784 ], [ -1.143079866235354, 44.79128142586066 ], [ -1.140497974798823, 44.793571744990501 ], [ -1.142164038553145, 44.79449506665793 ], [ -1.142170852363194, 44.795934716676179 ], [ -1.137503838265293, 44.797121283760596 ], [ -1.13422161440074, 44.796406551750458 ], [ -1.137905296162587, 44.798056827177412 ], [ -1.143219049439709, 44.797623800992582 ], [ -1.146377895433989, 44.798665278117944 ], [ -1.149082532484084, 44.795033701282456 ], [ -1.151406527953223, 44.794525446242886 ], [ -1.15320124182065, 44.796071513689085 ], [ -1.151451626331824, 44.797785340057189 ], [ -1.151813204920503, 44.799167305111453 ], [ -1.153931473913103, 44.797480594875196 ], [ -1.159603312094698, 44.796595477697373 ], [ -1.16311171040995, 44.799765008888599 ], [ -1.161307907107769, 44.805778447825396 ], [ -1.163495835586387, 44.806805432713283 ], [ -1.163040480274779, 44.804358599823132 ], [ -1.165174978426284, 44.803238665591628 ], [ -1.163964042328802, 44.80133690023078 ], [ -1.16615293299056, 44.799125974454206 ], [ -1.164756580300997, 44.798123000241986 ], [ -1.164378838766456, 44.795205753414947 ], [ -1.171531106669333, 44.791500759635753 ], [ -1.174802124630948, 44.791971769028535 ], [ -1.175053348980835, 44.791249109744868 ], [ -1.171906689269937, 44.790640961498326 ], [ -1.169951106722471, 44.7868187420734 ], [ -1.171605843249588, 44.784386795599737 ], [ -1.1739880269273, 44.784042701973632 ], [ -1.175560764380377, 44.785541037928461 ], [ -1.174309527522342, 44.788109467979638 ], [ -1.175827903927707, 44.78836323234956 ], [ -1.175487619906646, 44.78632996304853 ], [ -1.179668750257774, 44.784186343647413 ], [ -1.178099366834485, 44.782689066295404 ], [ -1.178865768654536, 44.781356901279416 ], [ -1.180657277788918, 44.780924225928594 ], [ -1.179261332065015, 44.778788930773146 ], [ -1.181718919268971, 44.777676360442733 ], [ -1.180030194775201, 44.775713808194688 ], [ -1.17754566900483, 44.777006642894492 ], [ -1.179000712954292, 44.778164683626123 ], [ -1.178613981294987, 44.779577737754295 ], [ -1.175309107608453, 44.779936067734916 ], [ -1.174481410269697, 44.778018834833944 ], [ -1.176894361063976, 44.77690335758475 ], [ -1.175301693494153, 44.77441112847351 ], [ -1.174543907931403, 44.775803180871414 ], [ -1.17272111738459, 44.776233638857747 ], [ -1.174220717295324, 44.777404782501876 ], [ -1.173833870763497, 44.778817819583026 ], [ -1.170722368626563, 44.779267284718074 ], [ -1.169701488084177, 44.777258738894936 ], [ -1.172158912612668, 44.776146361858885 ], [ -1.17065938918715, 44.774975190834844 ], [ -1.171046289041134, 44.773562166706768 ], [ -1.17398837243532, 44.773048893475845 ], [ -1.174746134640123, 44.771656846202262 ], [ -1.178176948896101, 44.770438453483685 ], [ -1.180340468838327, 44.770818213187852 ], [ -1.181225325234763, 44.772462982205454 ], [ -1.182511175840807, 44.771310871075222 ], [ -1.184737163601407, 44.771382579011302 ], [ -1.185758474395981, 44.773390982262626 ], [ -1.18330102607905, 44.774503631855545 ], [ -1.184805059886712, 44.776492712368452 ], [ -1.18228111072909, 44.777763640275047 ], [ -1.183785185619598, 44.779752733936199 ], [ -1.181292752546592, 44.781025774645798 ], [ -1.182755310886757, 44.783002755708345 ], [ -1.180231279744123, 44.784273657074436 ], [ -1.181755687018998, 44.78553129551274 ], [ -1.184544877389122, 44.784187058642296 ], [ -1.186867917310803, 44.78448170856872 ], [ -1.189927579754584, 44.783413666556434 ], [ -1.191900894965835, 44.785426190803484 ], [ -1.192037488634192, 44.782960267412847 ], [ -1.194407439445895, 44.78215365363959 ], [ -1.196406979754081, 44.783566236853993 ], [ -1.19507217286019, 44.785344158135736 ], [ -1.196812263922742, 44.785610612426964 ], [ -1.198166090712377, 44.784842691919394 ], [ -1.196919364797425, 44.78344946702213 ], [ -1.198056416444948, 44.781919487905334 ], [ -1.201025040609361, 44.782224261831054 ], [ -1.201619797333892, 44.78360018990837 ], [ -1.200569780780028, 44.784768748123156 ], [ -1.202315172576627, 44.785236591085265 ], [ -1.20524910583784, 44.784077945688267 ], [ -1.206119354089217, 44.781435541215977 ], [ -1.204427232302748, 44.780768541408008 ], [ -1.203999830829945, 44.779448581566008 ], [ -1.20239382359469, 44.780451426860544 ], [ -1.200409706922818, 44.780176384944845 ], [ -1.199010937465531, 44.7776367182786 ], [ -1.198754331416891, 44.779367391765525 ], [ -1.196743604697578, 44.780051878290841 ], [ -1.194014802538922, 44.77856383631935 ], [ -1.190862891456148, 44.779057503951925 ], [ -1.18984129548494, 44.777049143798699 ], [ -1.191264805070887, 44.776027111886897 ], [ -1.193875204323888, 44.776526195704903 ], [ -1.195195209123228, 44.77585756940541 ], [ -1.198040727796318, 44.772891013005705 ], [ -1.202586212099811, 44.772198119793302 ] ], [ [ -1.083366289335672, 44.937005330247409 ], [ -1.084426925934593, 44.936122808296183 ], [ -1.082612949351104, 44.936631379425464 ], [ -1.083366289335672, 44.937005330247409 ] ], [ [ -1.083621878850901, 44.930364092410571 ], [ -1.086135554060506, 44.930576270823487 ], [ -1.087197624186469, 44.930488193369044 ], [ -1.086231455189806, 44.929818090709652 ], [ -1.083621878850901, 44.930364092410571 ] ], [ [ -1.084413300671029, 44.923347075533478 ], [ -1.084066739636351, 44.922691455609602 ], [ -1.084139765821047, 44.921964088081801 ], [ -1.083557216177162, 44.922236527898086 ], [ -1.084413300671029, 44.923347075533478 ] ], [ [ -1.084924579319278, 44.920807666663286 ], [ -1.085391089547411, 44.920919905814486 ], [ -1.085636653701401, 44.920848238406563 ], [ -1.084924579319278, 44.920807666663286 ] ], [ [ -1.082663425417879, 44.919009212295997 ], [ -1.084110079212422, 44.917793247833266 ], [ -1.08409304141157, 44.917542777912665 ], [ -1.082663425417879, 44.919009212295997 ] ], [ [ -1.084663985237391, 44.914108979932948 ], [ -1.087326402802317, 44.914338926169364 ], [ -1.086296335964016, 44.913610910631569 ], [ -1.084663985237391, 44.914108979932948 ] ], [ [ -1.082049826690079, 44.910694717124798 ], [ -1.084552294221992, 44.910666844693004 ], [ -1.082593360144773, 44.908950668458473 ], [ -1.082049826690079, 44.910694717124798 ] ], [ [ -1.082859419563948, 44.908235476240392 ], [ -1.082826371017136, 44.908215393545163 ], [ -1.082826606782843, 44.908279376966156 ], [ -1.082859419563948, 44.908235476240392 ] ], [ [ -1.081869126271544, 44.905052781735989 ], [ -1.082146037230728, 44.904002384054316 ], [ -1.081740273694976, 44.904991939810706 ], [ -1.081869126271544, 44.905052781735989 ] ], [ [ -1.083901800830242, 44.897380957194883 ], [ -1.084584157536605, 44.897767984892852 ], [ -1.085046748915984, 44.896737943748249 ], [ -1.083901800830242, 44.897380957194883 ] ], [ [ -1.081647691573886, 44.889686957128681 ], [ -1.081942127626039, 44.889221356600792 ], [ -1.081835443249047, 44.888927154668153 ], [ -1.081647691573886, 44.889686957128681 ] ], [ [ -1.083086307443659, 44.882848934459659 ], [ -1.084820387132396, 44.883291622957614 ], [ -1.084254937759576, 44.882261816065572 ], [ -1.083086307443659, 44.882848934459659 ] ], [ [ -1.083851301828041, 44.878833938750766 ], [ -1.085866380581447, 44.879283524893609 ], [ -1.087038942008529, 44.877715426047907 ], [ -1.085488091696149, 44.878700082097247 ], [ -1.083851301828041, 44.878833938750766 ] ], [ [ -1.082990712905452, 44.873126059135338 ], [ -1.085333156782362, 44.872254758723813 ], [ -1.083206292614986, 44.870963237458497 ], [ -1.082642611651227, 44.871280923015803 ], [ -1.082990712905452, 44.873126059135338 ] ], [ [ -1.083885376928504, 44.869255500271457 ], [ -1.086397745590846, 44.868775306724011 ], [ -1.08510498386392, 44.867493435548752 ], [ -1.085329057521221, 44.865571743973796 ], [ -1.083428453896063, 44.867790730912056 ], [ -1.083885376928504, 44.869255500271457 ] ], [ [ -1.08207978172473, 44.853301436840198 ], [ -1.082918854294727, 44.85350858401457 ], [ -1.082786230153789, 44.853205237987723 ], [ -1.08207978172473, 44.853301436840198 ] ], [ [ -1.079053887142031, 44.850589655800064 ], [ -1.078815555455737, 44.84876112292288 ], [ -1.078117255165264, 44.848869575108289 ], [ -1.079053887142031, 44.850589655800064 ] ], [ [ -1.080366913218257, 44.847026270345275 ], [ -1.081861849453354, 44.8468571536593 ], [ -1.079714267229374, 44.845481907181089 ], [ -1.079271240594434, 44.845786123846779 ], [ -1.080366913218257, 44.847026270345275 ] ], [ [ -1.080547327176009, 44.830424136611029 ], [ -1.08144886128683, 44.830320655691082 ], [ -1.081561751780855, 44.830017097476656 ], [ -1.080547327176009, 44.830424136611029 ] ], [ [ -1.077596819515156, 44.823325428505356 ], [ -1.078597069145271, 44.822940565953154 ], [ -1.077245516556075, 44.820934606453612 ], [ -1.077749126912815, 44.822378734914942 ], [ -1.077596819515156, 44.823325428505356 ] ], [ [ -1.076073344936725, 44.794317617912846 ], [ -1.07825793452309, 44.793248651940885 ], [ -1.080678328716593, 44.794538699181771 ], [ -1.08358848897229, 44.793495793878591 ], [ -1.085323483358555, 44.794756887957391 ], [ -1.08799066216473, 44.79366397248441 ], [ -1.092539249845199, 44.796417352205097 ], [ -1.096329079102175, 44.794088010600376 ], [ -1.099802811704883, 44.794601233089381 ], [ -1.107877313056497, 44.793646761778867 ], [ -1.106772424346777, 44.792840858582963 ], [ -1.104100359990045, 44.792966565297363 ], [ -1.102282803575066, 44.791379486448704 ], [ -1.101086970524218, 44.793489896597499 ], [ -1.098666926243066, 44.793325104876239 ], [ -1.097631722041085, 44.791631426616661 ], [ -1.096586298649579, 44.793547157238514 ], [ -1.094720526444401, 44.794101787068719 ], [ -1.092468495527528, 44.792422852283835 ], [ -1.090081737966002, 44.792984241122198 ], [ -1.088338528410038, 44.791694404306419 ], [ -1.085910265442062, 44.792811777622177 ], [ -1.083611829031456, 44.79150134105452 ], [ -1.080940116297511, 44.793061772843778 ], [ -1.078715749440408, 44.791643950188941 ], [ -1.076439023742308, 44.792345991367867 ], [ -1.074352928275857, 44.791111366402831 ], [ -1.072858838253256, 44.79207843283713 ], [ -1.076073344936725, 44.794317617912846 ] ], [ [ -1.128922365929277, 44.892080205886749 ], [ -1.128830617179602, 44.890461592021119 ], [ -1.125475416445882, 44.888011660772733 ], [ -1.122643597298784, 44.889651351004268 ], [ -1.119692360482203, 44.888270036369555 ], [ -1.119773386919882, 44.886021249443559 ], [ -1.123056649713391, 44.884707514120649 ], [ -1.120641770855322, 44.883576696481768 ], [ -1.117755626997095, 44.884863453870253 ], [ -1.11626942785228, 44.886961168380687 ], [ -1.11876594692753, 44.889817468646498 ], [ -1.116900855619852, 44.891383662540683 ], [ -1.119770180497408, 44.894006238990421 ], [ -1.122187313860738, 44.891998094162162 ], [ -1.128922365929277, 44.892080205886749 ] ], [ [ -1.127880893054562, 44.884676142378581 ], [ -1.128458897115327, 44.883925627322888 ], [ -1.125482821894852, 44.882902228661692 ], [ -1.126143607586431, 44.880839312058839 ], [ -1.122894473367624, 44.881311499881676 ], [ -1.125221430720852, 44.88277772921527 ], [ -1.123643322464374, 44.884622486256468 ], [ -1.127880893054562, 44.884676142378581 ] ], [ [ -1.127077480380452, 44.874909303470496 ], [ -1.126410006580506, 44.874676189775236 ], [ -1.125482116847763, 44.87447948935268 ], [ -1.127077480380452, 44.874909303470496 ] ], [ [ -1.127616291220473, 44.86928866455996 ], [ -1.131360717927855, 44.868995273239605 ], [ -1.130049194149476, 44.867732104665087 ], [ -1.12635132918396, 44.868281859249436 ], [ -1.124299023298556, 44.867283815796995 ], [ -1.122849488885299, 44.867288231212619 ], [ -1.127616291220473, 44.86928866455996 ] ], [ [ -1.12569055647535, 44.864709912446031 ], [ -1.125879128705157, 44.864572258961928 ], [ -1.125556194530819, 44.86458177807242 ], [ -1.12569055647535, 44.864709912446031 ] ], [ [ -1.125128562069275, 44.860677540289686 ], [ -1.129564152169147, 44.861488899609995 ], [ -1.129965665527298, 44.863653182377909 ], [ -1.13145513729566, 44.863855995497353 ], [ -1.13280086802413, 44.86241036838225 ], [ -1.135760380663928, 44.862323068826292 ], [ -1.13684829898025, 44.864173716910628 ], [ -1.134505334128318, 44.865539435301585 ], [ -1.137568320971551, 44.865891200459963 ], [ -1.137127098880217, 44.864248492099051 ], [ -1.139004029304408, 44.862841371720862 ], [ -1.13873173241728, 44.860887715298524 ], [ -1.135391611818276, 44.862131864783024 ], [ -1.132545387982425, 44.860765398371576 ], [ -1.130461465563934, 44.86141185957883 ], [ -1.127501601485933, 44.860185019794962 ], [ -1.125128562069275, 44.860677540289686 ] ], [ [ -1.12287402917863, 44.843853189840786 ], [ -1.12399383649158, 44.842949211901441 ], [ -1.122747149351605, 44.84136477838436 ], [ -1.12287402917863, 44.843853189840786 ] ], [ [ -1.124587733197445, 44.837494975163388 ], [ -1.124783760015722, 44.837255517574356 ], [ -1.124526940328273, 44.837600338236726 ], [ -1.124587733197445, 44.837494975163388 ] ], [ [ -1.121123095720367, 44.830593888244593 ], [ -1.121629376472498, 44.830291536490684 ], [ -1.121099771829796, 44.830351372931645 ], [ -1.121123095720367, 44.830593888244593 ] ], [ [ -1.113351110558825, 44.820529151709096 ], [ -1.115257749541818, 44.818198557245431 ], [ -1.117574506516378, 44.818010506667108 ], [ -1.115692212322415, 44.817464435041948 ], [ -1.113575404708789, 44.814661977206022 ], [ -1.114872949674576, 44.812543258953738 ], [ -1.113727953730087, 44.811160504262389 ], [ -1.109652122672458, 44.811214351428248 ], [ -1.107916268420018, 44.809954314342029 ], [ -1.105972195793869, 44.810585880372955 ], [ -1.104657408840543, 44.812379873548338 ], [ -1.101547479666229, 44.811640588584332 ], [ -1.100930182836426, 44.812162476007657 ], [ -1.099226757350706, 44.819154565069248 ], [ -1.101670111857469, 44.820048997420649 ], [ -1.102962133525158, 44.819124717294422 ], [ -1.103266433990721, 44.816875799834293 ], [ -1.106849160556916, 44.816378187516285 ], [ -1.10919798686326, 44.817385694416302 ], [ -1.110276995779731, 44.819253723381557 ], [ -1.113351110558825, 44.820529151709096 ] ], [ [ -1.115536251267874, 44.807494230528071 ], [ -1.115497631387209, 44.807457425318887 ], [ -1.115472086748458, 44.807469993035866 ], [ -1.115536251267874, 44.807494230528071 ] ], [ [ -1.115383047598643, 44.797718736568733 ], [ -1.115523742698337, 44.796928644924265 ], [ -1.113311344708947, 44.796771559271072 ], [ -1.114392323555645, 44.797426635943168 ], [ -1.115383047598643, 44.797718736568733 ] ], [ [ -1.191372936076922, 44.80803037243713 ], [ -1.190411511907212, 44.807780570739148 ], [ -1.191175458132777, 44.808078312284174 ], [ -1.191372936076922, 44.80803037243713 ] ], [ [ -1.189408502107222, 44.807709426572472 ], [ -1.186604399222247, 44.80735474247949 ], [ -1.185089630751581, 44.806516410526406 ], [ -1.184362391643027, 44.806611411231209 ], [ -1.185661389908111, 44.807404853543872 ], [ -1.189408502107222, 44.807709426572472 ] ], [ [ -1.180447619425626, 44.809968164784671 ], [ -1.178927564836583, 44.808284943012957 ], [ -1.176515457319437, 44.809289758921366 ], [ -1.177950848751699, 44.811290691660666 ], [ -1.17547567798577, 44.812730041700867 ], [ -1.17682284860612, 44.814326230150137 ], [ -1.175137301167909, 44.81592474684976 ], [ -1.176735018406725, 44.818042029367234 ], [ -1.17810477466055, 44.814572274030731 ], [ -1.181167419545857, 44.814103465709294 ], [ -1.17804793225954, 44.812065348757834 ], [ -1.178581457167804, 44.8105241629777 ], [ -1.180447619425626, 44.809968164784671 ] ], [ [ -1.175454566025889, 44.809160239004378 ], [ -1.17379749638753, 44.806063755944351 ], [ -1.175017609118259, 44.804668080681914 ], [ -1.174781978343369, 44.80318647156961 ], [ -1.173127932382877, 44.805179921708778 ], [ -1.173581696387384, 44.807614113064375 ], [ -1.171552168567312, 44.808581285945571 ], [ -1.173179272783037, 44.810370866986716 ], [ -1.175454566025889, 44.809160239004378 ] ], [ [ -1.167533072265922, 44.810560226816953 ], [ -1.166117765110726, 44.811529596662211 ], [ -1.166672902042424, 44.811997022983832 ], [ -1.168259352300986, 44.811528546361259 ], [ -1.167533072265922, 44.810560226816953 ] ], [ [ -1.167710780038751, 44.808795675393227 ], [ -1.169627883481908, 44.807978711613231 ], [ -1.16866688825611, 44.806895034916934 ], [ -1.166038176092217, 44.807836356929442 ], [ -1.167710780038751, 44.808795675393227 ] ], [ [ -1.168860444135322, 44.805565559545727 ], [ -1.16874372079505, 44.805616962839729 ], [ -1.168773102773407, 44.805685008813313 ], [ -1.168860444135322, 44.805565559545727 ] ], [ [ -1.169333985040639, 44.801797011334692 ], [ -1.171038446428053, 44.800570237091137 ], [ -1.171245258376359, 44.799510035123355 ], [ -1.170772979365531, 44.799280029466821 ], [ -1.169333985040639, 44.801797011334692 ] ], [ [ -1.222632304648738, 44.806540370386145 ], [ -1.221684901306751, 44.807050418862069 ], [ -1.221721904456999, 44.807309064265993 ], [ -1.222632304648738, 44.806540370386145 ] ], [ [ -1.200800265805213, 44.803783114800588 ], [ -1.202980182588474, 44.802780591605874 ], [ -1.201497774622692, 44.801163160460455 ], [ -1.199092600207662, 44.802016371971831 ], [ -1.196231357705224, 44.800472584759078 ], [ -1.19368244267025, 44.801546355244874 ], [ -1.191048367044372, 44.800020060287601 ], [ -1.188028662456297, 44.801059483904616 ], [ -1.190053401034215, 44.803026536130972 ], [ -1.189878918357345, 44.804438669551551 ], [ -1.19097067767141, 44.804535061888977 ], [ -1.191236768725923, 44.80321024681777 ], [ -1.192913621373478, 44.80240562931079 ], [ -1.195203625727562, 44.80310375640083 ], [ -1.197727460604562, 44.802073632238098 ], [ -1.200800265805213, 44.803783114800588 ] ], [ [ -1.201791826410818, 44.800344282602403 ], [ -1.203617861660621, 44.799349565896911 ], [ -1.202786815253584, 44.79704046035306 ], [ -1.205365802970751, 44.79622710266441 ], [ -1.203473925857566, 44.794168181173681 ], [ -1.201815231088207, 44.79540523314062 ], [ -1.20204168745711, 44.797893561155909 ], [ -1.200418078234794, 44.798820977928486 ], [ -1.201791826410818, 44.800344282602403 ] ], [ [ -1.199244791545874, 44.795104752243915 ], [ -1.19847985820676, 44.791719792523033 ], [ -1.199501118498165, 44.790149075279267 ], [ -1.197989862301649, 44.791314293423646 ], [ -1.198071483565981, 44.793863636847782 ], [ -1.196699449515609, 44.794740779917142 ], [ -1.197095811708157, 44.797218343944813 ], [ -1.199244791545874, 44.795104752243915 ] ], [ [ -1.219625547636506, 44.789848618660265 ], [ -1.215938361775137, 44.790044809409046 ], [ -1.216096992669815, 44.790543042600845 ], [ -1.219625547636506, 44.789848618660265 ] ], [ [ -1.204413621717465, 44.790932971804274 ], [ -1.20325510497864, 44.791865218428477 ], [ -1.203848854867841, 44.792485499593468 ], [ -1.204413621717465, 44.790932971804274 ] ], [ [ -1.206718761513322, 44.777759159446276 ], [ -1.20489613725631, 44.777989103423657 ], [ -1.204171111033614, 44.778846631254893 ], [ -1.204130131112365, 44.779131464194855 ], [ -1.206718761513322, 44.777759159446276 ] ], [ [ -1.212183966000787, 44.777078811087577 ], [ -1.212405637082539, 44.776779957316315 ], [ -1.211854551091939, 44.777109994862769 ], [ -1.212183966000787, 44.777078811087577 ] ], [ [ -1.218130007612843, 44.786771295192054 ], [ -1.218021178483003, 44.786606750294872 ], [ -1.217969179324516, 44.786599550942348 ], [ -1.218130007612843, 44.786771295192054 ] ], [ [ -1.22866474647693, 44.795921297060907 ], [ -1.227176519049718, 44.795843661095368 ], [ -1.226607095415949, 44.795940873761658 ], [ -1.228633749814764, 44.797073734703666 ], [ -1.22866474647693, 44.795921297060907 ] ], [ [ -1.223565563207596, 44.799183541797895 ], [ -1.223450690818731, 44.799265413693398 ], [ -1.2236174307098, 44.79920798260067 ], [ -1.223565563207596, 44.799183541797895 ] ], [ [ -1.218288001710627, 44.798544186302664 ], [ -1.218468770601365, 44.798419926297555 ], [ -1.218468256200715, 44.798335465445675 ], [ -1.218288001710627, 44.798544186302664 ] ], [ [ -1.206280771796156, 44.799505732122661 ], [ -1.206308825689523, 44.799521984992012 ], [ -1.206337212125896, 44.799501604512976 ], [ -1.206280771796156, 44.799505732122661 ] ], [ [ -1.226262161496777, 44.792434782998477 ], [ -1.225444764674133, 44.790352209976227 ], [ -1.223864558652283, 44.791251319774865 ], [ -1.221004521105369, 44.791091401003193 ], [ -1.220438747052621, 44.792515193914021 ], [ -1.216947017828893, 44.794344289053605 ], [ -1.208522167239712, 44.792762666930138 ], [ -1.210069117891183, 44.795513617587808 ], [ -1.218225588759865, 44.796500374645902 ], [ -1.220971719290874, 44.79505256029335 ], [ -1.220217951491196, 44.79374474500559 ], [ -1.221163234103618, 44.792472130894765 ], [ -1.226262161496777, 44.792434782998477 ] ], [ [ -1.203946017487071, 44.79350185644514 ], [ -1.204204416979645, 44.793309846749679 ], [ -1.204011173498768, 44.793034547211604 ], [ -1.203946017487071, 44.79350185644514 ] ], [ [ -1.225242930113684, 44.795759122751384 ], [ -1.222178336926648, 44.795477444838326 ], [ -1.223224450222508, 44.796646479727549 ], [ -1.225242930113684, 44.795759122751384 ] ], [ [ -1.208309134064022, 44.797270385037407 ], [ -1.208580814002846, 44.796906400555166 ], [ -1.208131810043823, 44.796996352704575 ], [ -1.208309134064022, 44.797270385037407 ] ], [ [ -1.228716481230781, 44.799872307889736 ], [ -1.228712955951053, 44.799868587591661 ], [ -1.228695730496925, 44.799876861717294 ], [ -1.228716481230781, 44.799872307889736 ] ], [ [ -1.214326225454461, 44.80990917121958 ], [ -1.214262021731106, 44.809413495829631 ], [ -1.213866268024632, 44.809645925039348 ], [ -1.214326225454461, 44.80990917121958 ] ], [ [ -1.209577361675575, 44.81276720404815 ], [ -1.205052009223146, 44.810631345483067 ], [ -1.20671183420589, 44.812190373882295 ], [ -1.205533437624923, 44.814085836670401 ], [ -1.207389753008041, 44.812711078405684 ], [ -1.209577361675575, 44.81276720404815 ] ], [ [ -1.17878828179329, 44.790973002620596 ], [ -1.178691075042657, 44.791078227991619 ], [ -1.178795151542162, 44.791151773700228 ], [ -1.17878828179329, 44.790973002620596 ] ], [ [ -1.180564258658457, 44.787338728134337 ], [ -1.180204386622917, 44.78780482716197 ], [ -1.18069773513213, 44.787652322691841 ], [ -1.180564258658457, 44.787338728134337 ] ], [ [ -1.1926074772519, 44.79734389243346 ], [ -1.192946959779733, 44.797328399067972 ], [ -1.192743385836675, 44.797012273232134 ], [ -1.1926074772519, 44.79734389243346 ] ], [ [ -1.185609381212863, 44.799698699101647 ], [ -1.186241408189616, 44.799740527026643 ], [ -1.186197950870087, 44.799378260435049 ], [ -1.185609381212863, 44.799698699101647 ] ], [ [ -1.176474531429897, 44.799895490008851 ], [ -1.174611907163301, 44.801687096979407 ], [ -1.174838016743114, 44.802043572968216 ], [ -1.176474531429897, 44.799895490008851 ] ], [ [ -1.193653616138268, 44.792701223522869 ], [ -1.19108688709325, 44.794121331294804 ], [ -1.192106516026699, 44.79493264510819 ], [ -1.193768592990288, 44.793828184149092 ], [ -1.193653616138268, 44.792701223522869 ] ], [ [ -1.185504507971346, 44.793364729130381 ], [ -1.186359139424807, 44.793617429353546 ], [ -1.186481889790518, 44.793440746484599 ], [ -1.186319912336152, 44.793402134544017 ], [ -1.185504507971346, 44.793364729130381 ] ], [ [ -1.17915614196947, 44.795899039590857 ], [ -1.177314529864396, 44.796457765835136 ], [ -1.176671945556163, 44.79698343482017 ], [ -1.17915614196947, 44.795899039590857 ] ], [ [ -1.171389446059066, 44.795333602622968 ], [ -1.171740697171065, 44.796391944656236 ], [ -1.172098873415564, 44.796347220318502 ], [ -1.172867286833054, 44.795607427178197 ], [ -1.171389446059066, 44.795333602622968 ] ], [ [ -1.187338198131677, 44.796155622978404 ], [ -1.187150792462078, 44.795912066401534 ], [ -1.186901213725819, 44.796155590627265 ], [ -1.187338198131677, 44.796155622978404 ] ], [ [ -1.185338728924278, 44.7967244122582 ], [ -1.183631529467005, 44.796730517428365 ], [ -1.185192734889698, 44.796856598588178 ], [ -1.185338728924278, 44.7967244122582 ] ], [ [ -1.17988832210659, 44.805079401991314 ], [ -1.178512357695009, 44.805986548885912 ], [ -1.179372731434917, 44.807138811242652 ], [ -1.17988832210659, 44.805079401991314 ] ], [ [ -1.17969893146641, 44.802326666097571 ], [ -1.180386968679048, 44.802270048200306 ], [ -1.180765942813016, 44.801929395288212 ], [ -1.17969893146641, 44.802326666097571 ] ], [ [ -1.195668301526493, 44.804892696487094 ], [ -1.195238585260604, 44.805693032715517 ], [ -1.196732721922416, 44.805481313575768 ], [ -1.195668301526493, 44.804892696487094 ] ], [ [ -1.161958924977702, 44.821104300530166 ], [ -1.160619628282052, 44.820623801314632 ], [ -1.159406295659776, 44.820798751749777 ], [ -1.160271577465126, 44.82147393195639 ], [ -1.161958924977702, 44.821104300530166 ] ], [ [ -1.188166886723591, 44.816350916567437 ], [ -1.188600249646481, 44.817075765817528 ], [ -1.18826571106704, 44.816343034822438 ], [ -1.188166886723591, 44.816350916567437 ] ], [ [ -1.1855635084046, 44.814989897606068 ], [ -1.185468320567218, 44.815092163836958 ], [ -1.185603179665818, 44.815079077685049 ], [ -1.1855635084046, 44.814989897606068 ] ], [ [ -1.174567126827929, 44.81256812364029 ], [ -1.174466561200721, 44.81252177686995 ], [ -1.174439682175507, 44.812568466514705 ], [ -1.174567126827929, 44.81256812364029 ] ], [ [ -1.171966116050033, 44.813783445040009 ], [ -1.171902640026051, 44.813583646339204 ], [ -1.171881282859603, 44.813778141353431 ], [ -1.171966116050033, 44.813783445040009 ] ], [ [ -1.191441774335723, 44.819509019249551 ], [ -1.192153796270007, 44.819970815998211 ], [ -1.192160855360031, 44.819658953301534 ], [ -1.191441774335723, 44.819509019249551 ] ], [ [ -1.189990914775544, 44.820289973007569 ], [ -1.190203276180722, 44.820261722854688 ], [ -1.190302758834592, 44.82021400420156 ], [ -1.189990914775544, 44.820289973007569 ] ], [ [ -1.162000307396077, 44.810111241109922 ], [ -1.15923450543242, 44.810601573387721 ], [ -1.159785219037936, 44.811360786476527 ], [ -1.16213395913961, 44.810778100388909 ], [ -1.162000307396077, 44.810111241109922 ] ], [ [ -1.157212446103231, 44.799482580725453 ], [ -1.157375568003705, 44.799768911156981 ], [ -1.158497774983609, 44.79987297286786 ], [ -1.157212446103231, 44.799482580725453 ] ], [ [ -1.155887757648612, 44.802660960434629 ], [ -1.156520057418593, 44.803082041044604 ], [ -1.155892065383027, 44.802573838450222 ], [ -1.155887757648612, 44.802660960434629 ] ], [ [ -1.160697997098906, 44.817309629447941 ], [ -1.161733437908234, 44.817355392506009 ], [ -1.161876003737236, 44.817253182275465 ], [ -1.161766902065549, 44.817159254946567 ], [ -1.160697997098906, 44.817309629447941 ] ], [ [ -1.143541844358635, 44.801324793544339 ], [ -1.143953539328241, 44.801751913228507 ], [ -1.144480171262272, 44.801542241185665 ], [ -1.143541844358635, 44.801324793544339 ] ], [ [ -1.155867400180281, 44.869212971501334 ], [ -1.157117830246438, 44.868801398497844 ], [ -1.15678142386415, 44.868522845625016 ], [ -1.155867400180281, 44.869212971501334 ] ], [ [ -1.155646342215894, 44.86359556873888 ], [ -1.155368451561984, 44.863481416395992 ], [ -1.155543430206456, 44.863783505483582 ], [ -1.155646342215894, 44.86359556873888 ] ], [ [ -1.155124699204257, 44.858500404307691 ], [ -1.154066559575853, 44.858111470669627 ], [ -1.153409171191059, 44.857426746659748 ], [ -1.153500838209055, 44.858797970245433 ], [ -1.155124699204257, 44.858500404307691 ] ], [ [ -1.166855776266413, 44.867723118509716 ], [ -1.165554509652601, 44.867784564330535 ], [ -1.165321223036307, 44.868002387794945 ], [ -1.167263957893981, 44.868647992768196 ], [ -1.166855776266413, 44.867723118509716 ] ], [ [ -1.162678746359539, 44.86842759758764 ], [ -1.161553276247413, 44.869078270641658 ], [ -1.162138986226768, 44.869138555266993 ], [ -1.162678746359539, 44.86842759758764 ] ], [ [ -1.158668948142176, 44.865888539230006 ], [ -1.158685427184619, 44.865866424063761 ], [ -1.158610606015102, 44.86588868771063 ], [ -1.158668948142176, 44.865888539230006 ] ], [ [ -1.169306940680762, 44.859768227785267 ], [ -1.168106179540744, 44.860863308669863 ], [ -1.167426138725088, 44.861208474526372 ], [ -1.168244097888623, 44.861301600419644 ], [ -1.169306940680762, 44.859768227785267 ] ], [ [ -1.159065421095703, 44.858273170247791 ], [ -1.157134537739734, 44.858168917443813 ], [ -1.156695284383865, 44.85836958995138 ], [ -1.159731579223126, 44.859220159556898 ], [ -1.159065421095703, 44.858273170247791 ] ], [ [ -1.159924168035444, 44.855470761591555 ], [ -1.159875763132551, 44.855461390507905 ], [ -1.159995042579895, 44.855545624781612 ], [ -1.159924168035444, 44.855470761591555 ] ], [ [ -1.16049439470608, 44.856137002853885 ], [ -1.160366763672652, 44.855851559614315 ], [ -1.160215026465178, 44.855744405424204 ], [ -1.16049439470608, 44.856137002853885 ] ], [ [ -1.162442635422469, 44.861922531127767 ], [ -1.162975224775384, 44.86193597768532 ], [ -1.163007358818968, 44.86172161767626 ], [ -1.162442635422469, 44.861922531127767 ] ], [ [ -1.166378096013501, 44.86438538095458 ], [ -1.16726439919714, 44.864694977393469 ], [ -1.167490049766264, 44.864617895463823 ], [ -1.166378096013501, 44.86438538095458 ] ], [ [ -1.162425795230108, 44.865398270066031 ], [ -1.162512417993311, 44.865281892854377 ], [ -1.16217764901451, 44.865251933378325 ], [ -1.162425795230108, 44.865398270066031 ] ], [ [ -1.16124240228824, 44.864968071389242 ], [ -1.160880154333234, 44.864741165858447 ], [ -1.16074375786282, 44.864938528389679 ], [ -1.16124240228824, 44.864968071389242 ] ], [ [ -1.167895979811482, 44.876081531170428 ], [ -1.165653088127636, 44.87728156168918 ], [ -1.166006280824595, 44.8778549403036 ], [ -1.1675661512273, 44.876938340158667 ], [ -1.169593161408033, 44.877187092580883 ], [ -1.167895979811482, 44.876081531170428 ] ], [ [ -1.166667423636497, 44.871971835288228 ], [ -1.169355352987225, 44.873431310541299 ], [ -1.170775893904928, 44.872949536205994 ], [ -1.166667423636497, 44.871971835288228 ] ], [ [ -1.165434990378686, 44.871687657860782 ], [ -1.165199391211924, 44.871748571052159 ], [ -1.165542614659205, 44.871738164837502 ], [ -1.165434990378686, 44.871687657860782 ] ], [ [ -1.163504343740888, 44.871664165226335 ], [ -1.163076849182651, 44.872020749659178 ], [ -1.164770580800509, 44.87181142971307 ], [ -1.163504343740888, 44.871664165226335 ] ], [ [ -1.160442942442797, 44.872442501946828 ], [ -1.161363107254458, 44.872439247597306 ], [ -1.160744412974611, 44.872352366575768 ], [ -1.160442942442797, 44.872442501946828 ] ], [ [ -1.169615141466678, 44.880852918913931 ], [ -1.169525648282586, 44.88085020996769 ], [ -1.169499575504436, 44.880878177059408 ], [ -1.169615141466678, 44.880852918913931 ] ], [ [ -1.153893092153836, 44.835957219612922 ], [ -1.154612361191158, 44.834957406359436 ], [ -1.153529171414288, 44.83511182527824 ], [ -1.153893092153836, 44.835957219612922 ] ], [ [ -1.139402020290181, 44.793598251450028 ], [ -1.1381642731179, 44.793509791846517 ], [ -1.138052522082798, 44.793692652396636 ], [ -1.139402020290181, 44.793598251450028 ] ], [ [ -1.13898289483438, 44.789913543195581 ], [ -1.137936942172747, 44.788763899402511 ], [ -1.137015530244308, 44.78939209554914 ], [ -1.13768066318956, 44.790409344519482 ], [ -1.13898289483438, 44.789913543195581 ] ], [ [ -1.145841692316362, 44.87068629732569 ], [ -1.145666854298285, 44.870474140154101 ], [ -1.145518227359224, 44.870652859168707 ], [ -1.145841692316362, 44.87068629732569 ] ], [ [ -1.144012855638098, 44.863550021366301 ], [ -1.14312464281953, 44.862441339454769 ], [ -1.142808101087962, 44.86273317362317 ], [ -1.144012855638098, 44.863550021366301 ] ], [ [ -1.140436818851863, 44.859392399297178 ], [ -1.139085758919697, 44.858264549954008 ], [ -1.13947402689522, 44.856851596871898 ], [ -1.142066272480982, 44.854458835578072 ], [ -1.1453934073792, 44.854236041460602 ], [ -1.143598914474104, 44.852775887479901 ], [ -1.140358328331242, 44.85342074798622 ], [ -1.140091296073163, 44.856011915745611 ], [ -1.138331547119675, 44.85816845555329 ], [ -1.13920819813897, 44.860472313359089 ], [ -1.140436818851863, 44.859392399297178 ] ], [ [ -1.134288419482184, 44.857868137792231 ], [ -1.134117418435326, 44.856898429156203 ], [ -1.134533722507193, 44.856120663790897 ], [ -1.13297700249516, 44.857740958115585 ], [ -1.134288419482184, 44.857868137792231 ] ], [ [ -1.132881699781056, 44.848906869645226 ], [ -1.135318004733282, 44.849256244494747 ], [ -1.1349458204359, 44.848282973860655 ], [ -1.132881699781056, 44.848906869645226 ] ], [ [ -1.130216354200877, 44.844422324692111 ], [ -1.135564808349211, 44.843845671329412 ], [ -1.138303944379352, 44.84558005171062 ], [ -1.140898809076343, 44.845648016748747 ], [ -1.141355405123005, 44.844295858145649 ], [ -1.139044144149043, 44.842724925849382 ], [ -1.139241286694435, 44.840925553443093 ], [ -1.131118868298734, 44.842521740042848 ], [ -1.130216354200877, 44.844422324692111 ] ], [ [ -1.132959890238241, 44.826807991004038 ], [ -1.134754488780592, 44.825717050403178 ], [ -1.134787317866183, 44.825270788913272 ], [ -1.132632192297126, 44.826150972473293 ], [ -1.132959890238241, 44.826807991004038 ] ], [ [ -1.130738210862797, 44.806167197059438 ], [ -1.129708219516983, 44.805855908402613 ], [ -1.129219402624654, 44.806075166448551 ], [ -1.130738210862797, 44.806167197059438 ] ], [ [ -1.130443392815198, 44.7999597871624 ], [ -1.129788701035905, 44.799878992435566 ], [ -1.130250469880899, 44.800107790433081 ], [ -1.130443392815198, 44.7999597871624 ] ], [ [ -1.129725974884548, 44.795922747897137 ], [ -1.131602595239738, 44.796518447142567 ], [ -1.133438431266029, 44.796203451820688 ], [ -1.129725974884548, 44.795922747897137 ] ], [ [ -1.127548762648739, 44.792057772872475 ], [ -1.126958111154257, 44.791309851588778 ], [ -1.125819823571596, 44.791391662848795 ], [ -1.127548762648739, 44.792057772872475 ] ], [ [ -1.144945777468708, 44.860233924724987 ], [ -1.145315220137537, 44.860094433272742 ], [ -1.144944989676913, 44.859939216570034 ], [ -1.144945777468708, 44.860233924724987 ] ], [ [ -1.143502450069452, 44.842312570468899 ], [ -1.144089845569105, 44.841584152488551 ], [ -1.143508922563717, 44.841709685926055 ], [ -1.143502450069452, 44.842312570468899 ] ], [ [ -1.143660416150096, 44.837137115375533 ], [ -1.143588042019858, 44.837347145322894 ], [ -1.143866063376456, 44.837180960340021 ], [ -1.143660416150096, 44.837137115375533 ] ], [ [ -1.140043349980242, 44.823438494963071 ], [ -1.14133225307318, 44.822936018163119 ], [ -1.141352251041487, 44.822863189001204 ], [ -1.140329909205594, 44.823129990184114 ], [ -1.140043349980242, 44.823438494963071 ] ], [ [ -1.141441046377481, 44.819731299213331 ], [ -1.14136840886905, 44.819731472940582 ], [ -1.141302736138735, 44.819797554187474 ], [ -1.141441046377481, 44.819731299213331 ] ], [ [ -1.142798090753696, 44.819478150582434 ], [ -1.143362474104647, 44.819542724152484 ], [ -1.14256891318151, 44.81947870135081 ], [ -1.142798090753696, 44.819478150582434 ] ], [ [ -1.150338184566649, 44.86084447853343 ], [ -1.150857214302559, 44.860975413220146 ], [ -1.151045671449391, 44.86101556314452 ], [ -1.150338184566649, 44.86084447853343 ] ], [ [ -1.147428150812727, 44.837347065643314 ], [ -1.145823910968052, 44.836919031699871 ], [ -1.147159664480735, 44.83756769906006 ], [ -1.147428150812727, 44.837347065643314 ] ], [ [ -1.152654395888076, 44.862594452939355 ], [ -1.152696731950005, 44.862638269422334 ], [ -1.152794183175947, 44.862624230702373 ], [ -1.152654395888076, 44.862594452939355 ] ], [ [ -1.147569989149684, 44.870642844471021 ], [ -1.149181158795016, 44.870661343758897 ], [ -1.147085723304856, 44.870561475297457 ], [ -1.147569989149684, 44.870642844471021 ] ], [ [ -1.152582117529696, 44.866871884072602 ], [ -1.152436783787788, 44.866862069849617 ], [ -1.152478885101404, 44.866933642299358 ], [ -1.152582117529696, 44.866871884072602 ] ], [ [ -1.147396166450032, 44.867343412613202 ], [ -1.147955001379635, 44.867299312972975 ], [ -1.147622098911141, 44.867093761656022 ], [ -1.147396166450032, 44.867343412613202 ] ], [ [ -1.13687998348674, 44.802451007261858 ], [ -1.136376413926521, 44.800654215952413 ], [ -1.134286060842611, 44.800594348855455 ], [ -1.13687998348674, 44.802451007261858 ] ], [ [ -1.13097747137048, 44.792047564032401 ], [ -1.131728772731863, 44.792574984406983 ], [ -1.131317209716381, 44.79191524419889 ], [ -1.13097747137048, 44.792047564032401 ] ], [ [ -1.138859423600478, 44.851482780286183 ], [ -1.13623026625806, 44.85139205973865 ], [ -1.135861156457644, 44.851797143254679 ], [ -1.138851741671203, 44.852169268797489 ], [ -1.138859423600478, 44.851482780286183 ] ], [ [ -1.127478117253345, 44.847175689349548 ], [ -1.127017913953725, 44.845748280214366 ], [ -1.127222246087925, 44.845268528556026 ], [ -1.125523619459868, 44.846478478465535 ], [ -1.127478117253345, 44.847175689349548 ] ], [ [ -1.121055110886799, 44.812610039921346 ], [ -1.120761097360654, 44.812925874304753 ], [ -1.121305910774366, 44.812851632232864 ], [ -1.121055110886799, 44.812610039921346 ] ], [ [ -1.123895719800942, 44.805712336244227 ], [ -1.123722753693335, 44.805264556911027 ], [ -1.123466170467667, 44.805022038716238 ], [ -1.123895719800942, 44.805712336244227 ] ], [ [ -1.123254069982721, 44.804754695868588 ], [ -1.123313888270217, 44.804818000031176 ], [ -1.123269051959207, 44.804741616070864 ], [ -1.123254069982721, 44.804754695868588 ] ], [ [ -1.121042062303087, 44.797200698138901 ], [ -1.120817976803343, 44.796352627765309 ], [ -1.120854630895254, 44.796134937440833 ], [ -1.120298304521113, 44.796572417468653 ], [ -1.121042062303087, 44.797200698138901 ] ], [ [ -1.118927999528196, 44.78172276675145 ], [ -1.118146360000122, 44.781676811154803 ], [ -1.117546107050257, 44.782042811248751 ], [ -1.118927999528196, 44.78172276675145 ] ], [ [ -1.122017841055368, 44.778412327284926 ], [ -1.121523158798783, 44.777934167096284 ], [ -1.121220770171001, 44.77827173452399 ], [ -1.122017841055368, 44.778412327284926 ] ], [ [ -1.126159870298785, 44.798367901950158 ], [ -1.126197717446544, 44.798153407520651 ], [ -1.125597253671345, 44.798238852820759 ], [ -1.126159870298785, 44.798367901950158 ] ], [ [ -1.126229528314937, 44.794973035783592 ], [ -1.127340693492763, 44.795559129062838 ], [ -1.127604061286651, 44.795507244045659 ], [ -1.126879408971348, 44.794512298470565 ], [ -1.126229528314937, 44.794973035783592 ] ], [ [ -1.124602537320724, 44.80152719195506 ], [ -1.12475109667335, 44.802445125672826 ], [ -1.125757227974072, 44.801820110208148 ], [ -1.124602537320724, 44.80152719195506 ] ], [ [ -1.127143170707124, 44.832126289693555 ], [ -1.127143519675427, 44.832204382700212 ], [ -1.127184187642053, 44.832180479120346 ], [ -1.127143170707124, 44.832126289693555 ] ], [ [ -1.127355435833069, 44.855213810526699 ], [ -1.127545801627782, 44.855134311053675 ], [ -1.127522286015883, 44.855051598772747 ], [ -1.127355435833069, 44.855213810526699 ] ], [ [ -1.118931871365562, 44.803322180972657 ], [ -1.116848362499172, 44.804140164651599 ], [ -1.118525885420575, 44.805276729598042 ], [ -1.119435933607727, 44.80468527095374 ], [ -1.118931871365562, 44.803322180972657 ] ], [ [ -1.135002281640349, 44.870508587664006 ], [ -1.136307418475526, 44.869639795529899 ], [ -1.134584240483975, 44.869452493757379 ], [ -1.135002281640349, 44.870508587664006 ] ], [ [ -1.133753278887574, 44.868870287699863 ], [ -1.133669273482531, 44.868894714220502 ], [ -1.133835830198168, 44.868957526737766 ], [ -1.133753278887574, 44.868870287699863 ] ], [ [ -1.139656697157958, 44.870018961619166 ], [ -1.139930348017617, 44.871013400914372 ], [ -1.141381664812819, 44.870364479244792 ], [ -1.141272543216717, 44.870141395267474 ], [ -1.139656697157958, 44.870018961619166 ] ], [ [ -1.140683142163113, 44.866641420928069 ], [ -1.140467852277094, 44.866856408998714 ], [ -1.140748045574943, 44.866806468684111 ], [ -1.140683142163113, 44.866641420928069 ] ], [ [ -1.132814784910554, 44.865454322736554 ], [ -1.132634275687981, 44.865551499444621 ], [ -1.132904673182147, 44.865480558252656 ], [ -1.132814784910554, 44.865454322736554 ] ], [ [ -1.133293119278297, 44.883223943722236 ], [ -1.133290333607891, 44.883217490785746 ], [ -1.133244702570891, 44.8832274471971 ], [ -1.133293119278297, 44.883223943722236 ] ], [ [ -1.127657901575646, 44.900098049572861 ], [ -1.127394990031224, 44.899699304314652 ], [ -1.126944775087263, 44.899903902479899 ], [ -1.127657901575646, 44.900098049572861 ] ], [ [ -1.111949961385721, 44.928054075344086 ], [ -1.112310049440136, 44.927495417819394 ], [ -1.111503003486992, 44.927256785940052 ], [ -1.111949961385721, 44.928054075344086 ] ], [ [ -1.110570941938854, 44.926421937300304 ], [ -1.110892225281934, 44.924851085101743 ], [ -1.112865381660961, 44.924168217372348 ], [ -1.113405964737775, 44.921750846856405 ], [ -1.113202140420049, 44.920602639910214 ], [ -1.11105105229819, 44.920984415832734 ], [ -1.109391188170118, 44.919921912515633 ], [ -1.111014966501429, 44.917068193575759 ], [ -1.108532530006539, 44.918471992948867 ], [ -1.105654821781136, 44.917953571695676 ], [ -1.105903475786864, 44.919432614016486 ], [ -1.104474773053311, 44.920453596658263 ], [ -1.102083650159488, 44.920120753199612 ], [ -1.101347250810441, 44.918457564316938 ], [ -1.099624020627632, 44.920771674769746 ], [ -1.097187425938642, 44.920776549383156 ], [ -1.096033155062448, 44.919333298505819 ], [ -1.093586623086849, 44.921440064321772 ], [ -1.095721838447142, 44.922928024770009 ], [ -1.098527692001445, 44.921857955193161 ], [ -1.100653798046418, 44.922214527717678 ], [ -1.102337589363982, 44.921067975545881 ], [ -1.105387019313682, 44.921505907520178 ], [ -1.106723183366967, 44.922778116105839 ], [ -1.105976606287394, 44.924274226081764 ], [ -1.104270557874651, 44.924711867003694 ], [ -1.101376240119383, 44.92397550394675 ], [ -1.098660985340669, 44.925553969052416 ], [ -1.103849453648944, 44.926557232810502 ], [ -1.108020862010443, 44.924533841094885 ], [ -1.110570941938854, 44.926421937300304 ] ], [ [ -1.111105866791973, 44.914314702058611 ], [ -1.111697052274605, 44.912692706681263 ], [ -1.111019711956455, 44.911900394577231 ], [ -1.110407266869659, 44.913607800414468 ], [ -1.111105866791973, 44.914314702058611 ] ], [ [ -1.110750342429158, 44.911489645757094 ], [ -1.110651637963715, 44.910849381766035 ], [ -1.109866501585676, 44.910328642170953 ], [ -1.110750342429158, 44.911489645757094 ] ], [ [ -1.109940926294321, 44.908375284531509 ], [ -1.110425118992564, 44.907861728673154 ], [ -1.109121125190871, 44.907710085115447 ], [ -1.109940926294321, 44.908375284531509 ] ], [ [ -1.107018049039911, 44.903666649065343 ], [ -1.105644962732836, 44.903430234900618 ], [ -1.10408530513234, 44.904527384355148 ], [ -1.1052706527242, 44.904656627330489 ], [ -1.107018049039911, 44.903666649065343 ] ], [ [ -1.109165845609355, 44.900675243616419 ], [ -1.110054979382018, 44.899927235742474 ], [ -1.109631528402485, 44.898685818264006 ], [ -1.109165845609355, 44.900675243616419 ] ], [ [ -1.108441640566057, 44.896582779260001 ], [ -1.109185390234667, 44.895854649815135 ], [ -1.109065437798419, 44.895702445448165 ], [ -1.108700220722115, 44.895866465386163 ], [ -1.108441640566057, 44.896582779260001 ] ], [ [ -1.098939709258356, 44.874442937547684 ], [ -1.099700374031806, 44.874211459215893 ], [ -1.098618235336013, 44.874117934761514 ], [ -1.098939709258356, 44.874442937547684 ] ], [ [ -1.099762746635465, 44.846211042080114 ], [ -1.100148072673971, 44.845662067933866 ], [ -1.099597172774412, 44.846073268292088 ], [ -1.099762746635465, 44.846211042080114 ] ], [ [ -1.094058586021069, 44.841492106434934 ], [ -1.100724746845552, 44.842886323708314 ], [ -1.104346121701044, 44.842822239085663 ], [ -1.095824846736368, 44.841006698841312 ], [ -1.094058586021069, 44.841492106434934 ] ], [ [ -1.098483610070827, 44.83787708034032 ], [ -1.099253460138202, 44.83871569808111 ], [ -1.100129929162563, 44.838738917084797 ], [ -1.098483610070827, 44.83787708034032 ] ], [ [ -1.098442279287081, 44.835592883731884 ], [ -1.099182270983749, 44.835200073314134 ], [ -1.100256349785061, 44.835038290758945 ], [ -1.099456313249287, 44.834750107493498 ], [ -1.098442279287081, 44.835592883731884 ] ], [ [ -1.093586471919017, 44.819476735650198 ], [ -1.095895187624525, 44.819269795668035 ], [ -1.092601699005885, 44.818191698480355 ], [ -1.093586471919017, 44.819476735650198 ] ], [ [ -1.093282504053784, 44.814699627775937 ], [ -1.094574451526823, 44.814589824236776 ], [ -1.094437451492068, 44.81398773577687 ], [ -1.093282504053784, 44.814699627775937 ] ], [ [ -1.095856307241755, 44.81246086270643 ], [ -1.096834436803537, 44.811823607462074 ], [ -1.095986246669809, 44.811010428671388 ], [ -1.095559548560913, 44.811691425757445 ], [ -1.095856307241755, 44.81246086270643 ] ], [ [ -1.09632431797493, 44.808740864975675 ], [ -1.09693172560465, 44.809050275239095 ], [ -1.097091762901283, 44.808930793804279 ], [ -1.09632431797493, 44.808740864975675 ] ], [ [ -1.091660037840824, 44.799152086281367 ], [ -1.097421797650685, 44.798835302355279 ], [ -1.096528989256054, 44.798033971901496 ], [ -1.094019558082741, 44.798466741424541 ], [ -1.092470740705579, 44.797122695730913 ], [ -1.09103621918649, 44.798233653812666 ], [ -1.091660037840824, 44.799152086281367 ] ], [ [ -1.114796077879947, 44.899800056113548 ], [ -1.114745650947666, 44.89980729789837 ], [ -1.114740069662514, 44.899848861357697 ], [ -1.114796077879947, 44.899800056113548 ] ], [ [ -1.113624284681279, 44.896283237808206 ], [ -1.113935569076269, 44.895042198441445 ], [ -1.112695047829481, 44.896257472990968 ], [ -1.113624284681279, 44.896283237808206 ] ], [ [ -1.11266916569312, 44.89028752052927 ], [ -1.112673738616704, 44.890298122151989 ], [ -1.112675207506242, 44.890297801986947 ], [ -1.11266916569312, 44.89028752052927 ] ], [ [ -1.112528052831416, 44.890015614513452 ], [ -1.112590877122037, 44.890122524540658 ], [ -1.112528895268578, 44.889924375356948 ], [ -1.112528052831416, 44.890015614513452 ] ], [ [ -1.110667339636419, 44.861207934006757 ], [ -1.111189219277776, 44.860088823059975 ], [ -1.109688896241711, 44.859509660428422 ], [ -1.107609396668702, 44.860261501455412 ], [ -1.108025474877517, 44.861548410211881 ], [ -1.110667339636419, 44.861207934006757 ] ], [ [ -1.110994677335166, 44.855807642202535 ], [ -1.113019211473208, 44.855196329665326 ], [ -1.113238758041136, 44.853231718185256 ], [ -1.111920564709141, 44.853541497915437 ], [ -1.110994677335166, 44.855807642202535 ] ], [ [ -1.112539246451544, 44.848322244703205 ], [ -1.112454319971544, 44.848474790523817 ], [ -1.112526194591771, 44.848516496142558 ], [ -1.112539246451544, 44.848322244703205 ] ], [ [ -1.112366079142894, 44.841100599998676 ], [ -1.112310093286938, 44.839738764448406 ], [ -1.111807189644626, 44.83991149546646 ], [ -1.112366079142894, 44.841100599998676 ] ], [ [ -1.10840305092101, 44.835365745575515 ], [ -1.107201634766629, 44.83585195734311 ], [ -1.104798531974396, 44.835947330649404 ], [ -1.10715664302349, 44.836286314050383 ], [ -1.10840305092101, 44.835365745575515 ] ], [ [ -1.107603021493412, 44.832481336897366 ], [ -1.107622785757623, 44.832695175450127 ], [ -1.107769227003971, 44.8324693381592 ], [ -1.107603021493412, 44.832481336897366 ] ], [ [ -1.109550707301508, 44.831610666793615 ], [ -1.110034825814443, 44.829746457440251 ], [ -1.108979670979582, 44.829441581523369 ], [ -1.109550707301508, 44.831610666793615 ] ], [ [ -1.119455338100425, 44.876955405063775 ], [ -1.118377543561617, 44.876662384446568 ], [ -1.117031022936608, 44.877361314274459 ], [ -1.118389056953678, 44.877632140064776 ], [ -1.119455338100425, 44.876955405063775 ] ], [ [ -1.120039274783146, 44.873995355409747 ], [ -1.121458999929728, 44.873972125656749 ], [ -1.120785887332454, 44.87380349612922 ], [ -1.120039274783146, 44.873995355409747 ] ], [ [ -1.120531150039081, 44.870771854880715 ], [ -1.120654117140295, 44.870826515430203 ], [ -1.120808262948845, 44.870768108352046 ], [ -1.120531150039081, 44.870771854880715 ] ], [ [ -1.119801747983671, 44.870663087203226 ], [ -1.11856906536287, 44.870366759971596 ], [ -1.117691702931374, 44.869928502692403 ], [ -1.119801747983671, 44.870663087203226 ] ], [ [ -1.118207894952147, 44.853162887933301 ], [ -1.118653779928927, 44.852249807286576 ], [ -1.117890384788402, 44.852469953178947 ], [ -1.118207894952147, 44.853162887933301 ] ], [ [ -1.116528114791792, 44.844127747413523 ], [ -1.116041976471662, 44.84405191537244 ], [ -1.115856350969901, 44.844078601006885 ], [ -1.116528114791792, 44.844127747413523 ] ], [ [ -1.118637660090278, 44.842357990168566 ], [ -1.117825604724233, 44.840829247900103 ], [ -1.117036855426964, 44.841165023165246 ], [ -1.117819568053013, 44.842530186312089 ], [ -1.118637660090278, 44.842357990168566 ] ], [ [ -1.118649616649664, 44.839322436487961 ], [ -1.119930507211016, 44.838504003159692 ], [ -1.118771630547267, 44.838133661627481 ], [ -1.118649616649664, 44.839322436487961 ] ], [ [ -1.115105532495555, 44.832056193955168 ], [ -1.115088978435455, 44.831940195139438 ], [ -1.115033645952746, 44.832060913265742 ], [ -1.115105532495555, 44.832056193955168 ] ], [ [ -1.115181005853265, 44.831369853152665 ], [ -1.116532489814381, 44.830033218173483 ], [ -1.11561313051237, 44.828978921701477 ], [ -1.115181005853265, 44.831369853152665 ] ], [ [ -1.119499017817992, 44.835210619598357 ], [ -1.120926471539724, 44.834885492564325 ], [ -1.120439635831991, 44.834234393012508 ], [ -1.119762539876077, 44.83453008441932 ], [ -1.119499017817992, 44.835210619598357 ] ], [ [ -1.122070237662175, 44.870617731788485 ], [ -1.121877994698507, 44.870524472025522 ], [ -1.121651702253778, 44.870611892370412 ], [ -1.122070237662175, 44.870617731788485 ] ], [ [ -1.121556514082309, 44.867528603509307 ], [ -1.121600477594046, 44.867511767268169 ], [ -1.121527026204911, 44.867531161914286 ], [ -1.121556514082309, 44.867528603509307 ] ], [ [ -1.121545138122775, 44.906484900819223 ], [ -1.121158015640098, 44.905937024486462 ], [ -1.121385540544627, 44.906812321861111 ], [ -1.121545138122775, 44.906484900819223 ] ], [ [ -1.1217841501131, 44.902990174991402 ], [ -1.120061558608104, 44.901513120934304 ], [ -1.119000302467414, 44.902302662491458 ], [ -1.120970607508901, 44.903331898586423 ], [ -1.1217841501131, 44.902990174991402 ] ], [ [ -1.120074628055624, 44.899315184816693 ], [ -1.120649809084304, 44.897913945440521 ], [ -1.119320401400397, 44.897336189956278 ], [ -1.120074628055624, 44.899315184816693 ] ], [ [ -1.113279862329038, 44.837781261435744 ], [ -1.113847161793425, 44.835853397489402 ], [ -1.112395316643408, 44.836941770484671 ], [ -1.113279862329038, 44.837781261435744 ] ], [ [ -1.115394106695673, 44.844124331489787 ], [ -1.115553634402032, 44.844101398420328 ], [ -1.115420067975722, 44.84410168654555 ], [ -1.115394106695673, 44.844124331489787 ] ], [ [ -1.113413861117593, 44.84981353528628 ], [ -1.113797310803397, 44.850885261389131 ], [ -1.114460799308837, 44.850153745201617 ], [ -1.113413861117593, 44.84981353528628 ] ], [ [ -1.113920782786082, 44.859463089662249 ], [ -1.113944400301433, 44.859464607153328 ], [ -1.113920192787285, 44.859462963747887 ], [ -1.113920782786082, 44.859463089662249 ] ], [ [ -1.114664164577183, 44.873274455693384 ], [ -1.114698061132464, 44.873260295724037 ], [ -1.114590608996872, 44.873253003442819 ], [ -1.114664164577183, 44.873274455693384 ] ], [ [ -1.108706691149098, 44.806686496579687 ], [ -1.106900973832249, 44.806324454274829 ], [ -1.106444620802133, 44.806499316355698 ], [ -1.107937495091975, 44.80701359589014 ], [ -1.108706691149098, 44.806686496579687 ] ], [ [ -1.108136419130631, 44.802951333462886 ], [ -1.111037790269627, 44.803315647826693 ], [ -1.112419190713876, 44.804000139775475 ], [ -1.112348669425683, 44.803179174882047 ], [ -1.108136419130631, 44.802951333462886 ] ], [ [ -1.106435174734586, 44.799092009621226 ], [ -1.104143598352531, 44.799001423173664 ], [ -1.10271412144552, 44.800015485483421 ], [ -1.106435174734586, 44.799092009621226 ] ], [ [ -1.100707266848824, 44.790350525941143 ], [ -1.100688242836114, 44.789205560123833 ], [ -1.09987161950633, 44.790294139226162 ], [ -1.100707266848824, 44.790350525941143 ] ], [ [ -1.10158168897734, 44.788374466548781 ], [ -1.102476388346356, 44.788108287678483 ], [ -1.102243313122403, 44.787487412981427 ], [ -1.10158168897734, 44.788374466548781 ] ], [ [ -1.105938464736733, 44.789898647956214 ], [ -1.105043668208008, 44.789021703408295 ], [ -1.105281622936466, 44.789838488353823 ], [ -1.105938464736733, 44.789898647956214 ] ], [ [ -1.105045913341643, 44.784672743008841 ], [ -1.104621183776517, 44.784961372117372 ], [ -1.104543819868497, 44.785044347726668 ], [ -1.105045913341643, 44.784672743008841 ] ], [ [ -1.108001224204774, 44.780566300928946 ], [ -1.106982477255456, 44.779211858453486 ], [ -1.106387476013603, 44.779303433166717 ], [ -1.108001224204774, 44.780566300928946 ] ], [ [ -1.109893620699562, 44.793847844107312 ], [ -1.109953114792958, 44.793813492467784 ], [ -1.10986270527507, 44.793833229269097 ], [ -1.109893620699562, 44.793847844107312 ] ], [ [ -1.109817421158699, 44.799231055109431 ], [ -1.108635283817756, 44.799645804014673 ], [ -1.110910019265659, 44.799630517697494 ], [ -1.109817421158699, 44.799231055109431 ] ], [ [ -1.112617704121171, 44.807901257928393 ], [ -1.112453258393312, 44.807329858309167 ], [ -1.111676733876857, 44.807599856662158 ], [ -1.112617704121171, 44.807901257928393 ] ], [ [ -1.102819972403795, 44.785984567314117 ], [ -1.102499416157964, 44.78578175187419 ], [ -1.102689028209957, 44.786238864469311 ], [ -1.102819972403795, 44.785984567314117 ] ], [ [ -1.102643025872335, 44.808491753054973 ], [ -1.102388189142209, 44.808595963551177 ], [ -1.102531434764634, 44.80875194339901 ], [ -1.102643025872335, 44.808491753054973 ] ], [ [ -1.102789857596938, 44.805733856503792 ], [ -1.102547646019008, 44.804877056655307 ], [ -1.102228195486404, 44.805370419846824 ], [ -1.102789857596938, 44.805733856503792 ] ], [ [ -1.106956493207727, 44.880061014805484 ], [ -1.106772371820236, 44.879928531073475 ], [ -1.106699124242513, 44.880131844302532 ], [ -1.106956493207727, 44.880061014805484 ] ], [ [ -1.105406091688985, 44.875080168135959 ], [ -1.103434617187917, 44.874895641479569 ], [ -1.102300159315145, 44.875269528958114 ], [ -1.105406091688985, 44.875080168135959 ] ], [ [ -1.104344359336044, 44.85788249953842 ], [ -1.106565817621726, 44.857222882893304 ], [ -1.10665190012861, 44.857111769197502 ], [ -1.105103195640793, 44.856650848996708 ], [ -1.104344359336044, 44.85788249953842 ] ], [ [ -1.103557721079339, 44.853791382164417 ], [ -1.1034667124817, 44.853890306098663 ], [ -1.103467139919237, 44.853890870998271 ], [ -1.103557721079339, 44.853791382164417 ] ], [ [ -1.105580784201687, 44.850507753626097 ], [ -1.104744293455172, 44.850354061109655 ], [ -1.104452420033316, 44.850235637631407 ], [ -1.105580784201687, 44.850507753626097 ] ], [ [ -1.105253721693832, 44.839397140790375 ], [ -1.106511332850842, 44.839232774324742 ], [ -1.105253261422038, 44.839284316626141 ], [ -1.105253721693832, 44.839397140790375 ] ], [ [ -1.107246108482763, 44.843512038123201 ], [ -1.106210608854691, 44.84384110043581 ], [ -1.107896678088347, 44.843825349366512 ], [ -1.107246108482763, 44.843512038123201 ] ], [ [ -1.107658746726395, 44.853691461745491 ], [ -1.107508545772872, 44.853840503822894 ], [ -1.107574727689115, 44.853858870770694 ], [ -1.107658746726395, 44.853691461745491 ] ], [ [ -1.107342235195387, 44.850075523831677 ], [ -1.107846350844197, 44.85033816751119 ], [ -1.108093731557583, 44.85025390818997 ], [ -1.107342235195387, 44.850075523831677 ] ], [ [ -1.113329660694701, 44.903181532819552 ], [ -1.110187503203872, 44.903164845671171 ], [ -1.111411149206686, 44.90387249033342 ], [ -1.113329660694701, 44.903181532819552 ] ], [ [ -1.111928639776447, 44.915098082031456 ], [ -1.11214157894192, 44.915187109155525 ], [ -1.111904455609617, 44.91505694416837 ], [ -1.111928639776447, 44.915098082031456 ] ], [ [ -1.113927797408531, 44.919727392800795 ], [ -1.114074321666425, 44.919641430544971 ], [ -1.113953738525939, 44.919633253075197 ], [ -1.113927797408531, 44.919727392800795 ] ], [ [ -1.099845302283143, 44.82398210537486 ], [ -1.09941406596888, 44.823609112287478 ], [ -1.09907986227511, 44.823868230254099 ], [ -1.099845302283143, 44.82398210537486 ] ], [ [ -1.104181405767733, 44.881281024256225 ], [ -1.104119337992897, 44.881276806675565 ], [ -1.104156864167901, 44.881298573648188 ], [ -1.104181405767733, 44.881281024256225 ] ], [ [ -1.097526779038604, 44.917766720091663 ], [ -1.097661837007, 44.916851693993266 ], [ -1.097092513827727, 44.916798330835256 ], [ -1.097526779038604, 44.917766720091663 ] ], [ [ -1.095757552606428, 44.91614167907413 ], [ -1.095239032879784, 44.916010010270142 ], [ -1.094915628634565, 44.916097351020113 ], [ -1.095757552606428, 44.91614167907413 ] ], [ [ -1.096365354665283, 44.913776452610428 ], [ -1.094898370342229, 44.91243841378715 ], [ -1.093975538846114, 44.912817360129196 ], [ -1.096365354665283, 44.913776452610428 ] ], [ [ -1.097739176838932, 44.908174570116422 ], [ -1.097678112779681, 44.908208369504663 ], [ -1.097873743700661, 44.908213866137849 ], [ -1.097739176838932, 44.908174570116422 ] ], [ [ -1.096195363656026, 44.884538545955394 ], [ -1.095730848215557, 44.884280223242477 ], [ -1.096178693422487, 44.884553069209474 ], [ -1.096195363656026, 44.884538545955394 ] ], [ [ -1.092592149062087, 44.876153440399101 ], [ -1.092918189784606, 44.875487515486974 ], [ -1.092004873765083, 44.875601723192091 ], [ -1.092592149062087, 44.876153440399101 ] ], [ [ -1.094092423345881, 44.872714067673471 ], [ -1.092724960822666, 44.870994387893241 ], [ -1.090251877856817, 44.870633147275058 ], [ -1.086546859260347, 44.872355237742646 ], [ -1.089816466847255, 44.87524925013637 ], [ -1.090465133961114, 44.872675593417149 ], [ -1.094092423345881, 44.872714067673471 ] ], [ [ -1.093170645774638, 44.84862585119577 ], [ -1.093600497345586, 44.848075118004488 ], [ -1.092093943772611, 44.848297147730037 ], [ -1.093170645774638, 44.84862585119577 ] ], [ [ -1.091817498349532, 44.844867997699701 ], [ -1.093611043799249, 44.845027968209813 ], [ -1.093709788078751, 44.844792197515382 ], [ -1.091817498349532, 44.844867997699701 ] ], [ [ -1.087173931028732, 44.843973898725046 ], [ -1.086777119689993, 44.844221005568421 ], [ -1.087582510145072, 44.844078135237979 ], [ -1.087173931028732, 44.843973898725046 ] ], [ [ -1.082742997468871, 44.823205230793015 ], [ -1.083311383417206, 44.823103926933143 ], [ -1.083012865813046, 44.822811181767761 ], [ -1.082742997468871, 44.823205230793015 ] ], [ [ -1.08358077522141, 44.820658562516407 ], [ -1.084222986450902, 44.820087594453121 ], [ -1.083979838851413, 44.81982733781858 ], [ -1.08358077522141, 44.820658562516407 ] ], [ [ -1.084627603749296, 44.815495740505952 ], [ -1.084791700530115, 44.814706297731441 ], [ -1.083512836022745, 44.815387636649916 ], [ -1.084627603749296, 44.815495740505952 ] ], [ [ -1.080218940299605, 44.799850089938872 ], [ -1.085699080354279, 44.798110132389688 ], [ -1.083341455965342, 44.79701102480999 ], [ -1.081996546843401, 44.798600074265153 ], [ -1.079031689983335, 44.798030547127667 ], [ -1.078595060827391, 44.798628579652942 ], [ -1.080218940299605, 44.799850089938872 ] ], [ [ -1.100641802587702, 44.915048623495018 ], [ -1.100038092720225, 44.915388305300802 ], [ -1.100873859720231, 44.915504151280487 ], [ -1.100641802587702, 44.915048623495018 ] ], [ [ -1.101388154896647, 44.913451409423864 ], [ -1.101550108435755, 44.912960069771259 ], [ -1.100909681869313, 44.9127320251051 ], [ -1.101388154896647, 44.913451409423864 ] ], [ [ -1.10439022079876, 44.907881509896754 ], [ -1.105298295280683, 44.909517673403528 ], [ -1.106707836304117, 44.907621824994834 ], [ -1.10439022079876, 44.907881509896754 ] ], [ [ -1.100891459513014, 44.892331792341594 ], [ -1.10039817452499, 44.892641890440949 ], [ -1.101159115261011, 44.892419515122981 ], [ -1.100891459513014, 44.892331792341594 ] ], [ [ -1.106572761360787, 44.913042166926658 ], [ -1.106252770369015, 44.912838126778816 ], [ -1.106257818646553, 44.913309744507046 ], [ -1.106572761360787, 44.913042166926658 ] ], [ [ -1.105301043229306, 44.914451816223782 ], [ -1.105872933716268, 44.91447217171654 ], [ -1.105872134323528, 44.914030296885848 ], [ -1.105301043229306, 44.914451816223782 ] ], [ [ -1.08906914224647, 44.818096716607506 ], [ -1.087978365059671, 44.817650798522997 ], [ -1.087924693444637, 44.817662498783818 ], [ -1.08831592176066, 44.8182568079662 ], [ -1.08906914224647, 44.818096716607506 ] ], [ [ -1.089194240845044, 44.808907422074547 ], [ -1.088933818853506, 44.808815884409228 ], [ -1.089135507320013, 44.808995453484869 ], [ -1.089194240845044, 44.808907422074547 ] ], [ [ -1.08861942031296, 44.803432747132852 ], [ -1.088696204280069, 44.803534359538027 ], [ -1.088714312342075, 44.803468623581217 ], [ -1.08861942031296, 44.803432747132852 ] ], [ [ -1.087450079064168, 44.802311419607832 ], [ -1.087130764540071, 44.802634693507301 ], [ -1.087710650363762, 44.802797273526984 ], [ -1.087450079064168, 44.802311419607832 ] ], [ [ -1.087887915345873, 44.797003011782195 ], [ -1.087450860639623, 44.79743986940705 ], [ -1.088140236048385, 44.797483232308842 ], [ -1.087887915345873, 44.797003011782195 ] ], [ [ -1.098444949421382, 44.894508868106534 ], [ -1.099326418866671, 44.895722657156298 ], [ -1.098741760761594, 44.89445812428643 ], [ -1.098444949421382, 44.894508868106534 ] ], [ [ -1.099129938815739, 44.91210824334793 ], [ -1.100440388954137, 44.912417997138064 ], [ -1.09993416935762, 44.911590026342715 ], [ -1.099129938815739, 44.91210824334793 ] ], [ [ -1.099759960206425, 44.908570798149661 ], [ -1.099708761999509, 44.909020359665242 ], [ -1.100203652364454, 44.909712810200368 ], [ -1.099759960206425, 44.908570798149661 ] ], [ [ -1.096707047397416, 44.930279151016258 ], [ -1.096686434371514, 44.930353854751957 ], [ -1.096728347861546, 44.93026885319253 ], [ -1.096707047397416, 44.930279151016258 ] ], [ [ -1.107294229002719, 44.927873999330707 ], [ -1.107297969490618, 44.927860433186922 ], [ -1.10729217653951, 44.927859627134524 ], [ -1.107294229002719, 44.927873999330707 ] ], [ [ -1.103502728600225, 44.931840477224682 ], [ -1.102567330347373, 44.931616612802131 ], [ -1.101513233898828, 44.930980581027242 ], [ -1.10259368586875, 44.932360868534438 ], [ -1.103502728600225, 44.931840477224682 ] ], [ [ -1.0895918426613, 44.86821535195245 ], [ -1.089172231985425, 44.868454676223791 ], [ -1.089525251264703, 44.868612411069748 ], [ -1.0895918426613, 44.86821535195245 ] ], [ [ -1.084644097242975, 44.851165672581061 ], [ -1.084700560981915, 44.850423958983548 ], [ -1.084098338580906, 44.849786242510426 ], [ -1.084644097242975, 44.851165672581061 ] ], [ [ -1.087432450751248, 44.847541367477859 ], [ -1.085707268198089, 44.847097697476457 ], [ -1.085303168404842, 44.847349118054055 ], [ -1.085539125203812, 44.847738261172125 ], [ -1.087432450751248, 44.847541367477859 ] ], [ [ -1.09179825262985, 44.931144093151666 ], [ -1.091848381243277, 44.929704635888243 ], [ -1.090394523736397, 44.930783703522323 ], [ -1.088042415505188, 44.93067180843984 ], [ -1.09179825262985, 44.931144093151666 ] ], [ [ -1.092777136971857, 44.913155766745199 ], [ -1.092297844312726, 44.913319445976363 ], [ -1.092208747762742, 44.913602233641036 ], [ -1.092777136971857, 44.913155766745199 ] ], [ [ -1.089793014735587, 44.910470807754329 ], [ -1.091989156237194, 44.90980035397677 ], [ -1.092766555993537, 44.90956809971491 ], [ -1.091872704150917, 44.909135213018729 ], [ -1.089646729528672, 44.909988209927057 ], [ -1.089793014735587, 44.910470807754329 ] ], [ [ -1.088528687849559, 44.906696090240139 ], [ -1.08835469328732, 44.906983163893464 ], [ -1.088797585013654, 44.906711770774137 ], [ -1.088528687849559, 44.906696090240139 ] ], [ [ -1.087721345305191, 44.887768152044224 ], [ -1.088302348230883, 44.886685570210062 ], [ -1.086402343176666, 44.887114910975242 ], [ -1.087721345305191, 44.887768152044224 ] ], [ [ -1.090343777524791, 44.88437240122358 ], [ -1.092008170399458, 44.884888056671542 ], [ -1.093219155705602, 44.884229761948724 ], [ -1.090343777524791, 44.88437240122358 ] ], [ [ -1.089086777116642, 44.883336073149465 ], [ -1.089276291433793, 44.883407622935913 ], [ -1.089224388307135, 44.883263111073234 ], [ -1.089086777116642, 44.883336073149465 ] ], [ [ -1.09281138745702, 44.899359715591252 ], [ -1.092781324623715, 44.899320003401122 ], [ -1.092769387740353, 44.899323544925778 ], [ -1.09281138745702, 44.899359715591252 ] ], [ [ -1.093524433416258, 44.912882640580818 ], [ -1.093115999547343, 44.912974406535533 ], [ -1.092962796469691, 44.913064248997536 ], [ -1.093524433416258, 44.912882640580818 ] ], [ [ -1.095551954366879, 44.925819383932456 ], [ -1.095168139053569, 44.925341998146379 ], [ -1.09509442741046, 44.925377198648377 ], [ -1.095551954366879, 44.925819383932456 ] ], [ [ -1.080476127507884, 44.815310402970645 ], [ -1.081591974493399, 44.816391084391626 ], [ -1.082308680777997, 44.815732253131138 ], [ -1.081268956521262, 44.815646659698174 ], [ -1.080476127507884, 44.815310402970645 ] ], [ [ -1.087499726191394, 44.908887343216428 ], [ -1.087593338490851, 44.908901793026722 ], [ -1.087560957815414, 44.908834032323753 ], [ -1.087499726191394, 44.908887343216428 ] ], [ [ -1.087646599005842, 44.903588213735468 ], [ -1.087399752815673, 44.903399751456419 ], [ -1.087412971459786, 44.903704225580313 ], [ -1.087646599005842, 44.903588213735468 ] ], [ [ -1.090442699426087, 44.920141402464246 ], [ -1.09021685466405, 44.920239168756083 ], [ -1.090632863213656, 44.920127724806775 ], [ -1.090442699426087, 44.920141402464246 ] ], [ [ -1.089492663804211, 44.916871401843729 ], [ -1.089107557369853, 44.917013908752949 ], [ -1.089560630310314, 44.916866513652415 ], [ -1.089492663804211, 44.916871401843729 ] ], [ [ -1.090158936287464, 44.925874181255743 ], [ -1.089866140062323, 44.925812507948791 ], [ -1.089900293398663, 44.925956921632768 ], [ -1.090158936287464, 44.925874181255743 ] ], [ [ -1.08889308179523, 44.92176085346339 ], [ -1.089041453685767, 44.922763411334316 ], [ -1.089481571245431, 44.922860964060568 ], [ -1.08889308179523, 44.92176085346339 ] ], [ [ -1.085444870694063, 44.788833855008413 ], [ -1.085509142168677, 44.788944816735636 ], [ -1.085628607766354, 44.788887645437804 ], [ -1.085444870694063, 44.788833855008413 ] ], [ [ -1.036494926214822, 44.940413252137219 ], [ -1.036895478464005, 44.939201768311534 ], [ -1.0346358884355, 44.937770414542854 ], [ -1.035787011716461, 44.936066264540095 ], [ -1.033631790544946, 44.935824343233001 ], [ -1.0326723597401, 44.934416979451505 ], [ -1.032177504083437, 44.935400070932744 ], [ -1.033633471498754, 44.937554069233371 ], [ -1.030122285048627, 44.939110385898751 ], [ -1.031733509941687, 44.940457052613475 ], [ -1.033888947047178, 44.939238525179192 ], [ -1.036494926214822, 44.940413252137219 ] ], [ [ -1.035849660652139, 44.90407772299087 ], [ -1.036620096246294, 44.903179826551323 ], [ -1.034531535275997, 44.903053997293966 ], [ -1.035849660652139, 44.90407772299087 ] ], [ [ -1.034047339960949, 44.896511525835564 ], [ -1.034330358189364, 44.896365755786618 ], [ -1.034163411146215, 44.896320334228335 ], [ -1.034047339960949, 44.896511525835564 ] ], [ [ -1.02991147862879, 44.892240313452028 ], [ -1.03108551945473, 44.890163776558026 ], [ -1.031310857565532, 44.887082668790221 ], [ -1.030082313802711, 44.88732162974884 ], [ -1.030303501588707, 44.89018381322105 ], [ -1.029005751567295, 44.891706689922223 ], [ -1.02991147862879, 44.892240313452028 ] ], [ [ -1.024004033028022, 44.891778462307904 ], [ -1.02454129486531, 44.891278000510923 ], [ -1.023822103326354, 44.891673307910054 ], [ -1.024004033028022, 44.891778462307904 ] ], [ [ -1.068593437119915, 44.947017960435623 ], [ -1.071200398652777, 44.946245778165931 ], [ -1.072978928277115, 44.947660849987827 ], [ -1.075611958035617, 44.946423929754161 ], [ -1.077617865833761, 44.947863352608103 ], [ -1.07970668439208, 44.946614377803584 ], [ -1.078139850158044, 44.945571290140109 ], [ -1.077989720901404, 44.943188233859701 ], [ -1.076517801111616, 44.945629543444262 ], [ -1.074499622837246, 44.946311848416691 ], [ -1.072579560568384, 44.945499191338655 ], [ -1.07243379175611, 44.943966680068712 ], [ -1.070246831903341, 44.944156645316198 ], [ -1.068717112277619, 44.942896163956668 ], [ -1.06648906075523, 44.945431938048721 ], [ -1.068593437119915, 44.947017960435623 ] ], [ [ -1.064043983103018, 44.942723459109274 ], [ -1.06412434787339, 44.942746913130719 ], [ -1.064088133102307, 44.942619200906812 ], [ -1.064043983103018, 44.942723459109274 ] ], [ [ -1.064151858251295, 44.941900847113629 ], [ -1.064644899104433, 44.941239486056091 ], [ -1.063532337374091, 44.940985519793514 ], [ -1.064151858251295, 44.941900847113629 ] ], [ [ -1.064781355025106, 44.937878367180012 ], [ -1.064501291892793, 44.937277612900957 ], [ -1.06396275713691, 44.937983012974364 ], [ -1.064781355025106, 44.937878367180012 ] ], [ [ -1.064583207408203, 44.919996385955002 ], [ -1.069577979676186, 44.920816232449319 ], [ -1.070867381715286, 44.921926899166863 ], [ -1.070165792247393, 44.923584740110286 ], [ -1.06792953962012, 44.923959194218277 ], [ -1.067974744170346, 44.925128006756388 ], [ -1.070761968214031, 44.924463955579384 ], [ -1.074049745708612, 44.925433882405166 ], [ -1.077629997496053, 44.925215755429683 ], [ -1.079174369865619, 44.926092579003445 ], [ -1.080946527106481, 44.925156285268841 ], [ -1.07901328428132, 44.92353696055163 ], [ -1.080501751961274, 44.921541290178801 ], [ -1.077392314215528, 44.922851418228497 ], [ -1.074972696432132, 44.921583233083588 ], [ -1.075674118821746, 44.91992536280393 ], [ -1.07827138819005, 44.91964430347339 ], [ -1.078439489015551, 44.918023354260583 ], [ -1.075782258964265, 44.919641418365742 ], [ -1.073160825996569, 44.918482209892858 ], [ -1.069958056553629, 44.919816039819558 ], [ -1.068070934173905, 44.918721286683116 ], [ -1.064583207408203, 44.919996385955002 ] ], [ [ -1.063160431425451, 44.917202295991835 ], [ -1.066100576393675, 44.91623817434548 ], [ -1.068219055179725, 44.917348755193721 ], [ -1.069486956176786, 44.916361437098672 ], [ -1.062169242644707, 44.914831531730961 ], [ -1.060276938440389, 44.915878166172099 ], [ -1.063160431425451, 44.917202295991835 ] ], [ [ -1.062345064383012, 44.91016772877753 ], [ -1.061625994868649, 44.909891722483266 ], [ -1.061554069983855, 44.910492093510541 ], [ -1.062345064383012, 44.91016772877753 ] ], [ [ -1.061160650492056, 44.904886763313939 ], [ -1.061091786239136, 44.904691426818431 ], [ -1.060932582355745, 44.904691691828774 ], [ -1.061160650492056, 44.904886763313939 ] ], [ [ -1.062608240497758, 44.8977134878252 ], [ -1.061767948875751, 44.897586003260663 ], [ -1.061085221420909, 44.897437249690697 ], [ -1.061200182873724, 44.897548289641968 ], [ -1.062608240497758, 44.8977134878252 ] ], [ [ -1.062211956707153, 44.894238204134233 ], [ -1.060747887991908, 44.892921593689465 ], [ -1.059409421437534, 44.893304428036188 ], [ -1.059958567505246, 44.893728477021241 ], [ -1.062211956707153, 44.894238204134233 ] ], [ [ -1.063052042543061, 44.890918406853508 ], [ -1.063622599726793, 44.890946866679045 ], [ -1.063020023208649, 44.890812790992193 ], [ -1.063052042543061, 44.890918406853508 ] ], [ [ -1.061740046603914, 44.889717229626982 ], [ -1.061353112703461, 44.88950389359109 ], [ -1.061015241255211, 44.889570121769417 ], [ -1.061740046603914, 44.889717229626982 ] ], [ [ -1.0636645437025, 44.887626940987332 ], [ -1.064416706144739, 44.887630246261573 ], [ -1.063748770879865, 44.887402694848632 ], [ -1.0636645437025, 44.887626940987332 ] ], [ [ -1.062935313229664, 44.87970142260108 ], [ -1.064595206347047, 44.879685494778855 ], [ -1.064557970113133, 44.879162243440099 ], [ -1.062935313229664, 44.87970142260108 ] ], [ [ -1.058793369447822, 44.875903148445971 ], [ -1.058145042534077, 44.875581250115474 ], [ -1.058171336818962, 44.87570898712859 ], [ -1.058793369447822, 44.875903148445971 ] ], [ [ -1.059424484245409, 44.872169775384378 ], [ -1.062356349028267, 44.871808476770077 ], [ -1.061804759669318, 44.871088834573939 ], [ -1.059424484245409, 44.872169775384378 ] ], [ [ -1.062815874365518, 44.868075332712095 ], [ -1.062637329783284, 44.866416920195761 ], [ -1.064156512183791, 44.86508225310223 ], [ -1.063984117076677, 44.863707471730265 ], [ -1.061977231600767, 44.8660212593634 ], [ -1.062815874365518, 44.868075332712095 ] ], [ [ -1.057327394911117, 44.865406808242049 ], [ -1.058607531612555, 44.861996835514283 ], [ -1.059869333923565, 44.858940221722143 ], [ -1.057965098823836, 44.860923594985024 ], [ -1.056439047679708, 44.868108753695545 ], [ -1.05779368900481, 44.867293912125419 ], [ -1.057327394911117, 44.865406808242049 ] ], [ [ -1.057390024258714, 44.83943117939171 ], [ -1.058174406321126, 44.83905064715713 ], [ -1.057348667732318, 44.83849156355334 ], [ -1.057390024258714, 44.83943117939171 ] ], [ [ -1.052089924380841, 44.838779274551911 ], [ -1.050906302906963, 44.840625449071332 ], [ -1.053250200186998, 44.841164429419777 ], [ -1.05384083832465, 44.840433707777187 ], [ -1.052089924380841, 44.838779274551911 ] ], [ [ -1.051887821887435, 44.833117685046041 ], [ -1.051641352204079, 44.833011588609786 ], [ -1.051732946272504, 44.833342878100432 ], [ -1.051887821887435, 44.833117685046041 ] ], [ [ -1.082691339342492, 44.942779284482526 ], [ -1.083920707808102, 44.940951853605625 ], [ -1.082783588715223, 44.940700812641353 ], [ -1.082691339342492, 44.942779284482526 ] ], [ [ -1.078040270528939, 44.942571814778802 ], [ -1.079154963845888, 44.940167651396749 ], [ -1.074896458855302, 44.938916314002626 ], [ -1.073763801988617, 44.937705324906368 ], [ -1.071833631230863, 44.938924830184114 ], [ -1.069134867390199, 44.937502797196167 ], [ -1.068179908240429, 44.938451310487473 ], [ -1.069162856135528, 44.941543875360495 ], [ -1.07296200139601, 44.94062394076235 ], [ -1.076903604286189, 44.941333675675608 ], [ -1.078040270528939, 44.942571814778802 ] ], [ [ -1.080780182570621, 44.939778147879409 ], [ -1.080626250406151, 44.939699066092551 ], [ -1.08049498680136, 44.939782350343862 ], [ -1.080780182570621, 44.939778147879409 ] ], [ [ -1.079238372452376, 44.935586325778665 ], [ -1.080867108665032, 44.935988622015898 ], [ -1.080767555693364, 44.934009252472123 ], [ -1.080275476505241, 44.933899459672674 ], [ -1.079238372452376, 44.935586325778665 ] ], [ [ -1.07888494335047, 44.932601799976396 ], [ -1.07873280938933, 44.932593304520033 ], [ -1.078894592369546, 44.932640560252395 ], [ -1.07888494335047, 44.932601799976396 ] ], [ [ -1.079163140292683, 44.929243803987383 ], [ -1.077885581823696, 44.928427437060918 ], [ -1.077350326322362, 44.928519359435079 ], [ -1.077851940839706, 44.929437730475271 ], [ -1.079163140292683, 44.929243803987383 ] ], [ [ -1.078456583108441, 44.91514810745727 ], [ -1.076884263811583, 44.914354156136667 ], [ -1.074585626882627, 44.915617350401241 ], [ -1.077800536373561, 44.915566667164917 ], [ -1.078456583108441, 44.91514810745727 ] ], [ [ -1.077550079582253, 44.911669760237928 ], [ -1.07878253191544, 44.911165486671152 ], [ -1.077533081985539, 44.910911718714694 ], [ -1.077550079582253, 44.911669760237928 ] ], [ [ -1.077078760564565, 44.905666484582902 ], [ -1.077866437027605, 44.905041261941584 ], [ -1.07712999613092, 44.904645111076839 ], [ -1.077078760564565, 44.905666484582902 ] ], [ [ -1.077995235661054, 44.901487390356699 ], [ -1.078095956026039, 44.901480155050784 ], [ -1.078087353439366, 44.90146734733807 ], [ -1.077995235661054, 44.901487390356699 ] ], [ [ -1.069829939684549, 44.873716126186437 ], [ -1.070628518180537, 44.873444825294115 ], [ -1.069680702365829, 44.873539148974615 ], [ -1.069829939684549, 44.873716126186437 ] ], [ [ -1.067604199848219, 44.872434747001385 ], [ -1.066804498288652, 44.871688266914404 ], [ -1.064603716066693, 44.872861521834466 ], [ -1.065662801544918, 44.873672539153773 ], [ -1.067604199848219, 44.872434747001385 ] ], [ [ -1.067942914786971, 44.867878573663624 ], [ -1.067771837327441, 44.867584926860516 ], [ -1.067778087653532, 44.867889366626791 ], [ -1.067942914786971, 44.867878573663624 ] ], [ [ -1.069644840293439, 44.866008163344034 ], [ -1.069640244244695, 44.866052819706191 ], [ -1.069682156588407, 44.866043698207555 ], [ -1.069644840293439, 44.866008163344034 ] ], [ [ -1.065336574819562, 44.859229436101174 ], [ -1.065998464039142, 44.858385837684956 ], [ -1.064583852962794, 44.858671768724896 ], [ -1.065336574819562, 44.859229436101174 ] ], [ [ -1.066537481655175, 44.854316763228582 ], [ -1.066637192750482, 44.853058292233484 ], [ -1.065724742960651, 44.854139432906528 ], [ -1.066537481655175, 44.854316763228582 ] ], [ [ -1.066826806113116, 44.835080439211751 ], [ -1.065563194972312, 44.834681621056674 ], [ -1.065549482960396, 44.834892832509276 ], [ -1.066826806113116, 44.835080439211751 ] ], [ [ -1.065543162062403, 44.831318471480124 ], [ -1.06477162401426, 44.831179868432585 ], [ -1.06471344501481, 44.831375946127558 ], [ -1.065543162062403, 44.831318471480124 ] ], [ [ -1.074114654131955, 44.865873248849098 ], [ -1.073924621277929, 44.865035436253429 ], [ -1.073654790169711, 44.865800104950353 ], [ -1.074114654131955, 44.865873248849098 ] ], [ [ -1.075874027315849, 44.860003689751579 ], [ -1.075456812101478, 44.859981132850358 ], [ -1.075845514782756, 44.860236830100419 ], [ -1.075874027315849, 44.860003689751579 ] ], [ [ -1.072664899521844, 44.851497298485228 ], [ -1.071982943339553, 44.851227322679044 ], [ -1.071881246221074, 44.851903376857734 ], [ -1.072664899521844, 44.851497298485228 ] ], [ [ -1.073972695924805, 44.849841307688436 ], [ -1.073722006662833, 44.849842894040215 ], [ -1.07368971916936, 44.849959891590515 ], [ -1.073972695924805, 44.849841307688436 ] ], [ [ -1.073396045441858, 44.848719265474031 ], [ -1.073540847942535, 44.847740641164556 ], [ -1.072593708497914, 44.848154713084959 ], [ -1.073396045441858, 44.848719265474031 ] ], [ [ -1.073648926690537, 44.834307905067135 ], [ -1.073853634148471, 44.834033669019696 ], [ -1.07376238828348, 44.833876880600045 ], [ -1.073648926690537, 44.834307905067135 ] ], [ [ -1.07122511593557, 44.82637856567986 ], [ -1.071120760205481, 44.82488117484381 ], [ -1.071325937630637, 44.82390456299909 ], [ -1.069866761199735, 44.825535977409935 ], [ -1.07122511593557, 44.82637856567986 ] ], [ [ -1.070898105417155, 44.820825581198278 ], [ -1.070471091124877, 44.820601949844352 ], [ -1.070011515374275, 44.820752695230922 ], [ -1.070898105417155, 44.820825581198278 ] ], [ [ -1.077558024201629, 44.85217447098757 ], [ -1.077376066253014, 44.853086176532805 ], [ -1.07779069401341, 44.852098275937664 ], [ -1.077558024201629, 44.85217447098757 ] ], [ [ -1.076101799327517, 44.855773361101924 ], [ -1.077571149620293, 44.856868877914167 ], [ -1.077842118430636, 44.856691336303825 ], [ -1.077101042247279, 44.855195239638192 ], [ -1.076101799327517, 44.855773361101924 ] ], [ [ -1.07860983845788, 44.86740124166019 ], [ -1.07873722133171, 44.867347259814373 ], [ -1.078761254265775, 44.86726017070373 ], [ -1.07860983845788, 44.86740124166019 ] ], [ [ -1.080504938529435, 44.894302589624964 ], [ -1.080135029502623, 44.894310814417402 ], [ -1.080163261911379, 44.894396923958261 ], [ -1.080504938529435, 44.894302589624964 ] ], [ [ -1.081916482081027, 44.940029210731716 ], [ -1.081589848114367, 44.939881852243644 ], [ -1.081462303319662, 44.939873168118325 ], [ -1.081916482081027, 44.940029210731716 ] ], [ [ -1.06988499221581, 44.829998222519457 ], [ -1.070050160479879, 44.830113453371254 ], [ -1.070114623363763, 44.829924246090265 ], [ -1.06988499221581, 44.829998222519457 ] ], [ [ -1.071227351365219, 44.870078409449278 ], [ -1.071836230028646, 44.870131504670148 ], [ -1.072325115896588, 44.869655524880443 ], [ -1.071227351365219, 44.870078409449278 ] ], [ [ -1.071648203669397, 44.859390320464918 ], [ -1.069442969705622, 44.858839151231777 ], [ -1.070657467148846, 44.860210539700439 ], [ -1.071648203669397, 44.859390320464918 ] ], [ [ -1.071929414073397, 44.854196759512803 ], [ -1.070548673328822, 44.855271232148894 ], [ -1.070962057502089, 44.855704565792514 ], [ -1.072234497803875, 44.855736835347223 ], [ -1.071929414073397, 44.854196759512803 ] ], [ [ -1.073811496825626, 44.915769802044842 ], [ -1.071762745379351, 44.914749783586977 ], [ -1.070832982294813, 44.915808569561499 ], [ -1.072949183558479, 44.916267818726396 ], [ -1.073811496825626, 44.915769802044842 ] ], [ [ -1.072692106447505, 44.910117837895747 ], [ -1.072826699608151, 44.90843290323653 ], [ -1.071992078637717, 44.907354288833496 ], [ -1.072692106447505, 44.910117837895747 ] ], [ [ -1.072107906275505, 44.906575758369407 ], [ -1.072393559768245, 44.90538412495205 ], [ -1.071681134139622, 44.905016782451376 ], [ -1.072107906275505, 44.906575758369407 ] ], [ [ -1.071078903697498, 44.90353325357345 ], [ -1.071829568553499, 44.902236122901769 ], [ -1.068420427462471, 44.902874518029911 ], [ -1.071078903697498, 44.90353325357345 ] ], [ [ -1.071782787972806, 44.885651342648174 ], [ -1.071852773715956, 44.885343779960692 ], [ -1.071428290835858, 44.885159892297054 ], [ -1.071782787972806, 44.885651342648174 ] ], [ [ -1.072350182075539, 44.89566420483299 ], [ -1.073850038459173, 44.896335894625828 ], [ -1.074304659214704, 44.895731424520974 ], [ -1.074206455311585, 44.895441554316278 ], [ -1.072350182075539, 44.89566420483299 ] ], [ [ -1.056185193872355, 44.834688900871619 ], [ -1.055852983919463, 44.83494849943709 ], [ -1.056303577496271, 44.834971280587595 ], [ -1.056185193872355, 44.834688900871619 ] ], [ [ -1.057038445991845, 44.832811577123763 ], [ -1.057046960870889, 44.832831387198929 ], [ -1.057058436712759, 44.832811544519458 ], [ -1.057038445991845, 44.832811577123763 ] ], [ [ -1.059558383582296, 44.831516097866206 ], [ -1.059296452490209, 44.831606172797095 ], [ -1.059600437009286, 44.831532003623344 ], [ -1.059558383582296, 44.831516097866206 ] ], [ [ -1.056072031530053, 44.829592328321645 ], [ -1.055427430253265, 44.829190787921497 ], [ -1.055593031620974, 44.829793634893427 ], [ -1.056072031530053, 44.829592328321645 ] ], [ [ -1.056797287116682, 44.827979178892932 ], [ -1.057602319438011, 44.827017125840136 ], [ -1.056732505044491, 44.827141551096204 ], [ -1.056797287116682, 44.827979178892932 ] ], [ [ -1.061256022494472, 44.842793909196232 ], [ -1.060421244924792, 44.843446252060083 ], [ -1.060810757145566, 44.843716310608805 ], [ -1.061256022494472, 44.842793909196232 ] ], [ [ -1.059516612930104, 44.835870299153314 ], [ -1.060474709508858, 44.836116945891767 ], [ -1.060836939246051, 44.834779866083977 ], [ -1.060256880337389, 44.835477748308378 ], [ -1.059516612930104, 44.835870299153314 ] ], [ [ -1.067218840841202, 44.907367665760312 ], [ -1.066692216809062, 44.910335667685764 ], [ -1.067926626270818, 44.911595241978276 ], [ -1.067218840841202, 44.907367665760312 ] ], [ [ -1.063290841426021, 44.861989036520157 ], [ -1.063975883800925, 44.862812575154052 ], [ -1.065114665525783, 44.861778705619628 ], [ -1.064874418171289, 44.861377953194719 ], [ -1.063290841426021, 44.861989036520157 ] ], [ [ -1.063579433403453, 44.876281801552665 ], [ -1.064566009567801, 44.876883027924762 ], [ -1.065560497765872, 44.876348806572253 ], [ -1.065395102722524, 44.875765647876101 ], [ -1.063579433403453, 44.876281801552665 ] ], [ [ -1.065787114865805, 44.893924218445697 ], [ -1.064698281244473, 44.8942596876132 ], [ -1.06603139852781, 44.894253225270688 ], [ -1.065787114865805, 44.893924218445697 ] ], [ [ -1.06752920586906, 44.89827392632148 ], [ -1.066669758385334, 44.898312176135505 ], [ -1.068336964922465, 44.898908342828683 ], [ -1.06752920586906, 44.89827392632148 ] ], [ [ -1.067374110633866, 44.894964291154416 ], [ -1.067420045842033, 44.894944179176477 ], [ -1.067338668838738, 44.894926785740338 ], [ -1.067374110633866, 44.894964291154416 ] ], [ [ -1.067363776140199, 44.912926495642715 ], [ -1.067652998744883, 44.912883080687976 ], [ -1.067603345249435, 44.91269480080993 ], [ -1.067363776140199, 44.912926495642715 ] ], [ [ -1.05400336992614, 44.83140016369066 ], [ -1.054781621220392, 44.831648422419157 ], [ -1.054666912596385, 44.831146395714327 ], [ -1.05400336992614, 44.83140016369066 ] ], [ [ -1.053305292427908, 44.835655467308577 ], [ -1.053976957247061, 44.835661501021534 ], [ -1.053086354288285, 44.835554307725467 ], [ -1.053305292427908, 44.835655467308577 ] ], [ [ -1.047347716144671, 44.909565372119033 ], [ -1.047267463241738, 44.909205297719168 ], [ -1.046524403431567, 44.909344073454122 ], [ -1.047347716144671, 44.909565372119033 ] ], [ [ -1.047436642684392, 44.892011130029069 ], [ -1.04738199497676, 44.891723561016683 ], [ -1.047091734005945, 44.891605791906883 ], [ -1.047436642684392, 44.892011130029069 ] ], [ [ -1.046558336485016, 44.89126422903562 ], [ -1.046024198315773, 44.890141926709525 ], [ -1.045786327828177, 44.890182909235058 ], [ -1.04548386464899, 44.890599613032499 ], [ -1.046558336485016, 44.89126422903562 ] ], [ [ -1.042936742057215, 44.882546503313499 ], [ -1.042492568150335, 44.882658706357198 ], [ -1.042914942141728, 44.88287597339275 ], [ -1.042936742057215, 44.882546503313499 ] ], [ [ -1.043781230887366, 44.879252009268001 ], [ -1.043227056124507, 44.87890425947861 ], [ -1.043182950231482, 44.879078613447476 ], [ -1.043781230887366, 44.879252009268001 ] ], [ [ -1.046187048715184, 44.877698312337436 ], [ -1.047033546784427, 44.877641578468882 ], [ -1.046228765433864, 44.877548939348344 ], [ -1.046187048715184, 44.877698312337436 ] ], [ [ -1.044726280410568, 44.8755203735805 ], [ -1.0440557184051, 44.875611955165809 ], [ -1.044671297151107, 44.875701077234531 ], [ -1.044726280410568, 44.8755203735805 ] ], [ [ -1.044916462800709, 44.872198756199154 ], [ -1.045616739875754, 44.872028747818646 ], [ -1.044961983745438, 44.871755377475303 ], [ -1.044916462800709, 44.872198756199154 ] ], [ [ -1.045824752103266, 44.868454271115013 ], [ -1.045861445878669, 44.868055861420984 ], [ -1.045662225781804, 44.867826393504771 ], [ -1.045824752103266, 44.868454271115013 ] ], [ [ -1.045557827590068, 44.867663647949314 ], [ -1.044967019396722, 44.866639935453811 ], [ -1.044621310286281, 44.866689249856826 ], [ -1.045557827590068, 44.867663647949314 ] ], [ [ -1.044033038233081, 44.841648393617213 ], [ -1.045156382661207, 44.84140244391476 ], [ -1.043796298682493, 44.841213208343376 ], [ -1.044033038233081, 44.841648393617213 ] ], [ [ -1.055624642417764, 44.906570720766439 ], [ -1.057790251197425, 44.90719557421987 ], [ -1.056918541772506, 44.905498105201033 ], [ -1.055624642417764, 44.906570720766439 ] ], [ [ -1.051588963483203, 44.887896138793892 ], [ -1.051508512772038, 44.887966852934397 ], [ -1.051602897688273, 44.887994470786211 ], [ -1.051588963483203, 44.887896138793892 ] ], [ [ -1.054197176239256, 44.885580449993128 ], [ -1.053474408410338, 44.884394053809899 ], [ -1.052589613294707, 44.884334821276006 ], [ -1.054197176239256, 44.885580449993128 ] ], [ [ -1.052427153463066, 44.878539986581309 ], [ -1.05192777434741, 44.878305962909408 ], [ -1.051574960157904, 44.878247388829742 ], [ -1.052427153463066, 44.878539986581309 ] ], [ [ -1.050774907513195, 44.873171730688789 ], [ -1.050020260574985, 44.87324332525813 ], [ -1.05077505598321, 44.873219444348308 ], [ -1.050774907513195, 44.873171730688789 ] ], [ [ -1.054815284080083, 44.872043084101378 ], [ -1.056955584495214, 44.870800221426585 ], [ -1.056710964925506, 44.870261275843099 ], [ -1.054154897451797, 44.871489024276428 ], [ -1.054815284080083, 44.872043084101378 ] ], [ [ -1.051635173315684, 44.869790972435631 ], [ -1.051084581857211, 44.868973883667636 ], [ -1.050894605892944, 44.869808318155798 ], [ -1.051635173315684, 44.869790972435631 ] ], [ [ -1.050748336189916, 44.867740665658182 ], [ -1.049948571055566, 44.867686775971279 ], [ -1.050715461983342, 44.868216158387973 ], [ -1.050748336189916, 44.867740665658182 ] ], [ [ -1.052122776945027, 44.865210754147789 ], [ -1.052007460090548, 44.864396696078593 ], [ -1.052734644772265, 44.863410478086976 ], [ -1.052761450209988, 44.862681646152176 ], [ -1.051135628506717, 44.864418920621652 ], [ -1.052122776945027, 44.865210754147789 ] ], [ [ -1.052824698710186, 44.862368872438914 ], [ -1.052808525282465, 44.862488402505463 ], [ -1.052885613817288, 44.862305435512546 ], [ -1.052824698710186, 44.862368872438914 ] ], [ [ -1.049302980195329, 44.848302735035993 ], [ -1.048531439894986, 44.847426213964361 ], [ -1.047881121781576, 44.847775716172904 ], [ -1.049302980195329, 44.848302735035993 ] ], [ [ -1.049058529314992, 44.845783821451853 ], [ -1.049715322872214, 44.844602223496913 ], [ -1.048809587114313, 44.844193160668979 ], [ -1.049058529314992, 44.845783821451853 ] ], [ [ -1.048673786426143, 44.841411480500575 ], [ -1.046754920699839, 44.84078121226537 ], [ -1.04560358963966, 44.841337556748343 ], [ -1.048390691749345, 44.841586640010583 ], [ -1.048673786426143, 44.841411480500575 ] ], [ [ -1.055784492828995, 44.889094933377294 ], [ -1.057516905831646, 44.890060556912267 ], [ -1.057690564988248, 44.889917105017346 ], [ -1.056861223673443, 44.889092853054898 ], [ -1.055784492828995, 44.889094933377294 ] ], [ [ -1.056263408659697, 44.846929054143821 ], [ -1.055584055142265, 44.846988813271309 ], [ -1.05550434132185, 44.847345384570616 ], [ -1.056263408659697, 44.846929054143821 ] ], [ [ -1.054560413509499, 44.848320816857402 ], [ -1.05458086516023, 44.848285466984734 ], [ -1.054518986009581, 44.848315024005274 ], [ -1.054560413509499, 44.848320816857402 ] ], [ [ -1.053539740840018, 44.851770853599156 ], [ -1.053264069956484, 44.851533222096698 ], [ -1.053245885740317, 44.851724584410135 ], [ -1.053539740840018, 44.851770853599156 ] ], [ [ -1.056537994213971, 44.882567501676327 ], [ -1.056279632977449, 44.882407839704001 ], [ -1.056198846010419, 44.882509150211561 ], [ -1.056537994213971, 44.882567501676327 ] ], [ [ -1.056836598068409, 44.878935603040873 ], [ -1.05793285951854, 44.879322869143515 ], [ -1.05854493046516, 44.878854015017843 ], [ -1.056836598068409, 44.878935603040873 ] ], [ [ -1.057704705620944, 44.885288212241363 ], [ -1.057666427307601, 44.885349916562618 ], [ -1.057711263012871, 44.885381644738644 ], [ -1.057704705620944, 44.885288212241363 ] ], [ [ -1.060804393518571, 44.900895512322975 ], [ -1.060912097506485, 44.90094831787588 ], [ -1.06096025697458, 44.900906411160065 ], [ -1.060804393518571, 44.900895512322975 ] ], [ [ -1.056621145057389, 44.90044908097483 ], [ -1.057505800915024, 44.900650931732841 ], [ -1.05713037214054, 44.90020018200164 ], [ -1.056621145057389, 44.90044908097483 ] ], [ [ -1.060541237784751, 44.911468992655131 ], [ -1.060765454888237, 44.911516877300478 ], [ -1.060825866144315, 44.911317938299838 ], [ -1.060541237784751, 44.911468992655131 ] ], [ [ -1.047116932883529, 44.855469392619696 ], [ -1.047166839997641, 44.855585508735722 ], [ -1.047255165846197, 44.855533721207088 ], [ -1.047116932883529, 44.855469392619696 ] ], [ [ -1.047509313524579, 44.859817776299934 ], [ -1.047338973952185, 44.859501622033171 ], [ -1.047173811671763, 44.859889022478043 ], [ -1.047509313524579, 44.859817776299934 ] ], [ [ -1.045949700660942, 44.863195427741339 ], [ -1.046093937338157, 44.863234535281165 ], [ -1.046083381736197, 44.863159961266895 ], [ -1.045949700660942, 44.863195427741339 ] ], [ [ -1.049003205754911, 44.898681776592085 ], [ -1.048992618701278, 44.898690986601721 ], [ -1.049016789831628, 44.898681755445239 ], [ -1.049003205754911, 44.898681776592085 ] ], [ [ -1.049044965212924, 44.879978090737836 ], [ -1.048925237465932, 44.880092347605277 ], [ -1.049045957735256, 44.880152608451802 ], [ -1.049044965212924, 44.879978090737836 ] ], [ [ -1.050285000391355, 44.881623702681345 ], [ -1.050320581293131, 44.881806306047324 ], [ -1.050272360780298, 44.881534481618694 ], [ -1.050285000391355, 44.881623702681345 ] ], [ [ -1.047400519935916, 44.883536601416971 ], [ -1.048187135540898, 44.883380993688178 ], [ -1.047504532855688, 44.883365734575612 ], [ -1.047400519935916, 44.883536601416971 ] ], [ [ -1.049890684569657, 44.895270292253755 ], [ -1.050375323907204, 44.895125178392377 ], [ -1.049800952730474, 44.895200752349673 ], [ -1.049890684569657, 44.895270292253755 ] ], [ [ -1.041963137362836, 44.890879883462716 ], [ -1.041329947490991, 44.890214654317987 ], [ -1.040395462472581, 44.889680316321389 ], [ -1.04102281502265, 44.891416869679333 ], [ -1.041963137362836, 44.890879883462716 ] ], [ [ -1.031844951204379, 44.886770331647476 ], [ -1.031779073417503, 44.886817349244851 ], [ -1.031828682864616, 44.886798408942227 ], [ -1.031844951204379, 44.886770331647476 ] ], [ [ -1.032321415261465, 44.88620408672621 ], [ -1.032405915374905, 44.886170529272981 ], [ -1.032352711087392, 44.886130217509837 ], [ -1.032321415261465, 44.88620408672621 ] ], [ [ -1.030975178094363, 44.88408052417698 ], [ -1.033634832902856, 44.883166716803778 ], [ -1.033650475630472, 44.882912683892549 ], [ -1.030975178094363, 44.88408052417698 ] ], [ [ -1.029655719726334, 44.879062631012225 ], [ -1.028687885002269, 44.878523436234758 ], [ -1.028356802065917, 44.879260098332288 ], [ -1.029655719726334, 44.879062631012225 ] ], [ [ -1.033131180832085, 44.870646873858945 ], [ -1.032946739749482, 44.869857981508979 ], [ -1.032718865391126, 44.869559673264789 ], [ -1.032302887091548, 44.870231640268898 ], [ -1.033131180832085, 44.870646873858945 ] ], [ [ -1.04012816765163, 44.86568542839008 ], [ -1.038140771577716, 44.865601592168034 ], [ -1.039190655583468, 44.866461258049426 ], [ -1.04012816765163, 44.86568542839008 ] ], [ [ -1.033915305547093, 44.866559589591425 ], [ -1.036269283944114, 44.864958407094797 ], [ -1.034732733825855, 44.864408459242327 ], [ -1.033417136127226, 44.865079899291693 ], [ -1.033915305547093, 44.866559589591425 ] ], [ [ -1.037105131056807, 44.881376738620588 ], [ -1.037108380357227, 44.881417667488201 ], [ -1.037202450639293, 44.881381743322919 ], [ -1.037105131056807, 44.881376738620588 ] ], [ [ -1.039032007631015, 44.874630784598779 ], [ -1.038817228765104, 44.874380297168464 ], [ -1.038835021927838, 44.874608760520324 ], [ -1.039032007631015, 44.874630784598779 ] ], [ [ -1.040773244666662, 44.876892062754742 ], [ -1.041253083109561, 44.876973599102314 ], [ -1.041544409940904, 44.877065417817079 ], [ -1.040773244666662, 44.876892062754742 ] ], [ [ -1.038168455389836, 44.878138587286685 ], [ -1.037972647857155, 44.877908300048411 ], [ -1.037975162982212, 44.878090493910541 ], [ -1.038168455389836, 44.878138587286685 ] ], [ [ -1.034704632349337, 44.87956353196509 ], [ -1.034176114855325, 44.879348575463275 ], [ -1.03396558454548, 44.879572548175581 ], [ -1.034704632349337, 44.87956353196509 ] ], [ [ -1.041476352356507, 44.885798921159385 ], [ -1.042044335820367, 44.886150223602634 ], [ -1.042163305984017, 44.88569194768214 ], [ -1.041476352356507, 44.885798921159385 ] ], [ [ -1.035426531774303, 44.888748489587371 ], [ -1.035744341023271, 44.89027910655355 ], [ -1.036283550389839, 44.890881246079168 ], [ -1.035426531774303, 44.888748489587371 ] ], [ [ -1.036235237359121, 44.884783278157826 ], [ -1.036774557555757, 44.88552511397296 ], [ -1.037209513543376, 44.884556971565885 ], [ -1.036235237359121, 44.884783278157826 ] ], [ [ -1.042623120279283, 44.900256270636966 ], [ -1.042176275846993, 44.900676694916122 ], [ -1.043057949414132, 44.900698562237864 ], [ -1.042623120279283, 44.900256270636966 ] ], [ [ -1.039875858560715, 44.903856528029671 ], [ -1.039817690711177, 44.904308418381596 ], [ -1.040410779257757, 44.904354545963017 ], [ -1.039875858560715, 44.903856528029671 ] ], [ [ -1.045811386357668, 44.909315552205236 ], [ -1.045760844329706, 44.909334849145182 ], [ -1.045885602309544, 44.909325924860582 ], [ -1.045811386357668, 44.909315552205236 ] ], [ [ -1.02788561207503, 44.868659678293838 ], [ -1.0278583497696, 44.868637836357664 ], [ -1.027850253693276, 44.868697466346781 ], [ -1.02788561207503, 44.868659678293838 ] ], [ [ -1.027425472091483, 44.869745860575264 ], [ -1.0270312770361, 44.869791679515473 ], [ -1.027467834413561, 44.869978022053218 ], [ -1.027425472091483, 44.869745860575264 ] ], [ [ -1.028373611026127, 44.871042290638869 ], [ -1.028383289305818, 44.87101424970254 ], [ -1.028362229173241, 44.871002007670555 ], [ -1.028373611026127, 44.871042290638869 ] ], [ [ -1.028407368521437, 44.875484168653706 ], [ -1.028371977427043, 44.875184124779793 ], [ -1.027927965856587, 44.875264074547061 ], [ -1.028407368521437, 44.875484168653706 ] ], [ [ -1.025548217879187, 44.888232613715779 ], [ -1.025088668624448, 44.889872036935039 ], [ -1.02578539955306, 44.889277614299871 ], [ -1.025548217879187, 44.888232613715779 ] ], [ [ -1.026912167209798, 44.882978959547934 ], [ -1.027318991002067, 44.88274076547426 ], [ -1.02659409680078, 44.882550008475718 ], [ -1.026912167209798, 44.882978959547934 ] ], [ [ -1.020974816808152, 44.883520865700113 ], [ -1.020714442102428, 44.884078065768037 ], [ -1.021424128662399, 44.885370534465295 ], [ -1.021937205428462, 44.88524087586228 ], [ -1.020974816808152, 44.883520865700113 ] ], [ [ -1.020718954641531, 44.882627383794443 ], [ -1.020739623986046, 44.882662677371655 ], [ -1.020700020757787, 44.882602310490519 ], [ -1.020718954641531, 44.882627383794443 ] ], [ [ -1.026301309847417, 44.885074207466296 ], [ -1.025568991074154, 44.885810851661645 ], [ -1.025791535545924, 44.886047933737693 ], [ -1.027024752583322, 44.885586946373657 ], [ -1.026301309847417, 44.885074207466296 ] ], [ [ -1.028364840014066, 44.851231960141462 ], [ -1.028499561924716, 44.851231530144176 ], [ -1.028378267753953, 44.851133023861649 ], [ -1.028364840014066, 44.851231960141462 ] ], [ [ -1.058964112693962, 44.943806836948283 ], [ -1.05965005165084, 44.942850626056043 ], [ -1.059464756392186, 44.942403549691612 ], [ -1.058648758687068, 44.943279480409494 ], [ -1.058964112693962, 44.943806836948283 ] ], [ [ -1.056929385512632, 44.939833367162102 ], [ -1.056851943972545, 44.938519288105653 ], [ -1.054817463227855, 44.937491796770118 ], [ -1.05309161898529, 44.938121452596057 ], [ -1.049511738815905, 44.937699469298295 ], [ -1.054896297146355, 44.941514001845441 ], [ -1.056929385512632, 44.939833367162102 ] ], [ [ -1.059979989319405, 44.937420924502149 ], [ -1.05965151653297, 44.93747816421655 ], [ -1.060079551658374, 44.937586693183363 ], [ -1.059979989319405, 44.937420924502149 ] ], [ [ -1.061210559266514, 44.938386591778489 ], [ -1.062447716433448, 44.93930450681183 ], [ -1.06303717686596, 44.938426999535992 ], [ -1.062099266296385, 44.938531832206188 ], [ -1.061210559266514, 44.938386591778489 ] ], [ [ -1.060248320827525, 44.950593011102761 ], [ -1.060831682148368, 44.950511155013089 ], [ -1.06045835636843, 44.950298213058716 ], [ -1.060248320827525, 44.950593011102761 ] ], [ [ -1.050500589895208, 44.949299984984989 ], [ -1.051744536420983, 44.948710022330097 ], [ -1.049788106481776, 44.947309730572513 ], [ -1.050500589895208, 44.949299984984989 ] ], [ [ -1.052417152398226, 44.944640334865625 ], [ -1.052426448783152, 44.944648343008041 ], [ -1.052430559019682, 44.944641251145676 ], [ -1.052417152398226, 44.944640334865625 ] ], [ [ -1.054865210406975, 44.94260674219931 ], [ -1.054881696813583, 44.942372820367204 ], [ -1.05483369380413, 44.942196046379571 ], [ -1.054865210406975, 44.94260674219931 ] ], [ [ -1.040964966689075, 44.940811448599959 ], [ -1.04099350452303, 44.940944948466026 ], [ -1.041137138288957, 44.940643907340956 ], [ -1.040964966689075, 44.940811448599959 ] ], [ [ -1.016743342023005, 44.907113425990687 ], [ -1.017516604330519, 44.906330022212494 ], [ -1.016048475565766, 44.906956232431902 ], [ -1.016743342023005, 44.907113425990687 ] ], [ [ -1.029818352564682, 44.902048254024201 ], [ -1.030622957480644, 44.90334145730764 ], [ -1.032408456034222, 44.903145992023759 ], [ -1.030973717009191, 44.90153568341114 ], [ -1.029818352564682, 44.902048254024201 ] ], [ [ -1.02554667227717, 44.900953507712707 ], [ -1.024814161680519, 44.901112866371655 ], [ -1.024573537857719, 44.901347638794931 ], [ -1.02554667227717, 44.900953507712707 ] ], [ [ -1.020679425196103, 44.901058530247234 ], [ -1.020705239932726, 44.901058496641795 ], [ -1.020654758806377, 44.901060289316675 ], [ -1.020679425196103, 44.901058530247234 ] ], [ [ -1.01993533775653, 44.901174302620113 ], [ -1.020088081230986, 44.901091771031609 ], [ -1.019894157936569, 44.901078450022659 ], [ -1.01993533775653, 44.901174302620113 ] ], [ [ -1.028053397791695, 44.895236889646782 ], [ -1.027884201950771, 44.896000420410786 ], [ -1.029041810476178, 44.895693919875924 ], [ -1.028053397791695, 44.895236889646782 ] ], [ [ -1.026577488766056, 44.897689213548325 ], [ -1.026585730516618, 44.897269601544025 ], [ -1.026141017586367, 44.897387832330821 ], [ -1.026577488766056, 44.897689213548325 ] ], [ [ -1.001071351985628, 44.890320030614141 ], [ -1.001049735236557, 44.890296922515979 ], [ -1.00103196533828, 44.89033880259479 ], [ -1.001071351985628, 44.890320030614141 ] ], [ [ -0.999068488366534, 44.899849985715974 ], [ -0.999439088152321, 44.900896977599182 ], [ -0.999751481433131, 44.899679741948987 ], [ -0.999068488366534, 44.899849985715974 ] ], [ [ -1.028006865149159, 44.936500108383562 ], [ -1.026315331438159, 44.936693354752592 ], [ -1.026357786971946, 44.937080171425983 ], [ -1.028006865149159, 44.936500108383562 ] ], [ [ -1.022874723765289, 44.935526621778962 ], [ -1.022860540181736, 44.935476461405777 ], [ -1.022832417010576, 44.93554275583093 ], [ -1.022874723765289, 44.935526621778962 ] ] ], [ [ [ -1.239523303287842, 44.786047457245381 ], [ -1.241330908639221, 44.786104744567837 ], [ -1.242620610969079, 44.787213367926022 ], [ -1.243046024511059, 44.789921508394904 ], [ -1.241335064445568, 44.791151227582205 ], [ -1.238459281207061, 44.789936593757616 ], [ -1.238034088449375, 44.787228435682351 ], [ -1.239523303287842, 44.786047457245381 ] ] ], [ [ [ -1.240279191013339, 44.794721390232667 ], [ -1.243432769734536, 44.795513118211097 ], [ -1.242320864132796, 44.797758601153134 ], [ -1.239167175119327, 44.796966840950347 ], [ -1.240279191013339, 44.794721390232667 ] ] ], [ [ [ -1.182445173505937, 44.767627052443046 ], [ -1.185472088402655, 44.768636634709438 ], [ -1.184054871793158, 44.770792942583398 ], [ -1.181027866298249, 44.769783320858522 ], [ -1.182445173505937, 44.767627052443046 ] ] ], [ [ [ -1.163597383053887, 44.774868155802217 ], [ -1.169372562640344, 44.776486955910634 ], [ -1.168168513363886, 44.778579273099588 ], [ -1.161736748720776, 44.77767857261729 ], [ -1.160374316888699, 44.778593118728615 ], [ -1.158362067966352, 44.778457149658436 ], [ -1.155393161671441, 44.776222947231183 ], [ -1.156136459021897, 44.774726577338029 ], [ -1.158511715046, 44.774381406697387 ], [ -1.156477016691896, 44.772995244286662 ], [ -1.156578448205985, 44.771409620890424 ], [ -1.16077776164519, 44.770522840427837 ], [ -1.162769216830638, 44.773641008919824 ], [ -1.159922397562815, 44.775345705800873 ], [ -1.161323273915723, 44.775881461910068 ], [ -1.163597383053887, 44.774868155802217 ] ] ], [ [ [ -1.165985374096128, 44.785986922939891 ], [ -1.168535827318786, 44.786434771648672 ], [ -1.168712251748818, 44.78854842002508 ], [ -1.170843479270483, 44.789504516036267 ], [ -1.169728794078281, 44.791749265626933 ], [ -1.167128726620091, 44.791481629323933 ], [ -1.166787690804806, 44.789251579373399 ], [ -1.164656541834543, 44.788295405493571 ], [ -1.164561152996625, 44.787008633690405 ], [ -1.165985374096128, 44.785986922939891 ] ] ], [ [ [ -1.171588690074848, 44.826672695148048 ], [ -1.173491592426473, 44.829600787234867 ], [ -1.170811587338238, 44.831026301960897 ], [ -1.166078535187671, 44.826819105945681 ], [ -1.168295170779837, 44.825378734029748 ], [ -1.171588690074848, 44.826672695148048 ] ] ], [ [ [ -1.176254502564381, 44.826646975836496 ], [ -1.179284485484582, 44.827656747314833 ], [ -1.177865542821385, 44.829813019142684 ], [ -1.174835469129648, 44.828803208197144 ], [ -1.176254502564381, 44.826646975836496 ] ] ], [ [ [ -1.173139988526859, 44.850740744557314 ], [ -1.176295764991539, 44.851534396206944 ], [ -1.175969820323182, 44.853342196487425 ], [ -1.179470115888748, 44.857096587692887 ], [ -1.178150239444749, 44.858869222010782 ], [ -1.175547024458365, 44.858601777193677 ], [ -1.175002835246547, 44.856613821615078 ], [ -1.173094091736421, 44.855665584083177 ], [ -1.173420142446759, 44.853857790893009 ], [ -1.171795559231216, 44.852183712164404 ], [ -1.173139988526859, 44.850740744557314 ] ] ], [ [ [ -1.149823054758873, 44.785657200815074 ], [ -1.153211484983629, 44.785488593739466 ], [ -1.154620888118151, 44.787701483710677 ], [ -1.152573907526544, 44.791048188831986 ], [ -1.150794223780664, 44.791731265813013 ], [ -1.148378593751342, 44.790464732649902 ], [ -1.150071531517649, 44.788421805353714 ], [ -1.149306910238629, 44.787042837154765 ], [ -1.146711198550954, 44.787547110719203 ], [ -1.145139173799857, 44.786048364619738 ], [ -1.1469177118806, 44.784328281378706 ], [ -1.149823054758873, 44.785657200815074 ] ] ], [ [ [ -1.162190612467838, 44.832680652896329 ], [ -1.165345219891187, 44.833474611163986 ], [ -1.164229442664772, 44.835719338496716 ], [ -1.161074724976202, 44.834925347923679 ], [ -1.162190612467838, 44.832680652896329 ] ] ], [ [ [ -1.15836933790769, 44.846032780188686 ], [ -1.162337921087695, 44.850463187477104 ], [ -1.161059644770173, 44.851579375462855 ], [ -1.155983053316809, 44.852514610553371 ], [ -1.154256155606078, 44.851294862513619 ], [ -1.155208589381635, 44.849495239628205 ], [ -1.154332214518214, 44.84774669466541 ], [ -1.156356086262156, 44.846178996980761 ], [ -1.15836933790769, 44.846032780188686 ] ] ], [ [ [ -1.156074304154758, 44.880136802096104 ], [ -1.158777025190172, 44.880712236986 ], [ -1.158855555117472, 44.882790406055712 ], [ -1.156944611292287, 44.88361130950058 ], [ -1.154897522961021, 44.882910935481171 ], [ -1.151194444134544, 44.885891317149465 ], [ -1.148932665873884, 44.884935125935115 ], [ -1.149346773223875, 44.883057183457424 ], [ -1.145775851282805, 44.881845739989338 ], [ -1.144815198048378, 44.880578360507769 ], [ -1.146160205802505, 44.878970483050274 ], [ -1.14926577137562, 44.879697082480334 ], [ -1.152295532199887, 44.878328687329684 ], [ -1.154168992479436, 44.878874963432409 ], [ -1.155033063636954, 44.880669392685775 ], [ -1.156074304154758, 44.880136802096104 ] ] ], [ [ [ -1.142826115477672, 44.77973675834037 ], [ -1.145852970566074, 44.780747426626043 ], [ -1.144433929786368, 44.78290323669237 ], [ -1.141406984169885, 44.781892528914454 ], [ -1.142826115477672, 44.77973675834037 ] ] ], [ [ [ -1.145131847380932, 44.789990517935877 ], [ -1.148283818836773, 44.790784949806692 ], [ -1.147168207648757, 44.793029473502138 ], [ -1.144016126133538, 44.79223500931078 ], [ -1.145131847380932, 44.789990517935877 ] ] ], [ [ [ -1.150964901571574, 44.848526781001155 ], [ -1.15399560997521, 44.849537250242584 ], [ -1.152575143814641, 44.851693213970115 ], [ -1.149544344638572, 44.850682705239052 ], [ -1.150964901571574, 44.848526781001155 ] ] ], [ [ [ -1.147814622738597, 44.874166745164736 ], [ -1.150023927593952, 44.874394226660471 ], [ -1.151987018298489, 44.876224858236874 ], [ -1.150869857360738, 44.878469482099455 ], [ -1.148639667135656, 44.878397091471811 ], [ -1.146482956291968, 44.87647507686188 ], [ -1.146387834163358, 44.875188252133178 ], [ -1.147814622738597, 44.874166745164736 ] ] ], [ [ [ -1.137644291472679, 44.91723665029086 ], [ -1.140678471669735, 44.918247504958913 ], [ -1.139255754006335, 44.920403344627871 ], [ -1.13622148285125, 44.919392450454922 ], [ -1.137644291472679, 44.91723665029086 ] ] ], [ [ [ -1.140413904393819, 44.938736660149218 ], [ -1.142625722878154, 44.938964293364762 ], [ -1.143587768836386, 44.940324386407461 ], [ -1.144714357955848, 44.939078827030229 ], [ -1.146946203794644, 44.938995523188126 ], [ -1.148086474542375, 44.941234635566445 ], [ -1.145371837816207, 44.942154601745003 ], [ -1.143572222720804, 44.940515663687776 ], [ -1.142445579370032, 44.941761212022342 ], [ -1.140213616784113, 44.941844425581728 ], [ -1.138851891554052, 44.940243008410611 ], [ -1.140413904393819, 44.938736660149218 ] ] ], [ [ [ -1.139953840909298, 44.944056654317421 ], [ -1.141971987518844, 44.94419296467845 ], [ -1.143124732535082, 44.945532075385906 ], [ -1.144429064075882, 44.944330436853427 ], [ -1.146456312751511, 44.944325525214907 ], [ -1.147596672320953, 44.946564646151984 ], [ -1.145110120599339, 44.947516284094583 ], [ -1.143085258533251, 44.945957974077345 ], [ -1.141780860338939, 44.947159597422683 ], [ -1.139753508800236, 44.947164423817043 ], [ -1.138391667522724, 44.945562998488867 ], [ -1.139953840909298, 44.944056654317421 ] ] ], [ [ [ -1.1319943010009, 44.927676604342039 ], [ -1.134011838942528, 44.927813058516136 ], [ -1.13514744471184, 44.92903632682934 ], [ -1.136419579373341, 44.927940370735115 ], [ -1.138446236402952, 44.927935605161792 ], [ -1.139585943004577, 44.930174797313136 ], [ -1.137331536635492, 44.9311419026631 ], [ -1.135092546699308, 44.929683721613941 ], [ -1.132923996432784, 44.930941360795977 ], [ -1.130455082536258, 44.929501399095656 ], [ -1.12829385720389, 44.930741365857038 ], [ -1.126030660954002, 44.929784695186498 ], [ -1.127149837787428, 44.927540285829828 ], [ -1.129381954050271, 44.927613109082174 ], [ -1.130514908845454, 44.928818649141611 ], [ -1.1319943010009, 44.927676604342039 ] ] ], [ [ [ -1.131369622867147, 44.933070322043378 ], [ -1.13452944015607, 44.933865181379559 ], [ -1.133410432428067, 44.936109669279894 ], [ -1.13025050454872, 44.935314777602166 ], [ -1.131369622867147, 44.933070322043378 ] ] ], [ [ [ -1.134853911167393, 44.949186614948893 ], [ -1.136872230011701, 44.94932301808408 ], [ -1.13800789245555, 44.950543187524019 ], [ -1.139279110421229, 44.949450387275817 ], [ -1.141306544651546, 44.94944556952715 ], [ -1.142446802699293, 44.951684746654543 ], [ -1.140191580816661, 44.952651916186277 ], [ -1.13795209894407, 44.951196860900829 ], [ -1.135784129764594, 44.952451368336746 ], [ -1.133334108085632, 44.95108684004655 ], [ -1.131203991981428, 44.952251373347799 ], [ -1.128939877867108, 44.951294755813919 ], [ -1.130059367578296, 44.949050302818534 ], [ -1.132086788124156, 44.949045653173883 ], [ -1.133405883212687, 44.950253207149842 ], [ -1.134853911167393, 44.949186614948893 ] ] ], [ [ [ -1.128504686932335, 44.907656588664615 ], [ -1.131538184449254, 44.908667689909869 ], [ -1.1301153585185, 44.910823406266097 ], [ -1.127081770099913, 44.909812265508869 ], [ -1.128504686932335, 44.907656588664615 ] ] ], [ [ [ -1.120707120117598, 44.910528523193946 ], [ -1.127038633054139, 44.911412769611253 ], [ -1.127285134571633, 44.91313503108249 ], [ -1.121521093130112, 44.915401879202705 ], [ -1.119491161396952, 44.914444565958298 ], [ -1.119282819675284, 44.912351496134072 ], [ -1.1169643967381, 44.912155388381784 ], [ -1.116003168875899, 44.91072252240874 ], [ -1.118478992386917, 44.909118126248849 ], [ -1.120707120117598, 44.910528523193946 ] ] ], [ [ [ -1.128314560527376, 44.916836582854273 ], [ -1.131348550974888, 44.917847692114769 ], [ -1.129925484938068, 44.920003412068738 ], [ -1.126891403559666, 44.9189922632956 ], [ -1.128314560527376, 44.916836582854273 ] ] ], [ [ [ -1.125224112537881, 44.954096542871113 ], [ -1.127242584688775, 44.954233120991809 ], [ -1.1283656839182, 44.955396877878385 ], [ -1.129609282932806, 44.954370296316341 ], [ -1.131636895887557, 44.954365654869086 ], [ -1.132776867800828, 44.956604934366325 ], [ -1.130985505094891, 44.957554650707607 ], [ -1.128294306972899, 44.956173169719328 ], [ -1.127050643890608, 44.957199737116845 ], [ -1.125022928065643, 44.957204294945768 ], [ -1.123661263697249, 44.95560268450658 ], [ -1.125224112537881, 44.954096542871113 ] ] ], [ [ [ -1.129443913711362, 44.959636570894354 ], [ -1.132480240821905, 44.96064766215968 ], [ -1.131056131825098, 44.962803423991943 ], [ -1.129037341804171, 44.962666914746649 ], [ -1.127903342659202, 44.961458610859722 ], [ -1.125051037672257, 44.962644507680182 ], [ -1.123270812269155, 44.961230916497819 ], [ -1.120410904519002, 44.962434483840703 ], [ -1.118635291521252, 44.961052187283606 ], [ -1.120624771416163, 44.959135315746408 ], [ -1.123329178701098, 44.960579131917072 ], [ -1.125036530585483, 44.959378076014637 ], [ -1.127026618878338, 44.959654482385297 ], [ -1.127966648281054, 44.960771437348683 ], [ -1.129443913711362, 44.959636570894354 ] ] ], [ [ [ -1.128809110518943, 44.965030284259264 ], [ -1.131970693037262, 44.965825223826222 ], [ -1.130850944836431, 44.968069707038083 ], [ -1.128617215656003, 44.967996912401034 ], [ -1.127482160805904, 44.966781923082024 ], [ -1.124630971426512, 44.967964508051139 ], [ -1.12284525275141, 44.966513649119072 ], [ -1.11997083767787, 44.967754484109321 ], [ -1.118186194961498, 44.966310179705545 ], [ -1.115539119931642, 44.967586203355559 ], [ -1.113511544909937, 44.966007696263958 ], [ -1.115756437407336, 44.964238602895335 ], [ -1.118233796479069, 44.965729869119421 ], [ -1.120416297195341, 44.964438607977684 ], [ -1.122894738265068, 44.965936399704738 ], [ -1.124616487439858, 44.964698071291217 ], [ -1.126606762526095, 44.964974485603562 ], [ -1.127547829708017, 44.966098125120396 ], [ -1.128809110518943, 44.965030284259264 ] ] ], [ [ [ -1.128603784283298, 44.970286559925569 ], [ -1.131640673155815, 44.971297677236727 ], [ -1.130216261269303, 44.973453434952098 ], [ -1.12717928129158, 44.972442278125214 ], [ -1.128603784283298, 44.970286559925569 ] ] ], [ [ [ -1.110796526075025, 44.814116507774443 ], [ -1.11382465647951, 44.815128062208892 ], [ -1.112403519200207, 44.817283487242598 ], [ -1.109375298245258, 44.816271893287215 ], [ -1.110796526075025, 44.814116507774443 ] ] ], [ [ [ -1.121614765982718, 44.915696534851087 ], [ -1.124648574031905, 44.916707826667349 ], [ -1.123225279471598, 44.918863460075642 ], [ -1.120191380513772, 44.91785212874121 ], [ -1.121614765982718, 44.915696534851087 ] ] ], [ [ [ -1.106664648503731, 44.953276408797173 ], [ -1.109700220290077, 44.954288120047572 ], [ -1.108275396990802, 44.956443586104015 ], [ -1.106256891528357, 44.956306663627458 ], [ -1.105111987234334, 44.955017444828229 ], [ -1.102230436962313, 44.956284387841499 ], [ -1.10044198947955, 44.954807391477352 ], [ -1.097560302961569, 44.956074363820008 ], [ -1.095768584605935, 44.954573456536579 ], [ -1.09403249640771, 44.955862087115683 ], [ -1.092042705569214, 44.95558509068308 ], [ -1.091096339541853, 44.95441776234739 ], [ -1.08844838717674, 44.955696114473177 ], [ -1.086422004951441, 44.954117119117313 ], [ -1.088667275975195, 44.95234857872493 ], [ -1.091143651904033, 44.953842286487649 ], [ -1.092225407714021, 44.952788242861509 ], [ -1.094242653960821, 44.952643184519133 ], [ -1.0958114064476, 44.954096592711288 ], [ -1.097775490132093, 44.952775245925892 ], [ -1.100488001559473, 44.954282657563006 ], [ -1.102217260979958, 44.95301795939654 ], [ -1.104207010960827, 44.953294773571301 ], [ -1.10515800380459, 44.954492604211943 ], [ -1.106664648503731, 44.953276408797173 ] ] ], [ [ [ -1.087037849011976, 44.768326360465437 ], [ -1.090063087006579, 44.769338547633957 ], [ -1.088642196156819, 44.77149363460012 ], [ -1.086630375469834, 44.771356363947291 ], [ -1.085496261085604, 44.770113319291056 ], [ -1.082641740632823, 44.771324190818966 ], [ -1.080871299998792, 44.76992877507098 ], [ -1.078952787087122, 44.771134717497077 ], [ -1.07627397895134, 44.769759809993282 ], [ -1.073679071843461, 44.770925970605866 ], [ -1.071689969692252, 44.769535591997197 ], [ -1.069639875635074, 44.771122118364843 ], [ -1.067408102547025, 44.770691290812444 ], [ -1.063439634985457, 44.771601743054873 ], [ -1.061434522669004, 44.770928759189246 ], [ -1.059030581732725, 44.77170919988265 ], [ -1.058674930150449, 44.774057749990057 ], [ -1.053899341762108, 44.775661735908699 ], [ -1.052114699239583, 44.774985937217778 ], [ -1.051671237366063, 44.773736696282661 ], [ -1.052418809705407, 44.772735088350366 ], [ -1.054942758385776, 44.772011217130917 ], [ -1.054962331871952, 44.771643870826409 ], [ -1.048258642829303, 44.771746400466768 ], [ -1.043787731881983, 44.76875801877766 ], [ -1.034117903897968, 44.770315848369791 ], [ -1.032435292637271, 44.769518408953928 ], [ -1.031629457547096, 44.76705165133896 ], [ -1.024463602518627, 44.767373290499002 ], [ -1.023109828957866, 44.76593576566512 ], [ -1.024093877414729, 44.762758732560251 ], [ -1.021268838055322, 44.761532101350134 ], [ -1.021810356406639, 44.75929208308925 ], [ -1.01880000390149, 44.759693856382185 ], [ -1.017033287164107, 44.758310028757215 ], [ -1.017381130722386, 44.7561570757494 ], [ -1.01978910862384, 44.755359350967815 ], [ -1.019936425723456, 44.753231672395238 ], [ -1.02442681188158, 44.75219546129172 ], [ -1.024498556344106, 44.750774518620887 ], [ -1.023317971172909, 44.750389436896867 ], [ -1.021210263013309, 44.751511385254901 ], [ -1.018956098124031, 44.750552591405743 ], [ -1.019792568249587, 44.745512975319627 ], [ -1.021579055989837, 44.744565116000629 ], [ -1.023938986912062, 44.745345808805794 ], [ -1.029635898710295, 44.744266683226719 ], [ -1.032502814077611, 44.747649706515702 ], [ -1.032019292849605, 44.749358415893958 ], [ -1.033485823817056, 44.749589625424377 ], [ -1.036965577660256, 44.745299549800855 ], [ -1.039190347313422, 44.745374179650625 ], [ -1.040339568022477, 44.746809773417667 ], [ -1.043405558825338, 44.746106557246861 ], [ -1.044869011970331, 44.747299426883174 ], [ -1.049373209074633, 44.748445557303292 ], [ -1.050329456217283, 44.749713705473958 ], [ -1.048770787222954, 44.751383911790924 ], [ -1.045257493591336, 44.750965485368511 ], [ -1.047590088635394, 44.752848980971947 ], [ -1.047018114425601, 44.755786543099433 ], [ -1.044472893809276, 44.757715497146101 ], [ -1.044941538294688, 44.76040900585437 ], [ -1.048120721234988, 44.761128417287757 ], [ -1.046426675694492, 44.75750447359038 ], [ -1.048439127943879, 44.753990069191978 ], [ -1.050909032529744, 44.753355984234361 ], [ -1.054352815697366, 44.754650018142542 ], [ -1.058652941387671, 44.758040223883974 ], [ -1.061382761061383, 44.758259916155659 ], [ -1.062240813724566, 44.760800402540269 ], [ -1.064148623261095, 44.759216199920246 ], [ -1.066532682915659, 44.759549842044514 ], [ -1.068549712892696, 44.764331821286675 ], [ -1.070550147330988, 44.763067893078286 ], [ -1.072712655294098, 44.763449752091454 ], [ -1.07296016911161, 44.76576190086881 ], [ -1.076346011993706, 44.768970237354893 ], [ -1.078247233793887, 44.767805282342628 ], [ -1.080938690568172, 44.769231272888 ], [ -1.083319770183265, 44.768008238430419 ], [ -1.085553729539958, 44.769486729079198 ], [ -1.087037849011976, 44.768326360465437 ] ], [ [ -1.046411095543458, 44.764788384233263 ], [ -1.046731842460751, 44.764181225189716 ], [ -1.046414062900255, 44.763987007638477 ], [ -1.046411095543458, 44.764788384233263 ] ], [ [ -1.059699693780162, 44.763725060880354 ], [ -1.059184148566918, 44.763266624321574 ], [ -1.058632424408127, 44.763803824822318 ], [ -1.059699693780162, 44.763725060880354 ] ], [ [ -1.041020367086045, 44.749668451092624 ], [ -1.040972456845255, 44.749195864805209 ], [ -1.040431383167493, 44.749589690951794 ], [ -1.041020367086045, 44.749668451092624 ] ], [ [ -1.036132134627557, 44.760978345921934 ], [ -1.036609974300667, 44.760728732009653 ], [ -1.035834442665456, 44.760557017790617 ], [ -1.036132134627557, 44.760978345921934 ] ], [ [ -1.037379078375337, 44.750428756375584 ], [ -1.038492653421217, 44.750188613750268 ], [ -1.038908578457501, 44.749910306591453 ], [ -1.038010155049798, 44.749744258605759 ], [ -1.037379078375337, 44.750428756375584 ] ], [ [ -1.039248088639105, 44.759303613900087 ], [ -1.039719984837674, 44.759468399984662 ], [ -1.039260622526444, 44.758908492738506 ], [ -1.039248088639105, 44.759303613900087 ] ], [ [ -1.040559254812308, 44.75520693336982 ], [ -1.040048438476468, 44.755856658372224 ], [ -1.041064616399971, 44.755728505643219 ], [ -1.040559254812308, 44.75520693336982 ] ], [ [ -1.023626470226028, 44.756227543215751 ], [ -1.02367520711981, 44.755269595750725 ], [ -1.021310954216736, 44.756020654951513 ], [ -1.023626470226028, 44.756227543215751 ] ], [ [ -1.03290400279979, 44.753463738126136 ], [ -1.028775642584384, 44.752191345612943 ], [ -1.032025022535814, 44.754054445681803 ], [ -1.032435047799309, 44.755422643140932 ], [ -1.033388518858548, 44.755238684995632 ], [ -1.03290400279979, 44.753463738126136 ] ], [ [ -1.027173639935611, 44.761284364467414 ], [ -1.025454306057336, 44.760113658195067 ], [ -1.025870997510702, 44.761462001794392 ], [ -1.027173639935611, 44.761284364467414 ] ], [ [ -1.028911243207794, 44.756501948562601 ], [ -1.029062639571664, 44.757494012561452 ], [ -1.029590254822285, 44.756698105753493 ], [ -1.028911243207794, 44.756501948562601 ] ] ], [ [ [ -1.091077527561113, 44.782886381741598 ], [ -1.094103621532938, 44.783898463733458 ], [ -1.092682517636649, 44.786053613310003 ], [ -1.0896563332693, 44.785041491782692 ], [ -1.091077527561113, 44.782886381741598 ] ] ], [ [ [ -1.101339975205666, 44.958440035134196 ], [ -1.104500796415573, 44.959235753938337 ], [ -1.103380080105494, 44.961479956182657 ], [ -1.10114664930752, 44.961406610032505 ], [ -1.099996040033544, 44.960077280247084 ], [ -1.097100235488689, 44.961394363999638 ], [ -1.095308511994259, 44.959894516331481 ], [ -1.09357253829268, 44.961182092058394 ], [ -1.091582560903976, 44.96090508696463 ], [ -1.090638308177829, 44.959753136595708 ], [ -1.087998341446203, 44.961006115672532 ], [ -1.08598532614077, 44.959522168538086 ], [ -1.083338204234401, 44.960796101252093 ], [ -1.081328316001304, 44.959333107652384 ], [ -1.078688067322006, 44.96058608685653 ], [ -1.076680836078567, 44.959140771045242 ], [ -1.074047930709006, 44.960376072485921 ], [ -1.072043353142101, 44.958948434149441 ], [ -1.069417794395392, 44.960166058140324 ], [ -1.067413354042931, 44.958738419412185 ], [ -1.064787658083976, 44.959956043788985 ], [ -1.062761238139889, 44.958211387297631 ], [ -1.06524068181242, 44.95660815498124 ], [ -1.067476636898114, 44.958051628798614 ], [ -1.069870543336818, 44.956818150273186 ], [ -1.072106637798882, 44.958261614061165 ], [ -1.074500404859801, 44.957028145570945 ], [ -1.076739154892447, 44.958489277371491 ], [ -1.078907557979814, 44.957238565562754 ], [ -1.081381674996577, 44.958716940970973 ], [ -1.083557418063974, 44.95744857058213 ], [ -1.086034664878867, 44.958947880291696 ], [ -1.088217277847601, 44.957658575618396 ], [ -1.090691682819872, 44.959136912027276 ], [ -1.091970236703815, 44.95802994938942 ], [ -1.093782742196069, 44.957963185330563 ], [ -1.095351479057012, 44.959415532911834 ], [ -1.097087357202747, 44.958127930081211 ], [ -1.09907726320887, 44.958404836456559 ], [ -1.100033951453881, 44.959642769204933 ], [ -1.101339975205666, 44.958440035134196 ] ] ], [ [ [ -1.100654592152551, 44.969016358035205 ], [ -1.103601214414028, 44.96987576902653 ], [ -1.102480249340594, 44.972119969115333 ], [ -1.100246395750362, 44.972046604665508 ], [ -1.09910177136213, 44.970760562245538 ], [ -1.097144592008312, 44.972054765730761 ], [ -1.094648677945874, 44.971114099966591 ], [ -1.095769936448645, 44.968869979457509 ], [ -1.098003657583071, 44.968943433734708 ], [ -1.099148219669716, 44.970229486781243 ], [ -1.100654592152551, 44.969016358035205 ] ] ], [ [ [ -1.081733859505554, 44.773469944932003 ], [ -1.085464745574672, 44.774203525000495 ], [ -1.084983031491045, 44.776559616990824 ], [ -1.081744990621117, 44.776513815016351 ], [ -1.080409733482134, 44.775219296027608 ], [ -1.077561541601218, 44.776414167652732 ], [ -1.0758022391583, 44.775064436601198 ], [ -1.07320902579446, 44.776225972218235 ], [ -1.071211190043471, 44.774799513502813 ], [ -1.068598890576407, 44.776005957909227 ], [ -1.066579539319502, 44.774426691534885 ], [ -1.068818261391622, 44.772658653439109 ], [ -1.071278800520444, 44.774100534452081 ], [ -1.073428123110636, 44.772878658376506 ], [ -1.07587775135484, 44.774275610740737 ], [ -1.078239932009617, 44.773098240496452 ], [ -1.080470257533271, 44.774550752133948 ], [ -1.081733859505554, 44.773469944932003 ] ] ], [ [ [ -1.096414791382142, 44.963486329869397 ], [ -1.099361057964731, 44.964345851802491 ], [ -1.098240033721998, 44.966590005576677 ], [ -1.096006406057195, 44.966516556097069 ], [ -1.094861846215145, 44.965229451305575 ], [ -1.092904431106382, 44.966524776587477 ], [ -1.090408834422292, 44.965584017191048 ], [ -1.091530152041077, 44.9633399430084 ], [ -1.093763647269687, 44.963413482310415 ], [ -1.094908144819195, 44.964700597725866 ], [ -1.096414791382142, 44.963486329869397 ] ] ], [ [ [ -1.076673904303684, 44.778559895883241 ], [ -1.079824266980871, 44.779356270278306 ], [ -1.078706150626361, 44.781600095599039 ], [ -1.076479895686168, 44.781526258253237 ], [ -1.075351077786516, 44.780320303869175 ], [ -1.07320188161129, 44.781541346056024 ], [ -1.070945627121344, 44.780583600011013 ], [ -1.07206403288177, 44.778339853750474 ], [ -1.074290155890984, 44.778413779686304 ], [ -1.075418912774141, 44.779619744081053 ], [ -1.076673904303684, 44.778559895883241 ] ] ], [ [ [ -1.090834799352887, 44.973906284719739 ], [ -1.093871202672923, 44.974918434102101 ], [ -1.092445246153159, 44.977073710170529 ], [ -1.089408751821026, 44.976061521240901 ], [ -1.090834799352887, 44.973906284719739 ] ] ], [ [ [ -1.071047757821243, 44.806286224234469 ], [ -1.07407475077316, 44.807298860908524 ], [ -1.072652287386497, 44.809453770805725 ], [ -1.069625204019099, 44.808441094578136 ], [ -1.071047757821243, 44.806286224234469 ] ] ], [ [ [ -1.070627720273313, 44.809746219356988 ], [ -1.073654891987621, 44.81075886866806 ], [ -1.072232324939413, 44.812913775680443 ], [ -1.069205062799656, 44.81190108681534 ], [ -1.070627720273313, 44.809746219356988 ] ] ], [ [ [ -1.082435195375924, 44.962856228977365 ], [ -1.08547084850554, 44.963868604402691 ], [ -1.084044850100524, 44.966023765925826 ], [ -1.082026058959334, 44.965886403274645 ], [ -1.080888204116017, 44.964643888334493 ], [ -1.078019633782912, 44.965864268324616 ], [ -1.076243240010119, 44.964469226224821 ], [ -1.073389500938743, 44.965654244479552 ], [ -1.071610726324814, 44.964241535422858 ], [ -1.068977748902776, 44.965476059356419 ], [ -1.066970728659497, 44.964031520856189 ], [ -1.064337612281523, 44.965266044974243 ], [ -1.062311563354323, 44.963686605952944 ], [ -1.06455797816316, 44.961918547502144 ], [ -1.06702926230871, 44.963378527556316 ], [ -1.069197838535841, 44.962128552493034 ], [ -1.071669264643317, 44.963588512989496 ], [ -1.073837698907897, 44.962338557489737 ], [ -1.076306750927706, 44.963780821981047 ], [ -1.078700289726306, 44.962548138703141 ], [ -1.08094178687905, 44.964026160284291 ], [ -1.082435195375924, 44.962856228977365 ] ] ], [ [ [ -1.065687906126728, 44.806476185370443 ], [ -1.068714812749696, 44.807488968379289 ], [ -1.06729213907391, 44.809643809671797 ], [ -1.064265142049661, 44.808630987105005 ], [ -1.065687906126728, 44.806476185370443 ] ] ], [ [ [ -1.077140457132843, 44.968019809031894 ], [ -1.080301474880947, 44.968816217782788 ], [ -1.079179598169701, 44.971060182289008 ], [ -1.07694581741987, 44.970986349957052 ], [ -1.075808095975967, 44.96974465452228 ], [ -1.072939433772727, 44.970964244678086 ], [ -1.071155179947809, 44.969514115817383 ], [ -1.068507702509897, 44.970786060466239 ], [ -1.066497038927173, 44.969317137873936 ], [ -1.063857565639852, 44.970566046048454 ], [ -1.061853130209855, 44.969139958061142 ], [ -1.05922742930541, 44.970356031691246 ], [ -1.057201340398733, 44.968776497263654 ], [ -1.059448120364273, 44.96700853942162 ], [ -1.061916860725045, 44.968450090140706 ], [ -1.06407798102431, 44.967218544395656 ], [ -1.066552951641282, 44.96870291073953 ], [ -1.068727841061999, 44.967438549392632 ], [ -1.071204811067032, 44.968935933003841 ], [ -1.072927961193083, 44.967697799057497 ], [ -1.074918087492906, 44.967975138465171 ], [ -1.075861895016363, 44.969125394092082 ], [ -1.077140457132843, 44.968019809031894 ] ] ], [ [ [ -1.076895202445016, 44.973266184138062 ], [ -1.078914246815745, 44.973403640203991 ], [ -1.080052010747138, 44.974644598885611 ], [ -1.081330243080709, 44.973539845023609 ], [ -1.083358553143336, 44.973536083821941 ], [ -1.084496985860107, 44.975775870236092 ], [ -1.082008067547568, 44.976726104827947 ], [ -1.079997980242279, 44.975265449724027 ], [ -1.078719682292807, 44.97637018882385 ], [ -1.076691269357878, 44.976373865446376 ], [ -1.075330520653443, 44.97477165464786 ], [ -1.076895202445016, 44.973266184138062 ] ] ], [ [ [ -1.076455138627548, 44.978576178548074 ], [ -1.078474373217402, 44.978713642808408 ], [ -1.079610671359382, 44.979943628811192 ], [ -1.080880158485615, 44.978859838584555 ], [ -1.082908661117149, 44.978856085581853 ], [ -1.084047183924237, 44.981095880007132 ], [ -1.081558021708916, 44.982046105976309 ], [ -1.079549319175918, 44.980596419585702 ], [ -1.076917885104082, 44.981826091606678 ], [ -1.074910387492686, 44.980383887096401 ], [ -1.072509493549074, 44.981631863677578 ], [ -1.070270389630718, 44.980173872481316 ], [ -1.067869354711694, 44.981421858965248 ], [ -1.065629327047497, 44.979956369753751 ], [ -1.063229215895501, 44.9812018542423 ], [ -1.060992905185147, 44.979761512622602 ], [ -1.058599077361099, 44.980991849528316 ], [ -1.056356822798778, 44.979508665558171 ], [ -1.053948938247721, 44.980771844783732 ], [ -1.051706827065809, 44.979288648264031 ], [ -1.04929879913582, 44.980551840033279 ], [ -1.047060400928896, 44.97909379550098 ], [ -1.044658660305634, 44.980341835291824 ], [ -1.04240089622907, 44.978746182346178 ], [ -1.044648542709975, 44.976978518418207 ], [ -1.047119590030703, 44.978436252898568 ], [ -1.048391067302705, 44.97734954154663 ], [ -1.050204249240629, 44.977283487361753 ], [ -1.051763163497154, 44.978671400340865 ], [ -1.053938263058554, 44.977408528365302 ], [ -1.056413167764083, 44.978891383046516 ], [ -1.058588123070982, 44.97762853335071 ], [ -1.061057085743511, 44.979068535570129 ], [ -1.063217983704544, 44.977838538324811 ], [ -1.065690663488054, 44.979303678643724 ], [ -1.067857844015669, 44.978058543310915 ], [ -1.070329601328496, 44.979516175917297 ], [ -1.07203787682081, 44.978317789425326 ], [ -1.074028375832549, 44.978595145600707 ], [ -1.074969603466453, 44.97972616130204 ], [ -1.076455138627548, 44.978576178548074 ] ] ], [ [ [ -1.076015074654491, 44.983896172966823 ], [ -1.079051751560417, 44.984908729715592 ], [ -1.077624970847188, 44.987063821921176 ], [ -1.075605437445307, 44.986926341915115 ], [ -1.074466693991007, 44.985679512784515 ], [ -1.071599232490559, 44.986894245242915 ], [ -1.06981669819625, 44.985459495362683 ], [ -1.06694909911935, 44.986674221284808 ], [ -1.065170279606062, 44.985264635485201 ], [ -1.062537429046657, 44.986496049571343 ], [ -1.060526706393134, 44.985029462045475 ], [ -1.057887292140835, 44.986276035147753 ], [ -1.055880283949278, 44.984834604964632 ], [ -1.053247155473401, 44.986066020753967 ], [ -1.051241730391349, 44.98463476644433 ], [ -1.048617019166688, 44.98584600638042 ], [ -1.046590669308819, 44.984266271704115 ], [ -1.048838405025911, 44.982498520349459 ], [ -1.051308260110972, 44.983945281742791 ], [ -1.053468265625814, 44.982718525307142 ], [ -1.05593970700718, 44.984175443430026 ], [ -1.058108125946744, 44.98292853028633 ], [ -1.060583284166728, 44.984410586554461 ], [ -1.062757985945224, 44.983148535277586 ], [ -1.065229711350244, 44.984605412909069 ], [ -1.067397846264874, 44.983358540268462 ], [ -1.069873292363415, 44.984840553236907 ], [ -1.071587834768466, 44.983627784603549 ], [ -1.073578520163869, 44.98390514924882 ], [ -1.074523296568557, 44.985060535814846 ], [ -1.076015074654491, 44.983896172966823 ] ] ], [ [ [ -1.082494756297152, 44.993306215640544 ], [ -1.085532060302519, 44.994318598221959 ], [ -1.084105289228823, 44.996473779236808 ], [ -1.081067894171506, 44.99546135709992 ], [ -1.082494756297152, 44.993306215640544 ] ] ], [ [ [ -1.056608271211711, 44.798816123814234 ], [ -1.059545299395447, 44.799676655681921 ], [ -1.058425969521686, 44.80192029195608 ], [ -1.056198936605666, 44.801846046867617 ], [ -1.055069573063647, 44.800635831598598 ], [ -1.052921319106828, 44.80185137994004 ], [ -1.050664595087409, 44.800893214565981 ], [ -1.051784214244869, 44.798649657412071 ], [ -1.054011114713026, 44.79872399106798 ], [ -1.055140417064251, 44.799934216332794 ], [ -1.056608271211711, 44.798816123814234 ] ] ], [ [ [ -1.060093843668611, 44.806719729392896 ], [ -1.063245549593366, 44.807516582531079 ], [ -1.062126211297727, 44.80976026207388 ], [ -1.058974395440293, 44.808963376528375 ], [ -1.060093843668611, 44.806719729392896 ] ] ], [ [ [ -1.059295421511009, 44.820449154848838 ], [ -1.058826434913904, 44.822147765990223 ], [ -1.05627815303029, 44.822606485094703 ], [ -1.054150980660055, 44.819216408737979 ], [ -1.057171804271372, 44.818193515668582 ], [ -1.059295421511009, 44.820449154848838 ] ] ], [ [ [ -1.067605470992034, 44.972846117132256 ], [ -1.070551787607552, 44.973706404473319 ], [ -1.069429422666985, 44.975950273783006 ], [ -1.067195459884466, 44.975876245551881 ], [ -1.066056926715411, 44.974627918388052 ], [ -1.063882024657004, 44.975891459335038 ], [ -1.061618105474275, 44.974933464864847 ], [ -1.062740762762629, 44.972689675028114 ], [ -1.064974592653634, 44.972763792647378 ], [ -1.066113063850151, 44.974012130220842 ], [ -1.067605470992034, 44.972846117132256 ] ] ], [ [ [ -1.04987826273741, 44.812706067768545 ], [ -1.052905219937904, 44.813719284307105 ], [ -1.051481782451404, 44.815873927275014 ], [ -1.048454734873279, 44.814860671164965 ], [ -1.04987826273741, 44.812706067768545 ] ] ], [ [ [ -1.055258113697115, 44.812526106749857 ], [ -1.058285158176143, 44.813539176425088 ], [ -1.056861931498843, 44.815693888291619 ], [ -1.053834796627893, 44.814680779049411 ], [ -1.055258113697115, 44.812526106749857 ] ] ], [ [ [ -1.050198172691312, 44.818386067080652 ], [ -1.053225441583817, 44.819399276805377 ], [ -1.051801872507077, 44.821553927957936 ], [ -1.04877451321779, 44.820540678661679 ], [ -1.050198172691312, 44.818386067080652 ] ] ], [ [ [ -1.060331618860671, 44.929169672374357 ], [ -1.062757411216628, 44.929335307819422 ], [ -1.063566987626602, 44.931282012625992 ], [ -1.065430127755818, 44.93209097954194 ], [ -1.064623418321383, 44.934402066016048 ], [ -1.061992513349153, 44.934314701786342 ], [ -1.061182947812125, 44.932367983745522 ], [ -1.059319859740821, 44.931558945578516 ], [ -1.059049520043851, 44.930284712100629 ], [ -1.060331618860671, 44.929169672374357 ] ] ], [ [ [ -1.061615414749217, 44.988556066730531 ], [ -1.064652083943271, 44.989569017801671 ], [ -1.063224630740012, 44.991723928159509 ], [ -1.061204964745539, 44.991586186607726 ], [ -1.060069104781837, 44.990357910018879 ], [ -1.057208765322651, 44.991554173551208 ], [ -1.055426598148254, 44.990120225239011 ], [ -1.052558631948312, 44.991334149576048 ], [ -1.050781617790217, 44.989935542196967 ], [ -1.048156973047051, 44.9911460074605 ], [ -1.046130444493752, 44.989566262035602 ], [ -1.048378407328544, 44.987798517321018 ], [ -1.050848372708909, 44.989244505985546 ], [ -1.053008267915233, 44.988018522278729 ], [ -1.055483392408793, 44.989499823356518 ], [ -1.057198205526674, 44.988287707185265 ], [ -1.059188985215586, 44.988565329646718 ], [ -1.0601308857477, 44.98970213836963 ], [ -1.061615414749217, 44.988556066730531 ] ] ], [ [ [ -1.044294158233703, 44.812959581498632 ], [ -1.047445990004424, 44.813756885225196 ], [ -1.046325896726949, 44.81600040997079 ], [ -1.043173955034919, 44.815203073820662 ], [ -1.044294158233703, 44.812959581498632 ] ] ], [ [ [ -1.039438470529809, 44.81876598912951 ], [ -1.042465565884653, 44.819779492574099 ], [ -1.041041574654315, 44.821934005913228 ], [ -1.038014388931221, 44.820920462888154 ], [ -1.039438470529809, 44.81876598912951 ] ] ], [ [ [ -1.044818321608198, 44.818576028101411 ], [ -1.04784550373919, 44.819589384688413 ], [ -1.04642172358306, 44.821743966939302 ], [ -1.04339445106955, 44.820730570776249 ], [ -1.044818321608198, 44.818576028101411 ] ] ], [ [ [ -1.053336672861642, 44.917126040021941 ], [ -1.056369326384132, 44.918139195861791 ], [ -1.054943372500345, 44.920293954931971 ], [ -1.051910628253884, 44.9192807595171 ], [ -1.053336672861642, 44.917126040021941 ] ] ], [ [ [ -1.052746557054769, 44.926376031329696 ], [ -1.055137653398682, 44.926709936825347 ], [ -1.055788217102779, 44.928512094389397 ], [ -1.057760263361165, 44.929466660135262 ], [ -1.056638271954447, 44.931710371254361 ], [ -1.05421239496198, 44.931544602151696 ], [ -1.053381717600487, 44.929637901944602 ], [ -1.05140973983809, 44.928683258470976 ], [ -1.051316710289504, 44.927396332531181 ], [ -1.052746557054769, 44.926376031329696 ] ] ], [ [ [ -1.054410633529589, 44.992219590274409 ], [ -1.05664523101337, 44.992293875574809 ], [ -1.05777777541352, 44.993499103901648 ], [ -1.059050504166107, 44.992409632698894 ], [ -1.061079498740818, 44.992406277702727 ], [ -1.062217424205163, 44.994646304027555 ], [ -1.059727289846861, 44.995596045196457 ], [ -1.057722216386037, 44.994170944487493 ], [ -1.055087153033844, 44.995406030815204 ], [ -1.053083687350624, 44.993991049213768 ], [ -1.050688811744716, 44.995221848407262 ], [ -1.048452217996399, 44.993780925841591 ], [ -1.046048672838274, 44.995031843678483 ], [ -1.043815400862367, 44.993606987950066 ], [ -1.041418534233335, 44.99484183895391 ], [ -1.039183580939742, 44.993410514490904 ], [ -1.041176926907203, 44.991495047400846 ], [ -1.043874590915513, 44.992903060233516 ], [ -1.046038469153197, 44.991668512929323 ], [ -1.048507773803256, 44.993109122547892 ], [ -1.05021837128229, 44.99190766903093 ], [ -1.052015346171796, 44.992093926219326 ], [ -1.053146303993549, 44.993288998968104 ], [ -1.054410633529589, 44.992219590274409 ] ] ], [ [ [ -1.034058619598741, 44.818945950170267 ], [ -1.037085627624184, 44.819959600464344 ], [ -1.035661425578235, 44.822114044874567 ], [ -1.03263432719884, 44.821100354995494 ], [ -1.034058619598741, 44.818945950170267 ] ] ], [ [ [ -1.042866471061346, 44.951855947937787 ], [ -1.047969145984865, 44.953026413880252 ], [ -1.04925886066287, 44.954137341902857 ], [ -1.047847667572435, 44.956730038572573 ], [ -1.044660093695726, 44.958206970156866 ], [ -1.046051064581997, 44.959209395896174 ], [ -1.045856645464478, 44.960642496488553 ], [ -1.043248665513474, 44.961414087753383 ], [ -1.04005842737344, 44.959773290340081 ], [ -1.03844854675668, 44.95996222526896 ], [ -1.03688345347762, 44.961554104848631 ], [ -1.034344929930009, 44.961225880664003 ], [ -1.033214951343006, 44.960030386232745 ], [ -1.033799721206685, 44.958651817303341 ], [ -1.036521307374458, 44.958242408584127 ], [ -1.038086536318575, 44.956725911144588 ], [ -1.040192091945726, 44.956905255985973 ], [ -1.040564766133295, 44.956083434952546 ], [ -1.036781356260633, 44.956144391262129 ], [ -1.036153685070685, 44.953927364597916 ], [ -1.038533100678082, 44.953124040691378 ], [ -1.040505294269229, 44.954435291748204 ], [ -1.042866471061346, 44.951855947937787 ] ] ], [ [ [ -1.04904600782907, 44.971985983340275 ], [ -1.0520815520997, 44.972999272650767 ], [ -1.050654037615794, 44.975154011569018 ], [ -1.047618402455432, 44.974140682676612 ], [ -1.04904600782907, 44.971985983340275 ] ] ], [ [ [ -1.00586619409894, 44.757729258530759 ], [ -1.008921465448081, 44.758404276195591 ], [ -1.011112721329781, 44.757784230073526 ], [ -1.014468075162331, 44.758797210480104 ], [ -1.014946255033951, 44.7604944122021 ], [ -1.013114067133477, 44.761588730579668 ], [ -1.01626450013655, 44.763967497943817 ], [ -1.015720115197904, 44.765935457624806 ], [ -1.009981691554561, 44.765662748598864 ], [ -1.009008539108003, 44.761760745690822 ], [ -1.004656467978686, 44.75981978176462 ], [ -1.00586619409894, 44.757729258530759 ] ] ], [ [ [ -1.016049877952744, 44.766215848547084 ], [ -1.018852153800158, 44.766253817387899 ], [ -1.020351442377438, 44.7674279640758 ], [ -1.020066677649114, 44.769874311194947 ], [ -1.018068383654928, 44.771562388045801 ], [ -1.015198434737152, 44.770341977126677 ], [ -1.014511655314176, 44.767555912855514 ], [ -1.016049877952744, 44.766215848547084 ] ] ], [ [ [ -1.011265877619312, 44.7671893029082 ], [ -1.014414676441585, 44.767987532558365 ], [ -1.013294177214573, 44.770230688616742 ], [ -1.010145268724528, 44.769432426511976 ], [ -1.011265877619312, 44.7671893029082 ] ] ], [ [ [ -1.025707602424247, 44.906675845451332 ], [ -1.02772412506261, 44.906814227824881 ], [ -1.028852915042603, 44.908009759038137 ], [ -1.02875238034585, 44.911374162827705 ], [ -1.026872130461276, 44.912474959652904 ], [ -1.024176957630016, 44.911060191984348 ], [ -1.024971038288991, 44.909538001755763 ], [ -1.024210691471341, 44.907853993885489 ], [ -1.025707602424247, 44.906675845451332 ] ] ], [ [ [ -1.021327601529639, 44.915385809611216 ], [ -1.023538013857022, 44.915615810170976 ], [ -1.024424487298681, 44.917388265277673 ], [ -1.026380229772481, 44.918201696435652 ], [ -1.02557211150824, 44.920512489578471 ], [ -1.022941919050619, 44.920424201535873 ], [ -1.022055444477556, 44.91865173297024 ], [ -1.020099749023665, 44.91783822559524 ], [ -1.019897463601982, 44.91640570316968 ], [ -1.021327601529639, 44.915385809611216 ] ] ], [ [ [ -1.028972667878333, 44.918199390223421 ], [ -1.032130194288351, 44.918997155943423 ], [ -1.031007387271295, 44.921240601164243 ], [ -1.027849750562015, 44.920442802999965 ], [ -1.028972667878333, 44.918199390223421 ] ] ], [ [ [ -1.017687628084123, 44.920715780770621 ], [ -1.020719831562419, 44.921729910416964 ], [ -1.019292417234191, 44.923884214195056 ], [ -1.016260123119266, 44.922870044943927 ], [ -1.017687628084123, 44.920715780770621 ] ] ], [ [ [ -1.019417910970259, 44.940761280187864 ], [ -1.022608661468535, 44.940515811823168 ], [ -1.023567987709586, 44.941939863090688 ], [ -1.026574907689726, 44.941594225228414 ], [ -1.027727968439818, 44.94308246788502 ], [ -1.030714826085082, 44.942754179495658 ], [ -1.031535859343609, 44.945062754771577 ], [ -1.028705633611385, 44.945786349518144 ], [ -1.027131983028715, 44.944157569840833 ], [ -1.024565532930268, 44.944626319393642 ], [ -1.022991963603562, 44.942970175053105 ], [ -1.02040543183146, 44.943456289116583 ], [ -1.018832040268086, 44.941808757746735 ], [ -1.016478079894623, 44.94233394098093 ], [ -1.01470566660754, 44.940949994539643 ], [ -1.016697983919334, 44.939034995080092 ], [ -1.018638827471997, 44.939450453540701 ], [ -1.019417910970259, 44.940761280187864 ] ] ], [ [ [ -1.033946831501752, 44.944285887024975 ], [ -1.036980603441666, 44.945299580182379 ], [ -1.035553213877255, 44.947454107914005 ], [ -1.032519351179324, 44.94644037516386 ], [ -1.033946831501752, 44.944285887024975 ] ] ], [ [ [ -1.021777146232521, 44.946315798184976 ], [ -1.024810807970456, 44.947329823993535 ], [ -1.023382899132863, 44.949484196757325 ], [ -1.021171152333933, 44.949254190767988 ], [ -1.020211785051636, 44.947839149406882 ], [ -1.017214771042058, 44.948175687955661 ], [ -1.016061863895643, 44.946679043755879 ], [ -1.013270072950053, 44.947093276919375 ], [ -1.011911850509703, 44.945491650219537 ], [ -1.009099980747903, 44.945923238514858 ], [ -1.007809328450179, 44.943993650093539 ], [ -1.010682126716094, 44.942766090781603 ], [ -1.012478100872832, 44.944478388132445 ], [ -1.014852017153654, 44.943936068761005 ], [ -1.016648087650017, 44.945620994177958 ], [ -1.01877363838942, 44.945064105656812 ], [ -1.020798166172687, 44.946790888522578 ], [ -1.021777146232521, 44.946315798184976 ] ] ], [ [ [ -1.029296899702406, 44.948695851378595 ], [ -1.032330826176557, 44.949709672725689 ], [ -1.030903145677279, 44.951864143558574 ], [ -1.027869128443753, 44.950850282614596 ], [ -1.029296899702406, 44.948695851378595 ] ] ], [ [ [ -1.018937180939204, 44.949495776196727 ], [ -1.02164183377969, 44.950074559687593 ], [ -1.022207191295571, 44.952858934692472 ], [ -1.024581819098655, 44.95231601468592 ], [ -1.026378495932939, 44.954017765865643 ], [ -1.028059091250395, 44.953428511800055 ], [ -1.029933848179857, 44.953976895504404 ], [ -1.030526226564094, 44.955353813351422 ], [ -1.02913183719896, 44.95713903248442 ], [ -1.031138992882498, 44.956208513783309 ], [ -1.033291528495478, 44.957021560163248 ], [ -1.032220931892125, 44.96014672146886 ], [ -1.033625244692706, 44.964259654238809 ], [ -1.033040412038745, 44.965638224496168 ], [ -1.030485396173578, 44.96609637165885 ], [ -1.027488762875543, 44.964077779651198 ], [ -1.024326011875031, 44.967065414069317 ], [ -1.022386351948591, 44.967485916671876 ], [ -1.019192134363248, 44.96569724135145 ], [ -1.015124339501668, 44.965595672470307 ], [ -1.013094027585917, 44.963955510121131 ], [ -1.011746423095718, 44.968973123128116 ], [ -1.007689602660643, 44.969853084552568 ], [ -1.008931861225656, 44.972072590017689 ], [ -1.011409926573496, 44.973338122088052 ], [ -1.009690242968088, 44.975382537190356 ], [ -1.007519987778424, 44.974999422776257 ], [ -1.006938071638742, 44.973077413135464 ], [ -1.004734215856895, 44.972275026462881 ], [ -1.003649436835873, 44.972762053912817 ], [ -1.005722911971586, 44.973434825160531 ], [ -1.006054686175185, 44.975004629454226 ], [ -1.004837670501259, 44.975960865167416 ], [ -1.002809268446019, 44.975963194685981 ], [ -1.001519972448627, 44.974851721119073 ], [ -1.00181050029278, 44.973547948737746 ], [ -0.998474874950324, 44.971773808291267 ], [ -0.995829826625983, 44.974162608887056 ], [ -0.993653054206923, 44.973774511433966 ], [ -0.99075982877188, 44.974881538332852 ], [ -0.985459515660365, 44.974309107174733 ], [ -0.984904364426114, 44.972342250221644 ], [ -0.987381311049651, 44.971060895135203 ], [ -0.984769727391441, 44.970963737982025 ], [ -0.98387846731316, 44.969203151945194 ], [ -0.986245386807776, 44.967928276117462 ], [ -0.989387807722876, 44.964047106877132 ], [ -0.991182910300462, 44.963856181081226 ], [ -0.992752449271258, 44.964767904565768 ], [ -0.992646033770908, 44.966353472129406 ], [ -0.990851624057218, 44.967162890738194 ], [ -0.993512544668248, 44.968062284154193 ], [ -0.993946934709341, 44.97112550777473 ], [ -0.993988428848352, 44.96835336123106 ], [ -0.995857128216904, 44.96649171487379 ], [ -0.993678202598867, 44.965379599042507 ], [ -0.994494368777648, 44.963459167733973 ], [ -0.998949945458687, 44.962208475961305 ], [ -1.000659885447578, 44.962640702010795 ], [ -1.001438883120036, 44.963957167289109 ], [ -1.003119817893121, 44.963368479899003 ], [ -1.004951247830167, 44.963886563806696 ], [ -1.006868127248938, 44.962704952399875 ], [ -1.009646974467928, 44.962992216509669 ], [ -1.007791192277833, 44.961272664031789 ], [ -1.005194741948297, 44.961766188910808 ], [ -1.003621247482586, 44.960102580103793 ], [ -1.001247449227235, 44.960643871395618 ], [ -0.999474833092281, 44.959259674729545 ], [ -1.000802719044727, 44.957489114683447 ], [ -1.003911696113466, 44.958221053377727 ], [ -1.006464078324195, 44.957164137805847 ], [ -1.008261994953198, 44.958107607228136 ], [ -1.00835875906908, 44.96025737430692 ], [ -1.009002903392891, 44.958319327162087 ], [ -1.011220865336355, 44.957651850473724 ], [ -1.010551393345409, 44.956402354082293 ], [ -1.00817768896988, 44.956943905302772 ], [ -1.006382463541023, 44.955222707904269 ], [ -1.004225883957676, 44.955805854861843 ], [ -1.002428109059563, 44.954862320826358 ], [ -1.002424864222057, 44.953422592109746 ], [ -1.003990125943648, 44.952507446162024 ], [ -1.006159486428639, 44.952890626948275 ], [ -1.006937487918827, 44.95422733065481 ], [ -1.008549128444369, 44.953634220527789 ], [ -1.009155610521975, 44.950331155822582 ], [ -1.005740642571002, 44.950509388451628 ], [ -1.005570619541377, 44.94813137404411 ], [ -1.007902257306355, 44.947626102743108 ], [ -1.009694340767729, 44.949368882961387 ], [ -1.012092147257451, 44.948806080614524 ], [ -1.013848950874199, 44.950134199432277 ], [ -1.01749878511967, 44.950532953500989 ], [ -1.018937180939204, 44.949495776196727 ] ], [ [ -1.019232583284288, 44.956952826179837 ], [ -1.025827144777975, 44.955727146233798 ], [ -1.025811455749329, 44.955042272481549 ], [ -1.023215340139124, 44.95553631483898 ], [ -1.021642759780228, 44.953861103655356 ], [ -1.018430963786503, 44.954124157987025 ], [ -1.017471586570027, 44.952710770854004 ], [ -1.014580497317228, 44.953441502138766 ], [ -1.012819629326213, 44.952973331025859 ], [ -1.010690926110565, 44.954345775492605 ], [ -1.01111855801244, 44.955387684260508 ], [ -1.013263861861729, 44.95481411791728 ], [ -1.019232583284288, 44.956952826179837 ] ], [ [ -1.011941203710031, 44.962460052692073 ], [ -1.011343004217108, 44.962807777338824 ], [ -1.012046041518353, 44.963004514423822 ], [ -1.011941203710031, 44.962460052692073 ] ], [ [ -1.01585912477088, 44.96035942572648 ], [ -1.012488678488136, 44.960575454781775 ], [ -1.012528747799179, 44.961399985228404 ], [ -1.01585912477088, 44.96035942572648 ] ], [ [ -0.9994366308507, 44.968882494556503 ], [ -0.999637210763601, 44.968615101601998 ], [ -0.999488759199282, 44.968452939106399 ], [ -0.9994366308507, 44.968882494556503 ] ], [ [ -0.988514683572219, 44.969321725114327 ], [ -0.989133472623525, 44.969772237018873 ], [ -0.989160615284006, 44.969272417647275 ], [ -0.988514683572219, 44.969321725114327 ] ] ], [ [ [ -0.9927105742133, 44.76347568164951 ], [ -0.997210694053558, 44.763426254587458 ], [ -1.001631493895951, 44.765328351383438 ], [ -1.000558139014011, 44.767182692522049 ], [ -0.997613998278283, 44.766888599748746 ], [ -0.996907987689709, 44.769257513139102 ], [ -0.995347709985575, 44.770172505739737 ], [ -0.991867073894852, 44.770235996655906 ], [ -0.990368305150771, 44.76906146361015 ], [ -0.990906562679055, 44.76752120745526 ], [ -0.993092025866861, 44.76699675423896 ], [ -0.991149813583663, 44.76514508509284 ], [ -0.9927105742133, 44.76347568164951 ] ] ], [ [ [ -0.977392936680694, 44.767788344973049 ], [ -0.988271828338726, 44.771138626760575 ], [ -0.986557485773179, 44.773182553246563 ], [ -0.983752437847464, 44.772111578228106 ], [ -0.979142285493623, 44.772392881408621 ], [ -0.975530844418057, 44.770602207032184 ], [ -0.974919313678746, 44.769389521145307 ], [ -0.977392936680694, 44.767788344973049 ] ] ], [ [ [ -0.983320651818145, 44.776625606706801 ], [ -0.985869219267359, 44.77707765445809 ], [ -0.986258219409261, 44.778927720949085 ], [ -0.982369333604545, 44.780654407250196 ], [ -0.980562177013462, 44.780592898630658 ], [ -0.979431835015944, 44.778352188596649 ], [ -0.983320651818145, 44.776625606706801 ] ] ], [ [ [ -0.984156307460539, 44.784009046134479 ], [ -0.986575612779147, 44.784176336151198 ], [ -0.990018043304143, 44.78694058765744 ], [ -0.988667282694607, 44.793114946417646 ], [ -0.986182443229446, 44.794221666040855 ], [ -0.987742297624496, 44.795588325066539 ], [ -0.989979396293953, 44.794752044375485 ], [ -0.988880705381941, 44.793075370020659 ], [ -0.990642172030449, 44.79168745975295 ], [ -0.993512677355328, 44.792908515338368 ], [ -0.992490602630744, 44.794737940720012 ], [ -0.993477474428729, 44.796734850499917 ], [ -0.99041348153485, 44.798292278802997 ], [ -0.991087584731214, 44.800124899152152 ], [ -0.988645782633467, 44.801234667532817 ], [ -0.989194724539353, 44.802776764369995 ], [ -0.987717162305322, 44.803949245405278 ], [ -0.990581294636688, 44.803606266219134 ], [ -0.994079923285005, 44.805017514136381 ], [ -0.994624918130452, 44.806556652539143 ], [ -0.992908025655944, 44.807782539440701 ], [ -0.988977097323224, 44.806975314821955 ], [ -0.987679907565398, 44.805520365405997 ], [ -0.986187815685788, 44.806342573663834 ], [ -0.981631740034851, 44.806582921829111 ], [ -0.980346747488095, 44.805471261553201 ], [ -0.980733027305123, 44.80406488821329 ], [ -0.977176851574009, 44.802351195579675 ], [ -0.976590498417416, 44.799335110241778 ], [ -0.978130494245947, 44.797995557714799 ], [ -0.980143001409841, 44.798134798663334 ], [ -0.98125890876117, 44.799296331530499 ], [ -0.983382819199189, 44.798498321159876 ], [ -0.986498893297211, 44.799648800620247 ], [ -0.986652618616652, 44.798960267936238 ], [ -0.983743841391955, 44.798091925132788 ], [ -0.983276600063096, 44.795071608776404 ], [ -0.980476158531235, 44.79597569712076 ], [ -0.978481609465089, 44.794559219012505 ], [ -0.979409023930838, 44.792959048294414 ], [ -0.985302555266396, 44.791076252137934 ], [ -0.985134625088004, 44.78979159863907 ], [ -0.98283188657559, 44.788359310214609 ], [ -0.982655980577066, 44.785843150101208 ], [ -0.984156307460539, 44.784009046134479 ] ], [ [ -0.985646561388339, 44.794135965186165 ], [ -0.985443336999397, 44.794128389971185 ], [ -0.98565758730963, 44.794138334873651 ], [ -0.985646561388339, 44.794135965186165 ] ] ], [ [ [ -0.985680159694993, 44.806555607573088 ], [ -0.988616505309308, 44.807418019712664 ], [ -0.987891527075976, 44.809490868657868 ], [ -0.984667786162809, 44.809218703647836 ], [ -0.980370118522833, 44.81118505269567 ], [ -0.97812217756199, 44.810524683915332 ], [ -0.978608661368202, 44.808169031169221 ], [ -0.982149834801432, 44.80688495550006 ], [ -0.984312233878342, 44.807471332011211 ], [ -0.985680159694993, 44.806555607573088 ] ] ], [ [ [ -0.994033462404164, 44.809413971455491 ], [ -0.995602460074819, 44.811080089797173 ], [ -0.993031267673108, 44.812675055144915 ], [ -0.994539148884097, 44.814000490053992 ], [ -0.993611817999936, 44.815600798626903 ], [ -0.99044975138309, 44.815382459706946 ], [ -0.99060100136402, 44.813009922545596 ], [ -0.988310371303792, 44.814005029197745 ], [ -0.986062224278056, 44.813344820705574 ], [ -0.986548399730416, 44.8109891309226 ], [ -0.989882008964154, 44.809697445858646 ], [ -0.994033462404164, 44.809413971455491 ] ], [ [ -0.992080470588024, 44.812568547128024 ], [ -0.992161996244795, 44.812496510586975 ], [ -0.992058947734263, 44.812570078790323 ], [ -0.992080470588024, 44.812568547128024 ] ] ], [ [ [ -0.99618976538868, 44.813445679714818 ], [ -0.999215793916238, 44.814460361269091 ], [ -0.997790279727071, 44.816614315350385 ], [ -0.994764160968007, 44.815599594180021 ], [ -0.99618976538868, 44.813445679714818 ] ] ], [ [ [ -0.995499363774333, 44.819004990922778 ], [ -0.997435905492039, 44.819420803759357 ], [ -0.998212870292664, 44.82075003446473 ], [ -0.995127490031497, 44.822891703684036 ], [ -0.992877114604927, 44.821129902208177 ], [ -0.995499363774333, 44.819004990922778 ] ] ], [ [ [ -0.988939645233708, 44.83623561547941 ], [ -0.99074860074808, 44.83629698867766 ], [ -0.992034504138097, 44.837408539806887 ], [ -0.989125566701159, 44.843027501819037 ], [ -0.992137846340422, 44.843867943197822 ], [ -0.991222508154331, 44.846031450985855 ], [ -0.992251562698413, 44.847674612660406 ], [ -0.991129668359022, 44.848872835758606 ], [ -0.989061850673195, 44.849161544405099 ], [ -0.988813020566526, 44.850861018300755 ], [ -0.985513586747255, 44.85276137771195 ], [ -0.986291826483737, 44.854624738936387 ], [ -0.984412916656073, 44.856029047872831 ], [ -0.984266063125267, 44.858158959145619 ], [ -0.982165824659774, 44.858695736887476 ], [ -0.979540095428125, 44.857583293183374 ], [ -0.977986215212682, 44.858181057055944 ], [ -0.977261928418776, 44.860106048486784 ], [ -0.975097709508637, 44.860493686628992 ], [ -0.973038910150661, 44.858809109561903 ], [ -0.974137616776305, 44.856367996603595 ], [ -0.972879663681589, 44.856698615476823 ], [ -0.972291775347636, 44.85859611914622 ], [ -0.970127580324649, 44.858983660214477 ], [ -0.968561364928424, 44.858071646990837 ], [ -0.968588007622548, 44.855100355935889 ], [ -0.967920427984903, 44.855207138962633 ], [ -0.965542256918711, 44.859921175378119 ], [ -0.962847554292388, 44.859982945611179 ], [ -0.961749178846201, 44.861093164175948 ], [ -0.957946298076824, 44.862111687296611 ], [ -0.95616006432769, 44.861434324906327 ], [ -0.955216339112289, 44.859739746596389 ], [ -0.953994273289821, 44.860711250747833 ], [ -0.954561701817842, 44.863024141924996 ], [ -0.951258409596283, 44.864081524160603 ], [ -0.949239873928966, 44.863404207112886 ], [ -0.947808722499752, 44.860628577662013 ], [ -0.948040492527675, 44.858394270091402 ], [ -0.949676999454891, 44.857180301696289 ], [ -0.94725019637813, 44.85621245520246 ], [ -0.945499370962933, 44.857105187713273 ], [ -0.943397519384541, 44.856571732448309 ], [ -0.942920683832462, 44.854874167914318 ], [ -0.945433220651006, 44.85377007308238 ], [ -0.945187089653735, 44.85255549733607 ], [ -0.943314941997108, 44.852384836905351 ], [ -0.940617654627165, 44.850441686324729 ], [ -0.940290953731571, 44.8480869459855 ], [ -0.937742036815297, 44.84779837640977 ], [ -0.935411432289712, 44.845121005310567 ], [ -0.934628898041751, 44.842164221628963 ], [ -0.936798835002506, 44.839563862183823 ], [ -0.932084254630421, 44.837498641384308 ], [ -0.931220553614649, 44.84120456290573 ], [ -0.92839427038775, 44.8419255803867 ], [ -0.926849465010144, 44.840588134043593 ], [ -0.927705107111679, 44.838514505618171 ], [ -0.925956698170635, 44.836973698908551 ], [ -0.928028002758284, 44.835220766081967 ], [ -0.927076676848401, 44.833788500516228 ], [ -0.928222241796207, 44.832426493907043 ], [ -0.930462841335695, 44.832352352885081 ], [ -0.932401158119895, 44.831114785362992 ], [ -0.93572714097593, 44.831718419627748 ], [ -0.937912053667096, 44.830418479199508 ], [ -0.940286909369795, 44.831601340007708 ], [ -0.94184181632077, 44.830102002925223 ], [ -0.939356909702328, 44.82929707167736 ], [ -0.93774665444758, 44.830292838734515 ], [ -0.934110024483256, 44.830422501667364 ], [ -0.932757044350295, 44.828983843500346 ], [ -0.933902203593525, 44.827456558603686 ], [ -0.937284255996965, 44.826978352330968 ], [ -0.939213100100999, 44.827812968767567 ], [ -0.942331930052669, 44.8262984861842 ], [ -0.944482255694064, 44.827118602279342 ], [ -0.946930979637328, 44.825715318221562 ], [ -0.949641152399108, 44.826308819534852 ], [ -0.952901616606568, 44.824948498196804 ], [ -0.956196724827752, 44.826961222139893 ], [ -0.955781761729532, 44.831071578015347 ], [ -0.952665633733514, 44.831514929407867 ], [ -0.951540001930856, 44.830318653885357 ], [ -0.952203569888151, 44.828884854162574 ], [ -0.949953298584315, 44.828473344793345 ], [ -0.949384739972942, 44.829162072964394 ], [ -0.950963006227666, 44.830665819072436 ], [ -0.950064608819013, 44.833619491017544 ], [ -0.947514921152407, 44.83407571335222 ], [ -0.945299393709855, 44.832328106450873 ], [ -0.944371015753342, 44.833193687264142 ], [ -0.946543186124351, 44.834785913080829 ], [ -0.944733194261817, 44.836632527763705 ], [ -0.946576664813682, 44.837016045369587 ], [ -0.949053920631252, 44.835298335628707 ], [ -0.952368429833206, 44.836763071109374 ], [ -0.952480049158506, 44.838348386711495 ], [ -0.95068886846374, 44.839295200359381 ], [ -0.952971839156267, 44.839928149765839 ], [ -0.953516046345704, 44.841467507760413 ], [ -0.950200166932448, 44.843105630791193 ], [ -0.953304661982932, 44.843065070744181 ], [ -0.954436187366914, 44.844719570191117 ], [ -0.957539638915276, 44.843977286815949 ], [ -0.960349443774479, 44.846496896836705 ], [ -0.962952428845736, 44.844957286635079 ], [ -0.966236467028601, 44.845617525022874 ], [ -0.965389535119355, 44.843491902137366 ], [ -0.969685355797548, 44.841972675794928 ], [ -0.96881633055085, 44.84058938926966 ], [ -0.969961022105603, 44.839226948933153 ], [ -0.974572121190879, 44.839106329473687 ], [ -0.97620325910845, 44.840130106755616 ], [ -0.97855418434273, 44.839354284913469 ], [ -0.981624370054096, 44.840717925913907 ], [ -0.983341900866065, 44.838677396129341 ], [ -0.986389058333356, 44.839829977492137 ], [ -0.988939645233708, 44.83623561547941 ] ], [ [ -0.95663727533748, 44.856576364448422 ], [ -0.954998286628169, 44.858311459211606 ], [ -0.955333644209662, 44.859030300842591 ], [ -0.95663727533748, 44.856576364448422 ] ], [ [ -0.94660235719811, 44.850130751656003 ], [ -0.948486019441657, 44.850388430955668 ], [ -0.948514985993199, 44.850201211739048 ], [ -0.94660235719811, 44.850130751656003 ] ], [ [ -0.944733843550309, 44.849264565561107 ], [ -0.945341910027764, 44.848336597766966 ], [ -0.944695844214565, 44.848029776598985 ], [ -0.944733843550309, 44.849264565561107 ] ], [ [ -0.987790416326644, 44.846037141603041 ], [ -0.98744063917574, 44.845959058434488 ], [ -0.987493103091068, 44.846190249855596 ], [ -0.987790416326644, 44.846037141603041 ] ], [ [ -0.983263828993569, 44.84192561276798 ], [ -0.983279980353093, 44.841937072610612 ], [ -0.983288590022409, 44.841930930540002 ], [ -0.983263828993569, 44.84192561276798 ] ], [ [ -0.971584678913237, 44.842327318051979 ], [ -0.971879497887324, 44.842292027580172 ], [ -0.97189357966241, 44.84227322940734 ], [ -0.971584678913237, 44.842327318051979 ] ], [ [ -0.979283994961725, 44.855247468353149 ], [ -0.979399910815488, 44.855326734767196 ], [ -0.979574492224529, 44.855192232727582 ], [ -0.979283994961725, 44.855247468353149 ] ], [ [ -0.958927137829644, 44.848881147763414 ], [ -0.959710771136878, 44.849039865974859 ], [ -0.959676409346725, 44.848612716096589 ], [ -0.958927137829644, 44.848881147763414 ] ], [ [ -0.956417529447387, 44.848332294673014 ], [ -0.956347771462672, 44.848419103480886 ], [ -0.956482899368841, 44.848388840872921 ], [ -0.956417529447387, 44.848332294673014 ] ], [ [ -0.950845979283618, 44.848788405784667 ], [ -0.950909651874466, 44.848788362867801 ], [ -0.950900752516632, 44.848776545812392 ], [ -0.950845979283618, 44.848788405784667 ] ], [ [ -0.950011955344807, 44.848871661401709 ], [ -0.950004944649501, 44.848898805899708 ], [ -0.950113998569158, 44.848871593371314 ], [ -0.950011955344807, 44.848871661401709 ] ], [ [ -0.96338848936087, 44.853733777474837 ], [ -0.963359140581129, 44.853673727381327 ], [ -0.963165623182597, 44.85390181636653 ], [ -0.96338848936087, 44.853733777474837 ] ], [ [ -0.950894051395044, 44.852151568151292 ], [ -0.951375889443069, 44.852349780461452 ], [ -0.951415120916156, 44.852104507677907 ], [ -0.950894051395044, 44.852151568151292 ] ], [ [ -0.942868130151312, 44.829768002203451 ], [ -0.946538381502266, 44.82992735173611 ], [ -0.944187729664304, 44.829121429872195 ], [ -0.942868130151312, 44.829768002203451 ] ], [ [ -0.937961108644936, 44.839156143291447 ], [ -0.938101070730425, 44.839140551153982 ], [ -0.938081386927229, 44.839070431798589 ], [ -0.937961108644936, 44.839156143291447 ] ], [ [ -0.94182428752497, 44.834732895964486 ], [ -0.939712904194109, 44.833280602325672 ], [ -0.93794800394545, 44.835123413315117 ], [ -0.935326338701384, 44.835055957804506 ], [ -0.935983315590495, 44.836189483741059 ], [ -0.94182428752497, 44.834732895964486 ] ], [ [ -0.93403372015954, 44.834564047924012 ], [ -0.929732032171685, 44.835539229463215 ], [ -0.931595815256571, 44.837091386263396 ], [ -0.931718459152465, 44.835218040514015 ], [ -0.93403372015954, 44.834564047924012 ] ] ], [ [ [ -0.996439319016946, 44.844285665414063 ], [ -0.999467013342158, 44.84530035045379 ], [ -0.998040726148706, 44.847454329624995 ], [ -0.995012941492194, 44.846439604967514 ], [ -0.996439319016946, 44.844285665414063 ] ] ], [ [ [ -1.009054319212696, 44.856809237088001 ], [ -1.012208111248305, 44.857607553434313 ], [ -1.011085735793819, 44.859850754361943 ], [ -1.007931833745173, 44.859052405554323 ], [ -1.009054319212696, 44.856809237088001 ] ] ], [ [ [ -0.989866853174147, 44.882304488790531 ], [ -0.993180105064904, 44.884005066681794 ], [ -0.993578134488173, 44.885416684647325 ], [ -0.992081116243372, 44.886594392382626 ], [ -0.989977066280393, 44.88641353172487 ], [ -0.990858277319893, 44.889386741429043 ], [ -0.988447154048955, 44.890661733580622 ], [ -0.986530242354297, 44.889847604770701 ], [ -0.985209161367054, 44.886608180417369 ], [ -0.982195144407973, 44.887485988833809 ], [ -0.979142763063458, 44.88588011187359 ], [ -0.976611671300317, 44.88575359985748 ], [ -0.975825404527239, 44.883772464933003 ], [ -0.972908560337031, 44.882179449539613 ], [ -0.971328173804297, 44.883122691832213 ], [ -0.969161747305086, 44.882738839744363 ], [ -0.968519391471418, 44.880924677335337 ], [ -0.970872156785256, 44.879693160987408 ], [ -0.968595002890539, 44.879635126108177 ], [ -0.967461013463762, 44.878388672601162 ], [ -0.964007255041299, 44.878352065614024 ], [ -0.963893067011618, 44.873005545234541 ], [ -0.959313967868642, 44.869760835346057 ], [ -0.959854042480285, 44.868220678489834 ], [ -0.962016998608943, 44.867693062346497 ], [ -0.963414075327487, 44.864880735989978 ], [ -0.968032558500548, 44.863356350397801 ], [ -0.97026851618645, 44.865529552650507 ], [ -0.972184870923473, 44.86542409875733 ], [ -0.97361811385547, 44.866440865263407 ], [ -0.973422167472798, 44.86787379811075 ], [ -0.971531014381298, 44.868703015844666 ], [ -0.970641562835402, 44.871968044269543 ], [ -0.968846829193639, 44.873093920068577 ], [ -0.96892040422994, 44.87565695174569 ], [ -0.972490266940477, 44.871016961953821 ], [ -0.975270851556851, 44.870078497540838 ], [ -0.977622880015804, 44.871201560076074 ], [ -0.980319504436907, 44.870857066515661 ], [ -0.986269075535599, 44.87416804923479 ], [ -0.98588665431405, 44.876018939941346 ], [ -0.983252360049128, 44.876698433274228 ], [ -0.985200023510774, 44.877375205298371 ], [ -0.985479635711221, 44.879032946384697 ], [ -0.987804149600699, 44.878454235351754 ], [ -0.991949365494222, 44.879582335847225 ], [ -0.991952939032227, 44.881313462619559 ], [ -0.989866853174147, 44.882304488790531 ] ], [ [ -0.967979984281029, 44.876636276357274 ], [ -0.968931279110212, 44.876628604358565 ], [ -0.96888956034189, 44.875733095208673 ], [ -0.967979984281029, 44.876636276357274 ] ], [ [ -0.978190623981123, 44.880771837699754 ], [ -0.976332169690908, 44.880075740811542 ], [ -0.978836060954095, 44.881651343617236 ], [ -0.978190623981123, 44.880771837699754 ] ], [ [ -0.976293965616069, 44.873313910568335 ], [ -0.976568070883869, 44.873846317245288 ], [ -0.97665760074001, 44.87318024403411 ], [ -0.976293965616069, 44.873313910568335 ] ], [ [ -0.981371050730693, 44.877351620604607 ], [ -0.978884987234187, 44.876629038817534 ], [ -0.979584981439371, 44.877877889248282 ], [ -0.981371050730693, 44.877351620604607 ] ], [ [ -0.976350610709731, 44.875962946028686 ], [ -0.976100008384036, 44.87563493687626 ], [ -0.975922037593607, 44.875967630690461 ], [ -0.976350610709731, 44.875962946028686 ] ], [ [ -0.985759824847086, 44.882312115716964 ], [ -0.986398470610365, 44.882548024208901 ], [ -0.986763148758621, 44.882275489025503 ], [ -0.985759824847086, 44.882312115716964 ] ] ], [ [ [ -1.005463454433542, 44.909959178901538 ], [ -1.007489470393462, 44.909956801056936 ], [ -1.010690244949319, 44.911911984738261 ], [ -1.01110440298293, 44.913764220048655 ], [ -1.009981589782111, 44.91496265855352 ], [ -1.007545241190603, 44.914965567874965 ], [ -1.004449705552935, 44.912347938223888 ], [ -1.00418070453772, 44.911073579017909 ], [ -1.005463454433542, 44.909959178901538 ] ] ], [ [ [ -1.007357973979241, 44.916925708028835 ], [ -1.009374819712538, 44.917064423846618 ], [ -1.010503291299647, 44.918259672233788 ], [ -1.011763152482072, 44.917199233184711 ], [ -1.01378942961578, 44.917196740470871 ], [ -1.014923941283651, 44.919437200726634 ], [ -1.012436345001023, 44.920385862686103 ], [ -1.010436699631984, 44.918970375805387 ], [ -1.009176773603067, 44.9200308003864 ], [ -1.007150393908985, 44.920033208999399 ], [ -1.005792998166943, 44.918430174861271 ], [ -1.007357973979241, 44.916925708028835 ] ] ], [ [ [ -0.992158576129021, 44.921388417531503 ], [ -0.996099947091849, 44.922551800358718 ], [ -0.999304903188115, 44.921813876936298 ], [ -1.000843641316397, 44.923114815245519 ], [ -1.002989910586944, 44.92191850038747 ], [ -1.005441346027634, 44.923306643681407 ], [ -1.007579772559525, 44.922128505242959 ], [ -1.010031953894921, 44.923518753476444 ], [ -1.011720212538778, 44.922367501117307 ], [ -1.014053196292392, 44.922867156456299 ], [ -1.014644856366331, 44.924244146136978 ], [ -1.01352190904014, 44.925442624218064 ], [ -1.011290407517927, 44.925523249134621 ], [ -1.009968037875022, 44.924291294151629 ], [ -1.007383502129201, 44.92547772985494 ], [ -1.0078548381486, 44.926968414007256 ], [ -1.010141700909263, 44.928106910772712 ], [ -1.01192222323803, 44.927618222867601 ], [ -1.013711237470642, 44.928294701830268 ], [ -1.014110097855275, 44.929706265350895 ], [ -1.012827068157322, 44.930820771938116 ], [ -1.01080029881553, 44.930823247111022 ], [ -1.009568267561781, 44.929843123066547 ], [ -1.006647911929926, 44.930723884743678 ], [ -1.004894289042513, 44.929404166505719 ], [ -1.002295981545462, 44.930555836425924 ], [ -1.000306303481301, 44.929175846140474 ], [ -0.997695846159492, 44.930355822086455 ], [ -0.995515314326505, 44.929289282466272 ], [ -0.998058480432667, 44.932334400817204 ], [ -1.001994959058951, 44.9311238532567 ], [ -1.004499743718667, 44.933879414316372 ], [ -1.006180266487802, 44.932747467130973 ], [ -1.008784074445771, 44.933504618640285 ], [ -1.011879761879048, 44.932776750669873 ], [ -1.013214072535, 44.934050086837388 ], [ -1.01246485156945, 44.935545572704505 ], [ -1.010526192806889, 44.935965864584809 ], [ -1.008845929406659, 44.935175419547335 ], [ -1.006416070241794, 44.93604585191121 ], [ -1.004430247601342, 44.934680633097365 ], [ -1.001825935138221, 44.935845837608319 ], [ -0.999836256921061, 44.934466459896697 ], [ -0.996997580935634, 44.935613837456629 ], [ -0.992271547058852, 44.931467262174159 ], [ -0.989581501493808, 44.935002891479215 ], [ -0.987349585299249, 44.935083035975424 ], [ -0.986034248659379, 44.933874660493395 ], [ -0.985674205486377, 44.936137768541322 ], [ -0.984109101804901, 44.937052652228751 ], [ -0.981498483860161, 44.936287525130297 ], [ -0.981448566362974, 44.933654475459704 ], [ -0.979768952032576, 44.934782673728236 ], [ -0.977435778304818, 44.934282296993594 ], [ -0.976957251939472, 44.932584837871801 ], [ -0.978611081671575, 44.931517324053793 ], [ -0.981521424525505, 44.932855571953255 ], [ -0.98342901761323, 44.931694893531834 ], [ -0.986105742646433, 44.933045386717609 ], [ -0.986807230706054, 44.932289825966109 ], [ -0.987001819351252, 44.930808833786848 ], [ -0.985541857480883, 44.92946981048528 ], [ -0.983014293980429, 44.929515306017578 ], [ -0.981862628935131, 44.92798966496057 ], [ -0.984910959407545, 44.925597359769085 ], [ -0.988557822553187, 44.926599309247926 ], [ -0.98749538521456, 44.920805330806829 ], [ -0.989589501976893, 44.919377776278409 ], [ -0.987462195410419, 44.918111423550819 ], [ -0.98834570550783, 44.916349108361977 ], [ -0.991661239406916, 44.916695082539036 ], [ -0.991903607944717, 44.918417644556264 ], [ -0.990010495613777, 44.919372222486928 ], [ -0.991741351502608, 44.920045080148633 ], [ -0.992158576129021, 44.921388417531503 ] ], [ [ -0.995775379054762, 44.928200238356261 ], [ -0.998351976503233, 44.927021963444169 ], [ -0.997739569400344, 44.925481583343426 ], [ -0.99550002226982, 44.924438231211184 ], [ -0.993051222525559, 44.924757418101329 ], [ -0.992255648050424, 44.926500982947708 ], [ -0.990622225489901, 44.927170685810545 ], [ -0.99116936585847, 44.928004415339679 ], [ -0.993320190007921, 44.926798487478962 ], [ -0.995775379054762, 44.928200238356261 ] ], [ [ -1.005368644864879, 44.924103403739721 ], [ -1.002206359547396, 44.925154273860734 ], [ -1.001955833014288, 44.926850816739645 ], [ -0.999738080507739, 44.927518040733453 ], [ -1.000373687854556, 44.928404201481897 ], [ -1.003445281254398, 44.927306896072537 ], [ -1.003654112904572, 44.925549245149853 ], [ -1.005876558132129, 44.924882274798982 ], [ -1.005368644864879, 44.924103403739721 ] ], [ [ -1.000583995484134, 44.9242107929879 ], [ -1.000812051678911, 44.924011700301619 ], [ -1.000776350021645, 44.92388523238138 ], [ -1.000583995484134, 44.9242107929879 ] ], [ [ -1.005075788292172, 44.928372648567965 ], [ -1.004754789294361, 44.928133118887445 ], [ -1.004965702265204, 44.928575880709104 ], [ -1.005075788292172, 44.928372648567965 ] ], [ [ -0.990356154743713, 44.929555667662584 ], [ -0.991008510497276, 44.929712760659065 ], [ -0.991100625058018, 44.928745632486013 ], [ -0.990356154743713, 44.929555667662584 ] ] ], [ [ [ -0.998397905760084, 44.93939563268728 ], [ -1.001430770320966, 44.940410294248117 ], [ -1.000002139561622, 44.942564362270588 ], [ -0.996969184357332, 44.941549661087819 ], [ -0.998397905760084, 44.93939563268728 ] ] ], [ [ [ -1.001602862799451, 44.94836912606533 ], [ -1.004761698534857, 44.949167676533577 ], [ -1.00363719237837, 44.951410865310507 ], [ -1.000478246287323, 44.950612282368844 ], [ -1.001602862799451, 44.94836912606533 ] ] ], [ [ [ -1.01491704434975, 44.966965739110307 ], [ -1.017951699555918, 44.967979958182326 ], [ -1.016523001039525, 44.970134255817356 ], [ -1.013488255054807, 44.969119997135437 ], [ -1.01491704434975, 44.966965739110307 ] ] ], [ [ [ -0.967497862582853, 44.760017239384126 ], [ -0.968850344868939, 44.761620658155351 ], [ -0.966530253350608, 44.763221515049025 ], [ -0.967410412678552, 44.76466413522224 ], [ -0.970552521540998, 44.76445492029 ], [ -0.971466203396706, 44.766633186893714 ], [ -0.974294195551659, 44.767690870383291 ], [ -0.973709254163636, 44.771075064940007 ], [ -0.975752010342531, 44.773358885298535 ], [ -0.97504947111138, 44.775016044853125 ], [ -0.971887093718461, 44.776472631501193 ], [ -0.96904062883758, 44.776138495524201 ], [ -0.967768010384754, 44.779638077720541 ], [ -0.966206970691109, 44.780552663362812 ], [ -0.963603860864495, 44.779787154445074 ], [ -0.963065412442664, 44.776781575037703 ], [ -0.962868794627201, 44.779013965766246 ], [ -0.960462176573808, 44.779810907984114 ], [ -0.962296258375031, 44.780802905921142 ], [ -0.96249658877994, 44.782235469918724 ], [ -0.960909422900422, 44.784396251601571 ], [ -0.9587280044435, 44.784783561165675 ], [ -0.956961978244549, 44.783398764276356 ], [ -0.957909066148049, 44.781754189151933 ], [ -0.955769129962345, 44.780164332134859 ], [ -0.956540760673905, 44.778833710405486 ], [ -0.958507894107888, 44.778419099810506 ], [ -0.958961343673236, 44.77511600075821 ], [ -0.961273706327323, 44.774025754576918 ], [ -0.95969448152584, 44.773111455683868 ], [ -0.959797360969827, 44.771531494193582 ], [ -0.958390622353417, 44.771699147197793 ], [ -0.95856334173338, 44.774317394121368 ], [ -0.957079932597239, 44.776291537241512 ], [ -0.952826783699729, 44.77742634841232 ], [ -0.952544521256046, 44.778954976123565 ], [ -0.956262493071753, 44.781709287095325 ], [ -0.955187329685307, 44.78356319907784 ], [ -0.952756671481061, 44.783564907098786 ], [ -0.948072218957334, 44.780001594830516 ], [ -0.945941032597785, 44.779554509118057 ], [ -0.945409936912035, 44.782571739401853 ], [ -0.940982474248932, 44.784251356941596 ], [ -0.938467419390033, 44.784443456399764 ], [ -0.934419696459599, 44.783145243064382 ], [ -0.931847232804423, 44.783883421892298 ], [ -0.930194805169472, 44.782818292136703 ], [ -0.930397241958213, 44.781379407055198 ], [ -0.927957399000253, 44.780110174732904 ], [ -0.928661389334869, 44.7784533109972 ], [ -0.930908919906764, 44.778085155457525 ], [ -0.928762145914471, 44.776368168999134 ], [ -0.93014885639532, 44.773627306265467 ], [ -0.927842552573713, 44.772803810563836 ], [ -0.927514153822674, 44.771233874334598 ], [ -0.929854362627359, 44.770118392353744 ], [ -0.936551729192191, 44.771773415225844 ], [ -0.938061858150854, 44.771276878179393 ], [ -0.932005381926795, 44.770545568164337 ], [ -0.929029560177419, 44.769132390339465 ], [ -0.925786277516206, 44.76971460495659 ], [ -0.92313424824475, 44.766910749745342 ], [ -0.923115763571372, 44.765500876230881 ], [ -0.920347279928577, 44.76635150209858 ], [ -0.917900768329533, 44.76494720669961 ], [ -0.915286936770096, 44.765733326050857 ], [ -0.912865016903112, 44.763343134582328 ], [ -0.91139710423563, 44.764454909402318 ], [ -0.909385972904494, 44.764314422633177 ], [ -0.907799833194779, 44.761703310092955 ], [ -0.909389393609271, 44.760029363913084 ], [ -0.908979305941481, 44.758733284337247 ], [ -0.906706892239145, 44.759814651296416 ], [ -0.907690168226164, 44.761566742503909 ], [ -0.907081536201735, 44.762780143316867 ], [ -0.902824465610644, 44.763812065999609 ], [ -0.906551114681541, 44.765260533342953 ], [ -0.912819427061405, 44.764737734481159 ], [ -0.91410215423419, 44.765850161155782 ], [ -0.91370885514824, 44.767262277249444 ], [ -0.906664140514191, 44.768575451849507 ], [ -0.899765103260514, 44.76598194006904 ], [ -0.897922229415246, 44.766813167461535 ], [ -0.899316141125961, 44.767689750016217 ], [ -0.899316736311022, 44.769129394885198 ], [ -0.897296598664962, 44.770091528604752 ], [ -0.894954996873586, 44.768977582102629 ], [ -0.896067758581876, 44.766926824266186 ], [ -0.894585114965227, 44.765897574068461 ], [ -0.894677642843579, 44.764362972402601 ], [ -0.893465356793478, 44.765583867322881 ], [ -0.891454307167721, 44.765725274606567 ], [ -0.889662797653593, 44.762901874596515 ], [ -0.887569572517433, 44.764944164388503 ], [ -0.887541280582795, 44.767180453818263 ], [ -0.884203121479997, 44.767297576397404 ], [ -0.883452300016936, 44.765803148512425 ], [ -0.885226957762424, 44.762024585569897 ], [ -0.884616492911789, 44.761333469575817 ], [ -0.883400521626547, 44.762291870776856 ], [ -0.881379820810811, 44.76229198616916 ], [ -0.879405875669056, 44.759935794983136 ], [ -0.877225980390821, 44.761221544461812 ], [ -0.873443079205915, 44.760337419306765 ], [ -0.872692636454771, 44.75884292218209 ], [ -0.875368241467013, 44.756356416064314 ], [ -0.874599193430154, 44.755801746949807 ], [ -0.871417466514006, 44.759172325982391 ], [ -0.868423003727112, 44.759067346868292 ], [ -0.867717973435258, 44.757410776540773 ], [ -0.86940814271839, 44.755576324994131 ], [ -0.864089482397541, 44.755091824697622 ], [ -0.862808182279968, 44.753160675607781 ], [ -0.865843482466777, 44.751973507143759 ], [ -0.865365608960115, 44.750272630731573 ], [ -0.867890110513678, 44.747408004191442 ], [ -0.870114734257599, 44.747486028816972 ], [ -0.871257330778411, 44.749029681311043 ], [ -0.873425423827231, 44.749522598929509 ], [ -0.874852058565051, 44.748069030224904 ], [ -0.873293133294383, 44.746726996615202 ], [ -0.874336170460219, 44.745073727018948 ], [ -0.871182607673344, 44.744108916520965 ], [ -0.866843914965077, 44.744435085984705 ], [ -0.86529463944662, 44.743034441895823 ], [ -0.863324140204005, 44.745064187293309 ], [ -0.860523229087414, 44.744867227491817 ], [ -0.859656009618731, 44.741592517859566 ], [ -0.86264380623699, 44.740271524005159 ], [ -0.860584495281418, 44.739309537275467 ], [ -0.859474169413622, 44.735531844760487 ], [ -0.856541455602999, 44.736266288366444 ], [ -0.858556653787115, 44.736672826479456 ], [ -0.859329195095148, 44.738002989813197 ], [ -0.857004166786381, 44.739601538712492 ], [ -0.858719396862351, 44.741457785932461 ], [ -0.857039442736094, 44.743150307256116 ], [ -0.857504082894858, 44.745617570676103 ], [ -0.855163459835008, 44.746731515180564 ], [ -0.853055498232632, 44.745616736319406 ], [ -0.852320595573205, 44.743076911027188 ], [ -0.853367538376695, 44.741762636895409 ], [ -0.85253699216037, 44.741465443583081 ], [ -0.851375612126828, 44.742323238743005 ], [ -0.851743997920905, 44.744937686158792 ], [ -0.850093247108827, 44.746003246152128 ], [ -0.848112086777553, 44.745721905539675 ], [ -0.846778262540395, 44.744418490719212 ], [ -0.848024928935934, 44.740985968785147 ], [ -0.846593919872048, 44.741331534976652 ], [ -0.844769170082919, 44.745212213660224 ], [ -0.842351965417832, 44.745041832017861 ], [ -0.84141480673545, 44.743504263995774 ], [ -0.838592899380799, 44.744633304839937 ], [ -0.836611844799189, 44.744351758738063 ], [ -0.835683467501097, 44.742752143072124 ], [ -0.837588525410823, 44.741346699737385 ], [ -0.836500774938504, 44.739356574253037 ], [ -0.837999581481203, 44.737689198056877 ], [ -0.836886124577303, 44.737294617856328 ], [ -0.833666171539713, 44.743672797857556 ], [ -0.830361809243044, 44.743322130871164 ], [ -0.830791088731438, 44.740194002806277 ], [ -0.829974933016682, 44.739760382087184 ], [ -0.828444314660601, 44.74066650550143 ], [ -0.828095306914333, 44.742878135650244 ], [ -0.822932676140551, 44.744584770322071 ], [ -0.82139353048352, 44.742751841718885 ], [ -0.823982516689623, 44.739821000211009 ], [ -0.820211591293631, 44.738741547576907 ], [ -0.819271475831209, 44.737549840786713 ], [ -0.816642470640432, 44.737286595512565 ], [ -0.816603315916061, 44.734821467820787 ], [ -0.814646763210838, 44.733942351248068 ], [ -0.813500731406634, 44.734062863657385 ], [ -0.814190719748401, 44.735710374569983 ], [ -0.812472062961425, 44.73693343533423 ], [ -0.810312351315553, 44.736546504469153 ], [ -0.809609313657785, 44.734889578123457 ], [ -0.81213932142857, 44.733627139059855 ], [ -0.811924139874434, 44.730246025132523 ], [ -0.815262070439984, 44.729918280946556 ], [ -0.815044224670852, 44.726076080037018 ], [ -0.820691140009749, 44.724911095664481 ], [ -0.821114668359342, 44.723306386824611 ], [ -0.817724128033432, 44.72481158449488 ], [ -0.815318884470443, 44.72353783692931 ], [ -0.815714345739521, 44.722126092935028 ], [ -0.818468167965295, 44.720579669504509 ], [ -0.817174025437729, 44.719315810557674 ], [ -0.817925553815028, 44.717821752183198 ], [ -0.819858133261769, 44.717404850376575 ], [ -0.821536170072996, 44.718205498945863 ], [ -0.821935263450474, 44.722853628886924 ], [ -0.823979118372735, 44.721898815423792 ], [ -0.822539050731921, 44.720737985868439 ], [ -0.823081436536228, 44.719198574546894 ], [ -0.826416869914284, 44.719083294770094 ], [ -0.827188410415521, 44.720413673710524 ], [ -0.826070868678694, 44.721761174231879 ], [ -0.827443901209694, 44.722763827080641 ], [ -0.827334074498495, 44.724077446705785 ], [ -0.829770143521546, 44.723232054816009 ], [ -0.827849038755842, 44.72197809588959 ], [ -0.828555247775627, 44.720321903143606 ], [ -0.831237260262579, 44.7200814846857 ], [ -0.832471594968019, 44.71803769753248 ], [ -0.835061175648331, 44.71830996064589 ], [ -0.837904846483218, 44.717137105066008 ], [ -0.840281566860552, 44.719962285090922 ], [ -0.841631339054174, 44.718497780692772 ], [ -0.844226466743112, 44.718773039757423 ], [ -0.844473989185301, 44.721077327960302 ], [ -0.845749832823621, 44.72186702219188 ], [ -0.846544045062481, 44.719907394315321 ], [ -0.849536384068685, 44.720012963136831 ], [ -0.850308483627415, 44.721343181404471 ], [ -0.849382108839735, 44.72259733604799 ], [ -0.850895083422766, 44.723500694552619 ], [ -0.850905435965196, 44.724921408289916 ], [ -0.853034199398811, 44.724193805711977 ], [ -0.850901388871071, 44.722602097257415 ], [ -0.852686900138764, 44.72088678396031 ], [ -0.855483587060685, 44.721953264267611 ], [ -0.854085782369658, 44.724096191653118 ], [ -0.856214632519553, 44.723938642062279 ], [ -0.857986733756813, 44.722126810656995 ], [ -0.860457029064008, 44.722757393121299 ], [ -0.860585263069587, 44.724625820171937 ], [ -0.858192644388808, 44.725726578492093 ], [ -0.860912866233262, 44.725851288881039 ], [ -0.862453569156571, 44.723657594479057 ], [ -0.867965780659462, 44.721974923518424 ], [ -0.869393353710292, 44.724127327650258 ], [ -0.866217828081471, 44.725098887006162 ], [ -0.865608714391986, 44.726141388906932 ], [ -0.867395010969619, 44.727150375554096 ], [ -0.867373428342119, 44.728618480963682 ], [ -0.8722357446761, 44.727934889438508 ], [ -0.873674468738762, 44.730061780608466 ], [ -0.87551597078725, 44.730577781016329 ], [ -0.876163121350201, 44.728397766280153 ], [ -0.879715540398146, 44.728384835454648 ], [ -0.881256146326785, 44.729722886196484 ], [ -0.879824398772778, 44.731523033298501 ], [ -0.880475990978212, 44.732064905906768 ], [ -0.882719722359595, 44.731962142874181 ], [ -0.882944169658321, 44.729104624081373 ], [ -0.885543578775269, 44.728336851485835 ], [ -0.887193561899461, 44.729402626164493 ], [ -0.887349003418149, 44.732490926709623 ], [ -0.889249793097925, 44.733039197297181 ], [ -0.890907662625976, 44.735324996448313 ], [ -0.89151961031072, 44.73371964960166 ], [ -0.893409309849598, 44.733170128475017 ], [ -0.893652642310909, 44.731457424030154 ], [ -0.895895966416494, 44.730794604085091 ], [ -0.897908958695874, 44.732376951641541 ], [ -0.897136579001423, 44.733707143220386 ], [ -0.895410755799705, 44.734139873789573 ], [ -0.896595599393907, 44.73755016248144 ], [ -0.900553370804356, 44.734498495037442 ], [ -0.903006308495127, 44.73593242694556 ], [ -0.901500414755759, 44.737754928276971 ], [ -0.901731004071471, 44.73928140696097 ], [ -0.903403459380903, 44.737385053095103 ], [ -0.9081563299003, 44.737397353092561 ], [ -0.909109205785007, 44.738666712948351 ], [ -0.908428000273588, 44.739932077614419 ], [ -0.90953207736581, 44.740588132450597 ], [ -0.912358998271641, 44.740137751857269 ], [ -0.913709320962542, 44.741576614904289 ], [ -0.912146824932315, 44.743244892172335 ], [ -0.90935791382543, 44.742561900579716 ], [ -0.908346591038525, 44.743072000724993 ], [ -0.907782280296639, 44.744796262820081 ], [ -0.910406751314696, 44.74738226987359 ], [ -0.909657284203853, 44.748876970613843 ], [ -0.905124208276053, 44.750135436279301 ], [ -0.900057659471991, 44.747510709395691 ], [ -0.896153956375138, 44.747925406974666 ], [ -0.892775208507824, 44.746998783153174 ], [ -0.892586045526665, 44.748269298833904 ], [ -0.903180021558472, 44.749388970707557 ], [ -0.903328139059557, 44.751522449540595 ], [ -0.899915777620508, 44.75248636198647 ], [ -0.902489193525423, 44.753109333900689 ], [ -0.904713210936418, 44.751648489187048 ], [ -0.907044812825693, 44.752745946513343 ], [ -0.908762348882677, 44.751894756051321 ], [ -0.910721346089503, 44.752330161734669 ], [ -0.91124868392295, 44.750759954540079 ], [ -0.913700599361218, 44.749988463026085 ], [ -0.911834165704068, 44.749176198882424 ], [ -0.9117238683498, 44.747590890728077 ], [ -0.914205521958118, 44.746644537544704 ], [ -0.915995164548134, 44.747589433670178 ], [ -0.915950015521126, 44.749090698066354 ], [ -0.917317669556024, 44.749263814536704 ], [ -0.919302065146472, 44.747334791811888 ], [ -0.921941394035104, 44.748590001518522 ], [ -0.921058438630975, 44.750351691093961 ], [ -0.918572397514255, 44.750496208006645 ], [ -0.921014113766738, 44.752001942752031 ], [ -0.920377661131798, 44.753816819209405 ], [ -0.917780952774547, 44.754092313403241 ], [ -0.91643731663469, 44.752435841113986 ], [ -0.914831521793262, 44.753149514261395 ], [ -0.916739060979656, 44.754710746043244 ], [ -0.925134288621983, 44.755481382906588 ], [ -0.924514919415544, 44.752643817781546 ], [ -0.926961300705123, 44.751492411184323 ], [ -0.923864462685611, 44.750928136887111 ], [ -0.92322507198401, 44.749113792585796 ], [ -0.924652709260358, 44.748095199910509 ], [ -0.926638003149318, 44.748225788426957 ], [ -0.927832310541818, 44.746473313032091 ], [ -0.929765057808877, 44.746054489404614 ], [ -0.931445511114101, 44.746853480073334 ], [ -0.931969644563161, 44.748758339688457 ], [ -0.936042321921407, 44.748836578400379 ], [ -0.941095865078159, 44.750486928788618 ], [ -0.941829980269914, 44.752552829027202 ], [ -0.943552132035425, 44.751265334172572 ], [ -0.945935136994476, 44.751601569191152 ], [ -0.947047451436216, 44.753615558373156 ], [ -0.944465211449677, 44.755109099911643 ], [ -0.944805613400631, 44.757178694960082 ], [ -0.945392030113309, 44.757866855403407 ], [ -0.948074579495996, 44.756444426331264 ], [ -0.954565128055452, 44.758081442907041 ], [ -0.955317735142119, 44.759575384442179 ], [ -0.953591680676371, 44.762677112568781 ], [ -0.953891794904986, 44.76294694190431 ], [ -0.956159772974489, 44.761508503131786 ], [ -0.956161988487456, 44.758425954543981 ], [ -0.959183448386377, 44.756297315931519 ], [ -0.961165534532708, 44.756576671306625 ], [ -0.96211993103786, 44.757845583543485 ], [ -0.960529738545384, 44.759520775359491 ], [ -0.959801157682972, 44.763747864994848 ], [ -0.961821936572214, 44.763068956467599 ], [ -0.961099655762356, 44.761709227043426 ], [ -0.962050256440443, 44.760438842609105 ], [ -0.967497862582853, 44.760017239384126 ] ], [ [ -0.941209605067657, 44.775993282648443 ], [ -0.939519545253404, 44.775855882104352 ], [ -0.939479375469561, 44.776369945167787 ], [ -0.941209605067657, 44.775993282648443 ] ], [ [ -0.942896798855969, 44.771792112721847 ], [ -0.943016086919111, 44.771881006281923 ], [ -0.943069894399746, 44.771740917300498 ], [ -0.942896798855969, 44.771792112721847 ] ], [ [ -0.939566126634122, 44.767741483517135 ], [ -0.937700189240004, 44.767191608605629 ], [ -0.935661058267895, 44.764390029480261 ], [ -0.936870170157886, 44.767308438261246 ], [ -0.939566126634122, 44.767741483517135 ] ], [ [ -0.941221672734465, 44.764947371248674 ], [ -0.941093849979321, 44.764593095077259 ], [ -0.941025759307258, 44.764553351505171 ], [ -0.941221672734465, 44.764947371248674 ] ], [ [ -0.943294219094184, 44.761654360654084 ], [ -0.944431524334456, 44.760809833051269 ], [ -0.944311124904925, 44.759830636595709 ], [ -0.942715814848849, 44.760159692201533 ], [ -0.943294219094184, 44.761654360654084 ] ], [ [ -0.937299322939396, 44.762467708326419 ], [ -0.940188360301576, 44.757300219770691 ], [ -0.939774682841014, 44.754744123781542 ], [ -0.941433035918664, 44.753675937489177 ], [ -0.941639959001241, 44.752787208392618 ], [ -0.938304556357935, 44.753881642784471 ], [ -0.939600056110056, 44.755741280914258 ], [ -0.93665865365089, 44.761108922895282 ], [ -0.937299322939396, 44.762467708326419 ] ], [ [ -0.96769066609351, 44.771262083570839 ], [ -0.96728016784338, 44.771416400957406 ], [ -0.967906669388617, 44.771408989422817 ], [ -0.96769066609351, 44.771262083570839 ] ], [ [ -0.961222397479869, 44.767480919777491 ], [ -0.960548437026367, 44.767326212880413 ], [ -0.960780167896603, 44.767799907616208 ], [ -0.961222397479869, 44.767480919777491 ] ], [ [ -0.959511633545315, 44.766603806522156 ], [ -0.955566107622911, 44.766185734583367 ], [ -0.953999685872874, 44.764618541355382 ], [ -0.952018224875635, 44.765531467971797 ], [ -0.947806833178816, 44.76432202276272 ], [ -0.945647078949849, 44.764810303352611 ], [ -0.954386325085691, 44.766938508370202 ], [ -0.959511633545315, 44.766603806522156 ] ], [ [ -0.963407527402086, 44.766901638674902 ], [ -0.964166000444641, 44.767509281080208 ], [ -0.964453932911856, 44.766764477438521 ], [ -0.963407527402086, 44.766901638674902 ] ], [ [ -0.969943727242553, 44.767526824272927 ], [ -0.968919011984792, 44.767836322645628 ], [ -0.969726209555399, 44.768056127100152 ], [ -0.969943727242553, 44.767526824272927 ] ], [ [ -0.949357354573377, 44.762081642378725 ], [ -0.949176450616108, 44.760143682848451 ], [ -0.948293140391936, 44.762538011263892 ], [ -0.949357354573377, 44.762081642378725 ] ], [ [ -0.954766777824066, 44.770288819008456 ], [ -0.951689502353004, 44.769570415145509 ], [ -0.951537318302431, 44.769624619392168 ], [ -0.952580538975337, 44.770968446525082 ], [ -0.953780213162072, 44.771200206110819 ], [ -0.954766777824066, 44.770288819008456 ] ], [ [ -0.947726772978981, 44.769770356970334 ], [ -0.946704622265115, 44.768080801924533 ], [ -0.944101436448172, 44.768662717030857 ], [ -0.947726772978981, 44.769770356970334 ] ], [ [ -0.913996240440969, 44.760124588272255 ], [ -0.916589393008689, 44.761644092008481 ], [ -0.914752765246782, 44.759977872140709 ], [ -0.916069196421546, 44.75821202851553 ], [ -0.915668663070109, 44.756617734375801 ], [ -0.913996240440969, 44.760124588272255 ] ], [ [ -0.910733912363049, 44.756817213389382 ], [ -0.9098299270931, 44.755161584497124 ], [ -0.908643709161174, 44.755208398131607 ], [ -0.907965737873863, 44.756013955746852 ], [ -0.909540638133389, 44.757916752382222 ], [ -0.910733912363049, 44.756817213389382 ] ], [ [ -0.934357031977928, 44.752042590945251 ], [ -0.931083713635997, 44.752330580901038 ], [ -0.934028156301215, 44.753589989313717 ], [ -0.934357031977928, 44.752042590945251 ] ], [ [ -0.914123787647873, 44.75001418444517 ], [ -0.913977055472614, 44.7499914991811 ], [ -0.913869405121908, 44.749991535963993 ], [ -0.914123787647873, 44.75001418444517 ] ], [ [ -0.933032847087993, 44.759948257636147 ], [ -0.933388763757445, 44.756674177741914 ], [ -0.93011570383494, 44.759152838874947 ], [ -0.927081116901232, 44.758972400686176 ], [ -0.925757666550117, 44.757715091561394 ], [ -0.919794572279845, 44.759218233052835 ], [ -0.9210316103139, 44.760372833994552 ], [ -0.924223612020946, 44.759845429687601 ], [ -0.925345162863956, 44.761545082559309 ], [ -0.927322516482119, 44.760638507779234 ], [ -0.930009855022353, 44.761378542278784 ], [ -0.930177848116387, 44.764935915179656 ], [ -0.928868107536927, 44.766365910215704 ], [ -0.931512984291126, 44.76608850371094 ], [ -0.931092242221394, 44.762174153633566 ], [ -0.933032847087993, 44.759948257636147 ] ], [ [ -0.92510270326104, 44.762568090632101 ], [ -0.923807208980985, 44.762874867444467 ], [ -0.924204165897485, 44.764689144122968 ], [ -0.925988527318979, 44.763646636716445 ], [ -0.92510270326104, 44.762568090632101 ] ], [ [ -0.918794130962854, 44.763334149111586 ], [ -0.918610346645291, 44.763391728136398 ], [ -0.918602108374537, 44.763451650237528 ], [ -0.918794130962854, 44.763334149111586 ] ], [ [ -0.929208049810847, 44.75583261250064 ], [ -0.929180707508908, 44.755856384138269 ], [ -0.929210951264876, 44.755853458944273 ], [ -0.929208049810847, 44.75583261250064 ] ], [ [ -0.926301160503966, 44.756352397408094 ], [ -0.925915780059333, 44.756188644156005 ], [ -0.926072306679991, 44.756574950983058 ], [ -0.926301160503966, 44.756352397408094 ] ], [ [ -0.93976108236469, 44.780032527240209 ], [ -0.938344820968627, 44.779961554376321 ], [ -0.938267894941975, 44.781219637959325 ], [ -0.939518968212705, 44.781079387758112 ], [ -0.93976108236469, 44.780032527240209 ] ], [ [ -0.935760531419437, 44.774668501595734 ], [ -0.934508986603141, 44.774677767343164 ], [ -0.93405256028046, 44.775517960343137 ], [ -0.934814917401796, 44.775896246974973 ], [ -0.935760531419437, 44.774668501595734 ] ], [ [ -0.935197536202739, 44.778108705387886 ], [ -0.932401150002721, 44.779004856940091 ], [ -0.932576127067027, 44.779990272098281 ], [ -0.936055247309345, 44.778708445276926 ], [ -0.935197536202739, 44.778108705387886 ] ], [ [ -0.904524204806111, 44.744857857438213 ], [ -0.902784170361777, 44.745035425969554 ], [ -0.900256735514787, 44.74433873098679 ], [ -0.904520457422627, 44.746410752379326 ], [ -0.904524204806111, 44.744857857438213 ] ], [ [ -0.888258880028937, 44.746965689587874 ], [ -0.887573173418012, 44.744343237277441 ], [ -0.888876662199889, 44.743048232763989 ], [ -0.887617550811024, 44.74329153839615 ], [ -0.885417242122741, 44.747079611855945 ], [ -0.886141536522171, 44.747638030041692 ], [ -0.888258880028937, 44.746965689587874 ] ], [ [ -0.882154636944695, 44.745427169560529 ], [ -0.881525000938964, 44.742771771483 ], [ -0.880448777284127, 44.747061023943147 ], [ -0.882154636944695, 44.745427169560529 ] ], [ [ -0.873768777686736, 44.738313747093699 ], [ -0.873308210359508, 44.737474441323819 ], [ -0.872472975284038, 44.738852670495831 ], [ -0.873768777686736, 44.738313747093699 ] ], [ [ -0.873019122165324, 44.735587736256129 ], [ -0.875956363429578, 44.734491529718881 ], [ -0.872524978956376, 44.733221528153905 ], [ -0.873019122165324, 44.735587736256129 ] ], [ [ -0.889521832599947, 44.738223393397632 ], [ -0.888612222609788, 44.740073976042083 ], [ -0.889430662293858, 44.740505792785697 ], [ -0.8903343905685, 44.739216098335547 ], [ -0.889521832599947, 44.738223393397632 ] ], [ [ -0.883357613226126, 44.738800054156279 ], [ -0.883182570265862, 44.739127241959274 ], [ -0.883541813045443, 44.738854420299305 ], [ -0.883357613226126, 44.738800054156279 ] ], [ [ -0.878373081719722, 44.738077784612557 ], [ -0.878884891147356, 44.738254786683413 ], [ -0.878747744918514, 44.73780716681631 ], [ -0.878373081719722, 44.738077784612557 ] ], [ [ -0.881349905485981, 44.735150577974956 ], [ -0.880480146699636, 44.735410795469299 ], [ -0.882020283234311, 44.735601567617053 ], [ -0.881349905485981, 44.735150577974956 ] ], [ [ -0.89587035107602, 44.739381850594242 ], [ -0.894781503413371, 44.740030310133875 ], [ -0.896221907578664, 44.740026710125193 ], [ -0.89587035107602, 44.739381850594242 ] ], [ [ -0.893760065582624, 44.74276090504619 ], [ -0.893349224732833, 44.744118155079768 ], [ -0.893809262324439, 44.744460370782051 ], [ -0.895219966791363, 44.743417113899774 ], [ -0.893760065582624, 44.74276090504619 ] ], [ [ -0.887548066288981, 44.754056244295064 ], [ -0.887016698113047, 44.754828755500739 ], [ -0.888334038989256, 44.754343255575662 ], [ -0.887548066288981, 44.754056244295064 ] ], [ [ -0.885980469639532, 44.755511843634864 ], [ -0.886021027411851, 44.755585325454796 ], [ -0.886113231323067, 44.755461265180649 ], [ -0.885980469639532, 44.755511843634864 ] ], [ [ -0.882270042906736, 44.757602735253109 ], [ -0.878934020956483, 44.757171544963796 ], [ -0.879234139413994, 44.758804249121859 ], [ -0.880315087431669, 44.75775600504533 ], [ -0.882270042906736, 44.757602735253109 ] ], [ [ -0.89588153260117, 44.751513426244053 ], [ -0.892863488599786, 44.751521191120595 ], [ -0.892219824340144, 44.752331340486208 ], [ -0.89588153260117, 44.751513426244053 ] ], [ [ -0.888974663419692, 44.750771227522847 ], [ -0.886097217113579, 44.749594712327813 ], [ -0.885258580904449, 44.751138927476696 ], [ -0.887621930937776, 44.751363774399152 ], [ -0.888974663419692, 44.750771227522847 ] ], [ [ -0.881400277589024, 44.749809259822378 ], [ -0.880631239833665, 44.748129020547509 ], [ -0.878584048012398, 44.749877649740498 ], [ -0.881400277589024, 44.749809259822378 ] ], [ [ -0.880329773494879, 44.754100735742718 ], [ -0.880885300285906, 44.754122941517132 ], [ -0.881005830730655, 44.753927882569542 ], [ -0.880329773494879, 44.754100735742718 ] ], [ [ -0.878550254413416, 44.753839258053418 ], [ -0.877782919723428, 44.753466233747709 ], [ -0.878435369880105, 44.753855543872028 ], [ -0.878550254413416, 44.753839258053418 ] ], [ [ -0.903763129446622, 44.759485329315488 ], [ -0.902317951552577, 44.75803378087889 ], [ -0.902287056953569, 44.759829332739088 ], [ -0.903763129446622, 44.759485329315488 ] ], [ [ -0.897369983059671, 44.757763087871531 ], [ -0.896741466834244, 44.758222876378106 ], [ -0.897741707685085, 44.758810076895017 ], [ -0.897719911679087, 44.758563315058325 ], [ -0.897369983059671, 44.757763087871531 ] ], [ [ -0.892707418013538, 44.758425550824242 ], [ -0.891905634180392, 44.757845295247954 ], [ -0.891947266386074, 44.759102315621845 ], [ -0.892707418013538, 44.758425550824242 ] ], [ [ -0.884633505334766, 44.760246575597854 ], [ -0.887195740318402, 44.757835513389693 ], [ -0.884209850811004, 44.758411549895762 ], [ -0.884633505334766, 44.760246575597854 ] ], [ [ -0.895562358565823, 44.761483253990278 ], [ -0.894455944889032, 44.761946870067248 ], [ -0.895182327420411, 44.762727063311374 ], [ -0.8969127600461, 44.762178456015064 ], [ -0.895562358565823, 44.761483253990278 ] ], [ [ -0.825565003219248, 44.724995488156132 ], [ -0.82564686711015, 44.725384603442428 ], [ -0.826125855167012, 44.724882570166841 ], [ -0.825565003219248, 44.724995488156132 ] ], [ [ -0.821826256763237, 44.726114139964693 ], [ -0.822048015410294, 44.725939634672116 ], [ -0.821728928948667, 44.725828928336995 ], [ -0.821826256763237, 44.726114139964693 ] ], [ [ -0.847327864659703, 44.722882655124224 ], [ -0.845870220593875, 44.722053018950419 ], [ -0.845549483340289, 44.723677913617237 ], [ -0.847327864659703, 44.722882655124224 ] ], [ [ -0.838401305734462, 44.7241518311071 ], [ -0.839403049229317, 44.722694029845215 ], [ -0.837804996884301, 44.722711709149316 ], [ -0.835795302752812, 44.724485455969919 ], [ -0.833314745090358, 44.723539007521971 ], [ -0.833701145772684, 44.721688741207828 ], [ -0.836215071171059, 44.721228307055284 ], [ -0.835748861808225, 44.720020071954337 ], [ -0.834488459567592, 44.721082294124166 ], [ -0.832382809200656, 44.721048537252749 ], [ -0.832164747065345, 44.722436339103147 ], [ -0.830679851300933, 44.723207942398695 ], [ -0.83233621295314, 44.724005299552559 ], [ -0.832569578532217, 44.725352352752942 ], [ -0.836827735513907, 44.725078265073698 ], [ -0.837979772383171, 44.727829374747365 ], [ -0.839320554270105, 44.727922884537641 ], [ -0.840480355857918, 44.726273404849771 ], [ -0.838401305734462, 44.7241518311071 ] ], [ [ -0.841835974355817, 44.721602658120979 ], [ -0.84046602787372, 44.722123515467906 ], [ -0.839926892468936, 44.722495979579143 ], [ -0.841330919097459, 44.72243653234851 ], [ -0.841835974355817, 44.721602658120979 ] ], [ [ -0.86878820445402, 44.733489457928478 ], [ -0.867820408433933, 44.731936435282421 ], [ -0.865957742145729, 44.732719881736237 ], [ -0.867724410977418, 44.734466404183465 ], [ -0.86878820445402, 44.733489457928478 ] ], [ [ -0.851826242564047, 44.73560602907105 ], [ -0.849886267874169, 44.734376894376666 ], [ -0.849736568008644, 44.73591659344352 ], [ -0.851826242564047, 44.73560602907105 ] ], [ [ -0.844482495380758, 44.7340433213081 ], [ -0.844726507785251, 44.734573656209832 ], [ -0.844749089848623, 44.734820208788271 ], [ -0.844482495380758, 44.7340433213081 ] ], [ [ -0.842605689737381, 44.736690850952932 ], [ -0.841511420847423, 44.738938028320689 ], [ -0.841934670351382, 44.741475854769497 ], [ -0.843762118764181, 44.737717848128376 ], [ -0.842605689737381, 44.736690850952932 ] ], [ [ -0.8366338863586, 44.734975408564274 ], [ -0.836523196499019, 44.734864862609022 ], [ -0.83629917219865, 44.734797774993716 ], [ -0.8366338863586, 44.734975408564274 ] ], [ [ -0.834980392485229, 44.733503478778296 ], [ -0.834970974856936, 44.733668460894968 ], [ -0.83502973085263, 44.733690874971977 ], [ -0.834980392485229, 44.733503478778296 ] ], [ [ -0.820588936175406, 44.735071498414307 ], [ -0.820578464124992, 44.735880181378313 ], [ -0.821590969279948, 44.735708453875375 ], [ -0.821573456950192, 44.735378335344102 ], [ -0.820588936175406, 44.735071498414307 ] ], [ [ -0.858845784198598, 44.729001510293401 ], [ -0.859554923320372, 44.729217125875394 ], [ -0.859627601240634, 44.728930660024361 ], [ -0.858845784198598, 44.729001510293401 ] ], [ [ -0.852947942446581, 44.728103259214045 ], [ -0.851487635050147, 44.728251377262218 ], [ -0.85126710584275, 44.728875991681221 ], [ -0.852947942446581, 44.728103259214045 ] ], [ [ -0.846379539904894, 44.731298489733035 ], [ -0.842326868668351, 44.730419632673787 ], [ -0.841737464002239, 44.730845806412312 ], [ -0.844111662969978, 44.732369004383457 ], [ -0.846379539904894, 44.731298489733035 ] ], [ [ -0.838822825523081, 44.731138747216491 ], [ -0.838831897694857, 44.73114663479604 ], [ -0.838847966470773, 44.731135191228489 ], [ -0.838822825523081, 44.731138747216491 ] ], [ [ -0.836090160768961, 44.729700634893149 ], [ -0.834919004053156, 44.729938648533924 ], [ -0.836517272907527, 44.730466127406039 ], [ -0.836090160768961, 44.729700634893149 ] ], [ [ -0.823694533722114, 44.731909910679207 ], [ -0.821722746453353, 44.731496665725814 ], [ -0.821179399424987, 44.730975576538512 ], [ -0.821481274956504, 44.73228885577381 ], [ -0.823694533722114, 44.731909910679207 ] ], [ [ -0.820970639225793, 44.73047446839945 ], [ -0.819910144545578, 44.729351493079548 ], [ -0.819921605186585, 44.729705430579081 ], [ -0.820970639225793, 44.73047446839945 ] ], [ [ -0.81617902734626, 44.731168692162171 ], [ -0.81648833497533, 44.731064546385568 ], [ -0.816127993087163, 44.730901748932496 ], [ -0.81617902734626, 44.731168692162171 ] ], [ [ -0.84684294341977, 44.727741875730459 ], [ -0.844073187105201, 44.726226851005137 ], [ -0.843479664982518, 44.72659657492845 ], [ -0.844068804250069, 44.727688444056554 ], [ -0.84684294341977, 44.727741875730459 ] ], [ [ -0.827957574255232, 44.728313652686033 ], [ -0.8282487179849, 44.72869960349972 ], [ -0.828497571674415, 44.728809073185602 ], [ -0.827957574255232, 44.728313652686033 ] ], [ [ -0.821684376434933, 44.726977423728627 ], [ -0.821801171880397, 44.72677147767196 ], [ -0.821801244809908, 44.726695817596045 ], [ -0.821684376434933, 44.726977423728627 ] ], [ [ -0.81985555474183, 44.728022583144991 ], [ -0.819467954722518, 44.728568093219927 ], [ -0.819709893340204, 44.728858552072104 ], [ -0.81985555474183, 44.728022583144991 ] ], [ [ -0.830088662736994, 44.7324546858951 ], [ -0.827957507223197, 44.732828050691204 ], [ -0.830123404790597, 44.733319853964325 ], [ -0.830088662736994, 44.7324546858951 ] ], [ [ -0.868038331682816, 44.737629559376529 ], [ -0.863835311679449, 44.737108234662905 ], [ -0.865056575226653, 44.738343227094781 ], [ -0.864236150205655, 44.739878474181225 ], [ -0.866505302824578, 44.741375582219931 ], [ -0.867790411835931, 44.741170880999185 ], [ -0.866153400936254, 44.739526845400626 ], [ -0.868038331682816, 44.737629559376529 ] ], [ [ -0.825688212551527, 44.739731594856117 ], [ -0.825607774400209, 44.739588085766385 ], [ -0.825377463469027, 44.739678995424043 ], [ -0.825688212551527, 44.739731594856117 ] ], [ [ -0.873403492133597, 44.752580428299574 ], [ -0.869712961898962, 44.751576926770944 ], [ -0.869012668879753, 44.752183328688915 ], [ -0.873403492133597, 44.752580428299574 ] ], [ [ -0.866847308480111, 44.752436661020425 ], [ -0.866846582066628, 44.752436503936195 ], [ -0.866847030493273, 44.752436823545771 ], [ -0.866847308480111, 44.752436661020425 ] ] ], [ [ [ -0.976111026739206, 44.775528551118647 ], [ -0.97836546193144, 44.776488224762673 ], [ -0.977983444795445, 44.778339028481206 ], [ -0.974948599000659, 44.778622518152602 ], [ -0.973247167472302, 44.779812626302231 ], [ -0.971084707440922, 44.779428824732925 ], [ -0.970916666832227, 44.77705088754481 ], [ -0.973951448143608, 44.776767508400262 ], [ -0.976111026739206, 44.775528551118647 ] ] ], [ [ [ -0.982416412378642, 44.780799031903193 ], [ -0.985015099896441, 44.781070997511492 ], [ -0.985568366874223, 44.783037735270355 ], [ -0.98378005014181, 44.78398502656642 ], [ -0.981804694481626, 44.783540473223148 ], [ -0.981543741086533, 44.785548974969863 ], [ -0.978782032924571, 44.785942885246982 ], [ -0.977651654322169, 44.783702152945189 ], [ -0.979440065286854, 44.782754960589862 ], [ -0.981415374662168, 44.783199555942176 ], [ -0.981136151886085, 44.781913119203573 ], [ -0.982416412378642, 44.780799031903193 ] ] ], [ [ [ -0.970454764931523, 44.889978868159972 ], [ -0.97268517991334, 44.89005483706719 ], [ -0.975750699421751, 44.892345362266639 ], [ -0.975263366044577, 44.894701066550738 ], [ -0.972634778736091, 44.894795177156233 ], [ -0.969569252589562, 44.892504564223763 ], [ -0.969171776724409, 44.891092857161809 ], [ -0.970454764931523, 44.889978868159972 ] ] ], [ [ [ -0.980088846751648, 44.909735514796786 ], [ -0.983119776999833, 44.910750666743446 ], [ -0.981691198496727, 44.912904480193731 ], [ -0.978660177751789, 44.911889288611796 ], [ -0.980088846751648, 44.909735514796786 ] ] ], [ [ [ -0.985333988110994, 44.910618994494854 ], [ -0.988490467050795, 44.9114179980999 ], [ -0.987366066974084, 44.913660996921294 ], [ -0.984209477864122, 44.912861960828323 ], [ -0.985333988110994, 44.910618994494854 ] ] ], [ [ [ -0.98117871629718, 44.916715519285546 ], [ -0.984210043349009, 44.917730643658473 ], [ -0.98278132896397, 44.919884475698616 ], [ -0.979749911389842, 44.918869311690869 ], [ -0.98117871629718, 44.916715519285546 ] ] ], [ [ [ -0.979258653829167, 44.924885501527292 ], [ -0.982290387627872, 44.925900680776124 ], [ -0.980861391442499, 44.928054493450787 ], [ -0.977829567100463, 44.927039274565068 ], [ -0.979258653829167, 44.924885501527292 ] ] ], [ [ [ -0.974818621957585, 44.93589546429218 ], [ -0.977850870541947, 44.936910767989957 ], [ -0.976421423325682, 44.939064530678401 ], [ -0.973389084174784, 44.938049187339367 ], [ -0.974818621957585, 44.93589546429218 ] ] ], [ [ [ -0.990588166004969, 44.93662557765574 ], [ -0.993620739469791, 44.937640451425231 ], [ -0.992191879301401, 44.939794417307681 ], [ -0.989159215223836, 44.938779503909977 ], [ -0.990588166004969, 44.93662557765574 ] ] ], [ [ [ -0.985993386464233, 44.942838985790516 ], [ -0.989151688367757, 44.943637978382625 ], [ -0.988026668684917, 44.945881005597869 ], [ -0.984868256483093, 44.945081980516854 ], [ -0.985993386464233, 44.942838985790516 ] ] ], [ [ [ -0.981818237788597, 44.948935508639565 ], [ -0.984851318273172, 44.949950625323012 ], [ -0.983421807525469, 44.952104486317076 ], [ -0.980388636412756, 44.951089329997338 ], [ -0.981818237788597, 44.948935508639565 ] ] ], [ [ [ -0.981208198115067, 44.952915502390034 ], [ -0.984241482857557, 44.953930636896963 ], [ -0.98281184720459, 44.956084492563505 ], [ -0.979778471822788, 44.955069318419561 ], [ -0.981208198115067, 44.952915502390034 ] ] ], [ [ [ -0.977223401001021, 44.95515890009996 ], [ -0.979994906236172, 44.955547682814704 ], [ -0.980286239097522, 44.95752941668912 ], [ -0.984365834708584, 44.957703966915908 ], [ -0.985869520896376, 44.958878651868162 ], [ -0.986585261724099, 44.963447756746426 ], [ -0.981159317646314, 44.966262681605443 ], [ -0.978280204371509, 44.965041239447032 ], [ -0.980036368725986, 44.962401498494565 ], [ -0.975970378592627, 44.960381191128924 ], [ -0.977762290903738, 44.958327146229017 ], [ -0.9758948256609, 44.956929177322223 ], [ -0.977223401001021, 44.95515890009996 ] ], [ [ -0.978843213497529, 44.95833624728229 ], [ -0.979013691125778, 44.958270597153088 ], [ -0.978747708178268, 44.958322850801096 ], [ -0.978843213497529, 44.95833624728229 ] ] ], [ [ [ -0.958606330887372, 44.8210487936148 ], [ -0.961757398860622, 44.82184853363497 ], [ -0.960633723991906, 44.824091197890958 ], [ -0.957482546260098, 44.823291425360416 ], [ -0.958606330887372, 44.8210487936148 ] ] ], [ [ [ -0.95256088159505, 44.821445361008294 ], [ -0.955586552697651, 44.8224612352302 ], [ -0.954159163473132, 44.824614634068212 ], [ -0.951133402234169, 44.823598720193687 ], [ -0.95256088159505, 44.821445361008294 ] ] ], [ [ [ -0.959450629996585, 44.825475408524554 ], [ -0.962476642629396, 44.826491096203206 ], [ -0.961049415087608, 44.828644586545721 ], [ -0.958023312286414, 44.827628859219836 ], [ -0.959450629996585, 44.825475408524554 ] ] ], [ [ [ -0.954980163942234, 44.867075354935444 ], [ -0.958008337504188, 44.868091178215572 ], [ -0.956579881202582, 44.870244640101518 ], [ -0.953551617350993, 44.869228777167912 ], [ -0.954980163942234, 44.867075354935444 ] ] ], [ [ [ -0.949995713349337, 44.868178691659509 ], [ -0.953149303476243, 44.868978688448493 ], [ -0.952024341612308, 44.871221299810578 ], [ -0.948870641562109, 44.870421270500174 ], [ -0.949995713349337, 44.868178691659509 ] ] ], [ [ [ -0.951370147021953, 44.875415324742754 ], [ -0.953385362823053, 44.875555054813788 ], [ -0.95649054906035, 44.87772569643694 ], [ -0.956002534441736, 44.880081305381118 ], [ -0.953579656083092, 44.880252703281606 ], [ -0.950269398222654, 44.878004229392786 ], [ -0.949872510302363, 44.876592459731114 ], [ -0.951370147021953, 44.875415324742754 ] ] ], [ [ [ -0.959269884435721, 44.878195380259285 ], [ -0.961285219674216, 44.878334967097715 ], [ -0.964340503747268, 44.880535561215019 ], [ -0.963852794095946, 44.882891206725063 ], [ -0.961429818440198, 44.883062776034123 ], [ -0.958169445428499, 44.880784365467697 ], [ -0.957839566979909, 44.879214463147903 ], [ -0.959269884435721, 44.878195380259285 ] ] ], [ [ [ -0.952953181201937, 44.881386418861759 ], [ -0.954745432340425, 44.883100961859022 ], [ -0.952463559711491, 44.885891652536195 ], [ -0.949636702989948, 44.886543568784809 ], [ -0.947504654502783, 44.884842581365966 ], [ -0.947841831158611, 44.886648487271934 ], [ -0.945824734775696, 44.887611087584027 ], [ -0.946874669738406, 44.888626465300447 ], [ -0.948010548430998, 44.887026685858707 ], [ -0.950445686838956, 44.887025081782205 ], [ -0.951572432461742, 44.888221390163913 ], [ -0.950822181159064, 44.889716439215263 ], [ -0.948884644289214, 44.890135650143648 ], [ -0.947215372951246, 44.889353577375879 ], [ -0.944978278650637, 44.891191545242634 ], [ -0.942494487760957, 44.88957745250039 ], [ -0.93840259271969, 44.890444106926601 ], [ -0.940545807548889, 44.892491264515037 ], [ -0.937792065382017, 44.895836628342806 ], [ -0.935626196347315, 44.896223501372326 ], [ -0.933924308260308, 44.895050696441757 ], [ -0.9312940859677, 44.896035598469474 ], [ -0.929370555283774, 44.894845272100845 ], [ -0.927902773145015, 44.895717975183352 ], [ -0.928347821514595, 44.896850738879351 ], [ -0.930793977932485, 44.896246525716428 ], [ -0.933669390305159, 44.89839460515384 ], [ -0.936545789481426, 44.897784384496461 ], [ -0.938490556738914, 44.899023613320516 ], [ -0.939980145834381, 44.898065231506955 ], [ -0.941996146553985, 44.898205169250183 ], [ -0.943146116513674, 44.899731209321075 ], [ -0.94156859641341, 44.901519580040627 ], [ -0.943813204726218, 44.903622232684477 ], [ -0.946479426209945, 44.903871498713144 ], [ -0.947198644719706, 44.905491666958163 ], [ -0.949239280346543, 44.905332781295158 ], [ -0.949386838431911, 44.903815789278759 ], [ -0.952657253642861, 44.901814909129676 ], [ -0.953765044204268, 44.899548711141328 ], [ -0.955995816880233, 44.899625015387826 ], [ -0.958000469341783, 44.901302302291789 ], [ -0.958977294441277, 44.899323696314966 ], [ -0.961580520013888, 44.899047223481702 ], [ -0.962912887239183, 44.90032115008492 ], [ -0.962206166252848, 44.902380853843326 ], [ -0.963448233408858, 44.902508922536683 ], [ -0.964197144180888, 44.900533770684206 ], [ -0.966173926665004, 44.900119772169525 ], [ -0.967319798295864, 44.898696892660787 ], [ -0.969335420682761, 44.898554102666907 ], [ -0.970838589185396, 44.900547157047491 ], [ -0.967929035301303, 44.902502980717742 ], [ -0.969599652687407, 44.904170939195417 ], [ -0.970021603116207, 44.906695341730327 ], [ -0.967445086536852, 44.907795716903614 ], [ -0.961264630456334, 44.905485760875415 ], [ -0.960747120780184, 44.907079348478284 ], [ -0.958644826421283, 44.907615689484274 ], [ -0.956959171480488, 44.906817068918066 ], [ -0.956375926037587, 44.904906321836286 ], [ -0.953950328503792, 44.906834677159729 ], [ -0.950630790516873, 44.906267233877003 ], [ -0.950483259614458, 44.907784228687341 ], [ -0.948448419440737, 44.908651550620704 ], [ -0.945211772711229, 44.906787184869437 ], [ -0.945068645731625, 44.908575736231576 ], [ -0.946843360976609, 44.909961488232845 ], [ -0.946044344478894, 44.91240177076493 ], [ -0.944025777571361, 44.913081699819408 ], [ -0.941525213531652, 44.912187967570347 ], [ -0.940477615423147, 44.913357004936046 ], [ -0.940686988782261, 44.915759668666531 ], [ -0.935213401958871, 44.916745666662813 ], [ -0.931335449196732, 44.915061562765089 ], [ -0.93077387765999, 44.913583938395973 ], [ -0.928858774989828, 44.912630894416537 ], [ -0.92882083940158, 44.911254056748348 ], [ -0.926078560550942, 44.910516505425768 ], [ -0.925878701973714, 44.909083816077406 ], [ -0.927432424052641, 44.908038760919588 ], [ -0.926572095509087, 44.90611005674365 ], [ -0.923192160914348, 44.910636843241562 ], [ -0.921485106117005, 44.911071675549344 ], [ -0.919697754130941, 44.910393716231219 ], [ -0.919457636933033, 44.908671001678563 ], [ -0.921932747880824, 44.907285881523599 ], [ -0.919706773284908, 44.90436798845262 ], [ -0.921229333361302, 44.902541368456355 ], [ -0.92083193164859, 44.901459588705592 ], [ -0.918845045350762, 44.902111668191175 ], [ -0.917058010624284, 44.901433668275921 ], [ -0.915176624351646, 44.898713806926366 ], [ -0.918285758428454, 44.896984402240243 ], [ -0.918263859373199, 44.895966876465188 ], [ -0.913209886267275, 44.895972799834546 ], [ -0.911639500392111, 44.892613533027109 ], [ -0.913985085410603, 44.891498341612163 ], [ -0.916122977675562, 44.892666378884066 ], [ -0.919004275020267, 44.891746588929159 ], [ -0.920686515080379, 44.892874637460821 ], [ -0.9233361453764, 44.891924428661831 ], [ -0.925244227486045, 44.893079272626174 ], [ -0.927886011531226, 44.892114414388487 ], [ -0.929809417144313, 44.893304765453266 ], [ -0.932445877448875, 44.892314400084395 ], [ -0.934375663302537, 44.893519341083113 ], [ -0.936909694432136, 44.890990851860394 ], [ -0.93460942799965, 44.890186655929291 ], [ -0.934870189279626, 44.888202188568336 ], [ -0.933153072200585, 44.88698029662023 ], [ -0.934848061328681, 44.884541843152647 ], [ -0.932919174478049, 44.885495242293928 ], [ -0.930317424096579, 44.884343711557889 ], [ -0.927018847863416, 44.885132463901563 ], [ -0.925664730881201, 44.883693693965256 ], [ -0.926928497473345, 44.882003243686832 ], [ -0.929093877817772, 44.881616541952447 ], [ -0.930772548465818, 44.882736325072152 ], [ -0.933174490603982, 44.881758326899771 ], [ -0.935321909941356, 44.88294819343183 ], [ -0.938325903060092, 44.882605216446493 ], [ -0.939452859614072, 44.884295729307716 ], [ -0.937486484630405, 44.885711369838624 ], [ -0.939663162833461, 44.887108363029043 ], [ -0.945945404018864, 44.884257422050865 ], [ -0.945407151057745, 44.88292444579821 ], [ -0.946530701607119, 44.881726672007503 ], [ -0.952953181201937, 44.881386418861759 ] ], [ [ -0.924398172003383, 44.895463202196737 ], [ -0.924825746616279, 44.894650764794093 ], [ -0.924117762958388, 44.895680819864317 ], [ -0.924398172003383, 44.895463202196737 ] ], [ [ -0.936694020079081, 44.907761929571869 ], [ -0.935983330893287, 44.909499300537668 ], [ -0.936806947909997, 44.909803340726022 ], [ -0.937112368014283, 44.90834161935129 ], [ -0.936694020079081, 44.907761929571869 ] ], [ [ -0.930608523240712, 44.908552507633672 ], [ -0.930289089993047, 44.910305956870666 ], [ -0.931584112428333, 44.910191100403935 ], [ -0.931849420435732, 44.908703707882381 ], [ -0.930608523240712, 44.908552507633672 ] ], [ [ -0.938029413636143, 44.900516424537884 ], [ -0.936106588795743, 44.901522796484201 ], [ -0.937519837246666, 44.902155742571729 ], [ -0.938541424188976, 44.901200399481759 ], [ -0.938029413636143, 44.900516424537884 ] ], [ [ -0.935263414565357, 44.901507201098724 ], [ -0.929158415858815, 44.900516591348619 ], [ -0.925256230209915, 44.900780110220673 ], [ -0.92554515958771, 44.901761572269116 ], [ -0.927312222733181, 44.901098430073887 ], [ -0.929019748334157, 44.901531749408846 ], [ -0.929956172693885, 44.904533012192786 ], [ -0.932997355771466, 44.90566150973595 ], [ -0.933398883757579, 44.902603968212823 ], [ -0.935263414565357, 44.901507201098724 ] ], [ [ -0.924143094963493, 44.900060383097724 ], [ -0.924489195779397, 44.9001308074481 ], [ -0.92436169653895, 44.899888414199687 ], [ -0.924143094963493, 44.900060383097724 ] ], [ [ -0.938269962902095, 44.904074960839829 ], [ -0.938363549689601, 44.903973373553441 ], [ -0.938296264993284, 44.90393419316726 ], [ -0.938269962902095, 44.904074960839829 ] ], [ [ -0.937979990873869, 44.904635081862573 ], [ -0.937150012803168, 44.906631620844507 ], [ -0.938394883512698, 44.905919853664052 ], [ -0.937979990873869, 44.904635081862573 ] ], [ [ -0.934992126156818, 44.912926053438255 ], [ -0.935044323034474, 44.912858756183049 ], [ -0.934883615593367, 44.91283224360285 ], [ -0.934992126156818, 44.912926053438255 ] ], [ [ -0.941655418958997, 44.90890960139361 ], [ -0.941734776308671, 44.910102063460101 ], [ -0.942571307985226, 44.909234253409771 ], [ -0.941655418958997, 44.90890960139361 ] ] ], [ [ [ -0.959015479417355, 44.882124184681587 ], [ -0.960562937736144, 44.883955283983056 ], [ -0.958024527136661, 44.886038431325446 ], [ -0.959843156793349, 44.886588024445167 ], [ -0.960433104541159, 44.88796528703142 ], [ -0.957744911816494, 44.889385677290356 ], [ -0.953906778780949, 44.88708190930172 ], [ -0.953317000440009, 44.885704612438076 ], [ -0.955827833064006, 44.882803657570769 ], [ -0.959015479417355, 44.882124184681587 ] ] ], [ [ [ -0.962759658345689, 44.887145400954637 ], [ -0.965789055381431, 44.88816101848137 ], [ -0.964360386842217, 44.890314594062161 ], [ -0.961330899430662, 44.889298936887172 ], [ -0.962759658345689, 44.887145400954637 ] ] ], [ [ [ -0.95997940651182, 44.910305369585302 ], [ -0.963010003636733, 44.911321070191264 ], [ -0.961580638709536, 44.913474625413052 ], [ -0.958549951141912, 44.912458885155118 ], [ -0.95997940651182, 44.910305369585302 ] ] ], [ [ [ -0.965369241736832, 44.911185407995767 ], [ -0.96839998395124, 44.912200961873381 ], [ -0.966970803493429, 44.914354586999636 ], [ -0.963939970818494, 44.913338993474461 ], [ -0.965369241736832, 44.911185407995767 ] ] ], [ [ [ -0.967048950311278, 44.928275411902526 ], [ -0.970080646328425, 44.929290925210459 ], [ -0.968651094948885, 44.931444583077699 ], [ -0.96561930841141, 44.930429030122568 ], [ -0.967048950311278, 44.928275411902526 ] ] ], [ [ [ -0.918472996768477, 44.740085159950027 ], [ -0.921493678147838, 44.741101935314155 ], [ -0.92006704812238, 44.743254835209136 ], [ -0.917046276961301, 44.742238020169161 ], [ -0.918472996768477, 44.740085159950027 ] ] ], [ [ [ -0.926402773174062, 44.740105216992184 ], [ -0.929423598878109, 44.741121776153385 ], [ -0.927997271727789, 44.743274778163716 ], [ -0.924976356220039, 44.742258179333213 ], [ -0.926402773174062, 44.740105216992184 ] ] ], [ [ [ -0.922081253035568, 44.855785123813135 ], [ -0.925019194969237, 44.856649233289964 ], [ -0.923961923400632, 44.858865445782818 ], [ -0.924811799316182, 44.860416036264546 ], [ -0.922080787876453, 44.863076840602332 ], [ -0.920143955707647, 44.863495546660062 ], [ -0.918148160661898, 44.861583872464195 ], [ -0.919537862519115, 44.859257824006647 ], [ -0.921243336118625, 44.858584023752684 ], [ -0.92058352601093, 44.856961856372521 ], [ -0.922081253035568, 44.855785123813135 ] ] ], [ [ [ -0.938966197607732, 44.857908595915262 ], [ -0.942119053921003, 44.858708903327482 ], [ -0.940993857321263, 44.860951395569096 ], [ -0.937840891149996, 44.860151055624819 ], [ -0.938966197607732, 44.857908595915262 ] ] ], [ [ [ -0.943450410154706, 44.872635269101806 ], [ -0.945465506460161, 44.872775142766343 ], [ -0.948580594746128, 44.874895832704148 ], [ -0.948092272852187, 44.877251404775059 ], [ -0.945669492485029, 44.87742262995507 ], [ -0.942349350682926, 44.875224092963499 ], [ -0.941952681559052, 44.873812296244779 ], [ -0.943450410154706, 44.872635269101806 ] ] ], [ [ [ -0.918853338462639, 44.881217038497454 ], [ -0.924739236882255, 44.882261843381443 ], [ -0.923309143881724, 44.884414886715348 ], [ -0.91860377852982, 44.884825553110161 ], [ -0.916711562193281, 44.883706737234164 ], [ -0.914043644531788, 44.884615538783123 ], [ -0.912157385593742, 44.883510355227664 ], [ -0.909493510956048, 44.884385524471298 ], [ -0.90749761262248, 44.882967729306785 ], [ -0.909991514657813, 44.880714688420227 ], [ -0.912589422840666, 44.881859073091924 ], [ -0.915434269231423, 44.881026612859984 ], [ -0.917098414102494, 44.882113300261935 ], [ -0.918853338462639, 44.881217038497454 ] ] ], [ [ [ -0.922240803282423, 44.88707510924197 ], [ -0.92425636503453, 44.887215368412583 ], [ -0.925344821786855, 44.888277524313217 ], [ -0.926821092443386, 44.887066453260324 ], [ -0.928836399980053, 44.886924398565682 ], [ -0.930270502001135, 44.889076136930456 ], [ -0.928136993452648, 44.890502920196987 ], [ -0.925255168979522, 44.889252521721609 ], [ -0.922243411659005, 44.890245560729035 ], [ -0.920674379335892, 44.888578362760605 ], [ -0.922240803282423, 44.88707510924197 ] ] ], [ [ [ -0.951064697864286, 44.92273867570411 ], [ -0.954221370376307, 44.923538655621037 ], [ -0.953095357205542, 44.925781315718957 ], [ -0.949938574553863, 44.92498130327894 ], [ -0.951064697864286, 44.92273867570411 ] ] ], [ [ [ -0.931139990346235, 44.926485154136678 ], [ -0.934170939236133, 44.927501646194884 ], [ -0.932740054861099, 44.929654840859953 ], [ -0.929709015556529, 44.928638309124928 ], [ -0.931139990346235, 44.926485154136678 ] ] ], [ [ [ -0.889463961720395, 44.729624957293758 ], [ -0.892483557554081, 44.730642519723446 ], [ -0.891056083113679, 44.732795037886262 ], [ -0.888036397611842, 44.731777435757337 ], [ -0.889463961720395, 44.729624957293758 ] ] ], [ [ [ -0.879713760846742, 44.76323486838686 ], [ -0.882734984395739, 44.764252708683642 ], [ -0.881306284027425, 44.766405126768866 ], [ -0.878284970730094, 44.765387246762756 ], [ -0.879713760846742, 44.76323486838686 ] ] ], [ [ [ -0.890379164718206, 44.766198199193191 ], [ -0.893526189055063, 44.766999861773144 ], [ -0.892400889976673, 44.769241792393451 ], [ -0.889253756250056, 44.768440097237196 ], [ -0.890379164718206, 44.766198199193191 ] ] ], [ [ [ -0.877843756356402, 44.767274852722799 ], [ -0.880865163056425, 44.768292745423203 ], [ -0.879436288521624, 44.770445142430262 ], [ -0.87641479206555, 44.769427210018748 ], [ -0.877843756356402, 44.767274852722799 ] ] ], [ [ [ -0.882899324498148, 44.76856812973196 ], [ -0.886046374816702, 44.769370005338132 ], [ -0.884920730192837, 44.771611861856464 ], [ -0.881773570492307, 44.77080995366633 ], [ -0.882899324498148, 44.76856812973196 ] ] ], [ [ [ -0.889743386473928, 44.769714936879289 ], [ -0.892765139542418, 44.77073250606189 ], [ -0.891336658424468, 44.772885058266809 ], [ -0.888314815559186, 44.771867449382789 ], [ -0.889743386473928, 44.769714936879289 ] ] ], [ [ [ -0.913591410572318, 44.861555059804473 ], [ -0.916618537418395, 44.862572009914345 ], [ -0.915188634506177, 44.864724935254287 ], [ -0.912161417503106, 44.863707945457044 ], [ -0.913591410572318, 44.861555059804473 ] ] ], [ [ [ -0.91255677670378, 44.865468351153375 ], [ -0.915709680928174, 44.866269410467872 ], [ -0.914583278209936, 44.86851164033785 ], [ -0.911430264158114, 44.867710548464331 ], [ -0.91255677670378, 44.865468351153375 ] ] ], [ [ [ -0.91241151456816, 44.869164702091496 ], [ -0.914349169862791, 44.869581971818903 ], [ -0.915124746458624, 44.87074658119527 ], [ -0.912759953134347, 44.873098431538345 ], [ -0.914315022386581, 44.874761822691198 ], [ -0.912099093720439, 44.87635933268502 ], [ -0.912623056534437, 44.877108484568943 ], [ -0.914965024286062, 44.875998348764945 ], [ -0.917163060716264, 44.877328473933837 ], [ -0.919504888754261, 44.876218343948779 ], [ -0.921619072705067, 44.877331906887413 ], [ -0.921421761164094, 44.878764752604674 ], [ -0.918668961644375, 44.880814918305923 ], [ -0.913413672908542, 44.879017263607302 ], [ -0.910353219601462, 44.880115470409152 ], [ -0.908080807803607, 44.878027866137614 ], [ -0.908278457222799, 44.876595044475955 ], [ -0.910160956869531, 44.875780664329604 ], [ -0.908530365186797, 44.871633474322543 ], [ -0.91241151456816, 44.869164702091496 ] ] ], [ [ [ -0.889195790841096, 44.873428376911029 ], [ -0.891110729193884, 44.874244180604471 ], [ -0.891309576551531, 44.87567691682171 ], [ -0.889167663812303, 44.877263968028565 ], [ -0.887152602939523, 44.87740530253879 ], [ -0.885720451692372, 44.875253015703628 ], [ -0.889195790841096, 44.873428376911029 ] ] ], [ [ [ -0.900751562256258, 44.876374960007013 ], [ -0.905833947135079, 44.877038880566566 ], [ -0.906957332907094, 44.881198476097062 ], [ -0.904777056137554, 44.882471583241362 ], [ -0.901857056366085, 44.881332481708966 ], [ -0.900182595944575, 44.884992548026204 ], [ -0.897705201324973, 44.885623299920745 ], [ -0.895914670697684, 44.884073060421535 ], [ -0.897314731947568, 44.88200682307982 ], [ -0.895375774684311, 44.881460983132271 ], [ -0.894832774155949, 44.879921320740543 ], [ -0.896989281803359, 44.877792816413127 ], [ -0.900751562256258, 44.876374960007013 ] ] ], [ [ [ -0.886257190202792, 44.882058103256654 ], [ -0.888680427456163, 44.882227534730823 ], [ -0.891051078117089, 44.883864179075921 ], [ -0.891285140252569, 44.885214410029086 ], [ -0.893531950811659, 44.885876771624361 ], [ -0.893041223431568, 44.888232109185914 ], [ -0.890617801807749, 44.888402133914568 ], [ -0.889264510351191, 44.886840723256782 ], [ -0.887176540235015, 44.88791160461664 ], [ -0.883937901115844, 44.887193096755553 ], [ -0.883610061137235, 44.885622971488985 ], [ -0.885334049037282, 44.884546990490627 ], [ -0.884972712964422, 44.883171116377895 ], [ -0.886257190202792, 44.882058103256654 ] ] ], [ [ [ -0.908731219457082, 44.884635013271271 ], [ -0.91175950285293, 44.885652103308722 ], [ -0.910328825651738, 44.887804981770024 ], [ -0.907300452038252, 44.886787852039753 ], [ -0.908731219457082, 44.884635013271271 ] ] ], [ [ [ -0.918300943849228, 44.885015081916947 ], [ -0.921329421109206, 44.886031911152109 ], [ -0.9198991012735, 44.88818491312005 ], [ -0.916870533768064, 44.887168044200003 ], [ -0.918300943849228, 44.885015081916947 ] ] ], [ [ [ -0.82053620807315, 44.707994474966739 ], [ -0.823553397269988, 44.7090139080195 ], [ -0.822123836631184, 44.711165520259954 ], [ -0.819106558025678, 44.710146047452426 ], [ -0.82053620807315, 44.707994474966739 ] ] ], [ [ [ -0.807116555096107, 44.710184377519461 ], [ -0.810133618641686, 44.711204177038326 ], [ -0.808703489593129, 44.713355617710903 ], [ -0.805686336669075, 44.712335778426123 ], [ -0.807116555096107, 44.710184377519461 ] ] ], [ [ [ -0.825421936360867, 44.709617638006407 ], [ -0.828564872630673, 44.710421128446541 ], [ -0.827438118150425, 44.712662353660896 ], [ -0.824295072858032, 44.711858830581981 ], [ -0.825421936360867, 44.709617638006407 ] ] ], [ [ [ -0.830735877016415, 44.711104546301641 ], [ -0.833753417505083, 44.71212370257269 ], [ -0.832324167706969, 44.714275448918215 ], [ -0.829306537771529, 44.713256252900628 ], [ -0.830735877016415, 44.711104546301641 ] ] ], [ [ [ -0.812226389213026, 44.711744413235955 ], [ -0.815243628891424, 44.712764074106133 ], [ -0.81381365548576, 44.714915581990951 ], [ -0.810796326409788, 44.713895881358937 ], [ -0.812226389213026, 44.711744413235955 ] ] ], [ [ [ -0.793756900056664, 44.712404280532454 ], [ -0.79677384054851, 44.713424444863584 ], [ -0.795343144617603, 44.715575714701487 ], [ -0.792326114777221, 44.714555510593307 ], [ -0.793756900056664, 44.712404280532454 ] ] ], [ [ [ -0.817356222760883, 44.713304449103653 ], [ -0.82037363893131, 44.714323970775077 ], [ -0.81894382194748, 44.716475546119852 ], [ -0.815926316360322, 44.715455984690713 ], [ -0.817356222760883, 44.713304449103653 ] ] ], [ [ [ -0.79885673459045, 44.713954316167317 ], [ -0.801873850534591, 44.71497434212877 ], [ -0.800443310093337, 44.71712567906323 ], [ -0.79742610478162, 44.716105613328821 ], [ -0.79885673459045, 44.713954316167317 ] ] ], [ [ [ -0.821874757662481, 44.715107083563893 ], [ -0.828296713574147, 44.715013269673967 ], [ -0.830505108363253, 44.717291089246864 ], [ -0.829378293628263, 44.719532339797098 ], [ -0.827154831230782, 44.719453498113495 ], [ -0.825124947793391, 44.717507722751193 ], [ -0.822931973787743, 44.718125159808253 ], [ -0.821144830907745, 44.71717877123848 ], [ -0.821874757662481, 44.715107083563893 ] ] ], [ [ [ -0.840721439256784, 44.714277774735386 ], [ -0.843864853931593, 44.715080832266125 ], [ -0.842738615280914, 44.717322216920309 ], [ -0.839595091530712, 44.716519126765888 ], [ -0.840721439256784, 44.714277774735386 ] ] ], [ [ [ -0.803946569400079, 44.715504351738339 ], [ -0.806963860612401, 44.716524239597391 ], [ -0.805533475293216, 44.718675643488822 ], [ -0.802516094694303, 44.717655715860886 ], [ -0.803946569400079, 44.715504351738339 ] ] ], [ [ [ -0.8458112736965, 44.715837820231869 ], [ -0.848954848060545, 44.716640733737144 ], [ -0.847828780850001, 44.718882171419928 ], [ -0.844685097392956, 44.718079225296016 ], [ -0.8458112736965, 44.715837820231869 ] ] ], [ [ [ -0.809056403499701, 44.717064387454649 ], [ -0.81207387087547, 44.718084136665027 ], [ -0.810643641203147, 44.720235607769091 ], [ -0.807626084421679, 44.719215818793941 ], [ -0.809056403499701, 44.717064387454649 ] ] ], [ [ [ -0.851125215114713, 44.717324688993102 ], [ -0.854143457970919, 44.718343291911609 ], [ -0.852714829646764, 44.720495306213095 ], [ -0.849696497267605, 44.719476663564471 ], [ -0.851125215114713, 44.717324688993102 ] ] ], [ [ [ -0.814196236748563, 44.718624423393806 ], [ -0.81674081490292, 44.719080348778419 ], [ -0.81712385553524, 44.72093096655594 ], [ -0.813492392544968, 44.723314721812756 ], [ -0.811268623778582, 44.723391325511194 ], [ -0.810146170910676, 44.721148939874681 ], [ -0.814196236748563, 44.718624423393806 ] ] ], [ [ [ -0.807686282073967, 44.728414371143593 ], [ -0.810704333067707, 44.729434161854343 ], [ -0.809273762645013, 44.731585624071165 ], [ -0.80625562221331, 44.730565793593826 ], [ -0.807686282073967, 44.728414371143593 ] ] ], [ [ [ -0.804636281412829, 44.734554345802017 ], [ -0.807654606387748, 44.735574221854037 ], [ -0.806223763311684, 44.737725649408787 ], [ -0.803205348887741, 44.736705733587293 ], [ -0.804636281412829, 44.734554345802017 ] ] ], [ [ [ -0.863324458713326, 44.746544759975059 ], [ -0.866344489658552, 44.747563041042937 ], [ -0.86491558611154, 44.749715235201514 ], [ -0.861895465516581, 44.748696914411823 ], [ -0.863324458713326, 44.746544759975059 ] ] ], [ [ [ -0.874132248603603, 44.880964766422721 ], [ -0.87634069884647, 44.881197691887991 ], [ -0.877279514656942, 44.882746572478432 ], [ -0.880610625636981, 44.882377637153482 ], [ -0.881102246330052, 44.88473287475427 ], [ -0.878917913253221, 44.886015206654569 ], [ -0.876709262788285, 44.885782332082599 ], [ -0.875796417692484, 44.884115021410786 ], [ -0.87270024803321, 44.88311715681445 ], [ -0.874132248603603, 44.880964766422721 ] ] ] ] } }
]
}
