{
"type": "FeatureCollection",
"name": "perimetre",
"crs": { "type": "name", "properties": { "name": "urn:ogc:def:crs:OGC:1.3:CRS84" } },
"features": [
{ "type": "Feature", "properties": { "surface_ha": 2.05 }, "geometry": { "type": "Polygon", "coordinates": [ [ [ 1.728365965363744, 42.731293088319951 ], [ 1.728373323422237, 42.730932956602665 ], [ 1.728617573457118, 42.730935668569302 ], [ 1.728621251729483, 42.730755602684745 ], [ 1.728377002400785, 42.730752890735118 ], [ 1.728384360256476, 42.730392758982184 ], [ 1.728628608172828, 42.730395470897889 ], [ 1.728632286343813, 42.730215404995526 ], [ 1.728876533587795, 42.730218116373514 ], [ 1.728872856122975, 42.730398182292831 ], [ 1.729361352124617, 42.7304036035206 ], [ 1.72936502817711, 42.730223537567291 ], [ 1.729853522901516, 42.730228956678225 ], [ 1.72985719750792, 42.730048890685062 ], [ 1.729612950834991, 42.730046181406927 ], [ 1.729616626113786, 42.729866115424798 ], [ 1.729860872080563, 42.729868824685951 ], [ 1.729864546619446, 42.729688758680901 ], [ 1.730108791913837, 42.729691467404393 ], [ 1.730105118081098, 42.72987153342639 ], [ 1.730349364115386, 42.729874241646129 ], [ 1.73035303724198, 42.729694175607158 ], [ 1.730597282603868, 42.729696883289222 ], [ 1.730600954990573, 42.729516817227335 ], [ 1.731333689160226, 42.72952493709839 ], [ 1.731330018891942, 42.729705003211109 ], [ 1.731574264388751, 42.729707708810295 ], [ 1.731570594792894, 42.729887774934056 ], [ 1.73132634858994, 42.729885069317888 ], [ 1.731322678254215, 42.730065135418755 ], [ 1.731078431378825, 42.730062429264926 ], [ 1.731071089193888, 42.73042256141489 ], [ 1.731315337481605, 42.730425267602619 ], [ 1.731311667044718, 42.730605333685688 ], [ 1.730578920164237, 42.730597213509476 ], [ 1.730575247575089, 42.730777279535715 ], [ 1.730330997976225, 42.730774571751908 ], [ 1.730338344533132, 42.730414439727411 ], [ 1.730094096380366, 42.730411731456797 ], [ 1.730090422412614, 42.730591797455062 ], [ 1.72984617358743, 42.730589088646745 ], [ 1.729849848261353, 42.730409022665448 ], [ 1.729605600176102, 42.730406313353377 ], [ 1.729594573934515, 42.730946511228524 ], [ 1.729106073628255, 42.730941090940377 ], [ 1.729098719806917, 42.731301222759548 ], [ 1.728365965363744, 42.731293088319951 ] ], [ [ 1.730582592719645, 42.730417147477304 ], [ 1.730826840939901, 42.730419854706462 ], [ 1.730834184537165, 42.730059722590404 ], [ 1.730589937729237, 42.730057015395147 ], [ 1.730582592719645, 42.730417147477304 ] ], [ [ 1.730097770314364, 42.730231665452578 ], [ 1.730342017760963, 42.730234373706246 ], [ 1.730345690955048, 42.730054307679147 ], [ 1.730101444214607, 42.730051599442476 ], [ 1.730097770314364, 42.730231665452578 ] ], [ [ 1.730345690955048, 42.730054307679147 ], [ 1.730589937729237, 42.730057015395147 ], [ 1.730593610183423, 42.729876949345147 ], [ 1.730349364115386, 42.729874241646129 ], [ 1.730345690955048, 42.730054307679147 ] ] ] } },
{ "type": "Feature", "properties": { "surface_ha": 4.97 }, "geometry": { "type": "Polygon", "coordinates": [ [ [ 1.73968178341553, 42.727455834068486 ], [ 1.739696366509786, 42.726735566976174 ], [ 1.739207897338879, 42.726730190196839 ], [ 1.739211544440796, 42.726550123442586 ], [ 1.738967310611643, 42.726547434288761 ], [ 1.738970958386089, 42.726367367545421 ], [ 1.738726725296483, 42.72636467788778 ], [ 1.738730373743445, 42.726184611155361 ], [ 1.738486141393386, 42.726181920993945 ], [ 1.738489790512854, 42.72600185427244 ], [ 1.738245558902343, 42.725999163607177 ], [ 1.738249208694301, 42.725819096896593 ], [ 1.738004977823336, 42.725816405727564 ], [ 1.738008628287772, 42.725636339027858 ], [ 1.737764398156352, 42.725633647355053 ], [ 1.737768049293254, 42.725453580666311 ], [ 1.738256508177626, 42.725458963457633 ], [ 1.738260157868995, 42.725278896729229 ], [ 1.738748615475494, 42.725284277404263 ], [ 1.738752263721352, 42.725104210636218 ], [ 1.73899649186889, 42.72510690017593 ], [ 1.739003786848098, 42.724746766588396 ], [ 1.739248013617182, 42.724749455573786 ], [ 1.739233426348677, 42.725469722792511 ], [ 1.740210345055789, 42.725480473797163 ], [ 1.740213989099178, 42.725300406934039 ], [ 1.739969760078165, 42.725297719980688 ], [ 1.739973404794068, 42.72511765312845 ], [ 1.740217633109089, 42.725120340064983 ], [ 1.74022492102848, 42.724760206309099 ], [ 1.740469147965011, 42.724762892691338 ], [ 1.740465504728035, 42.7249429595891 ], [ 1.740709732404015, 42.724945645467535 ], [ 1.740706089839555, 42.725125712376176 ], [ 1.740950318254987, 42.725128397750829 ], [ 1.740953960113463, 42.724948330825335 ], [ 1.741686643442517, 42.724956383775023 ], [ 1.741683003702004, 42.725136450750902 ], [ 1.741438775186218, 42.725133766938164 ], [ 1.741431494192883, 42.725493900838522 ], [ 1.741675724120666, 42.725496584684883 ], [ 1.741672084279837, 42.725676651642956 ], [ 1.741427853646049, 42.725673967779827 ], [ 1.741424213065767, 42.725854034715169 ], [ 1.74166844440557, 42.725856718595125 ], [ 1.741664804497862, 42.726036785541368 ], [ 1.742153268689822, 42.726042151772958 ], [ 1.742149630160729, 42.726222218746841 ], [ 1.741905397342006, 42.726219535874591 ], [ 1.741901758073451, 42.726399602825744 ], [ 1.741657524582126, 42.726396919416004 ], [ 1.741650244532628, 42.726757053266923 ], [ 1.741406009662659, 42.726754369302924 ], [ 1.741413291124243, 42.726394235485614 ], [ 1.741169057699808, 42.72639155103456 ], [ 1.741165416279701, 42.726571617929373 ], [ 1.74092118218268, 42.726568932940815 ], [ 1.740924824308826, 42.726388866062848 ], [ 1.740680590951305, 42.726386180570486 ], [ 1.740673305253467, 42.726746314286878 ], [ 1.740917540023072, 42.726748999812905 ], [ 1.740910255603474, 42.72710913353918 ], [ 1.73993331107745, 42.727098388176536 ], [ 1.7399296659932, 42.727278454963482 ], [ 1.740173902780555, 42.727281142101987 ], [ 1.740170258368889, 42.72746120889984 ], [ 1.73968178341553, 42.727455834068486 ] ], [ [ 1.74043635762725, 42.726383494557432 ], [ 1.740680590951305, 42.726386180570486 ], [ 1.740684233750024, 42.726206113703377 ], [ 1.740440001132001, 42.726203427707155 ], [ 1.74043635762725, 42.726383494557432 ] ], [ [ 1.740443644603279, 42.726023360850952 ], [ 1.740687876515276, 42.726026046830334 ], [ 1.740691519247062, 42.72584597995138 ], [ 1.740447288041084, 42.725843293988824 ], [ 1.740443644603279, 42.726023360850952 ] ] ] } },
{ "type": "Feature", "properties": { "surface_ha": 1.04 }, "geometry": { "type": "Polygon", "coordinates": [ [ [ 1.742404776381814, 42.725684700108566 ], [ 1.742412051794002, 42.725324566085632 ], [ 1.741679363928055, 42.72531651772087 ], [ 1.741683003702004, 42.725136450750902 ], [ 1.742415689449968, 42.725144499065273 ], [ 1.742426602217352, 42.724604297968568 ], [ 1.742182375719217, 42.724601615768151 ], [ 1.742186013947479, 42.72442154874085 ], [ 1.742430239739643, 42.72442423092447 ], [ 1.742433877228518, 42.724244163874445 ], [ 1.742189652142317, 42.724241481707608 ], [ 1.742196928431722, 42.72388134762334 ], [ 1.742685375813728, 42.723886711369197 ], [ 1.742678102348137, 42.724246845520646 ], [ 1.742922327501167, 42.724249526646211 ], [ 1.742918691424219, 42.724429593729838 ], [ 1.743407143242413, 42.724434954452711 ], [ 1.7433998738122, 42.724795088669289 ], [ 1.743155646474457, 42.724792408534597 ], [ 1.743152011003279, 42.724972475617207 ], [ 1.742907782992949, 42.724969794945103 ], [ 1.74289687426103, 42.725509996106958 ], [ 1.742652644166117, 42.725507314863833 ], [ 1.742649007149322, 42.725687381889124 ], [ 1.742404776381814, 42.725684700108566 ] ], [ [ 1.742667191899171, 42.724787046703312 ], [ 1.743155646474457, 42.724792408534597 ], [ 1.743159281912236, 42.724612341446047 ], [ 1.742670828748905, 42.724606979648343 ], [ 1.742667191899171, 42.724787046703312 ] ] ] } },
{ "type": "Feature", "properties": { "surface_ha": 1.32 }, "geometry": { "type": "Polygon", "coordinates": [ [ [ 1.804757291077083, 42.722570196317463 ], [ 1.804760748089133, 42.722390125007259 ], [ 1.804272301093752, 42.722385026129281 ], [ 1.804275759485954, 42.722204954845097 ], [ 1.804031536741872, 42.722202404641131 ], [ 1.804038454842852, 42.721842262087051 ], [ 1.803794233542438, 42.721839711394409 ], [ 1.803797693251197, 42.721659640124457 ], [ 1.804774575819747, 42.721669839707381 ], [ 1.80477111893473, 42.721849911041218 ], [ 1.805015340362216, 42.721852459651373 ], [ 1.8050257088042, 42.721312245584265 ], [ 1.805269928145646, 42.721314793625929 ], [ 1.805263017294596, 42.721674936375173 ], [ 1.805751458896425, 42.721680030960499 ], [ 1.805758366923764, 42.72131988814747 ], [ 1.806002586360424, 42.721322434627311 ], [ 1.80599222638961, 42.721862648885896 ], [ 1.805748004835157, 42.721860102358185 ], [ 1.805741096617424, 42.72222024513578 ], [ 1.805496873682808, 42.722217698055566 ], [ 1.805489963926224, 42.722577840777618 ], [ 1.804757291077083, 42.722570196317463 ] ], [ [ 1.804764205069426, 42.72221005369115 ], [ 1.805008427908802, 42.722212602333236 ], [ 1.805011884151385, 42.722032530995278 ], [ 1.804767662017958, 42.722029982369122 ], [ 1.804764205069426, 42.72221005369115 ] ] ] } },
{ "type": "Feature", "properties": { "surface_ha": 1.77 }, "geometry": { "type": "Polygon", "coordinates": [ [ [ 1.763246789298598, 42.721769217463304 ], [ 1.763250366253489, 42.721589148902453 ], [ 1.76300614964499, 42.721586511253456 ], [ 1.76301330486795, 42.721226374147001 ], [ 1.762769089704076, 42.721223736010451 ], [ 1.762765511403153, 42.721403804550093 ], [ 1.762521295566276, 42.721401165876458 ], [ 1.762524874573076, 42.721221097353336 ], [ 1.762280659474955, 42.721218458175606 ], [ 1.762294977996801, 42.720498184089976 ], [ 1.762539190271485, 42.720500823201562 ], [ 1.76255350544385, 42.719780548954972 ], [ 1.762797714928076, 42.719783187479898 ], [ 1.762804870905371, 42.719423050288007 ], [ 1.763293287149165, 42.719428325710098 ], [ 1.763289710588575, 42.719608394342046 ], [ 1.763778128375418, 42.719613667714988 ], [ 1.763763827451124, 42.720333942315634 ], [ 1.763519615717961, 42.720331305823393 ], [ 1.76351603969893, 42.72051137444226 ], [ 1.763027614919478, 42.720506099863051 ], [ 1.76301688243013, 42.721046305584913 ], [ 1.763261096921001, 42.721048943184364 ], [ 1.763257520064688, 42.721229011762979 ], [ 1.763501735294288, 42.721231648858364 ], [ 1.763498159110995, 42.72141171744758 ], [ 1.763742375079324, 42.721414354038913 ], [ 1.763738799569063, 42.721594422638724 ], [ 1.763494582894848, 42.721591786030871 ], [ 1.763491006645848, 42.721771854608249 ], [ 1.763246789298598, 42.721769217463304 ] ], [ [ 1.763031192350198, 42.720326031277224 ], [ 1.763275404017651, 42.720328668810581 ], [ 1.763278980709668, 42.72014860020235 ], [ 1.763034769748052, 42.7201459626855 ], [ 1.763031192350198, 42.720326031277224 ] ] ] } },
{ "type": "Feature", "properties": { "surface_ha": 33.3 }, "geometry": { "type": "Polygon", "coordinates": [ [ [ 1.727725230197849, 42.726783302294685 ], [ 1.727728910517185, 42.726603236341511 ], [ 1.726507746090008, 42.72658966292682 ], [ 1.726511429905657, 42.726409597052715 ], [ 1.726267197827749, 42.726406880824818 ], [ 1.726270882315573, 42.726226814961805 ], [ 1.726026650977533, 42.726224098230269 ], [ 1.726022965783691, 42.726404164076278 ], [ 1.72577873377349, 42.726401446807074 ], [ 1.725775047839772, 42.726581512630126 ], [ 1.725286582508918, 42.726576076495746 ], [ 1.725290269854683, 42.726396010706743 ], [ 1.725046037946087, 42.726393291875603 ], [ 1.725042349894303, 42.726573357647553 ], [ 1.724553884766723, 42.726567918389279 ], [ 1.724561263660485, 42.72620778690753 ], [ 1.724317032559571, 42.726205066531492 ], [ 1.724328102764006, 42.725664869315459 ], [ 1.724083873814996, 42.725662148469901 ], [ 1.724087564521328, 42.725482082736391 ], [ 1.723843336312211, 42.725479361387208 ], [ 1.723839644899891, 42.7256594271037 ], [ 1.722862729578668, 42.725648536432516 ], [ 1.722870118017265, 42.725288405130065 ], [ 1.722625890683755, 42.725285681194812 ], [ 1.722629585558119, 42.725105615551719 ], [ 1.722141132404884, 42.725100166153467 ], [ 1.722148524875629, 42.724740034917758 ], [ 1.722392750023346, 42.72474275984306 ], [ 1.722400140946367, 42.724382628549456 ], [ 1.722644364716133, 42.724385352920024 ], [ 1.722651754091483, 42.724025221568496 ], [ 1.722163309409643, 42.724019772375051 ], [ 1.722170701472919, 42.723659641068011 ], [ 1.721926480594774, 42.723656915724511 ], [ 1.721922783874194, 42.723836981363924 ], [ 1.72167856232409, 42.723834255482743 ], [ 1.72168225975059, 42.723654189860419 ], [ 1.721438038940375, 42.723651463475719 ], [ 1.721430642641563, 42.72401159468027 ], [ 1.721674864863624, 42.724014321099112 ], [ 1.721671167369189, 42.724194386709584 ], [ 1.721182721547178, 42.724188933317123 ], [ 1.721193818164132, 42.723648736570439 ], [ 1.72094959742187, 42.723646009144517 ], [ 1.720945897877614, 42.723826074715618 ], [ 1.720701676463421, 42.723823346752049 ], [ 1.720705376713595, 42.723643281198036 ], [ 1.720461156039312, 42.723640552730942 ], [ 1.720464856961404, 42.723460487188078 ], [ 1.719976417126665, 42.72345502872632 ], [ 1.719980119426567, 42.723274963211715 ], [ 1.719491681139685, 42.723269502701747 ], [ 1.719499088461026, 42.722909371723098 ], [ 1.719254870780405, 42.722906640721462 ], [ 1.719251166430857, 42.723086706196661 ], [ 1.719006948078378, 42.723083974657314 ], [ 1.719010653133816, 42.722903909199232 ], [ 1.718278000398294, 42.722895711509047 ], [ 1.718281707537341, 42.722715646096383 ], [ 1.71803749073282, 42.722712912508946 ], [ 1.71804490632049, 42.722352781700017 ], [ 1.718777552600984, 42.722360980797866 ], [ 1.71878496381725, 42.722000849862468 ], [ 1.719517606168964, 42.722009044172502 ], [ 1.719525013013982, 42.721648913110691 ], [ 1.719769225787574, 42.72165164347205 ], [ 1.719772928453212, 42.721471577915096 ], [ 1.719528716385457, 42.721468847570854 ], [ 1.719532419722911, 42.721288782025077 ], [ 1.719288208395008, 42.72128605117738 ], [ 1.719291912404267, 42.721105985642765 ], [ 1.719536123026344, 42.72110871647336 ], [ 1.719539826295758, 42.72092865091571 ], [ 1.719784036246037, 42.720931381208672 ], [ 1.719795143732741, 42.720391184448758 ], [ 1.720039351599615, 42.720393914169861 ], [ 1.720043053321364, 42.720213848554259 ], [ 1.720531467745534, 42.720219306400679 ], [ 1.720527767435375, 42.720399372050473 ], [ 1.720771975404247, 42.720402100209988 ], [ 1.720775675008613, 42.720222034543092 ], [ 1.721264089636722, 42.7202274892663 ], [ 1.721267787795525, 42.720047423559308 ], [ 1.721756201147948, 42.720052876166228 ], [ 1.721759897861213, 42.71987281041914 ], [ 1.721027280000882, 42.719864630779171 ], [ 1.721030978797514, 42.719684565077401 ], [ 1.720786773617796, 42.719681837506762 ], [ 1.720797871921114, 42.719141640416993 ], [ 1.720553668892666, 42.71913891237709 ], [ 1.720572168913866, 42.718238583860739 ], [ 1.720816368413633, 42.718241311815177 ], [ 1.720820067610189, 42.718061246076999 ], [ 1.721064266438219, 42.718063973493877 ], [ 1.721060567947382, 42.718244039249136 ], [ 1.721304767515105, 42.718246766162622 ], [ 1.721308465300228, 42.718066700390246 ], [ 1.72179686312614, 42.718072152621531 ], [ 1.721785773903214, 42.718612350023179 ], [ 1.722029974984284, 42.718615075409282 ], [ 1.722011495795687, 42.719515404378605 ], [ 1.722255700439463, 42.719518129329515 ], [ 1.722252005205658, 42.719698195122639 ], [ 1.722496210589152, 42.719700919570109 ], [ 1.722492516027179, 42.719880985374331 ], [ 1.722736722150389, 42.719883709318346 ], [ 1.722733028260262, 42.720063775133696 ], [ 1.72297723512319, 42.720066498574219 ], [ 1.722980928307534, 42.719886432741816 ], [ 1.723225134498606, 42.719889155644744 ], [ 1.723228826943243, 42.719709089789369 ], [ 1.723473032462457, 42.719711812154728 ], [ 1.723469340723599, 42.719891878027184 ], [ 1.724201959602036, 42.719900042051258 ], [ 1.724194580257312, 42.720260173880618 ], [ 1.724438788029503, 42.720262894214997 ], [ 1.724424031756548, 42.720983157870592 ], [ 1.724668242385869, 42.720985877752582 ], [ 1.724646111194769, 42.722066273159982 ], [ 1.724890326093032, 42.722068992623612 ], [ 1.724886638148448, 42.722249058521079 ], [ 1.725130853786454, 42.722251777481141 ], [ 1.725127166513862, 42.722431843389742 ], [ 1.724882950169982, 42.722429124412642 ], [ 1.724871886031307, 42.722969322051604 ], [ 1.725116104492843, 42.7229720410798 ], [ 1.725112417084753, 42.723152106964626 ], [ 1.725600855521241, 42.723157543493308 ], [ 1.725604541517533, 42.72297747757446 ], [ 1.725848760080675, 42.722980195040876 ], [ 1.725856130559893, 42.722620063151304 ], [ 1.72610034774511, 42.722622780063112 ], [ 1.726096663228316, 42.722802846027889 ], [ 1.726585099112063, 42.722808278323804 ], [ 1.726581415973207, 42.722988344316683 ], [ 1.726825634671733, 42.722991059700767 ], [ 1.726832999503826, 42.722630927675084 ], [ 1.727565651567002, 42.722639070601801 ], [ 1.727573012028508, 42.722278938450366 ], [ 1.727328796052055, 42.722276224696039 ], [ 1.727336157790056, 42.721916092554814 ], [ 1.727580372354775, 42.721918806275148 ], [ 1.727602452522201, 42.720838409607083 ], [ 1.727846662885683, 42.720841122704861 ], [ 1.72784298364812, 42.721021188848063 ], [ 1.728087194751226, 42.721023901442301 ], [ 1.72807983758637, 42.721384033744833 ], [ 1.727835625071595, 42.721381321116624 ], [ 1.727828266359868, 42.721741453361446 ], [ 1.728072480286339, 42.721744166023619 ], [ 1.728068801585632, 42.721924232154123 ], [ 1.728313016251755, 42.721926944312749 ], [ 1.728309338223115, 42.722107010454295 ], [ 1.728065122851127, 42.722104298278694 ], [ 1.728054086444845, 42.722644496616695 ], [ 1.727809868989023, 42.722641783869527 ], [ 1.727802509804065, 42.72300191603123 ], [ 1.72755829097026, 42.722999202729476 ], [ 1.727554610621174, 42.723179268784421 ], [ 1.727066171643198, 42.723173840585204 ], [ 1.727058808019947, 42.723533972609246 ], [ 1.727547249821569, 42.723539400876469 ], [ 1.727536208368576, 42.724079598970015 ], [ 1.728024654541015, 42.724085025256812 ], [ 1.728028333647287, 42.723904959197576 ], [ 1.728272556078273, 42.723907671543088 ], [ 1.728287269341702, 42.723187407178834 ], [ 1.728531488982803, 42.723190118935783 ], [ 1.728513100848651, 42.724090449461166 ], [ 1.728757324053153, 42.724093160782452 ], [ 1.728746292885075, 42.724633359077352 ], [ 1.728990518241204, 42.724636069928948 ], [ 1.728979488887003, 42.725176268221368 ], [ 1.729223716394815, 42.725178978603267 ], [ 1.729216364735108, 42.72553911080248 ], [ 1.728972135815323, 42.725536400386616 ], [ 1.728964782608538, 42.725896532528139 ], [ 1.728720552310535, 42.725893821557698 ], [ 1.728727906929316, 42.725533689450138 ], [ 1.728239449258657, 42.725528266015267 ], [ 1.728235770554169, 42.725708332038046 ], [ 1.727991541063536, 42.725705619522671 ], [ 1.727984182141165, 42.726065751516394 ], [ 1.727495720437301, 42.726060324855752 ], [ 1.727492039513385, 42.726240390809743 ], [ 1.727980502629274, 42.726245817504363 ], [ 1.727973143504079, 42.726605949462481 ], [ 1.728217376524778, 42.72660866206283 ], [ 1.728221055398252, 42.726428596069745 ], [ 1.728465287746723, 42.726431308132419 ], [ 1.728457931378039, 42.726791440146634 ], [ 1.727725230197849, 42.726783302294685 ] ], [ [ 1.727255171232198, 42.725877544801548 ], [ 1.727743631456422, 42.725882972469485 ], [ 1.727750991723182, 42.725522840497845 ], [ 1.727506763006154, 42.725520126958187 ], [ 1.727510443794807, 42.725340060980464 ], [ 1.727266215817581, 42.725337346937145 ], [ 1.727255171232198, 42.725877544801548 ] ], [ [ 1.726774077057988, 42.725511983215405 ], [ 1.727018305673552, 42.725514698316957 ], [ 1.727033034273084, 42.724794434506386 ], [ 1.727277260098569, 42.724797149019302 ], [ 1.727280941457925, 42.724617083034808 ], [ 1.726304041182806, 42.724606221927438 ], [ 1.726300356999613, 42.724786287843891 ], [ 1.726544582723599, 42.724789003918687 ], [ 1.726540899212526, 42.724969069846225 ], [ 1.726296672782574, 42.724966353754411 ], [ 1.726292988531688, 42.725146419658991 ], [ 1.726537215667612, 42.725149135767815 ], [ 1.726533532088856, 42.725329201683458 ], [ 1.726777759964599, 42.725331917288649 ], [ 1.726774077057988, 42.725511983215405 ] ], [ [ 1.727750991723182, 42.725522840497845 ], [ 1.728239449258657, 42.725528266015267 ], [ 1.728246806566246, 42.725168133951875 ], [ 1.728002579193574, 42.725165421487468 ], [ 1.727998899850697, 42.725345487505152 ], [ 1.727754671805847, 42.725342774503112 ], [ 1.727750991723182, 42.725522840497845 ] ], [ [ 1.72311803884713, 42.725111062867491 ], [ 1.723362265542536, 42.725113785744441 ], [ 1.723365958265055, 42.72493372004427 ], [ 1.723121732275616, 42.724930997184345 ], [ 1.72311803884713, 42.725111062867491 ] ], [ [ 1.727269897278398, 42.725157280970478 ], [ 1.727514124549644, 42.725159994996773 ], [ 1.727521485957876, 42.724799863011604 ], [ 1.727277260098569, 42.724797149019302 ], [ 1.727269897278398, 42.725157280970478 ] ], [ [ 1.728009937777924, 42.72480528943435 ], [ 1.728498389733175, 42.724810713774581 ], [ 1.728513100848651, 42.724090449461166 ], [ 1.728268877677937, 42.724087737619286 ], [ 1.728265199243805, 42.724267803689557 ], [ 1.728020975400942, 42.724265091310123 ], [ 1.728009937777924, 42.72480528943435 ] ], [ [ 1.724368690903382, 42.723684145732662 ], [ 1.724612912120778, 42.723686865870178 ], [ 1.724620289929993, 42.72332673419838 ], [ 1.724131850352752, 42.723321293470882 ], [ 1.724128160053268, 42.72350135927568 ], [ 1.72437238053085, 42.723504079916765 ], [ 1.724368690903382, 42.723684145732662 ] ], [ [ 1.719980119426567, 42.723274963211715 ], [ 1.720224338621029, 42.723277692685784 ], [ 1.72022804018102, 42.723097627148142 ], [ 1.719983821692456, 42.723094897691148 ], [ 1.719980119426567, 42.723274963211715 ] ], [ [ 1.720712777111963, 42.723283150072199 ], [ 1.720956996408421, 42.723285877984523 ], [ 1.720960695850719, 42.723105812395616 ], [ 1.720716477260158, 42.723103084500373 ], [ 1.720712777111963, 42.723283150072199 ] ], [ [ 1.724135540618334, 42.723141227660172 ], [ 1.724379759684103, 42.723143948267158 ], [ 1.724383449209886, 42.722963882433447 ], [ 1.724139230850015, 42.722961161843486 ], [ 1.724135540618334, 42.723141227660172 ] ], [ [ 1.720479660309783, 42.722740224957242 ], [ 1.720968094633357, 42.722745681199946 ], [ 1.720979192552427, 42.722205484361901 ], [ 1.72024654747091, 42.722197299370777 ], [ 1.720239144656966, 42.722557430499563 ], [ 1.720483361061881, 42.722560159384692 ], [ 1.720479660309783, 42.722740224957242 ] ], [ [ 1.720009736601377, 42.721834438880911 ], [ 1.72074237734577, 42.721842625331206 ], [ 1.720749777064319, 42.721482494086558 ], [ 1.72123820157383, 42.721487949048907 ], [ 1.721234503143231, 42.721668014708399 ], [ 1.721722929200328, 42.721673467622693 ], [ 1.721734020155191, 42.721133270524014 ], [ 1.721245598333103, 42.721127817712159 ], [ 1.721249296661774, 42.720947752034881 ], [ 1.72100508650751, 42.720945024865209 ], [ 1.721008785508023, 42.720764959199045 ], [ 1.720520366713074, 42.720759503332253 ], [ 1.720516666300932, 42.720939568964226 ], [ 1.720760876387228, 42.720942297175 ], [ 1.720757176646913, 42.721122362818114 ], [ 1.721001387473016, 42.721125090525412 ], [ 1.720997688404541, 42.721305156179668 ], [ 1.720509265374668, 42.721299700210352 ], [ 1.720512965854798, 42.721119634590266 ], [ 1.720268755096676, 42.721116905841868 ], [ 1.72027245624863, 42.720936840232916 ], [ 1.720028246230331, 42.720934110981055 ], [ 1.720020842480773, 42.72129424215882 ], [ 1.719776631084835, 42.721291512352224 ], [ 1.719772928453212, 42.721471577915096 ], [ 1.720017140554982, 42.721474307738795 ], [ 1.720009736601377, 42.721834438880911 ] ], [ [ 1.723428729357736, 42.721872602232146 ], [ 1.723917157437465, 42.721878045810428 ], [ 1.723920848137698, 42.7216979799692 ], [ 1.723432421469671, 42.721692536425039 ], [ 1.723428729357736, 42.721872602232146 ] ], [ [ 1.723436113547687, 42.721512470611977 ], [ 1.723680326158902, 42.721515192627344 ], [ 1.723684017497163, 42.721335126791246 ], [ 1.72392822943645, 42.721337848268966 ], [ 1.723931920034969, 42.721157782409954 ], [ 1.72344349760197, 42.721152338968054 ], [ 1.723436113547687, 42.721512470611977 ] ], [ [ 1.722218746573795, 42.721318786993265 ], [ 1.722462958309521, 42.721321511594326 ], [ 1.722466653143025, 42.721141445837638 ], [ 1.722222442113129, 42.721138721253631 ], [ 1.722218746573795, 42.721318786993265 ] ], [ [ 1.722951381882795, 42.721326959234752 ], [ 1.723195593720329, 42.721329682274167 ], [ 1.723199286436343, 42.721149616466271 ], [ 1.722955075304638, 42.721146893443951 ], [ 1.722951381882795, 42.721326959234752 ] ], [ [ 1.721734020155191, 42.721133270524014 ], [ 1.721978231117182, 42.721135996149087 ], [ 1.721981927328389, 42.720955930420573 ], [ 1.721737717072219, 42.72095320481256 ], [ 1.721734020155191, 42.721133270524014 ] ], [ [ 1.722466653143025, 42.721141445837638 ], [ 1.722710864206863, 42.721144169901073 ], [ 1.722714558300602, 42.72096410412135 ], [ 1.722470347942586, 42.720961380074975 ], [ 1.722466653143025, 42.721141445837638 ] ], [ [ 1.721252994956472, 42.720767686351643 ], [ 1.721497204438897, 42.720770412983676 ], [ 1.72150459951476, 42.720410281565229 ], [ 1.721016183407107, 42.720404827848917 ], [ 1.721012484474555, 42.720584893526969 ], [ 1.721256693217196, 42.720587620662485 ], [ 1.721252994956472, 42.720767686351643 ] ], [ [ 1.721741413955289, 42.720773139095158 ], [ 1.722474042708206, 42.720781314306386 ], [ 1.722477737439882, 42.720601248531842 ], [ 1.722233528527435, 42.720598523999065 ], [ 1.722237223930975, 42.720418458235649 ], [ 1.72199301575828, 42.720415733199374 ], [ 1.721989319648938, 42.720595798945759 ], [ 1.721745110804394, 42.720593073371859 ], [ 1.721741413955289, 42.720773139095158 ] ], [ [ 1.721038376288846, 42.719324433655956 ], [ 1.721282580091011, 42.719327160671931 ], [ 1.721286278079953, 42.719147094935217 ], [ 1.721042074983546, 42.719144367936366 ], [ 1.721038376288846, 42.719324433655956 ] ], [ [ 1.720801571287584, 42.718961574708509 ], [ 1.721289976034925, 42.718967029192541 ], [ 1.721301069696015, 42.718426831929001 ], [ 1.721056869422567, 42.718424104998476 ], [ 1.721053170863778, 42.71860417074182 ], [ 1.720808969918574, 42.718601443273734 ], [ 1.720801571287584, 42.718961574708509 ] ], [ [ 1.721301069696015, 42.718426831929001 ], [ 1.721545270003433, 42.718429558339039 ], [ 1.721548967116799, 42.718249492555557 ], [ 1.721304767515105, 42.718246766162622 ], [ 1.721301069696015, 42.718426831929001 ] ] ] } },
{ "type": "Feature", "properties": { "surface_ha": 1.93 }, "geometry": { "type": "Polygon", "coordinates": [ [ [ 1.715665901249096, 42.719264307614537 ], [ 1.715669615470341, 42.719084242271514 ], [ 1.715425413157055, 42.719081503300863 ], [ 1.715429128049923, 42.718901437969016 ], [ 1.714940724937218, 42.718895958500525 ], [ 1.714944441207427, 42.718715893197079 ], [ 1.714456039642747, 42.718710411680846 ], [ 1.71446719248287, 42.71817021583788 ], [ 1.714711391130975, 42.718172956804736 ], [ 1.714718824775562, 42.717812826178672 ], [ 1.714963022046404, 42.717815566590737 ], [ 1.714966738111787, 42.717635501251607 ], [ 1.71472254154664, 42.717632760856752 ], [ 1.714726258283575, 42.717452695528863 ], [ 1.71448206245826, 42.717449954630673 ], [ 1.71448949724106, 42.717089823991408 ], [ 1.714733691655018, 42.717092564855292 ], [ 1.714741124889891, 42.716732434157905 ], [ 1.71498531792666, 42.716735174466962 ], [ 1.714977886103117, 42.717095305198633 ], [ 1.715222080585352, 42.717098045021537 ], [ 1.715218365328054, 42.71727811039564 ], [ 1.715706755806258, 42.717283588514341 ], [ 1.715688186064778, 42.718183915467201 ], [ 1.715443987280134, 42.718181176582334 ], [ 1.715440272523769, 42.718361241937913 ], [ 1.715684472014128, 42.718363980839946 ], [ 1.715677043810474, 42.718724111567617 ], [ 1.716165445716445, 42.718729587878805 ], [ 1.716154307389519, 42.719269784028583 ], [ 1.715665901249096, 42.719264307614537 ] ], [ [ 1.714966738111787, 42.717635501251607 ], [ 1.715210934711068, 42.717638241125997 ], [ 1.715214650036627, 42.717458175763781 ], [ 1.714970454143034, 42.717455435906579 ], [ 1.714966738111787, 42.717635501251607 ] ] ] } },
{ "type": "Feature", "properties": { "surface_ha": 2.81 }, "geometry": { "type": "Polygon", "coordinates": [ [ [ 1.768227327590621, 42.716959999325475 ], [ 1.768234451464727, 42.716599861218555 ], [ 1.766769266943787, 42.716584092751781 ], [ 1.766765700788808, 42.716764161709449 ], [ 1.76652150277756, 42.716761531793438 ], [ 1.766525069638252, 42.716581462852261 ], [ 1.766036675125487, 42.716576201491719 ], [ 1.766040243364826, 42.716396132577565 ], [ 1.765796046863315, 42.716393501133027 ], [ 1.765799615775575, 42.716213432229438 ], [ 1.766288007399976, 42.71621869456505 ], [ 1.766291574868064, 42.716038625622595 ], [ 1.765558989597714, 42.716030731387868 ], [ 1.765562559150089, 42.715850662488897 ], [ 1.765806753501738, 42.715853294404482 ], [ 1.765813891096764, 42.715493156555866 ], [ 1.766058084069842, 42.715495787917988 ], [ 1.766061652112514, 42.715315718968306 ], [ 1.766550036745663, 42.715320980098177 ], [ 1.766557169910044, 42.71496084211514 ], [ 1.766801360864451, 42.714963471866398 ], [ 1.766797795004298, 42.715143540877378 ], [ 1.767041986697116, 42.715146170124669 ], [ 1.767045551851615, 42.714966101097232 ], [ 1.767289742871529, 42.714968729807602 ], [ 1.767279049426769, 42.715508936921495 ], [ 1.767767435798797, 42.715514192879546 ], [ 1.767763872663073, 42.715694261938602 ], [ 1.768008066603864, 42.715696889153364 ], [ 1.767997379117363, 42.716237096344322 ], [ 1.768485771331253, 42.716242349311102 ], [ 1.768478648999445, 42.716602487474631 ], [ 1.768722846566875, 42.716605113210164 ], [ 1.768726407043429, 42.716425044114942 ], [ 1.768970603937859, 42.716427669313546 ], [ 1.768963484363473, 42.716787807530963 ], [ 1.768719286057617, 42.716785182299468 ], [ 1.768715725515648, 42.716965251382859 ], [ 1.768227327590621, 42.716959999325475 ] ], [ [ 1.766054515994395, 42.715675856861758 ], [ 1.766298709705926, 42.715678487719899 ], [ 1.7663022770757, 42.715498418759644 ], [ 1.766058084069842, 42.715495787917988 ], [ 1.766054515994395, 42.715675856861758 ] ], [ [ 1.766542903450227, 42.715681118057525 ], [ 1.766787097227293, 42.715683747874706 ], [ 1.766790663185718, 42.715503678881504 ], [ 1.766546470114327, 42.715501049080828 ], [ 1.766542903450227, 42.715681118057525 ] ] ] } },
{ "type": "Feature", "properties": { "surface_ha": 1.48 }, "geometry": { "type": "Polygon", "coordinates": [ [ [ 1.780072377257123, 42.710783026267165 ], [ 1.780075904201321, 42.710602956223646 ], [ 1.780320079307969, 42.71060555694163 ], [ 1.780323605514264, 42.710425486875891 ], [ 1.780079431113121, 42.710422886174186 ], [ 1.780082957992525, 42.7102428161188 ], [ 1.7805713054162, 42.710248016969288 ], [ 1.780574830852219, 42.710067946875434 ], [ 1.780819003907143, 42.710070546503772 ], [ 1.780822528605292, 42.709890476387741 ], [ 1.780334183938801, 42.709885276643185 ], [ 1.780341236059876, 42.709525136458439 ], [ 1.781073748875316, 42.709532935196982 ], [ 1.781070224947397, 42.709713005341158 ], [ 1.7813143966561, 42.7097156038962 ], [ 1.781310873401291, 42.709895674050742 ], [ 1.78155504584784, 42.709898272101654 ], [ 1.781562090914137, 42.709538131754115 ], [ 1.781317919878544, 42.709535533735767 ], [ 1.781321443068626, 42.709355463569366 ], [ 1.781809783761228, 42.709360659053218 ], [ 1.781813305508023, 42.709180588848398 ], [ 1.782057475197389, 42.709183185793485 ], [ 1.782043390838005, 42.709903466642373 ], [ 1.782287563381608, 42.709906063132131 ], [ 1.78228404291639, 42.710086133345833 ], [ 1.78179569645055, 42.71008093981338 ], [ 1.781792174542003, 42.710261009988621 ], [ 1.781303826794579, 42.710255814342041 ], [ 1.781300303442677, 42.710435884478862 ], [ 1.781056128912011, 42.710433285858677 ], [ 1.781052604822235, 42.710613355973294 ], [ 1.780808429618433, 42.710610756816457 ], [ 1.780804904790772, 42.710790826908855 ], [ 1.780072377257123, 42.710783026267165 ] ] ] } },
{ "type": "Feature", "properties": { "surface_ha": 2.45 }, "geometry": { "type": "Polygon", "coordinates": [ [ [ 1.714127526904923, 42.710962117365042 ], [ 1.714134962051267, 42.710601986366541 ], [ 1.713890793139725, 42.710599244559567 ], [ 1.713887074878188, 42.710779310044622 ], [ 1.713398735746696, 42.710773824835265 ], [ 1.713402455419115, 42.710593759384565 ], [ 1.71364662426234, 42.710596502232249 ], [ 1.713650343195158, 42.710416436758422 ], [ 1.713406175057366, 42.710413693927912 ], [ 1.713417333767119, 42.709873497522324 ], [ 1.712929001826566, 42.709868010403369 ], [ 1.712932722738966, 42.709687944957324 ], [ 1.713176887986749, 42.709690688759785 ], [ 1.713180608159571, 42.709510623290626 ], [ 1.712936443617187, 42.709507879505324 ], [ 1.712943885271095, 42.709147748583518 ], [ 1.713188048402697, 42.70915049233443 ], [ 1.713199208511105, 42.708610295855536 ], [ 1.713931691762528, 42.708618523831667 ], [ 1.713935409614237, 42.708438458275282 ], [ 1.714179570060993, 42.708441199876162 ], [ 1.714187004251251, 42.708081068711252 ], [ 1.713942845215202, 42.708078327144698 ], [ 1.713946562964462, 42.70789826157047 ], [ 1.713458246405507, 42.707892776910811 ], [ 1.713461965531289, 42.707712711365005 ], [ 1.714438595964447, 42.707723678534435 ], [ 1.714434879660013, 42.707903744148943 ], [ 1.714679038058996, 42.707906484657691 ], [ 1.71468646922306, 42.707546353388423 ], [ 1.714930626245501, 42.707549093342557 ], [ 1.714912051606092, 42.708449421556956 ], [ 1.71442373054189, 42.708443940956748 ], [ 1.714408864573139, 42.709164203283976 ], [ 1.7139205380025, 42.709158720465169 ], [ 1.713905665844338, 42.709878982559914 ], [ 1.71414983193418, 42.709881724298199 ], [ 1.714142397061018, 42.710241855344265 ], [ 1.714386564595843, 42.710244596596517 ], [ 1.714371697261501, 42.710964858686005 ], [ 1.714127526904923, 42.710962117365042 ] ], [ [ 1.71389451136711, 42.710419179068566 ], [ 1.714138679573217, 42.71042192085838 ], [ 1.714142397061018, 42.710241855344265 ], [ 1.713898229560339, 42.710239113571632 ], [ 1.71389451136711, 42.710419179068566 ] ], [ [ 1.713184328298219, 42.709330557815505 ], [ 1.713428492169379, 42.709333301063232 ], [ 1.713432211568468, 42.709153235564997 ], [ 1.713188048402697, 42.70915049233443 ], [ 1.713184328298219, 42.709330557815505 ] ], [ [ 1.713924255956661, 42.708978654926582 ], [ 1.714168418519525, 42.70898139657902 ], [ 1.714175852914648, 42.70862126544975 ], [ 1.713931691762528, 42.708618523831667 ], [ 1.713924255956661, 42.708978654926582 ] ] ] } },
{ "type": "Feature", "properties": { "surface_ha": 4.61 }, "geometry": { "type": "Polygon", "coordinates": [ [ [ 1.731267218040745, 42.708811885706872 ], [ 1.731274553547072, 42.7084517521659 ], [ 1.730542067300794, 42.7084436351211 ], [ 1.730549406904595, 42.708083501658074 ], [ 1.730305246300655, 42.708080794969753 ], [ 1.730308916757354, 42.707900728246265 ], [ 1.731041396554206, 42.707908846699475 ], [ 1.731037728213594, 42.708088913473809 ], [ 1.73128188891864, 42.708091618601173 ], [ 1.731300226758003, 42.707191284585491 ], [ 1.731056069579706, 42.707188579542859 ], [ 1.731059737751845, 42.707008512738859 ], [ 1.73130389422481, 42.707011217764574 ], [ 1.731307561657932, 42.706831150937695 ], [ 1.731063405890291, 42.706828445928906 ], [ 1.731070742066102, 42.706468312291221 ], [ 1.730826587742782, 42.70646560679603 ], [ 1.730819250156343, 42.706825740399822 ], [ 1.730575094456093, 42.70682303435045 ], [ 1.730589772315405, 42.706102767186927 ], [ 1.730833925194426, 42.706105473168506 ], [ 1.7308375938697, 42.705925406345827 ], [ 1.731081746077127, 42.705928111790179 ], [ 1.731074410103469, 42.70628824546349 ], [ 1.731318563755178, 42.706290950421433 ], [ 1.731314896423116, 42.706471017266125 ], [ 1.731559050813815, 42.706473721720727 ], [ 1.73156638403365, 42.706113587991524 ], [ 1.731322231053554, 42.706110883570801 ], [ 1.731325898318246, 42.705930816714229 ], [ 1.73181420290153, 42.705936225001508 ], [ 1.731810537047424, 42.706116291891966 ], [ 1.732054690094871, 42.706118995272107 ], [ 1.732062020358833, 42.705758861451407 ], [ 1.732306172029366, 42.705761564277417 ], [ 1.732309836405569, 42.70558149734125 ], [ 1.73255398740448, 42.705584199630039 ], [ 1.732550323733557, 42.705764266583145 ], [ 1.732794475471401, 42.705766968368586 ], [ 1.732798138437042, 42.705586901398569 ], [ 1.73304228950325, 42.705589602646803 ], [ 1.733034964948891, 42.705949736614748 ], [ 1.732790812472113, 42.705947035332656 ], [ 1.732779823272373, 42.706487236189332 ], [ 1.733023977865053, 42.706489937522171 ], [ 1.733020315436493, 42.706670004479435 ], [ 1.732776160138498, 42.706667303129656 ], [ 1.732772496970979, 42.706847370064082 ], [ 1.733260809011246, 42.706852772277138 ], [ 1.73325714722073, 42.707032839239446 ], [ 1.733012990478448, 42.707030138376155 ], [ 1.733005665385838, 42.707390272249135 ], [ 1.732761507266524, 42.707387570831678 ], [ 1.73275784396441, 42.707567637742351 ], [ 1.732269526416047, 42.707562233312679 ], [ 1.73226586166958, 42.70774230018354 ], [ 1.732754180628645, 42.707747704647076 ], [ 1.732750517259231, 42.707927771545869 ], [ 1.732506357057511, 42.707925069557326 ], [ 1.732502692949082, 42.708105136433289 ], [ 1.732746853856166, 42.7081078384387 ], [ 1.732735863445068, 42.708648039081673 ], [ 1.732491700421849, 42.708645337025459 ], [ 1.73248803617879, 42.708825403877633 ], [ 1.732243872483839, 42.708822701284149 ], [ 1.732247537432288, 42.708642634448886 ], [ 1.731515048665618, 42.708634523597226 ], [ 1.731511381600997, 42.708814590381706 ], [ 1.731267218040745, 42.708811885706872 ] ], [ [ 1.731762877879719, 42.708457160927452 ], [ 1.732007040096562, 42.708459864527747 ], [ 1.73201070568306, 42.708279797697543 ], [ 1.731766544171596, 42.708277094114194 ], [ 1.731762877879719, 42.708457160927452 ] ], [ [ 1.732254867228195, 42.708282500760568 ], [ 1.732499028806995, 42.708285203303262 ], [ 1.732502692949082, 42.708105136433289 ], [ 1.732258532075654, 42.708102433907499 ], [ 1.732254867228195, 42.708282500760568 ] ] ] } },
{ "type": "Feature", "properties": { "surface_ha": 1.24 }, "geometry": { "type": "Polygon", "coordinates": [ [ [ 1.721537661651157, 42.706902610902517 ], [ 1.721548748486722, 42.706362412444847 ], [ 1.721304595482459, 42.706359686658445 ], [ 1.721311987947016, 42.705999554357781 ], [ 1.721556139540706, 42.706002280110042 ], [ 1.721559835016781, 42.705822213933715 ], [ 1.721315684128369, 42.705819488198536 ], [ 1.721326772468725, 42.705279289685173 ], [ 1.721570921241345, 42.705282015369157 ], [ 1.721574616581646, 42.705101949169062 ], [ 1.721818764682957, 42.705104674315706 ], [ 1.72181137537892, 42.705464806744054 ], [ 1.721567225867099, 42.705462081563269 ], [ 1.721563530458912, 42.705642147751462 ], [ 1.722051830927018, 42.705647597626871 ], [ 1.722055524924676, 42.705467531404572 ], [ 1.722299674504363, 42.70547025554481 ], [ 1.722295981211971, 42.705650321784191 ], [ 1.722540131530847, 42.705653045421201 ], [ 1.722532746254839, 42.706013177916297 ], [ 1.722776898018185, 42.706015901067182 ], [ 1.722773206034589, 42.70619596732287 ], [ 1.722529053565957, 42.706193244154953 ], [ 1.722521668086438, 42.706553376614373 ], [ 1.721789206652317, 42.706545203886527 ], [ 1.721781816805275, 42.706905336219833 ], [ 1.721537661651157, 42.706902610902517 ] ] ] } },
{ "type": "Feature", "properties": { "surface_ha": 13.04 }, "geometry": { "type": "Polygon", "coordinates": [ [ [ 1.729743480762094, 42.711676712576228 ], [ 1.729750825812468, 42.711316579428704 ], [ 1.729506652612093, 42.711313870874044 ], [ 1.729510325792154, 42.711133804308332 ], [ 1.729266153330998, 42.711131095250252 ], [ 1.729262479445459, 42.711311161799003 ], [ 1.729018306312573, 42.711308452203575 ], [ 1.72902565546085, 42.71094831913409 ], [ 1.728293140497577, 42.710940187327431 ], [ 1.728300493743597, 42.710580054336077 ], [ 1.728056323567629, 42.710577342727085 ], [ 1.72806000084543, 42.710397276239469 ], [ 1.727815831408689, 42.710394564127114 ], [ 1.727819509358153, 42.710214497650547 ], [ 1.727331171996915, 42.710209071898696 ], [ 1.727334851323465, 42.710029005450195 ], [ 1.727090683398973, 42.710026291810735 ], [ 1.727094363397157, 42.709846225373283 ], [ 1.727338530616221, 42.709848938995727 ], [ 1.727342209875179, 42.709668872535346 ], [ 1.727098043361537, 42.709666158929892 ], [ 1.727101723292114, 42.709486092480596 ], [ 1.726369226070275, 42.709477948593104 ], [ 1.726372908083275, 42.709297882188864 ], [ 1.726128743115704, 42.709295166536016 ], [ 1.726125060397296, 42.709475232923275 ], [ 1.72563672915283, 42.709469800022553 ], [ 1.725640413282052, 42.70928973366933 ], [ 1.725396248415983, 42.709287016455477 ], [ 1.725399933216763, 42.709106950113352 ], [ 1.724911604996974, 42.709101514158675 ], [ 1.724915291174692, 42.708921447844659 ], [ 1.725647781438971, 42.708929600945076 ], [ 1.725651465466671, 42.708749534574039 ], [ 1.725407302716784, 42.70874681741126 ], [ 1.725410987416024, 42.708566751051315 ], [ 1.725655149460532, 42.708569468197069 ], [ 1.725669885097582, 42.707849202629802 ], [ 1.725181566685325, 42.707843767954081 ], [ 1.725185251920687, 42.70766370158146 ], [ 1.724941093470681, 42.707660983480167 ], [ 1.724930035546977, 42.70820118252913 ], [ 1.724685875014766, 42.708198463856434 ], [ 1.724682188267116, 42.708378530177207 ], [ 1.724438027063404, 42.708375810967162 ], [ 1.72444171451642, 42.708195744663442 ], [ 1.724197554051942, 42.708193024950084 ], [ 1.724193865893562, 42.708373091236787 ], [ 1.723705543655519, 42.708367650215081 ], [ 1.72370923322463, 42.708187583962449 ], [ 1.723953393621344, 42.708190304716439 ], [ 1.723957082451208, 42.70801023844087 ], [ 1.723712922759852, 42.708007517703919 ], [ 1.723720301728623, 42.707647385169004 ], [ 1.723476143481854, 42.70764466394585 ], [ 1.723479833620745, 42.707464597686524 ], [ 1.72323567611321, 42.707461875960107 ], [ 1.723231985268981, 42.707641942202393 ], [ 1.722743668944948, 42.707636497154553 ], [ 1.722747361199853, 42.707456430946372 ], [ 1.722259046422154, 42.707450983851409 ], [ 1.722262740053804, 42.70727091767143 ], [ 1.722506896720363, 42.707273641461974 ], [ 1.722510589612761, 42.707093575259023 ], [ 1.722998901636985, 42.707099021245135 ], [ 1.723006284498764, 42.706738888753101 ], [ 1.723250439151111, 42.706741610931608 ], [ 1.723254129825834, 42.706561544659657 ], [ 1.723498283806775, 42.706564266300823 ], [ 1.723501973742298, 42.706384200005857 ], [ 1.723257820466657, 42.706381478381729 ], [ 1.723261511073581, 42.706201412097883 ], [ 1.723749816248171, 42.706206854791752 ], [ 1.723753505410622, 42.706026788467895 ], [ 1.723997657343461, 42.706029509017355 ], [ 1.724008722511677, 42.705489309958949 ], [ 1.723764572694659, 42.705486589460591 ], [ 1.723771950714592, 42.705126456759345 ], [ 1.723527802341975, 42.705123735774812 ], [ 1.723531492006364, 42.704943669432332 ], [ 1.723043196773303, 42.70493822593658 ], [ 1.723046887814283, 42.704758159622266 ], [ 1.723291034708623, 42.704760881613211 ], [ 1.723294725010466, 42.704580815275904 ], [ 1.723783017490361, 42.704586257662967 ], [ 1.723775639673733, 42.704946390399847 ], [ 1.724019787374985, 42.704949110847053 ], [ 1.724023475595, 42.704769044464577 ], [ 1.724267622624886, 42.70477176437452 ], [ 1.724263935110115, 42.704951830774057 ], [ 1.724752230681981, 42.704957269067229 ], [ 1.724748544543838, 42.705137335494882 ], [ 1.725236841661635, 42.705142771741059 ], [ 1.725233156900145, 42.705322838196828 ], [ 1.724500709158464, 42.705314682996097 ], [ 1.724504396035722, 42.705134616591387 ], [ 1.724260247561473, 42.705131897167625 ], [ 1.724252872362572, 42.705492029937034 ], [ 1.724741172165973, 42.705497468332396 ], [ 1.724737485926253, 42.705677534742229 ], [ 1.72449333530235, 42.705674815787653 ], [ 1.724489648323495, 42.705854882174528 ], [ 1.724245497028184, 42.705852162682646 ], [ 1.724241809310182, 42.706032229046542 ], [ 1.724730113345234, 42.706037667544109 ], [ 1.724726427003934, 42.706217733936136 ], [ 1.724970579777543, 42.706220452421526 ], [ 1.724966894107678, 42.706400518824644 ], [ 1.725211047620435, 42.706403236806771 ], [ 1.725214732585005, 42.706223170386664 ], [ 1.725458885426315, 42.70622588783143 ], [ 1.725447832546969, 42.706766087125104 ], [ 1.725691987538029, 42.70676880410069 ], [ 1.725699354747489, 42.706408671210148 ], [ 1.726187662009881, 42.706414103532381 ], [ 1.726183979832675, 42.706594170014654 ], [ 1.726428134219912, 42.706596885412374 ], [ 1.726424452714194, 42.706776951905688 ], [ 1.726912763000731, 42.706782381174229 ], [ 1.726909082871831, 42.706962447695638 ], [ 1.727153238771125, 42.706965161566451 ], [ 1.727149559313747, 42.707145228098909 ], [ 1.726905402709128, 42.707142514211107 ], [ 1.72689804228231, 42.707502647224217 ], [ 1.726409726353158, 42.707497217819657 ], [ 1.72641708960131, 42.70713708487456 ], [ 1.72592877662876, 42.70713165345682 ], [ 1.725925093610933, 42.707311719898307 ], [ 1.72568093647007, 42.70730900339197 ], [ 1.725673568922248, 42.707669136223117 ], [ 1.725917727473789, 42.70767185276349 ], [ 1.725906678014338, 42.708212052016719 ], [ 1.726150838715775, 42.708214768087828 ], [ 1.726154521197395, 42.708034701659003 ], [ 1.726398681227295, 42.708037417192749 ], [ 1.726394999451037, 42.708217483638613 ], [ 1.726883321023013, 42.708222913179199 ], [ 1.726887001388545, 42.708042846699335 ], [ 1.727131161519883, 42.708045560672154 ], [ 1.727134841146253, 42.707865494169397 ], [ 1.727623160099604, 42.707870920520079 ], [ 1.727615803634506, 42.708231053587696 ], [ 1.727371642730214, 42.708228340638478 ], [ 1.727367963741615, 42.708408407146386 ], [ 1.72785628699473, 42.708413832558371 ], [ 1.727859964572588, 42.708233766016505 ], [ 1.728348286550083, 42.708239189313254 ], [ 1.728344610382969, 42.708419255889098 ], [ 1.728588772127742, 42.708421966773948 ], [ 1.728581421102971, 42.708782099941793 ], [ 1.728825584292271, 42.708784810340291 ], [ 1.728821909434633, 42.708964876932278 ], [ 1.72906607336308, 42.708967586827384 ], [ 1.729062399177086, 42.709147653430421 ], [ 1.729550728546018, 42.709153071693621 ], [ 1.729525018174997, 42.710413537986106 ], [ 1.72976918784805, 42.710416246455921 ], [ 1.729761843135018, 42.710776379662846 ], [ 1.730006014252715, 42.71077908764623 ], [ 1.730002342551064, 42.710959154257772 ], [ 1.730246514407952, 42.710961861737751 ], [ 1.730239172314416, 42.711321994976878 ], [ 1.730483345615975, 42.711324701970405 ], [ 1.73047967522411, 42.711504768598026 ], [ 1.730723849264871, 42.711507475088112 ], [ 1.730720179544781, 42.711687541726761 ], [ 1.729743480762094, 42.711676712576228 ] ], [ [ 1.728300493743597, 42.710580054336077 ], [ 1.728544663953339, 42.710582765424704 ], [ 1.728552015653378, 42.710222632375626 ], [ 1.728307846854531, 42.710219921320935 ], [ 1.728300493743597, 42.710580054336077 ] ], [ [ 1.727834220818176, 42.709494231684943 ], [ 1.72807838672777, 42.709496943712381 ], [ 1.728082063802908, 42.709316877189131 ], [ 1.728570394312599, 42.709322299649003 ], [ 1.728577745539943, 42.708962166516798 ], [ 1.728333581679014, 42.708959455580981 ], [ 1.728329905376827, 42.709139522133086 ], [ 1.727841576345487, 42.709134098666503 ], [ 1.727834220818176, 42.709494231684943 ] ], [ [ 1.72638027200781, 42.708937749362526 ], [ 1.726624435598406, 42.708940464460994 ], [ 1.726628116804556, 42.708760398021923 ], [ 1.726383953919347, 42.708757682940458 ], [ 1.72638027200781, 42.708937749362526 ] ], [ [ 1.727112762881036, 42.708945893096953 ], [ 1.727601090298868, 42.708951319651568 ], [ 1.72760476868346, 42.708771253144512 ], [ 1.727116442676405, 42.708765826623875 ], [ 1.727112762881036, 42.708945893096953 ] ], [ [ 1.72613979106796, 42.708754967338635 ], [ 1.726383953919347, 42.708757682940458 ], [ 1.726387635797064, 42.708577616512443 ], [ 1.726143473651058, 42.708574900927644 ], [ 1.72613979106796, 42.708754967338635 ] ], [ [ 1.72760476868346, 42.708771253144512 ], [ 1.727848931737672, 42.70877396562431 ], [ 1.727852609383091, 42.708593899094332 ], [ 1.727608447034263, 42.708591186631487 ], [ 1.72760476868346, 42.708771253144512 ] ], [ [ 1.723246748442487, 42.706921677197656 ], [ 1.723490903834047, 42.706924398872921 ], [ 1.723494593837357, 42.706744332589842 ], [ 1.723250439151111, 42.706741610931608 ], [ 1.723246748442487, 42.706921677197656 ] ], [ [ 1.724234433772556, 42.706392361756528 ], [ 1.724478587183731, 42.706395081299519 ], [ 1.724482274264186, 42.706215014930471 ], [ 1.724238121558304, 42.706212295404526 ], [ 1.724234433772556, 42.706392361756528 ] ] ] } },
{ "type": "Feature", "properties": { "surface_ha": 12.32 }, "geometry": { "type": "Polygon", "coordinates": [ [ [ 1.716632306478979, 42.707928389996717 ], [ 1.716636016435359, 42.70774832422785 ], [ 1.716391858468862, 42.7077455878987 ], [ 1.716399279690051, 42.707385456377402 ], [ 1.715910966680637, 42.70737998222674 ], [ 1.715914678650749, 42.707199916491476 ], [ 1.715670522902503, 42.707197178652848 ], [ 1.715674235543832, 42.707017112928803 ], [ 1.715918390586764, 42.707019850750257 ], [ 1.715922102488684, 42.70683978500314 ], [ 1.715677948151062, 42.706837047198789 ], [ 1.715681660724188, 42.706656981462842 ], [ 1.715193353561851, 42.706651504327631 ], [ 1.715182211508325, 42.707191701414708 ], [ 1.714938055862407, 42.707188962015195 ], [ 1.714934341071015, 42.707369027681857 ], [ 1.71444602847091, 42.707363547287621 ], [ 1.714453460840832, 42.707003416017052 ], [ 1.71420930600261, 42.707000675073779 ], [ 1.7142167396466, 42.706640543813762 ], [ 1.714460893074218, 42.706643284722652 ], [ 1.714464609139712, 42.706463219066542 ], [ 1.714708761896171, 42.706465959437999 ], [ 1.714712477222244, 42.706285893758796 ], [ 1.71422417315403, 42.706280412529964 ], [ 1.714227889856537, 42.70610034687914 ], [ 1.714472041168298, 42.70610308773653 ], [ 1.714475757131392, 42.705923022062599 ], [ 1.713987455952554, 42.7059175398619 ], [ 1.713983738578914, 42.706097605501476 ], [ 1.713739587335436, 42.706094863603539 ], [ 1.713743305414348, 42.705914797981116 ], [ 1.713499154910294, 42.705912055580093 ], [ 1.713506592376188, 42.705551924351767 ], [ 1.713750741469717, 42.705554666718434 ], [ 1.713754459446176, 42.705374601078212 ], [ 1.714242756325175, 42.705380084216458 ], [ 1.71424647285699, 42.705200018535876 ], [ 1.714490620642451, 42.705202759307454 ], [ 1.714501767917375, 42.704662562178669 ], [ 1.715478350937641, 42.704673519856414 ], [ 1.715482063806801, 42.704493454066281 ], [ 1.715970354111137, 42.70449892974932 ], [ 1.71597406553576, 42.704318863918985 ], [ 1.716462354566019, 42.704324337486796 ], [ 1.716454934503566, 42.704684469210093 ], [ 1.716699080480258, 42.704687205247929 ], [ 1.716702789823298, 42.704507139372083 ], [ 1.717191080468439, 42.704512609852678 ], [ 1.717187372535847, 42.704692675762786 ], [ 1.716943226491019, 42.704689940765469 ], [ 1.716939517819137, 42.704870006652499 ], [ 1.717671958171484, 42.704878210135035 ], [ 1.71767937124981, 42.704518078252285 ], [ 1.717923516691566, 42.704520811671692 ], [ 1.717930928223279, 42.704160679730933 ], [ 1.718419216388031, 42.704166144940586 ], [ 1.718415512049622, 42.704346210948167 ], [ 1.720124526634206, 42.704365322913993 ], [ 1.720117127728464, 42.704725455150772 ], [ 1.720361274215544, 42.704728183384788 ], [ 1.720350177717805, 42.705268381746656 ], [ 1.720106029114998, 42.70526565346136 ], [ 1.720102329509213, 42.705445719552998 ], [ 1.720346478817276, 42.705448447855396 ], [ 1.720342779882771, 42.705628513958196 ], [ 1.720586929930073, 42.705631241757402 ], [ 1.720583231666863, 42.705811307871329 ], [ 1.720094930195695, 42.705805851718488 ], [ 1.720091230487963, 42.705985917792297 ], [ 1.720335381911833, 42.705988646145954 ], [ 1.720327983804989, 42.706348778309966 ], [ 1.719839678170093, 42.706343321014039 ], [ 1.719828576523189, 42.706883519112935 ], [ 1.719340266792451, 42.70687805963329 ], [ 1.719332862703294, 42.707238191601135 ], [ 1.719088706478296, 42.707235461046658 ], [ 1.719092409245197, 42.707055395082811 ], [ 1.71884825375953, 42.707052664025134 ], [ 1.718844550287312, 42.707232729971899 ], [ 1.718600394130344, 42.707229998376818 ], [ 1.718596689918781, 42.707410064300504 ], [ 1.717620062809926, 42.707399132648796 ], [ 1.717623769842784, 42.707219066793584 ], [ 1.717867925863614, 42.707221800469846 ], [ 1.717871632157106, 42.707041734591563 ], [ 1.718359942890257, 42.707047200348967 ], [ 1.718363647739082, 42.706867134430482 ], [ 1.717875338416553, 42.706861668707326 ], [ 1.717882750833319, 42.706501536921053 ], [ 1.717150291336668, 42.706493334536916 ], [ 1.717146583029416, 42.706673400381618 ], [ 1.716902429226683, 42.706670665195894 ], [ 1.716909847217713, 42.706310533534754 ], [ 1.716665694859634, 42.706307797862991 ], [ 1.716669404509331, 42.706127732040635 ], [ 1.716425252890611, 42.706124995865743 ], [ 1.716417832146574, 42.706485127470195 ], [ 1.715929526190241, 42.706479653490973 ], [ 1.71592581435651, 42.70665971925002 ], [ 1.716169968022928, 42.706662456516916 ], [ 1.716166256860404, 42.706842522287189 ], [ 1.716410411266212, 42.70684525905093 ], [ 1.716406700774907, 42.707025324832365 ], [ 1.716650855920105, 42.707028061092949 ], [ 1.7166545657061, 42.706847995294375 ], [ 1.717142874688101, 42.706853466220437 ], [ 1.717135457903283, 42.707213597880191 ], [ 1.716891301984623, 42.707210862643031 ], [ 1.716876465184896, 42.707931125822682 ], [ 1.716632306478979, 42.707928389996717 ] ], [ [ 1.714693900250608, 42.707186222095409 ], [ 1.714938055862407, 42.707188962015195 ], [ 1.714941770619675, 42.707008896342607 ], [ 1.71469761571319, 42.707006156439952 ], [ 1.714693900250608, 42.707186222095409 ] ], [ [ 1.71615883443309, 42.707202653809802 ], [ 1.71640299024952, 42.707205390607861 ], [ 1.716406700774907, 42.707025324832365 ], [ 1.716162545663791, 42.707022588051458 ], [ 1.71615883443309, 42.707202653809802 ] ], [ [ 1.718123198580898, 42.706684335921778 ], [ 1.718611506560885, 42.706689800570103 ], [ 1.718615210636352, 42.706509734622657 ], [ 1.718126904066962, 42.706504270008537 ], [ 1.718123198580898, 42.706684335921778 ] ], [ [ 1.715441220370285, 42.706474177430628 ], [ 1.715685373263212, 42.706476915720962 ], [ 1.715689085768137, 42.706296849973128 ], [ 1.715933237989876, 42.706299587725994 ], [ 1.715936949755419, 42.706119521955081 ], [ 1.715692798238961, 42.706116784219347 ], [ 1.715700223078309, 42.705756652693971 ], [ 1.715456073006493, 42.705753914472261 ], [ 1.7154523598986, 42.705933980220763 ], [ 1.715208209155624, 42.705931241461634 ], [ 1.715200781426963, 42.706291372906513 ], [ 1.715444933580497, 42.706294111699968 ], [ 1.715441220370285, 42.706474177430628 ] ], [ [ 1.716909847217713, 42.706310533534754 ], [ 1.717153999609858, 42.70631326868623 ], [ 1.717157707848988, 42.706133202829605 ], [ 1.716913556162125, 42.706130467695282 ], [ 1.716909847217713, 42.706310533534754 ] ], [ [ 1.717890163113914, 42.706141405111026 ], [ 1.718134314936982, 42.706144138164262 ], [ 1.718138020320936, 42.705964072233208 ], [ 1.717893869203148, 42.705961339197088 ], [ 1.717890163113914, 42.706141405111026 ] ], [ [ 1.7176497181194, 42.705958605640681 ], [ 1.717893869203148, 42.705961339197088 ], [ 1.717897575258341, 42.705781273277218 ], [ 1.717653424879864, 42.705778539737935 ], [ 1.7176497181194, 42.705958605640681 ] ], [ [ 1.714723622995707, 42.705745696685518 ], [ 1.715211922968785, 42.705751175730299 ], [ 1.715215636747833, 42.705571109992974 ], [ 1.714971487449495, 42.705568370747883 ], [ 1.71497891631576, 42.705208239289796 ], [ 1.714734768462043, 42.705205499558744 ], [ 1.714723622995707, 42.705745696685518 ] ], [ [ 1.716192234282233, 42.70558206177067 ], [ 1.716680533253974, 42.705587534537926 ], [ 1.716687952246703, 42.705227402839753 ], [ 1.716199656095976, 42.705221930141072 ], [ 1.716192234282233, 42.70558206177067 ] ], [ [ 1.718877880312679, 42.705612136237342 ], [ 1.719122030156029, 42.705614867158147 ], [ 1.719125732616841, 42.705434801140839 ], [ 1.718881583478752, 42.705432070237116 ], [ 1.718877880312679, 42.705612136237342 ] ], [ [ 1.718393285304624, 42.705426606868912 ], [ 1.718881583478752, 42.705432070237116 ], [ 1.718900098798911, 42.704531740146933 ], [ 1.718411807677188, 42.704526276949835 ], [ 1.718393285304624, 42.705426606868912 ] ], [ [ 1.716207077773378, 42.704861798487677 ], [ 1.716451224421222, 42.704864535062868 ], [ 1.716454934503566, 42.704684469210093 ], [ 1.716210788560953, 42.70468173265207 ], [ 1.716207077773378, 42.704861798487677 ] ], [ [ 1.719869281066289, 42.70490279248888 ], [ 1.720113428224623, 42.704905521260244 ], [ 1.720117127728464, 42.704725455150772 ], [ 1.719872981275366, 42.704722726396497 ], [ 1.719869281066289, 42.70490279248888 ] ], [ [ 1.719140542120017, 42.704714537012137 ], [ 1.719384688471136, 42.704717267327162 ], [ 1.719388390056684, 42.704537201263051 ], [ 1.719144244410794, 42.704534470965108 ], [ 1.719140542120017, 42.704714537012137 ] ] ] } },
{ "type": "Feature", "properties": { "surface_ha": 1.44 }, "geometry": { "type": "Polygon", "coordinates": [ [ [ 1.793840421942859, 42.706065948220974 ], [ 1.793850881557197, 42.705525734872069 ], [ 1.79360672513623, 42.705523163243321 ], [ 1.793603237924799, 42.705703234349436 ], [ 1.79335908083052, 42.70570066218427 ], [ 1.79336605663203, 42.705340519998359 ], [ 1.793610212315629, 42.705343092131287 ], [ 1.793613699462996, 42.705163021013362 ], [ 1.793125389538496, 42.705157876259392 ], [ 1.79312887806448, 42.704977805167772 ], [ 1.793861340883308, 42.704985521469922 ], [ 1.793864827261296, 42.704805450324059 ], [ 1.794108980892977, 42.704808021368052 ], [ 1.79411246653363, 42.704627950200155 ], [ 1.794356619492017, 42.704630520707759 ], [ 1.794353134556676, 42.704810591891757 ], [ 1.794597288252387, 42.704813161895153 ], [ 1.794593803990355, 42.704993233089333 ], [ 1.795082112888421, 42.704998371567427 ], [ 1.795068181162923, 42.705718656413751 ], [ 1.794579866622174, 42.705713517806913 ], [ 1.794572897746047, 42.70607366013023 ], [ 1.793840421942859, 42.706065948220974 ] ], [ [ 1.794586835370275, 42.705353375459936 ], [ 1.794830991213967, 42.705355944991339 ], [ 1.794834474834677, 42.705175873792889 ], [ 1.794590319696317, 42.705173304277594 ], [ 1.794586835370275, 42.705353375459936 ] ] ] } },
{ "type": "Feature", "properties": { "surface_ha": 1.08 }, "geometry": { "type": "Polygon", "coordinates": [ [ [ 1.734029872220425, 42.7050602012376 ], [ 1.734037190796376, 42.704700067074995 ], [ 1.733793043121968, 42.704697367992416 ], [ 1.733789383145547, 42.704877435059785 ], [ 1.733545234799506, 42.704874735440001 ], [ 1.733556216743646, 42.704334534270828 ], [ 1.734044509237884, 42.704339932888658 ], [ 1.73404816840822, 42.7041598657866 ], [ 1.733804022849524, 42.704157166754705 ], [ 1.733807682691476, 42.703977099663597 ], [ 1.733563537871621, 42.703974400128367 ], [ 1.733570858865106, 42.70361426596218 ], [ 1.733815002274532, 42.703616965463581 ], [ 1.733811342499812, 42.703797032566555 ], [ 1.734055486648066, 42.703799731564629 ], [ 1.734059145717573, 42.703619664444773 ], [ 1.734303289194224, 42.703622362905676 ], [ 1.734299630829927, 42.703802430042444 ], [ 1.734787919294454, 42.703807825437366 ], [ 1.734784262306995, 42.703987892602008 ], [ 1.735028407294866, 42.703990589535998 ], [ 1.735032063577107, 42.703810522354445 ], [ 1.735276207893342, 42.703813218751293 ], [ 1.735265241061543, 42.704353420328758 ], [ 1.735021094629629, 42.704350723881255 ], [ 1.735024750979038, 42.704170656711597 ], [ 1.734536459626435, 42.7041652622896 ], [ 1.734540117352712, 42.703985195147787 ], [ 1.734295972432028, 42.703982497173314 ], [ 1.734288655535419, 42.704342631417198 ], [ 1.73453280186656, 42.704345329425472 ], [ 1.734529144073088, 42.704525396555404 ], [ 1.73428499703671, 42.704522698530226 ], [ 1.734281338504394, 42.704702765637357 ], [ 1.734525486246018, 42.70470546367941 ], [ 1.734518170491083, 42.705065597909616 ], [ 1.734029872220425, 42.7050602012376 ] ] ] } },
{ "type": "Feature", "properties": { "surface_ha": 1.68 }, "geometry": { "type": "Polygon", "coordinates": [ [ [ 1.714268771331018, 42.70411962432788 ], [ 1.714283636297668, 42.703399361403669 ], [ 1.714771917798489, 42.703404842083216 ], [ 1.714775632544465, 42.703224776302953 ], [ 1.715996333367627, 42.703238468812103 ], [ 1.716000044553628, 42.703058402940144 ], [ 1.716244184115379, 42.703061139864161 ], [ 1.716247894562126, 42.702881073969131 ], [ 1.716492033452791, 42.702883810355786 ], [ 1.716488323711209, 42.703063876267947 ], [ 1.716732463341112, 42.703066612151517 ], [ 1.716725045166073, 42.703426743992303 ], [ 1.716969186240398, 42.703429479389932 ], [ 1.716965477806962, 42.703609545318542 ], [ 1.716721336027451, 42.703606809903782 ], [ 1.71671762685476, 42.703786875809342 ], [ 1.716229341987568, 42.70378140338488 ], [ 1.716236763119635, 42.703421271636401 ], [ 1.715748481209525, 42.703415797199582 ], [ 1.715744769250163, 42.703595863042487 ], [ 1.715988910893359, 42.703598600538157 ], [ 1.715985199605093, 42.703778666392282 ], [ 1.715741057256706, 42.703775928879473 ], [ 1.715733633167505, 42.704136060535589 ], [ 1.714268771331018, 42.70411962432788 ] ] ] } },
{ "type": "Feature", "properties": { "surface_ha": 1.2 }, "geometry": { "type": "Polygon", "coordinates": [ [ [ 1.713426064029599, 42.697626289182871 ], [ 1.713437217579539, 42.697086091562824 ], [ 1.713681333499063, 42.697088833642397 ], [ 1.713688767618401, 42.696728701831617 ], [ 1.712468195411749, 42.696714986404444 ], [ 1.712471915944879, 42.696534920576049 ], [ 1.71271602961296, 42.696537664684506 ], [ 1.712727188892567, 42.695997467112079 ], [ 1.712971300480049, 42.696000210648897 ], [ 1.712967581459258, 42.696180276529496 ], [ 1.713211693785813, 42.696183019563364 ], [ 1.713215412101688, 42.696002953665598 ], [ 1.713459523757478, 42.696005696162217 ], [ 1.713455806146518, 42.696185762077157 ], [ 1.713699918541367, 42.696188504070861 ], [ 1.713696201601184, 42.696368569997055 ], [ 1.714184427903136, 42.696374052458509 ], [ 1.714180712338672, 42.696554118413118 ], [ 1.7139365984657, 42.696551377425251 ], [ 1.713929165824517, 42.696911509282259 ], [ 1.714173281107366, 42.696914250304452 ], [ 1.714158418235235, 42.697634514015832 ], [ 1.713426064029599, 42.697626289182871 ] ] ] } },
{ "type": "Feature", "properties": { "surface_ha": 2.21 }, "geometry": { "type": "Polygon", "coordinates": [ [ [ 1.711946467742926, 42.698330088471465 ], [ 1.711950189993595, 42.698150022730943 ], [ 1.71121783036567, 42.698141783699917 ], [ 1.711221554697104, 42.697961718005075 ], [ 1.711465673833899, 42.697964464851673 ], [ 1.7114731209842, 42.697604333409721 ], [ 1.711229003257354, 42.697601586597543 ], [ 1.711232727486169, 42.697421520884866 ], [ 1.710744493545026, 42.697416025734562 ], [ 1.710751944719856, 42.697055894360204 ], [ 1.710996060263414, 42.697058642160982 ], [ 1.710999785094561, 42.696878576447688 ], [ 1.711243899967385, 42.696881323711153 ], [ 1.711247624059382, 42.696701257974709 ], [ 1.711003509891495, 42.696698510728424 ], [ 1.711007234654218, 42.696518445003228 ], [ 1.710763121225471, 42.6965156972541 ], [ 1.710766846658909, 42.696335631540165 ], [ 1.711010959382731, 42.696338379272092 ], [ 1.711014684077035, 42.696158313535015 ], [ 1.711502908217466, 42.696163807404176 ], [ 1.711510354683812, 42.695803675843372 ], [ 1.711754465395508, 42.695806421963418 ], [ 1.71174329775943, 42.696346619347359 ], [ 1.711499184932999, 42.696343873175707 ], [ 1.711491738261474, 42.696704004700862 ], [ 1.711735852497763, 42.696706750906884 ], [ 1.711724684348828, 42.697246948201673 ], [ 1.712212917153645, 42.697252439156664 ], [ 1.712216638494243, 42.697072373363277 ], [ 1.711972522779695, 42.697069628163042 ], [ 1.711976244791061, 42.696889562380932 ], [ 1.712220359800664, 42.696892307563978 ], [ 1.712224081072907, 42.696712241758703 ], [ 1.712468195411749, 42.696714986404444 ], [ 1.712464474844446, 42.696895052226907 ], [ 1.712952705034518, 42.696900539992455 ], [ 1.712948985842937, 42.697080605843304 ], [ 1.712704870025871, 42.697077862203415 ], [ 1.712701150095177, 42.697257928031192 ], [ 1.712945266617195, 42.697260671688284 ], [ 1.712941547357295, 42.697440737527273 ], [ 1.712453312937505, 42.697435249658604 ], [ 1.712449592233513, 42.697615315457263 ], [ 1.712693710131291, 42.697618059668855 ], [ 1.712689990098097, 42.697798125478776 ], [ 1.712445871495347, 42.697795381250017 ], [ 1.712438429916495, 42.698155512817635 ], [ 1.712194309937955, 42.698152768034355 ], [ 1.712190588392276, 42.698332833792065 ], [ 1.711946467742926, 42.698330088471465 ] ] ] } },
{ "type": "Feature", "properties": { "surface_ha": 49.03 }, "geometry": { "type": "Polygon", "coordinates": [ [ [ 1.770461767751317, 42.702755511440664 ], [ 1.770475982466777, 42.702035232805962 ], [ 1.770231841844857, 42.702032611523684 ], [ 1.77023895041711, 42.701672472203612 ], [ 1.769750672091955, 42.701667228144018 ], [ 1.769772005487103, 42.700586810238867 ], [ 1.769527870604451, 42.700584187527326 ], [ 1.769531426761143, 42.700404117872139 ], [ 1.769775560938659, 42.700406740567281 ], [ 1.769786227097389, 42.699866531516996 ], [ 1.770274491319654, 42.699871775248134 ], [ 1.770278045230368, 42.69969170552001 ], [ 1.770033913808019, 42.69968908393097 ], [ 1.770037468391192, 42.699509014213348 ], [ 1.769793337706596, 42.699506392120561 ], [ 1.769796892962217, 42.69932632241342 ], [ 1.769064503219666, 42.699318453063107 ], [ 1.769060945848761, 42.699498522720965 ], [ 1.768572684773563, 42.699493273853633 ], [ 1.768579802303067, 42.699133134597851 ], [ 1.768335673224677, 42.699130509416754 ], [ 1.768342792033589, 42.698770370170173 ], [ 1.768098664398047, 42.698767744501801 ], [ 1.768112904443793, 42.69804746600331 ], [ 1.76786877966118, 42.698044839880588 ], [ 1.767875900897942, 42.697684700628706 ], [ 1.76812002427048, 42.697687326718537 ], [ 1.768123584134776, 42.697507257067272 ], [ 1.767879461467268, 42.697504630993905 ], [ 1.767883022003893, 42.697324561353156 ], [ 1.768371265961562, 42.697329812946826 ], [ 1.768374825055451, 42.697149743267296 ], [ 1.766910097805012, 42.697133982343139 ], [ 1.766917224354786, 42.696773843163697 ], [ 1.765940745815662, 42.69676332560978 ], [ 1.765955009802225, 42.696043047443361 ], [ 1.765710893069244, 42.696040416820445 ], [ 1.76571445968897, 42.695860347280501 ], [ 1.765470343693714, 42.695857716153959 ], [ 1.765473910985643, 42.695677646624603 ], [ 1.76522979572811, 42.695675014994407 ], [ 1.765233363692227, 42.695494945475609 ], [ 1.765477478244808, 42.695497577089306 ], [ 1.765484612664847, 42.695137438000941 ], [ 1.765240499522154, 42.695134806420199 ], [ 1.765244067387963, 42.694954736883595 ], [ 1.764511730271327, 42.694946839070219 ], [ 1.764518870134179, 42.694586700078233 ], [ 1.764274759237381, 42.694584066466554 ], [ 1.764285470900469, 42.694043857983601 ], [ 1.765750124084612, 42.694059651555392 ], [ 1.765746557792449, 42.694239721154553 ], [ 1.765990667476053, 42.694242351612672 ], [ 1.765994233063315, 42.694062281997034 ], [ 1.766238342074765, 42.694064911918616 ], [ 1.766241906924382, 42.693884842280561 ], [ 1.766730123635707, 42.69389010053051 ], [ 1.766733687042803, 42.693710030853602 ], [ 1.76697779474267, 42.693712659181962 ], [ 1.766981357412154, 42.693532589482672 ], [ 1.766737250417171, 42.693529961170789 ], [ 1.766740813758812, 42.693349891482036 ], [ 1.766252601276789, 42.693344633330916 ], [ 1.766256165995443, 42.6931645636692 ], [ 1.76576795505412, 42.693159303470722 ], [ 1.76577865324279, 42.692619094548839 ], [ 1.766999170268766, 42.692632240897424 ], [ 1.766995607762885, 42.69281231062633 ], [ 1.767239711971116, 42.692814938352306 ], [ 1.767236150137372, 42.692995008091756 ], [ 1.767480255083175, 42.692997635314121 ], [ 1.767476693921584, 42.693177705064095 ], [ 1.767964905321037, 42.693182957981556 ], [ 1.767957785719235, 42.69354309752952 ], [ 1.768201892877759, 42.693545723241016 ], [ 1.768209011069809, 42.693185583660153 ], [ 1.768453116851268, 42.693188208818697 ], [ 1.768449558476461, 42.693368278628526 ], [ 1.768693664995475, 42.693370903283444 ], [ 1.768690107292865, 42.693550973103804 ], [ 1.769666536515137, 42.693561466588363 ], [ 1.769670091398222, 42.693381396702293 ], [ 1.770646518323362, 42.693391881799847 ], [ 1.770639414163627, 42.693752021697485 ], [ 1.770395305973617, 42.6937494011704 ], [ 1.770359776168179, 42.695550100139094 ], [ 1.771092121983834, 42.695557960652515 ], [ 1.771102774923578, 42.69501775087636 ], [ 1.771591001400738, 42.695022988519625 ], [ 1.771587451863323, 42.695203058483756 ], [ 1.771831565855751, 42.695205676541619 ], [ 1.771835114688224, 42.69502560656111 ], [ 1.772323341360971, 42.695030841083714 ], [ 1.772319793938385, 42.695210911097028 ], [ 1.77256390802858, 42.695213527594561 ], [ 1.772560361278363, 42.695393597618313 ], [ 1.772316246483219, 42.695390981104389 ], [ 1.77231269899547, 42.695571051105865 ], [ 1.772068583527951, 42.695568434055424 ], [ 1.772054390431233, 42.69628871393649 ], [ 1.772298508718643, 42.696291331052478 ], [ 1.772294961067977, 42.696471401024347 ], [ 1.77278319915052, 42.696476633728729 ], [ 1.772786745391207, 42.696296563724118 ], [ 1.773763219127135, 42.696307022825749 ], [ 1.773759675706411, 42.696487092895872 ], [ 1.774247914179654, 42.696492319358612 ], [ 1.774244372136381, 42.696672389455593 ], [ 1.774732612149752, 42.696677613870506 ], [ 1.774729071483955, 42.696857683994295 ], [ 1.774973192244431, 42.69686029543788 ], [ 1.774969652251127, 42.697040365572086 ], [ 1.775213773749128, 42.697042976511916 ], [ 1.775210234428328, 42.697223046656575 ], [ 1.775454356663855, 42.697225657092574 ], [ 1.775450818015575, 42.697405727247656 ], [ 1.775694940988632, 42.69740833717988 ], [ 1.775691403012881, 42.6975884073454 ], [ 1.775935526723464, 42.697591016773792 ], [ 1.775931989420258, 42.697771086949729 ], [ 1.776176113868372, 42.697773695874325 ], [ 1.776154893597209, 42.698854116903703 ], [ 1.77591076491872, 42.698851507881074 ], [ 1.775903689824943, 42.699211648144157 ], [ 1.77565955976877, 42.699209038568618 ], [ 1.775652483134821, 42.699569178775334 ], [ 1.775408351700945, 42.699566568646951 ], [ 1.775390656021708, 42.7004669189784 ], [ 1.7756347909812, 42.70046952918856 ], [ 1.775627713892244, 42.700829669312419 ], [ 1.775383577522458, 42.70082705906956 ], [ 1.775372959529772, 42.701367269161878 ], [ 1.775617098015042, 42.701369879453786 ], [ 1.775613559324303, 42.701549949489063 ], [ 1.774881141850501, 42.701542117003626 ], [ 1.774884682656764, 42.70136204701739 ], [ 1.774396405913849, 42.701356822792015 ], [ 1.774399948097924, 42.701176752832581 ], [ 1.773667535343082, 42.701168912641918 ], [ 1.773674623844571, 42.700808772803519 ], [ 1.773430487735035, 42.700806158398954 ], [ 1.773423397823235, 42.701166298204569 ], [ 1.773179260335951, 42.701163683247032 ], [ 1.77318280601329, 42.70098361336354 ], [ 1.772938669263731, 42.700980997902157 ], [ 1.77293157646616, 42.701341137630429 ], [ 1.773175714626045, 42.701343753124583 ], [ 1.773168623108525, 42.701703892861929 ], [ 1.772436204495559, 42.701696044720471 ], [ 1.772432656572394, 42.701876114531103 ], [ 1.772676796782654, 42.701878731114874 ], [ 1.772673249532092, 42.702058800936008 ], [ 1.772917390480124, 42.702061417015912 ], [ 1.772910297291654, 42.702421556673151 ], [ 1.77242201260737, 42.70241632392748 ], [ 1.7724255606283, 42.702236254134611 ], [ 1.772181419040242, 42.702233636997825 ], [ 1.772177870314108, 42.702413706774308 ], [ 1.771445443629928, 42.702405852193252 ], [ 1.771448994471668, 42.702225782465966 ], [ 1.77120485301403, 42.702223163248213 ], [ 1.77120840452835, 42.702043093531429 ], [ 1.77096426380853, 42.702040473809845 ], [ 1.770960711589014, 42.702220543510236 ], [ 1.770716570196627, 42.702217923251993 ], [ 1.770713017239283, 42.702397992930045 ], [ 1.770957159336871, 42.702400613204688 ], [ 1.770950054734701, 42.702760752575848 ], [ 1.770461767751317, 42.702755511440664 ] ], [ [ 1.771717986004668, 42.700967912791917 ], [ 1.771962122591294, 42.700970530854399 ], [ 1.771965671761824, 42.70079046104695 ], [ 1.771721535880348, 42.700787843000889 ], [ 1.771717986004668, 42.700967912791917 ] ], [ [ 1.773674623844571, 42.700808772803519 ], [ 1.773918759986659, 42.70081138668791 ], [ 1.773922303483426, 42.700631316743447 ], [ 1.773678168046483, 42.700628702875456 ], [ 1.773674623844571, 42.700808772803519 ] ], [ [ 1.76933352884719, 42.698060588814499 ], [ 1.769577653825891, 42.698063211816248 ], [ 1.769588320826228, 42.697523002584298 ], [ 1.770076566651375, 42.697528246928776 ], [ 1.770083675001559, 42.697168107345497 ], [ 1.769595431996498, 42.697162863066744 ], [ 1.769598987532646, 42.696982793299092 ], [ 1.769354866784108, 42.696980170395904 ], [ 1.769358422992606, 42.696800100638747 ], [ 1.768626063058008, 42.696792228857682 ], [ 1.768611829567878, 42.69751250765357 ], [ 1.768855952333456, 42.697515132166501 ], [ 1.768848836802357, 42.697875271561749 ], [ 1.769337085251671, 42.697880519092848 ], [ 1.76933352884719, 42.698060588814499 ] ], [ [ 1.769613209350681, 42.696262514169192 ], [ 1.769857327311896, 42.696265136486531 ], [ 1.769860881979786, 42.696085066672815 ], [ 1.770104999268669, 42.696087688453588 ], [ 1.770108553198939, 42.695907618617547 ], [ 1.769620320063766, 42.695902374568739 ], [ 1.769613209350681, 42.696262514169192 ] ], [ [ 1.767702996830812, 42.694080680526135 ], [ 1.767947106071316, 42.69408330680708 ], [ 1.767954225869291, 42.693723167294628 ], [ 1.767710118038577, 42.693720541046602 ], [ 1.767702996830812, 42.694080680526135 ] ] ] } },
{ "type": "Feature", "properties": { "surface_ha": 9.87 }, "geometry": { "type": "Polygon", "coordinates": [ [ [ 1.709876136477866, 42.69218312393442 ], [ 1.709920863395707, 42.690022334089306 ], [ 1.710897215275794, 42.690033327807548 ], [ 1.710893491039696, 42.690213393729543 ], [ 1.711137579799938, 42.690216140876373 ], [ 1.711141303331338, 42.690036074937176 ], [ 1.711629479545011, 42.690041567636435 ], [ 1.711633201632829, 42.689861501656885 ], [ 1.71138911421359, 42.689858755584432 ], [ 1.71139283697191, 42.689678689616173 ], [ 1.711636923686464, 42.68968143567141 ], [ 1.711644367691186, 42.689321303682604 ], [ 1.711400282385984, 42.68931855766175 ], [ 1.711404005041738, 42.689138491675628 ], [ 1.711159920475392, 42.689135745152036 ], [ 1.711163643801617, 42.688955679177177 ], [ 1.710431392421744, 42.6889474365382 ], [ 1.710435117827733, 42.688767370608993 ], [ 1.710679200882165, 42.688770118658077 ], [ 1.710686650182215, 42.68840998674748 ], [ 1.711418895322873, 42.688418227671704 ], [ 1.711415172803871, 42.688598293681586 ], [ 1.711659255290445, 42.688601039633625 ], [ 1.711655533441903, 42.688781105654797 ], [ 1.712143699926885, 42.688786596033381 ], [ 1.712139979453469, 42.688966662082997 ], [ 1.711651811559179, 42.688961171670016 ], [ 1.711648089642273, 42.689141237679266 ], [ 1.712380343648946, 42.689149472570392 ], [ 1.712376623811859, 42.689329538625287 ], [ 1.712620709253752, 42.689332282566234 ], [ 1.712616990087178, 42.689512348632391 ], [ 1.712861076267901, 42.689515092070565 ], [ 1.712864794729801, 42.689335025987255 ], [ 1.713352965784339, 42.689340511269336 ], [ 1.713349248731791, 42.689520577387 ], [ 1.713593335014946, 42.689523319265255 ], [ 1.71359705136282, 42.689343253130396 ], [ 1.714085222622161, 42.689348735292654 ], [ 1.714088937526565, 42.689168669117493 ], [ 1.714333022502746, 42.689171409401489 ], [ 1.714325594069167, 42.689531541780191 ], [ 1.713837421332231, 42.68952606062355 ], [ 1.713833705654909, 42.689706126769643 ], [ 1.714321879801213, 42.689711607960611 ], [ 1.714318165499145, 42.689891674135083 ], [ 1.714562253328158, 42.689894413967778 ], [ 1.714558539696674, 42.690074480153484 ], [ 1.714802628264491, 42.690077219483335 ], [ 1.714798915303605, 42.690257285680246 ], [ 1.715043004610225, 42.690260024507296 ], [ 1.715039292319949, 42.690440090715398 ], [ 1.71479520230862, 42.690437351871232 ], [ 1.714791489279533, 42.69061741805627 ], [ 1.715279670745721, 42.690622895258947 ], [ 1.715283382365372, 42.690442829039604 ], [ 1.715771562558476, 42.690448304128019 ], [ 1.715775272734617, 42.690268237868423 ], [ 1.716019362177572, 42.690270974615501 ], [ 1.716015652706141, 42.690451040892235 ], [ 1.716503833103672, 42.690456512860685 ], [ 1.716507541165677, 42.690276446549674 ], [ 1.716751630710814, 42.690279181736777 ], [ 1.716747923353522, 42.690459248064911 ], [ 1.716992013637421, 42.690461982749156 ], [ 1.716984600230136, 42.690822115421852 ], [ 1.716740508536791, 42.690819380703338 ], [ 1.716744215962181, 42.690639314387127 ], [ 1.71650012500761, 42.690636579165748 ], [ 1.716496416877494, 42.690816645464835 ], [ 1.716252325252253, 42.69081390970635 ], [ 1.716248616383351, 42.69099397598238 ], [ 1.715272247404152, 42.690983027679842 ], [ 1.715268535682235, 42.691163093881329 ], [ 1.71478034998767, 42.691157616575737 ], [ 1.714776636822178, 42.691337682736986 ], [ 1.713800263023352, 42.691326721817063 ], [ 1.713796547004767, 42.691506787903727 ], [ 1.713064264899728, 42.691498561702176 ], [ 1.713067983032556, 42.691318495667041 ], [ 1.712579796542751, 42.691313008966979 ], [ 1.712583516050909, 42.691132942960273 ], [ 1.712339423561984, 42.691130198847432 ], [ 1.712335703349086, 42.691310264836943 ], [ 1.711847517064264, 42.691304775016881 ], [ 1.711836351992061, 42.69184497284661 ], [ 1.711592256786662, 42.691842227104971 ], [ 1.711584811824756, 42.692202358927339 ], [ 1.711096618697465, 42.692196865815177 ], [ 1.711100342605052, 42.692016799941378 ], [ 1.710856246797473, 42.69201405262249 ], [ 1.710852522185116, 42.69219411847908 ], [ 1.710608425706977, 42.69219137062295 ], [ 1.710615876307011, 42.691831238938235 ], [ 1.710371781272616, 42.6918284905965 ], [ 1.710364329263051, 42.692188622246803 ], [ 1.709876136477866, 42.69218312393442 ] ], [ [ 1.711355607850118, 42.691479349031553 ], [ 1.71159970161182, 42.691482095258813 ], [ 1.711603423973118, 42.69130202932682 ], [ 1.71135933091616, 42.691299283116777 ], [ 1.711355607850118, 42.691479349031553 ] ], [ [ 1.713559886348149, 42.691143914211636 ], [ 1.71380397900781, 42.691146655724452 ], [ 1.713811410874345, 42.69078652352141 ], [ 1.713567319624145, 42.690783782042935 ], [ 1.713559886348149, 42.691143914211636 ] ], [ [ 1.712099051990687, 42.690947388236296 ], [ 1.712587235524908, 42.690952876947613 ], [ 1.712594674370426, 42.690592744904492 ], [ 1.712350583995678, 42.690590000843187 ], [ 1.712361744121885, 42.690049802785452 ], [ 1.71211765589542, 42.690047058255786 ], [ 1.712113935182817, 42.690227124263764 ], [ 1.711381668594379, 42.6902188875032 ], [ 1.711374222838406, 42.690579019398164 ], [ 1.711862403348685, 42.690584511160665 ], [ 1.711866124834344, 42.690404445181755 ], [ 1.712110214436042, 42.690407190265802 ], [ 1.712099051990687, 42.690947388236296 ] ], [ [ 1.714784063119059, 42.690977550408519 ], [ 1.715272247404152, 42.690983027679842 ], [ 1.71527595909198, 42.690802961472365 ], [ 1.714787776216347, 42.690797484235404 ], [ 1.714784063119059, 42.690977550408519 ] ], [ [ 1.713585902216805, 42.689883451517176 ], [ 1.713829989943462, 42.689886192909782 ], [ 1.713833705654909, 42.689706126769643 ], [ 1.713589618632942, 42.689703385394189 ], [ 1.713585902216805, 42.689883451517176 ] ], [ [ 1.712128817828208, 42.689506860196147 ], [ 1.712372903940611, 42.689509604674249 ], [ 1.712376623811859, 42.689329538625287 ], [ 1.712132538404131, 42.689326794164366 ], [ 1.712128817828208, 42.689506860196147 ] ] ] } },
{ "type": "Feature", "properties": { "surface_ha": 5.18 }, "geometry": { "type": "Polygon", "coordinates": [ [ [ 1.774092353059302, 42.691987952448365 ], [ 1.77410297866883, 42.691447741727067 ], [ 1.773614779735288, 42.691442515140821 ], [ 1.773636038533591, 42.690362093734855 ], [ 1.773880133755332, 42.690364707189758 ], [ 1.773883676069719, 42.69018463691831 ], [ 1.774371865201251, 42.690189862235357 ], [ 1.774375406073575, 42.690009791925284 ], [ 1.774863593925655, 42.690015015129489 ], [ 1.77487067275372, 42.689654874426161 ], [ 1.774626580220935, 42.689652263116756 ], [ 1.774630120290954, 42.689472192772584 ], [ 1.773897845001941, 42.689464355773453 ], [ 1.773904929272859, 42.689104215165486 ], [ 1.774393109947404, 42.689109440286131 ], [ 1.774396650624613, 42.688929369940546 ], [ 1.775373009544958, 42.688939813876345 ], [ 1.775369471686657, 42.689119884287351 ], [ 1.775613562202717, 42.689122493987632 ], [ 1.775610025016659, 42.689302564409097 ], [ 1.775854116269941, 42.689305173605696 ], [ 1.775850579756139, 42.689485244037584 ], [ 1.776094671746642, 42.689487852730544 ], [ 1.776091135905107, 42.689667923172834 ], [ 1.776335228632833, 42.689670531362133 ], [ 1.77633169346358, 42.68985060181484 ], [ 1.776087600031099, 42.689847993609213 ], [ 1.77608052818566, 42.690208134464193 ], [ 1.77656871790215, 42.690213350420798 ], [ 1.77657225243157, 42.690033279963565 ], [ 1.777060440868369, 42.690038493807378 ], [ 1.777056907748486, 42.690218564297247 ], [ 1.777301002720331, 42.690221170455466 ], [ 1.777297470272775, 42.690401240955708 ], [ 1.776565183340266, 42.690393420872049 ], [ 1.776558114119116, 42.690753561756871 ], [ 1.777046308194143, 42.690758775731325 ], [ 1.777035708347751, 42.691298987112148 ], [ 1.776547510043913, 42.691293773039696 ], [ 1.776543975287251, 42.691473843455469 ], [ 1.776299875479213, 42.691471235622842 ], [ 1.776296339985266, 42.691651306016375 ], [ 1.775808139056968, 42.691646088758283 ], [ 1.775822286476409, 42.69092580727942 ], [ 1.77508999378532, 42.690917977688102 ], [ 1.77508291591175, 42.69127811834128 ], [ 1.774838817003445, 42.691275507404733 ], [ 1.774835277313094, 42.69145557770608 ], [ 1.774591177732488, 42.691452966233129 ], [ 1.774584096844615, 42.691813106785361 ], [ 1.774339995886883, 42.691810494759643 ], [ 1.774336454689342, 42.691990565010514 ], [ 1.774092353059302, 42.691987952448365 ] ], [ [ 1.774354160351821, 42.691090213696931 ], [ 1.774598258490296, 42.691092825657208 ], [ 1.774601798820426, 42.690912755360358 ], [ 1.77435770138675, 42.690910143416453 ], [ 1.774354160351821, 42.691090213696931 ] ], [ [ 1.774361242389156, 42.690730073130055 ], [ 1.774849435879442, 42.690735296465142 ], [ 1.774852975439757, 42.690555226140106 ], [ 1.774364783359042, 42.690550002837746 ], [ 1.774361242389156, 42.690730073130055 ] ], [ [ 1.774120687367463, 42.690547390406515 ], [ 1.774364783359042, 42.690550002837746 ], [ 1.774368324296407, 42.690369932539511 ], [ 1.774124229009606, 42.690367320124636 ], [ 1.774120687367463, 42.690547390406515 ] ], [ [ 1.775829359991233, 42.690565666504462 ], [ 1.776073456210322, 42.690568275295483 ], [ 1.776076992214229, 42.690388204882801 ], [ 1.77583289669992, 42.690385596108129 ], [ 1.775829359991233, 42.690565666504462 ] ] ] } },
{ "type": "Feature", "properties": { "surface_ha": 1.6 }, "geometry": { "type": "Polygon", "coordinates": [ [ [ 1.719207328934524, 42.689586238951783 ], [ 1.719214729181003, 42.689226105887869 ], [ 1.719458814872149, 42.689228835252464 ], [ 1.719469912873011, 42.688688635560752 ], [ 1.71922582929586, 42.688685906247414 ], [ 1.719229529266184, 42.68850583968873 ], [ 1.718985446427663, 42.688503109872535 ], [ 1.718992847675659, 42.688142976771488 ], [ 1.71874876628041, 42.688140246469544 ], [ 1.718756168801719, 42.687780113378992 ], [ 1.719244328807687, 42.687785573394514 ], [ 1.719240628973281, 42.68796563997698 ], [ 1.719484709731861, 42.68796836922192 ], [ 1.719488408861642, 42.687788302622387 ], [ 1.719732488949569, 42.687791031330285 ], [ 1.719728790524416, 42.687971097946914 ], [ 1.719972871350935, 42.687973826151961 ], [ 1.71998026675803, 42.687613692878564 ], [ 1.720224346209261, 42.687616420529487 ], [ 1.720220649227313, 42.687796487186226 ], [ 1.720708809640868, 42.687801940962423 ], [ 1.720705114034224, 42.687982007647413 ], [ 1.720461033105846, 42.687979281002214 ], [ 1.720457336760628, 42.68815934766419 ], [ 1.719969173596449, 42.688153892779766 ], [ 1.719961777985597, 42.68851402601755 ], [ 1.719717695045157, 42.688511297761231 ], [ 1.719713996484136, 42.688691364354113 ], [ 1.720202163808283, 42.688696820380969 ], [ 1.720198466622616, 42.688876887002074 ], [ 1.720686635491901, 42.688882340983241 ], [ 1.720682939681611, 42.689062407632576 ], [ 1.720194769402993, 42.689056953617268 ], [ 1.720187374861882, 42.689417086829806 ], [ 1.71994328836415, 42.689414359008012 ], [ 1.719939590337976, 42.68959442558829 ], [ 1.71969550316952, 42.689591697229446 ], [ 1.719699201900381, 42.68941163066625 ], [ 1.71945511547058, 42.689408901804505 ], [ 1.719451416035035, 42.689588968350591 ], [ 1.719207328934524, 42.689586238951783 ] ], [ [ 1.719706599260195, 42.689051497522051 ], [ 1.719950684314612, 42.689054225829651 ], [ 1.719954382238902, 42.688874159231545 ], [ 1.71971029788915, 42.68887143094107 ], [ 1.719706599260195, 42.689051497522051 ] ] ] } },
{ "type": "Feature", "properties": { "surface_ha": 1.81 }, "geometry": { "type": "Polygon", "coordinates": [ [ [ 1.797348170676111, 42.688812459046034 ], [ 1.797358593587282, 42.688272243367408 ], [ 1.796870415312183, 42.688267116201878 ], [ 1.796866939630915, 42.688447188068565 ], [ 1.796622849836518, 42.688444623689733 ], [ 1.796629802576581, 42.688084479982614 ], [ 1.797117979378404, 42.688089608156027 ], [ 1.797124929171917, 42.687729464361006 ], [ 1.796636755188936, 42.687724336251854 ], [ 1.796643707673583, 42.687364192497448 ], [ 1.797375964467746, 42.687371883784827 ], [ 1.797379438548118, 42.687191811850596 ], [ 1.797867608494393, 42.687196936743483 ], [ 1.797871081133495, 42.687016864771223 ], [ 1.798359249797975, 42.687021987552086 ], [ 1.798355778568238, 42.687202059556434 ], [ 1.798111693515372, 42.68719949840996 ], [ 1.798104749550871, 42.687559642368846 ], [ 1.798348836013123, 42.687562203547408 ], [ 1.798328007582631, 42.688642635378493 ], [ 1.797595735606618, 42.688634949993947 ], [ 1.797592261975725, 42.68881502189695 ], [ 1.797348170676111, 42.688812459046034 ] ] ] } },
{ "type": "Feature", "properties": { "surface_ha": 6.9 }, "geometry": { "type": "Polygon", "coordinates": [ [ [ 1.721655587620569, 42.689253376135269 ], [ 1.721659280646102, 42.68907330942357 ], [ 1.721415195354089, 42.689070584755811 ], [ 1.721422582712739, 42.688710451348733 ], [ 1.721178498863978, 42.688707726195112 ], [ 1.721174804496953, 42.688887792884536 ], [ 1.720930719977459, 42.688885067193858 ], [ 1.720938110086895, 42.688524933843198 ], [ 1.721182193197074, 42.688527659499726 ], [ 1.721185887496243, 42.688347592798401 ], [ 1.721674052409077, 42.688353042517406 ], [ 1.721681438087074, 42.687992909028679 ], [ 1.721437357022974, 42.687990184463295 ], [ 1.721433663496298, 42.688170251193561 ], [ 1.720945500060596, 42.68816480046879 ], [ 1.720960279600789, 42.687444533648645 ], [ 1.720716200752337, 42.687441807574622 ], [ 1.72072359172805, 42.687081674163075 ], [ 1.72096766916729, 42.687084400202934 ], [ 1.720971363899642, 42.686904333471169 ], [ 1.720727287164999, 42.686901607448377 ], [ 1.720734677937083, 42.686541474001189 ], [ 1.720002452164318, 42.686533292915726 ], [ 1.720013544409045, 42.685993092854112 ], [ 1.720257617518979, 42.685995820351273 ], [ 1.720253920842588, 42.686175887061516 ], [ 1.720742068573419, 42.686181340530226 ], [ 1.72073837327222, 42.686361407268691 ], [ 1.720982447893113, 42.686364133240232 ], [ 1.720986142489743, 42.686184066484714 ], [ 1.721230216439997, 42.68618679191929 ], [ 1.721226522547939, 42.686366858691891 ], [ 1.721470597236687, 42.686369583623602 ], [ 1.721463210759959, 42.686729717185123 ], [ 1.721707286891786, 42.686732441631051 ], [ 1.721703594307137, 42.686912508419944 ], [ 1.721947671177468, 42.686915232363013 ], [ 1.721943979263504, 42.687095299163069 ], [ 1.721211746640461, 42.687087125722876 ], [ 1.721208052578781, 42.687267192465761 ], [ 1.722184365629072, 42.687278089414413 ], [ 1.722191748081704, 42.686917955786122 ], [ 1.722679901991867, 42.686923401072598 ], [ 1.722687281490546, 42.686563267352383 ], [ 1.72293135708728, 42.686565989181609 ], [ 1.722935046081212, 42.686385922295536 ], [ 1.723179121007245, 42.68638864358779 ], [ 1.72319018567207, 42.685848442842804 ], [ 1.723434258518274, 42.68585116356401 ], [ 1.723430571035097, 42.686031230501982 ], [ 1.723674644619726, 42.686033950720322 ], [ 1.723663584080733, 42.686574151549728 ], [ 1.72341950838238, 42.686571431280306 ], [ 1.72341213311124, 42.686931565102775 ], [ 1.723656210218772, 42.686934285406323 ], [ 1.723652523237003, 42.687114352325708 ], [ 1.723896601082997, 42.687117072126355 ], [ 1.723903973603482, 42.686756938247576 ], [ 1.724148050074134, 42.686759657494207 ], [ 1.724144364535413, 42.686939724453588 ], [ 1.724632518987442, 42.686945161421121 ], [ 1.724625150626877, 42.68730529539021 ], [ 1.724869229312859, 42.687308013128117 ], [ 1.724865545786438, 42.687488080120758 ], [ 1.724621466395842, 42.687485362365813 ], [ 1.724610413499724, 42.688025563257099 ], [ 1.724854495004203, 42.68802828106309 ], [ 1.724850811342465, 42.688208348031999 ], [ 1.725094893585415, 42.688211065335082 ], [ 1.725091210594494, 42.688391132315054 ], [ 1.724603044733129, 42.688385697154906 ], [ 1.724595675831185, 42.688745831028974 ], [ 1.724351591541942, 42.688743112634903 ], [ 1.724355276714492, 42.688563045717885 ], [ 1.723867109646864, 42.688557607403887 ], [ 1.723863423064995, 42.688737674286863 ], [ 1.723375254723478, 42.688732233858978 ], [ 1.723386318595428, 42.688192033294492 ], [ 1.723142236589426, 42.688189312351724 ], [ 1.723145925183644, 42.688009245502037 ], [ 1.722901843916156, 42.688006524056362 ], [ 1.722887086517441, 42.688726791351186 ], [ 1.722154834462527, 42.688718623689809 ], [ 1.722147451331872, 42.68907875719924 ], [ 1.721903365972034, 42.689076033571403 ], [ 1.721899673651176, 42.689256100300149 ], [ 1.721655587620569, 42.689253376135269 ] ], [ [ 1.72166297363772, 42.688893242705944 ], [ 1.721907058258981, 42.688895966836711 ], [ 1.72191075051202, 42.688715900096057 ], [ 1.721666666595421, 42.688713175982379 ], [ 1.72166297363772, 42.688893242705944 ] ], [ [ 1.72191075051202, 42.688715900096057 ], [ 1.722154834462527, 42.688718623689809 ], [ 1.722158525977001, 42.688538556926176 ], [ 1.72191444273115, 42.688535833349469 ], [ 1.72191075051202, 42.688715900096057 ] ], [ [ 1.722661452652154, 42.687823735269262 ], [ 1.722905533181128, 42.687826457217817 ], [ 1.722909222412221, 42.687646390373317 ], [ 1.722665142587872, 42.687643668441787 ], [ 1.722661452652154, 42.687823735269262 ] ], [ [ 1.72292028990221, 42.687106189804197 ], [ 1.723164367646603, 42.687108911164621 ], [ 1.72317174439467, 42.686748777388111 ], [ 1.72292766805947, 42.68674605606175 ], [ 1.72292028990221, 42.687106189804197 ] ] ] } },
{ "type": "Feature", "properties": { "surface_ha": 1.28 }, "geometry": { "type": "Polygon", "coordinates": [ [ [ 1.799544993520597, 42.688835505983846 ], [ 1.799555397403923, 42.688295289872137 ], [ 1.799067218554889, 42.688290172066644 ], [ 1.799070687861744, 42.688110100049663 ], [ 1.798826599189741, 42.688107540382958 ], [ 1.798833539117289, 42.687747396363271 ], [ 1.799077626379867, 42.687749955997951 ], [ 1.79908803391809, 42.687209739876003 ], [ 1.798843948769604, 42.687207180289477 ], [ 1.798847418589975, 42.687027108253048 ], [ 1.799091503033776, 42.687029667823552 ], [ 1.799098441169569, 42.686669523700886 ], [ 1.799342524235883, 42.686672082719355 ], [ 1.799339055888588, 42.686852154799659 ], [ 1.799827223526112, 42.686857271308682 ], [ 1.799813355455901, 42.687577559699044 ], [ 1.800057442141182, 42.687580117237708 ], [ 1.800047042868317, 42.688120333516466 ], [ 1.799802954068903, 42.688117775929776 ], [ 1.799789085107103, 42.688838064154623 ], [ 1.799544993520597, 42.688835505983846 ] ], [ [ 1.799070687861744, 42.688110100049663 ], [ 1.79931477656561, 42.688112659196356 ], [ 1.799318245135886, 42.68793258715742 ], [ 1.799074157136737, 42.687930028026734 ], [ 1.799070687861744, 42.688110100049663 ] ], [ [ 1.799328650655582, 42.687392371005132 ], [ 1.799572736572475, 42.687394929567716 ], [ 1.799576204310639, 42.687214857489117 ], [ 1.799332119098438, 42.687212298942541 ], [ 1.799328650655582, 42.687392371005132 ] ] ] } },
{ "type": "Feature", "properties": { "surface_ha": 1.6 }, "geometry": { "type": "Polygon", "coordinates": [ [ [ 1.713438448571924, 42.685198988922018 ], [ 1.713442164805288, 42.685018922661676 ], [ 1.712954027571278, 42.685013438204173 ], [ 1.71295774517954, 42.684833371972253 ], [ 1.712713677318258, 42.684830628980848 ], [ 1.712717395596887, 42.684650562760169 ], [ 1.712473328474257, 42.684647819266047 ], [ 1.71249192287764, 42.683747488159419 ], [ 1.712980050112179, 42.683752974455913 ], [ 1.712983767481465, 42.683572908182391 ], [ 1.713227830445477, 42.683575650533655 ], [ 1.713224113780659, 42.683755716824329 ], [ 1.713956304990864, 42.683763940810486 ], [ 1.713952590405341, 42.683944007146742 ], [ 1.713464461488796, 42.683938524974884 ], [ 1.713457029397468, 42.684298657560916 ], [ 1.713945161131953, 42.684304139801498 ], [ 1.713937731722111, 42.684664272432435 ], [ 1.714181799049525, 42.684667012807246 ], [ 1.714178084997941, 42.684847079130947 ], [ 1.713934016966019, 42.684844338738998 ], [ 1.71393030217581, 42.685024405039606 ], [ 1.714174370912249, 42.685027145448736 ], [ 1.714170656792447, 42.685207211760584 ], [ 1.713438448571924, 42.685198988922018 ] ] ] } },
{ "type": "Feature", "properties": { "surface_ha": 44.33 }, "geometry": { "type": "Polygon", "coordinates": [ [ [ 1.79436683184558, 42.691482738975587 ], [ 1.794370315117904, 42.691302667370202 ], [ 1.794126214366632, 42.691300097533777 ], [ 1.79412969831179, 42.691120025938581 ], [ 1.793885598297342, 42.691117455598203 ], [ 1.793889082915323, 42.690937384013203 ], [ 1.793644983637697, 42.690934813168873 ], [ 1.793655439414034, 42.690394598426685 ], [ 1.793411342282837, 42.690392027110647 ], [ 1.79341482818239, 42.690211955534195 ], [ 1.793170731788001, 42.690209383714212 ], [ 1.793202109786171, 42.688588739405155 ], [ 1.793446199837719, 42.688591311080152 ], [ 1.793453170964538, 42.688231167803103 ], [ 1.792476816588278, 42.688220878111999 ], [ 1.792473328221992, 42.688400949689047 ], [ 1.792717417472736, 42.688403522907912 ], [ 1.792696490830668, 42.68948395234262 ], [ 1.792940584341904, 42.689486525138207 ], [ 1.792923148116496, 42.690386882918432 ], [ 1.792190857107216, 42.690379162729805 ], [ 1.792197835922192, 42.690019019732176 ], [ 1.79195374039276, 42.690016445328148 ], [ 1.791964210489184, 42.689476230835744 ], [ 1.791720117106121, 42.689473655960064 ], [ 1.791713135664355, 42.689833798928682 ], [ 1.791469040903815, 42.689831223500725 ], [ 1.791472532345497, 42.689651152035509 ], [ 1.791228438321795, 42.689648576103664 ], [ 1.791231930436175, 42.689468504648666 ], [ 1.790743743894519, 42.689463351257203 ], [ 1.790747237386341, 42.689283279828587 ], [ 1.790991329936374, 42.689285856768173 ], [ 1.790994822691361, 42.689105785317508 ], [ 1.79075073084608, 42.68910320839403 ], [ 1.790754224273732, 42.688923136953591 ], [ 1.79051013316528, 42.688920559526274 ], [ 1.790513627265585, 42.688740488096037 ], [ 1.790269536893958, 42.688737910164839 ], [ 1.790273031666904, 42.68855783874487 ], [ 1.790517121333802, 42.688560416659918 ], [ 1.790527603345911, 42.688020202316039 ], [ 1.790039428272517, 42.688015046062851 ], [ 1.790046418938949, 42.687654903201995 ], [ 1.790290505050198, 42.687657481556265 ], [ 1.790293999630572, 42.687477410100804 ], [ 1.791026256042784, 42.687485141995332 ], [ 1.791019271078112, 42.687845284997202 ], [ 1.791263358022399, 42.687847861287679 ], [ 1.791266849816074, 42.687667789773577 ], [ 1.79175502239145, 42.68767294076229 ], [ 1.791762003063835, 42.687312797651778 ], [ 1.79200608799023, 42.687315372333899 ], [ 1.791999108727224, 42.687675515476677 ], [ 1.792243195095049, 42.68767808967106 ], [ 1.792239706120173, 42.6878581612497 ], [ 1.792483793224741, 42.687860734940216 ], [ 1.792490769733055, 42.687500591744801 ], [ 1.792734855460264, 42.687503164883097 ], [ 1.792727880361344, 42.687863308110749 ], [ 1.792971967529978, 42.687865880761308 ], [ 1.792992888214276, 42.686785450910648 ], [ 1.792748805273752, 42.686782878356794 ], [ 1.792752292647054, 42.686602806710439 ], [ 1.79250821044322, 42.686600233652754 ], [ 1.792511698489148, 42.686420162016582 ], [ 1.792267617022004, 42.686417588455043 ], [ 1.792271105740548, 42.686237516829109 ], [ 1.792027025010092, 42.686234942763718 ], [ 1.792030514401237, 42.686054871147967 ], [ 1.7912982745161, 42.686047145880408 ], [ 1.791301765989103, 42.685867074307168 ], [ 1.791057686796149, 42.685864498194221 ], [ 1.791054194618511, 42.686044569751324 ], [ 1.790321955118198, 42.686036838244249 ], [ 1.790318460794569, 42.686216909747039 ], [ 1.789830299878862, 42.686211752776892 ], [ 1.78983379561177, 42.686031681306424 ], [ 1.78958971590671, 42.686029102057574 ], [ 1.789586219469163, 42.686209173511884 ], [ 1.789342139091575, 42.686206593726929 ], [ 1.789338641917273, 42.686386665159148 ], [ 1.788850479849167, 42.686381503996998 ], [ 1.788846981233447, 42.686561575390989 ], [ 1.788602899542938, 42.686558994013815 ], [ 1.788609898151543, 42.68619885125225 ], [ 1.788853978432758, 42.686201432597088 ], [ 1.788860975503547, 42.685841289779546 ], [ 1.789105054407625, 42.685843870572135 ], [ 1.789112049940652, 42.685483727698575 ], [ 1.789356127467611, 42.685486307938859 ], [ 1.789359624481327, 42.685306236477061 ], [ 1.789603701335789, 42.685308816181205 ], [ 1.789610693857671, 42.684948673207565 ], [ 1.789854769335037, 42.684951252359483 ], [ 1.789858264843222, 42.684771180847633 ], [ 1.790102339648096, 42.684773759463425 ], [ 1.790105834419591, 42.684593687929521 ], [ 1.789861760319305, 42.684591109329844 ], [ 1.789865255763285, 42.684411037806164 ], [ 1.78962118239968, 42.684408458702727 ], [ 1.789624678516134, 42.684228387189286 ], [ 1.78938060588921, 42.684225807582081 ], [ 1.789377109068183, 42.684405879079357 ], [ 1.788888962501537, 42.684400718272826 ], [ 1.78889246073171, 42.684220646807873 ], [ 1.788404315702717, 42.68421548395397 ], [ 1.788407815309896, 42.684035412515463 ], [ 1.78816374354817, 42.684032830324796 ], [ 1.788160243236427, 42.684212901747131 ], [ 1.787916170802283, 42.68421031902038 ], [ 1.787919671818591, 42.684030247614231 ], [ 1.787675600121165, 42.684027664383727 ], [ 1.787661593044718, 42.6847479499082 ], [ 1.787417518561155, 42.684745366093054 ], [ 1.787424523572858, 42.684385223374996 ], [ 1.78718045053062, 42.684382639072282 ], [ 1.787176947336275, 42.684562710418056 ], [ 1.786932873621635, 42.684560125579239 ], [ 1.786936377520556, 42.684380054249651 ], [ 1.78669230454267, 42.684377468907066 ], [ 1.786688799939172, 42.684557540220474 ], [ 1.786444726288897, 42.684554954341792 ], [ 1.78644823159697, 42.68437488304459 ], [ 1.786204158683462, 42.684372296662197 ], [ 1.786211170612165, 42.68401215408241 ], [ 1.785967099139985, 42.684009567212492 ], [ 1.785970605760597, 42.683829495929963 ], [ 1.786458747328043, 42.683834669117495 ], [ 1.78646575765447, 42.683474526469865 ], [ 1.78695389653249, 42.683479697512944 ], [ 1.786957400238342, 42.683299626147864 ], [ 1.787201469021084, 42.683302210873357 ], [ 1.787197966019767, 42.683482282254616 ], [ 1.787930174674603, 42.683490033360208 ], [ 1.787933675562305, 42.683309961930412 ], [ 1.78890995140068, 42.683320289394395 ], [ 1.788913449438098, 42.68314021789395 ], [ 1.788669381134834, 42.683137636823979 ], [ 1.788672879844654, 42.682957565333822 ], [ 1.788916947443391, 42.682960146387622 ], [ 1.788923943357603, 42.682600003357159 ], [ 1.789168009579429, 42.682602583858746 ], [ 1.789171506783841, 42.682422512318517 ], [ 1.789659637914821, 42.682427671729641 ], [ 1.789652646291925, 42.682787814868888 ], [ 1.789896713314598, 42.682790393826913 ], [ 1.789889722972336, 42.683150536974821 ], [ 1.790621928460075, 42.683158270826439 ], [ 1.790628914575182, 42.682798127581648 ], [ 1.790384847456232, 42.6827955501833 ], [ 1.790388341170184, 42.682615478568188 ], [ 1.789900208437583, 42.682610322244109 ], [ 1.789907198587258, 42.682250179060723 ], [ 1.790395328501834, 42.682255335320214 ], [ 1.790391834852052, 42.682435406947157 ], [ 1.790635900561972, 42.682437984313218 ], [ 1.790639393507252, 42.682257912670124 ], [ 1.790883458544747, 42.682260489500145 ], [ 1.790897427187135, 42.681540202804086 ], [ 1.79114148943875, 42.681542779049664 ], [ 1.791137998030736, 42.681722850748692 ], [ 1.791626124039104, 42.681728001712479 ], [ 1.791622634007999, 42.68190807343786 ], [ 1.79186669776475, 42.681910648156048 ], [ 1.791863208406086, 42.68209071989164 ], [ 1.792107272899373, 42.682093294106096 ], [ 1.792117738765772, 42.681553078833218 ], [ 1.791873676385944, 42.681550504667143 ], [ 1.791884144077406, 42.681010289389434 ], [ 1.792128204343835, 42.681012863507092 ], [ 1.792124715849849, 42.681192935288394 ], [ 1.792856898954709, 42.681200654570603 ], [ 1.79286387168389, 42.680840510905426 ], [ 1.793107931373969, 42.680843082927538 ], [ 1.793100960053704, 42.681203226624959 ], [ 1.793345021184712, 42.681205798159411 ], [ 1.793341536181031, 42.681385870015333 ], [ 1.793585598048512, 42.681388441046039 ], [ 1.793603019224591, 42.680488081626685 ], [ 1.793358960879392, 42.680485510676512 ], [ 1.793362445723052, 42.680305438790995 ], [ 1.793850561036574, 42.680310580139256 ], [ 1.793854044439372, 42.68013050821564 ], [ 1.79409810143969, 42.680133078093924 ], [ 1.794094618741324, 42.680313150033612 ], [ 1.79507084988009, 42.680323424412435 ], [ 1.795067369967493, 42.680503496410637 ], [ 1.795555487137526, 42.680508630513046 ], [ 1.795552008601864, 42.680688702537459 ], [ 1.795796067939247, 42.68069126882498 ], [ 1.795792590076092, 42.680871340859554 ], [ 1.796524770393209, 42.680879036651064 ], [ 1.796531721860879, 42.68051889247959 ], [ 1.797019839414096, 42.680524020343661 ], [ 1.797016365105115, 42.680704092464516 ], [ 1.796772305608103, 42.680701528776325 ], [ 1.796765355485509, 42.681061672968141 ], [ 1.797009416391438, 42.681064236688414 ], [ 1.797005941986737, 42.68124430879152 ], [ 1.797494065303244, 42.681249434704604 ], [ 1.797487119216033, 42.681609578957264 ], [ 1.797731182331088, 42.681612141166127 ], [ 1.797738127009343, 42.681251996881343 ], [ 1.797982188747331, 42.681254558538193 ], [ 1.797975245478033, 42.68161470285505 ], [ 1.798219308656859, 42.681617264024119 ], [ 1.798212366669013, 42.681977408349454 ], [ 1.7984564312887, 42.681979969030721 ], [ 1.798452960951466, 42.682160041200561 ], [ 1.798697026307525, 42.682162601377968 ], [ 1.79868314745795, 42.682882890062373 ], [ 1.798927215663948, 42.682885449784052 ], [ 1.798916808305807, 42.683425666283384 ], [ 1.798428667698431, 42.683420546223942 ], [ 1.798432138258766, 42.683240474095463 ], [ 1.797943999187973, 42.683235351988444 ], [ 1.797947471125518, 42.683055279886155 ], [ 1.797215264872105, 42.683047592874459 ], [ 1.797218738891364, 42.682867520814405 ], [ 1.796974670908558, 42.682864957453411 ], [ 1.796981620260408, 42.682504813347713 ], [ 1.796737553718559, 42.682502249498903 ], [ 1.796734078354071, 42.682682321538678 ], [ 1.796245943957092, 42.682677192249258 ], [ 1.796249420730616, 42.682497120241699 ], [ 1.796005354284538, 42.682494554833191 ], [ 1.796001876806492, 42.682674626824756 ], [ 1.795025608523524, 42.682664359927585 ], [ 1.795011687019446, 42.683384647577412 ], [ 1.794767617210463, 42.683382079489014 ], [ 1.794764136049988, 42.683562151370595 ], [ 1.795008206563521, 42.683564719475072 ], [ 1.795001245555775, 42.683924863252692 ], [ 1.794757173633125, 42.683922295116048 ], [ 1.794753692376738, 42.6841023669799 ], [ 1.794265547218222, 42.684097229114641 ], [ 1.794262064520717, 42.684277300940401 ], [ 1.793773918080991, 42.684272160963268 ], [ 1.79377043394234, 42.684452232750914 ], [ 1.793526360065891, 42.68444966196634 ], [ 1.793529844909121, 42.684269590194788 ], [ 1.792553552541746, 42.684259301921657 ], [ 1.792546577186626, 42.684619445329936 ], [ 1.793034726124606, 42.684624590570834 ], [ 1.793031239808183, 42.684804662298319 ], [ 1.793519390283417, 42.684809805491682 ], [ 1.793508935369668, 42.685350020735385 ], [ 1.793997090200555, 42.68535516194563 ], [ 1.793990122916511, 42.685715305476251 ], [ 1.794478280693859, 42.685720444671077 ], [ 1.794467833755672, 42.686260660019308 ], [ 1.794223752737088, 42.686258090633558 ], [ 1.794216786542412, 42.68661823413732 ], [ 1.79397270414651, 42.686615664199408 ], [ 1.793969220296525, 42.686795735926303 ], [ 1.79445738652965, 42.68680087531429 ], [ 1.794464351378979, 42.686440731790213 ], [ 1.794708433134196, 42.68644330067206 ], [ 1.794704951430181, 42.686623372453163 ], [ 1.794949033922031, 42.686625940831128 ], [ 1.794945552890705, 42.686806012622398 ], [ 1.794701469694189, 42.686803444228332 ], [ 1.794694506126275, 42.687163587760963 ], [ 1.794450421552386, 42.687161018814734 ], [ 1.794436491214057, 42.687881305744682 ], [ 1.793948316524689, 42.687876166163527 ], [ 1.793937864206804, 42.68841638120233 ], [ 1.793693774795968, 42.688413810583469 ], [ 1.793686805014586, 42.688773953880876 ], [ 1.794174986687187, 42.688779094663047 ], [ 1.794171503157971, 42.688959166335103 ], [ 1.794415594747007, 42.688961735962259 ], [ 1.794408629002098, 42.689321879320822 ], [ 1.794652722032625, 42.689324448460155 ], [ 1.794649239816951, 42.689504520146649 ], [ 1.794893333584221, 42.689507088782058 ], [ 1.794889852041333, 42.689687160478741 ], [ 1.795133946545349, 42.689689728610205 ], [ 1.795147869706008, 42.688969441723657 ], [ 1.795391961422954, 42.688972009270763 ], [ 1.795398921401997, 42.688611865759853 ], [ 1.796131192516127, 42.688619565184624 ], [ 1.796127714656798, 42.688799636991256 ], [ 1.796371805796804, 42.688802202442261 ], [ 1.796368328610278, 42.688982274259054 ], [ 1.796612420486965, 42.688984839206078 ], [ 1.796608943973257, 42.689164911033025 ], [ 1.797097129231912, 42.689170039399166 ], [ 1.797093654095792, 42.689350111252352 ], [ 1.797337747477756, 42.689352674671461 ], [ 1.797327323992213, 42.689892890243684 ], [ 1.797815515080501, 42.689898015618141 ], [ 1.79780856874974, 42.690258159367623 ], [ 1.797320374842296, 42.69025303392894 ], [ 1.79732384943321, 42.690072962089282 ], [ 1.797079753232145, 42.690070398605933 ], [ 1.797076277936438, 42.690250470429561 ], [ 1.7968321810625, 42.6902479064101 ], [ 1.796828705030076, 42.69042797821178 ], [ 1.796584607483266, 42.690425413656236 ], [ 1.796581130714114, 42.690605485435931 ], [ 1.796337032494431, 42.690602920344247 ], [ 1.796333554988538, 42.690782992101923 ], [ 1.796089456095983, 42.690780426474184 ], [ 1.796085977853336, 42.690960498209918 ], [ 1.795597778754437, 42.690955365362093 ], [ 1.795611697171804, 42.690235078512394 ], [ 1.79536760048951, 42.690232511372741 ], [ 1.795364120228309, 42.690412583077958 ], [ 1.795120022873184, 42.690410015402179 ], [ 1.795123503839179, 42.690229943713071 ], [ 1.794879407220819, 42.690227375533325 ], [ 1.794886370466472, 42.689867232169512 ], [ 1.794398180144825, 42.689862094314321 ], [ 1.794391214080034, 42.690222237613767 ], [ 1.794635310634435, 42.690224806833577 ], [ 1.794631828258849, 42.69040487849049 ], [ 1.794875925550028, 42.690407447206361 ], [ 1.79487244384726, 42.690587518873485 ], [ 1.795360639935144, 42.690592654777248 ], [ 1.795350198863863, 42.691132869839663 ], [ 1.7955942990702, 42.691135437059735 ], [ 1.79558733960585, 42.691495580437312 ], [ 1.795343237989851, 42.691493013185074 ], [ 1.79534671844284, 42.691312941515314 ], [ 1.795102617563642, 42.69131037375913 ], [ 1.795099136405819, 42.691490445412782 ], [ 1.79436683184558, 42.691482738975587 ] ], [ [ 1.793662409771545, 42.69003445523569 ], [ 1.7941506013108, 42.690039596243238 ], [ 1.794157568721169, 42.689679452964164 ], [ 1.793669380001023, 42.689674312021033 ], [ 1.793662409771545, 42.69003445523569 ] ], [ [ 1.791964210489184, 42.689476230835744 ], [ 1.792208303904302, 42.689478805191378 ], [ 1.792211793167579, 42.689298733665957 ], [ 1.791967700457221, 42.68929615932646 ], [ 1.791964210489184, 42.689476230835744 ] ], [ [ 1.791723607778914, 42.689293584466903 ], [ 1.791967700457221, 42.68929615932646 ], [ 1.791971190393204, 42.689116087811215 ], [ 1.791727098419649, 42.689113512967815 ], [ 1.791723607778914, 42.689293584466903 ] ], [ [ 1.791737570149504, 42.688573298435081 ], [ 1.791981660008843, 42.6885758732301 ], [ 1.791992129336022, 42.688035658595801 ], [ 1.791748041590841, 42.688033083849156 ], [ 1.791751532007173, 42.687853012308672 ], [ 1.791507444998754, 42.687850437058181 ], [ 1.791500462724616, 42.688210580100943 ], [ 1.791744551142451, 42.688213155383707 ], [ 1.791737570149504, 42.688573298435081 ] ], [ [ 1.793955284576621, 42.687516022774787 ], [ 1.79419937049591, 42.687518592793147 ], [ 1.79420285376919, 42.687338521073819 ], [ 1.793958768554591, 42.687335951071525 ], [ 1.793955284576621, 42.687516022774787 ] ], [ [ 1.792752292647054, 42.686602806710439 ], [ 1.792996374882914, 42.686605379248192 ], [ 1.792999861519531, 42.68642530757981 ], [ 1.792755779988326, 42.68642273505818 ], [ 1.792752292647054, 42.686602806710439 ] ], [ [ 1.793254400686555, 42.685887664492505 ], [ 1.793498480167866, 42.685890235925868 ], [ 1.793501965267139, 42.685710164201609 ], [ 1.79325788649046, 42.685707592784368 ], [ 1.793254400686555, 42.685887664492505 ] ], [ [ 1.790328943669184, 42.685676695220984 ], [ 1.790573022061279, 42.685679272877671 ], [ 1.790576515584014, 42.68549920134101 ], [ 1.790332437896541, 42.685496623700487 ], [ 1.790328943669184, 42.685676695220984 ] ], [ [ 1.789600205026685, 42.685488887659183 ], [ 1.789844282617868, 42.685491466859567 ], [ 1.789847778222361, 42.68531139536546 ], [ 1.789603701335789, 42.685308816181205 ], [ 1.789600205026685, 42.685488887659183 ] ], [ [ 1.790353402586792, 42.684416194453291 ], [ 1.790597476046682, 42.684418771996917 ], [ 1.790600969344838, 42.684238700418881 ], [ 1.790356896589524, 42.684236122891384 ], [ 1.790353402586792, 42.684416194453291 ] ], [ [ 1.786702818160054, 42.683837254931383 ], [ 1.78694688902425, 42.683839840225367 ], [ 1.786950392794458, 42.683659768872133 ], [ 1.786706322634812, 42.683657183594327 ], [ 1.786702818160054, 42.683837254931383 ] ], [ [ 1.792344361429245, 42.6824560113186 ], [ 1.79258842739561, 42.682458584525484 ], [ 1.792595401982057, 42.682098440975295 ], [ 1.792351337424699, 42.682095867800648 ], [ 1.792344361429245, 42.6824560113186 ] ], [ [ 1.792354825374376, 42.681915796032818 ], [ 1.79259888922724, 42.681918369191365 ], [ 1.7926023764404, 42.681738297401495 ], [ 1.792358313292023, 42.681735724259077 ], [ 1.792354825374376, 42.681915796032818 ] ], [ [ 1.797724237525277, 42.681972285427264 ], [ 1.797968302081204, 42.68197484714829 ], [ 1.797971773795559, 42.681794775004626 ], [ 1.797727709944127, 42.681792213299644 ], [ 1.797724237525277, 42.681972285427264 ] ], [ [ 1.793829659947991, 42.681391011556855 ], [ 1.794073721879462, 42.681393581547802 ], [ 1.794077204769735, 42.681213509643555 ], [ 1.793833143542732, 42.681210939668716 ], [ 1.793829659947991, 42.681391011556855 ] ], [ [ 1.794084170454323, 42.680853365817299 ], [ 1.794328230304389, 42.680855935240054 ], [ 1.794331712394256, 42.680675863302014 ], [ 1.794087653248641, 42.680673293895346 ], [ 1.794084170454323, 42.680853365817299 ] ] ] } },
{ "type": "Feature", "properties": { "surface_ha": 2.21 }, "geometry": { "type": "Polygon", "coordinates": [ [ [ 1.783875832155731, 42.678584125316924 ], [ 1.783879344149622, 42.678404054002876 ], [ 1.783391245558408, 42.678398870351465 ], [ 1.783394758928754, 42.678218799064027 ], [ 1.783882856111263, 42.678223982682951 ], [ 1.783893391802679, 42.677683768687672 ], [ 1.783649345308312, 42.677681177186791 ], [ 1.783645832739091, 42.677861248508229 ], [ 1.783157738438469, 42.677856063914611 ], [ 1.783154224428315, 42.678036135197694 ], [ 1.782910176622067, 42.678033542104913 ], [ 1.782913691336559, 42.677853470838109 ], [ 1.782669644266926, 42.677850877241802 ], [ 1.782673159653473, 42.677670805985315 ], [ 1.782429113320452, 42.677668211885432 ], [ 1.78243262937904, 42.677488140639277 ], [ 1.782676675007737, 42.677490734722895 ], [ 1.78268019032972, 42.677310663454598 ], [ 1.782924235286379, 42.677313257002169 ], [ 1.782927749871768, 42.677133185711703 ], [ 1.78317179415639, 42.677135778723247 ], [ 1.78317882182174, 42.67677563609206 ], [ 1.783422864730027, 42.676778228551335 ], [ 1.783426377810007, 42.676598157210627 ], [ 1.783670420046261, 42.676600749133854 ], [ 1.783663395262633, 42.676960891841844 ], [ 1.783907438939734, 42.676963483277774 ], [ 1.783910950643377, 42.676783411910485 ], [ 1.785131165990982, 42.676796361212183 ], [ 1.785127657808847, 42.676976432660538 ], [ 1.784639570164507, 42.676971254466828 ], [ 1.784625531479254, 42.677691540071443 ], [ 1.785113624758137, 42.677696718394941 ], [ 1.785106608039478, 42.678056861226629 ], [ 1.784862559975249, 42.678054272292343 ], [ 1.784866069055028, 42.677874200895644 ], [ 1.784622021727367, 42.677871611457775 ], [ 1.784615002126895, 42.678231754212788 ], [ 1.784126904750898, 42.678226573712706 ], [ 1.784119882204076, 42.678586716379129 ], [ 1.783875832155731, 42.678584125316924 ] ], [ [ 1.784133927168741, 42.677866431022636 ], [ 1.784377974431934, 42.677869021500108 ], [ 1.784381484888158, 42.677688950129976 ], [ 1.784137438329297, 42.677686359668726 ], [ 1.784133927168741, 42.677866431022636 ] ], [ [ 1.783161252416353, 42.677675992625652 ], [ 1.783405298846201, 42.677678585166127 ], [ 1.783412325296518, 42.677318442537967 ], [ 1.782924235286379, 42.677313257002169 ], [ 1.782920720668715, 42.677493328286744 ], [ 1.783164766361967, 42.677495921330767 ], [ 1.783161252416353, 42.677675992625652 ] ] ] } },
{ "type": "Feature", "properties": { "surface_ha": 1.69 }, "geometry": { "type": "Polygon", "coordinates": [ [ [ 1.780533087029318, 42.674766301807118 ], [ 1.780547171538384, 42.674046016928848 ], [ 1.781035235549367, 42.674051212274676 ], [ 1.781031715879, 42.674231283535669 ], [ 1.781519781427665, 42.67423647683507 ], [ 1.781526817919294, 42.673876334242109 ], [ 1.781770849333699, 42.673878930079681 ], [ 1.781767331808231, 42.674059001395378 ], [ 1.782499428357806, 42.674066785838477 ], [ 1.78251348981566, 42.673346500345112 ], [ 1.78300154870998, 42.673351687245173 ], [ 1.78299803480229, 42.673531758659877 ], [ 1.782754004634817, 42.673529165453459 ], [ 1.782739945864607, 42.674249450988164 ], [ 1.782983978848847, 42.674252044259553 ], [ 1.782994520862332, 42.673711830068669 ], [ 1.783970644671572, 42.673722197762004 ], [ 1.783967133516105, 42.673902269229849 ], [ 1.783723101811224, 42.673899678069866 ], [ 1.783716077995162, 42.674259820955314 ], [ 1.783472044914132, 42.674257229243125 ], [ 1.783475557542491, 42.674077157819617 ], [ 1.78323152519792, 42.674074565603924 ], [ 1.783224498500534, 42.674434708412583 ], [ 1.782980464779814, 42.67443211564467 ], [ 1.782976950678511, 42.674612187023897 ], [ 1.782732916285848, 42.674609593719993 ], [ 1.782729401448053, 42.674789665077078 ], [ 1.782485366383446, 42.674787071237176 ], [ 1.78249239743519, 42.67442692854965 ], [ 1.7822483638113, 42.674424334222515 ], [ 1.782244847597355, 42.674604405552984 ], [ 1.78175677903802, 42.674599215306976 ], [ 1.781753261383345, 42.674779286599019 ], [ 1.781509226447908, 42.674776690680133 ], [ 1.781516263133388, 42.674416548122643 ], [ 1.78078416274625, 42.674408757345162 ], [ 1.780777121835478, 42.674768899805002 ], [ 1.780533087029318, 42.674766301807118 ] ] ] } },
{ "type": "Feature", "properties": { "surface_ha": 22.59 }, "geometry": { "type": "Polygon", "coordinates": [ [ [ 1.76685650764956, 42.675160195260389 ], [ 1.766860068359069, 42.674980124984074 ], [ 1.767104102752936, 42.674982752120435 ], [ 1.767107662725535, 42.674802681821703 ], [ 1.766863629035881, 42.674800054701755 ], [ 1.766877871416155, 42.674079773513462 ], [ 1.76712190228903, 42.674082400567563 ], [ 1.767118342447191, 42.674262470890014 ], [ 1.76736237405694, 42.674265097440831 ], [ 1.767373051371851, 42.673724886406454 ], [ 1.767129021874639, 42.673722259904991 ], [ 1.767132581618411, 42.673542189564806 ], [ 1.767376610411457, 42.673544816049812 ], [ 1.767383728392622, 42.673184675318787 ], [ 1.767139701007889, 42.673182048866664 ], [ 1.767143260653598, 42.673001978508736 ], [ 1.766655207390496, 42.67299672407826 ], [ 1.766658768411797, 42.672816653747326 ], [ 1.76690279432286, 42.672819281205925 ], [ 1.766906354607328, 42.672639210852587 ], [ 1.767150379846952, 42.672641837775068 ], [ 1.767157498909559, 42.672281697017716 ], [ 1.7666694512795, 42.672276442718946 ], [ 1.766673012170004, 42.672096372364308 ], [ 1.766917035264574, 42.672098999757068 ], [ 1.766920595418271, 42.671918929380055 ], [ 1.767408640297263, 42.671924182573633 ], [ 1.76741575769019, 42.671564041736012 ], [ 1.76765977877051, 42.671566667520366 ], [ 1.767666894624552, 42.671206526626143 ], [ 1.767422874952404, 42.671203900874694 ], [ 1.767426433534496, 42.671023830435139 ], [ 1.767182414599101, 42.671021204180477 ], [ 1.767178855312934, 42.671201274603561 ], [ 1.766934835706147, 42.67119864781273 ], [ 1.766927715627591, 42.671558788608252 ], [ 1.766683694645324, 42.671556161264839 ], [ 1.766676573027809, 42.67191630200373 ], [ 1.765700483793007, 42.671905787301569 ], [ 1.765704047434514, 42.671725717000932 ], [ 1.765460025911706, 42.67172308704265 ], [ 1.765456461566099, 42.671903157326796 ], [ 1.764724395081787, 42.671895264284387 ], [ 1.764731527964843, 42.671535123809086 ], [ 1.765219569438599, 42.671540386291092 ], [ 1.765223134422831, 42.671360316011615 ], [ 1.76546715450473, 42.671362946456618 ], [ 1.765474282966837, 42.671002805846875 ], [ 1.76474222704381, 42.670994913051679 ], [ 1.764738660716903, 42.671174983310067 ], [ 1.764494641437309, 42.671172351322539 ], [ 1.764505342431983, 42.670632140579031 ], [ 1.76426132529734, 42.670629508121273 ], [ 1.76425775762781, 42.670809578358522 ], [ 1.764013739821869, 42.670806945364632 ], [ 1.764006602976391, 42.671167085788376 ], [ 1.763762583795082, 42.67116445224179 ], [ 1.76377329112634, 42.670624241646784 ], [ 1.763529274089996, 42.670621607630032 ], [ 1.763543552889018, 42.669901326819769 ], [ 1.764519609966331, 42.669911859504822 ], [ 1.76452674353699, 42.669551718932176 ], [ 1.764770756480169, 42.669554350771364 ], [ 1.764777888511799, 42.669194210142017 ], [ 1.764533876976642, 42.669191578335862 ], [ 1.764530310273192, 42.669371648636968 ], [ 1.764042285893124, 42.669366383432717 ], [ 1.764038717748895, 42.669546453694913 ], [ 1.764282730626564, 42.669549086573362 ], [ 1.764279163153591, 42.669729156846152 ], [ 1.763791136022978, 42.669723890536631 ], [ 1.763798273752233, 42.66936375005109 ], [ 1.763310249568769, 42.669358481728942 ], [ 1.763313819792252, 42.669178411510309 ], [ 1.763557831163588, 42.669181045914705 ], [ 1.763561400650289, 42.669000975673619 ], [ 1.763317389982951, 42.668998341285743 ], [ 1.763328100358352, 42.668458130576482 ], [ 1.763084091835754, 42.668455495718504 ], [ 1.763080521039422, 42.668635565944335 ], [ 1.76234849355645, 42.66862765820305 ], [ 1.762352066464717, 42.668447588026773 ], [ 1.76259607488893, 42.668450224443625 ], [ 1.762603219199105, 42.668090084040237 ], [ 1.76333524044471, 42.668097990074052 ], [ 1.763349520224055, 42.667377708998082 ], [ 1.763105515925198, 42.667375074239125 ], [ 1.763094804028018, 42.667915285005449 ], [ 1.762606791304991, 42.667910013829662 ], [ 1.762610363378077, 42.667729943613153 ], [ 1.762366357769713, 42.667727307262346 ], [ 1.762369930513945, 42.667547237056439 ], [ 1.762613935418363, 42.667549873390719 ], [ 1.762624651342427, 42.667009662687903 ], [ 1.762136645789994, 42.667004389598816 ], [ 1.762140219106926, 42.666824319385732 ], [ 1.76238422116282, 42.666826956173566 ], [ 1.762398511286823, 42.666106675195898 ], [ 1.762642510559906, 42.666109311398067 ], [ 1.762638938782005, 42.666289381667887 ], [ 1.763126938834342, 42.666294652546505 ], [ 1.763123368431447, 42.66647472284339 ], [ 1.763367369210697, 42.666477357519838 ], [ 1.763370938909689, 42.666297287206433 ], [ 1.763858939158713, 42.66630255496753 ], [ 1.763855370867523, 42.666482625313961 ], [ 1.764587373598487, 42.666490523108216 ], [ 1.764580241141293, 42.666850663882215 ], [ 1.765068245941329, 42.666855926546383 ], [ 1.765061116168857, 42.667216067362645 ], [ 1.765305120025834, 42.667218697948286 ], [ 1.765297991530307, 42.667578838773821 ], [ 1.765541996827891, 42.667581468872811 ], [ 1.765538433234986, 42.667761539293167 ], [ 1.765782439269244, 42.667764168889022 ], [ 1.765768187386263, 42.668484450577118 ], [ 1.766012196269106, 42.668487079719235 ], [ 1.766005071539285, 42.6688472205607 ], [ 1.766249081862812, 42.668849849216144 ], [ 1.766256205184658, 42.66848970834176 ], [ 1.766744223113871, 42.668494964027865 ], [ 1.766740662877268, 42.66867503450095 ], [ 1.766984672594899, 42.668677661581022 ], [ 1.76697755343161, 42.669037802542334 ], [ 1.767221564589916, 42.66904042913567 ], [ 1.767214446703896, 42.669400570106205 ], [ 1.767458459302899, 42.669403196212834 ], [ 1.767447784340841, 42.669943407673557 ], [ 1.76769179908459, 42.669946033309877 ], [ 1.767684683687927, 42.670306174287006 ], [ 1.768904764936987, 42.670319294838166 ], [ 1.768897656450194, 42.670679435955968 ], [ 1.769141674206054, 42.670682058540102 ], [ 1.769134566996848, 42.671042199667099 ], [ 1.769378586193477, 42.671044821764397 ], [ 1.769375033244006, 42.671224892335417 ], [ 1.769619053177339, 42.671227513929452 ], [ 1.769615500899326, 42.671407584511009 ], [ 1.769371480261909, 42.671404962900532 ], [ 1.769367927247185, 42.671585033459742 ], [ 1.769855969962828, 42.671590276193825 ], [ 1.769859521569366, 42.671410205601809 ], [ 1.770103542272017, 42.67141282617289 ], [ 1.770107093141855, 42.671232755558506 ], [ 1.770351113173027, 42.671235375593533 ], [ 1.770340462577969, 42.671775587468126 ], [ 1.77058448475402, 42.671778207032688 ], [ 1.770559637153385, 42.673038701314425 ], [ 1.770803664290914, 42.673041320474141 ], [ 1.770796566091392, 42.673401461677038 ], [ 1.770552537545554, 42.673398842484474 ], [ 1.770548987692741, 42.673578913060645 ], [ 1.770793016942745, 42.67358153226958 ], [ 1.770789467761506, 42.673761602856224 ], [ 1.770545437807332, 42.673758983630869 ], [ 1.770538337938717, 42.674119124753574 ], [ 1.769806244046725, 42.674111263860695 ], [ 1.769813348140422, 42.673751122836485 ], [ 1.769081258767072, 42.673743257364549 ], [ 1.769077704624005, 42.673923327830344 ], [ 1.768833674193979, 42.67392070495049 ], [ 1.768823009456385, 42.674460916263058 ], [ 1.768334944469143, 42.674455668845575 ], [ 1.768338500822706, 42.67427559844684 ], [ 1.767850437374484, 42.674270348983313 ], [ 1.767853995103763, 42.674090278611523 ], [ 1.768098026107357, 42.674092903586732 ], [ 1.768101583099787, 42.673912833192603 ], [ 1.76761352253363, 42.673907582755362 ], [ 1.76759573020291, 42.674807934502383 ], [ 1.767839763990618, 42.674810560063079 ], [ 1.767832648238019, 42.675170700753299 ], [ 1.76685650764956, 42.675160195260389 ] ], [ [ 1.768851448103763, 42.673020352644457 ], [ 1.769095475012976, 42.673022975442159 ], [ 1.769099028992863, 42.672842904946762 ], [ 1.768855002787791, 42.672840282165488 ], [ 1.768851448103763, 42.673020352644457 ] ], [ [ 1.768126481132248, 42.672652340267867 ], [ 1.768370506535239, 42.672654964591814 ], [ 1.768377618556596, 42.672294823670001 ], [ 1.768133594561856, 42.672292199378958 ], [ 1.768126481132248, 42.672652340267867 ] ], [ [ 1.769590634039883, 42.672668078415988 ], [ 1.769834659638704, 42.672670699621719 ], [ 1.769841763210537, 42.672310558502772 ], [ 1.769597739019972, 42.67230793732989 ], [ 1.769590634039883, 42.672668078415988 ] ], [ [ 1.768618087293762, 42.672477517921656 ], [ 1.768862112057925, 42.672480141189787 ], [ 1.768865666644032, 42.672300070693041 ], [ 1.768621642583989, 42.672297447441373 ], [ 1.768618087293762, 42.672477517921656 ] ], [ [ 1.768865666644032, 42.672300070693041 ], [ 1.769353714862028, 42.672305315637303 ], [ 1.769357268007259, 42.672125245101789 ], [ 1.76911324458606, 42.67212262290591 ], [ 1.769116798402774, 42.671942552380941 ], [ 1.76936082111986, 42.671945174560385 ], [ 1.769364374199837, 42.671765104013012 ], [ 1.768876330206506, 42.67175985916731 ], [ 1.768886993475222, 42.671219647588302 ], [ 1.768642973639786, 42.671217024435222 ], [ 1.768635863418437, 42.671577165460953 ], [ 1.76839184220747, 42.671574541755341 ], [ 1.768388286343731, 42.671754612242871 ], [ 1.768632308258795, 42.671757235964947 ], [ 1.768625197841572, 42.672117376955157 ], [ 1.768869221197496, 42.67212000019039 ], [ 1.768865666644032, 42.672300070693041 ] ], [ [ 1.769841763210537, 42.672310558502772 ], [ 1.770085787433715, 42.672313179155964 ], [ 1.770092889466858, 42.671953037980494 ], [ 1.769848866651911, 42.671950417360144 ], [ 1.769841763210537, 42.672310558502772 ] ], [ [ 1.768140707860825, 42.671932058466325 ], [ 1.768384730447338, 42.671934682724512 ], [ 1.768388286343731, 42.671754612242871 ], [ 1.76814426446132, 42.671751988001127 ], [ 1.768140707860825, 42.671932058466325 ] ], [ [ 1.76595519476671, 42.671368205787616 ], [ 1.766443235159555, 42.671373463039899 ], [ 1.766450357989044, 42.6710133222984 ], [ 1.766694376826368, 42.6710159501121 ], [ 1.76669081613205, 42.671196020502265 ], [ 1.766934835706147, 42.67119864781273 ], [ 1.766945515578806, 42.670658436575074 ], [ 1.766213463291229, 42.670650553232747 ], [ 1.766202777081954, 42.671190764322247 ], [ 1.765958757605969, 42.671188135452745 ], [ 1.76595519476671, 42.671368205787616 ] ], [ [ 1.76791091432937, 42.671209151857923 ], [ 1.768642973639786, 42.671217024435222 ], [ 1.768646528701493, 42.671036953913472 ], [ 1.768402509602778, 42.671034330257157 ], [ 1.768413176704225, 42.670494118705705 ], [ 1.768169159750356, 42.670491494579011 ], [ 1.768165603378466, 42.670671565085634 ], [ 1.767921585753194, 42.670668940422864 ], [ 1.76791091432937, 42.671209151857923 ] ], [ [ 1.76548141129803, 42.670642665213421 ], [ 1.765725428596376, 42.67064529507288 ], [ 1.765728992008827, 42.670465224730783 ], [ 1.765484975414534, 42.670462594887837 ], [ 1.76548141129803, 42.670642665213421 ] ], [ [ 1.766217025295571, 42.670470482857745 ], [ 1.766461041988007, 42.67047311114171 ], [ 1.766464603255593, 42.670293040744305 ], [ 1.766220587267203, 42.670290412476795 ], [ 1.766217025295571, 42.670470482857745 ] ], [ [ 1.764767190415235, 42.669734421077131 ], [ 1.765011204095179, 42.669737052413147 ], [ 1.765014769456091, 42.669556982090882 ], [ 1.764770756480169, 42.669554350771364 ], [ 1.764767190415235, 42.669734421077131 ] ], [ [ 1.766475286862137, 42.669752829516582 ], [ 1.766719300771119, 42.669755457215054 ], [ 1.766722861203875, 42.669575386777517 ], [ 1.766478847998917, 42.669572759095509 ], [ 1.766475286862137, 42.669752829516582 ] ], [ [ 1.765750371796396, 42.669384802553992 ], [ 1.76599438419922, 42.66938743177846 ], [ 1.76600150912531, 42.669027290972551 ], [ 1.765757498130498, 42.669024661781009 ], [ 1.765750371796396, 42.669384802553992 ] ], [ [ 1.766238396634755, 42.669390060483302 ], [ 1.766482409102998, 42.669392688668481 ], [ 1.766489531213062, 42.669032547796704 ], [ 1.766245520152833, 42.669029919644437 ], [ 1.766238396634755, 42.669390060483302 ] ], [ [ 1.764781454478498, 42.669014139818508 ], [ 1.765025465342398, 42.669016771088593 ], [ 1.765032595769578, 42.668656630390771 ], [ 1.764788586313663, 42.668653999153676 ], [ 1.764781454478498, 42.669014139818508 ] ], [ [ 1.765269476239035, 42.669019401839023 ], [ 1.765513487168404, 42.669022032069847 ], [ 1.765517050990372, 42.66884196169093 ], [ 1.765273040764999, 42.668839331476612 ], [ 1.765269476239035, 42.669019401839023 ] ], [ [ 1.766493092219044, 42.668852477351905 ], [ 1.766737102607976, 42.668855104968088 ], [ 1.766740662877268, 42.66867503450095 ], [ 1.766496653192329, 42.66867240690123 ], [ 1.766493092219044, 42.668852477351905 ] ], [ [ 1.765032595769578, 42.668656630390771 ], [ 1.765276605258233, 42.668659261108274 ], [ 1.765280169718737, 42.668479190734004 ], [ 1.765036160934065, 42.668476560032971 ], [ 1.765032595769578, 42.668656630390771 ] ], [ [ 1.763575678269328, 42.668280694650115 ], [ 1.764063694070458, 42.668285961735009 ], [ 1.764067261985345, 42.668105891431303 ], [ 1.763579247592149, 42.668100624379427 ], [ 1.763575678269328, 42.668280694650115 ] ], [ [ 1.764067261985345, 42.668105891431303 ], [ 1.764311269231089, 42.668108524177825 ], [ 1.764318403554661, 42.667748383519687 ], [ 1.764562409425242, 42.667751015713606 ], [ 1.764576674863576, 42.667030734260344 ], [ 1.764332671808752, 42.667028102132385 ], [ 1.764336238790391, 42.666848031770755 ], [ 1.764092236472242, 42.666845399139675 ], [ 1.76408866878668, 42.667025469484827 ], [ 1.763844665797368, 42.667022836317656 ], [ 1.763837528920101, 42.667382976957192 ], [ 1.763593524555691, 42.667380343237426 ], [ 1.763586386139468, 42.667740483820275 ], [ 1.764074397716833, 42.667745750806155 ], [ 1.764067261985345, 42.668105891431303 ] ], [ [ 1.763600662840822, 42.667020202630916 ], [ 1.763844665797368, 42.667022836317656 ], [ 1.76385180254357, 42.666662695654459 ], [ 1.763607800994862, 42.666660062000688 ], [ 1.763600662840822, 42.667020202630916 ] ] ] } },
{ "type": "Feature", "properties": { "surface_ha": 1.16 }, "geometry": { "type": "Polygon", "coordinates": [ [ [ 1.78043342281894, 42.667380779466647 ], [ 1.780440463895189, 42.66702063658672 ], [ 1.779708450594263, 42.667012840015815 ], [ 1.779719018301581, 42.666472625798072 ], [ 1.779475016044419, 42.666470025950773 ], [ 1.779478539252754, 42.666289954549299 ], [ 1.779966542391585, 42.666295153691777 ], [ 1.779970064159744, 42.666115082251835 ], [ 1.780214065073757, 42.666117681027423 ], [ 1.780207022912935, 42.666477823933931 ], [ 1.779963020591089, 42.666475225125801 ], [ 1.779959498758253, 42.666655296553927 ], [ 1.780691507932561, 42.666663091468344 ], [ 1.780695027653617, 42.666483019991382 ], [ 1.781183032523573, 42.666488213970474 ], [ 1.781179514210372, 42.666668285479943 ], [ 1.781423517397741, 42.666670881706331 ], [ 1.781419999756168, 42.66685095322616 ], [ 1.781664003679772, 42.66685354894922 ], [ 1.781656969707614, 42.667213692003664 ], [ 1.78116895907693, 42.667208499972908 ], [ 1.781165440634502, 42.667388571458709 ], [ 1.78043342281894, 42.667380779466647 ] ], [ [ 1.780924953810047, 42.667205903178086 ], [ 1.78116895907693, 42.667208499972908 ], [ 1.781172477487051, 42.66702842848116 ], [ 1.780928472924115, 42.667025831702603 ], [ 1.780924953810047, 42.667205903178086 ] ] ] } },
{ "type": "Feature", "properties": { "surface_ha": 3.49 }, "geometry": { "type": "Polygon", "coordinates": [ [ [ 1.779188724348561, 42.668628281744304 ], [ 1.77919224864913, 42.668448210430157 ], [ 1.779436258617473, 42.668450810976289 ], [ 1.779439782181692, 42.668270739639901 ], [ 1.779195772917338, 42.668268139110076 ], [ 1.779199297153185, 42.668088067784069 ], [ 1.778223263235375, 42.668077660533655 ], [ 1.778233844196385, 42.66753744671577 ], [ 1.777745831655585, 42.667532240070649 ], [ 1.777742303293043, 42.667712311316599 ], [ 1.777498296367277, 42.667709707198284 ], [ 1.77749476726837, 42.667889778422001 ], [ 1.777982782560238, 42.667894986171611 ], [ 1.777979254836873, 42.668075057421994 ], [ 1.777003221566862, 42.668064639779075 ], [ 1.777006752106125, 42.667884568593905 ], [ 1.777250759671041, 42.667887173767774 ], [ 1.777257819244381, 42.667527031347078 ], [ 1.776769806962821, 42.667521820545062 ], [ 1.776766275784435, 42.667701891725706 ], [ 1.776522268988329, 42.66769928552894 ], [ 1.776532864538071, 42.667159072018187 ], [ 1.776776869222316, 42.667161678165968 ], [ 1.77678040030343, 42.666981606967546 ], [ 1.777024404316157, 42.666984212579422 ], [ 1.77703146497325, 42.66662407013218 ], [ 1.776299457255928, 42.666616251835741 ], [ 1.776302989647614, 42.666436180652234 ], [ 1.776058987843955, 42.666433573530568 ], [ 1.776062520907121, 42.666253502357442 ], [ 1.776306522006865, 42.6662561094628 ], [ 1.77631005433368, 42.666076038267434 ], [ 1.77655405476195, 42.666078644836851 ], [ 1.77655758635243, 42.665898573619245 ], [ 1.776801586109227, 42.665901179652764 ], [ 1.776805116963384, 42.665721108412932 ], [ 1.776561117910482, 42.665718502395748 ], [ 1.776564649436107, 42.665538431166304 ], [ 1.776808647785119, 42.665541037167173 ], [ 1.776812178574435, 42.665360965915475 ], [ 1.777056176251984, 42.665363571380418 ], [ 1.777049116048705, 42.665723713910516 ], [ 1.777293115166442, 42.665726318888545 ], [ 1.777275467610533, 42.666626675191779 ], [ 1.777519470280225, 42.666629279731779 ], [ 1.777515941375743, 42.666809350991016 ], [ 1.778003948220189, 42.666814558544836 ], [ 1.778011003181043, 42.666454415955251 ], [ 1.778255005244001, 42.66645701892017 ], [ 1.778240898008463, 42.6671773041409 ], [ 1.778728907862993, 42.667182508642334 ], [ 1.778725382381046, 42.667362579965335 ], [ 1.778481376733642, 42.667359977958128 ], [ 1.778470797981678, 42.667900191842698 ], [ 1.778714805740971, 42.667902793898818 ], [ 1.778721856866727, 42.667542651282403 ], [ 1.778965863250461, 42.667545252786304 ], [ 1.778969388060823, 42.667365181452929 ], [ 1.779457399517466, 42.667370382869287 ], [ 1.779453876115019, 42.66755045423524 ], [ 1.779209869666559, 42.667547853770586 ], [ 1.779206345527796, 42.667727925114328 ], [ 1.779938367082119, 42.667735724998344 ], [ 1.779934845022906, 42.667915796385017 ], [ 1.780178852976342, 42.667918395323404 ], [ 1.780175331588767, 42.668098466720465 ], [ 1.779931322931352, 42.6680958677658 ], [ 1.779920756462639, 42.66863608187262 ], [ 1.779188724348561, 42.668628281744304 ] ], [ [ 1.777752888283471, 42.667172097561028 ], [ 1.777996893129771, 42.667174701110746 ], [ 1.778000420691175, 42.666994629830761 ], [ 1.777756416548818, 42.666992026297343 ], [ 1.777752888283471, 42.667172097561028 ] ] ] } },
{ "type": "Feature", "properties": { "surface_ha": 37.64 }, "geometry": { "type": "Polygon", "coordinates": [ [ [ 1.777063236325608, 42.665003428826672 ], [ 1.777070296269579, 42.664643286249245 ], [ 1.776826301407496, 42.664640680849594 ], [ 1.776833362629513, 42.66428053828114 ], [ 1.777077356083902, 42.664283143648127 ], [ 1.777080885942445, 42.664103072338726 ], [ 1.777324878725408, 42.664105677169871 ], [ 1.777331936937605, 42.663745534500627 ], [ 1.777575928345313, 42.663748138779589 ], [ 1.777579456698986, 42.663568067419774 ], [ 1.777091475323608, 42.663562858374945 ], [ 1.777087945562298, 42.663742929702124 ], [ 1.776843954219403, 42.663740324384058 ], [ 1.776847484684533, 42.663560253073207 ], [ 1.776603494077872, 42.663557647251928 ], [ 1.776607025214396, 42.663377575951479 ], [ 1.776363035343972, 42.663374969626979 ], [ 1.776359503503637, 42.663555040911085 ], [ 1.776115512961829, 42.663552434050729 ], [ 1.776119045505974, 42.663372362782937 ], [ 1.775875055700415, 42.66336975541936 ], [ 1.775871522452458, 42.663549826670817 ], [ 1.775627531975531, 42.663547218771363 ], [ 1.775641667587905, 42.662826933795358 ], [ 1.775397679958626, 42.662824325441733 ], [ 1.775394145400413, 42.663004396678282 ], [ 1.774906168831645, 42.662999178379728 ], [ 1.77491324073076, 42.662639035966123 ], [ 1.774669253902645, 42.662636426070243 ], [ 1.774672790507279, 42.662456354870905 ], [ 1.773696846334716, 42.662445910157608 ], [ 1.773707464398935, 42.661905696720403 ], [ 1.773951448282057, 42.661908308628917 ], [ 1.773962063942571, 42.661368095089337 ], [ 1.773718082170676, 42.661365483229908 ], [ 1.77372162136293, 42.661185412054586 ], [ 1.773477640327261, 42.661182799692 ], [ 1.773474100431277, 42.661362870850951 ], [ 1.773230118724383, 42.661360257952524 ], [ 1.77322657809216, 42.661540329089227 ], [ 1.77298259571404, 42.661537715654909 ], [ 1.772986137049997, 42.66135764453459 ], [ 1.772742155408126, 42.66135503059715 ], [ 1.772749239389944, 42.66099488837154 ], [ 1.772993219624363, 42.66099750227621 ], [ 1.772996760862773, 42.660817431138184 ], [ 1.772752781332068, 42.66081481724985 ], [ 1.772756323241674, 42.660634746122234 ], [ 1.772512344447198, 42.6606321317308 ], [ 1.772498173798779, 42.661352416140225 ], [ 1.772254192221959, 42.661349801163816 ], [ 1.77226482236823, 42.660809587914734 ], [ 1.771288904831015, 42.660799123010662 ], [ 1.771299543128891, 42.660258909905032 ], [ 1.770811588777816, 42.660253674434422 ], [ 1.770815136219363, 42.660073603420152 ], [ 1.771303089163064, 42.660078838857963 ], [ 1.771317272974174, 42.659358554610534 ], [ 1.771073299300726, 42.659355937216979 ], [ 1.771069752693123, 42.65953600827131 ], [ 1.770825778348578, 42.659533390341885 ], [ 1.770839967398212, 42.658813106154604 ], [ 1.770595995900841, 42.658810487771326 ], [ 1.770610187243872, 42.658090203554956 ], [ 1.771342093390182, 42.658098056949662 ], [ 1.771345639033675, 42.657917985831553 ], [ 1.770613734998193, 42.657910132486045 ], [ 1.770617282719941, 42.657730061411243 ], [ 1.771349184644614, 42.657737914707525 ], [ 1.771352730222999, 42.657557843577614 ], [ 1.776720004465825, 42.657615291212345 ], [ 1.776716474366656, 42.657795362702181 ], [ 1.776472506311174, 42.657792756883779 ], [ 1.776468975475983, 42.657972828351362 ], [ 1.776225006749306, 42.657970221997203 ], [ 1.776210880269847, 42.658690507743053 ], [ 1.775966908761091, 42.658687900804118 ], [ 1.775963376356517, 42.658867972209471 ], [ 1.775719404176554, 42.658865364734751 ], [ 1.775715871035898, 42.659045436117843 ], [ 1.775227925365997, 42.659040219577342 ], [ 1.775220856172734, 42.659400362260385 ], [ 1.774976881979146, 42.659397753178268 ], [ 1.774973346630167, 42.659577824494569 ], [ 1.77570527141929, 42.659585650231541 ], [ 1.775708804657266, 42.659405578866227 ], [ 1.776684702015569, 42.659416005844278 ], [ 1.776677641136548, 42.659776148699663 ], [ 1.776921616964523, 42.659778754178141 ], [ 1.776925146716565, 42.659598682737091 ], [ 1.777657072283891, 42.659606496006759 ], [ 1.77767118252405, 42.658886209987614 ], [ 1.778159127434935, 42.658891416106229 ], [ 1.778162653506713, 42.658711344554021 ], [ 1.778406625307077, 42.658713946817848 ], [ 1.778399574538443, 42.659074089948945 ], [ 1.779131494355616, 42.659081893721421 ], [ 1.779135017645159, 42.658901822109975 ], [ 1.779622962944393, 42.658907021995063 ], [ 1.779619441062157, 42.659087093639101 ], [ 1.780595334863233, 42.659097487240899 ], [ 1.780598853930849, 42.658917415531754 ], [ 1.780842826758256, 42.658920012617259 ], [ 1.780846345089913, 42.658739940885916 ], [ 1.781090317245975, 42.658742537435707 ], [ 1.781086799617968, 42.658922609183314 ], [ 1.781574745434279, 42.658927800757027 ], [ 1.781564196578447, 42.659468016061943 ], [ 1.781076246540159, 42.659462824390651 ], [ 1.78106921099346, 42.659822967832646 ], [ 1.780825234615404, 42.659820371185262 ], [ 1.780814678942022, 42.660360586255081 ], [ 1.78057070048519, 42.660357989039383 ], [ 1.780577739040479, 42.65999784569798 ], [ 1.780333762023354, 42.659995247995354 ], [ 1.780323202030848, 42.660535462949774 ], [ 1.780079222934943, 42.660532864678835 ], [ 1.780072181370906, 42.660893007919647 ], [ 1.780316161874244, 42.660895606223157 ], [ 1.780319681968707, 42.6607155345894 ], [ 1.780563661800646, 42.660718132357104 ], [ 1.780556622986845, 42.661078275651192 ], [ 1.781044585562556, 42.661083469693232 ], [ 1.781037549434442, 42.661443613028709 ], [ 1.782013480603335, 42.661453995008806 ], [ 1.782009965305813, 42.661634066732724 ], [ 1.782497932491442, 42.661639254638224 ], [ 1.782494418569153, 42.661819326388738 ], [ 1.782250434256447, 42.661816732679469 ], [ 1.782246919598132, 42.661996804407806 ], [ 1.782002934613937, 42.661994210162774 ], [ 1.781995903792949, 42.662354353569199 ], [ 1.780531986120606, 42.662338776994112 ], [ 1.78052846643902, 42.662518848590864 ], [ 1.780284479569591, 42.662516250660381 ], [ 1.780280959151902, 42.662696322234957 ], [ 1.779792984102456, 42.662691124782889 ], [ 1.779789462244862, 42.662871196318967 ], [ 1.78027743870189, 42.662876393803607 ], [ 1.780273918219551, 42.663056465366331 ], [ 1.781005885258905, 42.663064257745553 ], [ 1.781002366855653, 42.663244329351166 ], [ 1.78149034645104, 42.663249521705509 ], [ 1.781486829423104, 42.66342959333776 ], [ 1.781974810555289, 42.663434783646444 ], [ 1.781971294902698, 42.663614855305298 ], [ 1.782215286221032, 42.663617449696552 ], [ 1.782211771239987, 42.663797521365744 ], [ 1.781967779217827, 42.663794926958211 ], [ 1.781964263500672, 42.663974998605205 ], [ 1.780744300355065, 42.663962018692949 ], [ 1.780747819591374, 42.663781947127283 ], [ 1.780503827762998, 42.663779349602443 ], [ 1.780500307822861, 42.663959421151858 ], [ 1.780256315322975, 42.663956823091176 ], [ 1.780259835966942, 42.663776751558032 ], [ 1.780015844203213, 42.663774152994115 ], [ 1.780012322855417, 42.663954224510974 ], [ 1.779768330420193, 42.663951625411208 ], [ 1.779761286219921, 42.664311768394626 ], [ 1.778785311171783, 42.664301366669719 ], [ 1.778781786207748, 42.664481438087378 ], [ 1.77756181460664, 42.664468424159679 ], [ 1.777554757542913, 42.664828566814194 ], [ 1.777310761912153, 42.664825962437348 ], [ 1.777307232627825, 42.665006033739431 ], [ 1.777063236325608, 42.665003428826672 ] ], [ [ 1.778297323841889, 42.664296162689915 ], [ 1.77854131749065, 42.664298764939588 ], [ 1.778544843126159, 42.664118693532309 ], [ 1.778300850181239, 42.664116091298943 ], [ 1.778297323841889, 42.664296162689915 ] ], [ [ 1.778063911257918, 42.663753345778879 ], [ 1.778307902762802, 42.663755948499208 ], [ 1.778311429005015, 42.663575877090459 ], [ 1.778067438203954, 42.663573274386451 ], [ 1.778063911257918, 42.663753345778879 ] ], [ [ 1.779283869106053, 42.663766354185043 ], [ 1.779527860772762, 42.663768954307606 ], [ 1.779541951471125, 42.663048668311241 ], [ 1.779297962619663, 42.66304606825382 ], [ 1.779283869106053, 42.663766354185043 ] ], [ [ 1.779771852471818, 42.663771553910635 ], [ 1.780015844203213, 42.663774152994115 ], [ 1.780019365518678, 42.663594081471317 ], [ 1.779775374491105, 42.663591482404136 ], [ 1.779771852471818, 42.663771553910635 ] ], [ [ 1.778555419838457, 42.663578479274939 ], [ 1.779043401602447, 42.663583682085253 ], [ 1.779050449766875, 42.663223539152234 ], [ 1.77856247081813, 42.663218336407127 ], [ 1.778555419838457, 42.663578479274939 ] ], [ [ 1.776851015117245, 42.66338018175643 ], [ 1.777095005052509, 42.663382787041847 ], [ 1.777098534749, 42.66320271570283 ], [ 1.776854545517541, 42.663200110433728 ], [ 1.776851015117245, 42.66338018175643 ] ], [ [ 1.775641667587905, 42.662826933795358 ], [ 1.775885655249632, 42.662829541629463 ], [ 1.77588918836782, 42.662649470354353 ], [ 1.775645201409879, 42.66264686253659 ], [ 1.775641667587905, 42.662826933795358 ] ], [ [ 1.780535505769876, 42.662158705391441 ], [ 1.780779491264072, 42.662161302769817 ], [ 1.780783010177259, 42.661981231144956 ], [ 1.780539025386828, 42.661978633782844 ], [ 1.780535505769876, 42.662158705391441 ] ], [ [ 1.778343163727977, 42.661955234145559 ], [ 1.778587148227325, 42.661957836183312 ], [ 1.778594198624345, 42.661597693208982 ], [ 1.778838181748557, 42.661600294694637 ], [ 1.77883465726998, 42.661780366201057 ], [ 1.779078641130301, 42.661782967183498 ], [ 1.779082164905129, 42.661602895660778 ], [ 1.779326148094056, 42.66160549610742 ], [ 1.779329671132782, 42.661425424562488 ], [ 1.779573653650314, 42.661428024473338 ], [ 1.779577175952955, 42.661247952906201 ], [ 1.77982115779909, 42.661250552281246 ], [ 1.77982467936566, 42.661070480691897 ], [ 1.780068660540396, 42.661073079531171 ], [ 1.780072181370906, 42.660893007919647 ], [ 1.779828200899895, 42.660890409096673 ], [ 1.779831722401796, 42.660710337495487 ], [ 1.779343762964221, 42.6607051383236 ], [ 1.779340240054881, 42.660885209892214 ], [ 1.778852279339256, 42.660880008609773 ], [ 1.778848754990122, 42.661060080139848 ], [ 1.778604773977121, 42.661057478703093 ], [ 1.778601248891896, 42.661237550210963 ], [ 1.778113285555543, 42.661232345746349 ], [ 1.77810270588321, 42.661772560136697 ], [ 1.778346689646427, 42.661775162677642 ], [ 1.778343163727977, 42.661955234145559 ] ], [ [ 1.773965602431095, 42.661188023897658 ], [ 1.774209583531749, 42.66119063522121 ], [ 1.774216659003887, 42.660830492787355 ], [ 1.774460638729583, 42.660833103558716 ], [ 1.774464175713217, 42.660653032316546 ], [ 1.773976217701729, 42.660647810287038 ], [ 1.773979756060297, 42.660467739071649 ], [ 1.773735777806987, 42.660465127294039 ], [ 1.773739316836763, 42.660285056089101 ], [ 1.773983294386377, 42.660287667850355 ], [ 1.773986832679968, 42.660107596623163 ], [ 1.774230809558377, 42.660110207848547 ], [ 1.774227271968477, 42.660290279092145 ], [ 1.774471249583059, 42.660292889814428 ], [ 1.774467712664375, 42.660472961068443 ], [ 1.774711691015132, 42.660475571287606 ], [ 1.774708154767678, 42.660655642552044 ], [ 1.774952133854608, 42.660658252268078 ], [ 1.774973346630167, 42.659577824494569 ], [ 1.773997447365817, 42.659567382906019 ], [ 1.77399037094107, 42.659927525390032 ], [ 1.77350241868909, 42.659922301413495 ], [ 1.773491799586171, 42.660462514996944 ], [ 1.77300384324205, 42.66045728884427 ], [ 1.773000302068669, 42.660637359994162 ], [ 1.773732238744715, 42.660645198493029 ], [ 1.773725160522688, 42.661005340873302 ], [ 1.773969140887129, 42.661007952699997 ], [ 1.773965602431095, 42.661188023897658 ] ], [ [ 1.771783952950856, 42.660444214371608 ], [ 1.772027930944027, 42.660446830305098 ], [ 1.772031474899677, 42.660266759214778 ], [ 1.7717874976102, 42.660264143297667 ], [ 1.771783952950856, 42.660444214371608 ] ], [ [ 1.772515887027985, 42.660452060613665 ], [ 1.772759865118757, 42.660454674988685 ], [ 1.772766948775363, 42.660094532703873 ], [ 1.772522972091976, 42.660091918361587 ], [ 1.772515887027985, 42.660452060613665 ] ], [ [ 1.7759351159523, 42.660308543239061 ], [ 1.776179093794071, 42.660311150324965 ], [ 1.776193221440921, 42.659590864792179 ], [ 1.775949246413889, 42.65958825777161 ], [ 1.775945713847144, 42.659768329147347 ], [ 1.775701738148872, 42.659765721590936 ], [ 1.77569467151071, 42.66012586429202 ], [ 1.775938648616351, 42.66012847188108 ], [ 1.7759351159523, 42.660308543239061 ] ], [ [ 1.772766948775363, 42.660094532703873 ], [ 1.77325490223969, 42.660099759830011 ], [ 1.773265523258641, 42.659559546260148 ], [ 1.773509497928535, 42.659562158994909 ], [ 1.773513037499508, 42.659382087776748 ], [ 1.773269063533279, 42.659379475058373 ], [ 1.773276143985038, 42.65901933263703 ], [ 1.773032171458621, 42.659016719431904 ], [ 1.773018007610436, 42.659737004185445 ], [ 1.772774032301889, 42.659734390395371 ], [ 1.772766948775363, 42.660094532703873 ] ], [ [ 1.772282538628003, 42.659909232381288 ], [ 1.772526514575182, 42.65991184722666 ], [ 1.772530057025861, 42.659731776085827 ], [ 1.772774032301889, 42.659734390395371 ], [ 1.772798823620399, 42.658473892129166 ], [ 1.772554853269925, 42.658471277934261 ], [ 1.772551311046916, 42.65865134911656 ], [ 1.772063369036282, 42.658646119135646 ], [ 1.772066912666553, 42.658466047986138 ], [ 1.771578972193323, 42.658460815960225 ], [ 1.771586062170735, 42.658100673709001 ], [ 1.771342093390182, 42.658098056949662 ], [ 1.771327910490657, 42.658818341362831 ], [ 1.772059825373477, 42.658826190279221 ], [ 1.772056281678134, 42.659006261416913 ], [ 1.771812309314339, 42.659003645614497 ], [ 1.771805220418737, 42.659363787839283 ], [ 1.772049194189837, 42.659366403674461 ], [ 1.772052737950254, 42.659186332548643 ], [ 1.772296711050236, 42.659188947847973 ], [ 1.772282538628003, 42.659909232381288 ] ], [ [ 1.777653544642878, 42.659786567496781 ], [ 1.777897520600452, 42.659789170897369 ], [ 1.777901047537788, 42.659609099391034 ], [ 1.777657072283891, 42.659606496006759 ], [ 1.777653544642878, 42.659786567496781 ] ], [ [ 1.773513037499508, 42.659382087776748 ], [ 1.773757011498238, 42.659384699975675 ], [ 1.773760550333054, 42.659204628735239 ], [ 1.773516577037983, 42.659202016552676 ], [ 1.773513037499508, 42.659382087776748 ] ], [ [ 1.774269720903601, 42.658129423778668 ], [ 1.774513690074308, 42.658132034304707 ], [ 1.774517226570844, 42.657951962973769 ], [ 1.774273258103751, 42.65794935246408 ], [ 1.774269720903601, 42.658129423778668 ] ], [ [ 1.775981038055057, 42.657967615123617 ], [ 1.776225006749306, 42.657970221997203 ], [ 1.776228538288108, 42.657790150545964 ], [ 1.775984570297467, 42.657787543688691 ], [ 1.775981038055057, 42.657967615123617 ] ] ] } }
]
}
