{
"type": "FeatureCollection",
"name": "perimetre",
"crs": { "type": "name", "properties": { "name": "urn:ogc:def:crs:OGC:1.3:CRS84" } },
"features": [
{ "type": "Feature", "properties": { "surface_ha": 5.27 }, "geometry": { "type": "Polygon", "coordinates": [ [ [ 0.303683791019629, 47.723710098416724 ], [ 0.303672419398754, 47.723530445437405 ], [ 0.303406172259059, 47.72353811821089 ], [ 0.303394801661175, 47.723358465175856 ], [ 0.303128555323255, 47.723366137284565 ], [ 0.303117185748348, 47.723186484193818 ], [ 0.302584694565477, 47.723201826464887 ], [ 0.302573326925892, 47.723022173270451 ], [ 0.302307082080954, 47.723029843432805 ], [ 0.302295715464303, 47.722850190182669 ], [ 0.301496983003205, 47.72287319682524 ], [ 0.301485619234174, 47.722693543423397 ], [ 0.30095313219878, 47.722708878005299 ], [ 0.300964494143101, 47.722888531503095 ], [ 0.300165760024059, 47.722911528894166 ], [ 0.30014304172006, 47.722552221603081 ], [ 0.299610555404309, 47.72256754992145 ], [ 0.299599198242737, 47.722387896168435 ], [ 0.299332955831491, 47.722395559354489 ], [ 0.299321599692728, 47.722215905545823 ], [ 0.298789116363536, 47.722231229971818 ], [ 0.298755054083946, 47.721692268211932 ], [ 0.29848881499065, 47.72169992935595 ], [ 0.298477462030643, 47.721520275372647 ], [ 0.299009938282184, 47.721504952563713 ], [ 0.299032647961871, 47.721864260330854 ], [ 0.299565127420849, 47.721848934863154 ], [ 0.299553770701158, 47.721669281079336 ], [ 0.299820009352638, 47.721661617468321 ], [ 0.299831366984638, 47.721841271204177 ], [ 0.300097606437952, 47.721833606928456 ], [ 0.300108965092747, 47.722013260608669 ], [ 0.30037520534789, 47.72200559566825 ], [ 0.300386565025495, 47.722185249292792 ], [ 0.300652806082466, 47.722177583687632 ], [ 0.300664166782901, 47.722357237256531 ], [ 0.301462892027722, 47.722334236596609 ], [ 0.30147425557568, 47.722513890013872 ], [ 0.301740498015232, 47.722506221845727 ], [ 0.301751862586071, 47.722685875207297 ], [ 0.302816834888106, 47.722655196175246 ], [ 0.302782730559239, 47.722116236643402 ], [ 0.302516490386573, 47.722123907182571 ], [ 0.302505123410418, 47.721944253941871 ], [ 0.302238884039493, 47.721951923816277 ], [ 0.302216152243487, 47.721592617215798 ], [ 0.302482389789811, 47.721584947437371 ], [ 0.302493756544832, 47.72176460069349 ], [ 0.303026233130365, 47.721749259190432 ], [ 0.303037601820557, 47.721928912342818 ], [ 0.303303840859754, 47.72192124061818 ], [ 0.303292471257262, 47.721741587513797 ], [ 0.304623660232682, 47.721703219879565 ], [ 0.304612286179343, 47.721523567007537 ], [ 0.304878522730268, 47.721515891678521 ], [ 0.304889897695891, 47.721695544502488 ], [ 0.305954846442194, 47.721664836826889 ], [ 0.305943467827449, 47.721485184195075 ], [ 0.306209703825068, 47.721477505782396 ], [ 0.306243842738201, 47.722016463510613 ], [ 0.305977604003725, 47.722024142067426 ], [ 0.305988982950514, 47.722203794676126 ], [ 0.305722743193048, 47.722211472664256 ], [ 0.305745499594047, 47.722570777954616 ], [ 0.30468053215895, 47.722601484123956 ], [ 0.304669157552415, 47.722421831290504 ], [ 0.3038704335513, 47.722444854297521 ], [ 0.303881805420842, 47.722624507275057 ], [ 0.303615562953562, 47.722632180425236 ], [ 0.303604191996351, 47.722452527399675 ], [ 0.303071708554645, 47.722467871753771 ], [ 0.303083077687185, 47.722647524875342 ], [ 0.303349320375673, 47.722639852958679 ], [ 0.303360690531145, 47.722819506024521 ], [ 0.304159420670006, 47.722796486429942 ], [ 0.304148047777506, 47.72261683350812 ], [ 0.304414290023543, 47.722609159124424 ], [ 0.304425663828384, 47.7227888119982 ], [ 0.304958149813224, 47.722773461284476 ], [ 0.304980901404214, 47.723132766816825 ], [ 0.304448411769973, 47.723148117722658 ], [ 0.304471160154112, 47.723507423416279 ], [ 0.304204913346289, 47.723515098040075 ], [ 0.304216286791938, 47.723694750923364 ], [ 0.303683791019629, 47.723710098416724 ] ], [ [ 0.300686888515299, 47.722716544371139 ], [ 0.30095313219878, 47.722708878005299 ], [ 0.300941770364978, 47.72252922449983 ], [ 0.300675527593845, 47.722536890817679 ], [ 0.300686888515299, 47.722716544371139 ] ], [ [ 0.299587841191637, 47.722208242407703 ], [ 0.299854082580073, 47.722200578652817 ], [ 0.299842724727115, 47.722020924932337 ], [ 0.299576484251006, 47.722028588639283 ], [ 0.299587841191637, 47.722208242407703 ] ] ] } },
{ "type": "Feature", "properties": { "surface_ha": 10.34 }, "geometry": { "type": "Polygon", "coordinates": [ [ [ 0.273630869475786, 47.725112199199614 ], [ 0.273619600634446, 47.724932540842183 ], [ 0.273353338314549, 47.7249401440585 ], [ 0.273330802785835, 47.724580827225438 ], [ 0.273597063280624, 47.724573224104269 ], [ 0.273585794768139, 47.724393565723808 ], [ 0.273852054240771, 47.724385962033402 ], [ 0.273840784925374, 47.724206303692853 ], [ 0.274107043375849, 47.724198699433167 ], [ 0.274095773257554, 47.724019041132529 ], [ 0.275160802312978, 47.723988618115712 ], [ 0.275138255105249, 47.723629301872201 ], [ 0.275404510269961, 47.723621694671102 ], [ 0.275393235918106, 47.723442036585439 ], [ 0.27565949006066, 47.723434428815132 ], [ 0.275625664925716, 47.722895454654932 ], [ 0.275891916221186, 47.722887846410607 ], [ 0.275869364854717, 47.722528530360705 ], [ 0.276401863466826, 47.722513312212108 ], [ 0.276390586123257, 47.722333654270848 ], [ 0.27692308247171, 47.722318433750289 ], [ 0.276900524464012, 47.721959118035279 ], [ 0.277166770648846, 47.721951506945032 ], [ 0.277155490897171, 47.721771849123641 ], [ 0.277687981112873, 47.721756625188121 ], [ 0.277665418289151, 47.721397309712806 ], [ 0.277931661407634, 47.721389696915153 ], [ 0.277920379248013, 47.721210039213638 ], [ 0.278719105207866, 47.721187197262935 ], [ 0.278730390104582, 47.721366854821476 ], [ 0.279262875353705, 47.721351623675169 ], [ 0.279274162184937, 47.721531281130744 ], [ 0.279806648819638, 47.721516047422 ], [ 0.279817937585413, 47.721695704774582 ], [ 0.280350425605629, 47.721680468503394 ], [ 0.280373007116154, 47.722039782994848 ], [ 0.280106761336182, 47.722047401534191 ], [ 0.28011805134379, 47.722227058816046 ], [ 0.279851804541594, 47.722234676786286 ], [ 0.279863093746614, 47.722414334108144 ], [ 0.279330597987971, 47.722429568293542 ], [ 0.279341885477962, 47.722609225703067 ], [ 0.27907563652152, 47.722616841918217 ], [ 0.279086923208879, 47.722796499367739 ], [ 0.278820673230212, 47.722804115013759 ], [ 0.278843245109416, 47.723163429985071 ], [ 0.27857699319607, 47.723171045109567 ], [ 0.278588278387887, 47.723350702631386 ], [ 0.278322025452304, 47.723358317186729 ], [ 0.278333309841428, 47.723537974748496 ], [ 0.278067055883604, 47.72354558873468 ], [ 0.278089623166192, 47.72390490393046 ], [ 0.277823367273634, 47.723912517395114 ], [ 0.277834650167072, 47.724092175029149 ], [ 0.277568393252257, 47.724099787924587 ], [ 0.277579675342942, 47.72427944559859 ], [ 0.277845933170268, 47.724271832655468 ], [ 0.27785721628322, 47.72445149027417 ], [ 0.278123474913305, 47.724443876666598 ], [ 0.278134759048544, 47.724623534229956 ], [ 0.278401018481388, 47.724615919957898 ], [ 0.278423588906251, 47.724975234966266 ], [ 0.273630869475786, 47.725112199199614 ] ] ] } },
{ "type": "Feature", "properties": { "surface_ha": 2.83 }, "geometry": { "type": "Polygon", "coordinates": [ [ [ 0.2636105422845, 47.722698206592547 ], [ 0.263599308848308, 47.722518546362366 ], [ 0.263333056166866, 47.722526126042858 ], [ 0.263321823752421, 47.72234646575756 ], [ 0.262789319886708, 47.722361623173221 ], [ 0.262778089406465, 47.722181962785427 ], [ 0.262511838222207, 47.722189540520624 ], [ 0.26250060876367, 47.722009880077728 ], [ 0.26223435838264, 47.722017457148681 ], [ 0.262223129945791, 47.721837796650739 ], [ 0.261956880367992, 47.721845373057441 ], [ 0.261945652952815, 47.721665712504418 ], [ 0.262211901618167, 47.721658136145138 ], [ 0.262200673399763, 47.721478475631869 ], [ 0.262466921043455, 47.721470898703167 ], [ 0.262444463109467, 47.72111157774853 ], [ 0.262710708819083, 47.721104000297863 ], [ 0.262699479103519, 47.72092433985646 ], [ 0.263498212839702, 47.720901603945975 ], [ 0.263509445292485, 47.7210812642451 ], [ 0.264041935728456, 47.721066103792609 ], [ 0.264053170115323, 47.721245763989188 ], [ 0.264319416081802, 47.721238182790302 ], [ 0.264330651490372, 47.721417842931814 ], [ 0.264863144920283, 47.721402678588753 ], [ 0.264874382262995, 47.721582338627691 ], [ 0.265140629726416, 47.721574755483502 ], [ 0.265163106564645, 47.721934075443492 ], [ 0.264896857276352, 47.721941658682567 ], [ 0.264908094947, 47.722121318698541 ], [ 0.264641844636941, 47.722128901368272 ], [ 0.264653081504443, 47.722308561423993 ], [ 0.264386830172619, 47.722316143524331 ], [ 0.264398066236958, 47.7224958036199 ], [ 0.264131813883362, 47.722503385150887 ], [ 0.264143049144521, 47.722683045286203 ], [ 0.2636105422845, 47.722698206592547 ] ] ] } },
{ "type": "Feature", "properties": { "surface_ha": 2.83 }, "geometry": { "type": "Polygon", "coordinates": [ [ [ 0.304867147875291, 47.721336238846817 ], [ 0.304855773130952, 47.721156586007403 ], [ 0.304589538404567, 47.721164261240375 ], [ 0.30457816468313, 47.720984608345262 ], [ 0.304311930758368, 47.720992282913464 ], [ 0.304289185471874, 47.720632977004023 ], [ 0.304022953260986, 47.720640650859501 ], [ 0.304011581695903, 47.720460997845215 ], [ 0.303212887136318, 47.720484015567294 ], [ 0.303201518418526, 47.720304362401258 ], [ 0.302669056650336, 47.720319704369729 ], [ 0.302657689867568, 47.720140051099982 ], [ 0.302391459729847, 47.720147721111154 ], [ 0.302380093969857, 47.719968067785729 ], [ 0.302113864633799, 47.719975737132224 ], [ 0.302125229481573, 47.720155390505646 ], [ 0.301858999122754, 47.720163059283415 ], [ 0.301881727325477, 47.720522366103154 ], [ 0.301615495031657, 47.720530034360202 ], [ 0.301604131787263, 47.720350380906197 ], [ 0.301337900295153, 47.720358048498547 ], [ 0.301326538073519, 47.720178394988849 ], [ 0.301592768653401, 47.720170727444504 ], [ 0.30157004271725, 47.719811420497933 ], [ 0.301037585095838, 47.719826754778055 ], [ 0.301014863250582, 47.719467447608785 ], [ 0.301281090292146, 47.719459780873066 ], [ 0.301292452071717, 47.719639434413565 ], [ 0.301558679914963, 47.719631767013155 ], [ 0.301547317223199, 47.71945211352061 ], [ 0.301813544043731, 47.719444445551481 ], [ 0.301824907647688, 47.719624098996029 ], [ 0.302889817473174, 47.71959342076061 ], [ 0.302901184836456, 47.719773074005467 ], [ 0.30369986878123, 47.719750058709607 ], [ 0.303711238991686, 47.719929711802742 ], [ 0.304243696226306, 47.719914365092677 ], [ 0.304255068371774, 47.720094018082072 ], [ 0.304787526988347, 47.720078668809158 ], [ 0.304798901068859, 47.720258321694814 ], [ 0.305597590900582, 47.720235293016039 ], [ 0.305608967828384, 47.720414945749901 ], [ 0.306141428987343, 47.720399590117815 ], [ 0.306152807850256, 47.720579242747824 ], [ 0.30588657641389, 47.720586920920276 ], [ 0.305909332647287, 47.720946226253332 ], [ 0.305376865793586, 47.720961580940255 ], [ 0.305399618820657, 47.721320886434619 ], [ 0.304867147875291, 47.721336238846817 ] ] ] } },
{ "type": "Feature", "properties": { "surface_ha": 28.7 }, "geometry": { "type": "Polygon", "coordinates": [ [ [ 0.284547567521041, 47.724799934266812 ], [ 0.284536261265604, 47.724620277863423 ], [ 0.285068776572077, 47.724605018998766 ], [ 0.285057468601621, 47.724425362683192 ], [ 0.285323725177362, 47.724417732373347 ], [ 0.285301107741474, 47.724058419814646 ], [ 0.285567362382239, 47.72405078898349 ], [ 0.285556052916831, 47.723871132740371 ], [ 0.286088560043373, 47.723855869323096 ], [ 0.286077248863058, 47.723676213167792 ], [ 0.28634350134883, 47.723668580581709 ], [ 0.286309565730731, 47.723129612212972 ], [ 0.286043315982281, 47.723137244655781 ], [ 0.285998073681585, 47.722418619865536 ], [ 0.286264319780397, 47.722410987613763 ], [ 0.286196454155715, 47.721333050484347 ], [ 0.286462694670313, 47.721325417902378 ], [ 0.28645138320561, 47.721145761735009 ], [ 0.286717622697849, 47.721138128583995 ], [ 0.28668368622696, 47.720599160179084 ], [ 0.286949922872224, 47.720591526554671 ], [ 0.286927297283881, 47.720232214341827 ], [ 0.2866610624632, 47.720239847870701 ], [ 0.286649750746365, 47.720060191704981 ], [ 0.286915984654767, 47.720052558223863 ], [ 0.286904672135692, 47.719872902098246 ], [ 0.287703370463847, 47.719849998097807 ], [ 0.287692055318035, 47.719670342107811 ], [ 0.28795828696172, 47.719662706255356 ], [ 0.287969603019786, 47.719842362197568 ], [ 0.288502067801443, 47.719827088546893 ], [ 0.288490749918869, 47.719647432700242 ], [ 0.290620597343271, 47.719586313811021 ], [ 0.290609272272892, 47.719406658339132 ], [ 0.291674189692667, 47.719376084284676 ], [ 0.291662861083566, 47.719196428996412 ], [ 0.291929089250836, 47.719188783988862 ], [ 0.291940418772153, 47.719368439229278 ], [ 0.293005333987997, 47.719337852840646 ], [ 0.293016667268401, 47.719517507881946 ], [ 0.294081584369334, 47.719486911434572 ], [ 0.294104258558695, 47.719846221111212 ], [ 0.29437048938272, 47.719838570361844 ], [ 0.294427181347257, 47.720736844179413 ], [ 0.293362239144352, 47.720767444433974 ], [ 0.293350904179974, 47.720587789494374 ], [ 0.293084669265868, 47.720595437968306 ], [ 0.293073335324017, 47.720415782973163 ], [ 0.292540866989622, 47.720431077975128 ], [ 0.292529534982544, 47.720251422876586 ], [ 0.289867195821101, 47.720327860404268 ], [ 0.289957781979843, 47.721765104803978 ], [ 0.289691540159308, 47.721772745547227 ], [ 0.289736832232727, 47.722491367753761 ], [ 0.289470586652592, 47.722499008071487 ], [ 0.289504554126977, 47.723037974789094 ], [ 0.289770802444302, 47.723030334327945 ], [ 0.289759478930297, 47.722850678810907 ], [ 0.292155700616878, 47.722781887335515 ], [ 0.292144369001512, 47.722602232241265 ], [ 0.293475594852415, 47.722563993406823 ], [ 0.293486931029681, 47.722743648261805 ], [ 0.294818158685714, 47.722705393768642 ], [ 0.294829499535162, 47.722885048376519 ], [ 0.295095745647837, 47.722877395579687 ], [ 0.29515245611187, 47.723775668264253 ], [ 0.295418706676238, 47.723768014611146 ], [ 0.295361991650186, 47.722869742166068 ], [ 0.295894483323876, 47.722854433488465 ], [ 0.295905827933179, 47.723034087897091 ], [ 0.296438320990224, 47.723018776656609 ], [ 0.296449667534661, 47.723198430961681 ], [ 0.29671591481002, 47.723190774368376 ], [ 0.296727262377222, 47.723370428617855 ], [ 0.296993510454595, 47.723362771359838 ], [ 0.297004859044586, 47.723542425553724 ], [ 0.297271107923971, 47.723534767631001 ], [ 0.297282457536766, 47.723714421769245 ], [ 0.297814956789139, 47.723699103977587 ], [ 0.297826308337174, 47.723878758012283 ], [ 0.298092558710152, 47.723871098143313 ], [ 0.298115263962346, 47.724230406093774 ], [ 0.298381516049747, 47.724222745512144 ], [ 0.298370162456004, 47.724043091588705 ], [ 0.298902664474613, 47.724027768670922 ], [ 0.298925375422286, 47.724387076318337 ], [ 0.295464080683204, 47.724486632428672 ], [ 0.295452737015946, 47.724306977985847 ], [ 0.295186483714264, 47.724314631782605 ], [ 0.295197826469066, 47.724494286273355 ], [ 0.294665317709784, 47.724509592112263 ], [ 0.2946539767799, 47.724329937525745 ], [ 0.294387723147237, 47.724337589472078 ], [ 0.29439906316466, 47.72451724410648 ], [ 0.291736511647776, 47.724593730123871 ], [ 0.291691188738113, 47.723875109625631 ], [ 0.290626179644061, 47.723905685996264 ], [ 0.290614852841961, 47.723726030661147 ], [ 0.290348601205414, 47.723733673163949 ], [ 0.290393905425081, 47.724452294649595 ], [ 0.290660160711461, 47.724444651955487 ], [ 0.290671487954299, 47.724624307259816 ], [ 0.284547567521041, 47.724799934266812 ] ], [ [ 0.293577624417671, 47.724180886824527 ], [ 0.293843877468782, 47.724173236776522 ], [ 0.293832539496864, 47.723993582030964 ], [ 0.293566287358201, 47.724001232031135 ], [ 0.293577624417671, 47.724180886824527 ] ], [ [ 0.28816199284889, 47.722896512039128 ], [ 0.288428240804409, 47.722888874709732 ], [ 0.288416921962548, 47.722709218945973 ], [ 0.288150674919432, 47.722716856227606 ], [ 0.28816199284889, 47.722896512039128 ] ] ] } },
{ "type": "Feature", "properties": { "surface_ha": 3.59 }, "geometry": { "type": "Polygon", "coordinates": [ [ [ 0.256020912943052, 47.720754266623381 ], [ 0.256009706365158, 47.720574604974736 ], [ 0.255743461577229, 47.720582166815966 ], [ 0.255721050573272, 47.720222843401125 ], [ 0.255987293536395, 47.720215281654539 ], [ 0.255964881143662, 47.719855958303732 ], [ 0.256231122173011, 47.719848396035019 ], [ 0.256208708391561, 47.71948907274826 ], [ 0.256474947487167, 47.719481509957404 ], [ 0.256463739847607, 47.719301848349872 ], [ 0.25672997792184, 47.719294284989587 ], [ 0.256707561145102, 47.718934961846244 ], [ 0.256973797285638, 47.718927397963839 ], [ 0.256962588148484, 47.718747736427993 ], [ 0.257228823267665, 47.718740171976215 ], [ 0.257217613327229, 47.718560510480074 ], [ 0.257750081413844, 47.718545379820831 ], [ 0.257761293178901, 47.718725041222292 ], [ 0.258027527970936, 47.718717474920155 ], [ 0.258038740757368, 47.718897136266612 ], [ 0.258304976352652, 47.718889569300416 ], [ 0.258316190160475, 47.719069230591856 ], [ 0.258049953652869, 47.719076797605403 ], [ 0.258061166657437, 47.719256458936542 ], [ 0.258327404077379, 47.71924889187563 ], [ 0.258338618103364, 47.719428553151772 ], [ 0.259403570341598, 47.719398278551068 ], [ 0.259414788126054, 47.719577939630064 ], [ 0.259148549317802, 47.719585509252774 ], [ 0.259159766299021, 47.719765170371524 ], [ 0.259426006019627, 47.719757600701449 ], [ 0.259437224022321, 47.719937261765153 ], [ 0.258904742647269, 47.719952400583296 ], [ 0.258915958934337, 47.72013206173407 ], [ 0.258383475298122, 47.720147198179788 ], [ 0.258394689869526, 47.720326859417689 ], [ 0.257595960859916, 47.720349559602404 ], [ 0.257607172803217, 47.720529220974669 ], [ 0.256542195613977, 47.720559479441903 ], [ 0.256553404016701, 47.720739140995889 ], [ 0.256020912943052, 47.720754266623381 ] ] ] } },
{ "type": "Feature", "properties": { "surface_ha": 4.03 }, "geometry": { "type": "Polygon", "coordinates": [ [ [ 0.318574189581834, 47.718780469850032 ], [ 0.318562768734656, 47.718600819420693 ], [ 0.317764114354379, 47.718623937739828 ], [ 0.317718443021313, 47.717905335366574 ], [ 0.317984657610863, 47.717897630069693 ], [ 0.317938984406491, 47.717179027765717 ], [ 0.317672773465079, 47.717186732869735 ], [ 0.31766135635364, 47.717007082226203 ], [ 0.317395146213197, 47.717014786665416 ], [ 0.317383730124808, 47.716835135965951 ], [ 0.316851311334833, 47.716850542898101 ], [ 0.316805655387493, 47.716131939637421 ], [ 0.31707186119005, 47.716124236672457 ], [ 0.317060446568784, 47.715944585886191 ], [ 0.317859060574415, 47.715921473436353 ], [ 0.317870477931564, 47.716101124078001 ], [ 0.318935298698881, 47.716070298653136 ], [ 0.318958141042074, 47.716429599527466 ], [ 0.319490554407136, 47.71641418292257 ], [ 0.3195134008426, 47.7167734835731 ], [ 0.319247192391653, 47.716781192280322 ], [ 0.319270037447541, 47.717140492996407 ], [ 0.319536247722488, 47.717132784192707 ], [ 0.319581942815572, 47.717851385339216 ], [ 0.31931572889252, 47.71785909433585 ], [ 0.319349998642852, 47.718398045259342 ], [ 0.319083781872519, 47.718405753784069 ], [ 0.319106627104122, 47.718765054457563 ], [ 0.318574189581834, 47.718780469850032 ] ] ] } },
{ "type": "Feature", "properties": { "surface_ha": 2.59 }, "geometry": { "type": "Polygon", "coordinates": [ [ [ 0.266603194673341, 47.719373326679751 ], [ 0.266591952256059, 47.719193666881146 ], [ 0.266325717309401, 47.71920125310897 ], [ 0.266269511424702, 47.71830295376359 ], [ 0.266535741809947, 47.718295367773123 ], [ 0.266524500048774, 47.718115707928561 ], [ 0.266790729412415, 47.718108121368822 ], [ 0.266779486848343, 47.717928461564064 ], [ 0.267045715190382, 47.717920874435087 ], [ 0.267056958666699, 47.718100534192374 ], [ 0.26732318781162, 47.718092946399238 ], [ 0.267311943423058, 47.717913286689409 ], [ 0.267578171546363, 47.717905698326994 ], [ 0.267555681272899, 47.717546378979343 ], [ 0.267821907462367, 47.717538790095205 ], [ 0.267799415801998, 47.717179470811907 ], [ 0.268331864203933, 47.717164291383433 ], [ 0.268320616713434, 47.71698463182527 ], [ 0.26858683983811, 47.716977041233456 ], [ 0.268631834105341, 47.717695679230168 ], [ 0.268365607331841, 47.717703270011953 ], [ 0.268444345126236, 47.718960886543577 ], [ 0.267911878479438, 47.718976066921968 ], [ 0.267923125348849, 47.719155726490804 ], [ 0.266858187093363, 47.719186080036586 ], [ 0.266869430422953, 47.719365739787726 ], [ 0.266603194673341, 47.719373326679751 ] ] ] } },
{ "type": "Feature", "properties": { "surface_ha": 3.91 }, "geometry": { "type": "Polygon", "coordinates": [ [ [ 0.284474658944155, 47.719402611083744 ], [ 0.28440683738064, 47.718324671451626 ], [ 0.284673063046625, 47.718317043381759 ], [ 0.284661758925328, 47.71813738679726 ], [ 0.285460432526964, 47.718114499030605 ], [ 0.285449125779078, 47.717934842581677 ], [ 0.285715349180835, 47.717927212140495 ], [ 0.285704041630759, 47.717747555731584 ], [ 0.286502708439586, 47.717724660851168 ], [ 0.286480088196473, 47.717365348296823 ], [ 0.286213867861161, 47.717372980444814 ], [ 0.286179941057932, 47.716834011412402 ], [ 0.286446158656854, 47.716826379407721 ], [ 0.286434849030325, 47.71664672309597 ], [ 0.286701065607134, 47.716639090522371 ], [ 0.286689755178505, 47.716459434250687 ], [ 0.286955970733204, 47.716451801108178 ], [ 0.286944659502496, 47.716272144876598 ], [ 0.287210874035086, 47.716264511165228 ], [ 0.287222186177884, 47.716444167349067 ], [ 0.287488401512535, 47.716436532973269 ], [ 0.287533654832457, 47.717155157440608 ], [ 0.287267435849364, 47.717162792007514 ], [ 0.287301374258317, 47.717701760420631 ], [ 0.287035152428765, 47.717709394514159 ], [ 0.28706908909155, 47.718248363001408 ], [ 0.286802864415457, 47.718255996621579 ], [ 0.286859423159733, 47.719154277518818 ], [ 0.286326964355414, 47.719169543386634 ], [ 0.286338274609887, 47.719349199638572 ], [ 0.285539582841624, 47.719372093958249 ], [ 0.285528275323863, 47.71919243756308 ], [ 0.284995815419551, 47.719207697263762 ], [ 0.28500712111283, 47.719387353754421 ], [ 0.284474658944155, 47.719402611083744 ] ] ] } },
{ "type": "Feature", "properties": { "surface_ha": 8.74 }, "geometry": { "type": "Polygon", "coordinates": [ [ [ 0.288190568244844, 47.719116102056731 ], [ 0.288054777149222, 47.716960230447079 ], [ 0.288320994890044, 47.716952594077959 ], [ 0.28829836275744, 47.716593282130994 ], [ 0.289895655945426, 47.716547451540059 ], [ 0.289906977429277, 47.716727107230582 ], [ 0.290439409435277, 47.716711825338074 ], [ 0.29039411686395, 47.715993202912244 ], [ 0.291192753102009, 47.715970276022446 ], [ 0.291204078815825, 47.716149931497007 ], [ 0.291736504247875, 47.716134643724949 ], [ 0.291747831895982, 47.716314299096133 ], [ 0.292014045358813, 47.716306654237329 ], [ 0.292025374029175, 47.716486309552984 ], [ 0.292291588293888, 47.716478664029665 ], [ 0.292302917986519, 47.716658319289792 ], [ 0.292036702809723, 47.716665964860923 ], [ 0.292172656771466, 47.718821827956397 ], [ 0.291640204195936, 47.718837118396841 ], [ 0.291651532584658, 47.719016773700481 ], [ 0.288190568244844, 47.719116102056731 ] ] ] } },
{ "type": "Feature", "properties": { "surface_ha": 12.17 }, "geometry": { "type": "Polygon", "coordinates": [ [ [ 0.298352586758681, 47.719544081047978 ], [ 0.298341235123747, 47.719364426972284 ], [ 0.297808780324503, 47.719379746163867 ], [ 0.297797430624373, 47.719200091984582 ], [ 0.296998750334145, 47.719223066002996 ], [ 0.296987403480973, 47.719043411672246 ], [ 0.296454951226678, 47.71905872450521 ], [ 0.296409572215007, 47.718340106722017 ], [ 0.296675794748654, 47.718332450805519 ], [ 0.296664449359452, 47.718152796388388 ], [ 0.296398227737953, 47.718160452256981 ], [ 0.296386883371243, 47.717980797784229 ], [ 0.296653104080602, 47.71797314196354 ], [ 0.296641758912103, 47.717793487531011 ], [ 0.296907978598984, 47.717785831141548 ], [ 0.296885286768799, 47.717426522349207 ], [ 0.297151504521094, 47.717418865438923 ], [ 0.297128811308136, 47.717059556711604 ], [ 0.297661242833246, 47.717044241232735 ], [ 0.297649894568148, 47.716864586953363 ], [ 0.297916109253061, 47.716856928336888 ], [ 0.297893411229862, 47.716497619850898 ], [ 0.298159623980258, 47.716489960713616 ], [ 0.298148274222184, 47.716310306506983 ], [ 0.298680697567692, 47.716294986478431 ], [ 0.298657994734569, 47.715935678233812 ], [ 0.298924204417647, 47.715928017390446 ], [ 0.298912852254674, 47.715748363304535 ], [ 0.299711477905329, 47.715725377218547 ], [ 0.299722832804353, 47.715905031160624 ], [ 0.299989042045718, 47.715897367850786 ], [ 0.300000397967211, 47.716077021737206 ], [ 0.300266608010147, 47.716069357762798 ], [ 0.300277964954124, 47.716249011593568 ], [ 0.300544175798631, 47.716241346954568 ], [ 0.300555533765107, 47.716421000729639 ], [ 0.300821745411182, 47.716413335426047 ], [ 0.300833104400177, 47.716592989145475 ], [ 0.301099316847816, 47.716585323177284 ], [ 0.301110676859348, 47.716764976841056 ], [ 0.302707954696862, 47.716718967794741 ], [ 0.302719320291232, 47.716898621162919 ], [ 0.302453106682571, 47.716906290926865 ], [ 0.302487201392756, 47.717445251129092 ], [ 0.302220984937335, 47.717452920420392 ], [ 0.302232349149721, 47.71763257385372 ], [ 0.301966131671674, 47.717640242576351 ], [ 0.302000222235712, 47.718179202974049 ], [ 0.301734001910802, 47.718186871223971 ], [ 0.301745364741074, 47.718366524722441 ], [ 0.302011585978113, 47.71835885642453 ], [ 0.302034313794514, 47.718718163302356 ], [ 0.30176809073319, 47.718725831696261 ], [ 0.301779453895034, 47.718905485171618 ], [ 0.300182107733417, 47.718951482872519 ], [ 0.300193465532768, 47.719131136628015 ], [ 0.299661014104, 47.719146464357429 ], [ 0.299672370189458, 47.719326118201117 ], [ 0.298873689481335, 47.71934910531391 ], [ 0.298885042940666, 47.719528759293745 ], [ 0.298352586758681, 47.719544081047978 ] ], [ [ 0.301224283051957, 47.718561513054979 ], [ 0.30149050542217, 47.718553845942459 ], [ 0.301479143393514, 47.718374192403687 ], [ 0.301212921935441, 47.718381859468266 ], [ 0.301224283051957, 47.718561513054979 ] ], [ [ 0.298805571044378, 47.718271181273145 ], [ 0.29907179258453, 47.71826351980657 ], [ 0.299049085498018, 47.71790421182726 ], [ 0.29878286578213, 47.71791187319797 ], [ 0.298805571044378, 47.718271181273145 ] ], [ [ 0.301677189417219, 47.717288603616026 ], [ 0.302209620835481, 47.71727326697934 ], [ 0.302198256844162, 47.717093613530622 ], [ 0.30166582725005, 47.717108950071335 ], [ 0.301677189417219, 47.717288603616026 ] ] ] } },
{ "type": "Feature", "properties": { "surface_ha": 29.26 }, "geometry": { "type": "Polygon", "coordinates": [ [ [ 0.318258734156575, 47.722209241298138 ], [ 0.318247313023059, 47.722029590919135 ], [ 0.317448605982567, 47.722052708286668 ], [ 0.317437187696899, 47.721873057755296 ], [ 0.316638482393586, 47.721896169427751 ], [ 0.316615651628897, 47.721536868052553 ], [ 0.316083184520472, 47.721552272557837 ], [ 0.316094598022812, 47.721731923345658 ], [ 0.315828363389824, 47.721739624721423 ], [ 0.315839776090928, 47.721919275549745 ], [ 0.315041068789172, 47.721942376121277 ], [ 0.315029658824833, 47.721762725148395 ], [ 0.314763423747858, 47.721770424057283 ], [ 0.314740605976617, 47.721411121991991 ], [ 0.315006839229103, 47.721403423179474 ], [ 0.31492697413987, 47.72014586604508 ], [ 0.315193200895946, 47.720138166953063 ], [ 0.315124743960192, 47.719060260825785 ], [ 0.31432607977772, 47.719083355384647 ], [ 0.314337486253199, 47.719263006569683 ], [ 0.31353881833583, 47.719286095723064 ], [ 0.313550222185837, 47.719465747044843 ], [ 0.31328399841272, 47.719473442244123 ], [ 0.313318207891802, 47.720012396307638 ], [ 0.310922164315253, 47.720081626650455 ], [ 0.31089937430402, 47.719722323082756 ], [ 0.310366922605172, 47.71973770062737 ], [ 0.310378315731024, 47.719917352511295 ], [ 0.310112088803194, 47.719925040406665 ], [ 0.310100696589518, 47.719745388474635 ], [ 0.309834470463056, 47.719753075705249 ], [ 0.309845861764556, 47.719932727685368 ], [ 0.309579634615115, 47.719940414347406 ], [ 0.309602415726133, 47.720299718380716 ], [ 0.309336186641516, 47.720307404522224 ], [ 0.309347576451009, 47.720487056575401 ], [ 0.309081346343398, 47.720494742148297 ], [ 0.309092735351463, 47.720674394241875 ], [ 0.308826504220857, 47.720682079246153 ], [ 0.308815116125009, 47.720502427104535 ], [ 0.30854888579585, 47.720510111444021 ], [ 0.308537498722984, 47.720330459246576 ], [ 0.306940119895659, 47.720376552044371 ], [ 0.306917357028623, 47.720017247049498 ], [ 0.306118671593553, 47.720040284834589 ], [ 0.306107293062675, 47.719860632181444 ], [ 0.306373520739525, 47.719852953584471 ], [ 0.306350762185429, 47.719493648351104 ], [ 0.306616987927229, 47.719485969233546 ], [ 0.306594227991533, 47.719126664065421 ], [ 0.306328004074059, 47.7191343430869 ], [ 0.306305246405407, 47.718775037791843 ], [ 0.306571468498589, 47.718767358866494 ], [ 0.306548709448385, 47.718408053636722 ], [ 0.30628248917946, 47.718415732465942 ], [ 0.306214220157743, 47.717337816303228 ], [ 0.307279078679126, 47.717307098439612 ], [ 0.307290460221017, 47.717486750960482 ], [ 0.308089105685921, 47.717463705943871 ], [ 0.308100490074733, 47.717643358312799 ], [ 0.308366705920325, 47.717635675359254 ], [ 0.308355320619444, 47.717456023038395 ], [ 0.308621535442228, 47.717448339516295 ], [ 0.308644307978878, 47.717807644054119 ], [ 0.30891052451506, 47.717799959819196 ], [ 0.308899137279285, 47.717620307602211 ], [ 0.309165352792633, 47.717612622798754 ], [ 0.309153964755549, 47.717432970622163 ], [ 0.309420179246069, 47.717425285250137 ], [ 0.309408790407691, 47.717245633113905 ], [ 0.309675003875383, 47.717237947173345 ], [ 0.309663614235733, 47.717058295077472 ], [ 0.309929826680599, 47.717050608568378 ], [ 0.309895655690231, 47.716511652378877 ], [ 0.309629445981445, 47.716519338743673 ], [ 0.30959527872413, 47.715980382340412 ], [ 0.310127692558922, 47.715965009282769 ], [ 0.310116301870729, 47.715785357229095 ], [ 0.310914919056045, 47.71576229316247 ], [ 0.31090352574273, 47.715582641245433 ], [ 0.311435934821623, 47.71556726221425 ], [ 0.311424539795205, 47.715387610385712 ], [ 0.312223149846436, 47.715364537358887 ], [ 0.312234547608716, 47.71554418904303 ], [ 0.312500751649379, 47.715536496752804 ], [ 0.312546347454969, 47.716255103219702 ], [ 0.313078762499465, 47.716239716404317 ], [ 0.313090163552023, 47.716419367905488 ], [ 0.312823955173222, 47.716427061669606 ], [ 0.312835355424668, 47.716606713211171 ], [ 0.313367773895381, 47.71659132497004 ], [ 0.313356371819933, 47.716411673524746 ], [ 0.313622579976947, 47.716403978527374 ], [ 0.313645386062748, 47.716763281313938 ], [ 0.313379176081728, 47.716770976407609 ], [ 0.313436188677008, 47.71766923347964 ], [ 0.313702403218199, 47.717661538145236 ], [ 0.313725210856789, 47.718020840823719 ], [ 0.314257643254662, 47.718005448112372 ], [ 0.314246237555773, 47.717825796873313 ], [ 0.314512452676245, 47.717818099640851 ], [ 0.314501046176234, 47.717638448442223 ], [ 0.314767260273704, 47.717630750641291 ], [ 0.314755852972592, 47.717451099483114 ], [ 0.315820704604693, 47.71742030230579 ], [ 0.315832115553977, 47.717599953271247 ], [ 0.316364542528223, 47.7175845508865 ], [ 0.316398781514348, 47.718123503447408 ], [ 0.316132565346553, 47.718131205092682 ], [ 0.316166802595514, 47.718670157728681 ], [ 0.316433021499553, 47.718662455938833 ], [ 0.316444435049979, 47.718842106753847 ], [ 0.316710654755105, 47.718834404299145 ], [ 0.316722069328654, 47.719014055058238 ], [ 0.316455848711421, 47.719021757561158 ], [ 0.31650150446736, 47.719740360713139 ], [ 0.317033952887833, 47.719724954705072 ], [ 0.317045368928669, 47.719904605377394 ], [ 0.316512918683895, 47.719920011481854 ], [ 0.316524333011452, 47.720099662242809 ], [ 0.317056785080547, 47.72008425604195 ], [ 0.317068201343466, 47.72026390669879 ], [ 0.317334428123621, 47.720256202625137 ], [ 0.317345845409759, 47.720435853226064 ], [ 0.316547161999642, 47.720458963741578 ], [ 0.316535747450034, 47.720279312996055 ], [ 0.316269520336775, 47.720287015219654 ], [ 0.316326589634109, 47.721185269111054 ], [ 0.316859052871567, 47.721169863565159 ], [ 0.316836221170732, 47.720810562224557 ], [ 0.317102450798487, 47.720802858622996 ], [ 0.317113867505588, 47.72098250924892 ], [ 0.31764632825235, 47.720967100099244 ], [ 0.317623491300409, 47.720607799032479 ], [ 0.317889719682808, 47.720600093629024 ], [ 0.317901139015435, 47.720779744118062 ], [ 0.318167368198949, 47.720772038049724 ], [ 0.318190209021833, 47.721131338908158 ], [ 0.318456439918665, 47.721123632126684 ], [ 0.31843359727138, 47.720764331364649 ], [ 0.318699826232718, 47.720756624062922 ], [ 0.31871124841301, 47.720936274399577 ], [ 0.318977478175441, 47.720928566432882 ], [ 0.319034595304552, 47.721826817759059 ], [ 0.318768360981018, 47.721834525966877 ], [ 0.318791206785971, 47.722193826539723 ], [ 0.318258734156575, 47.722209241298138 ] ], [ [ 0.310309958638144, 47.718839441092008 ], [ 0.310842401215521, 47.718824064028524 ], [ 0.310831006930309, 47.718644412194514 ], [ 0.310298566177173, 47.718659789161777 ], [ 0.310309958638144, 47.718839441092008 ] ], [ [ 0.311085832054149, 47.718457070992301 ], [ 0.311884489283778, 47.718433999210852 ], [ 0.311873091571825, 47.718254347553895 ], [ 0.311074437078487, 47.71827741919099 ], [ 0.311085832054149, 47.718457070992301 ] ], [ [ 0.308921911861594, 47.717979612028486 ], [ 0.309188129199102, 47.717971927128836 ], [ 0.309176740940484, 47.717792274967664 ], [ 0.30891052451506, 47.717799959819196 ], [ 0.308921911861594, 47.717979612028486 ] ], [ [ 0.309720563541807, 47.717956555479603 ], [ 0.310519214224949, 47.717933493380919 ], [ 0.310507821405934, 47.717753841460215 ], [ 0.310774037166624, 47.717746152908809 ], [ 0.310762643546352, 47.717566501028507 ], [ 0.311028858284159, 47.717558811908589 ], [ 0.311017463862649, 47.717379160068703 ], [ 0.310485036100332, 47.717394537595723 ], [ 0.310496428697726, 47.71757418953181 ], [ 0.310230213738291, 47.717581877418475 ], [ 0.31024160553443, 47.717761529394977 ], [ 0.309709173459026, 47.717776903414595 ], [ 0.309720563541807, 47.717956555479603 ] ], [ [ 0.312382728606774, 47.717879660234779 ], [ 0.31264894450361, 47.717871967318771 ], [ 0.312637544388025, 47.717692315783069 ], [ 0.312371329403256, 47.717700008650944 ], [ 0.312382728606774, 47.717879660234779 ] ], [ [ 0.311017463862649, 47.717379160068703 ], [ 0.311549891181662, 47.717363780075168 ], [ 0.311538495046886, 47.717184128323773 ], [ 0.311006069551963, 47.717199508221086 ], [ 0.311017463862649, 47.717379160068703 ] ], [ [ 0.311538495046886, 47.717184128323773 ], [ 0.312070920098441, 47.717168745959988 ], [ 0.312059522250437, 47.716989094297148 ], [ 0.312591945034489, 47.716973709563128 ], [ 0.312580545473299, 47.716794057988864 ], [ 0.312846755786996, 47.71678636474504 ], [ 0.312835355424668, 47.716606713211171 ], [ 0.312302936510426, 47.716622098985894 ], [ 0.312314335048729, 47.71680175061605 ], [ 0.311781913866999, 47.71681713402058 ], [ 0.311793310692119, 47.716996785739234 ], [ 0.31152709902295, 47.717004476564696 ], [ 0.311538495046886, 47.717184128323773 ] ] ] } },
{ "type": "Feature", "properties": { "surface_ha": 1.48 }, "geometry": { "type": "Polygon", "coordinates": [ [ [ 0.297848016508057, 47.715779002786526 ], [ 0.297836668103553, 47.715599348501186 ], [ 0.297304251391977, 47.715614664446619 ], [ 0.29725886617369, 47.714896046844942 ], [ 0.297525070936677, 47.71488838937217 ], [ 0.297491030445784, 47.714349426233817 ], [ 0.297757232362512, 47.714341768288207 ], [ 0.297791275589299, 47.714880731282818 ], [ 0.298589888884905, 47.714857753315201 ], [ 0.29857853829636, 47.714678099135149 ], [ 0.298844741595479, 47.714670438627323 ], [ 0.298833390205372, 47.714490784487516 ], [ 0.299099592482126, 47.714483123411036 ], [ 0.299133649719561, 47.715022085663584 ], [ 0.299399854621798, 47.715014423826695 ], [ 0.299411208167091, 47.715194077847528 ], [ 0.299145002352872, 47.715201739732365 ], [ 0.299167707950748, 47.715561047846812 ], [ 0.298901500202115, 47.715568709210928 ], [ 0.298912852254674, 47.715748363304535 ], [ 0.297848016508057, 47.715779002786526 ] ], [ [ 0.29809152708765, 47.715412035358426 ], [ 0.298357734255485, 47.715404375892106 ], [ 0.29834638424774, 47.715224721687214 ], [ 0.2980801779919, 47.715232381105629 ], [ 0.29809152708765, 47.715412035358426 ] ], [ [ 0.298601239583846, 47.71503740748755 ], [ 0.298867444706908, 47.715029746883872 ], [ 0.29885609309599, 47.714850092759441 ], [ 0.298589888884905, 47.714857753315201 ], [ 0.298601239583846, 47.71503740748755 ] ] ] } },
{ "type": "Feature", "properties": { "surface_ha": 2.16 }, "geometry": { "type": "Polygon", "coordinates": [ [ [ 0.303415649459616, 47.715258728876371 ], [ 0.303404282124185, 47.71507907558285 ], [ 0.303138077967297, 47.7150867467167 ], [ 0.303126711654388, 47.714907093367486 ], [ 0.301795693771707, 47.714945439547769 ], [ 0.301784332129135, 47.714765785950881 ], [ 0.30151812913301, 47.714773453289162 ], [ 0.301461327137353, 47.713875184949366 ], [ 0.301727525573804, 47.713867517850936 ], [ 0.301716164594233, 47.71368786420782 ], [ 0.302514756504843, 47.713664859357131 ], [ 0.302526120220131, 47.713844512856284 ], [ 0.303058516098416, 47.713829173110334 ], [ 0.303069881748051, 47.714008826505783 ], [ 0.303336080433294, 47.714001155659943 ], [ 0.303347447105389, 47.714180808999686 ], [ 0.303613646591998, 47.71417313748929 ], [ 0.303625014286573, 47.714352790773333 ], [ 0.303358813888037, 47.714360462331733 ], [ 0.30337018078124, 47.714540115656085 ], [ 0.303902583291615, 47.714524771826675 ], [ 0.303936690106269, 47.715063731465399 ], [ 0.30420289393145, 47.715056058481771 ], [ 0.304214264002789, 47.715235711631266 ], [ 0.303415649459616, 47.715258728876371 ] ] ] } },
{ "type": "Feature", "properties": { "surface_ha": 9.06 }, "geometry": { "type": "Polygon", "coordinates": [ [ [ 0.323460767124944, 47.715939180536786 ], [ 0.323449330616963, 47.715759530908493 ], [ 0.322384521054883, 47.715790398067952 ], [ 0.322361655667969, 47.715431098401837 ], [ 0.322095454823283, 47.715438813553703 ], [ 0.322106886549225, 47.715618463438922 ], [ 0.321840684681434, 47.715626178022497 ], [ 0.321852115606631, 47.715805827948216 ], [ 0.321319709713669, 47.715821255362229 ], [ 0.321308280612332, 47.715641605339954 ], [ 0.32104207841104, 47.715649318073801 ], [ 0.321019222365682, 47.715290017909517 ], [ 0.321285422743136, 47.715282305272183 ], [ 0.321273993975271, 47.715102655226723 ], [ 0.321540193329665, 47.715094942021075 ], [ 0.32150590495734, 47.71455599198309 ], [ 0.32123970833861, 47.714563705043943 ], [ 0.321228280015357, 47.714384054967546 ], [ 0.320962084197349, 47.714391767363601 ], [ 0.320950656897109, 47.714212117231241 ], [ 0.320684461879821, 47.714219828962506 ], [ 0.320673035602575, 47.714040178774134 ], [ 0.320406841386014, 47.714047889840565 ], [ 0.320383990988596, 47.713688589344201 ], [ 0.320117798484601, 47.71369629969761 ], [ 0.320106374364399, 47.713516649389561 ], [ 0.319840182661127, 47.7135243590782 ], [ 0.319828759563858, 47.713344708714182 ], [ 0.319562568661313, 47.713352417738044 ], [ 0.319551146586956, 47.713172767318113 ], [ 0.319284956485141, 47.713180475677191 ], [ 0.319273535433681, 47.713000825201277 ], [ 0.319007346132595, 47.713008532895628 ], [ 0.318995926104014, 47.712828882363723 ], [ 0.319794490938625, 47.712805757575858 ], [ 0.319817336577685, 47.713165058342476 ], [ 0.320083526457317, 47.713157348750308 ], [ 0.320094950355305, 47.71333699907381 ], [ 0.320893522062976, 47.713313866453504 ], [ 0.320882095429553, 47.713134216274767 ], [ 0.321680663401606, 47.713111078250492 ], [ 0.321692092770455, 47.713290728284456 ], [ 0.322224472686326, 47.713275299755779 ], [ 0.322235903989958, 47.713454949685477 ], [ 0.323566856392933, 47.713416367333274 ], [ 0.323578292366831, 47.71359601701382 ], [ 0.324110674373154, 47.713580579660679 ], [ 0.324133550301924, 47.713939878805355 ], [ 0.324932127948011, 47.713916717861871 ], [ 0.324943568814767, 47.714096367277662 ], [ 0.325475955179485, 47.714080923469389 ], [ 0.325487397981197, 47.714260572780837 ], [ 0.325221203942638, 47.71426829504157 ], [ 0.32523264594379, 47.714447944393598 ], [ 0.325498840894198, 47.714440222084541 ], [ 0.325510283918492, 47.714619871380535 ], [ 0.325776479669465, 47.71461214840663 ], [ 0.325810812145737, 47.715151096103185 ], [ 0.32554461365914, 47.715158819222069 ], [ 0.325590388204843, 47.715877416235877 ], [ 0.323460767124944, 47.715939180536786 ] ] ] } },
{ "type": "Feature", "properties": { "surface_ha": 5.35 }, "geometry": { "type": "Polygon", "coordinates": [ [ [ 0.257960253542703, 47.717639506680861 ], [ 0.257949041519712, 47.717459845280885 ], [ 0.25741658459854, 47.71747497660548 ], [ 0.2574053745091, 47.717295315103129 ], [ 0.257139146797197, 47.717302879793024 ], [ 0.257127937729036, 47.717123218235699 ], [ 0.256861710820347, 47.717130782261506 ], [ 0.256828087006703, 47.716591797401641 ], [ 0.257094311178721, 47.716584233517843 ], [ 0.257083102546665, 47.716404571929928 ], [ 0.256816879286854, 47.716412135766397 ], [ 0.256805671676021, 47.716232474123473 ], [ 0.256539449219393, 47.716240037295925 ], [ 0.256528242629761, 47.71606037559804 ], [ 0.256262020976321, 47.71606793810647 ], [ 0.256250815407875, 47.715888276353624 ], [ 0.255718373598392, 47.715903399425706 ], [ 0.25570716996329, 47.715723737570549 ], [ 0.254908509168311, 47.71574641741153 ], [ 0.254897308378693, 47.715566755406826 ], [ 0.254631088807968, 47.715574314073123 ], [ 0.254664688767117, 47.716113300206231 ], [ 0.254398466350906, 47.716120858397701 ], [ 0.254409665642969, 47.716300520474064 ], [ 0.253610995004168, 47.71632319149019 ], [ 0.253588602002167, 47.715963867046078 ], [ 0.253854823832953, 47.715956310751984 ], [ 0.253821232410196, 47.715417324170303 ], [ 0.254353670271961, 47.71540221001576 ], [ 0.254342471524545, 47.715222547901156 ], [ 0.254608689379886, 47.715214989946141 ], [ 0.25461988903946, 47.715394652013465 ], [ 0.25515232624764, 47.715379534158778 ], [ 0.255129923388825, 47.715020210205736 ], [ 0.255396140005195, 47.715012650447981 ], [ 0.255351331946481, 47.714294002639321 ], [ 0.255085118978599, 47.714301562207858 ], [ 0.25506271742716, 47.713942238163042 ], [ 0.255595139605592, 47.713927118598534 ], [ 0.255617544805407, 47.714286442454124 ], [ 0.255883757555372, 47.714278881652262 ], [ 0.255894961230828, 47.714458543521275 ], [ 0.256161174783926, 47.714450982055439 ], [ 0.25617237948047, 47.714630643869477 ], [ 0.257503450171599, 47.7145928270536 ], [ 0.257525869012861, 47.714952150185461 ], [ 0.257792084648277, 47.714944584877593 ], [ 0.257859349261744, 47.716022553805502 ], [ 0.257593128153407, 47.716030119397402 ], [ 0.257604338391789, 47.716209780905942 ], [ 0.257338116262227, 47.716217345928484 ], [ 0.257360535241716, 47.716576669017293 ], [ 0.258159206776462, 47.716553971815486 ], [ 0.258181631665374, 47.716913294589631 ], [ 0.258447857116608, 47.716905727527575 ], [ 0.258470284266232, 47.717265050176422 ], [ 0.258736511432853, 47.717257482402921 ], [ 0.258758940843268, 47.717616804926429 ], [ 0.258492711852152, 47.71762437279466 ], [ 0.258481498004656, 47.717444711489364 ], [ 0.258215269816717, 47.717452278693486 ], [ 0.258226482751961, 47.71763194004614 ], [ 0.257960253542703, 47.717639506680861 ] ] ] } },
{ "type": "Feature", "properties": { "surface_ha": 8.66 }, "geometry": { "type": "Polygon", "coordinates": [ [ [ 0.314272939472319, 47.714045422848628 ], [ 0.314261535301831, 47.713865771487875 ], [ 0.313995340244568, 47.713873467660797 ], [ 0.313983937096857, 47.713693816244202 ], [ 0.312919159406297, 47.713724594577783 ], [ 0.312907760016919, 47.713544942960866 ], [ 0.311576789968548, 47.713583401764851 ], [ 0.311565395249308, 47.713403749899577 ], [ 0.311299201818986, 47.713411439762602 ], [ 0.311265021061721, 47.712872483976092 ], [ 0.310998830256111, 47.71288017307824 ], [ 0.310987437803801, 47.712700521085864 ], [ 0.310721247799216, 47.712708209523377 ], [ 0.310709856369523, 47.712528557475167 ], [ 0.310976045462289, 47.712520869085772 ], [ 0.310953261111661, 47.712161565062409 ], [ 0.311219448270023, 47.712153876152712 ], [ 0.311196662539006, 47.711794572194727 ], [ 0.311995217878547, 47.711771502055235 ], [ 0.311983822443934, 47.711591850209025 ], [ 0.314911840124029, 47.711507212756096 ], [ 0.314923245587997, 47.711686864072711 ], [ 0.315455612820766, 47.711671467334071 ], [ 0.315467020219173, 47.711851118546598 ], [ 0.316265572971502, 47.711828018670367 ], [ 0.31627698321615, 47.712007669730625 ], [ 0.316809352986387, 47.71199226663424 ], [ 0.316832177455693, 47.712351568538871 ], [ 0.316565990802517, 47.712359270491717 ], [ 0.316588813892209, 47.712718572461846 ], [ 0.316322625304463, 47.712726273894539 ], [ 0.316356858035951, 47.7132652269364 ], [ 0.315558283400529, 47.713288327969011 ], [ 0.315569691797482, 47.713467979112067 ], [ 0.315303499118581, 47.713475678271401 ], [ 0.315314906714641, 47.713655329454916 ], [ 0.314516325276745, 47.713678423378113 ], [ 0.314539135330536, 47.714037726011014 ], [ 0.314272939472319, 47.714045422848628 ] ] ] } },
{ "type": "Feature", "properties": { "surface_ha": 2.79 }, "geometry": { "type": "Polygon", "coordinates": [ [ [ 0.307595244356211, 47.713878338273211 ], [ 0.307583863204302, 47.713698685694283 ], [ 0.306785274861836, 47.713721725833146 ], [ 0.306773896556258, 47.713542073102325 ], [ 0.306507701132645, 47.713549751867461 ], [ 0.306496323849604, 47.713370099080855 ], [ 0.306230129227211, 47.713377777181385 ], [ 0.306218752966689, 47.71319812433903 ], [ 0.306484946677216, 47.713190446286561 ], [ 0.306473569615481, 47.713010793484564 ], [ 0.306739762303497, 47.713003114863561 ], [ 0.306717006688289, 47.712643809332519 ], [ 0.306983197441963, 47.712636130191107 ], [ 0.306971818888515, 47.712456477462048 ], [ 0.307238008619698, 47.712448797752174 ], [ 0.307215250021165, 47.712089492367078 ], [ 0.307747625504254, 47.712074131289896 ], [ 0.307724863701226, 47.711714826066199 ], [ 0.307991049453158, 47.711707144698963 ], [ 0.307979667805894, 47.711527492123601 ], [ 0.308512037154112, 47.711512127635743 ], [ 0.308546187898705, 47.712051085050227 ], [ 0.308812375142106, 47.712043401737326 ], [ 0.308823759856865, 47.712223054145305 ], [ 0.308557571701663, 47.712230737506317 ], [ 0.308625876844485, 47.713308652080812 ], [ 0.308359683107566, 47.713316335113745 ], [ 0.308371066773698, 47.71349598756391 ], [ 0.308104872014197, 47.713503670028352 ], [ 0.308127637854851, 47.713862975001703 ], [ 0.307595244356211, 47.713878338273211 ] ] ] } },
{ "type": "Feature", "properties": { "surface_ha": 3.67 }, "geometry": { "type": "Polygon", "coordinates": [ [ [ 0.250548296538914, 47.714250317700547 ], [ 0.250537111323414, 47.71407065487071 ], [ 0.250270898220109, 47.714078203244725 ], [ 0.250259714025507, 47.713898540360013 ], [ 0.250525926216705, 47.713890992033235 ], [ 0.25051474121879, 47.713711329188129 ], [ 0.250248529939689, 47.713718877467649 ], [ 0.25023734596265, 47.713539214567682 ], [ 0.250769766587888, 47.713524117486443 ], [ 0.250747395311853, 47.713164791852492 ], [ 0.250481186877772, 47.713172340606938 ], [ 0.250492371549325, 47.713352003474981 ], [ 0.250226162094391, 47.713359551660034 ], [ 0.250192611142278, 47.712820562891324 ], [ 0.250725024470992, 47.712805466187973 ], [ 0.250736209837025, 47.712985129024048 ], [ 0.251002417250249, 47.712977579700166 ], [ 0.250980044802884, 47.712618254114858 ], [ 0.250713839213751, 47.712625803344238 ], [ 0.2507026540653, 47.712446140492851 ], [ 0.250968858742399, 47.712438591310729 ], [ 0.250957672790714, 47.712258928498969 ], [ 0.251756283433125, 47.712236277394446 ], [ 0.2517450948542, 47.712056614716779 ], [ 0.252277499581023, 47.712041510991803 ], [ 0.252288689983966, 47.712221173574974 ], [ 0.253087298993899, 47.712198513221054 ], [ 0.253098492241725, 47.71237817565477 ], [ 0.253364695939327, 47.712370620922954 ], [ 0.253375890208044, 47.712550283301724 ], [ 0.253642094708787, 47.712542727905991 ], [ 0.25365328999841, 47.712722390229885 ], [ 0.25391949530229, 47.712714834170221 ], [ 0.253930691612838, 47.71289449643912 ], [ 0.254463103717967, 47.712879382375377 ], [ 0.254485500313948, 47.713238706701169 ], [ 0.254219292491747, 47.71324626413594 ], [ 0.254208095051347, 47.71306660192959 ], [ 0.253675680904326, 47.713081714854638 ], [ 0.253698072245809, 47.71344103944886 ], [ 0.253431863184839, 47.713448595080976 ], [ 0.253443058106848, 47.713628257413895 ], [ 0.252910637834112, 47.71364336692276 ], [ 0.252921831040842, 47.713823029342578 ], [ 0.252389408508456, 47.713838136479332 ], [ 0.252378217125897, 47.71365847396499 ], [ 0.25211200660851, 47.713666026561143 ], [ 0.25210081624688, 47.713486363991855 ], [ 0.251834606532729, 47.71349391592409 ], [ 0.251823417192012, 47.71331425329992 ], [ 0.251290999261371, 47.713329355219912 ], [ 0.251302186777938, 47.71350901793857 ], [ 0.251568396709746, 47.713501467239645 ], [ 0.251579585247212, 47.713681129903406 ], [ 0.251313374403322, 47.713688680649589 ], [ 0.251324562137523, 47.713868343352971 ], [ 0.250792138299113, 47.713883443089806 ], [ 0.250814510445541, 47.71424276866265 ], [ 0.250548296538914, 47.714250317700547 ] ], [ [ 0.251823417192012, 47.71331425329992 ], [ 0.252089625994092, 47.71330670141495 ], [ 0.252067245815038, 47.712947376238205 ], [ 0.251801038837073, 47.712954928028687 ], [ 0.251823417192012, 47.71331425329992 ] ], [ [ 0.253409473667473, 47.713089270392217 ], [ 0.253675680904326, 47.713081714854638 ], [ 0.253664485396923, 47.71290205254607 ], [ 0.253398279072115, 47.712909608036369 ], [ 0.253409473667473, 47.713089270392217 ] ], [ [ 0.252333452684162, 47.712939823831121 ], [ 0.252865866095866, 47.712924717167013 ], [ 0.252843480879933, 47.712565392243278 ], [ 0.252577276052582, 47.71257294578912 ], [ 0.252588467694085, 47.712752608302104 ], [ 0.252322261845847, 47.71276016127856 ], [ 0.252333452684162, 47.712939823831121 ] ], [ [ 0.252311071116377, 47.712580498718346 ], [ 0.252577276052582, 47.71257294578912 ], [ 0.25256608451993, 47.712393283268526 ], [ 0.252299880495751, 47.712400836150465 ], [ 0.252311071116377, 47.712580498718346 ] ] ] } },
{ "type": "Feature", "properties": { "surface_ha": 12.21 }, "geometry": { "type": "Polygon", "coordinates": [ [ [ 0.295497491510089, 47.716566524337679 ], [ 0.295474810345394, 47.716207214958558 ], [ 0.295208598315679, 47.716214867833656 ], [ 0.295185919416275, 47.715855558327995 ], [ 0.294653498674157, 47.715870862036795 ], [ 0.294642161213954, 47.71569120717664 ], [ 0.294109741854816, 47.715706508323159 ], [ 0.294098406328936, 47.715526853359584 ], [ 0.29329977919944, 47.715549800311095 ], [ 0.29328844651987, 47.715370145196239 ], [ 0.293554654761252, 47.715362496876878 ], [ 0.293531987908767, 47.715003186719755 ], [ 0.293798194215902, 47.714995537879503 ], [ 0.293775525980361, 47.714636227787352 ], [ 0.294041730353279, 47.714628578426229 ], [ 0.294019060734743, 47.714269268399015 ], [ 0.293752858185763, 47.714276917664414 ], [ 0.293730190832101, 47.713917607510716 ], [ 0.293996391557175, 47.713909958341027 ], [ 0.293985057133752, 47.713730303300501 ], [ 0.294517456429296, 47.713715003207156 ], [ 0.294528792676595, 47.713894658151936 ], [ 0.295593593592278, 47.713864050374717 ], [ 0.295582253697246, 47.713684395621449 ], [ 0.295848452738528, 47.713676742183573 ], [ 0.295837112041866, 47.713497087470493 ], [ 0.296103310060926, 47.713489433463941 ], [ 0.29604660367261, 47.712591160022583 ], [ 0.295514216643127, 47.712606466940215 ], [ 0.295525555876432, 47.712786121739668 ], [ 0.295259361284383, 47.712793774321511 ], [ 0.295282038258063, 47.713153083993113 ], [ 0.295015841731953, 47.713160736054164 ], [ 0.295027179472302, 47.713340390926298 ], [ 0.294228586496664, 47.713363343553716 ], [ 0.294205916597659, 47.713004033514522 ], [ 0.293939720542426, 47.713011683061417 ], [ 0.293951054524905, 47.713191338132731 ], [ 0.293152462962128, 47.713214283217667 ], [ 0.293141131715366, 47.713034628002774 ], [ 0.293407328101271, 47.713026980305571 ], [ 0.293395996052817, 47.712847325130852 ], [ 0.294194581813518, 47.712824378483369 ], [ 0.29418324713962, 47.712644723444534 ], [ 0.294449441260833, 47.71263707337679 ], [ 0.2944381057853, 47.712457418378129 ], [ 0.294704298884393, 47.71244976774171 ], [ 0.294658954437297, 47.711731147861578 ], [ 0.293860385751518, 47.711754097346791 ], [ 0.293871718962397, 47.711933752471957 ], [ 0.293339337463726, 47.711949049141779 ], [ 0.293350668961125, 47.712128704354988 ], [ 0.2920197087267, 47.712166935479182 ], [ 0.29203103577498, 47.712346590923929 ], [ 0.291498649086257, 47.712361879153391 ], [ 0.291453348848971, 47.711643256945678 ], [ 0.293050485708581, 47.711597386006694 ], [ 0.292993835535741, 47.710699109509115 ], [ 0.293260020067662, 47.710691462433999 ], [ 0.293271350793638, 47.710871117701039 ], [ 0.293803721350457, 47.710855821605513 ], [ 0.293815054010231, 47.711035476769176 ], [ 0.294347425949775, 47.711020178111823 ], [ 0.294358760543378, 47.711199833172024 ], [ 0.294891133865583, 47.711184531952846 ], [ 0.294925143778735, 47.71172349680009 ], [ 0.295191333009914, 47.711715845122079 ], [ 0.29516865780058, 47.711356535327376 ], [ 0.295434845097852, 47.711348883128558 ], [ 0.295457522130827, 47.711708192827516 ], [ 0.295989900041813, 47.711692886388796 ], [ 0.296001240547379, 47.711872541130951 ], [ 0.296533619840848, 47.711857232130299 ], [ 0.296544962280385, 47.712036886768942 ], [ 0.297077342956273, 47.712021575206322 ], [ 0.297088687329814, 47.712201229741467 ], [ 0.297354878414106, 47.712193572987438 ], [ 0.297366223809832, 47.712373227466976 ], [ 0.29789860747108, 47.712357912013431 ], [ 0.297909954800864, 47.712537566389457 ], [ 0.298442339844376, 47.712522248373865 ], [ 0.298453689108253, 47.71270190264633 ], [ 0.298719882376305, 47.712694242665776 ], [ 0.298731232662432, 47.712873896882606 ], [ 0.298997426731964, 47.712866236237545 ], [ 0.299008778040361, 47.713045890398767 ], [ 0.298742583058952, 47.71305355109174 ], [ 0.298753933565864, 47.713233205293136 ], [ 0.298487737562173, 47.713240865417475 ], [ 0.298510437083379, 47.713600173893099 ], [ 0.298244239145496, 47.713607833496724 ], [ 0.298255588159765, 47.713787487770901 ], [ 0.298521787009564, 47.713779828119343 ], [ 0.298533137046139, 47.713959482337948 ], [ 0.298799336697471, 47.713951822021848 ], [ 0.298833390205372, 47.714490784487516 ], [ 0.298567187818213, 47.714498444947388 ], [ 0.298555837450462, 47.714318790751932 ], [ 0.297757232362512, 47.714341768288207 ], [ 0.297723190129032, 47.713802805224326 ], [ 0.297190791656845, 47.7138181202114 ], [ 0.297202137133781, 47.713997774669565 ], [ 0.296935936820233, 47.714005431286147 ], [ 0.296958626281256, 47.714364740275215 ], [ 0.296426221675367, 47.714380051850256 ], [ 0.296448907929895, 47.71473936100012 ], [ 0.295916499234845, 47.714754670300394 ], [ 0.295927840703634, 47.714934324959593 ], [ 0.295661635278658, 47.714941978732682 ], [ 0.295741022264806, 47.716199561466823 ], [ 0.29600723407391, 47.716191907358443 ], [ 0.296018576425214, 47.716371561956066 ], [ 0.295752363704057, 47.716379216112323 ], [ 0.295763705253622, 47.716558870750141 ], [ 0.295497491510089, 47.716566524337679 ] ], [ [ 0.296392193120997, 47.71384108806766 ], [ 0.296658392743279, 47.71383343273218 ], [ 0.296647049200535, 47.713653778170489 ], [ 0.296913247800563, 47.71364612226629 ], [ 0.296901903456231, 47.713466467744823 ], [ 0.29636950796968, 47.713481778840809 ], [ 0.296392193120997, 47.71384108806766 ] ], [ [ 0.29657899026089, 47.712575850638736 ], [ 0.296845183389556, 47.712568195021966 ], [ 0.29683383970721, 47.712388540454327 ], [ 0.296567647490404, 47.712396196023164 ], [ 0.29657899026089, 47.712575850638736 ] ] ] } },
{ "type": "Feature", "properties": { "surface_ha": 1.12 }, "geometry": { "type": "Polygon", "coordinates": [ [ [ 0.272598636714231, 47.712903013450905 ], [ 0.272587376235969, 47.712723354524336 ], [ 0.272054975335331, 47.712738552637852 ], [ 0.272043716790511, 47.712558893608573 ], [ 0.271777517087896, 47.712566491692918 ], [ 0.271755002150653, 47.712207173516205 ], [ 0.271488804162445, 47.712214770888849 ], [ 0.271477547769995, 47.712035111741478 ], [ 0.271211350584244, 47.712042708449985 ], [ 0.271200095213204, 47.711863049247398 ], [ 0.270933898829914, 47.711870645291775 ], [ 0.270911390240073, 47.711511326768559 ], [ 0.27064519557116, 47.711518922101298 ], [ 0.270656448899437, 47.711698581414289 ], [ 0.270124057409443, 47.711713770325105 ], [ 0.270112805904999, 47.711534110917064 ], [ 0.2703790007928, 47.711526516817457 ], [ 0.270367748485875, 47.711346857449279 ], [ 0.271432523294974, 47.711316475075229 ], [ 0.271443779249515, 47.711496134253302 ], [ 0.271976167821056, 47.711480939271752 ], [ 0.271987425708893, 47.711660598347052 ], [ 0.271455035313529, 47.711675793423694 ], [ 0.271466291487025, 47.711855452586384 ], [ 0.271732487651367, 47.711847855308868 ], [ 0.271743744846267, 47.712027514416356 ], [ 0.27200994181305, 47.712019916474688 ], [ 0.271998683706223, 47.711840257414714 ], [ 0.272264879651583, 47.711832658903973 ], [ 0.272298657036354, 47.712371635918231 ], [ 0.272831054070145, 47.712356436761716 ], [ 0.272864837912241, 47.712895413421627 ], [ 0.272598636714231, 47.712903013450905 ] ] ] } },
{ "type": "Feature", "properties": { "surface_ha": 9.86 }, "geometry": { "type": "Polygon", "coordinates": [ [ [ 0.262062745069873, 47.715003116833792 ], [ 0.262051519979642, 47.714823456084673 ], [ 0.261519092091002, 47.714838605817135 ], [ 0.261507868934155, 47.714658944965571 ], [ 0.261241655738191, 47.714666518859417 ], [ 0.261230433602602, 47.714486857952778 ], [ 0.260964221209581, 47.714494431182572 ], [ 0.26095300009523, 47.714314770220895 ], [ 0.260686788505156, 47.71432234278663 ], [ 0.260675568412026, 47.714142681769935 ], [ 0.260409357624905, 47.71415025367164 ], [ 0.260398138552977, 47.713970592599892 ], [ 0.260131928568805, 47.713978163837588 ], [ 0.260109492576434, 47.713618841576341 ], [ 0.259310867441666, 47.713641551305258 ], [ 0.259299652345295, 47.713461890021073 ], [ 0.259033444660915, 47.713469458650039 ], [ 0.258999802762389, 47.712930474609472 ], [ 0.259266007710663, 47.712922906122557 ], [ 0.259254793050608, 47.712743244807754 ], [ 0.259787200795884, 47.712728106078828 ], [ 0.259809633873152, 47.713087428511294 ], [ 0.26007583940619, 47.713079858127138 ], [ 0.260087057020498, 47.713259519284534 ], [ 0.260619469583309, 47.713244376571559 ], [ 0.2606306891308, 47.713424037626552 ], [ 0.261429309892671, 47.713401318790204 ], [ 0.261418087609076, 47.713221657877398 ], [ 0.261684293399377, 47.713214083746081 ], [ 0.261673070312908, 47.713034422872987 ], [ 0.262205479741982, 47.71301927285527 ], [ 0.262194254940646, 47.712839612069345 ], [ 0.262460458579413, 47.712832036182952 ], [ 0.262449232975251, 47.712652375436775 ], [ 0.262715435592835, 47.712644798981174 ], [ 0.262636853036962, 47.711387173875465 ], [ 0.26370163688038, 47.711356863214633 ], [ 0.263712866279976, 47.711536523777283 ], [ 0.263979062879745, 47.711528944523188 ], [ 0.263967832568216, 47.71134928400793 ], [ 0.264234028146828, 47.711341704184676 ], [ 0.264245259370286, 47.711521364652505 ], [ 0.26451145575159, 47.711513784165241 ], [ 0.264522687996222, 47.711693444577953 ], [ 0.26478888518022, 47.711685863426645 ], [ 0.264800118446041, 47.711865523784269 ], [ 0.265066316432728, 47.711857941968923 ], [ 0.265055082254961, 47.711678281658735 ], [ 0.265853672823577, 47.711655532655506 ], [ 0.265887383892221, 47.712194513136048 ], [ 0.266153583265699, 47.712186928759387 ], [ 0.266142345221569, 47.712007268654325 ], [ 0.26747333588949, 47.711969337759506 ], [ 0.26748457849338, 47.712148997627175 ], [ 0.267218379666502, 47.712156585086838 ], [ 0.267240863378398, 47.712515904894204 ], [ 0.266974662618255, 47.712523491832187 ], [ 0.26699714494355, 47.712882811703878 ], [ 0.266730942250108, 47.712890398120194 ], [ 0.26674218266476, 47.713070058091994 ], [ 0.266475978949995, 47.713077643939201 ], [ 0.266487218561969, 47.713257303950812 ], [ 0.266221013825877, 47.713264889228846 ], [ 0.266232252635152, 47.713444549280261 ], [ 0.26569984101101, 47.713459718081381 ], [ 0.265688604025771, 47.71328005793503 ], [ 0.264623783114116, 47.713310387947921 ], [ 0.264635016451264, 47.713490048284058 ], [ 0.264368810038158, 47.713497629293109 ], [ 0.264380042572529, 47.713677289669079 ], [ 0.263049004308226, 47.713715185702199 ], [ 0.263116374446692, 47.714793149219787 ], [ 0.262583947431563, 47.714808303885548 ], [ 0.262595174346009, 47.714987964539866 ], [ 0.262062745069873, 47.715003116833792 ] ], [ [ 0.262760342312639, 47.713363441730309 ], [ 0.263292754516315, 47.713348286589898 ], [ 0.263281525848525, 47.713168626008923 ], [ 0.262749115468897, 47.713183781054497 ], [ 0.262760342312639, 47.713363441730309 ] ], [ [ 0.263281525848525, 47.713168626008923 ], [ 0.264878754366033, 47.713123146073279 ], [ 0.264856286414015, 47.712763825457571 ], [ 0.264590083758214, 47.712771406893516 ], [ 0.264578850858089, 47.712591746526726 ], [ 0.264046447042717, 47.712606907453917 ], [ 0.26403521607581, 47.712427246984618 ], [ 0.263769014916251, 47.712434826475864 ], [ 0.263791475135323, 47.712794147501704 ], [ 0.263259068840581, 47.712809304824042 ], [ 0.263281525848525, 47.713168626008923 ] ] ] } },
{ "type": "Feature", "properties": { "surface_ha": 8.9 }, "geometry": { "type": "Polygon", "coordinates": [ [ [ 0.277304472798711, 47.715648257933189 ], [ 0.277293195062297, 47.715468599938426 ], [ 0.277559408077312, 47.715460988712671 ], [ 0.277548129538513, 47.715281330757875 ], [ 0.277281917435576, 47.715288941936024 ], [ 0.277259362511202, 47.714929625908162 ], [ 0.276993152122701, 47.714937236374404 ], [ 0.276959323294919, 47.7143982621322 ], [ 0.276693115532869, 47.714405871838942 ], [ 0.27665929042821, 47.71386689738484 ], [ 0.276393085292552, 47.713874506332125 ], [ 0.27638181138899, 47.713694848117797 ], [ 0.276115607055682, 47.713702456400839 ], [ 0.276070516185862, 47.712983823276332 ], [ 0.275804315390834, 47.712991430752375 ], [ 0.27581558703186, 47.713171089092612 ], [ 0.27528318328899, 47.713186302290062 ], [ 0.275271913471904, 47.713006643854605 ], [ 0.275538114486179, 47.712999037611795 ], [ 0.275526843866741, 47.71281937921627 ], [ 0.274994443552506, 47.712834590990155 ], [ 0.274960637823566, 47.712295615472009 ], [ 0.274694440237885, 47.712303220291268 ], [ 0.274683172792696, 47.712123561722308 ], [ 0.274416976009356, 47.712131165877423 ], [ 0.274394443271573, 47.711771848621275 ], [ 0.274660638231076, 47.711764244561344 ], [ 0.274638104107792, 47.711404927369706 ], [ 0.275170490050448, 47.711389717590471 ], [ 0.27515922132941, 47.71121005907829 ], [ 0.275691605009907, 47.711194846927988 ], [ 0.275680334574722, 47.711015188503367 ], [ 0.275946525338681, 47.711007581550952 ], [ 0.275957796685739, 47.71118723992798 ], [ 0.276223988251945, 47.711179632311428 ], [ 0.276235260620507, 47.711359290633183 ], [ 0.276501452988958, 47.711351682352458 ], [ 0.27651272637904, 47.711531340618919 ], [ 0.277843691135888, 47.711493289728708 ], [ 0.277877525642496, 47.712032263767789 ], [ 0.278143721000524, 47.712024651597147 ], [ 0.278188838859408, 47.712743283351244 ], [ 0.278455037755435, 47.71273567037349 ], [ 0.278488880037379, 47.713274643965569 ], [ 0.278755081559554, 47.71326703022828 ], [ 0.278766363451612, 47.713446688029322 ], [ 0.278500161017465, 47.713454301814252 ], [ 0.278545286035031, 47.71417293313219 ], [ 0.279077698089544, 47.71415770456457 ], [ 0.279122832158962, 47.714876335378534 ], [ 0.279389041669715, 47.714868719979172 ], [ 0.279400326373488, 47.715048377615815 ], [ 0.279134115950686, 47.715055993062805 ], [ 0.27914539985216, 47.715235650739423 ], [ 0.278879188407548, 47.715243265617445 ], [ 0.278890471506706, 47.715422923334053 ], [ 0.278358046464121, 47.715438151335441 ], [ 0.278346765189103, 47.71525849352355 ], [ 0.277814341531755, 47.715273718963054 ], [ 0.277836900543209, 47.715633034769716 ], [ 0.277304472798711, 47.715648257933189 ] ], [ [ 0.277248085213546, 47.71474996788271 ], [ 0.277514294580308, 47.714742356847459 ], [ 0.277503016480299, 47.714562698861982 ], [ 0.277236808025575, 47.714570309849613 ], [ 0.277248085213546, 47.71474996788271 ] ] ] } },
{ "type": "Feature", "properties": { "surface_ha": 16.32 }, "geometry": { "type": "Polygon", "coordinates": [ [ [ 0.328449884222141, 47.714714533514027 ], [ 0.328438431056109, 47.714534884757562 ], [ 0.328172236418557, 47.714542613896903 ], [ 0.32816078427576, 47.714362965084348 ], [ 0.327894590438669, 47.714370693558777 ], [ 0.327871688310874, 47.714011395813714 ], [ 0.327339303949919, 47.714026850719563 ], [ 0.327327854876716, 47.713847201738737 ], [ 0.326529280235645, 47.713870379328533 ], [ 0.326517834009235, 47.713690730194941 ], [ 0.32545306990993, 47.713721624823293 ], [ 0.325418742840246, 47.713182676796137 ], [ 0.325684931296613, 47.713174954208782 ], [ 0.325627717180594, 47.71227670758384 ], [ 0.324829165154199, 47.712299872771524 ], [ 0.324806285757227, 47.711940573777497 ], [ 0.325072468053815, 47.711932852761386 ], [ 0.325049587278417, 47.711573553833041 ], [ 0.325581947890909, 47.71155811014463 ], [ 0.325570505846688, 47.711378460765488 ], [ 0.326102864190655, 47.711363014707821 ], [ 0.326079976789281, 47.71100371611967 ], [ 0.326346153970947, 47.710995992262767 ], [ 0.326311820968576, 47.710457044467489 ], [ 0.326577995303942, 47.710449320139126 ], [ 0.326555105368896, 47.710090021666971 ], [ 0.326821277769672, 47.71008229681879 ], [ 0.326809832057476, 47.709902647619444 ], [ 0.32734217470183, 47.70988719617052 ], [ 0.327330727277706, 47.709707547060091 ], [ 0.327596897521279, 47.709699820459313 ], [ 0.327585449296877, 47.709520171389507 ], [ 0.327851618517506, 47.709512444220643 ], [ 0.327817271777537, 47.708973497109881 ], [ 0.328349604415238, 47.708958041212973 ], [ 0.328361055040376, 47.709137690160915 ], [ 0.328627222103771, 47.709129961239491 ], [ 0.328638673751851, 47.709309610131328 ], [ 0.328904841615464, 47.709301880545084 ], [ 0.328927747068923, 47.709661178208862 ], [ 0.329193916644346, 47.709653447909446 ], [ 0.329205370449753, 47.709833096681386 ], [ 0.329471540825394, 47.709825365717187 ], [ 0.329482995653808, 47.710005014432987 ], [ 0.329749166829665, 47.709997282803975 ], [ 0.329760622681101, 47.710176931463629 ], [ 0.330292966521817, 47.710161466259542 ], [ 0.330304424307924, 47.710341114814725 ], [ 0.330836769526183, 47.710325647048094 ], [ 0.330859689079245, 47.710684943941615 ], [ 0.331125863344485, 47.71067720903681 ], [ 0.331137324199842, 47.710856857423614 ], [ 0.33087114902295, 47.710864592376794 ], [ 0.330882609078108, 47.71104424080422 ], [ 0.331148785166658, 47.711036505802632 ], [ 0.33116024624494, 47.711216154173918 ], [ 0.330894069244719, 47.711223889223916 ], [ 0.33092845041328, 47.711762834436506 ], [ 0.330662270566542, 47.711770569015236 ], [ 0.330685190079453, 47.712129865881721 ], [ 0.330419008297842, 47.71213759994076 ], [ 0.330441926433101, 47.71249689687307 ], [ 0.330175742716587, 47.71250463041239 ], [ 0.330198659474137, 47.712863927410552 ], [ 0.329932473822687, 47.712871660430146 ], [ 0.329943931456857, 47.713051308965994 ], [ 0.329145371098656, 47.713074504470924 ], [ 0.329179736463721, 47.713613450467498 ], [ 0.328913546719474, 47.713621181214563 ], [ 0.328970819997034, 47.714519424629266 ], [ 0.328704625582271, 47.71452715500169 ], [ 0.328716079660152, 47.714706803709788 ], [ 0.328449884222141, 47.714714533514027 ] ] ] } },
{ "type": "Feature", "properties": { "surface_ha": 34.01 }, "geometry": { "type": "Polygon", "coordinates": [ [ [ 0.283341933617346, 47.718355177564185 ], [ 0.283285436914763, 47.717456893371711 ], [ 0.282220549636576, 47.717487388662867 ], [ 0.282231845108626, 47.717667045707557 ], [ 0.281433175759844, 47.717689910843823 ], [ 0.281388005476719, 47.716971282046664 ], [ 0.281121785789399, 47.716978902334631 ], [ 0.281076620912145, 47.716260273223895 ], [ 0.281609052879967, 47.716245032412772 ], [ 0.281597760111011, 47.716065375211244 ], [ 0.281863975018067, 47.716057753928389 ], [ 0.281852681446858, 47.715878096766879 ], [ 0.281054039132458, 47.715900958622434 ], [ 0.281042748407342, 47.715721301310168 ], [ 0.280510321472802, 47.715736539368599 ], [ 0.280487744000313, 47.715377224530393 ], [ 0.280221532192488, 47.715384842539237 ], [ 0.280187669543391, 47.714845870081305 ], [ 0.279921460361939, 47.714853487330565 ], [ 0.279910173943847, 47.714673829781574 ], [ 0.279643965564655, 47.714681446366541 ], [ 0.279632680168368, 47.714501788762192 ], [ 0.279898887635531, 47.714494172224889 ], [ 0.279876315348214, 47.714134857088503 ], [ 0.279610109705083, 47.71414247353048 ], [ 0.279598824638082, 47.713962815903102 ], [ 0.279332619797193, 47.713970431680814 ], [ 0.279310051816455, 47.713611116307717 ], [ 0.279043848689797, 47.713618731373501 ], [ 0.278998717693152, 47.712900100344619 ], [ 0.278732518104621, 47.712907714603219 ], [ 0.278721236541743, 47.712728056779149 ], [ 0.278987435218331, 47.712720442568191 ], [ 0.278976152853241, 47.712540784784103 ], [ 0.279774745488768, 47.712517938594736 ], [ 0.279797315800302, 47.712877253869316 ], [ 0.280329713989611, 47.712862019802813 ], [ 0.280341001133913, 47.713041677333266 ], [ 0.280607200975851, 47.71303405932747 ], [ 0.280618489141889, 47.713213716802564 ], [ 0.280352288387996, 47.713221334856037 ], [ 0.280363575751862, 47.71340099237112 ], [ 0.280097373976225, 47.713408609855655 ], [ 0.280108660537898, 47.713588267410735 ], [ 0.280374863225507, 47.713580649878544 ], [ 0.280408726305156, 47.714119622354701 ], [ 0.280142520881575, 47.714127240029917 ], [ 0.280165094992919, 47.714486555070955 ], [ 0.280431302240527, 47.714478937300434 ], [ 0.280420014217946, 47.714299279831394 ], [ 0.280686220443747, 47.714291661491913 ], [ 0.280697509378343, 47.714471318913262 ], [ 0.280963716406359, 47.714463699909466 ], [ 0.280907268271365, 47.713565412964307 ], [ 0.281173470629596, 47.713557793582304 ], [ 0.281139600330349, 47.713018821466093 ], [ 0.280873400707999, 47.713026440705079 ], [ 0.280862111739808, 47.712846783269967 ], [ 0.281128310450217, 47.712839164078666 ], [ 0.281105731019362, 47.712479849280768 ], [ 0.281371927796109, 47.71247222956827 ], [ 0.281383218368557, 47.712651886923375 ], [ 0.282448008025025, 47.712621401716696 ], [ 0.282436713804895, 47.712441744552343 ], [ 0.283767693844267, 47.712403624409497 ], [ 0.283778992623969, 47.712583281335291 ], [ 0.285376170516164, 47.712537516530624 ], [ 0.285364866265026, 47.712357859891171 ], [ 0.28589725619249, 47.712342600119179 ], [ 0.28588595022751, 47.712162943567563 ], [ 0.288281691250032, 47.71209424450339 ], [ 0.28815724262094, 47.710118026656787 ], [ 0.288423425487731, 47.710110390870241 ], [ 0.288412111724396, 47.709930734704017 ], [ 0.288145929769378, 47.709938370442785 ], [ 0.28813461702784, 47.709758714221117 ], [ 0.288400798071094, 47.709751078530125 ], [ 0.288389484527823, 47.709571422348517 ], [ 0.289454203953444, 47.709540873610649 ], [ 0.289442886873232, 47.709361217612532 ], [ 0.289709065542758, 47.709353578934603 ], [ 0.289720383534709, 47.709533234884915 ], [ 0.290252742367013, 47.709517955583983 ], [ 0.290264062292527, 47.709697611431025 ], [ 0.289997882019674, 47.709705251437541 ], [ 0.29003183972149, 47.710244219075911 ], [ 0.28976565660326, 47.710251858609347 ], [ 0.289822250415731, 47.71115013809186 ], [ 0.289556062628417, 47.711157777247784 ], [ 0.289590017501406, 47.711696744988416 ], [ 0.289323826868505, 47.71170438367119 ], [ 0.28935777999663, 47.712243351486038 ], [ 0.289890166623533, 47.712228073217126 ], [ 0.289912806240203, 47.712587384864015 ], [ 0.290179001212285, 47.712579744709117 ], [ 0.290190322097661, 47.712759400473232 ], [ 0.290456517871534, 47.712751759653933 ], [ 0.29046783977892, 47.712931415362569 ], [ 0.290734036354579, 47.712923773878885 ], [ 0.290756682323534, 47.713283085177409 ], [ 0.291022880612898, 47.713275442981519 ], [ 0.291045528846229, 47.713634754153624 ], [ 0.291311728849319, 47.713627111245501 ], [ 0.291323054043138, 47.713806766772215 ], [ 0.291589254848019, 47.713799123199692 ], [ 0.291600581063939, 47.713978778670857 ], [ 0.291866782670614, 47.713971134433905 ], [ 0.291889437256864, 47.714330445257502 ], [ 0.292155640577294, 47.714322800308295 ], [ 0.292178297428189, 47.714682111005459 ], [ 0.291912092283802, 47.714689756050319 ], [ 0.291923419962532, 47.714869411435217 ], [ 0.291657213795973, 47.71487705591133 ], [ 0.291645887029239, 47.714697400478592 ], [ 0.291113476189627, 47.714712687485367 ], [ 0.291102151357032, 47.714533031949308 ], [ 0.289771126890526, 47.71457123843642 ], [ 0.289737166733236, 47.714032271064873 ], [ 0.289470964245528, 47.71403991036906 ], [ 0.289459645325258, 47.713860254515339 ], [ 0.289193443639421, 47.713867893155133 ], [ 0.289159490274968, 47.713328925404511 ], [ 0.288893291214891, 47.713336563284329 ], [ 0.288904607981029, 47.713516219256668 ], [ 0.288638407898947, 47.71352385656769 ], [ 0.288672356121901, 47.71406282458203 ], [ 0.288406153193889, 47.714070461419816 ], [ 0.288428784068878, 47.714429773486515 ], [ 0.288162579206848, 47.714437409803253 ], [ 0.288173893897435, 47.714617065872858 ], [ 0.287907688013362, 47.714624701620778 ], [ 0.287919001901992, 47.714804357730458 ], [ 0.287652794995872, 47.714811992909553 ], [ 0.287664108082529, 47.71499164905935 ], [ 0.287397900154361, 47.714999283669592 ], [ 0.287375275915102, 47.714639971266791 ], [ 0.287109069700932, 47.714647605164892 ], [ 0.287075136903186, 47.714108636359754 ], [ 0.287341340381382, 47.714101002604977 ], [ 0.287307405837832, 47.713562033873963 ], [ 0.28757360647012, 47.713554399645901 ], [ 0.287550982167282, 47.713195087215659 ], [ 0.286752385412036, 47.713217987763507 ], [ 0.286741076161437, 47.713038331393534 ], [ 0.285942481152038, 47.713061226248868 ], [ 0.285953787666838, 47.713240882762065 ], [ 0.285687588198491, 47.713248513195104 ], [ 0.285698893911316, 47.713428169748333 ], [ 0.285432693421064, 47.713435799612533 ], [ 0.285466608483411, 47.713974769369457 ], [ 0.285200405147313, 47.713982398760258 ], [ 0.285223013914682, 47.714341711988631 ], [ 0.284956808644658, 47.714349340858305 ], [ 0.284968112281265, 47.714528997508687 ], [ 0.285234318463289, 47.714521368591271 ], [ 0.285245623121847, 47.714701025186251 ], [ 0.284979416027813, 47.71470865415138 ], [ 0.285002023850742, 47.715067967413738 ], [ 0.285800650275115, 47.715045078381991 ], [ 0.285811957087606, 47.715224734858403 ], [ 0.28661058525832, 47.715201840133751 ], [ 0.286621894916906, 47.715381496459223 ], [ 0.287154314971467, 47.715366230130783 ], [ 0.287176938266846, 47.715725542567611 ], [ 0.286910726470472, 47.715733176135693 ], [ 0.286922037371132, 47.715912832390345 ], [ 0.286655824552678, 47.715920465389544 ], [ 0.286667134651279, 47.716100121684264 ], [ 0.286400920810748, 47.716107754114603 ], [ 0.286412230107272, 47.716287410449397 ], [ 0.286146015244656, 47.716295042310804 ], [ 0.286168632343515, 47.716654355052874 ], [ 0.285902415546709, 47.71666198639317 ], [ 0.285925031261305, 47.717021299199992 ], [ 0.285658812530278, 47.717028930019119 ], [ 0.285670119640428, 47.717208586458767 ], [ 0.285403899887291, 47.717216216708955 ], [ 0.285415206195277, 47.717395873188643 ], [ 0.285148985420024, 47.717403502869907 ], [ 0.285171596541605, 47.717762815901764 ], [ 0.284905373832073, 47.717770445061817 ], [ 0.284916678645641, 47.717950101613937 ], [ 0.284384231072368, 47.717965358179477 ], [ 0.284395534171533, 47.718145014819399 ], [ 0.284129309307795, 47.718152642224879 ], [ 0.28414061160471, 47.718332298904834 ], [ 0.283341933617346, 47.718355177564185 ] ], [ [ 0.283659678205037, 47.71492644660146 ], [ 0.283925886760727, 47.714918820671699 ], [ 0.283914586552326, 47.714739163845771 ], [ 0.283648378908662, 47.714746789727819 ], [ 0.283659678205037, 47.71492644660146 ] ], [ [ 0.281705875016618, 47.713542552968455 ], [ 0.283036884062027, 47.713504440643355 ], [ 0.283025587468723, 47.713324783612812 ], [ 0.282493186004035, 47.713340030297267 ], [ 0.282481891344507, 47.713160373163639 ], [ 0.281949491264314, 47.713175617286282 ], [ 0.281960784099935, 47.713355274515266 ], [ 0.281694582983127, 47.71336289569944 ], [ 0.281705875016618, 47.713542552968455 ] ], [ [ 0.289159490274968, 47.713328925404511 ], [ 0.289425689224968, 47.713321286908119 ], [ 0.289414370745043, 47.713141631023653 ], [ 0.289148172706969, 47.713149269472268 ], [ 0.289159490274968, 47.713328925404511 ] ], [ [ 0.288293005421977, 47.712273900625135 ], [ 0.288825392929419, 47.712258627288691 ], [ 0.28881407693372, 47.712078971262564 ], [ 0.288281691250032, 47.71209424450339 ], [ 0.288293005421977, 47.712273900625135 ] ] ] } },
{ "type": "Feature", "properties": { "surface_ha": 2.87 }, "geometry": { "type": "Polygon", "coordinates": [ [ [ 0.273363450665834, 47.712341235138823 ], [ 0.273352187780311, 47.712161576331987 ], [ 0.2728197930085, 47.712176777859753 ], [ 0.272797271213782, 47.71181746003279 ], [ 0.272531075487439, 47.71182505977665 ], [ 0.272519815666279, 47.71164540080413 ], [ 0.272253620742337, 47.711652999883896 ], [ 0.272242361942594, 47.711473340856131 ], [ 0.271976167821056, 47.711480939271752 ], [ 0.271953652373863, 47.711121621098165 ], [ 0.271687459966626, 47.711129218802121 ], [ 0.271676203319146, 47.710949559656264 ], [ 0.270877628176236, 47.71097234892617 ], [ 0.27084386709748, 47.710433371014808 ], [ 0.269246730270377, 47.710478932052013 ], [ 0.269235482267496, 47.71029927244782 ], [ 0.268969293325232, 47.710306863748563 ], [ 0.268980540416255, 47.71048652340027 ], [ 0.268181970197596, 47.710509293745709 ], [ 0.268136993432022, 47.709790654522877 ], [ 0.269201738915213, 47.70976029358917 ], [ 0.269212986589915, 47.709939953216377 ], [ 0.270277733970171, 47.70990958222793 ], [ 0.270288985401622, 47.710089241657428 ], [ 0.270555172884976, 47.710081647321438 ], [ 0.270566425337703, 47.710261306695756 ], [ 0.271364989866628, 47.710238519845916 ], [ 0.271376245164346, 47.710418179069954 ], [ 0.271642434033584, 47.710410582172713 ], [ 0.271653690352627, 47.710590241341578 ], [ 0.272186069586376, 47.710575045602319 ], [ 0.272197327838623, 47.710754704668418 ], [ 0.272463518203121, 47.710747105826414 ], [ 0.272486036859861, 47.711106423840526 ], [ 0.273018420907826, 47.711091224116608 ], [ 0.273040943650161, 47.711450541909798 ], [ 0.273307137333637, 47.711442941027876 ], [ 0.273318399780996, 47.7116225998654 ], [ 0.273584594266838, 47.711614998319334 ], [ 0.273595857735646, 47.711794657101599 ], [ 0.273862053023848, 47.711787054891424 ], [ 0.273873317514122, 47.711966713618502 ], [ 0.273607121314002, 47.711974315876255 ], [ 0.273629648799367, 47.712333633402494 ], [ 0.273363450665834, 47.712341235138823 ] ], [ [ 0.271676203319146, 47.710949559656264 ], [ 0.271942394814502, 47.71094196199985 ], [ 0.27193113736463, 47.710762302893862 ], [ 0.271664946781147, 47.710769900502747 ], [ 0.271676203319146, 47.710949559656264 ] ] ] } },
{ "type": "Feature", "properties": { "surface_ha": 1.84 }, "geometry": { "type": "Polygon", "coordinates": [ [ [ 0.259232364057723, 47.712383922155183 ], [ 0.259221149724891, 47.712204260817437 ], [ 0.258688747015316, 47.712219396795732 ], [ 0.258655110143092, 47.711680412452417 ], [ 0.258388911360647, 47.711687979374588 ], [ 0.258332856647624, 47.710789671745921 ], [ 0.258066662315849, 47.710797237814774 ], [ 0.25805545261227, 47.710617576218745 ], [ 0.257789259083384, 47.710625141623659 ], [ 0.257744425006873, 47.709906494973659 ], [ 0.259075373323115, 47.709868662730237 ], [ 0.259086586238121, 47.710048324167481 ], [ 0.258820395881069, 47.710055891896658 ], [ 0.258842820214467, 47.710415214842882 ], [ 0.259109012395297, 47.710407647018982 ], [ 0.25909779926218, 47.710227985597065 ], [ 0.259363990422061, 47.710220417203949 ], [ 0.259386418621147, 47.71057973994548 ], [ 0.259120225637472, 47.710587308433276 ], [ 0.259198721386443, 47.711844938118958 ], [ 0.259464920753674, 47.71183736929963 ], [ 0.2594985661609, 47.712376353193754 ], [ 0.259232364057723, 47.712383922155183 ] ], [ [ 0.25803303353218, 47.710258253003744 ], [ 0.258565416615258, 47.710243120533548 ], [ 0.25855420541497, 47.710063459009255 ], [ 0.258021824155669, 47.710078591384743 ], [ 0.25803303353218, 47.710258253003744 ] ] ] } },
{ "type": "Feature", "properties": { "surface_ha": 1.52 }, "geometry": { "type": "Polygon", "coordinates": [ [ [ 0.255149717253919, 47.711060085986254 ], [ 0.255127317800152, 47.710700761760791 ], [ 0.254861123072584, 47.710708320383283 ], [ 0.254849924421015, 47.710528658211736 ], [ 0.254317536462981, 47.710543773512384 ], [ 0.254306339744162, 47.710364111238633 ], [ 0.254040146513708, 47.710371667916803 ], [ 0.254028950815698, 47.710192005588091 ], [ 0.253496565851957, 47.710207117000103 ], [ 0.253485372086638, 47.710027454569179 ], [ 0.253219180353363, 47.710035009303027 ], [ 0.253207987608809, 47.709855346817257 ], [ 0.252941796678571, 47.709862900887217 ], [ 0.252930604954763, 47.709683238346521 ], [ 0.253196794973111, 47.709675684323784 ], [ 0.253174410028291, 47.709316359313945 ], [ 0.253440598114036, 47.709308804769179 ], [ 0.253429404893047, 47.709129142300043 ], [ 0.253961778914221, 47.709114031455428 ], [ 0.253972973958927, 47.709293693829999 ], [ 0.254505349368295, 47.709278580424552 ], [ 0.254550137930963, 47.709997229468058 ], [ 0.254816329119806, 47.709989671651321 ], [ 0.254838725878363, 47.710348996032579 ], [ 0.255104918782093, 47.710341437504688 ], [ 0.25511611823666, 47.710521099636551 ], [ 0.255382311943379, 47.710513540444779 ], [ 0.255415913696429, 47.711052526652601 ], [ 0.255149717253919, 47.711060085986254 ] ] ] } },
{ "type": "Feature", "properties": { "surface_ha": 11.85 }, "geometry": { "type": "Polygon", "coordinates": [ [ [ 0.326011317256139, 47.709925820169559 ], [ 0.325976988991924, 47.709386872090079 ], [ 0.326243157968823, 47.709379148668134 ], [ 0.326231714525051, 47.709199499341167 ], [ 0.325965546459747, 47.709207222714781 ], [ 0.325954104038851, 47.709027573331788 ], [ 0.325687936773858, 47.709035296040618 ], [ 0.325699378283165, 47.709214945471999 ], [ 0.325433209995313, 47.709222667612721 ], [ 0.325398888535942, 47.708683719150564 ], [ 0.325132722871577, 47.708691440529932 ], [ 0.325121283519201, 47.708511790978726 ], [ 0.324588953679871, 47.708527231791635 ], [ 0.324577516261859, 47.708347582136135 ], [ 0.325642171849301, 47.708316698237908 ], [ 0.325653612913542, 47.708496347700212 ], [ 0.326452106170547, 47.708473178159267 ], [ 0.32644066237165, 47.708293528841949 ], [ 0.32670682565653, 47.70828580447715 ], [ 0.326661047927712, 47.707567207323933 ], [ 0.326394888288941, 47.707574931495401 ], [ 0.326417775107721, 47.707934230184136 ], [ 0.326151613534626, 47.707941953835864 ], [ 0.326163056199413, 47.708121603216988 ], [ 0.325630730896324, 47.708137048767902 ], [ 0.325619290054608, 47.707957399290166 ], [ 0.325885451850252, 47.707949676871209 ], [ 0.32587401020827, 47.707770027434073 ], [ 0.325607849324153, 47.707777749804677 ], [ 0.325584968197018, 47.707418450810536 ], [ 0.325318809024674, 47.707426172468111 ], [ 0.325295930165562, 47.707066873346392 ], [ 0.325029772704968, 47.707074594290965 ], [ 0.325018334353765, 47.706894944670204 ], [ 0.324486020921855, 47.706910384613593 ], [ 0.324474584504848, 47.706730734888467 ], [ 0.323409959952429, 47.706761607185506 ], [ 0.323398527292534, 47.706581957259473 ], [ 0.322866216172165, 47.706597389613144 ], [ 0.322854785446386, 47.706417739582839 ], [ 0.322588630630928, 47.706425454786832 ], [ 0.322600060445232, 47.706605104865432 ], [ 0.322333904607151, 47.706612819501281 ], [ 0.322345333621126, 47.706792469620424 ], [ 0.322079176760413, 47.706800183688223 ], [ 0.322090604974043, 47.706979833847868 ], [ 0.322356762746246, 47.706972119731823 ], [ 0.322368191982513, 47.707151769835498 ], [ 0.323166667366702, 47.707128623644188 ], [ 0.32315523539594, 47.706948973685385 ], [ 0.323953707045079, 47.706925822091456 ], [ 0.323965141750326, 47.707105471905415 ], [ 0.324231299655808, 47.707097753426403 ], [ 0.324254171222911, 47.707457052934558 ], [ 0.323988011494418, 47.707464771510175 ], [ 0.323999446533269, 47.707644421300941 ], [ 0.323733285782054, 47.707652139308472 ], [ 0.323744720020581, 47.707831789139824 ], [ 0.323478558246639, 47.707839506579219 ], [ 0.323489991684825, 47.708019156451137 ], [ 0.321893013237264, 47.708065448432798 ], [ 0.321881585268336, 47.707885798271228 ], [ 0.321083097278735, 47.707908935795729 ], [ 0.3210602471435, 47.707549635159886 ], [ 0.320794086081147, 47.707557346338746 ], [ 0.32077123821338, 47.707198045575481 ], [ 0.320505078862975, 47.707205756041432 ], [ 0.320459388106553, 47.706487154229244 ], [ 0.320725543810973, 47.706479443956262 ], [ 0.320714120488099, 47.706299793532125 ], [ 0.321246429740722, 47.706284371233558 ], [ 0.32125785488654, 47.706464021561182 ], [ 0.321790165517678, 47.706448596700575 ], [ 0.321767311691289, 47.706089296230601 ], [ 0.321501158254204, 47.70609700887259 ], [ 0.321489732419145, 47.705917358577757 ], [ 0.322820493936009, 47.705878789445535 ], [ 0.322809063654863, 47.705699139384315 ], [ 0.323341365660713, 47.705683707513451 ], [ 0.323352797764727, 47.705863357478115 ], [ 0.323885101148749, 47.705847923045262 ], [ 0.323896535186819, 47.706027572905619 ], [ 0.324428839948951, 47.706012135910697 ], [ 0.324417404088008, 47.70583248614696 ], [ 0.324683555390827, 47.705824766773233 ], [ 0.324694992163209, 47.706004416488717 ], [ 0.324961144266244, 47.70599669645037 ], [ 0.324949706582429, 47.705817046783196 ], [ 0.325215857662807, 47.705809326176791 ], [ 0.325204419178793, 47.705629676550195 ], [ 0.327067467246414, 47.705575615385655 ], [ 0.327078912110357, 47.705755264674018 ], [ 0.327345062300607, 47.70574753913678 ], [ 0.32740229284701, 47.706645785220644 ], [ 0.327668447483142, 47.706638058825334 ], [ 0.327737133281083, 47.707715953580653 ], [ 0.327470973176029, 47.707723680266028 ], [ 0.32745952617623, 47.707544031111141 ], [ 0.326927207455189, 47.70755948253607 ], [ 0.326938652631964, 47.707739131787633 ], [ 0.327204812959653, 47.707731406335014 ], [ 0.327273491826976, 47.708809301391994 ], [ 0.327007326030031, 47.708817027134636 ], [ 0.327064556922807, 47.709715273044431 ], [ 0.32679838645659, 47.70972299841236 ], [ 0.326809832057476, 47.709902647619444 ], [ 0.326011317256139, 47.709925820169559 ] ], [ [ 0.322923371468496, 47.70749563964872 ], [ 0.323189531641751, 47.707487923538679 ], [ 0.323178099448638, 47.707308273595302 ], [ 0.322911940186899, 47.707315989657076 ], [ 0.322923371468496, 47.70749563964872 ] ] ] } },
{ "type": "Feature", "properties": { "surface_ha": 3.67 }, "geometry": { "type": "Polygon", "coordinates": [ [ [ 0.259319135332667, 47.709501771629149 ], [ 0.259296708442337, 47.709142448795859 ], [ 0.259030522753628, 47.709150016904786 ], [ 0.259008098123183, 47.708790693946149 ], [ 0.258741914149079, 47.708798261343851 ], [ 0.258708280756672, 47.708259276706436 ], [ 0.258442099408955, 47.708266843345527 ], [ 0.258430889408009, 47.708087181737071 ], [ 0.258164708863058, 47.708094747712316 ], [ 0.258153499882917, 47.70791508604885 ], [ 0.258419679516088, 47.707907520120983 ], [ 0.258408469733188, 47.707727858497229 ], [ 0.258674648345564, 47.707720292000175 ], [ 0.258652227283308, 47.707360968824425 ], [ 0.259450756995692, 47.707338265918267 ], [ 0.259461970207562, 47.707517927367917 ], [ 0.258929615351509, 47.707533063349892 ], [ 0.258963250170836, 47.708072047937044 ], [ 0.259495610497499, 47.70805691167093 ], [ 0.259506824145593, 47.708236573089977 ], [ 0.259773005057126, 47.708229003984734 ], [ 0.259784219726073, 47.708408665348784 ], [ 0.260050401440328, 47.708401095579667 ], [ 0.260027970387928, 47.708041772938714 ], [ 0.259761790497247, 47.70804934261308 ], [ 0.259750576046437, 47.707869681233767 ], [ 0.260016755025342, 47.707862111606758 ], [ 0.259971894665738, 47.70714346620241 ], [ 0.260238069888567, 47.707135896148387 ], [ 0.260249285726599, 47.707315557463559 ], [ 0.260781637668488, 47.70730041541124 ], [ 0.260792855439086, 47.70748007662403 ], [ 0.261059032158131, 47.707472504625734 ], [ 0.26107025094958, 47.707652165783458 ], [ 0.260804073318783, 47.707659737829175 ], [ 0.260815291307582, 47.707839399026653 ], [ 0.261347648283581, 47.707824254224008 ], [ 0.26137008823557, 47.708183576406462 ], [ 0.261636268383436, 47.708176002985589 ], [ 0.26168115324407, 47.708894647069116 ], [ 0.261947336929987, 47.708887072842138 ], [ 0.261969781838758, 47.709246394743154 ], [ 0.261703596329198, 47.709253969064953 ], [ 0.261692374732066, 47.709074308070825 ], [ 0.261426190025192, 47.7090818817287 ], [ 0.261448631504931, 47.709441203803998 ], [ 0.261182444865264, 47.709448776940079 ], [ 0.261160005209192, 47.709089454769988 ], [ 0.260627635249841, 47.709104599002934 ], [ 0.260616417409129, 47.708924937811673 ], [ 0.259817864387337, 47.708947649394908 ], [ 0.259829079492573, 47.709127310728306 ], [ 0.260095264854083, 47.709119740769736 ], [ 0.26010648098023, 47.709299402048103 ], [ 0.259840294706884, 47.70930697205408 ], [ 0.259851510030271, 47.709486633372187 ], [ 0.259319135332667, 47.709501771629149 ] ], [ [ 0.260560329842054, 47.70802663174041 ], [ 0.26082650940548, 47.708019060216472 ], [ 0.260815291307582, 47.707839399026653 ], [ 0.260549112655925, 47.707846970503198 ], [ 0.260560329842054, 47.70802663174041 ] ] ] } },
{ "type": "Feature", "properties": { "surface_ha": 1.72 }, "geometry": { "type": "Polygon", "coordinates": [ [ [ 0.287211670428729, 47.707805397072704 ], [ 0.287200361742342, 47.707625740615484 ], [ 0.286668020546869, 47.707641005302641 ], [ 0.286645407150635, 47.707281692174064 ], [ 0.287177744699505, 47.707266427677965 ], [ 0.287166436343054, 47.707086771197666 ], [ 0.287432604040895, 47.7070791380727 ], [ 0.287376059350184, 47.706180855794734 ], [ 0.287642222380005, 47.706173222292158 ], [ 0.287653532009777, 47.706352878715343 ], [ 0.288718186675457, 47.706322338349537 ], [ 0.288774754706406, 47.70722061939469 ], [ 0.288508586646944, 47.707228255649703 ], [ 0.288519899671579, 47.707407911883443 ], [ 0.288253730590459, 47.707415547569781 ], [ 0.288265042813469, 47.707595203843638 ], [ 0.287998872710687, 47.7076028389613 ], [ 0.288010184132055, 47.707782495275232 ], [ 0.287211670428729, 47.707805397072704 ] ] ] } },
{ "type": "Feature", "properties": { "surface_ha": 10.26 }, "geometry": { "type": "Polygon", "coordinates": [ [ [ 0.329969511956048, 47.709270956035944 ], [ 0.329946599655497, 47.708911658728219 ], [ 0.330212765138992, 47.708903926156665 ], [ 0.330189851460973, 47.708544628914751 ], [ 0.330456015009942, 47.708536895823549 ], [ 0.330444557426518, 47.708357247239341 ], [ 0.329912232040244, 47.708372712708631 ], [ 0.329900776391305, 47.70819306401993 ], [ 0.330699261568995, 47.708169865036616 ], [ 0.330687803296896, 47.707990216485335 ], [ 0.329623159816579, 47.708021147036781 ], [ 0.32960025089874, 47.707661849523987 ], [ 0.32933409157318, 47.707669580524083 ], [ 0.329299731766328, 47.70713063405173 ], [ 0.329033575063859, 47.707138364290337 ], [ 0.32899921899381, 47.706599417603229 ], [ 0.328733064914375, 47.706607147080391 ], [ 0.328721614025206, 47.706427498120838 ], [ 0.328987767193194, 47.706419768692051 ], [ 0.328976315503941, 47.706240119773121 ], [ 0.32950861968294, 47.706224659163183 ], [ 0.329497166282193, 47.70604501033327 ], [ 0.330029468192814, 47.706029547354667 ], [ 0.330018013080609, 47.705849898613749 ], [ 0.330284162957415, 47.705842166248303 ], [ 0.330272707045197, 47.705662517548035 ], [ 0.330538855899192, 47.705654784614637 ], [ 0.330527399186982, 47.705475135955012 ], [ 0.330793547018171, 47.705467402453628 ], [ 0.330805004641777, 47.705647051064851 ], [ 0.331071153272939, 47.705639316898754 ], [ 0.331059694737939, 47.705459668335926 ], [ 0.331591989843183, 47.705444198251499 ], [ 0.331580529596844, 47.705264549777731 ], [ 0.332378968684708, 47.705241340173785 ], [ 0.3323675058157, 47.705061691837471 ], [ 0.332633651044023, 47.705053954118576 ], [ 0.332645114824399, 47.705233602406452 ], [ 0.332911260852611, 47.705225864022815 ], [ 0.332888331580612, 47.704866567536158 ], [ 0.333952907287616, 47.704835608225693 ], [ 0.333941439173462, 47.704655960164473 ], [ 0.334473724535191, 47.704640476908203 ], [ 0.334485194472029, 47.704820124872555 ], [ 0.334751337896932, 47.704812382271498 ], [ 0.33477427992793, 47.70517167808007 ], [ 0.335040425063988, 47.705163934765828 ], [ 0.335051897158176, 47.705343582610055 ], [ 0.335318043094039, 47.705335838630994 ], [ 0.335329516211159, 47.705515486418996 ], [ 0.335063369363923, 47.705523230446524 ], [ 0.335109259302546, 47.706241821714983 ], [ 0.334843108698167, 47.706249565319951 ], [ 0.334866052514031, 47.706608861004632 ], [ 0.334599899975246, 47.706616604090158 ], [ 0.334611371139083, 47.70679625196933 ], [ 0.333014448095438, 47.706842697829565 ], [ 0.33300298240025, 47.70666304965976 ], [ 0.332470675649831, 47.706678526585421 ], [ 0.332482139522125, 47.706858174852037 ], [ 0.331949830502878, 47.706873649409083 ], [ 0.331984217319857, 47.707412594452975 ], [ 0.331718059908624, 47.707420330952154 ], [ 0.331706598436307, 47.707240682563544 ], [ 0.331440441825092, 47.707248418397938 ], [ 0.331451902385929, 47.707428066834979 ], [ 0.331185744751784, 47.707435802101401 ], [ 0.331197204512579, 47.707615450579098 ], [ 0.330664887086984, 47.70763091935958 ], [ 0.330676345136226, 47.70781056792633 ], [ 0.331474823841959, 47.707787363685824 ], [ 0.331497745743807, 47.708146660505712 ], [ 0.331231584463648, 47.708154395965735 ], [ 0.331220124368514, 47.707974747511265 ], [ 0.330953963888422, 47.707982482306512 ], [ 0.330976882367099, 47.708341779304497 ], [ 0.331243044670231, 47.70833404441246 ], [ 0.331254504988267, 47.70851369285144 ], [ 0.330722178447488, 47.708529162115923 ], [ 0.33075655460098, 47.709068107676813 ], [ 0.330224222145129, 47.709083574766012 ], [ 0.330235679262684, 47.709263223367593 ], [ 0.329969511956048, 47.709270956035944 ] ] ] } },
{ "type": "Feature", "properties": { "surface_ha": 5.63 }, "geometry": { "type": "Polygon", "coordinates": [ [ [ 0.241672455077019, 47.708742298659374 ], [ 0.241661302521507, 47.708562634075719 ], [ 0.241395115125889, 47.708570161208563 ], [ 0.24138396359071, 47.708390496570161 ], [ 0.241117776998504, 47.708398023039344 ], [ 0.24110662648364, 47.70821835834623 ], [ 0.240840440694846, 47.708225884151766 ], [ 0.240829291200279, 47.708046219403919 ], [ 0.240296921121089, 47.708061269071095 ], [ 0.240230037372686, 47.706983279858804 ], [ 0.240762396510008, 47.706968230756665 ], [ 0.24074009914736, 47.706608901146545 ], [ 0.241272454203829, 47.706593849766655 ], [ 0.241294755213615, 47.706953179188368 ], [ 0.243956542223468, 47.706877884355187 ], [ 0.243967702008925, 47.70705754858345 ], [ 0.2442338810249, 47.707050015662084 ], [ 0.244245041830683, 47.707229679835571 ], [ 0.244511221649902, 47.707222146250558 ], [ 0.24452238347603, 47.707401810369262 ], [ 0.244788564098491, 47.707394276120574 ], [ 0.244799726944982, 47.707573940184503 ], [ 0.245065908370682, 47.707566405272104 ], [ 0.245088236213, 47.707925733282771 ], [ 0.244822052963663, 47.70793326828948 ], [ 0.244833216135856, 47.708112932330494 ], [ 0.244567031866118, 47.708120466767788 ], [ 0.244555869605758, 47.707940802679602 ], [ 0.244289686139292, 47.7079483364532 ], [ 0.24430084748782, 47.70812800058853 ], [ 0.24376847840557, 47.708143066380359 ], [ 0.24377963803896, 47.708322730602319 ], [ 0.243513452423183, 47.708330262620542 ], [ 0.243535770191854, 47.708689591135823 ], [ 0.241672455077019, 47.708742298659374 ] ] ] } },
{ "type": "Feature", "properties": { "surface_ha": 70.13 }, "geometry": { "type": "Polygon", "coordinates": [ [ [ 0.243527901811254, 47.71714886926155 ], [ 0.243516739594856, 47.716969205272186 ], [ 0.243250509874304, 47.716976737702929 ], [ 0.243239348678752, 47.716797073658825 ], [ 0.242973119761912, 47.716804605425679 ], [ 0.242961959587192, 47.716624941326799 ], [ 0.242695731474065, 47.716632472429794 ], [ 0.242684572320158, 47.716452808276131 ], [ 0.242418345010748, 47.716460338715265 ], [ 0.242396028853058, 47.716101010290842 ], [ 0.241863577557639, 47.716116069130415 ], [ 0.241897046483448, 47.716655062038328 ], [ 0.241630817936196, 47.716662590674353 ], [ 0.241597351747154, 47.716123597625099 ], [ 0.241331125828163, 47.716131125503082 ], [ 0.241353434687845, 47.71649045430442 ], [ 0.241087206835848, 47.716497981659863 ], [ 0.241098360516169, 47.716677646096194 ], [ 0.240565902662175, 47.716692699051066 ], [ 0.240543599059086, 47.716333369982394 ], [ 0.240809826215792, 47.716325843907498 ], [ 0.240787521222088, 47.715966514902512 ], [ 0.24052129588988, 47.715974040883189 ], [ 0.240510144467981, 47.715794376322158 ], [ 0.239711470557285, 47.715816950422578 ], [ 0.239700321980538, 47.715637285712639 ], [ 0.240232769538334, 47.715622237023247 ], [ 0.240221619245587, 47.715442572399851 ], [ 0.239689173512236, 47.715457620995075 ], [ 0.239678025152368, 47.715277956269865 ], [ 0.239411803035244, 47.71528547959533 ], [ 0.239422950482898, 47.715465144367613 ], [ 0.238890504098943, 47.715480189262514 ], [ 0.238879358475721, 47.715300524396085 ], [ 0.238613136033338, 47.715308045871396 ], [ 0.238601991430736, 47.715128380950254 ], [ 0.238335769792162, 47.715135901761791 ], [ 0.238313482736551, 47.714776571802545 ], [ 0.237781042783035, 47.71479161138727 ], [ 0.237769901242185, 47.714611946302057 ], [ 0.238568558273326, 47.714589386141142 ], [ 0.238546270043701, 47.714230056230257 ], [ 0.239344920626268, 47.714207490801478 ], [ 0.239333773937583, 47.714027825975805 ], [ 0.239067558097289, 47.714035348355019 ], [ 0.239056412429169, 47.713855683474655 ], [ 0.239322627357317, 47.713848161142515 ], [ 0.239311480885469, 47.713668496301558 ], [ 0.238779052745035, 47.713683540255012 ], [ 0.238767908205856, 47.713503875312327 ], [ 0.238501694885166, 47.713511396316981 ], [ 0.238479407956235, 47.713152066314557 ], [ 0.238745619452693, 47.713144545404035 ], [ 0.238734475238702, 47.71296488043847 ], [ 0.239000685714664, 47.712957358958356 ], [ 0.238989540696973, 47.712777694032198 ], [ 0.239255750152441, 47.712770171982491 ], [ 0.23924460433107, 47.712590507095776 ], [ 0.238978395787684, 47.712598029098437 ], [ 0.238967250986796, 47.712418364157053 ], [ 0.238434835398988, 47.712433406218224 ], [ 0.238412549770651, 47.712074076124281 ], [ 0.238146343638299, 47.712081596135782 ], [ 0.238135201898748, 47.711901931030312 ], [ 0.237868996570082, 47.711909450378094 ], [ 0.237857855850943, 47.711729785217933 ], [ 0.238124060267566, 47.711722265917217 ], [ 0.23811291874475, 47.711542600796513 ], [ 0.238911528608288, 47.711520039335646 ], [ 0.238900384457764, 47.711340374348488 ], [ 0.239166586616819, 47.711332852675348 ], [ 0.239177731679363, 47.711512517615439 ], [ 0.239710137496306, 47.711497472325107 ], [ 0.239698990609723, 47.711317807479126 ], [ 0.240231394168964, 47.711302759816441 ], [ 0.240220245566783, 47.711123095057026 ], [ 0.239421642801321, 47.711145665484928 ], [ 0.239399351394228, 47.710786335660714 ], [ 0.239665550600474, 47.710778812895533 ], [ 0.239643257803039, 47.710419483134991 ], [ 0.239909455076919, 47.710411959847349 ], [ 0.239887160889204, 47.710052630150443 ], [ 0.239620965439243, 47.710060153343953 ], [ 0.239609819419955, 47.709880488436987 ], [ 0.238278845103972, 47.709918094920035 ], [ 0.238301128131407, 47.710277425196999 ], [ 0.237768733998582, 47.710292463662249 ], [ 0.2377798738509, 47.710472128883389 ], [ 0.235650285690613, 47.710532258456197 ], [ 0.235683684009736, 47.711071255202732 ], [ 0.235417482266351, 47.71107876876561 ], [ 0.235484276355974, 47.71215676233497 ], [ 0.236016690678964, 47.71214173402835 ], [ 0.236005556235874, 47.711962068546555 ], [ 0.237336585587683, 47.71192448722374 ], [ 0.237358863702802, 47.712283817709327 ], [ 0.237625071072296, 47.712276299500772 ], [ 0.237647351444945, 47.712635629861786 ], [ 0.236848723538967, 47.71265818291986 ], [ 0.236859861151548, 47.712837848230016 ], [ 0.236593650720793, 47.71284536472978 ], [ 0.236571377428142, 47.712486034007703 ], [ 0.235240332770665, 47.712523606786128 ], [ 0.235229200847222, 47.712343941178545 ], [ 0.234962992502953, 47.712351453837229 ], [ 0.234907339070102, 47.711453125449815 ], [ 0.234108727068663, 47.711475659020877 ], [ 0.234097599442974, 47.711295993179505 ], [ 0.233032785574022, 47.711326029119988 ], [ 0.233088406543649, 47.712224359190408 ], [ 0.232822198245602, 47.712231866868819 ], [ 0.232833321852038, 47.712411532906998 ], [ 0.232034693572508, 47.712434052383266 ], [ 0.232056935637347, 47.712793384718637 ], [ 0.231790724170283, 47.712800890071335 ], [ 0.231801844452834, 47.712980556274545 ], [ 0.231535631965488, 47.71298806105753 ], [ 0.231513393332773, 47.712628728549525 ], [ 0.230448549598891, 47.712658741138981 ], [ 0.23043743409318, 47.712479074685724 ], [ 0.229106381553859, 47.712516576312744 ], [ 0.229128603552233, 47.712875909680974 ], [ 0.228596178131472, 47.712890906202759 ], [ 0.228585068902499, 47.712711239428593 ], [ 0.228318856942158, 47.712718736717555 ], [ 0.228329965259004, 47.712898403538631 ], [ 0.228063752278489, 47.71290590025783 ], [ 0.228030430388443, 47.712366899631014 ], [ 0.228296640632599, 47.712359403052574 ], [ 0.228263316978575, 47.711820402497985 ], [ 0.228529524378413, 47.711812905443594 ], [ 0.228507307325117, 47.711453571796298 ], [ 0.228773512792769, 47.711446074219097 ], [ 0.228751294347548, 47.711086740635167 ], [ 0.22901749788305, 47.711079242535185 ], [ 0.22900638791048, 47.710899575778726 ], [ 0.22927259042589, 47.710892077109001 ], [ 0.229250368980876, 47.710532743667073 ], [ 0.229516569564178, 47.710525244474553 ], [ 0.229494346727416, 47.710165911096006 ], [ 0.229760545378644, 47.710158411380775 ], [ 0.229749433210381, 47.709978744727003 ], [ 0.230015630841541, 47.709971244442073 ], [ 0.230004517869379, 47.709791577827616 ], [ 0.230536910983481, 47.709776575501728 ], [ 0.230514681715559, 47.709417242437773 ], [ 0.23024848703648, 47.709424743815134 ], [ 0.230237373476619, 47.709245077224779 ], [ 0.229971179601399, 47.709252577938585 ], [ 0.229960067061569, 47.709072911293667 ], [ 0.229427680810776, 47.709087910777619 ], [ 0.22943879152672, 47.709267577516421 ], [ 0.228906403019789, 47.709282574627814 ], [ 0.228928621128031, 47.709641908270214 ], [ 0.228396228541071, 47.709656903102889 ], [ 0.228451766582623, 47.710555237544753 ], [ 0.227919364443584, 47.710570230380092 ], [ 0.227930470551959, 47.710749897339454 ], [ 0.227398066156791, 47.710764887802057 ], [ 0.227275924969112, 47.708788549798506 ], [ 0.228074501304509, 47.708766064727506 ], [ 0.228085607244677, 47.708945731716085 ], [ 0.228617992752077, 47.708930738491944 ], [ 0.228595777332042, 47.708571404694787 ], [ 0.228063395472355, 47.708586397731281 ], [ 0.228052289748214, 47.708406730727482 ], [ 0.227519909280305, 47.708421721203806 ], [ 0.22753101318061, 47.708601388301425 ], [ 0.227264821872738, 47.708608882661601 ], [ 0.227220410567105, 47.707890214037825 ], [ 0.227486598227351, 47.707882719865253 ], [ 0.227475494759019, 47.707703052737138 ], [ 0.227209308010656, 47.707710546862842 ], [ 0.227187103221699, 47.707351212490046 ], [ 0.227719472962957, 47.707336223809683 ], [ 0.227730577127177, 47.707515890906073 ], [ 0.22826294826018, 47.707500899665632 ], [ 0.22827405435614, 47.707680566660628 ], [ 0.229072612981109, 47.707658075034985 ], [ 0.229083721920716, 47.707837741881612 ], [ 0.229882282308925, 47.707815244566035 ], [ 0.229893394092222, 47.707994911264286 ], [ 0.230159581584041, 47.707987410879007 ], [ 0.230181807298639, 47.708346744158753 ], [ 0.230447996506161, 47.70833924306303 ], [ 0.230459110437488, 47.708518909644518 ], [ 0.230725300448819, 47.708511407885318 ], [ 0.230736415400154, 47.708691074412236 ], [ 0.23126879692232, 47.708676068950119 ], [ 0.231291030796993, 47.709035401793336 ], [ 0.23102483826612, 47.709042904926598 ], [ 0.23104707074941, 47.709402237833253 ], [ 0.231845653489278, 47.709379726301954 ], [ 0.231834534457746, 47.709200059993286 ], [ 0.232100727576152, 47.70919255496333 ], [ 0.232022891000016, 47.707934890918217 ], [ 0.232289077626941, 47.707927385600364 ], [ 0.232266837754763, 47.70756805304142 ], [ 0.232533022449812, 47.707560547200956 ], [ 0.232488540355882, 47.706841882179504 ], [ 0.23302090212682, 47.706826869024724 ], [ 0.233032024311713, 47.707006535197536 ], [ 0.233830568892278, 47.706984010700324 ], [ 0.233852819057568, 47.707343342741261 ], [ 0.234119002191697, 47.707335833248472 ], [ 0.234141254613477, 47.707695165164914 ], [ 0.234407439463088, 47.707687654961575 ], [ 0.234418566748153, 47.707867320861361 ], [ 0.234684752401399, 47.707859809994424 ], [ 0.234762652810395, 47.709117470750648 ], [ 0.234496460773907, 47.709124981946566 ], [ 0.234552102610645, 47.710023311064489 ], [ 0.234285905906191, 47.710030821878831 ], [ 0.234308161574588, 47.710390153566635 ], [ 0.234041962937949, 47.710397663858338 ], [ 0.234075344516285, 47.71093666147393 ], [ 0.234607747153331, 47.710921639991845 ], [ 0.234585489011531, 47.710562308443762 ], [ 0.234851688343686, 47.710554796871804 ], [ 0.234829428810886, 47.710195465387244 ], [ 0.235095626210824, 47.710187953292682 ], [ 0.235140149357398, 47.710906616043275 ], [ 0.235406350297042, 47.71089910314403 ], [ 0.235372955038737, 47.710360106233551 ], [ 0.235639153134127, 47.710352592858754 ], [ 0.235628020685919, 47.710172927253716 ], [ 0.23589421776106, 47.710165413309298 ], [ 0.235871951365542, 47.709806082170374 ], [ 0.236138146508478, 47.709798567703416 ], [ 0.236082477854926, 47.708900239957799 ], [ 0.236348668329932, 47.708892725109344 ], [ 0.236337534012173, 47.708713059584376 ], [ 0.237934669116386, 47.708667957827828 ], [ 0.237945808905525, 47.708847623070575 ], [ 0.239010567122479, 47.708817542713135 ], [ 0.239021710667561, 47.708997207760014 ], [ 0.239287900862767, 47.708989686082134 ], [ 0.239299045428134, 47.709169351074337 ], [ 0.239565236426854, 47.709161828732817 ], [ 0.239576382012526, 47.709341493670294 ], [ 0.239842573814754, 47.709333970665128 ], [ 0.239853720420748, 47.709513635547893 ], [ 0.240652297912689, 47.709491062691612 ], [ 0.240730346341249, 47.710748715668657 ], [ 0.240464147568704, 47.710756240900302 ], [ 0.240519895139632, 47.711654564461895 ], [ 0.240786098472198, 47.711647038994798 ], [ 0.240819551052208, 47.712186032898934 ], [ 0.241085757012431, 47.712178506673901 ], [ 0.241096909001406, 47.712358171246265 ], [ 0.241363115765215, 47.712350644357507 ], [ 0.241385421892706, 47.712709973385103 ], [ 0.241651630372171, 47.712702445785482 ], [ 0.241662784510717, 47.712882110240713 ], [ 0.241130365619144, 47.712897164917528 ], [ 0.241141518042003, 47.713076829459375 ], [ 0.240875307521412, 47.713084355919882 ], [ 0.240897610868341, 47.713443685074857 ], [ 0.24143003544946, 47.713428631348769 ], [ 0.241441189109858, 47.713608295820606 ], [ 0.241973615081265, 47.713593239533601 ], [ 0.241984770674396, 47.713772903903596 ], [ 0.242250984409468, 47.713765374787968 ], [ 0.242262141023236, 47.713945039103216 ], [ 0.242528355561921, 47.713937509323799 ], [ 0.24253951319634, 47.714117173584256 ], [ 0.242273297745517, 47.714124703410818 ], [ 0.242284454576315, 47.71430436771081 ], [ 0.242550670939286, 47.714296837837132 ], [ 0.242584144819293, 47.714835830549923 ], [ 0.242850363810223, 47.714828299918203 ], [ 0.242872682097253, 47.715187628260985 ], [ 0.242340240358123, 47.715202689096209 ], [ 0.242384870937012, 47.715921346067184 ], [ 0.242651095509694, 47.715913815769404 ], [ 0.242639936789953, 47.715734151585245 ], [ 0.242906160341871, 47.715726620717909 ], [ 0.242895000818453, 47.715546956573213 ], [ 0.243161223349609, 47.715539425136292 ], [ 0.243150063022531, 47.715359761031102 ], [ 0.243416284532931, 47.71535222902461 ], [ 0.24340512340221, 47.715172564958934 ], [ 0.243671343891855, 47.715165032382842 ], [ 0.243660181957509, 47.714985368356672 ], [ 0.2439264014264, 47.714977835211009 ], [ 0.243915238688448, 47.714798171224338 ], [ 0.244181457136587, 47.714790637509161 ], [ 0.244170293595046, 47.714610973561996 ], [ 0.244702728341241, 47.71459590437582 ], [ 0.244691563083976, 47.71441624051532 ], [ 0.244425346677327, 47.714423775369603 ], [ 0.244414182440808, 47.714244111454342 ], [ 0.244147966837716, 47.714251645644751 ], [ 0.244136803621921, 47.714071981674714 ], [ 0.243870588822388, 47.714079515201341 ], [ 0.243848264540785, 47.713720187144041 ], [ 0.244114477516069, 47.713712653711717 ], [ 0.244103314626006, 47.713532989718736 ], [ 0.244369526580605, 47.713525455716876 ], [ 0.244358362887017, 47.71334579176343 ], [ 0.244624573820932, 47.713338257192049 ], [ 0.244613409323836, 47.713158593278109 ], [ 0.244879619237068, 47.713151058137214 ], [ 0.244857288744491, 47.712791730380751 ], [ 0.245123496724974, 47.712784194717514 ], [ 0.245101164842666, 47.712424867024801 ], [ 0.245367370890432, 47.712417330839266 ], [ 0.245356204200139, 47.712237667028624 ], [ 0.245622409227251, 47.712230130273568 ], [ 0.245611241733534, 47.71205046650244 ], [ 0.245877445739997, 47.712042929177933 ], [ 0.245866277442877, 47.711863265446354 ], [ 0.246132480428689, 47.711855727552361 ], [ 0.246110142336304, 47.711496400160627 ], [ 0.246376343389473, 47.711488861744364 ], [ 0.246365173594232, 47.711309198084244 ], [ 0.246631373626769, 47.711301659098517 ], [ 0.246609032538244, 47.710942331849687 ], [ 0.246875230638177, 47.710934792341703 ], [ 0.246864059344919, 47.710755128753 ], [ 0.247130256424235, 47.710747588675595 ], [ 0.247107912339776, 47.71038826156969 ], [ 0.247374107486532, 47.710380720970058 ], [ 0.247362934695355, 47.710201057452814 ], [ 0.247096740460532, 47.710208598005252 ], [ 0.247085568689948, 47.710028934433183 ], [ 0.247351762012843, 47.710021393927931 ], [ 0.24731824461729, 47.709482403307462 ], [ 0.247584435095798, 47.709474862327212 ], [ 0.247562088884965, 47.709115535303063 ], [ 0.247828277431036, 47.709107993800629 ], [ 0.247817103576748, 47.708928330324312 ], [ 0.248083291102276, 47.708920788252478 ], [ 0.2480721164448, 47.708741124815703 ], [ 0.248338302949786, 47.708733582174546 ], [ 0.248327127489142, 47.708553918777312 ], [ 0.248060941896008, 47.708561461371303 ], [ 0.248049767455895, 47.708381797919259 ], [ 0.247517397767283, 47.708396881163196 ], [ 0.24750622525952, 47.708217217609125 ], [ 0.246707672647177, 47.708239837709328 ], [ 0.246696502983561, 47.708060174006093 ], [ 0.246164135855816, 47.708075250895789 ], [ 0.24615296812448, 47.707895587090562 ], [ 0.245886785309507, 47.707903124563437 ], [ 0.245875618598601, 47.707723460703392 ], [ 0.245343254466489, 47.707738533705175 ], [ 0.245287431658904, 47.706840213818857 ], [ 0.246618318379873, 47.706802527869513 ], [ 0.246629487283094, 47.706982191626189 ], [ 0.248492730512403, 47.706929405073005 ], [ 0.248481555226829, 47.70674974164659 ], [ 0.248747731484583, 47.706742198291543 ], [ 0.248736555395944, 47.70656253490472 ], [ 0.249268905761867, 47.706547446439515 ], [ 0.24925772795844, 47.706367783139477 ], [ 0.249523902066602, 47.706360238029312 ], [ 0.249512723460156, 47.706180574768815 ], [ 0.250577415158647, 47.706150388352064 ], [ 0.250599779774101, 47.706509714487566 ], [ 0.250865954250321, 47.70650216624766 ], [ 0.250877137632918, 47.706681829256752 ], [ 0.251143312912116, 47.706674280353077 ], [ 0.251154497315223, 47.706853943307287 ], [ 0.251420673397392, 47.706846393739902 ], [ 0.251443044353451, 47.70720571953084 ], [ 0.251709222150356, 47.70719816925245 ], [ 0.251720408703334, 47.707377832089229 ], [ 0.252252765794286, 47.707362729588368 ], [ 0.252263954279618, 47.707542392322985 ], [ 0.252530133573655, 47.707534840100493 ], [ 0.252541323079585, 47.707714502780249 ], [ 0.252807503176582, 47.707706949893975 ], [ 0.252818693703129, 47.707886612518799 ], [ 0.25255251269434, 47.707894165452331 ], [ 0.252563702417922, 47.708073828116738 ], [ 0.252297520388503, 47.708081380481005 ], [ 0.25231989833852, 47.708440705881458 ], [ 0.252053714376649, 47.708448257723674 ], [ 0.252064902603059, 47.708627920459691 ], [ 0.251798717620543, 47.70863547173262 ], [ 0.251787530305966, 47.70845580894936 ], [ 0.251521346126478, 47.708463359558479 ], [ 0.251510159832528, 47.708283696720329 ], [ 0.251243976456071, 47.708291246665667 ], [ 0.251232791182733, 47.708111583772606 ], [ 0.250966608609309, 47.708119133054176 ], [ 0.250955424356563, 47.70793947010624 ], [ 0.250423060707023, 47.70795456672527 ], [ 0.250434243136147, 47.708134229767666 ], [ 0.250168060236424, 47.708141777199614 ], [ 0.250201605440849, 47.708680766422646 ], [ 0.249935419696884, 47.708688313379724 ], [ 0.249957781886551, 47.709047639584668 ], [ 0.249691594210131, 47.709055186019626 ], [ 0.249769858916269, 47.710312827826833 ], [ 0.249503664747834, 47.710320373975769 ], [ 0.249548386181671, 47.711039026457826 ], [ 0.249015990223016, 47.711054117283659 ], [ 0.249004811525368, 47.710874454080191 ], [ 0.248738614294912, 47.710881998520961 ], [ 0.248760969975001, 47.71124132501474 ], [ 0.248494770811893, 47.711248868933339 ], [ 0.248517125102881, 47.711608195490946 ], [ 0.248250924007089, 47.711615738887353 ], [ 0.248262100403651, 47.711795402201929 ], [ 0.247995898287152, 47.711802945028914 ], [ 0.24801824958236, 47.712162271729511 ], [ 0.247752045533134, 47.712169814034276 ], [ 0.247785570555068, 47.712708804169431 ], [ 0.248051777340411, 47.712701261723076 ], [ 0.248062953477163, 47.712880925039002 ], [ 0.248329161065858, 47.712873381928809 ], [ 0.248351515489611, 47.713232708443314 ], [ 0.24808530607678, 47.713240251647932 ], [ 0.248107659111222, 47.713599578226315 ], [ 0.247841447765511, 47.713607120908655 ], [ 0.247863799410579, 47.713966447550838 ], [ 0.248396225641708, 47.713951361380673 ], [ 0.248429759397342, 47.714490351003512 ], [ 0.248163543599755, 47.714497894538532 ], [ 0.248174720823604, 47.714677557778067 ], [ 0.247376070042152, 47.714700184824707 ], [ 0.247387244638251, 47.714879848198173 ], [ 0.246588590142109, 47.714902469836176 ], [ 0.246610934187356, 47.715261796843379 ], [ 0.246344713980283, 47.71526933625033 ], [ 0.246367056635817, 47.71562866332134 ], [ 0.246100834495698, 47.715636202205971 ], [ 0.246112005074249, 47.715815865777188 ], [ 0.24584578191327, 47.715823404092255 ], [ 0.245856951688258, 47.716003067703014 ], [ 0.245590727506416, 47.71601060544856 ], [ 0.245601896477824, 47.716190269098853 ], [ 0.245335671275112, 47.71619780627487 ], [ 0.245346839442923, 47.716377469964655 ], [ 0.245080613219345, 47.716385006571095 ], [ 0.245091780583539, 47.71656467030045 ], [ 0.244825553339089, 47.716572206337311 ], [ 0.244836719899649, 47.716751870106165 ], [ 0.244570491634323, 47.716759405573477 ], [ 0.244581657391234, 47.716939069381866 ], [ 0.24431542810503, 47.716946604279542 ], [ 0.244326593058272, 47.71712626812748 ], [ 0.243527901811254, 47.71714886926155 ] ], [ [ 0.241563886534661, 47.715584604507193 ], [ 0.241830109608457, 47.715577076153849 ], [ 0.24181895384242, 47.715397411813036 ], [ 0.241552731680834, 47.715404940119285 ], [ 0.241563886534661, 47.715584604507193 ] ], [ [ 0.241807798184891, 47.715217747464642 ], [ 0.242074019325764, 47.71521021858878 ], [ 0.24206286286455, 47.715030554279828 ], [ 0.241796642635867, 47.715038083108574 ], [ 0.241807798184891, 47.715217747464642 ] ], [ [ 0.239134434382674, 47.715113337477064 ], [ 0.239400655696018, 47.715105814815402 ], [ 0.239378361342847, 47.714746485232737 ], [ 0.239112141853888, 47.714754007800224 ], [ 0.239134434382674, 47.715113337477064 ] ], [ [ 0.23958884217705, 47.713840638193659 ], [ 0.239855056888354, 47.713833114628159 ], [ 0.239843908592239, 47.71365344988137 ], [ 0.239577694793066, 47.713660973399797 ], [ 0.23958884217705, 47.713840638193659 ] ], [ [ 0.240110122282978, 47.713645925746263 ], [ 0.240642549339119, 47.713630875626038 ], [ 0.240631398415075, 47.713451211012895 ], [ 0.240098973183174, 47.71346626103896 ], [ 0.240110122282978, 47.713645925746263 ] ], [ [ 0.231956849752766, 47.711176388969392 ], [ 0.233287864422204, 47.711138855069848 ], [ 0.233221118006179, 47.710060858970081 ], [ 0.232954920760668, 47.710068366701357 ], [ 0.232966043980866, 47.710248032784015 ], [ 0.232699845715192, 47.71025553994567 ], [ 0.232733213288917, 47.710794538288901 ], [ 0.232467012179066, 47.710802044974834 ], [ 0.232478134007984, 47.710981711120965 ], [ 0.23221193187794, 47.710989217237284 ], [ 0.232200810961039, 47.710809551044164 ], [ 0.231934609634849, 47.710817056496872 ], [ 0.231956849752766, 47.711176388969392 ] ], [ [ 0.234885078454773, 47.711093794041474 ], [ 0.235151280414692, 47.711086281711864 ], [ 0.235140149357398, 47.710906616043275 ], [ 0.234873948309491, 47.710914128325868 ], [ 0.234885078454773, 47.711093794041474 ] ], [ [ 0.232688723406974, 47.710075873816024 ], [ 0.232954920760668, 47.710068366701357 ], [ 0.232943797648654, 47.709888700611067 ], [ 0.23267760120693, 47.709896207678767 ], [ 0.232688723406974, 47.710075873816024 ] ], [ [ 0.232921551749175, 47.709529368407637 ], [ 0.233187746258799, 47.709521860817304 ], [ 0.233176622559389, 47.709342194751137 ], [ 0.23291042896171, 47.709349702294503 ], [ 0.232921551749175, 47.709529368407637 ] ], [ [ 0.249369510884808, 47.708164415796162 ], [ 0.249635694110747, 47.70815687021387 ], [ 0.249624514417068, 47.707977207029792 ], [ 0.250156878719114, 47.707962114109989 ], [ 0.250145697310552, 47.707782451012712 ], [ 0.249347153429804, 47.707805089325937 ], [ 0.249369510884808, 47.708164415796162 ] ], [ [ 0.248005070782222, 47.707663144034704 ], [ 0.248271251816236, 47.70765560167672 ], [ 0.248237727716691, 47.7071166113247 ], [ 0.247439192494748, 47.707139236124334 ], [ 0.247450364350571, 47.707318899724243 ], [ 0.247716543778332, 47.70731135869368 ], [ 0.247727716654602, 47.707491022238763 ], [ 0.24799389688549, 47.707483480544475 ], [ 0.248005070782222, 47.707663144034704 ] ] ] } },
{ "type": "Feature", "properties": { "surface_ha": 2.32 }, "geometry": { "type": "Polygon", "coordinates": [ [ [ 0.279402398725769, 47.706589232130774 ], [ 0.279391117355905, 47.706409574228651 ], [ 0.279124950920899, 47.70641718862155 ], [ 0.279091110204415, 47.705878214726134 ], [ 0.278824946394551, 47.705885828359648 ], [ 0.278813667286721, 47.705706170331482 ], [ 0.278547504278766, 47.705713783300908 ], [ 0.278524948215343, 47.705354467126384 ], [ 0.278791109400128, 47.705346854252213 ], [ 0.27880238828858, 47.705526512295705 ], [ 0.279068550275258, 47.705518898757461 ], [ 0.279057270475225, 47.705339240761646 ], [ 0.279323431440627, 47.705331626654626 ], [ 0.279312150838719, 47.70515196869875 ], [ 0.27957831078285, 47.705144354022934 ], [ 0.279567029379087, 47.704964696107041 ], [ 0.279833188301945, 47.704957080862471 ], [ 0.279855753042309, 47.7053163965913 ], [ 0.280121913678573, 47.705308780635001 ], [ 0.280133197124912, 47.705488438440241 ], [ 0.281464003217942, 47.705450349173987 ], [ 0.281475291331909, 47.705630006733216 ], [ 0.282007614823898, 47.705614766616407 ], [ 0.282018904870811, 47.705794424072558 ], [ 0.282285067363698, 47.705786803041775 ], [ 0.282296358431997, 47.705966460442589 ], [ 0.282562521726669, 47.705958838747726 ], [ 0.282573813816372, 47.706138496093153 ], [ 0.282041485294026, 47.706153738961874 ], [ 0.28205277567033, 47.706333396395053 ], [ 0.280988113661673, 47.70636387492587 ], [ 0.280976826931813, 47.706184217302003 ], [ 0.280710662066827, 47.706191835345905 ], [ 0.280699376358338, 47.706012177666715 ], [ 0.280965540311716, 47.706004559670475 ], [ 0.280954253801383, 47.70582490203126 ], [ 0.280421927608066, 47.705840137311988 ], [ 0.280433212295204, 47.706019795046515 ], [ 0.279900883839712, 47.706035027956808 ], [ 0.279912166813378, 47.70621468577901 ], [ 0.279646001509425, 47.706222301357116 ], [ 0.279668565962695, 47.706581617073802 ], [ 0.279402398725769, 47.706589232130774 ] ] ] } },
{ "type": "Feature", "properties": { "surface_ha": 3.11 }, "geometry": { "type": "Polygon", "coordinates": [ [ [ 0.337770759208695, 47.706164351766226 ], [ 0.337759277442678, 47.705984704445449 ], [ 0.336960831377003, 47.706007951756241 ], [ 0.336949352456803, 47.705828304282264 ], [ 0.336683204456367, 47.705836052104715 ], [ 0.336545477056422, 47.703680281230987 ], [ 0.336013202592753, 47.703695773863565 ], [ 0.335978778721492, 47.703156830680022 ], [ 0.335712644056093, 47.703164575926493 ], [ 0.33568969718898, 47.702805280335141 ], [ 0.336488095382949, 47.702782043037701 ], [ 0.33649957149445, 47.702961690691865 ], [ 0.336765704913839, 47.702953943645021 ], [ 0.336800136651694, 47.703492886415567 ], [ 0.337066272693247, 47.70348513860705 ], [ 0.337077751073689, 47.703664786133245 ], [ 0.337343887914898, 47.703657037659958 ], [ 0.33735536731824, 47.703836685129922 ], [ 0.337621504959102, 47.703828935991865 ], [ 0.33764446592326, 47.704188230811596 ], [ 0.337910605275069, 47.704180480960254 ], [ 0.337922086835914, 47.704360128310014 ], [ 0.338188226987379, 47.704352377793882 ], [ 0.338222675073784, 47.704891319651175 ], [ 0.337690389191267, 47.704906820358119 ], [ 0.33771335149514, 47.705266115084896 ], [ 0.337447206563716, 47.705273864610874 ], [ 0.337458686971764, 47.705453512011132 ], [ 0.337724832814549, 47.705445762436661 ], [ 0.337747795788315, 47.705805057116962 ], [ 0.338013943342194, 47.705797306829169 ], [ 0.338002460888107, 47.705617659541389 ], [ 0.33826860741895, 47.70560990868578 ], [ 0.338303057850343, 47.706148850380373 ], [ 0.337770759208695, 47.706164351766226 ] ] ] } },
{ "type": "Feature", "properties": { "surface_ha": 1.12 }, "geometry": { "type": "Polygon", "coordinates": [ [ [ 0.338396951226583, 47.703446390320117 ], [ 0.338385468401452, 47.703266743028614 ], [ 0.337587064350144, 47.703289993704111 ], [ 0.337575584370427, 47.703110346259379 ], [ 0.337043316267216, 47.703125843531382 ], [ 0.337031838221622, 47.70294619598193 ], [ 0.33756410450234, 47.70293069880691 ], [ 0.337552624745886, 47.702751051346667 ], [ 0.337818756807569, 47.702743301883217 ], [ 0.337830237475258, 47.702922949294958 ], [ 0.339959297238843, 47.702860931013873 ], [ 0.339970785308074, 47.703040578029814 ], [ 0.340236918187149, 47.703032822922964 ], [ 0.340248407279333, 47.703212469882615 ], [ 0.339982273489015, 47.703220225038052 ], [ 0.339993761781669, 47.703399872038482 ], [ 0.338396951226583, 47.703446390320117 ] ] ] } },
{ "type": "Feature", "properties": { "surface_ha": 1.68 }, "geometry": { "type": "Polygon", "coordinates": [ [ [ 0.230935912657467, 47.707605572995277 ], [ 0.230913682336377, 47.707246239936268 ], [ 0.231179865748377, 47.707238737272526 ], [ 0.231168749838145, 47.707059070778548 ], [ 0.23170111451413, 47.707044063695257 ], [ 0.231689996888354, 47.706864397287603 ], [ 0.231423815516247, 47.706871901090537 ], [ 0.231401582412698, 47.706512568158367 ], [ 0.231135402756104, 47.706520071250885 ], [ 0.231124287278304, 47.706340404726447 ], [ 0.230858108425411, 47.70634790715544 ], [ 0.230846993967508, 47.706168240576424 ], [ 0.231113171908608, 47.706160738194363 ], [ 0.231102056647012, 47.705981071654683 ], [ 0.231368233568226, 47.70597356870303 ], [ 0.231379349741603, 47.706153235195785 ], [ 0.231645527466489, 47.706145731580655 ], [ 0.231634410381328, 47.705966065134874 ], [ 0.231900587086311, 47.705958560950172 ], [ 0.231911705083254, 47.706138227349001 ], [ 0.232976414468932, 47.706108204257099 ], [ 0.232965292824876, 47.70592853804613 ], [ 0.232699116552458, 47.705936044696941 ], [ 0.232687995928332, 47.705756378431403 ], [ 0.233486521685789, 47.705733856770379 ], [ 0.233508768512821, 47.706093189011987 ], [ 0.233774945372494, 47.706085680464632 ], [ 0.233786069860065, 47.706265346527012 ], [ 0.233253714208969, 47.706280363099168 ], [ 0.233287082850039, 47.706819361522491 ], [ 0.23302090212682, 47.706826869024724 ], [ 0.233009780050097, 47.706647202844231 ], [ 0.232477420102784, 47.706662215905098 ], [ 0.232455179921038, 47.706302883333393 ], [ 0.232189001608752, 47.706310388845061 ], [ 0.232222359308179, 47.706849387832087 ], [ 0.231956178152334, 47.706856892868124 ], [ 0.231978415335676, 47.707216225581938 ], [ 0.231446049052264, 47.707231233992204 ], [ 0.231457165982452, 47.707410900431618 ], [ 0.231190981766718, 47.707418403758879 ], [ 0.231202097893171, 47.707598070237637 ], [ 0.230935912657467, 47.707605572995277 ] ] ] } },
{ "type": "Feature", "properties": { "surface_ha": 3.95 }, "geometry": { "type": "Polygon", "coordinates": [ [ [ 0.283094847986557, 47.705943593508657 ], [ 0.282981914898216, 47.704147020585729 ], [ 0.283248068747964, 47.70413939751856 ], [ 0.283259362474093, 47.704319054797729 ], [ 0.283525517125516, 47.704311431066444 ], [ 0.283536811872988, 47.704491088290204 ], [ 0.283802967326084, 47.704483463894832 ], [ 0.2837916716671, 47.704303806718755 ], [ 0.284057826098838, 47.704296181754678 ], [ 0.28406912266933, 47.704475838883042 ], [ 0.284601433026243, 47.704460587010267 ], [ 0.284612731529627, 47.704640244035495 ], [ 0.285677354570929, 47.704609732702238 ], [ 0.285688656830277, 47.704789389528841 ], [ 0.286220969514528, 47.704774130068301 ], [ 0.28623227370684, 47.704953786791769 ], [ 0.287030744643281, 47.704930892834668 ], [ 0.287019437716398, 47.704751236254474 ], [ 0.287285593563786, 47.704743603750408 ], [ 0.287342133855495, 47.705641886335748 ], [ 0.286543652310377, 47.705664782715154 ], [ 0.286532346766765, 47.705485126070172 ], [ 0.286266186943382, 47.70549275691603 ], [ 0.286277491575434, 47.705672413608767 ], [ 0.286011330730552, 47.70568004388597 ], [ 0.286000027010061, 47.705500387145499 ], [ 0.285201546550573, 47.705523274135295 ], [ 0.285212847536372, 47.705702931018983 ], [ 0.28468052485739, 47.705718186025543 ], [ 0.284691824129941, 47.705897842997004 ], [ 0.283094847986557, 47.705943593508657 ] ] ] } },
{ "type": "Feature", "properties": { "surface_ha": 29.14 }, "geometry": { "type": "Polygon", "coordinates": [ [ [ 0.276467633476565, 47.710812707506967 ], [ 0.276433814950923, 47.710273732592462 ], [ 0.276167628053601, 47.710281340587549 ], [ 0.276156356342817, 47.710101682219772 ], [ 0.275623984042958, 47.71011689626512 ], [ 0.275612714265434, 47.709937237794428 ], [ 0.275346528862909, 47.709944843844681 ], [ 0.275335260106799, 47.709765185318801 ], [ 0.275601444597512, 47.70975757931609 ], [ 0.275590175039196, 47.709577920830093 ], [ 0.275856358508506, 47.709570314258478 ], [ 0.275845088148, 47.709390655812385 ], [ 0.275312722923365, 47.70940586824387 ], [ 0.275323991460286, 47.709585526785162 ], [ 0.275057807771779, 47.709593132123707 ], [ 0.275069075506489, 47.709772790704911 ], [ 0.274802890796594, 47.709780395474532 ], [ 0.274814157729078, 47.709960054095617 ], [ 0.274547971997791, 47.709967658296314 ], [ 0.274559238128031, 47.71014731695734 ], [ 0.2737606775413, 47.710170126002836 ], [ 0.273749414146539, 47.70999046719907 ], [ 0.273217041697971, 47.710005670051544 ], [ 0.273205780236394, 47.70982601114499 ], [ 0.272673409173369, 47.709841211436178 ], [ 0.272662149644948, 47.70966155242688 ], [ 0.272129779967527, 47.709676750156824 ], [ 0.272118522372228, 47.709497091044717 ], [ 0.270255231435548, 47.709550263345946 ], [ 0.270243980332376, 47.70937060389344 ], [ 0.26997779638689, 47.709378197422822 ], [ 0.269955296332409, 47.709018878399803 ], [ 0.269689114101108, 47.709026471217626 ], [ 0.269700363161846, 47.70920613078048 ], [ 0.269434179909345, 47.709213723029279 ], [ 0.269422931760403, 47.709034063418926 ], [ 0.269156749310303, 47.709041655003674 ], [ 0.269167996547448, 47.709221314661548 ], [ 0.268901813076164, 47.7092289056773 ], [ 0.268890566750819, 47.709049245971926 ], [ 0.268092018416137, 47.709072015177476 ], [ 0.268080774935547, 47.708892355321971 ], [ 0.2678145928504, 47.708899943776629 ], [ 0.267837078097336, 47.709259263574943 ], [ 0.267038525715083, 47.709282025524558 ], [ 0.267049765767116, 47.709461685554672 ], [ 0.266783580509237, 47.709469271685606 ], [ 0.266772341369022, 47.709289611608014 ], [ 0.264909047886469, 47.709342696929305 ], [ 0.264897815238265, 47.709163036511882 ], [ 0.264365446512119, 47.709178198102798 ], [ 0.264354215796785, 47.708998537582836 ], [ 0.264088032181681, 47.709006117406055 ], [ 0.264065572902289, 47.708646796248317 ], [ 0.263799391001574, 47.708654375360162 ], [ 0.263743249273173, 47.707756072094682 ], [ 0.264009426615031, 47.707748493219988 ], [ 0.263998197685205, 47.707568832591335 ], [ 0.264264374006115, 47.70756125314756 ], [ 0.26425314427376, 47.707381592558704 ], [ 0.262656090180832, 47.707427059689287 ], [ 0.262644866028067, 47.707247398808228 ], [ 0.262112515613851, 47.707262549491595 ], [ 0.262078849280807, 47.706723566518122 ], [ 0.262611194224722, 47.706708416119177 ], [ 0.262555076735561, 47.705810111484304 ], [ 0.262821244485394, 47.705802535597122 ], [ 0.26279879643048, 47.705443213784406 ], [ 0.26306496224786, 47.705435637375579 ], [ 0.2630537374725, 47.705255976505143 ], [ 0.263319902269083, 47.705248399527264 ], [ 0.263331127956075, 47.705428060350286 ], [ 0.26386345904498, 47.705412904450355 ], [ 0.263852231534727, 47.705233243722155 ], [ 0.26465072461426, 47.705210505391072 ], [ 0.264673185213748, 47.705569826555248 ], [ 0.264939351178433, 47.705562245783753 ], [ 0.264950582553645, 47.705741906306891 ], [ 0.265482915978607, 47.705726742819728 ], [ 0.265460449690865, 47.705367421955508 ], [ 0.265194284856273, 47.705375003912479 ], [ 0.265183052787889, 47.705195343421423 ], [ 0.264916888755686, 47.705202924714484 ], [ 0.264871965220867, 47.704484282484032 ], [ 0.265404285883233, 47.704469119660985 ], [ 0.265415518426281, 47.704648780135209 ], [ 0.267278643684239, 47.704595690504746 ], [ 0.267267404760119, 47.704416030362736 ], [ 0.267533564162554, 47.704408443711529 ], [ 0.26754480399825, 47.704588103806088 ], [ 0.267810964202953, 47.704580516490971 ], [ 0.267889652494788, 47.705838136605948 ], [ 0.267357319213524, 47.705853311284386 ], [ 0.267368559012071, 47.70603297136509 ], [ 0.266836223470277, 47.706048143672618 ], [ 0.266892414985949, 47.706946444436056 ], [ 0.266093897178408, 47.70696919898576 ], [ 0.266105133074319, 47.707148859257835 ], [ 0.265306611548201, 47.707171608401502 ], [ 0.26531784481823, 47.707351268808281 ], [ 0.265051669845964, 47.707358850670623 ], [ 0.265107833276138, 47.70825715282686 ], [ 0.265374012807141, 47.708249570727297 ], [ 0.265385246732683, 47.708429231088125 ], [ 0.266716147307533, 47.708391311105245 ], [ 0.266727385901222, 47.70857097122115 ], [ 0.267259747189665, 47.708555798817414 ], [ 0.267270987716225, 47.708735458830681 ], [ 0.267803350390945, 47.708720283865958 ], [ 0.267792108040829, 47.708540623947627 ], [ 0.268058288302408, 47.708533035587955 ], [ 0.268002073633101, 47.707634736118841 ], [ 0.268268249226585, 47.707627147380087 ], [ 0.268257005709024, 47.70744748751077 ], [ 0.268523180281438, 47.707439898203006 ], [ 0.26853442471072, 47.707619558024838 ], [ 0.270131475318724, 47.707574008946871 ], [ 0.270120225419136, 47.707394349410087 ], [ 0.270652572923193, 47.707379161547195 ], [ 0.270641321309609, 47.707199502097744 ], [ 0.271173666552559, 47.707184311863962 ], [ 0.271162413225016, 47.707004652501894 ], [ 0.271694756206817, 47.70698945989723 ], [ 0.271706011357736, 47.707169119164234 ], [ 0.271972183596138, 47.707161521889631 ], [ 0.271994696049763, 47.70752084030552 ], [ 0.271728521987961, 47.707528437675194 ], [ 0.271739777467266, 47.707708096919177 ], [ 0.271473602384284, 47.707715693719891 ], [ 0.271484857061329, 47.707895353003757 ], [ 0.270952504743558, 47.707910544850762 ], [ 0.270941251889963, 47.707730885471868 ], [ 0.270142725327721, 47.707753668476052 ], [ 0.270176476011186, 47.70829264701748 ], [ 0.27070883263254, 47.708277458679419 ], [ 0.270697580471808, 47.708097799268288 ], [ 0.271229934831937, 47.708082608559224 ], [ 0.271252442909828, 47.708441927183678 ], [ 0.27151862174922, 47.708434330809318 ], [ 0.271507366743797, 47.708254671548467 ], [ 0.272305899869916, 47.708231878868993 ], [ 0.272260870002094, 47.707513242319344 ], [ 0.273059391202168, 47.707490444661943 ], [ 0.273048131273816, 47.707310785648048 ], [ 0.273314303876472, 47.707303185243504 ], [ 0.273325564716523, 47.707482844209856 ], [ 0.273857911416674, 47.707467641456191 ], [ 0.27388043707216, 47.707826959175641 ], [ 0.274146612081355, 47.707819356778906 ], [ 0.274169139998436, 47.708178674372533 ], [ 0.273902963165791, 47.708186276864403 ], [ 0.273936753127785, 47.708725253340006 ], [ 0.274469112154001, 47.708710047454353 ], [ 0.274412786981004, 47.707811753765711 ], [ 0.274678961771098, 47.707804150136035 ], [ 0.274690227498301, 47.707983808841519 ], [ 0.274956403090551, 47.707976204547762 ], [ 0.274945136451631, 47.707796545889863 ], [ 0.27521131102259, 47.707788941027189 ], [ 0.275222578573225, 47.707968599637503 ], [ 0.275488753946318, 47.707960994110742 ], [ 0.275500022518259, 47.708140652665811 ], [ 0.276564726561509, 47.708110224203509 ], [ 0.276587271328024, 47.708469540909775 ], [ 0.276853448888247, 47.708461932157746 ], [ 0.276864722347689, 47.708641590451776 ], [ 0.277397078962694, 47.708626371002964 ], [ 0.277408354355275, 47.708806029194072 ], [ 0.278473069916295, 47.708775582707915 ], [ 0.27848434906555, 47.708955240700824 ], [ 0.278750528593341, 47.708947627490382 ], [ 0.278761808764051, 47.709127285427996 ], [ 0.27956034942443, 47.709104441954693 ], [ 0.279582915565588, 47.709463757520965 ], [ 0.279316733631647, 47.709471372723883 ], [ 0.279328015955046, 47.709651030543192 ], [ 0.279061832999596, 47.709658645177214 ], [ 0.27907311452093, 47.709838303036477 ], [ 0.278540746457292, 47.709853530550276 ], [ 0.278552026264744, 47.710033188497199 ], [ 0.277753470611118, 47.710056025286853 ], [ 0.277764747792829, 47.710235683368929 ], [ 0.27749856144377, 47.710243294446705 ], [ 0.277509837823334, 47.710422952568763 ], [ 0.276977462972559, 47.710438172969951 ], [ 0.276966188416653, 47.710258514752645 ], [ 0.276700001738609, 47.71026612398083 ], [ 0.276733822999775, 47.710805098752523 ], [ 0.276467633476565, 47.710812707506967 ] ], [ [ 0.269955296332409, 47.709018878399803 ], [ 0.270221478454298, 47.709011284965456 ], [ 0.270187726457837, 47.708472306515986 ], [ 0.269921547071276, 47.708479899807806 ], [ 0.269955296332409, 47.709018878399803 ] ] ] } },
{ "type": "Feature", "properties": { "surface_ha": 3.95 }, "geometry": { "type": "Polygon", "coordinates": [ [ [ 0.290592647871441, 47.706448524866502 ], [ 0.290581328104189, 47.7062688689767 ], [ 0.290315165373122, 47.70627650930782 ], [ 0.290303846627527, 47.70609685336251 ], [ 0.289771522658334, 47.706112132079866 ], [ 0.289748889143623, 47.705752819974919 ], [ 0.289482728817067, 47.705760458313364 ], [ 0.289460097565664, 47.705401146082096 ], [ 0.289726256069125, 47.70539350783924 ], [ 0.289680991240729, 47.704674883475597 ], [ 0.289148681415946, 47.70469015896257 ], [ 0.289137367306966, 47.704510502756847 ], [ 0.28887121314103, 47.704518139527934 ], [ 0.288859900053569, 47.704338483266767 ], [ 0.289126053308012, 47.704330846543435 ], [ 0.289114739419083, 47.704151190322364 ], [ 0.289380891652018, 47.70414355303042 ], [ 0.289369576961638, 47.703963896849437 ], [ 0.289635728173067, 47.703956258988939 ], [ 0.289624412681255, 47.703776602848038 ], [ 0.289890562871181, 47.703768964418934 ], [ 0.289879246577953, 47.703589308318158 ], [ 0.290677693753057, 47.703566389476059 ], [ 0.290689012780638, 47.703746045433419 ], [ 0.290955162530319, 47.703738404538811 ], [ 0.29096648257943, 47.703918060440685 ], [ 0.291232633130486, 47.70391041888189 ], [ 0.291243954201148, 47.704090074728263 ], [ 0.291510105553574, 47.704082432505288 ], [ 0.291544072160573, 47.70462139985478 ], [ 0.291277918073704, 47.704629042221207 ], [ 0.291311882937146, 47.705168009644957 ], [ 0.291578039758538, 47.705160367135029 ], [ 0.291600685374406, 47.705519678616739 ], [ 0.291334526729955, 47.705527321222327 ], [ 0.291357170963183, 47.705886632768916 ], [ 0.291091010385528, 47.705894274853669 ], [ 0.291124974826473, 47.706433242259372 ], [ 0.290592647871441, 47.706448524866502 ] ] ] } },
{ "type": "Feature", "properties": { "surface_ha": 3.59 }, "geometry": { "type": "Polygon", "coordinates": [ [ [ 0.254869755395708, 47.706568530969001 ], [ 0.25485855833717, 47.706388868668888 ], [ 0.254592385493316, 47.706396426156324 ], [ 0.254581189455386, 47.706216763801272 ], [ 0.254315017414358, 47.706224320624905 ], [ 0.254303822397018, 47.706044658214942 ], [ 0.253771479811751, 47.706059769918156 ], [ 0.253782673005682, 47.706239432422684 ], [ 0.253516500638053, 47.706246987396803 ], [ 0.253482924117928, 47.705707999718477 ], [ 0.253749093750461, 47.705700444886148 ], [ 0.253737900883097, 47.705520782358676 ], [ 0.254270237998234, 47.705505670939147 ], [ 0.254259043416383, 47.705326008498602 ], [ 0.254791378272702, 47.705310894707743 ], [ 0.254780181976403, 47.705131232354113 ], [ 0.255312514573861, 47.705116116191967 ], [ 0.255301316563153, 47.704936453925264 ], [ 0.256099811907611, 47.704913775200438 ], [ 0.256066210324257, 47.704374788780243 ], [ 0.256864696483759, 47.704352104933122 ], [ 0.256875899637459, 47.704531766938892 ], [ 0.257142062384347, 47.704524204376277 ], [ 0.257153266558617, 47.70470386632708 ], [ 0.257419430108162, 47.704696303100711 ], [ 0.257430635303021, 47.704875964996532 ], [ 0.25796296389844, 47.704860836599742 ], [ 0.257985378261633, 47.705220160179074 ], [ 0.256920713341789, 47.705250414885469 ], [ 0.256931917040263, 47.705430076852984 ], [ 0.256665749626231, 47.705437639035729 ], [ 0.256676952521998, 47.705617301042935 ], [ 0.256410784087348, 47.705624862656521 ], [ 0.256433188382379, 47.705984186742583 ], [ 0.256167018015425, 47.705991747834332 ], [ 0.256178219414664, 47.706171409913217 ], [ 0.255379704925126, 47.706194089631452 ], [ 0.255402102580158, 47.70655341405012 ], [ 0.254869755395708, 47.706568530969001 ] ] ] } },
{ "type": "Feature", "properties": { "surface_ha": 1.28 }, "geometry": { "type": "Polygon", "coordinates": [ [ [ 0.298418656364859, 47.703703863806297 ], [ 0.298407310795492, 47.703524209244705 ], [ 0.297875017357124, 47.70353952493398 ], [ 0.297863673720909, 47.703359870268862 ], [ 0.296532942751754, 47.703398148466299 ], [ 0.296510264924283, 47.703038838633923 ], [ 0.297308698368221, 47.703015873851911 ], [ 0.297297356885712, 47.702836219067876 ], [ 0.297829643474123, 47.702820906227274 ], [ 0.297840986779411, 47.703000560915498 ], [ 0.298107130819546, 47.702992903522784 ], [ 0.298095786602873, 47.702813248882478 ], [ 0.29862807252942, 47.702797932343834 ], [ 0.298639418568858, 47.702977586888316 ], [ 0.298905562278015, 47.702969927646549 ], [ 0.29891690933918, 47.703149582135396 ], [ 0.299449198249232, 47.703134261707007 ], [ 0.299460547243534, 47.703313916092299 ], [ 0.299194401932288, 47.703321576662603 ], [ 0.299217098429167, 47.703680885505918 ], [ 0.298418656364859, 47.703703863806297 ] ] ] } },
{ "type": "Feature", "properties": { "surface_ha": 2.83 }, "geometry": { "type": "Polygon", "coordinates": [ [ [ 0.242525257917845, 47.705298558959917 ], [ 0.242514103776163, 47.705118894419712 ], [ 0.241449424573991, 47.705149005536455 ], [ 0.241427123909584, 47.704789676056308 ], [ 0.241693292049425, 47.704782149296051 ], [ 0.241659839131088, 47.704243155159865 ], [ 0.241127508212995, 47.704258207781322 ], [ 0.24114980640344, 47.704617537401461 ], [ 0.24088363895841, 47.704625062881654 ], [ 0.240905935759197, 47.704984392565457 ], [ 0.240639766382373, 47.704991917523337 ], [ 0.240628618839462, 47.704812252638149 ], [ 0.239830112793625, 47.704834823671625 ], [ 0.239818968094186, 47.704655158637586 ], [ 0.239552800107145, 47.704662681035366 ], [ 0.239541656427769, 47.704483015946622 ], [ 0.239009321951933, 47.704498058798599 ], [ 0.238998180204279, 47.704318393608091 ], [ 0.238732013715497, 47.704325914062295 ], [ 0.238720872987864, 47.704146248817118 ], [ 0.239519369394141, 47.704123685746254 ], [ 0.239508226039883, 47.703944020634623 ], [ 0.240572882751065, 47.703913928097883 ], [ 0.240584029751928, 47.704093593021199 ], [ 0.241914852759934, 47.704055963244237 ], [ 0.241926004427473, 47.704235627924447 ], [ 0.243522993927971, 47.704190451565985 ], [ 0.2435341511739, 47.704370115955875 ], [ 0.243267985616711, 47.704377646937282 ], [ 0.243279142059485, 47.704557311366628 ], [ 0.243012975482136, 47.704564841778669 ], [ 0.243024131121738, 47.704744506247536 ], [ 0.24329029861076, 47.704736975788386 ], [ 0.243301455270535, 47.704916640202505 ], [ 0.243567623562734, 47.704909109079772 ], [ 0.243578781242698, 47.705088773439122 ], [ 0.243312612038811, 47.705096304609008 ], [ 0.243323768915591, 47.705275969007829 ], [ 0.242525257917845, 47.705298558959917 ] ] ] } },
{ "type": "Feature", "properties": { "surface_ha": 4.79 }, "geometry": { "type": "Polygon", "coordinates": [ [ [ 0.271593464774033, 47.70537252614934 ], [ 0.27158221071764, 47.705192866805675 ], [ 0.271049885968649, 47.705208058459711 ], [ 0.271038633844889, 47.705028399013322 ], [ 0.27077247221784, 47.705035993868172 ], [ 0.27074997012176, 47.704676674857332 ], [ 0.271016129925647, 47.704669080097574 ], [ 0.271004878130163, 47.704489420628178 ], [ 0.270472560236109, 47.704504609436277 ], [ 0.270461310373167, 47.704324949864173 ], [ 0.270195152173588, 47.704332543296076 ], [ 0.270161405975804, 47.703793564391255 ], [ 0.270427561440753, 47.703785971101915 ], [ 0.270416312015415, 47.703606311499165 ], [ 0.270948620794052, 47.703591123166262 ], [ 0.270937369655082, 47.703411463650895 ], [ 0.271203522968769, 47.703403868607367 ], [ 0.271192271027713, 47.703224209131854 ], [ 0.271458423320471, 47.703216613519459 ], [ 0.271447170577341, 47.703036954083792 ], [ 0.271713321849175, 47.703029357902537 ], [ 0.271702068303991, 47.702849698506746 ], [ 0.271968218554906, 47.70284210175663 ], [ 0.271979473011574, 47.703021761104885 ], [ 0.27251177500802, 47.703006565660388 ], [ 0.272523031397116, 47.703186224905899 ], [ 0.273321486305233, 47.703163426973568 ], [ 0.273332745538279, 47.703343086068749 ], [ 0.273598897866837, 47.703335485477616 ], [ 0.273610158120876, 47.703515144517567 ], [ 0.273876311251432, 47.703507543262489 ], [ 0.273887572526484, 47.70368720224721 ], [ 0.274153726459033, 47.703679600328172 ], [ 0.274176251160723, 47.70403891817945 ], [ 0.273643939540025, 47.704054121591419 ], [ 0.273666461033662, 47.704413439602298 ], [ 0.273400303235965, 47.704421040478799 ], [ 0.273422823344531, 47.704780358554117 ], [ 0.272624343825097, 47.704803157770385 ], [ 0.2726018291859, 47.704443839409706 ], [ 0.272335670950247, 47.704451437820524 ], [ 0.272346927303548, 47.70463109705225 ], [ 0.27181460868073, 47.704646292119655 ], [ 0.27182586332036, 47.704825951438785 ], [ 0.272358183766317, 47.704810756276274 ], [ 0.272369440338558, 47.704990415492638 ], [ 0.272635601308914, 47.704982816939193 ], [ 0.27264685890221, 47.705162476100341 ], [ 0.272114535028851, 47.705177672685899 ], [ 0.272125790908437, 47.705357331934458 ], [ 0.271593464774033, 47.70537252614934 ] ] ] } },
{ "type": "Feature", "properties": { "surface_ha": 8.54 }, "geometry": { "type": "Polygon", "coordinates": [ [ [ 0.302638064760892, 47.707181992061507 ], [ 0.302626703310866, 47.707002338373236 ], [ 0.3015620496968, 47.707033008105412 ], [ 0.301527976948369, 47.70649404641869 ], [ 0.301794137782901, 47.706486380054208 ], [ 0.301657845791374, 47.704330533189605 ], [ 0.301923995577518, 47.704322866784366 ], [ 0.301867207384565, 47.703424597169892 ], [ 0.302133352503165, 47.703416930388165 ], [ 0.302110636176332, 47.703057622584389 ], [ 0.302909065401073, 47.703034618828973 ], [ 0.302897704669221, 47.702854965059444 ], [ 0.302631562616142, 47.702862633546275 ], [ 0.302597483817488, 47.702323672047598 ], [ 0.30286362313651, 47.702316003704702 ], [ 0.302840902667063, 47.701956696096381 ], [ 0.302574765170703, 47.70196436434329 ], [ 0.302552046965758, 47.701605056608166 ], [ 0.303084318202764, 47.701589719689913 ], [ 0.303072957443383, 47.701410065906771 ], [ 0.303605226415896, 47.701394726619306 ], [ 0.303684766810112, 47.702652302267708 ], [ 0.303418625999845, 47.702659972555544 ], [ 0.303429988443942, 47.702839626236795 ], [ 0.303163846611823, 47.702847295956282 ], [ 0.303175208255045, 47.703026949677806 ], [ 0.304505920867432, 47.702988594677009 ], [ 0.304517287178008, 47.703168248150831 ], [ 0.3047834302803, 47.703160575253662 ], [ 0.304817532609376, 47.703699535484823 ], [ 0.304285240825936, 47.703714880950891 ], [ 0.304307972619069, 47.704074187925187 ], [ 0.304041824738732, 47.704081859829678 ], [ 0.304087286005611, 47.704800473877796 ], [ 0.303821134368996, 47.704808145357951 ], [ 0.303877958882048, 47.705706412984718 ], [ 0.303611802577513, 47.705714084088477 ], [ 0.303657260531299, 47.706432698243184 ], [ 0.303391100470161, 47.706440368922557 ], [ 0.303436556546051, 47.707158983145931 ], [ 0.302638064760892, 47.707181992061507 ] ] ] } },
{ "type": "Feature", "properties": { "surface_ha": 5.39 }, "geometry": { "type": "Polygon", "coordinates": [ [ [ 0.253449348577413, 47.705169011971314 ], [ 0.253438156948258, 47.704989349373641 ], [ 0.253171990853557, 47.704996903400414 ], [ 0.253149609745054, 47.704637578087592 ], [ 0.252883445364811, 47.704645131403325 ], [ 0.252849877253136, 47.704106143234938 ], [ 0.252583715498939, 47.704113695792472 ], [ 0.252516587683081, 47.703035718965815 ], [ 0.252782743967776, 47.703028166691858 ], [ 0.252737990620375, 47.702309515510237 ], [ 0.253802600086402, 47.702279301006413 ], [ 0.253813791906135, 47.702458963624217 ], [ 0.254079944912089, 47.702451408409964 ], [ 0.254091137752191, 47.702631070972863 ], [ 0.254357291560824, 47.702623515094885 ], [ 0.254368485421312, 47.702803177602839 ], [ 0.25463464003262, 47.702795621061192 ], [ 0.25464583491351, 47.702975283514213 ], [ 0.254911990327493, 47.702967726308863 ], [ 0.254923186228803, 47.703147388706967 ], [ 0.255189342445457, 47.703139830837898 ], [ 0.255211736397846, 47.703499155516539 ], [ 0.255477894328735, 47.703491596936452 ], [ 0.255500290539845, 47.703850921489916 ], [ 0.255766450184989, 47.703843362198803 ], [ 0.255777649365488, 47.704023024416749 ], [ 0.25604380981331, 47.704015464461889 ], [ 0.256066210324257, 47.704374788780243 ], [ 0.255800048053228, 47.704382348829739 ], [ 0.255811247560471, 47.704562011024755 ], [ 0.255012757359072, 47.704584687616396 ], [ 0.255023954240349, 47.704764349945677 ], [ 0.25475778971046, 47.70477190762395 ], [ 0.25476898578899, 47.704951569992843 ], [ 0.253970488811133, 47.704974239470715 ], [ 0.253981682263595, 47.705153901973844 ], [ 0.253449348577413, 47.705169011971314 ] ] ] } },
{ "type": "Feature", "properties": { "surface_ha": 1.16 }, "geometry": { "type": "Polygon", "coordinates": [ [ [ 0.269272975752945, 47.702379062003956 ], [ 0.269261730848584, 47.702199402149851 ], [ 0.268995583149592, 47.70220699254606 ], [ 0.268961851826951, 47.701668012795331 ], [ 0.270824864282971, 47.701614868075509 ], [ 0.270836114327855, 47.701794527667538 ], [ 0.271102259438322, 47.701786933051729 ], [ 0.271124761679173, 47.702146252117764 ], [ 0.270858614745832, 47.702153846828644 ], [ 0.270869865118927, 47.702333506397665 ], [ 0.269272975752945, 47.702379062003956 ] ] ] } },
{ "type": "Feature", "properties": { "surface_ha": 15.21 }, "geometry": { "type": "Polygon", "coordinates": [ [ [ 0.330656064225193, 47.703311618515244 ], [ 0.330644608049929, 47.703131969803422 ], [ 0.33037847206608, 47.703139702675749 ], [ 0.330355561872288, 47.702780405132081 ], [ 0.330089427599585, 47.702788137291364 ], [ 0.330043612193639, 47.702069541917659 ], [ 0.329777481454529, 47.702077273267172 ], [ 0.329766028792706, 47.701897624356008 ], [ 0.329499898853454, 47.701905355040886 ], [ 0.329476995686325, 47.701546057098618 ], [ 0.32921086745814, 47.701553787070509 ], [ 0.32918796655881, 47.701194489000571 ], [ 0.328921840041669, 47.701202218259461 ], [ 0.328853145482811, 47.700124323573789 ], [ 0.329119266532993, 47.70011659460507 ], [ 0.329084918023108, 47.699577647302853 ], [ 0.3293510362286, 47.699569917863002 ], [ 0.329339586036865, 47.699390268795135 ], [ 0.329605703219919, 47.699382538787425 ], [ 0.329594252228431, 47.699202889760201 ], [ 0.330658716202741, 47.69917196376079 ], [ 0.330670170838579, 47.699351612594477 ], [ 0.330936287464814, 47.69934387950574 ], [ 0.330947743123126, 47.699523528283336 ], [ 0.331213860549059, 47.699515794529979 ], [ 0.331225317229866, 47.699695443251443 ], [ 0.331491435455498, 47.699687708833459 ], [ 0.331514350973537, 47.700047006156403 ], [ 0.331780470909983, 47.700039271025432 ], [ 0.331791929747246, 47.70021891962687 ], [ 0.332058050483392, 47.700211183831271 ], [ 0.332069510343209, 47.700390832376605 ], [ 0.332601753303452, 47.700375358839935 ], [ 0.332613215096982, 47.700555007280684 ], [ 0.332347092761442, 47.700562744405531 ], [ 0.332358553755277, 47.700742392886966 ], [ 0.333423046073259, 47.70071144049647 ], [ 0.333411581434847, 47.70053179220875 ], [ 0.335540553430093, 47.700469858236239 ], [ 0.335529081614141, 47.700290210328241 ], [ 0.33606132167539, 47.700274720769784 ], [ 0.336130165178084, 47.701352607519979 ], [ 0.335597914183121, 47.701368097659937 ], [ 0.33562085926522, 47.701727393375215 ], [ 0.335354731778041, 47.701735137617753 ], [ 0.33537767548398, 47.702094433398941 ], [ 0.335111546062854, 47.702102177122129 ], [ 0.335134488392573, 47.702461472969269 ], [ 0.334868357037466, 47.702469216173078 ], [ 0.334879827458414, 47.702648864133465 ], [ 0.334613695080537, 47.702656606769473 ], [ 0.334625164701784, 47.702836254770588 ], [ 0.334092897788957, 47.702851738290654 ], [ 0.334081429990197, 47.702672090192657 ], [ 0.333815297277751, 47.702679830979861 ], [ 0.333826764165267, 47.702859479126246 ], [ 0.333560630430073, 47.702867219345613 ], [ 0.333572096517839, 47.703046867532684 ], [ 0.333039826890449, 47.703062346219383 ], [ 0.33305129126718, 47.703241994495613 ], [ 0.331720610691596, 47.703280680669423 ], [ 0.331709150871222, 47.703101032151167 ], [ 0.331443015333031, 47.703108767488644 ], [ 0.33145447424213, 47.703288416055322 ], [ 0.331188337681234, 47.703296150824912 ], [ 0.331176879683413, 47.703116502209859 ], [ 0.330910743922376, 47.703124236314771 ], [ 0.33092220100892, 47.703303884978219 ], [ 0.330656064225193, 47.703311618515244 ] ] ] } },
{ "type": "Feature", "properties": { "surface_ha": 4.55 }, "geometry": { "type": "Polygon", "coordinates": [ [ [ 0.323934009759768, 47.702426857006046 ], [ 0.323922577034, 47.702247207039385 ], [ 0.323390310326217, 47.702262640773462 ], [ 0.323378879534129, 47.702082990702444 ], [ 0.323112746924756, 47.702090706596778 ], [ 0.323089887496528, 47.70173140633505 ], [ 0.322823756598498, 47.701739121516553 ], [ 0.322812327962326, 47.701559471325808 ], [ 0.323078457949126, 47.701551756192586 ], [ 0.323044169973762, 47.701012805718825 ], [ 0.323310297115783, 47.701005090114158 ], [ 0.323287437198847, 47.700645789856218 ], [ 0.323553562407344, 47.700638073731874 ], [ 0.323530701112637, 47.700278773539587 ], [ 0.324062947551497, 47.700263339635242 ], [ 0.324051515248553, 47.700083689624066 ], [ 0.324317637390085, 47.700075971795833 ], [ 0.324294771295414, 47.699716671846886 ], [ 0.324560891503494, 47.699708953498998 ], [ 0.324538024031265, 47.699349653615705 ], [ 0.324804142305925, 47.699341934748162 ], [ 0.324792707825471, 47.699162284843233 ], [ 0.32532494221901, 47.699146845356147 ], [ 0.325347814935542, 47.699506144965106 ], [ 0.325081695972152, 47.699513865113353 ], [ 0.325093131586102, 47.699693514954546 ], [ 0.324827011600393, 47.699701234534878 ], [ 0.32483844641441, 47.699880884416643 ], [ 0.325370688096895, 47.699865444543136 ], [ 0.325382124844381, 47.700045094320558 ], [ 0.325648246429954, 47.700037373411135 ], [ 0.325671122080859, 47.700396672846168 ], [ 0.325404998672984, 47.700404393852189 ], [ 0.32547362282792, 47.701482292261495 ], [ 0.325207493841706, 47.701490012941129 ], [ 0.325264679139844, 47.702388261644451 ], [ 0.323934009759768, 47.702426857006046 ] ] ] } },
{ "type": "Feature", "properties": { "surface_ha": 4.55 }, "geometry": { "type": "Polygon", "coordinates": [ [ [ 0.260688873241574, 47.701543682125958 ], [ 0.260677658159025, 47.701364020707956 ], [ 0.260411512434259, 47.701371591095487 ], [ 0.260400298372216, 47.701191929622468 ], [ 0.259069572669995, 47.701229772077546 ], [ 0.259058363274188, 47.701050110360057 ], [ 0.258526074053069, 47.701065242932756 ], [ 0.258514866589136, 47.700885581112971 ], [ 0.258248722726524, 47.700893146427397 ], [ 0.258226309948458, 47.700533822670188 ], [ 0.257960167799716, 47.700541387273603 ], [ 0.257926552184134, 47.700002401438404 ], [ 0.257660412660631, 47.700009965283442 ], [ 0.257626800759844, 47.699470979237375 ], [ 0.257892937549219, 47.699463415534325 ], [ 0.257881732888832, 47.699283753551008 ], [ 0.259744680983642, 47.699230790703467 ], [ 0.259755892023498, 47.699410452355366 ], [ 0.260022027940957, 47.699402883721611 ], [ 0.260066876836083, 47.700121530063278 ], [ 0.260599155634841, 47.700106390567825 ], [ 0.260621584382184, 47.700465713503263 ], [ 0.260887725440771, 47.700458142736238 ], [ 0.26089894088943, 47.700637804145117 ], [ 0.260632798919436, 47.700645374959507 ], [ 0.260644013565745, 47.700825036408119 ], [ 0.261176299219497, 47.70080989406825 ], [ 0.261165082750359, 47.700630232714389 ], [ 0.261697366144987, 47.700615088003815 ], [ 0.26168614796212, 47.700435426737094 ], [ 0.262218429097585, 47.700420279655852 ], [ 0.262229649103248, 47.700599940827807 ], [ 0.261963507678668, 47.700607514723963 ], [ 0.261985946194505, 47.70096683713971 ], [ 0.261719802837998, 47.70097441051432 ], [ 0.261731021348143, 47.701154071758097 ], [ 0.261464876971114, 47.701161644563712 ], [ 0.261476094678917, 47.701341305847187 ], [ 0.260943803774729, 47.7013564497041 ], [ 0.260955019768728, 47.701536111074702 ], [ 0.260688873241574, 47.701543682125958 ] ] ] } },
{ "type": "Feature", "properties": { "surface_ha": 3.23 }, "geometry": { "type": "Polygon", "coordinates": [ [ [ 0.31065417665801, 47.6990315756779 ], [ 0.310642790910958, 47.698851923187661 ], [ 0.310376671311863, 47.698859609154219 ], [ 0.310365286586659, 47.69867995660821 ], [ 0.310099167788, 47.698687641910439 ], [ 0.310076400491939, 47.698328336699063 ], [ 0.309810283404835, 47.698336021288902 ], [ 0.309798900833953, 47.69815636862355 ], [ 0.310065017009945, 47.698148684081794 ], [ 0.310053633638639, 47.697969031456793 ], [ 0.310585863836349, 47.697953660620797 ], [ 0.31056309378145, 47.697594355540076 ], [ 0.31082920689208, 47.697586669293955 ], [ 0.310817821119614, 47.697407016790088 ], [ 0.311083933208463, 47.697399329975852 ], [ 0.311072546635642, 47.697219677512386 ], [ 0.311604768659057, 47.697204302131496 ], [ 0.311593380374852, 47.697024649756507 ], [ 0.311327270329559, 47.697032337706943 ], [ 0.311293108874442, 47.696493380391402 ], [ 0.311825323388104, 47.696478004162984 ], [ 0.311836712251133, 47.696657656513004 ], [ 0.312102820252883, 47.696649967426403 ], [ 0.312114210137682, 47.696829619720567 ], [ 0.312380318939711, 47.69682192996968 ], [ 0.312391709846298, 47.697001582208053 ], [ 0.312657819448604, 47.696993891792857 ], [ 0.312680603416157, 47.697353196150175 ], [ 0.31294671472979, 47.697345505022547 ], [ 0.312980894245117, 47.697884461356288 ], [ 0.312714780198274, 47.697892152628292 ], [ 0.312726172680529, 47.698071804772276 ], [ 0.312193942432347, 47.698087185563885 ], [ 0.312205333203182, 47.698266837796353 ], [ 0.311939217001847, 47.698274527315967 ], [ 0.311950606972333, 47.698454179588822 ], [ 0.311684489749136, 47.698461868540313 ], [ 0.311695878919257, 47.698641520853549 ], [ 0.311163642318394, 47.698656897004106 ], [ 0.311175029777, 47.698836549405847 ], [ 0.310908910399338, 47.698844236604891 ], [ 0.310920297057534, 47.699023889047005 ], [ 0.31065417665801, 47.6990315756779 ] ] ] } },
{ "type": "Feature", "properties": { "surface_ha": 4.55 }, "geometry": { "type": "Polygon", "coordinates": [ [ [ 0.259722259230985, 47.698871467376691 ], [ 0.259711048518182, 47.698691805701841 ], [ 0.25944491613705, 47.698699373529834 ], [ 0.259422496861105, 47.698340050062434 ], [ 0.258890235417071, 47.698355183680093 ], [ 0.258845405463498, 47.6976365362747 ], [ 0.25911153259487, 47.697628969963425 ], [ 0.259089116449455, 47.697269646309508 ], [ 0.2588229911406, 47.697277212526117 ], [ 0.25881178414262, 47.697097550640336 ], [ 0.258545659636035, 47.697105116193306 ], [ 0.258512042029636, 47.696566130348039 ], [ 0.259044285466455, 47.696550998909842 ], [ 0.259033077993163, 47.696371337040823 ], [ 0.259565319171641, 47.696356203232234 ], [ 0.259554109984929, 47.696176541450235 ], [ 0.260352468201552, 47.69615383625738 ], [ 0.260341256390273, 47.695974174609802 ], [ 0.260607374666596, 47.695966605027024 ], [ 0.260596162053163, 47.695786943419172 ], [ 0.260862279309278, 47.695779373267513 ], [ 0.260851065893711, 47.695599711699344 ], [ 0.261383298256494, 47.695584569642001 ], [ 0.261428159862422, 47.696303215489628 ], [ 0.261694279524936, 47.696295643347064 ], [ 0.261716712804654, 47.696654966130211 ], [ 0.261982834180502, 47.696647393276578 ], [ 0.26199405189518, 47.696827054609287 ], [ 0.26172792960812, 47.696834627510285 ], [ 0.261739146520657, 47.69701428888272 ], [ 0.261206899796879, 47.697029432930641 ], [ 0.26119568470679, 47.696849771463441 ], [ 0.260929562092538, 47.696857342515635 ], [ 0.260951990559311, 47.697216665537134 ], [ 0.260419741358748, 47.697231805982113 ], [ 0.260453379409246, 47.697770790741167 ], [ 0.260719506797814, 47.697763220684706 ], [ 0.260730720610654, 47.697942882208388 ], [ 0.260464592310814, 47.697950452312213 ], [ 0.26050944500746, 47.698669098519851 ], [ 0.259977180790304, 47.698684237257481 ], [ 0.259988392414427, 47.698863898885001 ], [ 0.259722259230985, 47.698871467376691 ] ] ] } },
{ "type": "Feature", "properties": { "surface_ha": 10.78 }, "geometry": { "type": "Polygon", "coordinates": [ [ [ 0.247924883282528, 47.702086031390706 ], [ 0.247913711842491, 47.701906367710876 ], [ 0.247647559981618, 47.701913908558723 ], [ 0.247625219250484, 47.701554581081787 ], [ 0.247359069104004, 47.701562121218863 ], [ 0.247336730630371, 47.701202793617021 ], [ 0.246538285008235, 47.701225410046781 ], [ 0.246527118668795, 47.701045746092888 ], [ 0.246260970822376, 47.701053283622819 ], [ 0.246238640292209, 47.700693955597814 ], [ 0.24597249416016, 47.700701492417025 ], [ 0.245939001913591, 47.700162500180724 ], [ 0.247535860670955, 47.700117270868567 ], [ 0.247547030113222, 47.70029693467194 ], [ 0.247813173770775, 47.700289394248749 ], [ 0.247790833171998, 47.699930066728726 ], [ 0.247524691337307, 47.699937607057535 ], [ 0.247480015088863, 47.69921895173708 ], [ 0.246947738384894, 47.699234030168199 ], [ 0.246903071165193, 47.69851537434814 ], [ 0.24663693629581, 47.698522912450493 ], [ 0.246625770673709, 47.698343248429204 ], [ 0.246359636607098, 47.698350785868058 ], [ 0.246348472004918, 47.698171121791987 ], [ 0.246614605160186, 47.698163584400298 ], [ 0.246603439755238, 47.697983920363733 ], [ 0.246869571890593, 47.697976382402899 ], [ 0.246858405682895, 47.697796718405876 ], [ 0.247390667805202, 47.697781640729573 ], [ 0.247379499883458, 47.697601976819264 ], [ 0.247645629870404, 47.697594437103824 ], [ 0.247634461145954, 47.697414773233035 ], [ 0.248166718971409, 47.697399692047519 ], [ 0.248177889518461, 47.697579355823898 ], [ 0.248444019179557, 47.69757181425949 ], [ 0.248432847721206, 47.697392150530284 ], [ 0.249231233318765, 47.697369522280731 ], [ 0.249186537636382, 47.696650867853897 ], [ 0.249452662306506, 47.696643324060247 ], [ 0.249441487746301, 47.696463660481641 ], [ 0.249175363987424, 47.696471204228075 ], [ 0.24916419044712, 47.696291540594636 ], [ 0.249430313294754, 47.69628399689541 ], [ 0.249396790592069, 47.695745006090853 ], [ 0.249929030494021, 47.695729917126734 ], [ 0.249940206442016, 47.695909580641469 ], [ 0.249674085634162, 47.695917125478879 ], [ 0.249729962448097, 47.696815443174039 ], [ 0.249463836975377, 47.696822987631194 ], [ 0.249553238238352, 47.698260295923873 ], [ 0.249819371001449, 47.698252751089022 ], [ 0.249864077886484, 47.698971404863151 ], [ 0.250130214186293, 47.69896385922312 ], [ 0.250163748225436, 47.699502849331871 ], [ 0.249897609191489, 47.699510395113521 ], [ 0.249908786510542, 47.69969005851506 ], [ 0.249376506293782, 47.699705148323766 ], [ 0.249410033434608, 47.700244138765754 ], [ 0.249676176331584, 47.700236594027935 ], [ 0.249687353173988, 47.700416257446101 ], [ 0.249953496873706, 47.700408712044691 ], [ 0.249998208976063, 47.701127365452102 ], [ 0.249732061630519, 47.701134911042374 ], [ 0.249754416510958, 47.701494237794684 ], [ 0.249488267233751, 47.701501782862969 ], [ 0.24949944392552, 47.701681446274854 ], [ 0.248967143222048, 47.701696534656655 ], [ 0.248978318199493, 47.701876198155325 ], [ 0.248446015238307, 47.701891284165917 ], [ 0.248457188501387, 47.702070947751359 ], [ 0.247924883282528, 47.702086031390706 ] ], [ [ 0.24962029374988, 47.699338276822495 ], [ 0.24988643198113, 47.699330731704386 ], [ 0.249864077886484, 47.698971404863151 ], [ 0.249597941477988, 47.69897894988685 ], [ 0.24962029374988, 47.699338276822495 ] ] ] } },
{ "type": "Feature", "properties": { "surface_ha": 4.51 }, "geometry": { "type": "Polygon", "coordinates": [ [ [ 0.312612252842714, 47.696275282985582 ], [ 0.312600861468155, 47.696095630764489 ], [ 0.312334756420939, 47.696103320939066 ], [ 0.312323366068132, 47.695923668662154 ], [ 0.312057261821158, 47.695931358172466 ], [ 0.31202309416017, 47.695392401151011 ], [ 0.312289195674219, 47.695384711785024 ], [ 0.312277805764411, 47.69520505947721 ], [ 0.312543906256755, 47.695197369543166 ], [ 0.312532515546747, 47.695017717275789 ], [ 0.31279861501739, 47.695010026773701 ], [ 0.312787223507196, 47.694830374546711 ], [ 0.31305332195614, 47.69482268347663 ], [ 0.313064714377269, 47.695002335655502 ], [ 0.313596912764705, 47.694986951570648 ], [ 0.313585518521708, 47.694807299488012 ], [ 0.313851616638314, 47.694799606569504 ], [ 0.31384022159518, 47.694619954527298 ], [ 0.314106318690068, 47.694612261040781 ], [ 0.31408352711437, 47.694252957029477 ], [ 0.31434962227664, 47.694245263023106 ], [ 0.314315433011442, 47.693706307092675 ], [ 0.31484761753824, 47.693690917520449 ], [ 0.31482482160536, 47.693331613720837 ], [ 0.315623092099214, 47.693308525030531 ], [ 0.315634492742802, 47.693488176789728 ], [ 0.31590058359659, 47.693480479279273 ], [ 0.315946190922936, 47.694199086046225 ], [ 0.315680096425659, 47.694206783749372 ], [ 0.315691497623506, 47.694386435469966 ], [ 0.314627114882352, 47.694417220313824 ], [ 0.314638512547426, 47.694596872219343 ], [ 0.315170705961496, 47.694581480933365 ], [ 0.315193505267794, 47.694940784528619 ], [ 0.315459603630414, 47.694933087865103 ], [ 0.315471004360758, 47.69511273960299 ], [ 0.315204905087206, 47.695120436314653 ], [ 0.315216305017462, 47.695300088092971 ], [ 0.314950204722122, 47.69530778423664 ], [ 0.314973003093257, 47.695667087866433 ], [ 0.315771309112457, 47.695643997298028 ], [ 0.315782711197187, 47.695823648956875 ], [ 0.315516608390673, 47.695831346477334 ], [ 0.315528009675291, 47.696010998176618 ], [ 0.314995801907744, 47.696026391465338 ], [ 0.31498440244508, 47.695846739669754 ], [ 0.314718299306021, 47.69585443534173 ], [ 0.314706900865167, 47.695674783490254 ], [ 0.314174696076507, 47.695690172889428 ], [ 0.314186092695415, 47.695869824837203 ], [ 0.313919989223886, 47.695877518660659 ], [ 0.313931385042625, 47.696057170648878 ], [ 0.313665280549308, 47.696064863904319 ], [ 0.313676675567858, 47.696244515932932 ], [ 0.312612252842714, 47.696275282985582 ] ] ] } },
{ "type": "Feature", "properties": { "surface_ha": 4.43 }, "geometry": { "type": "Polygon", "coordinates": [ [ [ 0.279336875030629, 47.697052127059798 ], [ 0.279325597651335, 47.696872468846102 ], [ 0.279591715453548, 47.696864855129256 ], [ 0.279580437272761, 47.696685196955556 ], [ 0.279314320381699, 47.696692810624747 ], [ 0.279303043221722, 47.696513152395724 ], [ 0.279036927132147, 47.696520765401026 ], [ 0.279025650992959, 47.696341107116666 ], [ 0.278759535704874, 47.696348719458129 ], [ 0.278748260586459, 47.696169061118475 ], [ 0.278216031503649, 47.696184283857413 ], [ 0.278204758317107, 47.696004625414808 ], [ 0.277938644522394, 47.696012235812312 ], [ 0.277961189182834, 47.696371552785052 ], [ 0.277695073456255, 47.696379162661508 ], [ 0.277706345039749, 47.696558821184013 ], [ 0.277174111435509, 47.696574039183503 ], [ 0.277140302480639, 47.696035063307413 ], [ 0.276874188247547, 47.696042671239972 ], [ 0.276862919726206, 47.695863012551662 ], [ 0.276596806294662, 47.695870619820397 ], [ 0.276585538794006, 47.695690961076814 ], [ 0.276319426164011, 47.695698567681724 ], [ 0.276296893313578, 47.695339250076337 ], [ 0.276030782396235, 47.695346855969817 ], [ 0.276019517046431, 47.695167197108042 ], [ 0.275753406930638, 47.695174802337725 ], [ 0.275742142601452, 47.694995143420684 ], [ 0.275476033287209, 47.695002747986557 ], [ 0.275464769978626, 47.694823089014243 ], [ 0.277061418754557, 47.694777452661327 ], [ 0.27703888153327, 47.694418135264797 ], [ 0.277304987457037, 47.694410527144456 ], [ 0.277293718099712, 47.694230868482308 ], [ 0.277559823002864, 47.694223259793375 ], [ 0.277604904733847, 47.694941894205535 ], [ 0.277871013171611, 47.694934284709959 ], [ 0.277904828353786, 47.695473260295685 ], [ 0.278170939415187, 47.695465650041044 ], [ 0.278137121499775, 47.694926674598193 ], [ 0.278403229718331, 47.694919063870202 ], [ 0.278414503158261, 47.695098722311208 ], [ 0.279212829889385, 47.695075886287114 ], [ 0.279257935678352, 47.695794519402831 ], [ 0.279524048013789, 47.695786905971829 ], [ 0.279512770490978, 47.695607247752029 ], [ 0.279778881805658, 47.695599633752465 ], [ 0.279801438783142, 47.695958950089057 ], [ 0.280067551810358, 47.69595133537797 ], [ 0.280078831374717, 47.696130993487095 ], [ 0.280344945203364, 47.696123378112127 ], [ 0.280356225788522, 47.696303036165936 ], [ 0.280888454938981, 47.696287803471982 ], [ 0.280899737456084, 47.696467461422813 ], [ 0.28063362202458, 47.696475078125538 ], [ 0.280644903740257, 47.696654736116336 ], [ 0.279846554054156, 47.696677582670119 ], [ 0.279869112347704, 47.69703689891459 ], [ 0.279336875030629, 47.697052127059798 ] ], [ [ 0.279835275071893, 47.696497924536366 ], [ 0.280101390832474, 47.696490309682339 ], [ 0.280090111048755, 47.696310651588533 ], [ 0.279823996199306, 47.696318266394954 ], [ 0.279835275071893, 47.696497924536366 ] ] ] } },
{ "type": "Feature", "properties": { "surface_ha": 4.87 }, "geometry": { "type": "Polygon", "coordinates": [ [ [ 0.32184593105777, 47.694748183100366 ], [ 0.321834508576509, 47.694568532511724 ], [ 0.322100603254325, 47.694560820493152 ], [ 0.322077756803231, 47.694201519389125 ], [ 0.321811663947169, 47.694209231311177 ], [ 0.321800241799088, 47.694029580699329 ], [ 0.322066333744286, 47.694021868825523 ], [ 0.322054910796408, 47.693842218254161 ], [ 0.321788819762063, 47.693849930079701 ], [ 0.321777397836094, 47.693670279452405 ], [ 0.320713036231646, 47.693701120400604 ], [ 0.320701618060095, 47.693521469572595 ], [ 0.320169438413411, 47.693536886253611 ], [ 0.320158022174545, 47.693357235321429 ], [ 0.318561486035829, 47.693403470288672 ], [ 0.318550075372958, 47.693223819059476 ], [ 0.31828398653898, 47.693231522682801 ], [ 0.318204121380852, 47.691973963524681 ], [ 0.318736286186645, 47.691958556336743 ], [ 0.318724875500524, 47.691778905093969 ], [ 0.318990956826246, 47.691771200624103 ], [ 0.319002368423132, 47.691950851818667 ], [ 0.319268450548663, 47.691943146684537 ], [ 0.319257038041017, 47.691763495538154 ], [ 0.319523119144828, 47.691755789836144 ], [ 0.319534532563235, 47.69193544093433 ], [ 0.320332777941097, 47.691912319987289 ], [ 0.320321361790414, 47.69173266903379 ], [ 0.320853522999176, 47.691717252085205 ], [ 0.320876359054579, 47.692076553791587 ], [ 0.320610276684183, 47.692084262670356 ], [ 0.320644528867562, 47.692623215316651 ], [ 0.320910613970302, 47.692615506293166 ], [ 0.320922032497579, 47.692795157111561 ], [ 0.321188118400094, 47.692787447423775 ], [ 0.3211995379492, 47.692967098186209 ], [ 0.321465624651492, 47.692959387834087 ], [ 0.321477045222442, 47.693139038540544 ], [ 0.321743132724505, 47.6931313275241 ], [ 0.321754554317317, 47.693310978174608 ], [ 0.322286730809921, 47.693295554196901 ], [ 0.322298154335438, 47.693475204743173 ], [ 0.32256424332597, 47.693467491781924 ], [ 0.322575667873391, 47.693647142272191 ], [ 0.322841757663675, 47.693639428646577 ], [ 0.322864608913453, 47.693998729507456 ], [ 0.323130700414337, 47.693991015169182 ], [ 0.323142127116721, 47.694170665539751 ], [ 0.322876034704981, 47.694178379926257 ], [ 0.322898886621316, 47.69453768074073 ], [ 0.322632792276738, 47.694545394607665 ], [ 0.322644217490664, 47.694725045051555 ], [ 0.32184593105777, 47.694748183100366 ] ] ] } },
{ "type": "Feature", "properties": { "surface_ha": 11.69 }, "geometry": { "type": "Polygon", "coordinates": [ [ [ 0.338424002990654, 47.695526402802194 ], [ 0.338412523255517, 47.695346755266748 ], [ 0.338146428993259, 47.695354505206858 ], [ 0.338100514812252, 47.694635914793544 ], [ 0.337568333239704, 47.694651412437651 ], [ 0.337556856795114, 47.694471764718003 ], [ 0.336758586331914, 47.694495006418002 ], [ 0.336793007802895, 47.69503394999002 ], [ 0.335994728138094, 47.695057186581359 ], [ 0.335983256935428, 47.694877538586361 ], [ 0.33545107175625, 47.694893026469828 ], [ 0.335439602486809, 47.69471337837021 ], [ 0.335173510640789, 47.694721121339342 ], [ 0.335150574258121, 47.694361825019975 ], [ 0.335416664282472, 47.694354082147711 ], [ 0.335382257812298, 47.693815137755912 ], [ 0.335648344992704, 47.693807394412929 ], [ 0.335636875481537, 47.693627746315286 ], [ 0.335902961639633, 47.693620002404693 ], [ 0.335891491329197, 47.693440354347736 ], [ 0.336423661489246, 47.693424864775217 ], [ 0.336435133621244, 47.693604512735234 ], [ 0.336967305156689, 47.693589020601479 ], [ 0.336944357361136, 47.693229724867564 ], [ 0.33721044113998, 47.693221977973522 ], [ 0.33717601755107, 47.692683034459947 ], [ 0.337442098486102, 47.692675287095248 ], [ 0.337396198286534, 47.691956695829248 ], [ 0.337662275467129, 47.691948948042437 ], [ 0.337639324215358, 47.691589652459875 ], [ 0.337905399463003, 47.691581904153999 ], [ 0.33788244683617, 47.691222608637425 ], [ 0.338148520150896, 47.691214859812426 ], [ 0.33813704309419, 47.69103521209103 ], [ 0.337870970690121, 47.691042960867506 ], [ 0.337848018732744, 47.690683665304441 ], [ 0.33731587723247, 47.690699160815434 ], [ 0.33732735133409, 47.690878808697818 ], [ 0.337061279505972, 47.690886555577784 ], [ 0.337049806314997, 47.690706907646948 ], [ 0.33651766414542, 47.690722399461897 ], [ 0.336506192887261, 47.690542751426406 ], [ 0.336240122545814, 47.690550496361411 ], [ 0.336228652309814, 47.690370848269716 ], [ 0.336494721740633, 47.690363103383135 ], [ 0.336483250705527, 47.690183455332196 ], [ 0.3367493191142, 47.690175709878091 ], [ 0.33673784728001, 47.689996061867809 ], [ 0.336471779781948, 47.690003807273442 ], [ 0.33646030896989, 47.689824159206985 ], [ 0.336726375557352, 47.689816413849798 ], [ 0.336714903946222, 47.689636765824019 ], [ 0.33698096951156, 47.689629019899328 ], [ 0.336992442033281, 47.689808667876633 ], [ 0.337790640791799, 47.689785426261224 ], [ 0.337802116156851, 47.689965074085343 ], [ 0.338334249925906, 47.689949576498179 ], [ 0.338345727223731, 47.6901292242176 ], [ 0.338877862367646, 47.690113724069469 ], [ 0.338889341598277, 47.690293371684149 ], [ 0.33915540991344, 47.690285620637617 ], [ 0.339166890166289, 47.690465268196064 ], [ 0.339432959280453, 47.690457516485033 ], [ 0.339455921942256, 47.690816811481682 ], [ 0.33972199276605, 47.690809059057621 ], [ 0.339756440327906, 47.691348001348985 ], [ 0.340022513772002, 47.691340248163378 ], [ 0.340102901698618, 47.692597779565716 ], [ 0.339836821879683, 47.692605533090884 ], [ 0.339905724706941, 47.693683417138836 ], [ 0.339639639311858, 47.693691170339015 ], [ 0.339651122596414, 47.69387081770175 ], [ 0.339385036178901, 47.693878570334341 ], [ 0.339396518664316, 47.694058217737819 ], [ 0.33913043122437, 47.69406596980285 ], [ 0.339141912910625, 47.69424561724707 ], [ 0.338875824448245, 47.694253368744533 ], [ 0.338887305335325, 47.69443301622951 ], [ 0.339419483970076, 47.69441751252149 ], [ 0.339430966790424, 47.694597159901711 ], [ 0.339164876618048, 47.694604912112254 ], [ 0.33918784077202, 47.694964206946459 ], [ 0.338921748666342, 47.694971958637908 ], [ 0.338933229999942, 47.695151606091898 ], [ 0.339199323016467, 47.695143854351933 ], [ 0.339210805372557, 47.695323501749641 ], [ 0.338944711445175, 47.695331253538136 ], [ 0.338956193002043, 47.695510900976586 ], [ 0.338424002990654, 47.695526402802194 ] ], [ [ 0.338841382456753, 47.693714426243133 ], [ 0.339107468186755, 47.693706674891168 ], [ 0.339084505595665, 47.693347379948506 ], [ 0.339350589392498, 47.693339628077446 ], [ 0.339316143610827, 47.692800685750782 ], [ 0.338783981370028, 47.692816188585809 ], [ 0.338841382456753, 47.693714426243133 ] ], [ [ 0.338414593354036, 47.691207110371465 ], [ 0.338680666445583, 47.691199360314464 ], [ 0.338669187567567, 47.691019712690029 ], [ 0.338403115386677, 47.691027462698514 ], [ 0.338414593354036, 47.691207110371465 ] ], [ [ 0.338669187567567, 47.691019712690029 ], [ 0.338935259636858, 47.691011962065502 ], [ 0.338923779959801, 47.690832314481767 ], [ 0.338657708801153, 47.690840065057813 ], [ 0.338669187567567, 47.691019712690029 ] ] ] } },
{ "type": "Feature", "properties": { "surface_ha": 1.32 }, "geometry": { "type": "Polygon", "coordinates": [ [ [ 0.22646568264266, 47.695672828797676 ], [ 0.22627707862984, 47.692618476987903 ], [ 0.226543188811471, 47.692610986800361 ], [ 0.226554283213288, 47.692790654567908 ], [ 0.226820394198185, 47.692783163717252 ], [ 0.226853680784401, 47.693322166833582 ], [ 0.22658756706603, 47.693329657824833 ], [ 0.226598661899374, 47.693509325561948 ], [ 0.226864776528922, 47.693501834523779 ], [ 0.226898064409853, 47.694040837548741 ], [ 0.227164181665088, 47.694033345753695 ], [ 0.227186375947624, 47.694392680971831 ], [ 0.226920256869963, 47.694400172860682 ], [ 0.226986836839936, 47.695478178613754 ], [ 0.226720712186865, 47.695485670167571 ], [ 0.226731808314916, 47.695665337813324 ], [ 0.22646568264266, 47.695672828797676 ] ] ] } },
{ "type": "Feature", "properties": { "surface_ha": 1.84 }, "geometry": { "type": "Polygon", "coordinates": [ [ [ 0.315311404222858, 47.692597614570097 ], [ 0.315300005044298, 47.692417962724114 ], [ 0.314767833712503, 47.692433354086688 ], [ 0.314733642306571, 47.691894398213599 ], [ 0.314467559206832, 47.691902092826304 ], [ 0.314444767311806, 47.691542788776012 ], [ 0.314178685922812, 47.691550482676369 ], [ 0.314144501643516, 47.69101152639864 ], [ 0.313612343997694, 47.691026912062348 ], [ 0.313600951280972, 47.690847259858081 ], [ 0.313334873202644, 47.690854951717732 ], [ 0.313323481507417, 47.690675299457588 ], [ 0.313855635731854, 47.690659915218497 ], [ 0.313867029248536, 47.690839567382383 ], [ 0.314399184851328, 47.690824180582837 ], [ 0.314376394285849, 47.69046487643989 ], [ 0.314642470099621, 47.690457182212334 ], [ 0.3146196781559, 47.690097878134807 ], [ 0.314885752037472, 47.690090183387454 ], [ 0.314908545802592, 47.690449487368674 ], [ 0.315174621394757, 47.690441791909038 ], [ 0.315220213897607, 47.691160399586202 ], [ 0.315752372035265, 47.691145006433501 ], [ 0.315775172594616, 47.69150431003316 ], [ 0.315243010813958, 47.691519703378518 ], [ 0.315254409438371, 47.691699355263069 ], [ 0.315520491294881, 47.691691658850289 ], [ 0.315577490633317, 47.692589917916507 ], [ 0.315311404222858, 47.692597614570097 ] ], [ [ 0.315022521276889, 47.692246006811629 ], [ 0.315288605976573, 47.692238310870444 ], [ 0.315277207019678, 47.692058659009035 ], [ 0.315011123230784, 47.692066354902053 ], [ 0.315022521276889, 47.692246006811629 ] ], [ [ 0.314433371530492, 47.691363136739277 ], [ 0.314699451897926, 47.691355442271004 ], [ 0.314676658846195, 47.690996138270698 ], [ 0.314410580300253, 47.691003832642672 ], [ 0.314433371530492, 47.691363136739277 ] ] ] } },
{ "type": "Feature", "properties": { "surface_ha": 5.15 }, "geometry": { "type": "Polygon", "coordinates": [ [ [ 0.295309285388295, 47.69245448585167 ], [ 0.29529795496489, 47.69227483037411 ], [ 0.295564045108912, 47.692267180168436 ], [ 0.295552713884807, 47.692087524731051 ], [ 0.295286624651653, 47.692095174888841 ], [ 0.295275294448577, 47.691915519395891 ], [ 0.295009206016116, 47.691923168889709 ], [ 0.294997876834054, 47.691743513341187 ], [ 0.29473178920229, 47.691751162171016 ], [ 0.294754445854858, 47.692110473356053 ], [ 0.295020535308331, 47.692102824430521 ], [ 0.295031864710704, 47.69228247996363 ], [ 0.294499683871872, 47.692297777294357 ], [ 0.294465701460383, 47.691758810384755 ], [ 0.294199613608342, 47.691766457982368 ], [ 0.294188287268961, 47.691586802282593 ], [ 0.293922200217641, 47.691594449216268 ], [ 0.293933525646171, 47.691774104963876 ], [ 0.293401349391496, 47.691789397078566 ], [ 0.293333409401916, 47.690711461903383 ], [ 0.294131657223902, 47.690688523668335 ], [ 0.294120331545249, 47.690508867922418 ], [ 0.29385424995882, 47.690516514568998 ], [ 0.293831600753421, 47.690157202958346 ], [ 0.294363760173045, 47.690141909240495 ], [ 0.294375086542241, 47.690321564953948 ], [ 0.29490724734292, 47.690306268676046 ], [ 0.294895919152179, 47.690126613058297 ], [ 0.295161998476541, 47.69011896404308 ], [ 0.29517332757805, 47.690298619613017 ], [ 0.295439407703034, 47.690290969933869 ], [ 0.295462068058072, 47.690650280954856 ], [ 0.296526394742548, 47.690619675694563 ], [ 0.296515060866816, 47.690440020379413 ], [ 0.296781141351686, 47.690432367572029 ], [ 0.296803811034913, 47.690791678098847 ], [ 0.296537728728477, 47.690799331002012 ], [ 0.296549062824605, 47.690978986301772 ], [ 0.297347312145673, 47.690956025600372 ], [ 0.297369986133383, 47.691315335889485 ], [ 0.296837816386317, 47.691330643831407 ], [ 0.296826481158972, 47.691150988594913 ], [ 0.296294312792688, 47.691166293976693 ], [ 0.296328313340409, 47.691705259950353 ], [ 0.297126573921936, 47.691682300522594 ], [ 0.297137910390758, 47.691861955688083 ], [ 0.296871822729621, 47.691869609494674 ], [ 0.296883158397817, 47.69204926470038 ], [ 0.297681423783094, 47.692026301288614 ], [ 0.297658747091856, 47.691666991156879 ], [ 0.297392660562012, 47.691674646147774 ], [ 0.297381323292581, 47.691494991022473 ], [ 0.298179579818901, 47.691472024345188 ], [ 0.29820225993298, 47.691831334300687 ], [ 0.297936172712792, 47.691838990571682 ], [ 0.297958851446213, 47.692198300592239 ], [ 0.297426673031694, 47.692213611477548 ], [ 0.297438010742058, 47.69239326657204 ], [ 0.297171920458574, 47.692400921138422 ], [ 0.297160583659076, 47.692221265996025 ], [ 0.296894494176231, 47.692228919898348 ], [ 0.296905830064863, 47.692408575088685 ], [ 0.295309285388295, 47.69245448585167 ] ] ] } },
{ "type": "Feature", "properties": { "surface_ha": 2.28 }, "geometry": { "type": "Polygon", "coordinates": [ [ [ 0.275850549943317, 47.692472313260602 ], [ 0.275805496211061, 47.691753677276452 ], [ 0.275539403404288, 47.691761281602027 ], [ 0.275516879017064, 47.691401963468763 ], [ 0.275250787922605, 47.691409567083042 ], [ 0.275262049150558, 47.691589226201096 ], [ 0.274995957035701, 47.691596829246812 ], [ 0.274973436511091, 47.691237510907911 ], [ 0.274707346108553, 47.69124511324236 ], [ 0.274741124326974, 47.69178409088191 ], [ 0.274475031082234, 47.691791692742918 ], [ 0.274452513982304, 47.691432374229088 ], [ 0.274186422449926, 47.691439975378835 ], [ 0.274220195531264, 47.691978953280774 ], [ 0.273954101156663, 47.691986553957051 ], [ 0.273920330808089, 47.691447575912413 ], [ 0.273654239056803, 47.69145517582988 ], [ 0.273631727860133, 47.691095857000015 ], [ 0.27389781778962, 47.691088257177675 ], [ 0.273909074244131, 47.691267916548895 ], [ 0.274175164975064, 47.691260316062845 ], [ 0.274141393207215, 47.690721338068855 ], [ 0.274407481096038, 47.690713737109377 ], [ 0.274362449961155, 47.689995099866948 ], [ 0.27462853409711, 47.689987498481585 ], [ 0.27465105126732, 47.690346817023006 ], [ 0.274917137115492, 47.690339214926404 ], [ 0.274939656545293, 47.690698533342029 ], [ 0.275205744105706, 47.690690930534153 ], [ 0.27517196239266, 47.690151953041948 ], [ 0.275438047111025, 47.6901443497607 ], [ 0.275449308483401, 47.690324008884851 ], [ 0.275715394003117, 47.690316404939878 ], [ 0.275704131719902, 47.690136745863313 ], [ 0.275970216219274, 47.69012914134985 ], [ 0.275981479413331, 47.690308800378844 ], [ 0.276247564714033, 47.690301195201656 ], [ 0.27627009325239, 47.690660513141502 ], [ 0.276004006129982, 47.690668118413846 ], [ 0.2759927427169, 47.690488459400179 ], [ 0.275726656395836, 47.690496064008812 ], [ 0.27573791889806, 47.690675723070058 ], [ 0.275471831556631, 47.690683327110158 ], [ 0.275494355067849, 47.69104264530479 ], [ 0.276026533284691, 47.691027436418146 ], [ 0.27603779702632, 47.691207095408799 ], [ 0.276569976626859, 47.69119188396246 ], [ 0.276581242299791, 47.691371542850256 ], [ 0.276315151643393, 47.691379148929087 ], [ 0.276326416514961, 47.691558807856794 ], [ 0.276060324838133, 47.691566413367077 ], [ 0.276105381776023, 47.692285049191575 ], [ 0.276371477096546, 47.692277443490944 ], [ 0.276382742515777, 47.692457102380324 ], [ 0.275850549943317, 47.692472313260602 ] ], [ [ 0.274696086921363, 47.691065454013817 ], [ 0.274962176413009, 47.691057851726953 ], [ 0.274939656545293, 47.690698533342029 ], [ 0.274673568875401, 47.690706135533745 ], [ 0.274696086921363, 47.691065454013817 ] ] ] } },
{ "type": "Feature", "properties": { "surface_ha": 3.07 }, "geometry": { "type": "Polygon", "coordinates": [ [ [ 0.28856651510429, 47.691208288348768 ], [ 0.288555208332713, 47.691028631614259 ], [ 0.288289122614223, 47.691036265418496 ], [ 0.288266511222523, 47.690676951830888 ], [ 0.288532595119362, 47.690669318122218 ], [ 0.288509982345736, 47.690310004599404 ], [ 0.288776064311028, 47.690302370370148 ], [ 0.288787371553679, 47.690482027087633 ], [ 0.289585619522295, 47.690459120560043 ], [ 0.289574309547244, 47.690279463985902 ], [ 0.290106472488252, 47.690264189982628 ], [ 0.290095160801588, 47.690084533496361 ], [ 0.290893401655862, 47.690061618014155 ], [ 0.290882087346852, 47.689881961663581 ], [ 0.291148166500834, 47.689874321985151 ], [ 0.291136851391067, 47.689694665674693 ], [ 0.291669007547459, 47.689679384565231 ], [ 0.291657690726196, 47.68949972834271 ], [ 0.292189844620965, 47.68948444486459 ], [ 0.29221248201654, 47.689843757110744 ], [ 0.292478560620364, 47.689836114351948 ], [ 0.292535160589107, 47.690734394593605 ], [ 0.291204743699915, 47.690772603422168 ], [ 0.291216059469789, 47.690952259686469 ], [ 0.289087379439883, 47.691013362157527 ], [ 0.289098688033132, 47.69119301879649 ], [ 0.28856651510429, 47.691208288348768 ] ] ] } },
{ "type": "Feature", "properties": { "surface_ha": 3.07 }, "geometry": { "type": "Polygon", "coordinates": [ [ [ 0.229004792822249, 47.693621551340392 ], [ 0.228960380902629, 47.692902882064836 ], [ 0.228694269869948, 47.69291037789241 ], [ 0.228627660696006, 47.691832373469239 ], [ 0.228361555022085, 47.691839868399128 ], [ 0.228350454781993, 47.691660200921739 ], [ 0.229148768746654, 47.691637714424004 ], [ 0.229137665881264, 47.691458047079685 ], [ 0.229669872829104, 47.691443053093913 ], [ 0.22965876824954, 47.691263385835782 ], [ 0.229924870650436, 47.691255887965497 ], [ 0.229947081739678, 47.691615222380257 ], [ 0.230745393760822, 47.691592724790524 ], [ 0.230723177205191, 47.69123339065731 ], [ 0.231521482787854, 47.69121088780323 ], [ 0.231532593744836, 47.691390554732813 ], [ 0.231266491080917, 47.691398056347332 ], [ 0.231288711496858, 47.691757390277573 ], [ 0.231022606902771, 47.691764891369765 ], [ 0.231044825928663, 47.692124225363401 ], [ 0.230512612772066, 47.692139225886812 ], [ 0.230490397390534, 47.691779891705437 ], [ 0.230224292472404, 47.691787390948939 ], [ 0.230313149301823, 47.69322472786709 ], [ 0.23004703698674, 47.693232226869767 ], [ 0.230058143665276, 47.693411893997151 ], [ 0.229792030331034, 47.693419392430513 ], [ 0.2298031362064, 47.693599059597219 ], [ 0.229004792822249, 47.693621551340392 ] ] ] } },
{ "type": "Feature", "properties": { "surface_ha": 1.4 }, "geometry": { "type": "Polygon", "coordinates": [ [ [ 0.312027255765064, 47.691252706753339 ], [ 0.312015868402078, 47.691073054268038 ], [ 0.311749788748587, 47.69108074247945 ], [ 0.311738402407063, 47.690901089938357 ], [ 0.311472323553615, 47.690908777485589 ], [ 0.311449553024149, 47.690549472284047 ], [ 0.311183475881476, 47.690557159119017 ], [ 0.311149323649617, 47.69001820111459 ], [ 0.310883249128403, 47.690025887189243 ], [ 0.310871866183178, 47.689846234457583 ], [ 0.310605792461994, 47.689853919868099 ], [ 0.310594410538129, 47.689674267080626 ], [ 0.310328337616975, 47.689681951827012 ], [ 0.310316956714451, 47.689502298983768 ], [ 0.310050884593331, 47.689509983066039 ], [ 0.310016745281655, 47.688971024345761 ], [ 0.31054888394925, 47.688955655853611 ], [ 0.310526121318745, 47.688596350193862 ], [ 0.310792188665283, 47.688588665119909 ], [ 0.310803570835848, 47.688768317905577 ], [ 0.311069638982359, 47.688760632167529 ], [ 0.31108102217423, 47.68894028489742 ], [ 0.310814953117072, 47.688947970683536 ], [ 0.310860483348622, 47.6896665817182 ], [ 0.311392628637595, 47.689651209145218 ], [ 0.311404013293525, 47.689830861788401 ], [ 0.311670086682674, 47.689823174529778 ], [ 0.311704244046714, 47.690362132268781 ], [ 0.311970320057272, 47.690354444249813 ], [ 0.312004481149808, 47.690893401775064 ], [ 0.312536638303145, 47.690878023600291 ], [ 0.312548027376905, 47.691057675997065 ], [ 0.312281947944853, 47.6910653654406 ], [ 0.312293336218592, 47.691245017877733 ], [ 0.312027255765064, 47.691252706753339 ] ] ] } },
{ "type": "Feature", "properties": { "surface_ha": 1.4 }, "geometry": { "type": "Polygon", "coordinates": [ [ [ 0.318310477078672, 47.68945114146193 ], [ 0.318287660744761, 47.689091838655969 ], [ 0.318021592857604, 47.689099541170776 ], [ 0.318010185767644, 47.688919889707982 ], [ 0.318276252744174, 47.688912187241392 ], [ 0.318264844854501, 47.688732535819099 ], [ 0.317998778788587, 47.688740238237507 ], [ 0.317975965163175, 47.688380935273372 ], [ 0.318242029407882, 47.688373232951349 ], [ 0.318230621850934, 47.688193581505871 ], [ 0.318496685074144, 47.688185878616039 ], [ 0.318485276717522, 47.688006227211048 ], [ 0.319017401010032, 47.687990819679833 ], [ 0.319028811187811, 47.688170470988403 ], [ 0.319294874078246, 47.688162766250613 ], [ 0.319317696587781, 47.68852206874822 ], [ 0.319583761188454, 47.688514363298033 ], [ 0.319595173520238, 47.688694014487012 ], [ 0.319329108008964, 47.688701719985431 ], [ 0.319363342938189, 47.689240673650723 ], [ 0.319629411181319, 47.689232968007644 ], [ 0.319640823956929, 47.689412619165751 ], [ 0.318310477078672, 47.68945114146193 ] ] ] } },
{ "type": "Feature", "properties": { "surface_ha": 1.48 }, "geometry": { "type": "Polygon", "coordinates": [ [ [ 0.244848745625352, 47.691194352917456 ], [ 0.24482643250074, 47.690835023769722 ], [ 0.24456033616051, 47.690842556147018 ], [ 0.24453802529176, 47.69048322687447 ], [ 0.244271930665013, 47.69049075854133 ], [ 0.244260776304301, 47.690311093846461 ], [ 0.243994682480064, 47.690318624850057 ], [ 0.243972375905911, 47.689959295343208 ], [ 0.245302834832966, 47.689921634634949 ], [ 0.245313992620545, 47.690101299156545 ], [ 0.246112269407803, 47.690078695196242 ], [ 0.246123430036717, 47.690258359568773 ], [ 0.246389522993063, 47.69025082363585 ], [ 0.246378361453204, 47.690071159310484 ], [ 0.246644453390078, 47.69006362280858 ], [ 0.246666778400221, 47.690422951357341 ], [ 0.246134590774148, 47.690438023933645 ], [ 0.246156912574567, 47.69079735264048 ], [ 0.245092528732497, 47.690827490776208 ], [ 0.245114843679092, 47.691186819829703 ], [ 0.244848745625352, 47.691194352917456 ] ] ] } },
{ "type": "Feature", "properties": { "surface_ha": 2.24 }, "geometry": { "type": "Polygon", "coordinates": [ [ [ 0.254417017737399, 47.690743110694967 ], [ 0.254394639240631, 47.690383784930575 ], [ 0.254128547722074, 47.690391339442641 ], [ 0.254072607938542, 47.689493024661559 ], [ 0.25433869490257, 47.689485470385847 ], [ 0.254327506361325, 47.689305807453955 ], [ 0.255125763868025, 47.689283141071833 ], [ 0.255114572702961, 47.689103478274134 ], [ 0.255380657410051, 47.68909592162845 ], [ 0.25539184948598, 47.689275584378876 ], [ 0.255657934995113, 47.689268027069787 ], [ 0.255646742008321, 47.689088364366647 ], [ 0.255912826497763, 47.689080806488718 ], [ 0.255924020395418, 47.689260469144578 ], [ 0.256722275943265, 47.68923779167217 ], [ 0.256733472682362, 47.689417454178468 ], [ 0.256999558558126, 47.689409893741455 ], [ 0.257010756316966, 47.689589556192757 ], [ 0.256744669530326, 47.689597116677106 ], [ 0.256755866487161, 47.689776779168092 ], [ 0.256223690765519, 47.689791898382978 ], [ 0.256246081362198, 47.690151223531231 ], [ 0.25518172132555, 47.690181454945659 ], [ 0.255204105070282, 47.690540780441616 ], [ 0.254671920755311, 47.6905558926411 ], [ 0.254683110969034, 47.690735555472202 ], [ 0.254417017737399, 47.690743110694967 ] ] ] } },
{ "type": "Feature", "properties": { "surface_ha": 1.92 }, "geometry": { "type": "Polygon", "coordinates": [ [ [ 0.291114221501567, 47.689335353030707 ], [ 0.291102906721833, 47.689155696697128 ], [ 0.290836831210853, 47.689163336184365 ], [ 0.290802890263855, 47.688624366994198 ], [ 0.291068963042676, 47.688616727650384 ], [ 0.291046334473262, 47.688257414914133 ], [ 0.291312405320684, 47.688249775049869 ], [ 0.291301090290297, 47.688070118717974 ], [ 0.291833229833737, 47.688054837236983 ], [ 0.291821913092015, 47.687875180993004 ], [ 0.292354050374006, 47.687859897143476 ], [ 0.292331413578011, 47.687500584823759 ], [ 0.292597480232636, 47.687492942070605 ], [ 0.292608799486262, 47.687672598186467 ], [ 0.292874866941489, 47.687664954769438 ], [ 0.292942790238442, 47.688742891016268 ], [ 0.292676717319141, 47.688750534720242 ], [ 0.29268803734315, 47.68893019078228 ], [ 0.292155889352948, 47.688945476437695 ], [ 0.292167207665577, 47.689125132587684 ], [ 0.291368982122803, 47.689148056593901 ], [ 0.291380297813274, 47.689327712879617 ], [ 0.291114221501567, 47.689335353030707 ] ] ] } },
{ "type": "Feature", "properties": { "surface_ha": 7.14 }, "geometry": { "type": "Polygon", "coordinates": [ [ [ 0.320994003051745, 47.689733383280021 ], [ 0.320891249090802, 47.688116524888137 ], [ 0.321157311204467, 47.688108815838433 ], [ 0.321145893742119, 47.68792916491558 ], [ 0.321411954834214, 47.687921455298159 ], [ 0.321423373207129, 47.688101106172759 ], [ 0.321689435098778, 47.688093395891059 ], [ 0.321678015815299, 47.687913745064748 ], [ 0.321944076685366, 47.687906034215317 ], [ 0.321955496879406, 47.688085684993439 ], [ 0.322221558549005, 47.688077973479807 ], [ 0.322232979764645, 47.688257624201945 ], [ 0.322499042233775, 47.688249912024077 ], [ 0.322510464471031, 47.688429562690217 ], [ 0.322776527739688, 47.688421849848133 ], [ 0.322753681555079, 47.688062548604606 ], [ 0.323285804116932, 47.688047121265477 ], [ 0.323274379370099, 47.687867470728683 ], [ 0.32380649966655, 47.68785204102219 ], [ 0.323783646863941, 47.687492740118408 ], [ 0.324049705024459, 47.687485024437763 ], [ 0.324026850845153, 47.687125723599614 ], [ 0.322962624820776, 47.687156582240313 ], [ 0.322928355311024, 47.6866176303459 ], [ 0.323194409252218, 47.686609916754477 ], [ 0.323205833221574, 47.686789567345393 ], [ 0.323471887962199, 47.686781853089727 ], [ 0.32348331295312, 47.686961503624673 ], [ 0.324281479240021, 47.686938357017191 ], [ 0.324270051517602, 47.686758706627046 ], [ 0.325068214073113, 47.686735554620867 ], [ 0.325056783730338, 47.686555904367893 ], [ 0.325322836782785, 47.686548185848871 ], [ 0.325334268036044, 47.686727836053549 ], [ 0.32560032188784, 47.686720116870305 ], [ 0.325588889724101, 47.686540466713936 ], [ 0.325854942554273, 47.686532746963053 ], [ 0.325923542666903, 47.687610647495646 ], [ 0.326189600848931, 47.687602926838963 ], [ 0.326201035500616, 47.687782576852413 ], [ 0.325934976408056, 47.687790297557349 ], [ 0.325969278298482, 47.688329247696068 ], [ 0.325703216363109, 47.688336967929985 ], [ 0.325714649638343, 47.688516618009032 ], [ 0.325182523613, 47.688532056725514 ], [ 0.325193955178231, 47.688711706893464 ], [ 0.324395762574945, 47.688734860493142 ], [ 0.324407191519544, 47.688914510798213 ], [ 0.323342929517221, 47.688945373833668 ], [ 0.323377206090348, 47.689484325281825 ], [ 0.322845068958961, 47.689499753393171 ], [ 0.322856492884233, 47.689679403956937 ], [ 0.320994003051745, 47.689733383280021 ] ], [ [ 0.322799374368529, 47.688781151060709 ], [ 0.323065439347306, 47.688773437506114 ], [ 0.323042590897286, 47.688414136390016 ], [ 0.322776527739688, 47.688421849848133 ], [ 0.322799374368529, 47.688781151060709 ] ] ] } },
{ "type": "Feature", "properties": { "surface_ha": 2.2 }, "geometry": { "type": "Polygon", "coordinates": [ [ [ 0.327820268284476, 47.688095539111046 ], [ 0.327808827947186, 47.687915889403051 ], [ 0.32754276861124, 47.687923613852121 ], [ 0.327531329295703, 47.687743964088064 ], [ 0.327265270759077, 47.687751687872868 ], [ 0.327253832465278, 47.687572038052714 ], [ 0.327519890091379, 47.687564314316234 ], [ 0.327485573145676, 47.687025364954415 ], [ 0.326953463245317, 47.68704081152147 ], [ 0.326987774727972, 47.687579761173239 ], [ 0.326455658919792, 47.68759520556636 ], [ 0.326432788128889, 47.687235905613001 ], [ 0.326166731879064, 47.687243626788998 ], [ 0.326155297560879, 47.687063976752398 ], [ 0.326421352900201, 47.687056255624697 ], [ 0.326409917782681, 47.686876605628676 ], [ 0.326675972100338, 47.686868883933329 ], [ 0.326653100377854, 47.686509584014715 ], [ 0.326919152763371, 47.686501861800082 ], [ 0.326942026306814, 47.686861161622062 ], [ 0.32747413438619, 47.686845715151648 ], [ 0.327451257200841, 47.68648641552295 ], [ 0.327983361193493, 47.686470966782117 ], [ 0.327971920946701, 47.686291317052785 ], [ 0.328770073370128, 47.68626813946701 ], [ 0.328781516348294, 47.686447789051286 ], [ 0.328515464741262, 47.686455515577507 ], [ 0.328584119483581, 47.68753341321078 ], [ 0.328850176553535, 47.687525686394494 ], [ 0.328884508158091, 47.688064634961677 ], [ 0.327820268284476, 47.688095539111046 ] ] ] } },
{ "type": "Feature", "properties": { "surface_ha": 12.65 }, "geometry": { "type": "Polygon", "coordinates": [ [ [ 0.333127488030543, 47.691900928026072 ], [ 0.333116027942288, 47.691721279407361 ], [ 0.331253484820975, 47.691775426991562 ], [ 0.331242031219071, 47.691595778026318 ], [ 0.330975954095515, 47.691603510882928 ], [ 0.330953049047171, 47.691244212832487 ], [ 0.331219124349332, 47.691236480072646 ], [ 0.331207671081498, 47.69105683108419 ], [ 0.331473745361622, 47.691049097756689 ], [ 0.331462291294469, 47.69086944880889 ], [ 0.332526583658578, 47.690838509532192 ], [ 0.332538041368414, 47.69101815828644 ], [ 0.333336262203862, 47.690994947215458 ], [ 0.333324801762032, 47.690815298606452 ], [ 0.333590874240348, 47.690807560399179 ], [ 0.333556490851458, 47.690268614670984 ], [ 0.333290421105076, 47.690276352733015 ], [ 0.333278961108928, 47.690096704093051 ], [ 0.333012892161756, 47.690104441490661 ], [ 0.332978515573646, 47.689565495379092 ], [ 0.333244581788987, 47.68955775812671 ], [ 0.333221662799427, 47.689198460777092 ], [ 0.333487727082183, 47.689190723005545 ], [ 0.333476266843944, 47.689011074367535 ], [ 0.333210203471764, 47.68901881209068 ], [ 0.333187285150663, 47.688659514694621 ], [ 0.333453346701721, 47.688651777068301 ], [ 0.333418967323997, 47.688112831061389 ], [ 0.333152908504555, 47.68812056854248 ], [ 0.333129991297498, 47.687761271069007 ], [ 0.333396048295905, 47.687753533684713 ], [ 0.333361670589325, 47.687214587561691 ], [ 0.333627724744844, 47.687206849706712 ], [ 0.333616264821651, 47.687027201031952 ], [ 0.333882317955282, 47.687019462609477 ], [ 0.333847936122797, 47.686480516683979 ], [ 0.333315835206869, 47.686495992622582 ], [ 0.333304376639756, 47.686316343868455 ], [ 0.332772277099119, 47.686331817246518 ], [ 0.332783733845347, 47.68651146609745 ], [ 0.331719529785798, 47.686542405656056 ], [ 0.331708076681358, 47.68636275661153 ], [ 0.331974126952837, 47.686355022694173 ], [ 0.331951219257117, 47.685995724678683 ], [ 0.333281459839719, 47.685957046336959 ], [ 0.333270001606794, 47.685777397559598 ], [ 0.333536048478752, 47.68576966009195 ], [ 0.333547507622093, 47.685949308820881 ], [ 0.33381355529306, 47.685941570688861 ], [ 0.333802095239308, 47.685761922008325 ], [ 0.334068141888453, 47.685754183308831 ], [ 0.334079602852618, 47.685933831940915 ], [ 0.334345650300753, 47.685926092577091 ], [ 0.334357112286758, 47.68610574115305 ], [ 0.334889208669565, 47.686090260480782 ], [ 0.334900672587853, 47.68626990895212 ], [ 0.33516672152251, 47.68626216764369 ], [ 0.335178186462678, 47.686441816058853 ], [ 0.335976335329153, 47.686418588292689 ], [ 0.335999271006532, 47.686777884809167 ], [ 0.33626532222661, 47.686770140891703 ], [ 0.336276791142984, 47.686949789089844 ], [ 0.337074946865542, 47.686926553496534 ], [ 0.337097890495579, 47.687285849578856 ], [ 0.336831836878647, 47.687293595489479 ], [ 0.336866250428717, 47.687832539700231 ], [ 0.33660019396881, 47.687840285140332 ], [ 0.33661166446471, 47.688019933243552 ], [ 0.336345606982782, 47.688027678116121 ], [ 0.336368546488096, 47.688386974396273 ], [ 0.336102487073622, 47.688394718749812 ], [ 0.336136894436302, 47.688933663257281 ], [ 0.335870832178699, 47.68894140714017 ], [ 0.335893769156883, 47.689300703536667 ], [ 0.33562770496665, 47.689308446900505 ], [ 0.335650640569665, 47.689667743362904 ], [ 0.33511850821239, 47.689683228436429 ], [ 0.335107042176316, 47.689503580112216 ], [ 0.334840976741053, 47.689511321676548 ], [ 0.334852441866533, 47.68969097004917 ], [ 0.33458637540921, 47.689698711045963 ], [ 0.334666628034341, 47.690956249776704 ], [ 0.334400555091148, 47.690963990496506 ], [ 0.334434948013318, 47.691502935695979 ], [ 0.3339027963285, 47.691518415578066 ], [ 0.333914259037429, 47.691698064059253 ], [ 0.333648182117151, 47.691705803124663 ], [ 0.333659644026821, 47.691885451646527 ], [ 0.333127488030543, 47.691900928026072 ] ] ] } },
{ "type": "Feature", "properties": { "surface_ha": 1.88 }, "geometry": { "type": "Polygon", "coordinates": [ [ [ 0.273774004013182, 47.689112003588193 ], [ 0.27375149384013, 47.688752684654084 ], [ 0.273219337553428, 47.688767882446356 ], [ 0.273174325806541, 47.688049244105692 ], [ 0.272908251142118, 47.688056841887537 ], [ 0.272896999389655, 47.687877182235646 ], [ 0.273163073143337, 47.687869584501343 ], [ 0.27312931581015, 47.687330605642302 ], [ 0.273395386722268, 47.68732300743455 ], [ 0.273406639967974, 47.68750266701435 ], [ 0.273672711681392, 47.687495068142994 ], [ 0.273706474807165, 47.688034046693723 ], [ 0.273972549143344, 47.688026447063692 ], [ 0.273983804648191, 47.688206106517676 ], [ 0.274249879785683, 47.688198506224005 ], [ 0.274238623370094, 47.688018846817535 ], [ 0.2745046974874, 47.688011245955359 ], [ 0.274515954813731, 47.688190905314265 ], [ 0.275048104541464, 47.68817570164655 ], [ 0.275059363798747, 47.688355360902676 ], [ 0.275325439409162, 47.68834775809713 ], [ 0.275347960073659, 47.688707076491191 ], [ 0.275614037396111, 47.688699472974456 ], [ 0.275636560320087, 47.68905879124268 ], [ 0.274838322559626, 47.689081600230146 ], [ 0.274827063775238, 47.688901940957138 ], [ 0.274560985213591, 47.688909542673223 ], [ 0.274572243087193, 47.689089201993788 ], [ 0.273774004013182, 47.689112003588193 ] ], [ [ 0.273451654044917, 47.68822130525686 ], [ 0.273717729401266, 47.68821370619532 ], [ 0.273706474807165, 47.688034046693723 ], [ 0.27344040036156, 47.688041645707742 ], [ 0.273451654044917, 47.68822130525686 ] ] ] } },
{ "type": "Feature", "properties": { "surface_ha": 27.02 }, "geometry": { "type": "Polygon", "coordinates": [ [ [ 0.281064305873492, 47.694842922699046 ], [ 0.281053023432659, 47.694663264726813 ], [ 0.281319129533898, 47.694655647268242 ], [ 0.281296563159281, 47.694296331396011 ], [ 0.280764354491232, 47.694311565506311 ], [ 0.280775635801628, 47.694491223541583 ], [ 0.28050953039203, 47.694498839720097 ], [ 0.280498249992663, 47.694319181637148 ], [ 0.28023214538441, 47.694326797151824 ], [ 0.280209586736763, 47.693967480867656 ], [ 0.280475689522979, 47.693959865448264 ], [ 0.280441849641056, 47.693420891107387 ], [ 0.280175749587825, 47.693428506383803 ], [ 0.28016447075752, 47.693248848207169 ], [ 0.279898371505601, 47.693256462819782 ], [ 0.279864538405562, 47.692717488100897 ], [ 0.279598441776876, 47.692725101954387 ], [ 0.279508232288759, 47.691287835318448 ], [ 0.279774321630126, 47.691280221846029 ], [ 0.279751768532727, 47.690920905205566 ], [ 0.280017855942712, 47.690913291212347 ], [ 0.280006578647615, 47.69073363292825 ], [ 0.2802726650371, 47.690726018366519 ], [ 0.280261386940806, 47.690546360122411 ], [ 0.280527472309786, 47.690538744992224 ], [ 0.280504914624502, 47.690179428576222 ], [ 0.281037081390144, 47.690164196658174 ], [ 0.281025800890362, 47.689984538533956 ], [ 0.281291883197855, 47.689976921698445 ], [ 0.281280601896946, 47.68979726361421 ], [ 0.281812764361257, 47.689782028190209 ], [ 0.281801481348445, 47.689602370193619 ], [ 0.282599721489742, 47.689579512579989 ], [ 0.282577150328552, 47.689220196849817 ], [ 0.282843228334658, 47.689212576508481 ], [ 0.282831942007891, 47.689032918679558 ], [ 0.28336409586937, 47.689017676243964 ], [ 0.283352807830832, 47.688838018502764 ], [ 0.283618883686204, 47.688830396408569 ], [ 0.283607594846673, 47.688650738707373 ], [ 0.284139744406654, 47.688635492766153 ], [ 0.284128453855424, 47.688455835152674 ], [ 0.284394527560028, 47.688448211305662 ], [ 0.284383236207851, 47.688268553732208 ], [ 0.284649308891959, 47.688260929316847 ], [ 0.284638016738855, 47.688081271783403 ], [ 0.285702302734484, 47.68805076815238 ], [ 0.2856797114721, 47.687691453444145 ], [ 0.285413641959283, 47.687699080180522 ], [ 0.285368464395003, 47.686980450480966 ], [ 0.286698792647577, 47.686942311593199 ], [ 0.286710091427173, 47.687121968791004 ], [ 0.286976157658817, 47.687114339117635 ], [ 0.286987457458915, 47.687293996260003 ], [ 0.286455323064471, 47.687309255086156 ], [ 0.286466621153109, 47.687488912316304 ], [ 0.286998757368876, 47.687473653394662 ], [ 0.287021357518386, 47.687832967640958 ], [ 0.287287427282825, 47.687825337160604 ], [ 0.287298728433066, 47.688004994224478 ], [ 0.287564798998317, 47.687997363080349 ], [ 0.287576101169126, 47.68817702008878 ], [ 0.287842172535183, 47.688169388280862 ], [ 0.287853475726578, 47.688349045233856 ], [ 0.28758740344982, 47.688356677089551 ], [ 0.287621310951235, 47.68889564804568 ], [ 0.287887385960149, 47.688888016046768 ], [ 0.287909993332027, 47.689247329883585 ], [ 0.287643916501631, 47.689254961978023 ], [ 0.287666522491604, 47.689614275879642 ], [ 0.287932601143516, 47.689606643689693 ], [ 0.28795520939463, 47.68996595746502 ], [ 0.287423048337801, 47.689981221419863 ], [ 0.28744565338537, 47.690340535355467 ], [ 0.287179570870522, 47.690348166504258 ], [ 0.287190872648336, 47.690527823508297 ], [ 0.286658705467374, 47.690543084053076 ], [ 0.286636105664859, 47.690183769846378 ], [ 0.287168269202592, 47.690168509492572 ], [ 0.287145666196382, 47.689809195446074 ], [ 0.286081345967779, 47.689839713307443 ], [ 0.286070048272604, 47.689660056081713 ], [ 0.28473965006932, 47.68969818930794 ], [ 0.284750943210574, 47.689877846772276 ], [ 0.284484862329695, 47.689885471616989 ], [ 0.284473570099226, 47.689705814104954 ], [ 0.283409249121037, 47.689736307132094 ], [ 0.283420537708339, 47.689915964834903 ], [ 0.283154456278587, 47.689923586599193 ], [ 0.283278627963861, 47.691899821347931 ], [ 0.284342993101493, 47.691869328495684 ], [ 0.284331700574121, 47.691689671020427 ], [ 0.285129970541838, 47.691666795054999 ], [ 0.285118675391636, 47.691487137715228 ], [ 0.285384764250367, 47.69147951120889 ], [ 0.285373468299123, 47.69129985390915 ], [ 0.285905643865357, 47.69128459914355 ], [ 0.285928239521144, 47.691643913544461 ], [ 0.286194328961225, 47.691636285142039 ], [ 0.286183030167538, 47.691456627993112 ], [ 0.286449118586892, 47.691448999022313 ], [ 0.286460418291447, 47.691628656123449 ], [ 0.286726507511801, 47.691621026488797 ], [ 0.286794313511778, 47.692698968647846 ], [ 0.286528218826039, 47.692706598568954 ], [ 0.286550819883227, 47.693065912656003 ], [ 0.286284723265746, 47.693073542056446 ], [ 0.286296023048209, 47.693253199136159 ], [ 0.286029925409909, 47.693260827968167 ], [ 0.286041224391289, 47.693440485087955 ], [ 0.285775125732167, 47.693448113351529 ], [ 0.285786423912441, 47.693627770511384 ], [ 0.285520324232498, 47.693635398206538 ], [ 0.285531621611648, 47.693815055406404 ], [ 0.284999420100271, 47.693830309043669 ], [ 0.285010715767293, 47.694009966331308 ], [ 0.284744613935863, 47.694017592273404 ], [ 0.284755908801718, 47.694197249601039 ], [ 0.283691496733837, 47.694227747398486 ], [ 0.283702788065472, 47.694407404909299 ], [ 0.283170579550729, 47.694422650206334 ], [ 0.283181869170106, 47.694602307804843 ], [ 0.282915763837044, 47.69460992957675 ], [ 0.282927052655159, 47.69478958721529 ], [ 0.281064305873492, 47.694842922699046 ] ], [ [ 0.2856797114721, 47.687691453444145 ], [ 0.286211850168263, 47.687676198123249 ], [ 0.286200552880452, 47.687496540853054 ], [ 0.28566841600564, 47.687511796078489 ], [ 0.2856797114721, 47.687691453444145 ] ] ] } },
{ "type": "Feature", "properties": { "surface_ha": 7.74 }, "geometry": { "type": "Polygon", "coordinates": [ [ [ 0.278477690632031, 47.691857258664335 ], [ 0.278466418254095, 47.691677600132799 ], [ 0.277668142791603, 47.691700429745353 ], [ 0.277589258343204, 47.690442818809906 ], [ 0.277855343897493, 47.690435209888477 ], [ 0.277844074218013, 47.690255551200309 ], [ 0.278110158751886, 47.690247941710382 ], [ 0.278098888271149, 47.690068283062175 ], [ 0.278364971784613, 47.69006067300375 ], [ 0.278286075112083, 47.688803062584732 ], [ 0.278019997974176, 47.688810672309842 ], [ 0.278031267687876, 47.688990331011759 ], [ 0.277765189529628, 47.688997940168413 ], [ 0.277787727464185, 47.689357257644474 ], [ 0.278053807443995, 47.689349648392607 ], [ 0.278065077486417, 47.68952930707151 ], [ 0.277532915595636, 47.689544525054401 ], [ 0.277555452365977, 47.689903842579611 ], [ 0.277289369434621, 47.689911450742137 ], [ 0.27725556717587, 47.689372474299972 ], [ 0.276989486867385, 47.689380081703561 ], [ 0.276966954397536, 47.689020763941883 ], [ 0.276700875801086, 47.689028370634212 ], [ 0.276667080650136, 47.688489393791379 ], [ 0.276933156514292, 47.688481787241848 ], [ 0.276921890772279, 47.688302128326477 ], [ 0.277454040350489, 47.688286913474393 ], [ 0.277442772896534, 47.688107254646539 ], [ 0.277176699072934, 47.68811486233303 ], [ 0.277109102113905, 47.687036908919261 ], [ 0.276843033645008, 47.687044515704095 ], [ 0.276831768779214, 47.686864856727354 ], [ 0.277097836337437, 47.686857249990098 ], [ 0.277052774326845, 47.6861386141968 ], [ 0.277318838132929, 47.686131007033907 ], [ 0.27736390378613, 47.68684964263683 ], [ 0.27789603835489, 47.686834426082193 ], [ 0.277907306863379, 47.687014084868508 ], [ 0.277641238723101, 47.687021693501435 ], [ 0.277675042173854, 47.687560669957264 ], [ 0.277941113046199, 47.687553061181497 ], [ 0.277952381992927, 47.687732719937117 ], [ 0.277686310209875, 47.687740328760512 ], [ 0.277720114975273, 47.688279305124226 ], [ 0.279050486455641, 47.688241254132507 ], [ 0.279061759483587, 47.688420912666999 ], [ 0.280658207107438, 47.688375230861091 ], [ 0.280646928615102, 47.68819557261245 ], [ 0.284105873082278, 47.688096519902622 ], [ 0.284128453855424, 47.688455835152674 ], [ 0.283064157939359, 47.688486324380044 ], [ 0.283075444847666, 47.688665982184318 ], [ 0.282277219026138, 47.688688842779257 ], [ 0.282299787707482, 47.689048158650834 ], [ 0.28176763296821, 47.689063396157813 ], [ 0.281756350394196, 47.6888837381305 ], [ 0.282022426907925, 47.688876119732718 ], [ 0.282011143532859, 47.688696461745437 ], [ 0.281478992217199, 47.688711697829604 ], [ 0.281490273770768, 47.688891355912226 ], [ 0.281224197037653, 47.688898973077862 ], [ 0.281212916394835, 47.688719314947591 ], [ 0.280680764421086, 47.688734547335329 ], [ 0.28070332217337, 47.689093863778879 ], [ 0.280437244200483, 47.689101479143936 ], [ 0.280471078919033, 47.689640453894633 ], [ 0.279406755001619, 47.689670909765816 ], [ 0.279384205699244, 47.689311592891919 ], [ 0.27965028502147, 47.689303979943517 ], [ 0.279639009623934, 47.689124321542707 ], [ 0.279372931212485, 47.689131934443459 ], [ 0.279350382567824, 47.688772617523497 ], [ 0.27908430586829, 47.688780229712911 ], [ 0.27909557922505, 47.688959888224353 ], [ 0.278829501505146, 47.688967499845319 ], [ 0.278874592385142, 47.68968613400488 ], [ 0.278608510912493, 47.689693745200238 ], [ 0.278619782995692, 47.689873403768573 ], [ 0.279684111871852, 47.689842955099962 ], [ 0.279695387707908, 47.690022613470099 ], [ 0.279961470563703, 47.690014999715068 ], [ 0.279972747420213, 47.690194658029867 ], [ 0.280238831077183, 47.690187043611083 ], [ 0.280250108954168, 47.690366701870595 ], [ 0.279984024386369, 47.690374316337 ], [ 0.279995301462168, 47.690553974636472 ], [ 0.279729215873887, 47.690561588534408 ], [ 0.279717939708925, 47.690381930187307 ], [ 0.279451854921844, 47.690389543421531 ], [ 0.279440579777349, 47.690209885019122 ], [ 0.279174495791474, 47.690217497589572 ], [ 0.27916322166743, 47.690037839131847 ], [ 0.278897138482762, 47.690045451038586 ], [ 0.278919685018809, 47.690404768041603 ], [ 0.278653599902873, 47.690412379427485 ], [ 0.278743783144576, 47.691849647513578 ], [ 0.278477690632031, 47.691857258664335 ] ], [ [ 0.279916364234067, 47.689296366379054 ], [ 0.28018244333703, 47.689288752198493 ], [ 0.280171166117941, 47.689109093892945 ], [ 0.279905087925755, 47.689116708025864 ], [ 0.279916364234067, 47.689296366379054 ] ], [ [ 0.280171166117941, 47.689109093892945 ], [ 0.280437244200483, 47.689101479143936 ], [ 0.280425966180273, 47.688921820878356 ], [ 0.280159889008497, 47.688929435579702 ], [ 0.280171166117941, 47.689109093892945 ] ] ] } },
{ "type": "Feature", "properties": { "surface_ha": 8.94 }, "geometry": { "type": "Polygon", "coordinates": [ [ [ 0.339272233149109, 47.687942450640435 ], [ 0.339260753548238, 47.68776280302199 ], [ 0.338728642524897, 47.687778304373225 ], [ 0.338717164856594, 47.687598656650039 ], [ 0.338451110088026, 47.687606406353247 ], [ 0.338439633441785, 47.687426758573856 ], [ 0.338173579472118, 47.687434507612622 ], [ 0.33816210384792, 47.687254859776964 ], [ 0.337896050677157, 47.687262608151329 ], [ 0.337884576074984, 47.687082960259502 ], [ 0.33761852370313, 47.687090707969439 ], [ 0.337607050122964, 47.686911060021345 ], [ 0.337074946865542, 47.686926553496534 ], [ 0.337052003681611, 47.686567257383224 ], [ 0.336519903619867, 47.68658274820087 ], [ 0.336508434016051, 47.686403100035669 ], [ 0.335976335329153, 47.686418588292689 ], [ 0.335918998086703, 47.685520346866035 ], [ 0.336185042933852, 47.685512603287734 ], [ 0.336139171505061, 47.684794010200768 ], [ 0.336405212599248, 47.684786266200405 ], [ 0.336382275733073, 47.684426969707332 ], [ 0.336648314895087, 47.684419225187959 ], [ 0.336613907701034, 47.683880280535682 ], [ 0.337944088183747, 47.683841549427605 ], [ 0.337955561688463, 47.684021197410466 ], [ 0.338221598360727, 47.684013449292785 ], [ 0.338244547525408, 47.68437274513829 ], [ 0.337978509032516, 47.684380493352933 ], [ 0.338035879344655, 47.68527873307351 ], [ 0.337769836188484, 47.685286480914634 ], [ 0.337838678781812, 47.68636436861452 ], [ 0.337572630051723, 47.68637211613057 ], [ 0.337595576654341, 47.686731412065484 ], [ 0.337861627205297, 47.686723664452487 ], [ 0.337873101584362, 47.686903312359853 ], [ 0.338405204172497, 47.686887815189095 ], [ 0.338393727972544, 47.686708167378683 ], [ 0.338925828293516, 47.686692667841207 ], [ 0.338914350384268, 47.686513020120024 ], [ 0.338648301190001, 47.686520770148242 ], [ 0.338613870863002, 47.685981826792734 ], [ 0.33887991732603, 47.685974076909993 ], [ 0.338868439863113, 47.685794429157802 ], [ 0.339134485304165, 47.685786678707629 ], [ 0.339088572926794, 47.685068087815395 ], [ 0.339354614614775, 47.685060336943309 ], [ 0.339377572401012, 47.685419632307934 ], [ 0.339643615798122, 47.68541188072296 ], [ 0.339632135938841, 47.685232233093032 ], [ 0.340164220577515, 47.685216728172442 ], [ 0.340152739009129, 47.685037080631758 ], [ 0.340684821380623, 47.685021573344628 ], [ 0.340696304769714, 47.685201220788272 ], [ 0.340962346698359, 47.685193466172386 ], [ 0.340973831109445, 47.685373113559777 ], [ 0.341505916452505, 47.685357602383277 ], [ 0.341517402795967, 47.685537249665877 ], [ 0.341783446210368, 47.685529493105264 ], [ 0.341794933575868, 47.685709140331561 ], [ 0.342060977788962, 47.685701383106526 ], [ 0.34207246617652, 47.685881030276583 ], [ 0.341806421053045, 47.685888787550127 ], [ 0.341829396342435, 47.686248081963996 ], [ 0.341563349286495, 47.686255838718715 ], [ 0.341574836188301, 47.686435485962534 ], [ 0.341308788110283, 47.686443242149913 ], [ 0.341343246754471, 47.686982183980476 ], [ 0.340811144800881, 47.686997694798585 ], [ 0.340834114146879, 47.687356989507613 ], [ 0.340302008104873, 47.687372498056099 ], [ 0.34031349112442, 47.687552145496028 ], [ 0.340047437025491, 47.687559898894875 ], [ 0.340070401578536, 47.687919193848508 ], [ 0.339272233149109, 47.687942450640435 ] ], [ [ 0.339746939553957, 47.687028709043716 ], [ 0.340012991033133, 47.687020956406336 ], [ 0.340001509258932, 47.686841308894614 ], [ 0.339735458690199, 47.686849061483514 ], [ 0.339746939553957, 47.687028709043716 ] ], [ [ 0.340001509258932, 47.686841308894614 ], [ 0.340533610061519, 47.686825801869091 ], [ 0.340522126578075, 47.686646154446684 ], [ 0.340788175901483, 47.686638400058534 ], [ 0.34077669161926, 47.686458752676863 ], [ 0.341042739920598, 47.686450997721344 ], [ 0.341008285012592, 47.685912055675438 ], [ 0.341274330471072, 47.685904300249582 ], [ 0.341262844814657, 47.685724652933942 ], [ 0.340730755606812, 47.685740163072758 ], [ 0.340742239442457, 47.685919810485437 ], [ 0.340210147967273, 47.68593531825767 ], [ 0.3401986659524, 47.68575567074798 ], [ 0.339932620957755, 47.685763423661733 ], [ 0.339955583278339, 47.686122718770363 ], [ 0.339689536351291, 47.686130471165221 ], [ 0.3397010167686, 47.686310118756424 ], [ 0.340233112331895, 47.686294613253764 ], [ 0.340244594681649, 47.686474260740212 ], [ 0.339978546045395, 47.686482013848007 ], [ 0.340001509258932, 47.686841308894614 ] ] ] } },
{ "type": "Feature", "properties": { "surface_ha": 9.86 }, "geometry": { "type": "Polygon", "coordinates": [ [ [ 0.306823903985024, 47.689063183552456 ], [ 0.306812535363634, 47.688883530053644 ], [ 0.306546465447584, 47.688891205935306 ], [ 0.306523730357699, 47.688531898818511 ], [ 0.306257662152438, 47.688539573988116 ], [ 0.30622356307839, 47.688000613111029 ], [ 0.306489628551754, 47.687992938085479 ], [ 0.306478261504136, 47.687813284492364 ], [ 0.305414002590153, 47.687843980706454 ], [ 0.305425365995303, 47.688023634491607 ], [ 0.304893234054168, 47.68803897899862 ], [ 0.304915957553368, 47.688398286737844 ], [ 0.304117753349402, 47.688421299166237 ], [ 0.304095035314027, 47.688061991139065 ], [ 0.30382896884643, 47.688069660620506 ], [ 0.303783537743349, 47.687351044281719 ], [ 0.303517474807787, 47.687358712955238 ], [ 0.303426625186233, 47.685921479523969 ], [ 0.303160569424772, 47.685929147197662 ], [ 0.30313785994446, 47.685569838666844 ], [ 0.303403913884882, 47.685562171089124 ], [ 0.303392558399805, 47.685382516860116 ], [ 0.303924664128436, 47.685367179952699 ], [ 0.303913306932765, 47.685187525811962 ], [ 0.304711461966103, 47.685164515975153 ], [ 0.304700102149393, 47.684984861970669 ], [ 0.304966152695823, 47.68497719084116 ], [ 0.304977513423013, 47.685156844797632 ], [ 0.306041718146084, 47.685126153928124 ], [ 0.306018989518369, 47.684766846391511 ], [ 0.306285038602008, 47.684759172230294 ], [ 0.306296403771092, 47.68493882595444 ], [ 0.306562453654706, 47.684931151129263 ], [ 0.306573819844752, 47.685110804797709 ], [ 0.306839870528339, 47.685103129308558 ], [ 0.306930811310958, 47.686540357994147 ], [ 0.306664753343284, 47.686548033867489 ], [ 0.306755693914602, 47.687985262443902 ], [ 0.307021759166928, 47.687977586186342 ], [ 0.307010390298084, 47.687797932689314 ], [ 0.307808582660006, 47.687774900364687 ], [ 0.307819954260679, 47.687954553717631 ], [ 0.308618148359403, 47.687931515704868 ], [ 0.308652272020384, 47.688470475284959 ], [ 0.308386204699519, 47.688478155382711 ], [ 0.308408952538492, 47.688837461827021 ], [ 0.307078605169153, 47.688875853555949 ], [ 0.307089974701208, 47.689055507006728 ], [ 0.306823903985024, 47.689063183552456 ] ] ] } },
{ "type": "Feature", "properties": { "surface_ha": 2.04 }, "geometry": { "type": "Polygon", "coordinates": [ [ [ 0.277596168989115, 47.686303058119655 ], [ 0.277584901829477, 47.686123399255024 ], [ 0.277318838132929, 47.686131007033907 ], [ 0.277285040043134, 47.685592030251172 ], [ 0.277551101007824, 47.685584422615051 ], [ 0.277539834286351, 47.685404763719738 ], [ 0.278071954065906, 47.685389546694744 ], [ 0.27808322260858, 47.685569205494858 ], [ 0.278349283244628, 47.68556159601075 ], [ 0.278326744447648, 47.685202278498053 ], [ 0.278592803152946, 47.685194668493132 ], [ 0.278604073407243, 47.685374327205714 ], [ 0.278870132913557, 47.68536671653721 ], [ 0.278847590693368, 47.685007399199655 ], [ 0.279113648268939, 47.684999788010394 ], [ 0.27913619231029, 47.685359105252722 ], [ 0.279402251597434, 47.685351493352201 ], [ 0.279390978611381, 47.685171834782508 ], [ 0.280189153083439, 47.685148995527882 ], [ 0.280200428801239, 47.68532865395467 ], [ 0.281264663538184, 47.685298192800666 ], [ 0.28127594300795, 47.685477851029198 ], [ 0.281009883577598, 47.68548546728934 ], [ 0.281021162246433, 47.685665125557826 ], [ 0.280755101795835, 47.685672741249626 ], [ 0.280766379663723, 47.685852399558101 ], [ 0.28023425661239, 47.685867629188976 ], [ 0.280245532768698, 47.686047287585048 ], [ 0.279713407457616, 47.686062514847151 ], [ 0.279690858897076, 47.685703197856768 ], [ 0.27942479789834, 47.685710810468542 ], [ 0.279447344637651, 47.686070127554217 ], [ 0.278915218668919, 47.686085351120234 ], [ 0.278903947065702, 47.685905692485996 ], [ 0.277839697455767, 47.685936132035401 ], [ 0.277862233486758, 47.686295449677118 ], [ 0.277596168989115, 47.686303058119655 ] ], [ [ 0.277828429604597, 47.685756473203028 ], [ 0.27809449126081, 47.685748864287305 ], [ 0.27808322260858, 47.685569205494858 ], [ 0.277817161862976, 47.685576814362967 ], [ 0.277828429604597, 47.685756473203028 ] ] ] } },
{ "type": "Feature", "properties": { "surface_ha": 1.16 }, "geometry": { "type": "Polygon", "coordinates": [ [ [ 0.291674805461462, 47.685539649121822 ], [ 0.291652175168494, 47.685180336410923 ], [ 0.291386120021479, 47.685187976694536 ], [ 0.291374805950534, 47.685008320279721 ], [ 0.29164086018702, 47.685000680043913 ], [ 0.29161823055408, 47.684641367286858 ], [ 0.292150335054967, 47.684626085158577 ], [ 0.292139018582496, 47.684446428864078 ], [ 0.291606915902614, 47.68446171089677 ], [ 0.291595601361144, 47.684282054499043 ], [ 0.292127702220041, 47.684266772561962 ], [ 0.292116385967602, 47.684087116252151 ], [ 0.291850336503642, 47.684094757480835 ], [ 0.291839021271694, 47.683915101115481 ], [ 0.29237111826865, 47.683899818137775 ], [ 0.292382435321549, 47.684079474407483 ], [ 0.29264848456547, 47.684071831946866 ], [ 0.292659802638871, 47.684251488161074 ], [ 0.29239375248447, 47.684259130669474 ], [ 0.292405069757416, 47.684438786923813 ], [ 0.292937171777167, 47.684423501195404 ], [ 0.292971129719214, 47.684962469625326 ], [ 0.292705076032835, 47.68497011294096 ], [ 0.29271639465642, 47.685149769116698 ], [ 0.292450339949478, 47.685157411864211 ], [ 0.292461657772569, 47.685337068080074 ], [ 0.291929546207524, 47.6853523518228 ], [ 0.29194086231956, 47.685532008126636 ], [ 0.291674805461462, 47.685539649121822 ] ] ] } },
{ "type": "Feature", "properties": { "surface_ha": 5.15 }, "geometry": { "type": "Polygon", "coordinates": [ [ [ 0.33088702478667, 47.68602665626554 ], [ 0.330875574747534, 47.685847007052658 ], [ 0.33060952676204, 47.685854738361215 ], [ 0.330552282788048, 47.684956491938863 ], [ 0.329754151819834, 47.684979681443522 ], [ 0.32974270609007, 47.684800031990754 ], [ 0.329476663121824, 47.684807760545482 ], [ 0.329430884956889, 47.684089162463621 ], [ 0.329962963499248, 47.68407370512508 ], [ 0.329951517415489, 47.683894055682011 ], [ 0.330217555609428, 47.683886326137298 ], [ 0.33019466195508, 47.683527027324615 ], [ 0.3304606982171, 47.683519297260752 ], [ 0.330437803187264, 47.68315999851383 ], [ 0.330171768745845, 47.683167728480967 ], [ 0.330160322308145, 47.682988079047547 ], [ 0.329894288665741, 47.682995808350448 ], [ 0.329882843249594, 47.682816158860916 ], [ 0.330148875981716, 47.682808429606368 ], [ 0.330137429766562, 47.682628780157458 ], [ 0.330403461477139, 47.682621050335435 ], [ 0.330414908602566, 47.682800699735942 ], [ 0.33094697351041, 47.682785238147581 ], [ 0.330935524564446, 47.682605588843806 ], [ 0.331201555941156, 47.68259785717418 ], [ 0.331190106196233, 47.682418207911027 ], [ 0.331456136551381, 47.682410475673962 ], [ 0.331490488850866, 47.682949423295113 ], [ 0.33175652182549, 47.682941690297085 ], [ 0.331790877857713, 47.683480637703425 ], [ 0.331524842152219, 47.683488370846611 ], [ 0.33154774490973, 47.683847669175577 ], [ 0.331813782435851, 47.683839935935609 ], [ 0.331825234891918, 47.684019585040105 ], [ 0.332091273217028, 47.684011851135899 ], [ 0.332102726694766, 47.684191500184241 ], [ 0.332368765818862, 47.684183765615771 ], [ 0.332357311430794, 47.684004116615789 ], [ 0.332623349533206, 47.683996381479794 ], [ 0.332611894346169, 47.683816732520505 ], [ 0.332877931426899, 47.683808996817049 ], [ 0.332866475440912, 47.683629347898375 ], [ 0.333132511499964, 47.683621611627466 ], [ 0.33320125454845, 47.684699504732883 ], [ 0.332935213027405, 47.684707241294213 ], [ 0.332923756484558, 47.68452759241427 ], [ 0.331859592928142, 47.68455853230715 ], [ 0.331871045829561, 47.684738181380688 ], [ 0.331605003751725, 47.684745914862567 ], [ 0.331616455854116, 47.684925563976755 ], [ 0.331882498842322, 47.684917830446487 ], [ 0.331951219257117, 47.685995724678683 ], [ 0.331419122244559, 47.686011191703962 ], [ 0.331407670384571, 47.68583154258782 ], [ 0.331141622621715, 47.685839275128195 ], [ 0.331153073571275, 47.686018924292711 ], [ 0.33088702478667, 47.68602665626554 ] ], [ [ 0.331582099880941, 47.684386616611008 ], [ 0.331848140138063, 47.684378883225875 ], [ 0.331825234891918, 47.684019585040105 ], [ 0.331559196455472, 47.684027318328447 ], [ 0.331582099880941, 47.684386616611008 ] ], [ [ 0.330749631663454, 47.683870865200227 ], [ 0.331015669523523, 47.68386313380789 ], [ 0.331004219909743, 47.683683484550507 ], [ 0.330738182959994, 47.683691215894484 ], [ 0.330749631663454, 47.683870865200227 ] ] ] } },
{ "type": "Feature", "properties": { "surface_ha": 2.08 }, "geometry": { "type": "Polygon", "coordinates": [ [ [ 0.311883428110281, 47.684777525278946 ], [ 0.311872043821745, 47.684597872564034 ], [ 0.312138090472574, 47.684590184852311 ], [ 0.312115320406677, 47.68423087949553 ], [ 0.311849275576691, 47.684238567111031 ], [ 0.311803740414642, 47.683519956112477 ], [ 0.311537699115574, 47.683527642919699 ], [ 0.311560464654484, 47.683886948530592 ], [ 0.311028378082819, 47.683902320489679 ], [ 0.31100561618547, 47.6835430146864 ], [ 0.310739574554455, 47.683550699645899 ], [ 0.310694055728892, 47.682832087754498 ], [ 0.311492169365637, 47.682809031605309 ], [ 0.311480787204787, 47.682629378757419 ], [ 0.311746823952069, 47.682621692190686 ], [ 0.311758207023258, 47.682801344990466 ], [ 0.312024244570219, 47.682793657759774 ], [ 0.312035628662416, 47.682973310503712 ], [ 0.312301667009052, 47.682965622609011 ], [ 0.312335822680771, 47.68350458065035 ], [ 0.312601863647812, 47.683496891995439 ], [ 0.312624636469812, 47.683856197221523 ], [ 0.312890679146925, 47.683848507854499 ], [ 0.312902066634365, 47.684028160407856 ], [ 0.31316811011117, 47.684020470376801 ], [ 0.313202275968963, 47.684559427846239 ], [ 0.312670183442172, 47.684574807581136 ], [ 0.312681570462011, 47.684754460151765 ], [ 0.311883428110281, 47.684777525278946 ] ], [ [ 0.31238136512598, 47.684223191264088 ], [ 0.312647409734593, 47.68421550241677 ], [ 0.312624636469812, 47.683856197221523 ], [ 0.312358593682002, 47.683863885972656 ], [ 0.31238136512598, 47.684223191264088 ] ] ] } },
{ "type": "Feature", "properties": { "surface_ha": 5.95 }, "geometry": { "type": "Polygon", "coordinates": [ [ [ 0.341216903305575, 47.685006063593981 ], [ 0.341205418207439, 47.684826416239602 ], [ 0.340673338103168, 47.684841925893217 ], [ 0.340661854937348, 47.684662278434068 ], [ 0.34039581562809, 47.684670032288537 ], [ 0.340372851451986, 47.684310737249938 ], [ 0.340904926317593, 47.684295229119158 ], [ 0.340893442576364, 47.684115581685269 ], [ 0.341159478931409, 47.684107826744622 ], [ 0.341147994391519, 47.68392817935149 ], [ 0.341414029724625, 47.683920423843446 ], [ 0.341402544386097, 47.683740776491113 ], [ 0.340870475428814, 47.683756286794214 ], [ 0.340858992022492, 47.683576639337076 ], [ 0.340326924439227, 47.683592147079743 ], [ 0.340303961602548, 47.683232851948141 ], [ 0.339771897213897, 47.683248357033385 ], [ 0.339748938464678, 47.682889061676775 ], [ 0.339482907923462, 47.682896813198631 ], [ 0.339471429626482, 47.682717165460211 ], [ 0.339205399883925, 47.682724916317717 ], [ 0.339159491452697, 47.682006325092523 ], [ 0.338893465239449, 47.682014075140266 ], [ 0.338881989320766, 47.681834427266097 ], [ 0.339414039815297, 47.681818926651786 ], [ 0.339425517554377, 47.68199857442896 ], [ 0.339957569422996, 47.681983071254407 ], [ 0.339946089863523, 47.68180342357423 ], [ 0.340212114720251, 47.681795671111736 ], [ 0.340200634362189, 47.681616023472301 ], [ 0.340466658197131, 47.681608270442467 ], [ 0.340478139465377, 47.681787918033379 ], [ 0.341010188620786, 47.681772410029296 ], [ 0.341021671821024, 47.681952057515481 ], [ 0.341287697141477, 47.681944302541204 ], [ 0.341299181363542, 47.682123949971057 ], [ 0.341565207482552, 47.682116194332451 ], [ 0.341576692726463, 47.682295841706036 ], [ 0.342108746449934, 47.682280328484318 ], [ 0.342120233625914, 47.68245997575309 ], [ 0.342386261230363, 47.682452218169985 ], [ 0.342397749428233, 47.682631865382469 ], [ 0.342663777831216, 47.682624107134984 ], [ 0.34267526705099, 47.682803754291186 ], [ 0.343207325342334, 47.682788235851611 ], [ 0.343253290620302, 47.683506824010557 ], [ 0.342987257889502, 47.683514583732439 ], [ 0.343010239378214, 47.683873877862482 ], [ 0.342744204715164, 47.683881637065596 ], [ 0.342755694716795, 47.684061284167548 ], [ 0.342489659031762, 47.684069042803365 ], [ 0.342512637549521, 47.684428337081066 ], [ 0.342246599932194, 47.684436095198116 ], [ 0.342235111527774, 47.684256448014573 ], [ 0.341703037778689, 47.68427196230401 ], [ 0.341737497865101, 47.684810904122493 ], [ 0.341471458092101, 47.684818660488965 ], [ 0.341482944100573, 47.684998307794856 ], [ 0.341216903305575, 47.685006063593981 ] ] ] } },
{ "type": "Feature", "properties": { "surface_ha": 5.67 }, "geometry": { "type": "Polygon", "coordinates": [ [ [ 0.275478909049094, 47.686543562720672 ], [ 0.275467649065128, 47.686363903482977 ], [ 0.274669452287081, 47.686386710329799 ], [ 0.274658195144537, 47.686207050941739 ], [ 0.274392130243601, 47.68621465194439 ], [ 0.274380874121145, 47.686034992501121 ], [ 0.274114810021421, 47.686042592840195 ], [ 0.274103554919035, 47.685862933341696 ], [ 0.274369618108124, 47.685855333050171 ], [ 0.274358362204539, 47.685675673591561 ], [ 0.274624424373567, 47.68566807273158 ], [ 0.27463568118778, 47.685847732142641 ], [ 0.274901744157993, 47.685840130619091 ], [ 0.274867971311827, 47.685301152505602 ], [ 0.275400091460208, 47.685285947895864 ], [ 0.275377573134304, 47.684926629305437 ], [ 0.275111514936026, 47.684934231823185 ], [ 0.275100256847846, 47.684754572468904 ], [ 0.274834199450692, 47.684762174323083 ], [ 0.274822942382535, 47.684582514913572 ], [ 0.275088998869119, 47.684574913106943 ], [ 0.275077740999842, 47.684395253737343 ], [ 0.276141962209341, 47.684364840541306 ], [ 0.276130700807316, 47.684185181354316 ], [ 0.276396754925457, 47.684177576562924 ], [ 0.276385492722378, 47.683997917415837 ], [ 0.276651545820487, 47.683990312056061 ], [ 0.276640282816372, 47.683810652948893 ], [ 0.276906334894456, 47.683803047020731 ], [ 0.276895071089322, 47.683623387953496 ], [ 0.278225325284396, 47.683585349311102 ], [ 0.278214057036247, 47.683405690474196 ], [ 0.277948007326799, 47.683413299386991 ], [ 0.277936740098692, 47.68323364049477 ], [ 0.279000934637196, 47.68320320133833 ], [ 0.279023476486913, 47.683562518734142 ], [ 0.279555576740723, 47.683547295269669 ], [ 0.279566849650953, 47.683726953860813 ], [ 0.278768696374354, 47.683749788276437 ], [ 0.278779966662638, 47.683929447002768 ], [ 0.278513914440773, 47.683937057290329 ], [ 0.278536453524994, 47.684296374815219 ], [ 0.278004345110463, 47.6843115937329 ], [ 0.278015612995828, 47.684491252579072 ], [ 0.27774955771369, 47.684498861161508 ], [ 0.27778335929539, 47.685037837796777 ], [ 0.277517301172015, 47.68504544590607 ], [ 0.277528567674415, 47.685225104816745 ], [ 0.277262508530921, 47.685232712357625 ], [ 0.277285040043134, 47.685592030251172 ], [ 0.277018978968916, 47.685599637271253 ], [ 0.277052774326845, 47.6861386141968 ], [ 0.275722453653732, 47.686176640770874 ], [ 0.275744975333497, 47.686535959158753 ], [ 0.275478909049094, 47.686543562720672 ] ], [ [ 0.275456389190632, 47.686184244237651 ], [ 0.275722453653732, 47.686176640770874 ], [ 0.275711192978069, 47.685996981565452 ], [ 0.27544512942561, 47.68600458498463 ], [ 0.275456389190632, 47.686184244237651 ] ], [ [ 0.278236593642095, 47.683765008140362 ], [ 0.278502645063004, 47.683757398516356 ], [ 0.278491375794796, 47.683577739734737 ], [ 0.278225325284396, 47.683585349311102 ], [ 0.278236593642095, 47.683765008140362 ] ] ] } },
{ "type": "Feature", "properties": { "surface_ha": 3.23 }, "geometry": { "type": "Polygon", "coordinates": [ [ [ 0.279113648268939, 47.684999788010394 ], [ 0.279091104665937, 47.684640470737378 ], [ 0.278558993047474, 47.68465569230942 ], [ 0.278547723231451, 47.68447603356617 ], [ 0.27881377818492, 47.684468423135762 ], [ 0.27880250756792, 47.684288764432416 ], [ 0.279068561501272, 47.684281153433645 ], [ 0.279057290083314, 47.684101494770282 ], [ 0.280121501078698, 47.684071044805961 ], [ 0.280132776138774, 47.684250703278799 ], [ 0.280930935965954, 47.684227859194898 ], [ 0.280919658174303, 47.684048200865014 ], [ 0.280653605918731, 47.684055816127952 ], [ 0.280642329147237, 47.683876157742723 ], [ 0.280110226128237, 47.683891386325449 ], [ 0.28009895128739, 47.683711727837228 ], [ 0.279832900523975, 47.683719341156994 ], [ 0.279810352992111, 47.683360024062296 ], [ 0.279544303940086, 47.683367636670866 ], [ 0.279533031249042, 47.68318797806436 ], [ 0.279799079390583, 47.683180365503461 ], [ 0.279776532516325, 47.68282104836269 ], [ 0.279510486195727, 47.682828660828356 ], [ 0.279499213833453, 47.682649002198822 ], [ 0.280297349735075, 47.68262616309697 ], [ 0.280308624828719, 47.682805821583585 ], [ 0.280574670820497, 47.682798207270103 ], [ 0.28058594693422, 47.682977865701403 ], [ 0.280319900031979, 47.682985480062534 ], [ 0.280331175344854, 47.683165138533781 ], [ 0.280863270860655, 47.683149909100294 ], [ 0.280874548104108, 47.683329567468597 ], [ 0.281406645002323, 47.683314335476005 ], [ 0.281440482853477, 47.683853310248914 ], [ 0.281174431727711, 47.683860926696156 ], [ 0.281196989022406, 47.684220243268356 ], [ 0.28199514753381, 47.684197391792807 ], [ 0.282017710730307, 47.684556708048326 ], [ 0.282283765169157, 47.68454908956253 ], [ 0.282272482605534, 47.68436943148631 ], [ 0.282804589333089, 47.684354192762129 ], [ 0.282815873717775, 47.68453385074303 ], [ 0.282549819498315, 47.684541470460772 ], [ 0.282561103082169, 47.684721128481669 ], [ 0.282028992493076, 47.684736366164579 ], [ 0.282040274365531, 47.684916024273122 ], [ 0.281508161516601, 47.68493125958743 ], [ 0.281496881465255, 47.68475160138356 ], [ 0.280698714101054, 47.68477444959214 ], [ 0.280709991420726, 47.684954107938992 ], [ 0.279113648268939, 47.684999788010394 ] ], [ [ 0.279634489413885, 47.684804905246487 ], [ 0.280166601976712, 47.684789678651278 ], [ 0.28015532658778, 47.684610020201468 ], [ 0.279623215846062, 47.684625246701401 ], [ 0.279634489413885, 47.684804905246487 ] ], [ [ 0.279091104665937, 47.684640470737378 ], [ 0.279623215846062, 47.684625246701401 ], [ 0.279611942387842, 47.684445588148641 ], [ 0.279079833028812, 47.684460812089355 ], [ 0.279091104665937, 47.684640470737378 ] ] ] } },
{ "type": "Feature", "properties": { "surface_ha": 24.03 }, "geometry": { "type": "Polygon", "coordinates": [ [ [ 0.245302834832966, 47.689921634634949 ], [ 0.245280519583275, 47.689562305568856 ], [ 0.245014429836663, 47.689569838848577 ], [ 0.245003273285463, 47.689390174256943 ], [ 0.244737184341292, 47.689397706873351 ], [ 0.244748339981575, 47.689577371512108 ], [ 0.244482250018018, 47.689584903559506 ], [ 0.244459940667748, 47.689225574180078 ], [ 0.244193852417563, 47.689233105517076 ], [ 0.244182698816014, 47.689053440768767 ], [ 0.244714873386123, 47.689038377572928 ], [ 0.244703718071238, 47.688858712911255 ], [ 0.244437631751302, 47.688866244770139 ], [ 0.244426477455761, 47.688686580053719 ], [ 0.244160391938256, 47.688694111249347 ], [ 0.244149238662044, 47.688514446478145 ], [ 0.243617069123468, 47.688529506926706 ], [ 0.243628220577925, 47.688709171792155 ], [ 0.243894306312309, 47.688701641828814 ], [ 0.243916611368286, 47.689060971442508 ], [ 0.24365052381212, 47.689068501500088 ], [ 0.243639372140808, 47.688888836649916 ], [ 0.24337328538711, 47.688896366044254 ], [ 0.243395587016357, 47.689255695831157 ], [ 0.242863409540099, 47.689270752959793 ], [ 0.24287455869552, 47.689450417936023 ], [ 0.242608468883861, 47.689457945623246 ], [ 0.242597320639359, 47.689278280599915 ], [ 0.242065142512705, 47.689293334031689 ], [ 0.242076288935366, 47.689472999149196 ], [ 0.241810198798545, 47.68948052498795 ], [ 0.24182134441865, 47.68966019014492 ], [ 0.241555253262526, 47.6896677154146 ], [ 0.241566398080063, 47.689847380611027 ], [ 0.241300305904633, 47.689854905311634 ], [ 0.241289161998043, 47.689675240068141 ], [ 0.240490887554498, 47.689697810331708 ], [ 0.240468605531968, 47.689338479539352 ], [ 0.24100078495894, 47.6893234335014 ], [ 0.240967357272108, 47.688784437538054 ], [ 0.24070127034552, 47.688791960723883 ], [ 0.240667846366384, 47.688252964550593 ], [ 0.240401762064123, 47.688260486979097 ], [ 0.240379481774722, 47.687901156064669 ], [ 0.240645564255254, 47.68789363373034 ], [ 0.240634423362173, 47.687713968308763 ], [ 0.240368341792491, 47.687721490596005 ], [ 0.240357201918575, 47.687541825119709 ], [ 0.239825040275969, 47.687556867751759 ], [ 0.2398361783282, 47.687736533322166 ], [ 0.239570096433608, 47.687744053761044 ], [ 0.239558959292225, 47.687564388143613 ], [ 0.239292878200193, 47.687571907919349 ], [ 0.239304014430731, 47.687751573583839 ], [ 0.237175354510469, 47.687811709985638 ], [ 0.237153096731244, 47.687452377896399 ], [ 0.236887015575898, 47.687459892080014 ], [ 0.236831377575497, 47.686561561488396 ], [ 0.237097454176724, 47.686554047539843 ], [ 0.237075197912307, 47.686194715343866 ], [ 0.237341272583757, 47.686187200873256 ], [ 0.237263372691095, 47.684929538276265 ], [ 0.237529440879086, 47.684922023518745 ], [ 0.237496054101623, 47.684383025289613 ], [ 0.237762119449298, 47.684375510057087 ], [ 0.237840029819951, 47.68563317215586 ], [ 0.238372172940756, 47.685618139184221 ], [ 0.238383305248077, 47.685797805073747 ], [ 0.238649377556886, 47.68579028761679 ], [ 0.238682777860583, 47.686329285098552 ], [ 0.239214927618073, 47.68631424805411 ], [ 0.2391926569976, 47.685954916595392 ], [ 0.240256947927154, 47.685924835489857 ], [ 0.24026808682632, 47.686104501034805 ], [ 0.24106630661866, 47.686081933595595 ], [ 0.241077448358434, 47.686261598991678 ], [ 0.241609596166572, 47.686246550857625 ], [ 0.241643027500578, 47.68678554671768 ], [ 0.242973408786408, 47.686747914894646 ], [ 0.242951112014221, 47.68638858479985 ], [ 0.24321718612468, 47.686381056681157 ], [ 0.243183739047057, 47.68584206162307 ], [ 0.243449810316848, 47.68583453302962 ], [ 0.243371764554539, 47.684576877956658 ], [ 0.243637829340949, 47.684569349076902 ], [ 0.243626679469249, 47.684389684083072 ], [ 0.245223060446884, 47.684344498150452 ], [ 0.245211905219614, 47.684164833431701 ], [ 0.245477967425686, 47.684157300333929 ], [ 0.245455655475223, 47.683797970967824 ], [ 0.245189595090439, 47.683805503971314 ], [ 0.245178440188531, 47.683625839229691 ], [ 0.245710559028373, 47.683610772700945 ], [ 0.245688245907438, 47.683251443383305 ], [ 0.245954303343429, 47.683243909289168 ], [ 0.245943146035058, 47.683064244666056 ], [ 0.246209202451976, 47.683056710003036 ], [ 0.246231518998403, 47.683416039147396 ], [ 0.247029693061845, 47.683393431179411 ], [ 0.24704085422963, 47.683573095598653 ], [ 0.246774795406369, 47.68358063225115 ], [ 0.246808276828911, 47.684119625604566 ], [ 0.247074338384068, 47.684112088810586 ], [ 0.247107823515153, 47.684651081953795 ], [ 0.247639951763849, 47.684636006234776 ], [ 0.247651115512596, 47.684815670506232 ], [ 0.247917180384816, 47.684808131675489 ], [ 0.247961840107989, 47.685526788496297 ], [ 0.245833288949284, 47.685587083402048 ], [ 0.245844446865693, 47.685766747965438 ], [ 0.245578376571863, 47.685774282103516 ], [ 0.24556721956618, 47.685594617492981 ], [ 0.24503508047456, 47.685609683826641 ], [ 0.245057390951465, 47.685969013228622 ], [ 0.245323462372977, 47.685961480275573 ], [ 0.245334618684864, 47.686141144917961 ], [ 0.245068546352606, 47.686148677918169 ], [ 0.245079701862207, 47.686328342600071 ], [ 0.244547555050805, 47.686343406846511 ], [ 0.244558708847333, 47.686523071615042 ], [ 0.24509085748027, 47.686508007274313 ], [ 0.245102013206796, 47.686687671940959 ], [ 0.244835938033781, 47.686695204466474 ], [ 0.24485824799065, 47.687054533871112 ], [ 0.2445921708876, 47.687062065874819 ], [ 0.244614479456689, 47.687421395343186 ], [ 0.244880558381354, 47.687413863245226 ], [ 0.244891713739396, 47.687593527920768 ], [ 0.245157793466417, 47.687585995159608 ], [ 0.24516894984375, 47.687765659780453 ], [ 0.244902869205899, 47.687773192588764 ], [ 0.244914024780867, 47.687952857249101 ], [ 0.245180106329553, 47.687945324393652 ], [ 0.245202419626586, 47.688304653597122 ], [ 0.245468502888495, 47.688297120031272 ], [ 0.245479660610585, 47.688476784574419 ], [ 0.24574574467487, 47.688469250345278 ], [ 0.245756903416319, 47.688648914833642 ], [ 0.246022988282974, 47.688641379941281 ], [ 0.246056467890957, 47.689180373219145 ], [ 0.246588642764044, 47.689165301303049 ], [ 0.246610966688868, 47.689524629928172 ], [ 0.246344877484775, 47.6895321662886 ], [ 0.246356038699061, 47.689711830636881 ], [ 0.24582385814348, 47.689726901603606 ], [ 0.24583501764443, 47.689906566038538 ], [ 0.245302834832966, 47.689921634634949 ] ], [ [ 0.241532963952542, 47.689308384998832 ], [ 0.241799053286808, 47.689300859823319 ], [ 0.241787907883439, 47.689121194651094 ], [ 0.241521819460087, 47.689128719779518 ], [ 0.241532963952542, 47.689308384998832 ] ], [ [ 0.244270328705107, 47.686171273222342 ], [ 0.244802473911889, 47.686156210302293 ], [ 0.244780165039554, 47.685796880821336 ], [ 0.244514094311875, 47.685804412495138 ], [ 0.244525247783077, 47.685984077286555 ], [ 0.244259176036217, 47.685991608391411 ], [ 0.244270328705107, 47.686171273222342 ] ], [ [ 0.243460960145072, 47.686014198009524 ], [ 0.243727032217204, 47.68600666875291 ], [ 0.243715881478233, 47.685827003820101 ], [ 0.243449810316848, 47.68583453302962 ], [ 0.243460960145072, 47.686014198009524 ] ], [ [ 0.247141309622919, 47.685190075028267 ], [ 0.247407376533581, 47.685182537335272 ], [ 0.247396213478445, 47.685002873031941 ], [ 0.247130147478474, 47.685010410677748 ], [ 0.247141309622919, 47.685190075028267 ] ], [ [ 0.245976618285597, 47.683603238512539 ], [ 0.246242677434341, 47.683595703708072 ], [ 0.246231518998403, 47.683416039147396 ], [ 0.245965460760276, 47.683423573904662 ], [ 0.245976618285597, 47.683603238512539 ] ] ] } },
{ "type": "Feature", "properties": { "surface_ha": 1.56 }, "geometry": { "type": "Polygon", "coordinates": [ [ [ 0.230345561852937, 47.68512470573134 ], [ 0.23033445740869, 47.684945038394353 ], [ 0.230068387213299, 47.684952536470981 ], [ 0.230046180470168, 47.684593201680322 ], [ 0.229780111988304, 47.684600699047046 ], [ 0.229757907498425, 47.684241364132141 ], [ 0.229491840730062, 47.684248860788962 ], [ 0.229469638493358, 47.683889525749734 ], [ 0.229203573438475, 47.683897021696708 ], [ 0.229181373454866, 47.683537686533214 ], [ 0.229713499813948, 47.683522694210851 ], [ 0.229702398162671, 47.683343026711491 ], [ 0.229968460269638, 47.683335529673165 ], [ 0.22997956283159, 47.683515197125594 ], [ 0.230245625741288, 47.683507699424297 ], [ 0.230256729321863, 47.683687366822191 ], [ 0.230522793034288, 47.683679868457943 ], [ 0.23054500234069, 47.684039203137075 ], [ 0.230811067766534, 47.68403170406291 ], [ 0.230833279326213, 47.684391038617733 ], [ 0.231099346465497, 47.684383538833671 ], [ 0.231143774523532, 47.685102207664194 ], [ 0.230345561852937, 47.68512470573134 ] ] ] } },
{ "type": "Feature", "properties": { "surface_ha": 4.71 }, "geometry": { "type": "Polygon", "coordinates": [ [ [ 0.267107256700092, 47.684802699346569 ], [ 0.26709602614825, 47.684623038551742 ], [ 0.266829967292839, 47.684630621830884 ], [ 0.266818737760779, 47.684450960980897 ], [ 0.267084795705595, 47.684443377749197 ], [ 0.26705110503273, 47.683904395295613 ], [ 0.266518994497378, 47.683919560858378 ], [ 0.266507766312568, 47.683739899930295 ], [ 0.266241711791705, 47.683747481740248 ], [ 0.266264166449355, 47.684106803683598 ], [ 0.265998109998207, 47.684114384972396 ], [ 0.266020563271308, 47.684473706979993 ], [ 0.265754504889845, 47.684481287747687 ], [ 0.265743279109308, 47.684301626700304 ], [ 0.265477221529295, 47.684309206804556 ], [ 0.265465996768481, 47.684129545702078 ], [ 0.26493388310224, 47.684144703967753 ], [ 0.264900214937963, 47.683605720329801 ], [ 0.264634160672879, 47.683613298396367 ], [ 0.264611717596655, 47.683253975837985 ], [ 0.264877770040646, 47.68324639786622 ], [ 0.264866547755644, 47.683066736622941 ], [ 0.264600496222187, 47.683074314547277 ], [ 0.264589274956813, 47.68289465324893 ], [ 0.265121376093577, 47.68287949687911 ], [ 0.265098930248062, 47.682520174449131 ], [ 0.26483288155525, 47.682527752847179 ], [ 0.264821659706651, 47.682348091573253 ], [ 0.265619802726268, 47.682325354673488 ], [ 0.265631027306353, 47.682505015805098 ], [ 0.266163123928143, 47.682489854697238 ], [ 0.266185577057713, 47.68284917674783 ], [ 0.26778187522938, 47.682803678071856 ], [ 0.267793107420961, 47.682983338800945 ], [ 0.266994956094867, 47.683006091053166 ], [ 0.267006185664087, 47.683185751916973 ], [ 0.26753828847838, 47.683170584269888 ], [ 0.267549519977834, 47.683350245031143 ], [ 0.268347676111887, 47.683327488798376 ], [ 0.268381379460311, 47.683866470608969 ], [ 0.26864743401819, 47.683858883823682 ], [ 0.268636198548945, 47.683679223275284 ], [ 0.268902252087043, 47.683671635921463 ], [ 0.268879779655172, 47.683312314896611 ], [ 0.269677934150795, 47.683289549424202 ], [ 0.269689173043696, 47.683469209797977 ], [ 0.26942312074388, 47.683476798952249 ], [ 0.26943435883551, 47.683656459365913 ], [ 0.269168305515899, 47.683664047951673 ], [ 0.269179542806244, 47.683843708405121 ], [ 0.268913488466837, 47.683851296422418 ], [ 0.268924724955873, 47.684030956915684 ], [ 0.268392614128231, 47.684046131197178 ], [ 0.268437553892181, 47.684764773473454 ], [ 0.267107256700092, 47.684802699346569 ] ], [ [ 0.26570960242253, 47.683762643512161 ], [ 0.265975657161689, 47.683755062934189 ], [ 0.265953204761742, 47.683395740865343 ], [ 0.265687151843682, 47.683403321348436 ], [ 0.26570960242253, 47.683762643512161 ] ], [ [ 0.265953204761742, 47.683395740865343 ], [ 0.266219257570662, 47.683388159766267 ], [ 0.266196803786215, 47.683028837761618 ], [ 0.265664701701365, 47.683043999154101 ], [ 0.26567592671796, 47.683223660255088 ], [ 0.26594197872548, 47.683216079819424 ], [ 0.265953204761742, 47.683395740865343 ] ], [ [ 0.26513259918, 47.683059158082621 ], [ 0.265398650495243, 47.683051578926325 ], [ 0.265387426498299, 47.682871917770257 ], [ 0.265121376093577, 47.68287949687911 ], [ 0.26513259918, 47.683059158082621 ] ] ] } },
{ "type": "Feature", "properties": { "surface_ha": 3.83 }, "geometry": { "type": "Polygon", "coordinates": [ [ [ 0.29055402023236, 47.684671924151907 ], [ 0.290542709222918, 47.68449226757064 ], [ 0.290010605223248, 47.684507542211811 ], [ 0.289987987176249, 47.684148228835085 ], [ 0.289721936832487, 47.684155865136134 ], [ 0.289676705699701, 47.683437238099344 ], [ 0.28994275240157, 47.683429601989374 ], [ 0.28993144398275, 47.683249945258723 ], [ 0.290463535235767, 47.683234671286534 ], [ 0.290440915086197, 47.682875357993339 ], [ 0.290706958726909, 47.682867720178919 ], [ 0.290695647906633, 47.682688063568577 ], [ 0.292025859908514, 47.682649865496636 ], [ 0.292014544646161, 47.682470209117568 ], [ 0.293078708626041, 47.682439639764738 ], [ 0.29306738983212, 47.682259983569274 ], [ 0.293333429641628, 47.682252339739122 ], [ 0.293276832770725, 47.681354058885518 ], [ 0.29354286791838, 47.681346414678579 ], [ 0.293554187982822, 47.681526070816858 ], [ 0.293820223930772, 47.681518425946223 ], [ 0.293842866210516, 47.681877738104014 ], [ 0.294108903869116, 47.681870092521812 ], [ 0.294120226084445, 47.682049748541367 ], [ 0.294386264543343, 47.682042102295391 ], [ 0.294408911124973, 47.682401414215718 ], [ 0.294674951294549, 47.682393767258155 ], [ 0.294686275660877, 47.682573423158942 ], [ 0.29415419339086, 47.682588716553788 ], [ 0.294165516046478, 47.682768372542533 ], [ 0.293899473835952, 47.682776018363931 ], [ 0.293910795691234, 47.682955674392844 ], [ 0.293644752460227, 47.682963319646156 ], [ 0.293678715955199, 47.683502287830208 ], [ 0.293412669882835, 47.683509932611074 ], [ 0.293401349518224, 47.683330276509601 ], [ 0.293135304246246, 47.683337920626734 ], [ 0.293123984902121, 47.683158264469725 ], [ 0.292325851157269, 47.683181192982047 ], [ 0.292303218261686, 47.682821880358013 ], [ 0.291771132190055, 47.682837162762013 ], [ 0.291782446761996, 47.683016819173481 ], [ 0.29151640265076, 47.683024459499421 ], [ 0.291527716422264, 47.683204115951 ], [ 0.291793761443935, 47.683196475577262 ], [ 0.291805076235873, 47.683376131973368 ], [ 0.291539030303761, 47.683383772394876 ], [ 0.291572972608206, 47.683922741680441 ], [ 0.29130692383472, 47.683930381629423 ], [ 0.291329550766696, 47.684289694543622 ], [ 0.291063500062256, 47.684297333972275 ], [ 0.291052187451762, 47.684117677471242 ], [ 0.290786137547831, 47.68412531623612 ], [ 0.29082007297776, 47.684664285859583 ], [ 0.29055402023236, 47.684671924151907 ] ], [ [ 0.290774825957797, 47.683945659679587 ], [ 0.29130692383472, 47.683930381629423 ], [ 0.291295610533714, 47.683750725160792 ], [ 0.291029562560712, 47.683758364446042 ], [ 0.29100693810957, 47.683399051390126 ], [ 0.291272984261659, 47.683391412200478 ], [ 0.291261671290605, 47.683211755708761 ], [ 0.290729580697345, 47.683227033376539 ], [ 0.290774825957797, 47.683945659679587 ] ], [ [ 0.290231417981883, 47.683781278606133 ], [ 0.290497466284787, 47.683773641168727 ], [ 0.290486155825156, 47.683593984549013 ], [ 0.290220108432716, 47.683601621938656 ], [ 0.290231417981883, 47.683781278606133 ] ], [ [ 0.293123984902121, 47.683158264469725 ], [ 0.293390029263665, 47.683150620400404 ], [ 0.293378709119159, 47.682970964283541 ], [ 0.29311266566804, 47.682978608305007 ], [ 0.293123984902121, 47.683158264469725 ] ], [ [ 0.293888152090735, 47.682596362327359 ], [ 0.29415419339086, 47.682588716553788 ], [ 0.294142870845315, 47.682409060557333 ], [ 0.293876830455585, 47.68241670628305 ], [ 0.293888152090735, 47.682596362327359 ] ] ] } },
{ "type": "Feature", "properties": { "surface_ha": 1.76 }, "geometry": { "type": "Polygon", "coordinates": [ [ [ 0.312290282006509, 47.682785969913134 ], [ 0.312221974315455, 47.681708053575832 ], [ 0.311955942341055, 47.681715741133871 ], [ 0.31191040973487, 47.680997129895651 ], [ 0.312176438068183, 47.68098944253002 ], [ 0.312165054283034, 47.68080978974929 ], [ 0.312697108797167, 47.680794413266717 ], [ 0.312708494402811, 47.680974065951247 ], [ 0.312974522404105, 47.680966376738084 ], [ 0.312985909030687, 47.681146029366822 ], [ 0.313251937831541, 47.681138339489685 ], [ 0.313297489085908, 47.681856949734922 ], [ 0.313563521417153, 47.681849259049493 ], [ 0.313597688751262, 47.682388216508045 ], [ 0.313065618516239, 47.682403597551762 ], [ 0.313077006028402, 47.682583250118725 ], [ 0.312544933529918, 47.682598628795155 ], [ 0.312556319332119, 47.682778281450638 ], [ 0.312290282006509, 47.682785969913134 ] ] ] } },
{ "type": "Feature", "properties": { "surface_ha": 1.04 }, "geometry": { "type": "Polygon", "coordinates": [ [ [ 0.30104853621187, 47.68203040074718 ], [ 0.301037190217157, 47.681850745980476 ], [ 0.300239082773468, 47.681873729062659 ], [ 0.300193710821444, 47.681155109343599 ], [ 0.300459743105005, 47.681147449123806 ], [ 0.300482430681102, 47.681506758902906 ], [ 0.301014498558628, 47.681491436423933 ], [ 0.301025844332744, 47.68167109120607 ], [ 0.301291879016389, 47.681663428994824 ], [ 0.301257839293992, 47.681124464769191 ], [ 0.301523871136393, 47.681116802085896 ], [ 0.301501176719064, 47.680757492659517 ], [ 0.301767206630576, 47.680749829456246 ], [ 0.301789902868483, 47.681109138786752 ], [ 0.302055934490252, 47.681101474871731 ], [ 0.302067283684985, 47.681281129477476 ], [ 0.302333316106726, 47.681273464898624 ], [ 0.302367367083866, 47.681812428525781 ], [ 0.301303225811133, 47.681843083721311 ], [ 0.301314572716185, 47.682022738440068 ], [ 0.30104853621187, 47.68203040074718 ] ], [ [ 0.301812599547671, 47.681468448086434 ], [ 0.302078632990051, 47.681460784075526 ], [ 0.302067283684985, 47.681281129477476 ], [ 0.301801251152916, 47.681288793440451 ], [ 0.301812599547671, 47.681468448086434 ] ] ] } },
{ "type": "Feature", "properties": { "surface_ha": 1.04 }, "geometry": { "type": "Polygon", "coordinates": [ [ [ 0.231575938670309, 47.683470201677068 ], [ 0.231542614916412, 47.682931200141546 ], [ 0.231808674446295, 47.682923698884778 ], [ 0.231786457329067, 47.682564364583527 ], [ 0.232052514929684, 47.682556862804617 ], [ 0.232063624344927, 47.68273652991212 ], [ 0.233926030898889, 47.682683999882428 ], [ 0.233937146796555, 47.682863666653589 ], [ 0.233671088130933, 47.682871172838581 ], [ 0.233682203226034, 47.68305083964912 ], [ 0.233416143541714, 47.683058345265032 ], [ 0.233438372234815, 47.683417678957177 ], [ 0.233172310621133, 47.683425184051003 ], [ 0.23316119713121, 47.683245517161765 ], [ 0.231830891995532, 47.683283033155554 ], [ 0.231842000932158, 47.683462700279506 ], [ 0.231575938670309, 47.683470201677068 ] ] ] } },
{ "type": "Feature", "properties": { "surface_ha": 3.31 }, "geometry": { "type": "Polygon", "coordinates": [ [ [ 0.331676361646695, 47.681684146078027 ], [ 0.33160765726342, 47.680606250731302 ], [ 0.331341636121654, 47.6806139831004 ], [ 0.331330186690857, 47.680434333800498 ], [ 0.331596206922466, 47.680426601479766 ], [ 0.33158475669282, 47.680246952220479 ], [ 0.331850775902972, 47.680239219332329 ], [ 0.331873678293878, 47.680598517746382 ], [ 0.332937761302434, 47.680567579648738 ], [ 0.332926306410708, 47.680387930639135 ], [ 0.333192325974335, 47.680380194623631 ], [ 0.333169414704665, 47.680020896678023 ], [ 0.333435432336663, 47.68001316014351 ], [ 0.333423975958743, 47.679833511207505 ], [ 0.333956009068384, 47.679818036387928 ], [ 0.333967467266543, 47.679997685227157 ], [ 0.334233484564411, 47.679989946845282 ], [ 0.334222025456134, 47.679810298054505 ], [ 0.334488041732492, 47.679802559105262 ], [ 0.334476581825499, 47.67962291035515 ], [ 0.33474259708035, 47.679615170838581 ], [ 0.334731136374657, 47.679435522129168 ], [ 0.334997150608003, 47.679427782045202 ], [ 0.335020073950996, 47.679787079359457 ], [ 0.334754057897449, 47.679794819540248 ], [ 0.334776979865878, 47.680154116920377 ], [ 0.335042997739663, 47.680146376642753 ], [ 0.335031535789618, 47.679966728004985 ], [ 0.335297552641861, 47.679958987159978 ], [ 0.33532047847362, 47.680318284330909 ], [ 0.335054459801126, 47.680326025272777 ], [ 0.33508884665406, 47.680864971116378 ], [ 0.334822825139697, 47.680872711587753 ], [ 0.334868672196201, 47.681591306131203 ], [ 0.334602646929695, 47.681599046180445 ], [ 0.334579724998982, 47.681239748827359 ], [ 0.334313701441443, 47.681247488163962 ], [ 0.334325161440908, 47.681427136892808 ], [ 0.333527087369339, 47.681450351352943 ], [ 0.333504172942929, 47.681091053597029 ], [ 0.333238149850014, 47.681098790421949 ], [ 0.333226693714048, 47.680919141483983 ], [ 0.332960671419946, 47.680926877644694 ], [ 0.332949216305513, 47.680747228650588 ], [ 0.332683194810221, 47.680754964147127 ], [ 0.332706103330098, 47.681114262224398 ], [ 0.332440079903111, 47.681121997201885 ], [ 0.332451533419884, 47.681301646277312 ], [ 0.332185508971368, 47.681309380687381 ], [ 0.332174056364785, 47.681129731563566 ], [ 0.331908032715127, 47.681137465309448 ], [ 0.331930936219236, 47.681496763646109 ], [ 0.332196961689285, 47.681489029803458 ], [ 0.332208414518535, 47.681668678911791 ], [ 0.331676361646695, 47.681684146078027 ] ] ] } },
{ "type": "Feature", "properties": { "surface_ha": 2.83 }, "geometry": { "type": "Polygon", "coordinates": [ [ [ 0.27791420597109, 47.682874322687404 ], [ 0.277902939071592, 47.682694663772175 ], [ 0.277636892894527, 47.682702271878568 ], [ 0.277614361245045, 47.682342953929911 ], [ 0.277880405601202, 47.682335345918709 ], [ 0.277846606217098, 47.681796369080949 ], [ 0.27758056459224, 47.681803976949361 ], [ 0.277558034037965, 47.681444658923979 ], [ 0.277291994124411, 47.681452266081259 ], [ 0.277280729921949, 47.681272607009454 ], [ 0.278078846602864, 47.681249783832655 ], [ 0.278112647732431, 47.681788760596611 ], [ 0.278644730434475, 47.681773541780203 ], [ 0.278622192596934, 47.681414224135665 ], [ 0.279154271219147, 47.68139900304601 ], [ 0.279131730178264, 47.681039685561267 ], [ 0.279397767504251, 47.681032074187783 ], [ 0.279386496237789, 47.680852415481532 ], [ 0.279120459822174, 47.680860026807338 ], [ 0.279109189575648, 47.680680368045792 ], [ 0.2804393660061, 47.680642305495773 ], [ 0.280450640804426, 47.680821964019188 ], [ 0.279918568740292, 47.680837190982153 ], [ 0.279929841827492, 47.681016849593185 ], [ 0.280195878824728, 47.681009236371992 ], [ 0.28021842714867, 47.681368553475721 ], [ 0.279686349403082, 47.681383779492705 ], [ 0.279708894523846, 47.68174309675625 ], [ 0.280240975911031, 47.681727870548734 ], [ 0.280252250456619, 47.68190752907374 ], [ 0.280784333226195, 47.681892300307275 ], [ 0.28080688628789, 47.682251617143656 ], [ 0.280540843137067, 47.682259231930146 ], [ 0.280552118921923, 47.682438890384482 ], [ 0.280286074751044, 47.682446504602673 ], [ 0.280263525111817, 47.682087187591065 ], [ 0.279465397404148, 47.682110026264212 ], [ 0.279487941580767, 47.682469343561628 ], [ 0.278689807424216, 47.682492176977171 ], [ 0.278701076945548, 47.682671835757247 ], [ 0.278168985139124, 47.682687055049776 ], [ 0.278180252949086, 47.682866713917406 ], [ 0.27791420597109, 47.682874322687404 ] ] ] } },
{ "type": "Feature", "properties": { "surface_ha": 6.31 }, "geometry": { "type": "Polygon", "coordinates": [ [ [ 0.27343639737269, 47.683722216355349 ], [ 0.273402642124113, 47.683183237252457 ], [ 0.27287054229715, 47.683198432097186 ], [ 0.272859292587399, 47.68301877228582 ], [ 0.272593243420361, 47.683026368736705 ], [ 0.272581994730475, 47.682846708870123 ], [ 0.27231594636457, 47.682854304657504 ], [ 0.272259709107814, 47.681956004972079 ], [ 0.271993665184911, 47.681963599905899 ], [ 0.271926189547623, 47.680885639745263 ], [ 0.272192228008002, 47.680878045096584 ], [ 0.272180981540712, 47.680698385090508 ], [ 0.272713056312681, 47.680683194040398 ], [ 0.272724304600745, 47.680862853951425 ], [ 0.273522418669701, 47.680840062614372 ], [ 0.273533669798301, 47.681019722375126 ], [ 0.274597824000454, 47.680989325112712 ], [ 0.274609078880024, 47.681168984675637 ], [ 0.275939273722765, 47.681130974001739 ], [ 0.275950533263754, 47.681310633319143 ], [ 0.275684493603693, 47.681318236733311 ], [ 0.275695752343737, 47.68149789609064 ], [ 0.275961792914205, 47.681490292628858 ], [ 0.275984312543497, 47.681849611225324 ], [ 0.275718270152191, 47.681857214782234 ], [ 0.275763307082594, 47.682575852073363 ], [ 0.275497260940042, 47.682583455204636 ], [ 0.275508519535825, 47.682763114555826 ], [ 0.275242472373349, 47.682770717118707 ], [ 0.275253730168108, 47.682950376509766 ], [ 0.274987681985703, 47.682957978504291 ], [ 0.274998938979422, 47.683137637935282 ], [ 0.274732889777084, 47.683145239361359 ], [ 0.274710377720062, 47.682785920396626 ], [ 0.274178282629061, 47.68280112121073 ], [ 0.274189536781888, 47.68298078079205 ], [ 0.274455585292583, 47.682973180645419 ], [ 0.274466840465317, 47.683152840171509 ], [ 0.274200791044127, 47.683160440365683 ], [ 0.27421204541578, 47.683340099931684 ], [ 0.273945994974674, 47.683347699557437 ], [ 0.27395724854523, 47.683527359163314 ], [ 0.273691197084201, 47.683534958220676 ], [ 0.273702449853641, 47.683714617866393 ], [ 0.27343639737269, 47.683722216355349 ] ], [ [ 0.274699121855694, 47.682606260902723 ], [ 0.274965168326582, 47.68259865961933 ], [ 0.274953911661178, 47.682419000165346 ], [ 0.275219957112167, 47.68241139831354 ], [ 0.27520869964574, 47.682231738899468 ], [ 0.274942655105206, 47.682239340703674 ], [ 0.27493139865867, 47.682059681234357 ], [ 0.274665354919149, 47.682067282375115 ], [ 0.274699121855694, 47.682606260902723 ] ] ] } },
{ "type": "Feature", "properties": { "surface_ha": 1.84 }, "geometry": { "type": "Polygon", "coordinates": [ [ [ 0.331839324874494, 47.680059570113698 ], [ 0.331816423151477, 47.679700271653211 ], [ 0.331284390080652, 47.679715736523441 ], [ 0.331272941206338, 47.679536087184815 ], [ 0.331006925414095, 47.679543818647872 ], [ 0.3309725821892, 47.67900487044048 ], [ 0.331238595251146, 47.678997139122536 ], [ 0.33121569850413, 47.678637840375664 ], [ 0.33148170963464, 47.678630108538684 ], [ 0.331470260518, 47.678450459202004 ], [ 0.331736270627156, 47.678442726797662 ], [ 0.331724820711756, 47.678263077501626 ], [ 0.331990829799561, 47.678255344529902 ], [ 0.332002280625009, 47.67843499377755 ], [ 0.332268290511552, 47.678427260141703 ], [ 0.332256838776056, 47.678247610942421 ], [ 0.33252284764123, 47.678239876739198 ], [ 0.332545753043647, 47.678599175033199 ], [ 0.332811763617597, 47.678591440117422 ], [ 0.332857579398704, 47.679310036419025 ], [ 0.332591565184446, 47.679317771528368 ], [ 0.332603018497981, 47.679497420632785 ], [ 0.33233700326229, 47.679505155174773 ], [ 0.332371361140566, 47.680044102586791 ], [ 0.331839324874494, 47.680059570113698 ] ] ] } },
{ "type": "Feature", "properties": { "surface_ha": 1.32 }, "geometry": { "type": "Polygon", "coordinates": [ [ [ 0.289229766510894, 47.680570363451707 ], [ 0.289195852322512, 47.680031392581071 ], [ 0.288397763119037, 47.680054292644975 ], [ 0.288375159671298, 47.679694978406211 ], [ 0.2886411876951, 47.679687345762957 ], [ 0.288618582866293, 47.679328031588966 ], [ 0.289682686580555, 47.679297495239474 ], [ 0.289693992581058, 47.679477152139249 ], [ 0.289161939123191, 47.67949242164125 ], [ 0.289173243413071, 47.679672078628883 ], [ 0.289705298691472, 47.679656809031329 ], [ 0.289716604911796, 47.679836465915741 ], [ 0.290248661571098, 47.67982119375921 ], [ 0.290271277982627, 47.68018050731385 ], [ 0.290803337843345, 47.680165232502731 ], [ 0.29079202776204, 47.679985575824837 ], [ 0.29132408536239, 47.679970298645856 ], [ 0.291335397264265, 47.680149955228167 ], [ 0.291069367608784, 47.680157594173401 ], [ 0.291080678710334, 47.680337250795816 ], [ 0.290016555347728, 47.680367800609147 ], [ 0.290027862918017, 47.680547457415052 ], [ 0.289229766510894, 47.680570363451707 ] ], [ [ 0.289195852322512, 47.680031392581071 ], [ 0.289461881837224, 47.680023757994704 ], [ 0.289450576417272, 47.679844101070202 ], [ 0.289184547812843, 47.679851735608835 ], [ 0.289195852322512, 47.680031392581071 ] ] ] } },
{ "type": "Feature", "properties": { "surface_ha": 3.55 }, "geometry": { "type": "Polygon", "coordinates": [ [ [ 0.298365491431353, 47.681747679444797 ], [ 0.298354154760537, 47.681568024183463 ], [ 0.297822084678132, 47.681583334344808 ], [ 0.29779941530842, 47.681224023607491 ], [ 0.297267348426562, 47.681239331113723 ], [ 0.297256015727618, 47.681059675637748 ], [ 0.296989983031743, 47.681067328419161 ], [ 0.296978651353276, 47.680887672887614 ], [ 0.297244683138842, 47.680880020154063 ], [ 0.297233350660235, 47.680700364662705 ], [ 0.296967319784967, 47.680708017348366 ], [ 0.296955988326816, 47.680528361801422 ], [ 0.297222018291795, 47.680520709163645 ], [ 0.297210686033519, 47.680341053656896 ], [ 0.296678627813969, 47.680356358220806 ], [ 0.296655967268984, 47.679997046992689 ], [ 0.296389939814527, 47.680004698255104 ], [ 0.296367281530619, 47.679645386900461 ], [ 0.296101255786536, 47.679653037451274 ], [ 0.296112583963173, 47.679832693180337 ], [ 0.295846557198715, 47.679840343163157 ], [ 0.295823902776057, 47.679481031601682 ], [ 0.295557877721979, 47.679488680872957 ], [ 0.295569203968007, 47.679668336705419 ], [ 0.29530317789358, 47.6796759854087 ], [ 0.295314503339459, 47.679855641281307 ], [ 0.294250394299841, 47.679886230127401 ], [ 0.294273038239732, 47.680245542232292 ], [ 0.294007008884099, 47.680253187999874 ], [ 0.294018330108857, 47.680432844088635 ], [ 0.293752299732879, 47.680440489288173 ], [ 0.293763620157396, 47.680620145417073 ], [ 0.292965525638303, 47.680643077463905 ], [ 0.29294289036109, 47.680283764911415 ], [ 0.293474949842675, 47.680268477687363 ], [ 0.293463630548535, 47.680088821495261 ], [ 0.293995687769401, 47.680073531903417 ], [ 0.293973045870167, 47.679714219687412 ], [ 0.294505099009751, 47.679698927823466 ], [ 0.294493776404714, 47.67951927179962 ], [ 0.294759801899154, 47.679511624991733 ], [ 0.294737155198812, 47.679152313016594 ], [ 0.295269202216518, 47.679137017744658 ], [ 0.29525787721102, 47.678957361841256 ], [ 0.295789921967918, 47.678942064201699 ], [ 0.295801248793853, 47.679121720009405 ], [ 0.296599317834008, 47.679098768787703 ], [ 0.296610647500723, 47.679278424444085 ], [ 0.296876671204066, 47.679270772757313 ], [ 0.29688800189115, 47.679450428358138 ], [ 0.297154026394574, 47.679442776007633 ], [ 0.29717668991967, 47.679802087090422 ], [ 0.297442716133418, 47.679794434028338 ], [ 0.297476714978051, 47.680333400451126 ], [ 0.297742743812412, 47.680325746629542 ], [ 0.29773140984376, 47.680146091210844 ], [ 0.29799743765767, 47.680138436821267 ], [ 0.298020107525701, 47.680497747555165 ], [ 0.298286137049965, 47.680490092453951 ], [ 0.298297473059551, 47.680669747761442 ], [ 0.298563503383896, 47.68066209199646 ], [ 0.298620189636429, 47.681560368178999 ], [ 0.298886224402105, 47.681552711558631 ], [ 0.298897562893594, 47.681732366724113 ], [ 0.298365491431353, 47.681747679444797 ] ] ] } },
{ "type": "Feature", "properties": { "surface_ha": 14.09 }, "geometry": { "type": "Polygon", "coordinates": [ [ [ 0.30951174760044, 47.68520599367254 ], [ 0.309488995079531, 47.684846687400366 ], [ 0.309222946411901, 47.684854369000867 ], [ 0.309211571227791, 47.684674715805158 ], [ 0.308945523360022, 47.684682396741643 ], [ 0.308934149196942, 47.684502743490185 ], [ 0.308668102129039, 47.684510423762696 ], [ 0.308656728986966, 47.684330770455446 ], [ 0.307858589851197, 47.684353807433254 ], [ 0.307824479282148, 47.683814847032835 ], [ 0.307558435413731, 47.683822524649486 ], [ 0.307547066355528, 47.683642871119226 ], [ 0.307014980107933, 47.683658224408724 ], [ 0.307026347345326, 47.683837878035028 ], [ 0.306760303145356, 47.683845553803934 ], [ 0.306703472615415, 47.682947285355098 ], [ 0.306437432856904, 47.682954960267971 ], [ 0.306505624361949, 47.684032882671573 ], [ 0.306771669582841, 47.684025207470576 ], [ 0.306794402789316, 47.684384514780717 ], [ 0.306528355747563, 47.68439219007778 ], [ 0.30651698999951, 47.684212536378539 ], [ 0.306250943757696, 47.68422021101162 ], [ 0.306216849907756, 47.683681249723584 ], [ 0.30595080628672, 47.683688923596733 ], [ 0.305916716162301, 47.683149962095264 ], [ 0.305650675161981, 47.683157635208445 ], [ 0.305673399980341, 47.683516942979807 ], [ 0.305407357048775, 47.683524615573063 ], [ 0.305384634051201, 47.683165307705707 ], [ 0.305118592829972, 47.68317297958707 ], [ 0.305141314006756, 47.683532287550456 ], [ 0.304609227591391, 47.683547629657461 ], [ 0.304597868768578, 47.683367975583636 ], [ 0.304331826305652, 47.683375645665272 ], [ 0.304320468503661, 47.683195991535747 ], [ 0.304054426840714, 47.683203660953502 ], [ 0.304077140734315, 47.68356296930083 ], [ 0.303811097140158, 47.683570638198617 ], [ 0.30379974104856, 47.683390983980829 ], [ 0.303267655349866, 47.68340631983272 ], [ 0.303244947139442, 47.683047011182126 ], [ 0.302978905945312, 47.683054678088261 ], [ 0.302967552916052, 47.682875023703446 ], [ 0.3032335931998, 47.682867356845279 ], [ 0.303222239370537, 47.682687702500708 ], [ 0.302956199997162, 47.682695369310913 ], [ 0.302933494490487, 47.682336060502728 ], [ 0.303199532043137, 47.682328393788488 ], [ 0.30314276565616, 47.681430121873085 ], [ 0.302610699543805, 47.681445454206056 ], [ 0.302587997402794, 47.681086145194101 ], [ 0.302055934490252, 47.681101474871731 ], [ 0.302033236431773, 47.680742165637142 ], [ 0.302565295703173, 47.680726836151337 ], [ 0.302542594444925, 47.68036752707777 ], [ 0.302276566684928, 47.680375192032692 ], [ 0.302253867688546, 47.680015882832365 ], [ 0.301455789208103, 47.680038873714309 ], [ 0.301467135920386, 47.680218528462191 ], [ 0.301733163101098, 47.680210865402763 ], [ 0.301744510833942, 47.680390520094967 ], [ 0.301478482742972, 47.680398183202328 ], [ 0.301489829675864, 47.680577837934784 ], [ 0.30122380056432, 47.680585500474216 ], [ 0.301212454541694, 47.680405845693855 ], [ 0.300414369276116, 47.680428829473236 ], [ 0.300380340062301, 47.679889864654456 ], [ 0.300114314150654, 47.679897524538767 ], [ 0.300125656201412, 47.680077179533981 ], [ 0.299859629269259, 47.68008483885037 ], [ 0.299870970520018, 47.680264493885808 ], [ 0.300136998362428, 47.680256834521487 ], [ 0.300148340633703, 47.680436489501325 ], [ 0.2996162830181, 47.68045180770995 ], [ 0.299604942567357, 47.680272152634281 ], [ 0.299338914504452, 47.680279810766883 ], [ 0.299361593695636, 47.680639121006337 ], [ 0.298829533598032, 47.680654435615608 ], [ 0.298818195767881, 47.680474780403927 ], [ 0.298552166464028, 47.68048243673686 ], [ 0.298529492954916, 47.680123126194559 ], [ 0.298263465361394, 47.680130781815848 ], [ 0.298240794113611, 47.679771471146964 ], [ 0.298506819886631, 47.679763815621477 ], [ 0.298461475072495, 47.679045194382901 ], [ 0.29819545294038, 47.679052849716804 ], [ 0.29818411792255, 47.678873194340028 ], [ 0.298982181257687, 47.678850226634559 ], [ 0.299004856864778, 47.679209537093016 ], [ 0.298738834042859, 47.679217193706464 ], [ 0.298750171101511, 47.679396848972061 ], [ 0.299282218455569, 47.679381535033492 ], [ 0.29930489654443, 47.67974084534994 ], [ 0.299570921876581, 47.679733187361094 ], [ 0.299582261996599, 47.679912842459856 ], [ 0.299848288128751, 47.67990518380725 ], [ 0.299836947098493, 47.679725528756386 ], [ 0.300368997211563, 47.679710209699458 ], [ 0.300357654471093, 47.679530554736765 ], [ 0.300623678452006, 47.679522894332457 ], [ 0.30061233491158, 47.679343239409995 ], [ 0.301144380722146, 47.679327916849772 ], [ 0.301133035471575, 47.679148262015467 ], [ 0.301399057301219, 47.679140599859558 ], [ 0.301387711250739, 47.678960945065484 ], [ 0.301653732059893, 47.678953282341681 ], [ 0.301676426091553, 47.679312591826189 ], [ 0.3019424486108, 47.679304928390692 ], [ 0.301919752758742, 47.678945619002043 ], [ 0.302185773347278, 47.678937955046599 ], [ 0.302231169133486, 47.679656573601271 ], [ 0.30249719325252, 47.679648908838168 ], [ 0.302485843230264, 47.679469254259025 ], [ 0.302751866328746, 47.679461588928064 ], [ 0.302763217261221, 47.679641243459258 ], [ 0.303029241159577, 47.679633577464486 ], [ 0.303017889316885, 47.67945392298126 ], [ 0.303283912194672, 47.679446256418615 ], [ 0.30329526494758, 47.679625910853893 ], [ 0.303827312192486, 47.679610575785219 ], [ 0.303872731589622, 47.680329193065418 ], [ 0.304404785674866, 47.680313855149571 ], [ 0.304438856843335, 47.680852817740927 ], [ 0.304704886451137, 47.680845147715253 ], [ 0.304727602936051, 47.681204455974978 ], [ 0.303929508319727, 47.681227464492316 ], [ 0.303940863996919, 47.681407118754628 ], [ 0.304472929005471, 47.681391780262942 ], [ 0.30448428661367, 47.681571434421535 ], [ 0.303952219784506, 47.681586773009187 ], [ 0.303963575682485, 47.681766427256022 ], [ 0.303697541191989, 47.681774095674022 ], [ 0.303708896290039, 47.68195374996116 ], [ 0.303442860778828, 47.681961417811245 ], [ 0.303465569485416, 47.682320726458343 ], [ 0.303731606817309, 47.682313058512314 ], [ 0.303720251498479, 47.682133404240581 ], [ 0.303986287809637, 47.682125735726622 ], [ 0.304009000378385, 47.68248504416642 ], [ 0.304275038399838, 47.682477374940596 ], [ 0.304263681149913, 47.682297720772546 ], [ 0.304529718150607, 47.682290050978857 ], [ 0.304541076310882, 47.68246970509891 ], [ 0.304807114111506, 47.68246203464134 ], [ 0.304818473292559, 47.682641688705687 ], [ 0.30508451189311, 47.682634017584213 ], [ 0.305107232407243, 47.68299332559382 ], [ 0.305373272718093, 47.682985653760468 ], [ 0.305327828490141, 47.682267037902399 ], [ 0.305593865049111, 47.682259365645137 ], [ 0.305605226850772, 47.682439019573231 ], [ 0.305871264209631, 47.682431346652074 ], [ 0.305848538896082, 47.682072038884229 ], [ 0.306114574323802, 47.682064365443203 ], [ 0.306103210922395, 47.681884711595735 ], [ 0.306635279625773, 47.681869362962082 ], [ 0.306646644847823, 47.682049016713542 ], [ 0.307710784569952, 47.682018311863629 ], [ 0.307699415706628, 47.681838658304308 ], [ 0.30796544945056, 47.681830980600161 ], [ 0.30801092920831, 47.682549594599053 ], [ 0.30827696648302, 47.682541916086898 ], [ 0.308265595467444, 47.682362262646791 ], [ 0.308531631721271, 47.682354583566749 ], [ 0.308508888201095, 47.681995276759508 ], [ 0.308774922523724, 47.681987597159683 ], [ 0.308786295138856, 47.682167250519164 ], [ 0.309052330261243, 47.682159570255429 ], [ 0.309086451501009, 47.68269853014332 ], [ 0.308820413647614, 47.682706210551196 ], [ 0.308831786704989, 47.682885863879804 ], [ 0.308565747830677, 47.682893543719821 ], [ 0.308577120088253, 47.683073197088767 ], [ 0.309109199547043, 47.683057836696698 ], [ 0.309120573735922, 47.683237489961805 ], [ 0.308854533151437, 47.68324517051385 ], [ 0.308865906540511, 47.68342482381933 ], [ 0.30939798941966, 47.683409462003219 ], [ 0.309420740171083, 47.683768768398771 ], [ 0.309686783265563, 47.683761086470746 ], [ 0.309755043636565, 47.684839005183939 ], [ 0.310287140418804, 47.684823638903303 ], [ 0.310298519355326, 47.685003291899037 ], [ 0.309766420752177, 47.68501865827583 ], [ 0.309777797978397, 47.685198311359962 ], [ 0.30951174760044, 47.68520599367254 ] ], [ [ 0.308356566687366, 47.683799489951802 ], [ 0.308622610224146, 47.683791810487428 ], [ 0.308611237524334, 47.683612157149319 ], [ 0.308345194897953, 47.683619836565697 ], [ 0.308356566687366, 47.683799489951802 ] ], [ [ 0.30457515145423, 47.683008667412871 ], [ 0.304841191985952, 47.683000996811295 ], [ 0.304829832584041, 47.682821342762367 ], [ 0.304563792962693, 47.682829013315917 ], [ 0.30457515145423, 47.683008667412871 ] ], [ [ 0.305905353008434, 47.682970308246013 ], [ 0.306437432856904, 47.682954960267971 ], [ 0.306403338595949, 47.682415998962114 ], [ 0.306137301458025, 47.682423673115011 ], [ 0.306148665190845, 47.682603326939372 ], [ 0.3058826270321, 47.68261100052441 ], [ 0.305905353008434, 47.682970308246013 ] ], [ [ 0.308033669750391, 47.68290890155226 ], [ 0.308299708845807, 47.682901222943997 ], [ 0.308288337609141, 47.682721569519273 ], [ 0.308022299424083, 47.682729248079504 ], [ 0.308033669750391, 47.68290890155226 ] ], [ [ 0.307756261128487, 47.682736926023829 ], [ 0.308022299424083, 47.682729248079504 ], [ 0.30801092920831, 47.682549594599053 ], [ 0.307744891823065, 47.682557272495345 ], [ 0.307756261128487, 47.682736926023829 ] ], [ [ 0.303408798546793, 47.681422454782819 ], [ 0.303674831327048, 47.681414787076648 ], [ 0.303652121903647, 47.681055478448435 ], [ 0.303386090943985, 47.681063146058662 ], [ 0.303408798546793, 47.681422454782819 ] ], [ [ 0.302519893628047, 47.680008217973366 ], [ 0.302785919457207, 47.680000552498541 ], [ 0.302774568304041, 47.679820897982751 ], [ 0.302508543385116, 47.679828563409643 ], [ 0.302519893628047, 47.680008217973366 ] ] ] } },
{ "type": "Feature", "properties": { "surface_ha": 2.43 }, "geometry": { "type": "Polygon", "coordinates": [ [ [ 0.245587842232113, 47.681634461076058 ], [ 0.245576686810472, 47.681454796337093 ], [ 0.245044589824387, 47.681469861734634 ], [ 0.24503343633223, 47.681290196893769 ], [ 0.244767388587051, 47.681297728621438 ], [ 0.244756236113837, 47.681118063725762 ], [ 0.24449018917074, 47.681125594790352 ], [ 0.244467886370578, 47.680766264881946 ], [ 0.244201841140065, 47.680773795236327 ], [ 0.244179540594509, 47.680414465203128 ], [ 0.245509756558085, 47.680376807742952 ], [ 0.245520911329032, 47.680556472527734 ], [ 0.247117172369369, 47.680511262966178 ], [ 0.247094852010375, 47.68015193395474 ], [ 0.24736089331649, 47.680144396966291 ], [ 0.247416699580069, 47.681042719201798 ], [ 0.2471506537216, 47.681050256426055 ], [ 0.247161814389348, 47.68122992089738 ], [ 0.246895767511878, 47.681237457552861 ], [ 0.246906927377622, 47.681417122063735 ], [ 0.246640879481149, 47.681424658150355 ], [ 0.246652038544872, 47.681604322700728 ], [ 0.245587842232113, 47.681634461076058 ] ] ] } },
{ "type": "Feature", "properties": { "surface_ha": 3.59 }, "geometry": { "type": "Polygon", "coordinates": [ [ [ 0.336813376290353, 47.678654990850987 ], [ 0.336801908861302, 47.67847534249033 ], [ 0.336535899958353, 47.678483086642402 ], [ 0.336501501070094, 47.67794414136867 ], [ 0.336767507242966, 47.677936397361954 ], [ 0.336756040259789, 47.677756748970346 ], [ 0.336490034996923, 47.677764492928603 ], [ 0.33647856903521, 47.677584844480783 ], [ 0.336744573388076, 47.677577100570964 ], [ 0.336710173441715, 47.677038155326365 ], [ 0.337508177641694, 47.677014920338699 ], [ 0.337519646908929, 47.677194568615924 ], [ 0.338583654587912, 47.677163579818412 ], [ 0.33859512760653, 47.677343227894021 ], [ 0.339659137141026, 47.677312229051104 ], [ 0.339670613911074, 47.677491876925011 ], [ 0.34020261982895, 47.677476373712267 ], [ 0.34021409853052, 47.677656021481432 ], [ 0.341278112667172, 47.677625007473232 ], [ 0.341312560361312, 47.67816395015214 ], [ 0.341046554264568, 47.678171704723319 ], [ 0.341058036142507, 47.678351352315957 ], [ 0.340792029024144, 47.67835910631991 ], [ 0.340780548056217, 47.678179458678756 ], [ 0.340248535304717, 47.678194964742445 ], [ 0.340237056268404, 47.678015316996536 ], [ 0.338375014493818, 47.678069568484297 ], [ 0.338386487160049, 47.67824921656964 ], [ 0.338120479836083, 47.678256964367726 ], [ 0.338131951703812, 47.678436612493797 ], [ 0.337865943358304, 47.678444359724594 ], [ 0.337877414427514, 47.678624007891379 ], [ 0.337611405060462, 47.6786317545549 ], [ 0.337599934901291, 47.678452106339655 ], [ 0.33706791765278, 47.678467597722538 ], [ 0.337079385991872, 47.6786472460347 ], [ 0.336813376290353, 47.678654990850987 ] ] ] } },
{ "type": "Feature", "properties": { "surface_ha": 51.01 }, "geometry": { "type": "Polygon", "coordinates": [ [ [ 0.31647079081923, 47.689864350253487 ], [ 0.316459388749638, 47.689684698532531 ], [ 0.316725460034041, 47.689676999569279 ], [ 0.316645642276341, 47.688419437643574 ], [ 0.316379577366375, 47.688427136269617 ], [ 0.31633397330029, 47.687708529092397 ], [ 0.316067911921826, 47.687716226909785 ], [ 0.315988115447243, 47.68645866371525 ], [ 0.316254170451942, 47.686450966234993 ], [ 0.316231370635625, 47.686091662491954 ], [ 0.316763476670532, 47.686076265876245 ], [ 0.316752075107649, 47.685896614089479 ], [ 0.31568786623646, 47.685927404664469 ], [ 0.315676468426328, 47.685747752677322 ], [ 0.315410416841965, 47.685755448733069 ], [ 0.315399020053109, 47.685575796690031 ], [ 0.315132969268421, 47.68558349208169 ], [ 0.315075991538303, 47.684685231510144 ], [ 0.315342037770765, 47.684677536359239 ], [ 0.315319245633373, 47.684318232172885 ], [ 0.315585289934219, 47.684310536502359 ], [ 0.315562496419186, 47.683951232381439 ], [ 0.315828538788448, 47.683943536191315 ], [ 0.315771552387923, 47.68304527599463 ], [ 0.31630362769041, 47.683029882248221 ], [ 0.31629222892203, 47.68285023028205 ], [ 0.316026192236523, 47.682857927415014 ], [ 0.31601479448928, 47.682678275392952 ], [ 0.315748758603296, 47.682685971861893 ], [ 0.315737361877173, 47.68250631978399 ], [ 0.316003396852839, 47.682498623363173 ], [ 0.3159919993272, 47.682318971325664 ], [ 0.315725965261841, 47.682326667698312 ], [ 0.315703172363551, 47.681967363503844 ], [ 0.315437140007998, 47.681975059164309 ], [ 0.315425744635318, 47.68179540700735 ], [ 0.314893681412456, 47.681810796384397 ], [ 0.314882287971111, 47.681631144123422 ], [ 0.314616257103813, 47.681638837840033 ], [ 0.314593472373929, 47.681279533198676 ], [ 0.314061413948168, 47.681294918591774 ], [ 0.314050023569857, 47.68111526616326 ], [ 0.314316051927851, 47.681107573822757 ], [ 0.314304660750022, 47.680927921434645 ], [ 0.314836715313299, 47.680912535002363 ], [ 0.314848108311618, 47.681092187294205 ], [ 0.315114136337375, 47.681084493106177 ], [ 0.315125530356701, 47.681264145342162 ], [ 0.315657587896413, 47.681248755022267 ], [ 0.315646192056589, 47.681069102882546 ], [ 0.316178247332678, 47.681053710195577 ], [ 0.316189644992995, 47.681233362238984 ], [ 0.316721701646376, 47.681217966992328 ], [ 0.316710302165569, 47.681038315045271 ], [ 0.316976329415798, 47.68103061654633 ], [ 0.31699913030872, 47.6813899203364 ], [ 0.316733101238001, 47.681397618931669 ], [ 0.316778700712703, 47.682116226611818 ], [ 0.31757679851563, 47.682093128400446 ], [ 0.317622410687208, 47.682811735378984 ], [ 0.317888446707708, 47.682804034550756 ], [ 0.317842830894914, 47.682085427764918 ], [ 0.318108863163341, 47.682077726513555 ], [ 0.318120267860535, 47.682257378173404 ], [ 0.318918366731425, 47.682234270579528 ], [ 0.318895551986209, 47.681874967541255 ], [ 0.318629520960694, 47.681882670592017 ], [ 0.318618114664695, 47.681703019013113 ], [ 0.318352084438563, 47.681710721399803 ], [ 0.318340679163706, 47.681531069764958 ], [ 0.31860670847958, 47.681523367426429 ], [ 0.318595302405345, 47.681343715832064 ], [ 0.318861330700085, 47.681336012925904 ], [ 0.31884992382649, 47.68115636137199 ], [ 0.319115951100102, 47.681148657898184 ], [ 0.319104543427166, 47.680969006384764 ], [ 0.319370569679648, 47.680961302343292 ], [ 0.319324936456012, 47.68024269640518 ], [ 0.31799482228894, 47.680281209490246 ], [ 0.317972015444362, 47.67992190599292 ], [ 0.317705994098724, 47.679929606666128 ], [ 0.317671787393742, 47.67939065121768 ], [ 0.317937806008883, 47.679382950688996 ], [ 0.317926403085422, 47.679203298905605 ], [ 0.318192420679566, 47.679195597809304 ], [ 0.318181016956813, 47.679015946066365 ], [ 0.318447033529965, 47.679008244402475 ], [ 0.318435629007939, 47.678828592699979 ], [ 0.318701644560098, 47.678820890468515 ], [ 0.318690239238817, 47.678641238806485 ], [ 0.318424224596771, 47.678648940989767 ], [ 0.318412820296467, 47.678469289271838 ], [ 0.318678834028401, 47.678461587136731 ], [ 0.318667428928856, 47.678281935459253 ], [ 0.319731479107439, 47.678251120953817 ], [ 0.319742887847374, 47.678430772438503 ], [ 0.320008901024882, 47.6784230672245 ], [ 0.320020310785823, 47.678602718653238 ], [ 0.320286324762519, 47.678595012775254 ], [ 0.320274914091477, 47.67841536139472 ], [ 0.321072952625707, 47.678392240210719 ], [ 0.321061539335317, 47.678212588967128 ], [ 0.32132755104809, 47.678204880722433 ], [ 0.321316136958566, 47.67802522951937 ], [ 0.322114168700904, 47.678002101235457 ], [ 0.322102751992135, 47.677822450169337 ], [ 0.322368761440901, 47.677814739558094 ], [ 0.322345926536196, 47.677455437499134 ], [ 0.323143948756254, 47.67743230226035 ], [ 0.323132528740275, 47.677252651364022 ], [ 0.323664541178546, 47.677237224889254 ], [ 0.323675963014588, 47.677416875689048 ], [ 0.324207976828809, 47.677401446654748 ], [ 0.324219400595954, 47.677581097350306 ], [ 0.323421376977962, 47.677604240122896 ], [ 0.323432798126013, 47.677783890955517 ], [ 0.323166789121247, 47.677791604029764 ], [ 0.323178209470262, 47.677971254902921 ], [ 0.323444219385088, 47.677963541780379 ], [ 0.323455640755187, 47.678143192597531 ], [ 0.323987662071887, 47.6781277644086 ], [ 0.324021932308831, 47.678666716524091 ], [ 0.324287945530864, 47.678659001361183 ], [ 0.324299370075368, 47.678838652002604 ], [ 0.323767341700056, 47.678854081809178 ], [ 0.323744496362482, 47.678494780325522 ], [ 0.323478483828457, 47.678502494208608 ], [ 0.323501327345838, 47.678861795788805 ], [ 0.323235312880588, 47.678869509152634 ], [ 0.323246733895713, 47.679049159979392 ], [ 0.323512749271074, 47.67904144656729 ], [ 0.32352417130734, 47.679221097338072 ], [ 0.321928071929273, 47.679267368863357 ], [ 0.321939488615779, 47.679447019915884 ], [ 0.322205506366428, 47.679439309486249 ], [ 0.322216924074061, 47.679618960482834 ], [ 0.321684886641491, 47.679634380822797 ], [ 0.32166205497778, 47.679275078628969 ], [ 0.321396037915314, 47.679282787778789 ], [ 0.321384623160045, 47.679103136622047 ], [ 0.321118606896748, 47.679110845107836 ], [ 0.321130020741887, 47.679290496312817 ], [ 0.320065950938728, 47.679321324290974 ], [ 0.320077361254248, 47.679500975681094 ], [ 0.319545323866828, 47.679516386071803 ], [ 0.319533915371604, 47.67933673458527 ], [ 0.319267897421683, 47.679344438808755 ], [ 0.3192564899475, 47.679164787266259 ], [ 0.319788523916156, 47.679149378299968 ], [ 0.319777114732602, 47.678969726846191 ], [ 0.32057516212337, 47.678946608922928 ], [ 0.320563750320367, 47.678766957606079 ], [ 0.319765705659952, 47.67879007538469 ], [ 0.319754296698211, 47.678610423915472 ], [ 0.319222268190288, 47.67862583259253 ], [ 0.319233675331802, 47.678805484158161 ], [ 0.318967660001391, 47.678813187621216 ], [ 0.318979066343669, 47.678992839227348 ], [ 0.318713049992253, 47.6790005421228 ], [ 0.318724455535279, 47.679180193769398 ], [ 0.318458438162855, 47.679187896097261 ], [ 0.318469842906609, 47.67936754778431 ], [ 0.318203824513176, 47.679375249544549 ], [ 0.318226632512964, 47.679734552991853 ], [ 0.318492652726717, 47.679726851135221 ], [ 0.318504057803073, 47.679906502799106 ], [ 0.319302120509593, 47.679883393389773 ], [ 0.319290712702729, 47.67970374187049 ], [ 0.319556732472956, 47.679696037550642 ], [ 0.319568141189985, 47.679875689021713 ], [ 0.319834161759474, 47.679867984037834 ], [ 0.319868391306553, 47.680406938260134 ], [ 0.319602368006515, 47.680414643388623 ], [ 0.319625186438746, 47.680773946261283 ], [ 0.319891211559194, 47.680766241036359 ], [ 0.319914032255515, 47.681125543781704 ], [ 0.320180059085486, 47.681117837844525 ], [ 0.320157236568719, 47.680758535195622 ], [ 0.320423261467317, 47.680750828739058 ], [ 0.320457498139535, 47.681289782556206 ], [ 0.320723525657864, 47.681282075339148 ], [ 0.320734939014059, 47.681461726547845 ], [ 0.321000967331676, 47.68145401866672 ], [ 0.321023796197433, 47.681813320964508 ], [ 0.320757766059311, 47.681821028942082 ], [ 0.32076917974837, 47.682000680127601 ], [ 0.321301241734177, 47.681985263460156 ], [ 0.32128982622459, 47.681805612371079 ], [ 0.321555856140774, 47.681797903161822 ], [ 0.321544439831905, 47.681618252113275 ], [ 0.321810468726855, 47.681610542336372 ], [ 0.321799051618722, 47.681430891328311 ], [ 0.321533023634017, 47.681438601056961 ], [ 0.321510191571172, 47.681079298921198 ], [ 0.321776217735417, 47.68107158928904 ], [ 0.321787634621577, 47.681251240312527 ], [ 0.322053661585061, 47.681243530016303 ], [ 0.322030826103287, 47.680884228058041 ], [ 0.322296851135335, 47.680876517242453 ], [ 0.322308269730941, 47.681056168177214 ], [ 0.322574295562203, 47.681048456697546 ], [ 0.322562876056385, 47.680868805811038 ], [ 0.322828900866424, 47.680861093763816 ], [ 0.322817480561414, 47.68068144291783 ], [ 0.323083504350231, 47.680673730303027 ], [ 0.323072083246043, 47.680494079497585 ], [ 0.323338106013643, 47.680486366315201 ], [ 0.323326684110299, 47.680306715550302 ], [ 0.323592705856684, 47.680299001800371 ], [ 0.323581283154198, 47.680119351075966 ], [ 0.323049241370744, 47.680134777863472 ], [ 0.323037820599626, 47.679955127034837 ], [ 0.322771800451528, 47.679962839456635 ], [ 0.32279464028444, 47.680322141202694 ], [ 0.322528618204984, 47.68032985310515 ], [ 0.322517199143199, 47.680150202187754 ], [ 0.322251177862917, 47.680157913426179 ], [ 0.322228341892685, 47.679798611471682 ], [ 0.323292419066451, 47.679767763209135 ], [ 0.323280997607228, 47.679588112413278 ], [ 0.323813033707685, 47.679572684683762 ], [ 0.3238244569872, 47.679752335383036 ], [ 0.324090475781011, 47.679744620546337 ], [ 0.324113324493493, 47.680103921825228 ], [ 0.324379344996559, 47.680096206276147 ], [ 0.32436791967463, 47.679916555688848 ], [ 0.32463393915647, 47.679908839572228 ], [ 0.324656791731722, 47.680268140642575 ], [ 0.324922812922812, 47.680260423813607 ], [ 0.324934240287227, 47.680440074288889 ], [ 0.324668218185963, 47.680447791166152 ], [ 0.324679644751279, 47.680627441682013 ], [ 0.324945667762727, 47.680619724756461 ], [ 0.324968523046995, 47.6809790256684 ], [ 0.325766596875943, 47.680955870907191 ], [ 0.325778027415334, 47.681135521206713 ], [ 0.326044052712966, 47.681127801673007 ], [ 0.326055484273688, 47.681307451916481 ], [ 0.326587536355983, 47.681292010905011 ], [ 0.3266218371663, 47.681830961299219 ], [ 0.326887865771414, 47.681823239724835 ], [ 0.326945040562948, 47.682721489985589 ], [ 0.327211073608207, 47.68271376755375 ], [ 0.327245382547995, 47.683252717472477 ], [ 0.327511418212961, 47.68324499427986 ], [ 0.327534293216012, 47.683604294090351 ], [ 0.327268255730415, 47.683612017379616 ], [ 0.327279692488396, 47.683791667321579 ], [ 0.324087223067488, 47.683884299333911 ], [ 0.324132927513943, 47.684602901342721 ], [ 0.325995228777831, 47.684548875428085 ], [ 0.325983796126955, 47.684369225275496 ], [ 0.326249837809772, 47.684361504872413 ], [ 0.326261271371021, 47.684541154976692 ], [ 0.32652731385306, 47.684533433909394 ], [ 0.326538748435839, 47.684713083957632 ], [ 0.327070834887173, 47.684697639878699 ], [ 0.327059398483639, 47.684517989927109 ], [ 0.327325440632163, 47.684510267012108 ], [ 0.327336877946074, 47.684689916915382 ], [ 0.327602920893783, 47.684682193336187 ], [ 0.327614359229265, 47.684861843183427 ], [ 0.327082271401888, 47.684877289822587 ], [ 0.327105144764868, 47.685236589687158 ], [ 0.326573052851165, 47.685252034055964 ], [ 0.326584487878607, 47.685431684073286 ], [ 0.326052393699402, 47.68544712607504 ], [ 0.326063827017164, 47.685626776181223 ], [ 0.3255317305725, 47.685642215815932 ], [ 0.325543162180546, 47.68582186601099 ], [ 0.324212914571977, 47.685860454560547 ], [ 0.324224341738913, 47.686040104989296 ], [ 0.323958290973435, 47.686047820899724 ], [ 0.323969717341, 47.68622747136903 ], [ 0.323437613655867, 47.686242901438547 ], [ 0.323426189109229, 47.686063250872706 ], [ 0.323160138010521, 47.686070964935311 ], [ 0.323125867768351, 47.685532013046561 ], [ 0.322859819289935, 47.685539726348459 ], [ 0.322825552778523, 47.685000774245381 ], [ 0.323357644161766, 47.684985347315283 ], [ 0.323346220392569, 47.6848056966953 ], [ 0.323612265007201, 47.684797982354645 ], [ 0.323600840438669, 47.684618331775226 ], [ 0.323866884031844, 47.684610616866941 ], [ 0.323844033407212, 47.684251315781438 ], [ 0.323577991634797, 47.684259030593211 ], [ 0.323589415981202, 47.684438681188091 ], [ 0.32305733028244, 47.684454109060432 ], [ 0.323080175666877, 47.684813410420062 ], [ 0.322548085882358, 47.684828836021836 ], [ 0.322559506920337, 47.68500848678655 ], [ 0.322293460951116, 47.68501619871185 ], [ 0.322304881189709, 47.685195849517108 ], [ 0.322038834199048, 47.685203560874712 ], [ 0.322015995653713, 47.684844259159952 ], [ 0.321749950372864, 47.684851969805166 ], [ 0.321761368679613, 47.685031620714625 ], [ 0.321229275964086, 47.685047040253771 ], [ 0.321240692560996, 47.685226691251991 ], [ 0.320708597580665, 47.685242108423935 ], [ 0.320697182804603, 47.685062457329252 ], [ 0.320431136058402, 47.685070164943092 ], [ 0.320488206496219, 47.685968420580366 ], [ 0.320222155086825, 47.685976127819437 ], [ 0.320233568596818, 47.686155778971923 ], [ 0.320499620916685, 47.68614807168467 ], [ 0.320522450090526, 47.686507373870057 ], [ 0.320788504120392, 47.686499665870393 ], [ 0.320799919784267, 47.686679316903273 ], [ 0.321065974613647, 47.686671608239422 ], [ 0.321088808095373, 47.687030910185527 ], [ 0.321354864634773, 47.687023200809278 ], [ 0.32136628245265, 47.687202851722517 ], [ 0.320302051987014, 47.687233685724706 ], [ 0.320313466273767, 47.687413336823127 ], [ 0.319515289527715, 47.687436456001805 ], [ 0.319503877972574, 47.687256804758732 ], [ 0.319237819745863, 47.687264509871447 ], [ 0.319226409212194, 47.687084858572433 ], [ 0.31896035178508, 47.687092563020975 ], [ 0.318948942272869, 47.686912911666063 ], [ 0.319481055195118, 47.686897502249387 ], [ 0.319458232861427, 47.686538199709169 ], [ 0.319192178276784, 47.686545904629057 ], [ 0.31918076818684, 47.686366253299155 ], [ 0.318914714401767, 47.68637395755492 ], [ 0.318903305333238, 47.686194306169064 ], [ 0.317839092725808, 47.686225116839779 ], [ 0.317827687410127, 47.686045465253443 ], [ 0.317295582262057, 47.686060866796737 ], [ 0.317318389362333, 47.686420170154399 ], [ 0.317052334801013, 47.686427870098484 ], [ 0.317120753299503, 47.687505780275217 ], [ 0.316854693164147, 47.687513479892374 ], [ 0.316877498396089, 47.6878727833192 ], [ 0.317143560352577, 47.687865083605693 ], [ 0.31718917578915, 47.688583690173957 ], [ 0.317455241277128, 47.688575989651746 ], [ 0.317500862130181, 47.689294595903775 ], [ 0.316968723758343, 47.689309996717625 ], [ 0.316980127427525, 47.689489648357672 ], [ 0.31751226762066, 47.689474247447436 ], [ 0.317523673222028, 47.689653898983416 ], [ 0.316991531207579, 47.689669299990001 ], [ 0.317002935098507, 47.689848951614614 ], [ 0.31647079081923, 47.689864350253487 ] ], [ [ 0.317029529521721, 47.686068566644458 ], [ 0.317295582262057, 47.686060866796737 ], [ 0.317284178878214, 47.685881215106342 ], [ 0.317018127048358, 47.685888914905874 ], [ 0.317029529521721, 47.686068566644458 ] ], [ [ 0.324722156306399, 47.68548572030091 ], [ 0.324988204007249, 47.685478002687567 ], [ 0.324976774442313, 47.68529835238045 ], [ 0.324710727651887, 47.685306069945526 ], [ 0.324722156306399, 47.68548572030091 ] ], [ [ 0.320165089201238, 47.68507787194104 ], [ 0.320431136058402, 47.685070164943092 ], [ 0.320419722303731, 47.684890513792453 ], [ 0.320153676356986, 47.68489822074217 ], [ 0.320165089201238, 47.68507787194104 ] ], [ [ 0.321472487695673, 47.684680028869025 ], [ 0.32173853217712, 47.684672318887976 ], [ 0.321715696118643, 47.684313017030377 ], [ 0.321449653457976, 47.68432072691494 ], [ 0.321472487695673, 47.684680028869025 ] ], [ [ 0.320130851001337, 47.684538918321273 ], [ 0.32092898304625, 47.684515795913725 ], [ 0.320906152672075, 47.684156493751281 ], [ 0.320108026089486, 47.684179615869517 ], [ 0.320130851001337, 47.684538918321273 ] ], [ [ 0.317656620979877, 47.683350690531832 ], [ 0.317922659731382, 47.683342989559037 ], [ 0.317899850938065, 47.6829836862279 ], [ 0.31710173981302, 47.683006787009532 ], [ 0.317113141423234, 47.683186438823483 ], [ 0.317645217438128, 47.683171038821904 ], [ 0.317656620979877, 47.683350690531832 ] ], [ [ 0.32000531947785, 47.682562754454075 ], [ 0.320271353589943, 47.682555048131185 ], [ 0.320259941388598, 47.682375396872395 ], [ 0.320525974479453, 47.682367689981866 ], [ 0.320514561478765, 47.682188038763549 ], [ 0.319982497006687, 47.682203451832322 ], [ 0.319971085937505, 47.682023800509874 ], [ 0.319705054445345, 47.682031506072249 ], [ 0.319727874874074, 47.682390808805863 ], [ 0.319993908186801, 47.682383103147039 ], [ 0.32000531947785, 47.682562754454075 ] ], [ [ 0.32212217069431, 47.682321435705639 ], [ 0.32265423521133, 47.682306012686695 ], [ 0.322642814928403, 47.68212636185428 ], [ 0.322110752231935, 47.682141784776732 ], [ 0.32212217069431, 47.682321435705639 ] ], [ [ 0.32131265735474, 47.682164914541502 ], [ 0.321844720717194, 47.682149495314185 ], [ 0.321833303276089, 47.681969844329288 ], [ 0.321301241734177, 47.681985263460156 ], [ 0.32131265735474, 47.682164914541502 ] ], [ [ 0.322642814928403, 47.68212636185428 ], [ 0.32290884611011, 47.682118649469288 ], [ 0.322886004056793, 47.681759347877808 ], [ 0.322619974695607, 47.681767060166294 ], [ 0.322642814928403, 47.68212636185428 ] ], [ [ 0.319971085937505, 47.682023800509874 ], [ 0.320503148589027, 47.682008387537543 ], [ 0.32048032314239, 47.681649085062304 ], [ 0.319948264131929, 47.681664497841773 ], [ 0.319971085937505, 47.682023800509874 ] ], [ [ 0.322099333880561, 47.681962133840102 ], [ 0.322365364374034, 47.681954422735068 ], [ 0.322342526183777, 47.6815951209351 ], [ 0.322608554745733, 47.681587409310723 ], [ 0.322597134906876, 47.681407758447378 ], [ 0.322863162447577, 47.681400046255376 ], [ 0.322851741809505, 47.681220395432604 ], [ 0.322319688437549, 47.681235819104231 ], [ 0.322331107255161, 47.681415470023531 ], [ 0.322065079492441, 47.68142318098382 ], [ 0.322099333880561, 47.681962133840102 ] ], [ [ 0.323163455188355, 47.681931285724801 ], [ 0.323429485237735, 47.681923572156371 ], [ 0.323418062446082, 47.68174392145329 ], [ 0.323152033306955, 47.681751634973466 ], [ 0.323163455188355, 47.681931285724801 ] ], [ [ 0.318884144779943, 47.681695316010504 ], [ 0.319416204677756, 47.681679908157854 ], [ 0.319404795761869, 47.681500256715793 ], [ 0.318872737684569, 47.68151566447208 ], [ 0.318884144779943, 47.681695316010504 ] ], [ [ 0.323406639765473, 47.681564270742456 ], [ 0.323672667883314, 47.681556556654684 ], [ 0.323626974630394, 47.680837953927174 ], [ 0.323892998996305, 47.680830239416657 ], [ 0.323881575050492, 47.680650588763683 ], [ 0.323349528028022, 47.680666017072411 ], [ 0.323372372389886, 47.68102531856362 ], [ 0.322840321282455, 47.681040744602079 ], [ 0.322851741809505, 47.681220395432604 ], [ 0.323383794737375, 47.681204969297625 ], [ 0.323406639765473, 47.681564270742456 ] ], [ [ 0.325534861598285, 47.681502540796934 ], [ 0.325800888827472, 47.681494821782508 ], [ 0.325778027415334, 47.681135521206713 ], [ 0.325512002006584, 47.681143240124541 ], [ 0.325534861598285, 47.681502540796934 ] ], [ [ 0.315414349373417, 47.681615754842674 ], [ 0.31594641033262, 47.681600363098461 ], [ 0.315935013360964, 47.681420711022376 ], [ 0.315402954222291, 47.681436102670254 ], [ 0.315414349373417, 47.681615754842674 ] ], [ [ 0.323858727492027, 47.680291287434621 ], [ 0.324124749016321, 47.680283572453085 ], [ 0.324113324493493, 47.680103921825228 ], [ 0.323847303879371, 47.680111636758511 ], [ 0.323858727492027, 47.680291287434621 ] ], [ [ 0.321384623160045, 47.679103136622047 ], [ 0.321650639312382, 47.679095427520451 ], [ 0.321627808314492, 47.678736125280274 ], [ 0.321361793982389, 47.678743834285399 ], [ 0.321384623160045, 47.679103136622047 ] ], [ [ 0.322437268818747, 47.67889264554946 ], [ 0.323235312880588, 47.678869509152634 ], [ 0.323223891976485, 47.678689858318158 ], [ 0.322425850644961, 47.678712994570205 ], [ 0.322437268818747, 47.67889264554946 ] ], [ [ 0.32135037956, 47.678564183105465 ], [ 0.321882406293032, 47.678548764575886 ], [ 0.321870990161414, 47.678369113484734 ], [ 0.321338965248567, 47.678384531917835 ], [ 0.32135037956, 47.678564183105465 ] ], [ [ 0.322148419493091, 47.678541054387473 ], [ 0.322414432582167, 47.678533343583261 ], [ 0.322403014630366, 47.678353692588558 ], [ 0.32213700245138, 47.678361403344539 ], [ 0.322148419493091, 47.678541054387473 ] ], [ [ 0.322657607947468, 47.678166330262634 ], [ 0.323189629930292, 47.678150905768319 ], [ 0.323178209470262, 47.677971254902921 ], [ 0.322646189307576, 47.677986679300702 ], [ 0.322657607947468, 47.678166330262634 ] ] ] } },
{ "type": "Feature", "properties": { "surface_ha": 21.91 }, "geometry": { "type": "Polygon", "coordinates": [ [ [ 0.256442392843385, 47.684746226529342 ], [ 0.256420005134118, 47.684386901111417 ], [ 0.25668606550897, 47.68437934199887 ], [ 0.256674870906962, 47.684199679325772 ], [ 0.25640881144273, 47.684207238391004 ], [ 0.256397617860168, 47.684027575662931 ], [ 0.255865500426454, 47.684042691850806 ], [ 0.25579835214336, 47.682964714754284 ], [ 0.256330458650097, 47.682949599133899 ], [ 0.25631926582929, 47.682769936352315 ], [ 0.256851370079658, 47.682754818362582 ], [ 0.25684017554659, 47.682575155667912 ], [ 0.256308073117299, 47.682590273563065 ], [ 0.256296880514123, 47.682410610766148 ], [ 0.255232677991967, 47.682440838975538 ], [ 0.255243866953004, 47.682620501961551 ], [ 0.25444571118756, 47.68264316679263 ], [ 0.254423338837469, 47.682283840529266 ], [ 0.254157288519211, 47.682291394146475 ], [ 0.254168473729348, 47.682471057329231 ], [ 0.252838215954413, 47.68250881641174 ], [ 0.252827035296963, 47.682329152992708 ], [ 0.25256098432638, 47.682336702914029 ], [ 0.252549804688159, 47.682157039440121 ], [ 0.25201770424201, 47.682172137340324 ], [ 0.252006526533526, 47.681992473764318 ], [ 0.251474427473751, 47.682007569106148 ], [ 0.251463251694973, 47.681827905428015 ], [ 0.251197202912624, 47.68183545212775 ], [ 0.251208377780879, 47.682015115853098 ], [ 0.250942327979367, 47.68202266198405 ], [ 0.250919980172534, 47.681663334431342 ], [ 0.251718123788033, 47.68164069447382 ], [ 0.251706947316053, 47.681461030827627 ], [ 0.251440900463369, 47.681468578048879 ], [ 0.251418549666353, 47.681109250639174 ], [ 0.250620413919399, 47.681131888323868 ], [ 0.250598069019805, 47.680772560600303 ], [ 0.250332025374526, 47.680780105168836 ], [ 0.250320853998116, 47.680600441248401 ], [ 0.250586896732934, 47.680592896727063 ], [ 0.250575724554678, 47.680413232846178 ], [ 0.25137384937605, 47.68039059572807 ], [ 0.25135149988274, 47.680031268226656 ], [ 0.251617539451725, 47.680023721383179 ], [ 0.251606363957603, 47.679844057668234 ], [ 0.25134032529904, 47.67985160446451 ], [ 0.251317976457546, 47.679492276917244 ], [ 0.252914195854207, 47.679446987467536 ], [ 0.252903016134053, 47.679267323965838 ], [ 0.255031295293146, 47.679206903919436 ], [ 0.255020108398674, 47.67902724078813 ], [ 0.255286141893887, 47.679019685558018 ], [ 0.255297329698728, 47.679199348642022 ], [ 0.255563363995546, 47.679191792748732 ], [ 0.25558574175228, 47.679551118799296 ], [ 0.255319705634698, 47.679558674787181 ], [ 0.255330893765833, 47.679738337848249 ], [ 0.255596930793807, 47.679730781813106 ], [ 0.255619309203195, 47.680090107817811 ], [ 0.255885347943204, 47.680082551072182 ], [ 0.255874157773711, 47.679902888120935 ], [ 0.256140195494526, 47.679895330806687 ], [ 0.256162577763126, 47.680254656606934 ], [ 0.255630498571055, 47.6802697708087 ], [ 0.25565287763312, 47.680629096767497 ], [ 0.255386836053044, 47.680636653039016 ], [ 0.255409213729337, 47.680995979061855 ], [ 0.255143170219581, 47.681003534811971 ], [ 0.255165546510042, 47.681362860898737 ], [ 0.255431591840739, 47.681355305054019 ], [ 0.255442781059607, 47.68153496803869 ], [ 0.254910688468476, 47.681550079206673 ], [ 0.254921875975141, 47.681729742278208 ], [ 0.255453970387258, 47.681714631015659 ], [ 0.255476349368908, 47.682073956946702 ], [ 0.255742398232806, 47.682066400296918 ], [ 0.255697637062655, 47.681347748593367 ], [ 0.255963682175784, 47.681340191516725 ], [ 0.255952491244749, 47.681160528619039 ], [ 0.25621853533861, 47.681152970973727 ], [ 0.256229727180117, 47.681332633824169 ], [ 0.256495772075642, 47.681325075515623 ], [ 0.256506964936432, 47.681504738311155 ], [ 0.256773010633621, 47.681497179339374 ], [ 0.256750623199911, 47.681137853835324 ], [ 0.256484579323667, 47.681145412712524 ], [ 0.256473386680507, 47.680965749901745 ], [ 0.25620734360591, 47.680973308115682 ], [ 0.256184960466916, 47.680613982376578 ], [ 0.256983083901584, 47.680591306170697 ], [ 0.256971889763991, 47.680411643431569 ], [ 0.257237929780808, 47.680404083511689 ], [ 0.257249124828831, 47.680583746203531 ], [ 0.257515165647242, 47.680576185620438 ], [ 0.257526361714538, 47.680755848257299 ], [ 0.258058444845688, 47.680740725148638 ], [ 0.258036049178217, 47.680381400056504 ], [ 0.258302088759642, 47.68037383767291 ], [ 0.258290890178781, 47.68019417516269 ], [ 0.258822967194189, 47.680179048642351 ], [ 0.258800566717469, 47.679819723788242 ], [ 0.25906660324105, 47.679812159698855 ], [ 0.259044201379103, 47.679452834908801 ], [ 0.258778166676285, 47.679460398903537 ], [ 0.258789366642436, 47.679640061349708 ], [ 0.258523330920358, 47.67964762477586 ], [ 0.258512131864583, 47.679467962282359 ], [ 0.257980061914578, 47.679483087192288 ], [ 0.25795766777111, 47.679123761993075 ], [ 0.258223700979812, 47.67911619994068 ], [ 0.258201305451052, 47.678756874805501 ], [ 0.258467336730193, 47.678749312231858 ], [ 0.258478535350488, 47.678928974755976 ], [ 0.25901059940285, 47.67891384766633 ], [ 0.259021799952714, 47.679093510088137 ], [ 0.259287832725918, 47.679085945572169 ], [ 0.259299034295026, 47.679265607938959 ], [ 0.259565067869693, 47.679258042759727 ], [ 0.25958747315534, 47.679617367375769 ], [ 0.259853508441838, 47.679609801485981 ], [ 0.259864712158405, 47.679789463735162 ], [ 0.259598675961526, 47.679797029672301 ], [ 0.259609878876623, 47.679976691961187 ], [ 0.259875915983891, 47.679969125976697 ], [ 0.259898323961623, 47.680328450436832 ], [ 0.259632285033549, 47.680336016516009 ], [ 0.259643488275382, 47.68051567878193 ], [ 0.259377448327975, 47.680523244292502 ], [ 0.259388650768296, 47.680702906598128 ], [ 0.259122609801553, 47.68071047154011 ], [ 0.259133811440347, 47.680890133885413 ], [ 0.258867769454268, 47.680897698258761 ], [ 0.258890171237652, 47.681257023021082 ], [ 0.259422258742712, 47.681241893469071 ], [ 0.259433461618672, 47.681421555744073 ], [ 0.258901372292685, 47.68143668539075 ], [ 0.258912573456612, 47.681616347752808 ], [ 0.258646527719795, 47.681623911699532 ], [ 0.258657728082137, 47.681803574101238 ], [ 0.258391681325947, 47.681811137479343 ], [ 0.258414080556299, 47.68217046235447 ], [ 0.258148031870231, 47.682178025211272 ], [ 0.25815923073822, 47.68235768768465 ], [ 0.258425280334801, 47.682350124780548 ], [ 0.258470080537664, 47.683068774408383 ], [ 0.259002186688428, 47.683053646373622 ], [ 0.259013388832476, 47.6832333086668 ], [ 0.259545496368713, 47.683218178073417 ], [ 0.259567904625796, 47.683577502447484 ], [ 0.259833960051655, 47.68356993613213 ], [ 0.25987878151534, 47.684288584599045 ], [ 0.25961272244712, 47.684296151103773 ], [ 0.259623927174785, 47.684475813248717 ], [ 0.259091806890323, 47.684490944504816 ], [ 0.259080603983887, 47.684311282265192 ], [ 0.258548485084986, 47.684326410962576 ], [ 0.25855968617019, 47.684506073296852 ], [ 0.258293625646766, 47.684513636768834 ], [ 0.258304825930244, 47.684693299142801 ], [ 0.258038764387301, 47.6847008620461 ], [ 0.258027565014453, 47.684521199624811 ], [ 0.257761504273256, 47.684528761864748 ], [ 0.257750305919913, 47.684349099388513 ], [ 0.257218185932152, 47.684364221925726 ], [ 0.25722938246425, 47.684543884496605 ], [ 0.256963321396457, 47.68455144488847 ], [ 0.256974517126776, 47.684731107499019 ], [ 0.256442392843385, 47.684746226529342 ] ], [ [ 0.252538625158626, 47.681977375958574 ], [ 0.253070723348978, 47.681962275688946 ], [ 0.253059542107103, 47.681782612294242 ], [ 0.252527445737778, 47.681797712469383 ], [ 0.252538625158626, 47.681977375958574 ] ], [ [ 0.255997255621678, 47.681879180164017 ], [ 0.256529350984462, 47.681864063879175 ], [ 0.256518157906038, 47.681684401098963 ], [ 0.256252111189547, 47.681691959502082 ], [ 0.256240919130428, 47.681512296666945 ], [ 0.255974873215616, 47.681519854406815 ], [ 0.255997255621678, 47.681879180164017 ] ], [ [ 0.252516266425616, 47.681618048972531 ], [ 0.253048360973931, 47.681602948891886 ], [ 0.253037179949461, 47.681423285481877 ], [ 0.252505087222137, 47.68143838546807 ], [ 0.252516266425616, 47.681618048972531 ] ], [ [ 0.254090179541931, 47.681213414889363 ], [ 0.254356224397178, 47.681205861555753 ], [ 0.254345039037739, 47.681026198366752 ], [ 0.254078995092962, 47.681033751653068 ], [ 0.254090179541931, 47.681213414889363 ] ], [ [ 0.258346884171792, 47.681092487637308 ], [ 0.258612927286093, 47.681084924448506 ], [ 0.258601727359298, 47.680905262016218 ], [ 0.258867769454268, 47.680897698258761 ], [ 0.258856568725913, 47.680718035866128 ], [ 0.258590527541383, 47.680725599576235 ], [ 0.258579327832351, 47.680545937128656 ], [ 0.258313287449371, 47.680553500175506 ], [ 0.258346884171792, 47.681092487637308 ] ] ] } },
{ "type": "Feature", "properties": { "surface_ha": 4.67 }, "geometry": { "type": "Polygon", "coordinates": [ [ [ 0.327617328454363, 47.680722171608203 ], [ 0.327605891765926, 47.680542521631395 ], [ 0.327073847854413, 47.680557967182899 ], [ 0.327050978451729, 47.68019866701281 ], [ 0.326518937736258, 47.680214109907851 ], [ 0.326496072418801, 47.679854809513607 ], [ 0.326230053714661, 47.679862529940785 ], [ 0.326218622132776, 47.67968287968376 ], [ 0.325952604227652, 47.679690599446864 ], [ 0.325884022530592, 47.678612697452522 ], [ 0.325351997308354, 47.678628134551829 ], [ 0.325317713420242, 47.678089183160516 ], [ 0.325051703372709, 47.678096900641663 ], [ 0.325063130314257, 47.67827655116146 ], [ 0.32426509677502, 47.678299700055142 ], [ 0.324253672563679, 47.678120049390543 ], [ 0.323987662071887, 47.6781277644086 ], [ 0.323976238881659, 47.677948113687989 ], [ 0.324242248463388, 47.677940398718157 ], [ 0.324230824474146, 47.677760748038096 ], [ 0.324496833034772, 47.677753032500775 ], [ 0.324485408246535, 47.677573381861272 ], [ 0.325017423214521, 47.677557949035915 ], [ 0.324994570331101, 47.677198647926787 ], [ 0.324462559003229, 47.677214080559004 ], [ 0.324428285971165, 47.676675128547608 ], [ 0.324960291838995, 47.676659696205071 ], [ 0.324971717891962, 47.676839346786686 ], [ 0.325237721569276, 47.67683162964353 ], [ 0.325249148643315, 47.67701128016914 ], [ 0.325515153119558, 47.677003562361961 ], [ 0.325538009420905, 47.677362863293446 ], [ 0.325804015606091, 47.677355144773955 ], [ 0.325815444833428, 47.677534795179803 ], [ 0.326347458690546, 47.677519356196981 ], [ 0.326370321118678, 47.677878656792288 ], [ 0.326104312425596, 47.677886376688157 ], [ 0.32611574289629, 47.678066027022496 ], [ 0.326381752499425, 47.678058307078352 ], [ 0.326427479133638, 47.678776908145231 ], [ 0.326959505287111, 47.67876146602314 ], [ 0.326970939043668, 47.678941116173917 ], [ 0.327502966572745, 47.678925671492109 ], [ 0.327514402260647, 47.679105321538529 ], [ 0.328046431165263, 47.67908987429697 ], [ 0.328069306515006, 47.679449174173286 ], [ 0.328335322620762, 47.679441449532199 ], [ 0.328358200235502, 47.679800749280922 ], [ 0.328092182309493, 47.679808474018699 ], [ 0.328115058548734, 47.680167773833141 ], [ 0.328381078295028, 47.680160048998708 ], [ 0.328403956799354, 47.680519348685557 ], [ 0.327871913554923, 47.680534797931941 ], [ 0.327883351153538, 47.680714447860424 ], [ 0.327617328454363, 47.680722171608203 ] ], [ [ 0.324774267293684, 47.677924966931251 ], [ 0.325306285679712, 47.677909532681284 ], [ 0.325283430531908, 47.677550231699634 ], [ 0.325017423214521, 47.677557949035915 ], [ 0.325028849822841, 47.677737599578904 ], [ 0.32476284148434, 47.677745316347711 ], [ 0.324774267293684, 47.677924966931251 ] ] ] } },
{ "type": "Feature", "properties": { "surface_ha": 5.99 }, "geometry": { "type": "Polygon", "coordinates": [ [ [ 0.28497323564061, 47.680692435366595 ], [ 0.284939365147304, 47.680153462204643 ], [ 0.284673333765564, 47.680161086321185 ], [ 0.284639466990948, 47.679622112946952 ], [ 0.284905495641791, 47.679614488973534 ], [ 0.284871627124032, 47.679075515673283 ], [ 0.285403678634833, 47.679060266165067 ], [ 0.285392387527903, 47.678880608478359 ], [ 0.28565841220841, 47.678872982848169 ], [ 0.285613245237387, 47.678154352215408 ], [ 0.285879266167213, 47.678146726160257 ], [ 0.28589055865553, 47.67832638378227 ], [ 0.286688623516954, 47.678303501778593 ], [ 0.28669991884571, 47.678483159249723 ], [ 0.28696594115681, 47.678475530635779 ], [ 0.286954644917836, 47.678295873212363 ], [ 0.287486687390153, 47.67828061423242 ], [ 0.287475389440577, 47.678100956896785 ], [ 0.28774140960179, 47.678093326530828 ], [ 0.287707513681466, 47.677554354621016 ], [ 0.287441496250814, 47.677561984843784 ], [ 0.287430198740543, 47.677382327477417 ], [ 0.287164182110238, 47.677389957036638 ], [ 0.287152885619951, 47.677210299614828 ], [ 0.288216947841558, 47.677179777874095 ], [ 0.288205647820479, 47.677000120635569 ], [ 0.288737676451936, 47.676984856165866 ], [ 0.28877158230566, 47.67752382757179 ], [ 0.289037599187061, 47.677516194269984 ], [ 0.289060205459232, 47.677875508406665 ], [ 0.28879418675748, 47.677883141804031 ], [ 0.288805489148193, 47.678062798908599 ], [ 0.28853946942638, 47.678070431737886 ], [ 0.288550771016766, 47.678250088882528 ], [ 0.288284750274889, 47.678257721143751 ], [ 0.288307351964829, 47.678617035505482 ], [ 0.288573374527136, 47.678609403148748 ], [ 0.288595978476974, 47.678968717384215 ], [ 0.288329954094204, 47.678976349836461 ], [ 0.288352556663023, 47.679335664136723 ], [ 0.288086530349891, 47.679343296068609 ], [ 0.288097830888831, 47.67952295325496 ], [ 0.287299748559537, 47.679545845498723 ], [ 0.287277153053085, 47.679186530831899 ], [ 0.286745101258786, 47.679201789057501 ], [ 0.286778989221589, 47.679740761332646 ], [ 0.287311046477507, 47.679725502820631 ], [ 0.287322344505309, 47.679905160134822 ], [ 0.287056315021975, 47.679912789746496 ], [ 0.287067612249314, 47.680092447100776 ], [ 0.286801581745858, 47.680100076144321 ], [ 0.286812878172717, 47.680279733538633 ], [ 0.286280815015749, 47.680294989873538 ], [ 0.286292109731791, 47.680474647355624 ], [ 0.285760044314985, 47.680489901322467 ], [ 0.285771337320173, 47.680669558892333 ], [ 0.28497323564061, 47.680692435366595 ] ] ] } },
{ "type": "Feature", "properties": { "surface_ha": 1.48 }, "geometry": { "type": "Polygon", "coordinates": [ [ [ 0.252625802048904, 47.679095210143444 ], [ 0.252614623456486, 47.678915546579191 ], [ 0.252348589784509, 47.678923095602997 ], [ 0.25233741221113, 47.678743431983882 ], [ 0.252603444972743, 47.678735883007327 ], [ 0.252569910173535, 47.678196892245843 ], [ 0.252303880142962, 47.678204441080695 ], [ 0.252281525974145, 47.677845113773742 ], [ 0.252813582285324, 47.677830015677046 ], [ 0.252802403543278, 47.677650352106532 ], [ 0.253334457599147, 47.677635251640801 ], [ 0.25334563816181, 47.677814915116798 ], [ 0.25361166593702, 47.677807363912855 ], [ 0.253634029209061, 47.678166690747474 ], [ 0.253900058696207, 47.678159138833131 ], [ 0.253955973330371, 47.679057455549582 ], [ 0.252625802048904, 47.679095210143444 ] ], [ [ 0.252824761136044, 47.678009679239892 ], [ 0.253090790038946, 47.678002129220459 ], [ 0.253079610277908, 47.677822465704885 ], [ 0.252813582285324, 47.677830015677046 ], [ 0.252824761136044, 47.678009679239892 ] ] ] } },
{ "type": "Feature", "properties": { "surface_ha": 1.16 }, "geometry": { "type": "Polygon", "coordinates": [ [ [ 0.265106862034863, 47.678380386379139 ], [ 0.265095640874577, 47.678200725023949 ], [ 0.264829614140334, 47.678208302899918 ], [ 0.264818393999416, 47.678028641489661 ], [ 0.264552368066383, 47.678036218702402 ], [ 0.264541148944813, 47.677856557237043 ], [ 0.26480717396757, 47.677848980071744 ], [ 0.264773514526465, 47.677309995772028 ], [ 0.264507492234485, 47.67731757279509 ], [ 0.264496273549163, 47.677137911299148 ], [ 0.264762294930901, 47.677130334323479 ], [ 0.264751075444405, 47.676950672867271 ], [ 0.265283116060205, 47.676935517163223 ], [ 0.265271894862333, 47.676755855794198 ], [ 0.265537914096392, 47.676748277065819 ], [ 0.265549136204486, 47.676927938387429 ], [ 0.265815156239675, 47.676920358995815 ], [ 0.265826379367087, 47.677100020262351 ], [ 0.265560358421671, 47.677107599701401 ], [ 0.265571580747951, 47.677287261007699 ], [ 0.265837602603603, 47.677279681521235 ], [ 0.265860049403947, 47.677639004016008 ], [ 0.265594025727796, 47.677646583597323 ], [ 0.265638916996668, 47.678365228684719 ], [ 0.265106862034863, 47.678380386379139 ] ] ] } },
{ "type": "Feature", "properties": { "surface_ha": 1.28 }, "geometry": { "type": "Polygon", "coordinates": [ [ [ 0.262667758091641, 47.677729918345129 ], [ 0.262656545560051, 47.677550256532733 ], [ 0.261858473009675, 47.677572971115978 ], [ 0.261824844261174, 47.677033985206464 ], [ 0.262090865822851, 47.677026414436668 ], [ 0.262068445381565, 47.676667090553472 ], [ 0.262334465013802, 47.676659519262607 ], [ 0.262356887275552, 47.677018843051066 ], [ 0.26368699290408, 47.676980976885204 ], [ 0.263698208749637, 47.677160638531021 ], [ 0.263964230458524, 47.677153063402912 ], [ 0.263975447323358, 47.677332724993676 ], [ 0.264241469833448, 47.677325149202318 ], [ 0.264263905710759, 47.677684472266066 ], [ 0.262667758091641, 47.677729918345129 ] ] ] } },
{ "type": "Feature", "properties": { "surface_ha": 4.07 }, "geometry": { "type": "Polygon", "coordinates": [ [ [ 0.24576464385254, 47.680189609657759 ], [ 0.245742333031967, 47.679830280144316 ], [ 0.245476292895906, 47.6798378133428 ], [ 0.245465138558728, 47.679658148527487 ], [ 0.245731177784355, 47.679650615376154 ], [ 0.24572002264519, 47.679470950600312 ], [ 0.245453984329989, 47.67947848370455 ], [ 0.245398214812832, 47.678580159475324 ], [ 0.245132180941197, 47.678587691727934 ], [ 0.245121028273436, 47.678408026812058 ], [ 0.244322928739163, 47.678430619733106 ], [ 0.244311778910929, 47.678250954668229 ], [ 0.243779713833504, 47.678266013441792 ], [ 0.243757418143645, 47.677906683100723 ], [ 0.243491387263085, 47.677914211469421 ], [ 0.243469093827402, 47.677554881003594 ], [ 0.244533209416646, 47.677524764210219 ], [ 0.244522059220036, 47.67734509915428 ], [ 0.245054114543668, 47.677330037156473 ], [ 0.245042962634826, 47.677150372187207 ], [ 0.24584104207622, 47.677127774712694 ], [ 0.245852196715998, 47.677307439540627 ], [ 0.246118223889907, 47.677299905770212 ], [ 0.246129379548442, 47.677479570543383 ], [ 0.24639540752422, 47.677472036109961 ], [ 0.246451191995361, 47.678370359625433 ], [ 0.246717224414385, 47.678362824340361 ], [ 0.246750699129767, 47.678901818216602 ], [ 0.246484663979611, 47.678909353643121 ], [ 0.246518136940083, 47.679448347592079 ], [ 0.246784174821445, 47.679440812024126 ], [ 0.246795333602299, 47.679620476611355 ], [ 0.247061372285599, 47.679612940380309 ], [ 0.247083691993623, 47.679972269437577 ], [ 0.246551610876808, 47.679987341472327 ], [ 0.246562769072668, 47.680167006083778 ], [ 0.24576464385254, 47.680189609657759 ] ], [ [ 0.245930282230802, 47.678565093122309 ], [ 0.246196315777118, 47.678557559021918 ], [ 0.246174003267077, 47.678198229559598 ], [ 0.245907971541491, 47.6782057635657 ], [ 0.245930282230802, 47.678565093122309 ] ], [ [ 0.245619631272634, 47.67785396727448 ], [ 0.245885661285967, 47.677846433978566 ], [ 0.245874506320868, 47.677666769173562 ], [ 0.245608477217874, 47.677674302422353 ], [ 0.245619631272634, 47.67785396727448 ] ] ] } },
{ "type": "Feature", "properties": { "surface_ha": 1.36 }, "geometry": { "type": "Polygon", "coordinates": [ [ [ 0.302836274840813, 47.676579450201814 ], [ 0.302802225271138, 47.676040486336127 ], [ 0.303334236331571, 47.676025154417758 ], [ 0.303311533529954, 47.675665845327281 ], [ 0.303577537074597, 47.675658178540395 ], [ 0.30358888933026, 47.675837833041527 ], [ 0.303854893674575, 47.675830165590909 ], [ 0.303820834508585, 47.675291202208356 ], [ 0.304884839862, 47.675260526824246 ], [ 0.304896196446991, 47.675440181100875 ], [ 0.30516219841939, 47.675432510667498 ], [ 0.30519627156678, 47.675971473307186 ], [ 0.304664262051474, 47.675986813846109 ], [ 0.30465290604533, 47.675807159544604 ], [ 0.30438690203212, 47.675814828842469 ], [ 0.304398257128234, 47.675994483191936 ], [ 0.304132252094615, 47.67600215192202 ], [ 0.304143606391067, 47.676181806311789 ], [ 0.303877600337036, 47.676189474474093 ], [ 0.303900307440949, 47.676548783326432 ], [ 0.302836274840813, 47.676579450201814 ] ] ] } },
{ "type": "Feature", "properties": { "surface_ha": 6.03 }, "geometry": { "type": "Polygon", "coordinates": [ [ [ 0.328243816609469, 47.678004250227872 ], [ 0.328232378858395, 47.677824600280012 ], [ 0.32770036291711, 47.677840048076568 ], [ 0.327666055791134, 47.67730109789666 ], [ 0.327932061087283, 47.677293374451239 ], [ 0.327920624690938, 47.677113724424117 ], [ 0.327654620304797, 47.677121447821243 ], [ 0.327608879471025, 47.676402847442134 ], [ 0.327076877645182, 47.676418292002602 ], [ 0.327099744199836, 47.67677759240091 ], [ 0.327365746988292, 47.676769870331867 ], [ 0.327388615807497, 47.677129170602598 ], [ 0.327122611199047, 47.677136892768239 ], [ 0.327111177643873, 47.676957242588443 ], [ 0.326845173834285, 47.676964964090018 ], [ 0.326833741300247, 47.676785313854189 ], [ 0.326567738289524, 47.67679303469172 ], [ 0.326556306776603, 47.676613384399857 ], [ 0.326822308877337, 47.676605663610623 ], [ 0.326799444364901, 47.676246363100255 ], [ 0.326533444084117, 47.676254083792905 ], [ 0.3265448753748, 47.676433734100264 ], [ 0.326278874072926, 47.676441454225454 ], [ 0.32629030456475, 47.676621104573364 ], [ 0.325758299807719, 47.676636543073236 ], [ 0.325769728590669, 47.676816193510021 ], [ 0.325503725135516, 47.67682391188464 ], [ 0.325492297262559, 47.676644261399581 ], [ 0.325226294606314, 47.676651979110176 ], [ 0.325214867754429, 47.676472328569091 ], [ 0.324682863928698, 47.676487762046548 ], [ 0.324660014198044, 47.676128460748068 ], [ 0.323862013086417, 47.676151606056706 ], [ 0.32383916925974, 47.675792304437699 ], [ 0.323573170487058, 47.675800018212598 ], [ 0.323561749650206, 47.675620367343249 ], [ 0.32382774751294, 47.675612653616618 ], [ 0.323804904352411, 47.675253351951206 ], [ 0.324602891814829, 47.67523020736661 ], [ 0.324591467671332, 47.675050556667131 ], [ 0.324857462360137, 47.67504284062246 ], [ 0.324846037417779, 47.674863189963531 ], [ 0.325378024642405, 47.67484775612369 ], [ 0.325366597991301, 47.674668105553586 ], [ 0.325898582951851, 47.674652669347573 ], [ 0.325910011422748, 47.6748323198211 ], [ 0.326176004646292, 47.67482460074627 ], [ 0.326198863741162, 47.675183901573547 ], [ 0.326464858673421, 47.675176181786426 ], [ 0.326499150878762, 47.675715132824457 ], [ 0.326765148429688, 47.675707412276722 ], [ 0.326776580296969, 47.675887062558971 ], [ 0.327042578646718, 47.675879341347226 ], [ 0.327031145869494, 47.67569969111328 ], [ 0.328095134517326, 47.67566880030251 ], [ 0.328118007462451, 47.676028100376101 ], [ 0.328650004759167, 47.676012651083155 ], [ 0.328661443218386, 47.67619230101171 ], [ 0.328395443715666, 47.676200026014385 ], [ 0.328418319147739, 47.676559325944901 ], [ 0.328684320470388, 47.676551600845585 ], [ 0.32871863718232, 47.677090550538395 ], [ 0.328984641123736, 47.677082824678365 ], [ 0.329007521307675, 47.677442124338164 ], [ 0.329805537924705, 47.677418942773564 ], [ 0.329828424013601, 47.677778242112382 ], [ 0.328764394354952, 47.677809150020458 ], [ 0.328752954894998, 47.677629500161544 ], [ 0.328486948112346, 47.67763722555086 ], [ 0.328509825323383, 47.677996525357635 ], [ 0.328243816609469, 47.678004250227872 ] ], [ [ 0.325746871135861, 47.676456892628721 ], [ 0.326012872659944, 47.676449173734959 ], [ 0.326001443189204, 47.676269523331015 ], [ 0.325735442575096, 47.676277242176504 ], [ 0.325746871135861, 47.676456892628721 ] ], [ [ 0.327586009721065, 47.676043547206191 ], [ 0.327852008647337, 47.676035824099003 ], [ 0.327840573029138, 47.675856174017767 ], [ 0.327574575012811, 47.675863897076617 ], [ 0.327586009721065, 47.676043547206191 ] ], [ [ 0.325955726417227, 47.6755509216379 ], [ 0.326221723280433, 47.675543202369894 ], [ 0.326210293455247, 47.675363551975586 ], [ 0.325944297501969, 47.675371271195296 ], [ 0.325955726417227, 47.6755509216379 ] ] ] } },
{ "type": "Feature", "properties": { "surface_ha": 1.96 }, "geometry": { "type": "Polygon", "coordinates": [ [ [ 0.313810851201464, 47.677342563381544 ], [ 0.313799463258863, 47.677162910783245 ], [ 0.314065471593457, 47.677155219501493 ], [ 0.314054082851501, 47.676975566943611 ], [ 0.314320090165337, 47.676967875094221 ], [ 0.31427453266443, 47.676249264977947 ], [ 0.314540536227438, 47.67624157270528 ], [ 0.314529146218982, 47.676061920205065 ], [ 0.313997140802271, 47.676077304038365 ], [ 0.313974364757479, 47.675717998822208 ], [ 0.313442362537959, 47.675733380000075 ], [ 0.313408204760841, 47.675194421829332 ], [ 0.313674203196019, 47.675186731692598 ], [ 0.313662816581705, 47.675007079001688 ], [ 0.313928813996245, 47.674999388297358 ], [ 0.313917426582667, 47.674819735646842 ], [ 0.314715415432267, 47.674796659983933 ], [ 0.314726805575679, 47.674976312490081 ], [ 0.314992802547402, 47.674968619322897 ], [ 0.315038367868097, 47.675687229077738 ], [ 0.314772367256517, 47.675694922437444 ], [ 0.31478375795353, 47.675874574904981 ], [ 0.315049759475095, 47.675866881497129 ], [ 0.315061151192827, 47.676046533908817 ], [ 0.314795148761266, 47.676054227364823 ], [ 0.31487488751581, 47.677311794367469 ], [ 0.313810851201464, 47.677342563381544 ] ] ] } },
{ "type": "Feature", "properties": { "surface_ha": 2.31 }, "geometry": { "type": "Polygon", "coordinates": [ [ [ 0.257879291697735, 47.677866123554836 ], [ 0.257856899513512, 47.677506798217912 ], [ 0.257590874388841, 47.677514359228603 ], [ 0.257602069516249, 47.677694021948206 ], [ 0.257336043372463, 47.67770158239032 ], [ 0.257324849155344, 47.677521919623423 ], [ 0.257058823813022, 47.677529479402367 ], [ 0.257070017119854, 47.677709142216571 ], [ 0.256271937709172, 47.677731818000019 ], [ 0.256260747133213, 47.677552155043955 ], [ 0.256792798361886, 47.677537038565454 ], [ 0.256781606074149, 47.677357375696296 ], [ 0.257047630615003, 47.677349816580509 ], [ 0.257036437525797, 47.677170153751028 ], [ 0.257568484460524, 47.67715503376651 ], [ 0.257557289659607, 47.676975371023957 ], [ 0.257025244545401, 47.676990490913902 ], [ 0.257002858911036, 47.676631165216676 ], [ 0.257268879702051, 47.676623605674237 ], [ 0.257280073375074, 47.676803268479397 ], [ 0.258078137825914, 47.676780586015049 ], [ 0.258044548941201, 47.67624159800247 ], [ 0.259108622429087, 47.676211346662591 ], [ 0.259119822256022, 47.676391009151793 ], [ 0.259651860167185, 47.676375879692145 ], [ 0.259674263788602, 47.676735204458332 ], [ 0.260206304905089, 47.676720072345958 ], [ 0.260217508699618, 47.676899734622893 ], [ 0.259951487285587, 47.676907301034333 ], [ 0.259973893380888, 47.677266625659932 ], [ 0.259175823023875, 47.677289321483165 ], [ 0.259187023504087, 47.677468983926495 ], [ 0.258920998923706, 47.677476548016507 ], [ 0.258898599892694, 47.677117223027579 ], [ 0.258100530959937, 47.677139911318505 ], [ 0.258145318534139, 47.677858561833659 ], [ 0.257879291697735, 47.677866123554836 ] ] ] } },
{ "type": "Feature", "properties": { "surface_ha": 14.45 }, "geometry": { "type": "Polygon", "coordinates": [ [ [ 0.30666265055408, 47.678088958169027 ], [ 0.306651286852275, 47.677909304296023 ], [ 0.306385272691128, 47.677916978480248 ], [ 0.306373910009906, 47.677737324551536 ], [ 0.305309855901328, 47.677768014938522 ], [ 0.305298496971008, 47.677588360810049 ], [ 0.305830522425944, 47.677573016944159 ], [ 0.305807801256155, 47.677213708856137 ], [ 0.305541790404101, 47.677221381000962 ], [ 0.305553150023683, 47.677401035096842 ], [ 0.305287138151107, 47.677408706673909 ], [ 0.305264420842552, 47.677049398378465 ], [ 0.305530430894943, 47.677041726897386 ], [ 0.305496353030004, 47.676502764540402 ], [ 0.305762360241765, 47.676495092587572 ], [ 0.305716920994212, 47.675776476195729 ], [ 0.306514931046472, 47.675753457218725 ], [ 0.306503568780602, 47.675573803245491 ], [ 0.306769571000461, 47.675566129069679 ], [ 0.306758207935036, 47.675386475136776 ], [ 0.307024209134438, 47.675378800393254 ], [ 0.307012845269474, 47.675199146500667 ], [ 0.307278845448423, 47.675191471189407 ], [ 0.307267480783942, 47.675011817337129 ], [ 0.307533479942439, 47.675004141458167 ], [ 0.307499383881916, 47.674465179999146 ], [ 0.308563368491525, 47.674434470902476 ], [ 0.308540631057386, 47.674075163608855 ], [ 0.308806625113669, 47.674067484891495 ], [ 0.308829364367676, 47.674426792089022 ], [ 0.310957327397492, 47.674365339415878 ], [ 0.310980081652695, 47.674724645813633 ], [ 0.311246078353744, 47.674716961362627 ], [ 0.311302970476972, 47.675615226981606 ], [ 0.311568971617265, 47.675607541674481 ], [ 0.311603110948484, 47.676146500809025 ], [ 0.311869114708168, 47.676138814741932 ], [ 0.311891876635459, 47.676498120696877 ], [ 0.312157882104561, 47.676490433917834 ], [ 0.312192028555373, 47.677029392648144 ], [ 0.311926020356136, 47.677037079571448 ], [ 0.31193740181763, 47.677216732514211 ], [ 0.31140538326713, 47.677232104609722 ], [ 0.311416763019114, 47.677411757640954 ], [ 0.310884742205984, 47.677427127369597 ], [ 0.310896120248419, 47.677606780489249 ], [ 0.310630108765859, 47.677614464477983 ], [ 0.310618731633511, 47.677434811310235 ], [ 0.31008671015679, 47.677450177344241 ], [ 0.310098085468961, 47.677629830608112 ], [ 0.30983207365464, 47.677637512749513 ], [ 0.309820699252562, 47.677457859437531 ], [ 0.308756654530059, 47.677488581653115 ], [ 0.308768025291758, 47.677668235157299 ], [ 0.308502012924681, 47.677675914219797 ], [ 0.308490643073081, 47.677496260667567 ], [ 0.307692608039035, 47.677519294016257 ], [ 0.307715342392133, 47.677878601401183 ], [ 0.307449328672896, 47.677886278048575 ], [ 0.307460695105073, 47.67806593177751 ], [ 0.30666265055408, 47.678088958169027 ] ] ] } },
{ "type": "Feature", "properties": { "surface_ha": 1.16 }, "geometry": { "type": "Polygon", "coordinates": [ [ [ 0.266635667515897, 47.677256939366693 ], [ 0.266613215690596, 47.67689761712586 ], [ 0.266347195982738, 47.676905198364999 ], [ 0.266313521793853, 47.676366214804013 ], [ 0.266579538771097, 47.676358633707181 ], [ 0.26655708803705, 47.675999311389752 ], [ 0.266823103084803, 47.675991729771972 ], [ 0.266789425071653, 47.675452746380692 ], [ 0.267321449378812, 47.675437581582266 ], [ 0.267310221772401, 47.675257920531415 ], [ 0.267842243822712, 47.675242753364628 ], [ 0.267887162184431, 47.675961397142544 ], [ 0.267355132852911, 47.675976564688867 ], [ 0.267377589048043, 47.67633588672166 ], [ 0.267111572398199, 47.676343469665973 ], [ 0.267122799749297, 47.676523130718323 ], [ 0.266590764301805, 47.676538294854417 ], [ 0.266601989941636, 47.676717955993972 ], [ 0.266868008630154, 47.676710374186413 ], [ 0.266879235289326, 47.676890035270866 ], [ 0.26714525477892, 47.676882452800044 ], [ 0.267156482457448, 47.677062113829393 ], [ 0.266890462057634, 47.677069696347687 ], [ 0.266901688935079, 47.677249357416812 ], [ 0.266635667515897, 47.677256939366693 ] ] ] } },
{ "type": "Feature", "properties": { "surface_ha": 2.99 }, "geometry": { "type": "Polygon", "coordinates": [ [ [ 0.283439937759532, 47.677496706204721 ], [ 0.283428654011659, 47.677317048115036 ], [ 0.283694671268374, 47.677309427224941 ], [ 0.283683386720016, 47.677129769175252 ], [ 0.283949402956862, 47.677122147717057 ], [ 0.283915547239507, 47.676583173664959 ], [ 0.283649533733121, 47.676590794980093 ], [ 0.283604397952951, 47.675872162612336 ], [ 0.283072377892108, 47.675887403013832 ], [ 0.283094941922352, 47.676246719403764 ], [ 0.282828929907184, 47.676254338776133 ], [ 0.282817648747351, 47.676074680537333 ], [ 0.282551637532646, 47.676082299246268 ], [ 0.282562917782355, 47.676261957532724 ], [ 0.282296905547871, 47.676269575673494 ], [ 0.282274346978344, 47.675910258997561 ], [ 0.282540357392588, 47.675902640952089 ], [ 0.282529077362182, 47.675722982650278 ], [ 0.282263067858045, 47.675730600648073 ], [ 0.282240509946374, 47.67537128392604 ], [ 0.282506517630319, 47.675363666023593 ], [ 0.282483958337051, 47.675004349366162 ], [ 0.282217952473256, 47.675011967173326 ], [ 0.282195395438687, 47.674652650389859 ], [ 0.282461399482362, 47.67464503267805 ], [ 0.282472678854885, 47.674824691025954 ], [ 0.283270693058179, 47.674801834052921 ], [ 0.283281975270528, 47.674981492250112 ], [ 0.283547980695689, 47.67497387197988 ], [ 0.283536697573282, 47.67479421383036 ], [ 0.283802701978706, 47.674786592992056 ], [ 0.283836554405162, 47.675325567274577 ], [ 0.28410256143109, 47.675317945677449 ], [ 0.284113846702707, 47.675497603708578 ], [ 0.284645862245611, 47.675482358571593 ], [ 0.284736162929833, 47.676919621780961 ], [ 0.284470147932288, 47.676927245038925 ], [ 0.284504009768884, 47.677466218758767 ], [ 0.283439937759532, 47.677496706204721 ] ], [ [ 0.283604397952951, 47.675872162612336 ], [ 0.283870407818846, 47.675864541487961 ], [ 0.283859123237924, 47.675684883424509 ], [ 0.283593114282131, 47.675692504501221 ], [ 0.283604397952951, 47.675872162612336 ] ] ] } },
{ "type": "Feature", "properties": { "surface_ha": 1.2 }, "geometry": { "type": "Polygon", "coordinates": [ [ [ 0.285234323555367, 47.676365400057968 ], [ 0.285155299635515, 47.675107795283132 ], [ 0.285953316008086, 47.675084919550947 ], [ 0.285942024585462, 47.674905261838376 ], [ 0.285144010943057, 47.674928137427436 ], [ 0.285121433887338, 47.674568821692979 ], [ 0.285653439451849, 47.674553572106866 ], [ 0.28566472974492, 47.674733229882513 ], [ 0.285930733272594, 47.674725604118102 ], [ 0.285919442069486, 47.674545946390168 ], [ 0.286185444577366, 47.674538320057721 ], [ 0.286264491674531, 47.675795923657951 ], [ 0.285998482796215, 47.675803550324424 ], [ 0.285987190934536, 47.675623892642562 ], [ 0.285721182856544, 47.675631518645545 ], [ 0.285732473808134, 47.675811176375099 ], [ 0.285466464710295, 47.67581880181001 ], [ 0.285477754861542, 47.675998459579603 ], [ 0.28600977476766, 47.675983207998577 ], [ 0.286032359039854, 47.676342523323861 ], [ 0.285234323555367, 47.676365400057968 ] ] ] } },
{ "type": "Feature", "properties": { "surface_ha": 1.28 }, "geometry": { "type": "Polygon", "coordinates": [ [ [ 0.249355208495651, 47.67792810926948 ], [ 0.249321708097605, 47.677389116693753 ], [ 0.249055681315351, 47.677396657901944 ], [ 0.248999854041106, 47.676498336553742 ], [ 0.249265876271941, 47.676490795581508 ], [ 0.249243544301525, 47.676131467083117 ], [ 0.249775584796539, 47.676116383479808 ], [ 0.249730914876445, 47.675397726768921 ], [ 0.249996931320221, 47.675390184232242 ], [ 0.250030436328105, 47.675929176635279 ], [ 0.250296455393964, 47.675921633341211 ], [ 0.250318794429216, 47.676280961477325 ], [ 0.250052773542877, 47.676288504865816 ], [ 0.250063942313124, 47.676468168969606 ], [ 0.249797920407961, 47.676475711789443 ], [ 0.249876098467831, 47.677733360632473 ], [ 0.249610070082071, 47.6777409031668 ], [ 0.249621237900304, 47.677920567303836 ], [ 0.249355208495651, 47.67792810926948 ] ] ] } },
{ "type": "Feature", "properties": { "surface_ha": 16.4 }, "geometry": { "type": "Polygon", "coordinates": [ [ [ 0.30107631087301, 47.678249987728442 ], [ 0.301042277437254, 47.6777110230638 ], [ 0.300776262778665, 47.677718684220416 ], [ 0.300764919430765, 47.677539029268843 ], [ 0.300498905572038, 47.677546689761762 ], [ 0.300521590557839, 47.677905999753008 ], [ 0.299457526739336, 47.677936635950005 ], [ 0.299468865757023, 47.678116291125761 ], [ 0.299202848616654, 47.678123948683393 ], [ 0.299191510509124, 47.677944293459731 ], [ 0.298925494168695, 47.677951950353666 ], [ 0.298914157081525, 47.677772295074384 ], [ 0.299180172511806, 47.677764638228354 ], [ 0.299157496847819, 47.67740532774252 ], [ 0.299955537016552, 47.677382353797142 ], [ 0.299944196619525, 47.677202698686386 ], [ 0.29967818425029, 47.677210357236078 ], [ 0.299655505607156, 47.676851046895706 ], [ 0.299921516156182, 47.676843388441874 ], [ 0.299910176089865, 47.676663733308033 ], [ 0.300176185618567, 47.676656074286313 ], [ 0.300153503996481, 47.676296764091418 ], [ 0.300419511594794, 47.676289104549788 ], [ 0.300408170039051, 47.676109449488713 ], [ 0.300674176617056, 47.676101789379238 ], [ 0.30066283426151, 47.675922134358387 ], [ 0.300130822815355, 47.675937453865707 ], [ 0.300142163350799, 47.676117108982424 ], [ 0.299344142624648, 47.676140083768921 ], [ 0.29935548054014, 47.676319739021686 ], [ 0.298823464351494, 47.676335052563033 ], [ 0.298834800557049, 47.67651470790392 ], [ 0.298302782107466, 47.676530019077951 ], [ 0.298314116603044, 47.676709674506895 ], [ 0.298580126793016, 47.676702019179871 ], [ 0.298591462308871, 47.676881674553229 ], [ 0.298857473298751, 47.676874018562522 ], [ 0.29888014648125, 47.677233329190351 ], [ 0.298614133671155, 47.677240985276867 ], [ 0.298602797934916, 47.677061329918921 ], [ 0.298336785924741, 47.677068985341748 ], [ 0.298359455687173, 47.677428296145791 ], [ 0.297827427695795, 47.677443605335647 ], [ 0.297793428678121, 47.676904638830685 ], [ 0.295931346351022, 47.67695820059221 ], [ 0.295920019936195, 47.676778544740053 ], [ 0.296452042188654, 47.676763244554287 ], [ 0.296440714063732, 47.67658358879013 ], [ 0.296174703902657, 47.676591239143065 ], [ 0.29616337679794, 47.676411583323379 ], [ 0.296429386048924, 47.676403933018314 ], [ 0.296406730349662, 47.676044621451588 ], [ 0.296140722918829, 47.6760522716609 ], [ 0.296129396144432, 47.675872615818122 ], [ 0.295597382772595, 47.675887914293732 ], [ 0.295574733194319, 47.675528602393626 ], [ 0.295308728163374, 47.675536250612083 ], [ 0.295297404449404, 47.675356594602661 ], [ 0.293701377412756, 47.675402470695296 ], [ 0.293678741235423, 47.675043158079305 ], [ 0.293412738164269, 47.675050801843959 ], [ 0.293390104247048, 47.674691489101512 ], [ 0.294720109402392, 47.674653264599129 ], [ 0.294731430856061, 47.674832920735028 ], [ 0.294997432467024, 47.67482527393949 ], [ 0.294986110103347, 47.674645617851411 ], [ 0.296050111806483, 47.674615024703193 ], [ 0.296038785912876, 47.674435368798825 ], [ 0.296304785153455, 47.674427719020308 ], [ 0.296316111957052, 47.674607374876778 ], [ 0.297114111748113, 47.674584421703123 ], [ 0.297102782214543, 47.674404765990268 ], [ 0.297900778284479, 47.674381807418627 ], [ 0.297912110548006, 47.674561462987853 ], [ 0.298444109197171, 47.674546154099012 ], [ 0.298432775113677, 47.674366498625552 ], [ 0.298698773363021, 47.674358843305413 ], [ 0.298721443460154, 47.674718154148813 ], [ 0.298987443419288, 47.67471049811715 ], [ 0.299021452121384, 47.675249464180816 ], [ 0.298755449432233, 47.675257120356171 ], [ 0.298778120631222, 47.675616431122606 ], [ 0.299310129539437, 47.675601117964511 ], [ 0.299321467124296, 47.675780773240334 ], [ 0.300119482390146, 47.675757798741309 ], [ 0.300108142075176, 47.675578143609208 ], [ 0.299842138006819, 47.675585802343406 ], [ 0.299830798712109, 47.675406147155662 ], [ 0.300096801870438, 47.675398488469398 ], [ 0.300085461775935, 47.675218833321871 ], [ 0.299819459527623, 47.675226491960231 ], [ 0.299785442635496, 47.674687526327766 ], [ 0.299519443006966, 47.674695184206612 ], [ 0.29947409233374, 47.673976563063889 ], [ 0.29920809623489, 47.673984220135381 ], [ 0.299162750964685, 47.673265598677858 ], [ 0.299694735772687, 47.673250284302377 ], [ 0.299683397910787, 47.673070629014582 ], [ 0.300215380458134, 47.673055312272147 ], [ 0.300204040886632, 47.672875657072453 ], [ 0.300736021173282, 47.672860337963058 ], [ 0.300747362564583, 47.673039993066929 ], [ 0.30101335345245, 47.673032332540764 ], [ 0.301024695863898, 47.673211987588971 ], [ 0.301290687551421, 47.673204326399187 ], [ 0.301302030983037, 47.673383981391773 ], [ 0.302100008113737, 47.673360993984417 ], [ 0.302111354385377, 47.673540648825451 ], [ 0.302377347451629, 47.673532985076996 ], [ 0.302388694743487, 47.673712639862408 ], [ 0.301590712484085, 47.673735629404526 ], [ 0.30160205715643, 47.673915284326078 ], [ 0.301070066612233, 47.673930607704825 ], [ 0.301092752647937, 47.674289917716521 ], [ 0.301624746831951, 47.674274594146048 ], [ 0.301670127506333, 47.674993213693554 ], [ 0.301936128072839, 47.674985550792961 ], [ 0.301947474427138, 47.675165205612643 ], [ 0.301415471363842, 47.675180530893968 ], [ 0.301438160763269, 47.675539840702022 ], [ 0.301172157246173, 47.675547502514952 ], [ 0.301183501201272, 47.675727157455334 ], [ 0.301449505628399, 47.67571949559445 ], [ 0.301460850603809, 47.675899150479225 ], [ 0.301726855830691, 47.675891487954637 ], [ 0.301749547932455, 47.676250797605171 ], [ 0.302015554869145, 47.676243134368967 ], [ 0.302094987070221, 47.67750071756754 ], [ 0.302361000267215, 47.677493053379891 ], [ 0.302383697994839, 47.677852362699959 ], [ 0.302117682977592, 47.677860026983517 ], [ 0.302140379326219, 47.678219336368691 ], [ 0.30107631087301, 47.678249987728442 ] ], [ [ 0.299978218141324, 47.677741663995477 ], [ 0.300244233130691, 47.677734004686251 ], [ 0.300221550185663, 47.677374694583769 ], [ 0.299955537016552, 47.677382353797142 ], [ 0.299978218141324, 47.677741663995477 ] ], [ [ 0.300221550185663, 47.677374694583769 ], [ 0.300487563244524, 47.677367034754567 ], [ 0.30047622102727, 47.677187379739706 ], [ 0.30021020887852, 47.677195039520932 ], [ 0.300221550185663, 47.677374694583769 ] ], [ [ 0.296950074495691, 47.676208974877099 ], [ 0.297216082506225, 47.676201322772606 ], [ 0.29720475198144, 47.676021667129028 ], [ 0.296938744880976, 47.676029319185623 ], [ 0.296950074495691, 47.676208974877099 ] ], [ [ 0.298280113446849, 47.676170708196935 ], [ 0.298546120906586, 47.676163053013589 ], [ 0.298534785831482, 47.675983397609443 ], [ 0.298268779281807, 47.675991052744877 ], [ 0.298280113446849, 47.676170708196935 ] ] ] } },
{ "type": "Feature", "properties": { "surface_ha": 3.91 }, "geometry": { "type": "Polygon", "coordinates": [ [ [ 0.255728695469391, 47.677567269058997 ], [ 0.255706318284953, 47.677207942934778 ], [ 0.255440294110449, 47.677215498923928 ], [ 0.255451481738008, 47.677395162037129 ], [ 0.254919431242176, 47.677410272262378 ], [ 0.254874688666621, 47.676691619385466 ], [ 0.254342645017981, 47.676706726769119 ], [ 0.254331461466431, 47.676527063436268 ], [ 0.254065440389278, 47.676534616157049 ], [ 0.25407662303058, 47.676714279537165 ], [ 0.253810600934468, 47.676721831689328 ], [ 0.253788237581068, 47.67636250482694 ], [ 0.254054257856686, 47.676354952769273 ], [ 0.254031893117621, 47.67599562597082 ], [ 0.25376587466246, 47.676003177934 ], [ 0.253754693366199, 47.675823514476043 ], [ 0.254020710911144, 47.675815962560129 ], [ 0.253998346824298, 47.675456635715811 ], [ 0.253732331099759, 47.675464187537223 ], [ 0.253687607871164, 47.674745533567844 ], [ 0.253953619955001, 47.674737981935436 ], [ 0.253931257172526, 47.674378654999387 ], [ 0.253665246908991, 47.674386206537271 ], [ 0.253654066590928, 47.674206543010555 ], [ 0.253920075944328, 47.674198991519908 ], [ 0.25390889482482, 47.67401932803277 ], [ 0.254174903159404, 47.674011775973547 ], [ 0.254186085189038, 47.67419143941342 ], [ 0.254452094325046, 47.674183886691161 ], [ 0.25447446053069, 47.674543213453475 ], [ 0.254208449574406, 47.674550766270265 ], [ 0.254253179649578, 47.675269419892174 ], [ 0.254519194246524, 47.675261866886359 ], [ 0.254530377947268, 47.675441530225491 ], [ 0.254796393345683, 47.675433976556583 ], [ 0.254818762893726, 47.675793303117352 ], [ 0.255616813897743, 47.675770638132036 ], [ 0.255628001565485, 47.675950301259128 ], [ 0.256160036844813, 47.675935188095195 ], [ 0.25613765797728, 47.675575862022477 ], [ 0.256669689180712, 47.675560746584331 ], [ 0.256658498089733, 47.675381083631038 ], [ 0.256924512618086, 47.675373525035546 ], [ 0.256946896729209, 47.675732850839822 ], [ 0.257212912969138, 47.675725291533865 ], [ 0.257224106098099, 47.675904954377238 ], [ 0.256426054321318, 47.675927630589435 ], [ 0.256448435444383, 47.676286956537048 ], [ 0.256714454632538, 47.676279398320887 ], [ 0.256725646267476, 47.676459061235903 ], [ 0.256459626169095, 47.676466619499344 ], [ 0.256504390155831, 47.67718527127213 ], [ 0.256770413895214, 47.677177712819507 ], [ 0.256781606074149, 47.677357375696296 ], [ 0.255983531798802, 47.677380049348422 ], [ 0.255994721355691, 47.677559712359418 ], [ 0.255728695469391, 47.677567269058997 ] ], [ [ 0.254852318031265, 47.676332292901186 ], [ 0.255118337872003, 47.676324738380082 ], [ 0.255095965851131, 47.675965411959723 ], [ 0.254829947830842, 47.675972966386261 ], [ 0.254852318031265, 47.676332292901186 ] ] ] } },
{ "type": "Feature", "properties": { "surface_ha": 4.91 }, "geometry": { "type": "Polygon", "coordinates": [ [ [ 0.336549653621789, 47.674523076596707 ], [ 0.336538188756211, 47.674343428057909 ], [ 0.336272200781819, 47.674351171095687 ], [ 0.336237809583187, 47.673812225287541 ], [ 0.336503794828113, 47.673804482395113 ], [ 0.336469401902926, 47.673265536662576 ], [ 0.336735384307033, 47.673257793299818 ], [ 0.336723919311723, 47.673078144755266 ], [ 0.336457937817393, 47.673085888069565 ], [ 0.33642354622937, 47.672546942244118 ], [ 0.336689524994419, 47.672539199075132 ], [ 0.336620739368495, 47.671461307505766 ], [ 0.337418658620091, 47.671438075177207 ], [ 0.337430125341591, 47.671617723646108 ], [ 0.338228046319188, 47.671594485631807 ], [ 0.338239515881244, 47.671774133947586 ], [ 0.338505490227193, 47.671766386663151 ], [ 0.338516960810435, 47.671946034922705 ], [ 0.338782935954597, 47.671938286974211 ], [ 0.338805879274997, 47.672297583373123 ], [ 0.338539902311397, 47.672305331418578 ], [ 0.338631672775124, 47.673742517092208 ], [ 0.338365688421924, 47.673750264909835 ], [ 0.338388630333266, 47.674109561347684 ], [ 0.338122644048953, 47.674117308646615 ], [ 0.338145584586638, 47.674476605150467 ], [ 0.336549653621789, 47.674523076596707 ] ] ] } },
{ "type": "Feature", "properties": { "surface_ha": 11.1 }, "geometry": { "type": "Polygon", "coordinates": [ [ [ 0.319051174373193, 47.675931058181185 ], [ 0.319039769005701, 47.675751406491962 ], [ 0.318507769175548, 47.675766811163747 ], [ 0.31846215609384, 47.675048203944144 ], [ 0.318728152424528, 47.675040502108885 ], [ 0.318750960563583, 47.675399805637745 ], [ 0.31901695860331, 47.675392103090381 ], [ 0.318982743831185, 47.674853147930065 ], [ 0.318716748521278, 47.674860850332841 ], [ 0.318693941047323, 47.674501546757647 ], [ 0.318959934537397, 47.674493844451227 ], [ 0.318925721428124, 47.673954889175057 ], [ 0.318659730667737, 47.673962591336881 ], [ 0.318625521285731, 47.67342363584666 ], [ 0.318359533144112, 47.673431337248296 ], [ 0.318336729263333, 47.673072033453138 ], [ 0.318070742830585, 47.673079734142732 ], [ 0.318047941212776, 47.672720430220338 ], [ 0.318313925825861, 47.672712729627108 ], [ 0.318302524273362, 47.672533077702489 ], [ 0.318568507865805, 47.672525376541799 ], [ 0.318557105514321, 47.672345724657674 ], [ 0.319089070547093, 47.672330320585679 ], [ 0.319077666486842, 47.672150668790174 ], [ 0.319343647927164, 47.672142965878912 ], [ 0.319332243067973, 47.671963314123886 ], [ 0.319864203796474, 47.67194790655082 ], [ 0.319875610475234, 47.672127558209439 ], [ 0.320141591582965, 47.672119853451242 ], [ 0.32015299928239, 47.672299505053942 ], [ 0.320418981189029, 47.672291799631871 ], [ 0.320441798740137, 47.672651102717651 ], [ 0.320707782355487, 47.672643396583545 ], [ 0.320730602169811, 47.67300269954201 ], [ 0.320996587493897, 47.672994992695806 ], [ 0.321007998477249, 47.673174644115221 ], [ 0.32127398460025, 47.673166936605128 ], [ 0.321296808719392, 47.67352623932436 ], [ 0.321562796551153, 47.673518531102189 ], [ 0.321585622933723, 47.67387783369405 ], [ 0.322383591222487, 47.673854705044029 ], [ 0.322372175246148, 47.673675053896652 ], [ 0.322904151730796, 47.673659631814722 ], [ 0.32291556952685, 47.673839282865622 ], [ 0.323181558512562, 47.673831570852911 ], [ 0.323192977329465, 47.67401122184782 ], [ 0.323458967114047, 47.674003509171179 ], [ 0.323481806900587, 47.674362811041291 ], [ 0.323747798393918, 47.674355097652487 ], [ 0.323770640444264, 47.67471439939515 ], [ 0.324036633646363, 47.674706685294119 ], [ 0.324059477960592, 47.675065986909367 ], [ 0.323527487805738, 47.67508141468879 ], [ 0.323538908309549, 47.675261065581338 ], [ 0.322740919514933, 47.67528420277749 ], [ 0.322752337399952, 47.675463853807067 ], [ 0.322220342495389, 47.67547927562245 ], [ 0.322231758671498, 47.675658926740802 ], [ 0.321167763891009, 47.675689763176003 ], [ 0.321179176538248, 47.67586941447955 ], [ 0.319583175579831, 47.675915650950124 ], [ 0.319571768392393, 47.675735999357286 ], [ 0.319305768754483, 47.675743703232492 ], [ 0.319317175031949, 47.675923354873532 ], [ 0.319051174373193, 47.675931058181185 ] ] ] } },
{ "type": "Feature", "properties": { "surface_ha": 2.39 }, "geometry": { "type": "Polygon", "coordinates": [ [ [ 0.25102748105653, 47.674821016021873 ], [ 0.251005138297496, 47.67446168804674 ], [ 0.250207103596036, 47.674484320491203 ], [ 0.250195935109871, 47.674304656350579 ], [ 0.249929924235723, 47.67431219921987 ], [ 0.249907589409373, 47.673952870821324 ], [ 0.250173598463237, 47.673945328046386 ], [ 0.250162430302768, 47.673765663882847 ], [ 0.251226461791983, 47.673735486813889 ], [ 0.251215290099611, 47.673555822831489 ], [ 0.251747303372437, 47.673540730696651 ], [ 0.251736129968455, 47.673361066801071 ], [ 0.252002135531848, 47.673353519857173 ], [ 0.25201330984593, 47.673533183705537 ], [ 0.252545322467039, 47.673518087875898 ], [ 0.252534146332757, 47.673338424122015 ], [ 0.253332161719298, 47.673315775900839 ], [ 0.253343340583869, 47.673495439513019 ], [ 0.25307733465358, 47.673502989583113 ], [ 0.25311086916897, 47.674041980515575 ], [ 0.253376877829595, 47.674034430303784 ], [ 0.253388057128846, 47.674214093885411 ], [ 0.252856037878672, 47.674229193787689 ], [ 0.252844860399682, 47.67404953011161 ], [ 0.252578851521739, 47.674057079091781 ], [ 0.252556498709963, 47.6736977516222 ], [ 0.252290491543617, 47.67370529989212 ], [ 0.252324018193875, 47.674244291226749 ], [ 0.252058008188514, 47.674251839022567 ], [ 0.25206918304573, 47.674431502832718 ], [ 0.253133226055876, 47.674401307765685 ], [ 0.253144404662328, 47.674580971379264 ], [ 0.251548334034373, 47.674626260568303 ], [ 0.251559507288522, 47.674805924457651 ], [ 0.25102748105653, 47.674821016021873 ] ] ] } },
{ "type": "Feature", "properties": { "surface_ha": 1.68 }, "geometry": { "type": "Polygon", "coordinates": [ [ [ 0.23824759358899, 47.675002808318339 ], [ 0.238236465952948, 47.674823142065335 ], [ 0.237438415646108, 47.674845685830014 ], [ 0.237427290848889, 47.674666019428308 ], [ 0.23689525859069, 47.674681045431512 ], [ 0.236873012961513, 47.67432171241726 ], [ 0.236606998490635, 47.674329224401056 ], [ 0.236584755114335, 47.673969891262317 ], [ 0.237116780307205, 47.673954866866872 ], [ 0.237139027324264, 47.674314199817594 ], [ 0.237405041578886, 47.674306686602101 ], [ 0.237371668484941, 47.673767687305585 ], [ 0.237903691208655, 47.673752659309201 ], [ 0.237914817285509, 47.67393232565496 ], [ 0.238180829395307, 47.673924810685989 ], [ 0.238169702408283, 47.673745144387254 ], [ 0.238701724483035, 47.673730112695921 ], [ 0.238735111229677, 47.67426911128711 ], [ 0.239001124835312, 47.674261594376617 ], [ 0.23902338502773, 47.674620926638546 ], [ 0.239555415555191, 47.674605890781891 ], [ 0.239566547634112, 47.67478555680735 ], [ 0.239300531514279, 47.674793075090648 ], [ 0.239311662791201, 47.6749727411555 ], [ 0.23824759358899, 47.675002808318339 ] ], [ [ 0.237427290848889, 47.674666019428308 ], [ 0.237959322674511, 47.674650990961773 ], [ 0.237948196165019, 47.674471324646504 ], [ 0.238214211005383, 47.674463809536483 ], [ 0.238203083693858, 47.674284143260628 ], [ 0.237671055725364, 47.674299172770773 ], [ 0.237682181216494, 47.67447883914069 ], [ 0.237416166159814, 47.674486353019041 ], [ 0.237427290848889, 47.674666019428308 ] ] ] } },
{ "type": "Feature", "properties": { "surface_ha": 10.3 }, "geometry": { "type": "Polygon", "coordinates": [ [ [ 0.345696676543573, 47.675876267005158 ], [ 0.345685179738535, 47.675696620185555 ], [ 0.345419187369544, 47.675704384592578 ], [ 0.345396195914437, 47.675345090832941 ], [ 0.344864214480685, 47.675360617605712 ], [ 0.344875708332653, 47.675540264586516 ], [ 0.344609716538332, 47.675548027097975 ], [ 0.344598223596224, 47.675368380068583 ], [ 0.344332232600048, 47.675376141915784 ], [ 0.344343724632296, 47.675555788993755 ], [ 0.344077732614556, 47.67556355027385 ], [ 0.344066241492168, 47.675383903147342 ], [ 0.343534258941335, 47.675399423763402 ], [ 0.343522769750355, 47.675219776532025 ], [ 0.342990788572528, 47.675235294588333 ], [ 0.342979301312924, 47.67505564725213 ], [ 0.342447321508168, 47.675071162748672 ], [ 0.342424350963283, 47.674711867858868 ], [ 0.342158362713123, 47.674719624586608 ], [ 0.342146878517964, 47.674539977081515 ], [ 0.342412865858298, 47.674532220402291 ], [ 0.342378411213145, 47.673993277986156 ], [ 0.342644395712416, 47.673985520836894 ], [ 0.342667367183825, 47.67434481569169 ], [ 0.343199339486646, 47.67432929935211 ], [ 0.343187851875506, 47.674149652025655 ], [ 0.343453836949627, 47.67414189298092 ], [ 0.34344234854035, 47.673962245695286 ], [ 0.343974316533992, 47.673946725855991 ], [ 0.343939846517499, 47.673407784243807 ], [ 0.344205827617473, 47.673400023546371 ], [ 0.344182846345377, 47.673040729196579 ], [ 0.343916867064906, 47.673048489796898 ], [ 0.343870909499834, 47.672329900810048 ], [ 0.344136885141403, 47.672322140403942 ], [ 0.344113905209504, 47.67196284596109 ], [ 0.344379878919996, 47.67195508503648 ], [ 0.344368388211879, 47.671775437851991 ], [ 0.344634360901001, 47.671767676360311 ], [ 0.344622869394895, 47.671588029216643 ], [ 0.344888841062649, 47.67158026715795 ], [ 0.344865856566194, 47.671220972944433 ], [ 0.345131826302929, 47.671213210367277 ], [ 0.345108840433985, 47.670853916219841 ], [ 0.345640775933768, 47.670838389413127 ], [ 0.345617786873158, 47.670479095428981 ], [ 0.345883752636233, 47.670471331199401 ], [ 0.345895248020293, 47.67065097814681 ], [ 0.346693147367945, 47.670627681619031 ], [ 0.346785136294454, 47.672064855752886 ], [ 0.346519162679777, 47.672072622266406 ], [ 0.34654215920966, 47.672431915819473 ], [ 0.346276183663832, 47.672439681814581 ], [ 0.346287681186705, 47.672619328628073 ], [ 0.346021704619416, 47.672627094056161 ], [ 0.346044698180977, 47.672986387757014 ], [ 0.345778719682491, 47.672994152666661 ], [ 0.345801711871557, 47.673353446433644 ], [ 0.345535731441846, 47.673361210824822 ], [ 0.345558722258355, 47.673720504657965 ], [ 0.345292739897385, 47.673728268530674 ], [ 0.345304234563465, 47.673907915484129 ], [ 0.345570217834212, 47.673900151562862 ], [ 0.345581713521806, 47.674079798460035 ], [ 0.346113681547645, 47.67406426867344 ], [ 0.34612517916656, 47.674243915465723 ], [ 0.346391163921639, 47.674236149600361 ], [ 0.346402662562109, 47.674415796336262 ], [ 0.346934633556554, 47.674400262661457 ], [ 0.346992137533674, 47.675298495738737 ], [ 0.346726147543228, 47.675306263126934 ], [ 0.346737647764175, 47.675485909767701 ], [ 0.346471656752098, 47.675493676588829 ], [ 0.346494655709617, 47.675852969944302 ], [ 0.345696676543573, 47.675876267005158 ] ], [ [ 0.342701825228264, 47.674883757915723 ], [ 0.342967814164976, 47.674875999908153 ], [ 0.342956327128684, 47.674696352556424 ], [ 0.342690339101806, 47.674704110515478 ], [ 0.342701825228264, 47.674883757915723 ] ], [ [ 0.344760774840274, 47.673743794429171 ], [ 0.345026757424689, 47.673736031787733 ], [ 0.345015263780102, 47.673556384777925 ], [ 0.344749282105458, 47.673564147370755 ], [ 0.344760774840274, 47.673743794429171 ] ], [ [ 0.344483300319105, 47.673571909348013 ], [ 0.344749282105458, 47.673564147370755 ], [ 0.344737789482351, 47.67338450030465 ], [ 0.344471808605761, 47.673392262233321 ], [ 0.344483300319105, 47.673571909348013 ] ] ] } },
{ "type": "Feature", "properties": { "surface_ha": 1.4 }, "geometry": { "type": "Polygon", "coordinates": [ [ [ 0.340644758841234, 47.671884034097751 ], [ 0.340633280980392, 47.671704386226111 ], [ 0.340367307526612, 47.671712138435325 ], [ 0.340355830687017, 47.67153249050741 ], [ 0.340089858031373, 47.671540242052522 ], [ 0.340078382213006, 47.671360594068382 ], [ 0.339812410355501, 47.671368344949428 ], [ 0.339800935558348, 47.671188696909006 ], [ 0.339534964498983, 47.671196447125993 ], [ 0.339546438386464, 47.671376095214868 ], [ 0.339280466305904, 47.671383844864735 ], [ 0.339291939395224, 47.671563492994359 ], [ 0.339025966293467, 47.671571242077121 ], [ 0.33901449411383, 47.671391593899003 ], [ 0.338748521810251, 47.671399342317692 ], [ 0.338737050651797, 47.671219694083376 ], [ 0.339003022045698, 47.671211945713168 ], [ 0.338991550089071, 47.671032297519567 ], [ 0.338725579604837, 47.671040045841288 ], [ 0.338714108669373, 47.670860397591454 ], [ 0.338980078243946, 47.670852649318228 ], [ 0.338957134888197, 47.670493352892279 ], [ 0.339489070064257, 47.670477854692948 ], [ 0.339500543505661, 47.670657502812837 ], [ 0.339766511836059, 47.670649752741312 ], [ 0.339755037485017, 47.670470104669938 ], [ 0.340021004794252, 47.670462354031343 ], [ 0.340043955427145, 47.670821650069414 ], [ 0.339777986298628, 47.670829400804983 ], [ 0.339789460872723, 47.671009048860867 ], [ 0.340055430910894, 47.671001298076817 ], [ 0.34006690650618, 47.671180946076483 ], [ 0.340598848067223, 47.671165442564607 ], [ 0.340587370652614, 47.67098579466191 ], [ 0.340853340356146, 47.67097804203113 ], [ 0.340864818680413, 47.671157689885298 ], [ 0.341130789182039, 47.671149936590396 ], [ 0.341153747984612, 47.671509232178458 ], [ 0.341419720194002, 47.671501478170967 ], [ 0.341442681262254, 47.671860773630996 ], [ 0.34117670723349, 47.671868527735533 ], [ 0.341165227553261, 47.671688879960875 ], [ 0.340899254322613, 47.671696633401275 ], [ 0.34091073309315, 47.671876281224449 ], [ 0.340644758841234, 47.671884034097751 ] ] ] } },
{ "type": "Feature", "properties": { "surface_ha": 1.36 }, "geometry": { "type": "Polygon", "coordinates": [ [ [ 0.283270693058179, 47.674801834052921 ], [ 0.283259410955502, 47.674622175848022 ], [ 0.282727403416396, 47.674637414350478 ], [ 0.282716123243472, 47.674457756042571 ], [ 0.282184117085851, 47.67447299198664 ], [ 0.282161560709077, 47.674113675157116 ], [ 0.281895559285882, 47.674121292110186 ], [ 0.281850451487912, 47.673402658168399 ], [ 0.282116449271077, 47.673395041405954 ], [ 0.282093894209826, 47.673035724484308 ], [ 0.281827898246624, 47.673043341151455 ], [ 0.281816621790398, 47.67286368263143 ], [ 0.282082616843634, 47.672856066011974 ], [ 0.282060062440109, 47.672496749044249 ], [ 0.281528075863847, 47.672511981476866 ], [ 0.281516800646395, 47.672332322886177 ], [ 0.282048785402773, 47.672317090548873 ], [ 0.282037508475055, 47.672137432045822 ], [ 0.282569490973107, 47.672122197340933 ], [ 0.282580769720687, 47.672301855748678 ], [ 0.282314777616543, 47.672309473456615 ], [ 0.282371168449197, 47.673207765618429 ], [ 0.282637165103124, 47.673200147672169 ], [ 0.282659724023571, 47.673559464387814 ], [ 0.282393725549672, 47.6735670824294 ], [ 0.282405004264358, 47.673746740823383 ], [ 0.282671003648261, 47.673739122734133 ], [ 0.282682283382592, 47.673918781072778 ], [ 0.282948283566856, 47.673911162320081 ], [ 0.282982126157812, 47.674450137146884 ], [ 0.283514131657505, 47.674434897508277 ], [ 0.283536697573282, 47.67479421383036 ], [ 0.283270693058179, 47.674801834052921 ] ] ] } },
{ "type": "Feature", "properties": { "surface_ha": 1.24 }, "geometry": { "type": "Polygon", "coordinates": [ [ [ 0.256857362895805, 47.674295547439144 ], [ 0.256812598590081, 47.673576895555293 ], [ 0.256546593163081, 47.673584453677883 ], [ 0.256535403268698, 47.673404790640504 ], [ 0.256801407785616, 47.673397232565208 ], [ 0.25679021708993, 47.673217569567477 ], [ 0.257588227257728, 47.673194891788732 ], [ 0.257577033940624, 47.673015228925216 ], [ 0.257843036202225, 47.673007668481389 ], [ 0.257831842083873, 47.672828005657578 ], [ 0.258097843326603, 47.672820444645268 ], [ 0.258086648407021, 47.672640781861098 ], [ 0.258618648745921, 47.672625658083824 ], [ 0.258663436357638, 47.673344308796104 ], [ 0.257599420683638, 47.673374554644532 ], [ 0.257633001614227, 47.673913543166172 ], [ 0.257366994693411, 47.673921103230754 ], [ 0.257378187644456, 47.674100766103322 ], [ 0.257644195475383, 47.674093205991433 ], [ 0.25765538944535, 47.674272868809034 ], [ 0.256857362895805, 47.674295547439144 ] ] ] } },
{ "type": "Feature", "properties": { "surface_ha": 1.2 }, "geometry": { "type": "Polygon", "coordinates": [ [ [ 0.315342523475211, 47.672078792427541 ], [ 0.315331132373689, 47.671899139942326 ], [ 0.315065151091202, 47.671906833522577 ], [ 0.315053761010188, 47.671727180981506 ], [ 0.315319741382887, 47.671719487449373 ], [ 0.315308350502807, 47.671539834948724 ], [ 0.314776391466259, 47.671555221301055 ], [ 0.314765002516442, 47.671375568696412 ], [ 0.315296959733442, 47.671360182440317 ], [ 0.315285569074794, 47.671180529924229 ], [ 0.315817524029405, 47.671165141301863 ], [ 0.315806131661966, 47.670985488874322 ], [ 0.316870036603334, 47.670954704434692 ], [ 0.316858640707669, 47.670775052192013 ], [ 0.317656565521473, 47.670751957542691 ], [ 0.317667964146342, 47.670931609640888 ], [ 0.317136012561782, 47.670947006785688 ], [ 0.317158806504912, 47.671306311151561 ], [ 0.31662685083825, 47.67132170602649 ], [ 0.316638246156455, 47.671501358294144 ], [ 0.316372267247215, 47.671509054856315 ], [ 0.316383661766405, 47.671688707164421 ], [ 0.315585721644867, 47.671711793301583 ], [ 0.315597113545458, 47.67189144574639 ], [ 0.315863094606498, 47.671883750934846 ], [ 0.315874487527612, 47.67206340332379 ], [ 0.315342523475211, 47.672078792427541 ] ] ] } },
{ "type": "Feature", "properties": { "surface_ha": 1.68 }, "geometry": { "type": "Polygon", "coordinates": [ [ [ 0.28549538687179, 47.672038362441086 ], [ 0.2854389447341, 47.671140072909829 ], [ 0.287566824289993, 47.671079057188933 ], [ 0.287589415373803, 47.671438372260944 ], [ 0.287855401644041, 47.67143074242982 ], [ 0.287877994986795, 47.671790057375645 ], [ 0.287612006896793, 47.671797687302259 ], [ 0.287623302822987, 47.671977344811403 ], [ 0.28549538687179, 47.672038362441086 ] ] ] } },
{ "type": "Feature", "properties": { "surface_ha": 3.55 }, "geometry": { "type": "Polygon", "coordinates": [ [ [ 0.264860021704895, 47.674427834795978 ], [ 0.264848802944147, 47.674248173272339 ], [ 0.264316789415049, 47.674263326322468 ], [ 0.264238273884172, 47.673005694778837 ], [ 0.265834274940141, 47.672960230230323 ], [ 0.265800610682027, 47.672421246021564 ], [ 0.265534613508725, 47.672428824843465 ], [ 0.265489732998239, 47.671710178934916 ], [ 0.266021719955898, 47.671695021054767 ], [ 0.266032941739864, 47.671874682448561 ], [ 0.266298935965047, 47.671867102537426 ], [ 0.266321381680183, 47.672226425207164 ], [ 0.266587377616237, 47.672218844585473 ], [ 0.266609825587737, 47.672578167129707 ], [ 0.266875823234682, 47.672570585797402 ], [ 0.266898273462627, 47.67292990821614 ], [ 0.267164272820483, 47.672922326173207 ], [ 0.267175499008153, 47.673101987323655 ], [ 0.267441499166908, 47.673094404617501 ], [ 0.267486408649047, 47.673813048952908 ], [ 0.266156388563129, 47.673850957274674 ], [ 0.266145165579199, 47.673671295965136 ], [ 0.265613158601232, 47.673686454888582 ], [ 0.265635601037906, 47.674045777689685 ], [ 0.265369595565157, 47.674053356322581 ], [ 0.265380816037026, 47.67423301775905 ], [ 0.265646822419862, 47.674225439078768 ], [ 0.265658043910898, 47.67440510046017 ], [ 0.264860021704895, 47.674427834795978 ] ], [ [ 0.264560360859958, 47.673896426940196 ], [ 0.264826365749813, 47.673888850202069 ], [ 0.264815147316227, 47.673709188655423 ], [ 0.264549143336445, 47.673716765346178 ], [ 0.264560360859958, 47.673896426940196 ] ], [ [ 0.265324714768373, 47.673334710500065 ], [ 0.265590716600866, 47.673327132056826 ], [ 0.265579495764294, 47.673147470629473 ], [ 0.265313494841844, 47.67315504902529 ], [ 0.265324714768373, 47.673334710500065 ] ], [ [ 0.266366274419581, 47.672945070454738 ], [ 0.266632273995657, 47.672937489643317 ], [ 0.266621049737144, 47.672757828390353 ], [ 0.266355051071086, 47.672765409154344 ], [ 0.266366274419581, 47.672945070454738 ] ] ] } },
{ "type": "Feature", "properties": { "surface_ha": 2.2 }, "geometry": { "type": "Polygon", "coordinates": [ [ [ 0.249896422159032, 47.673773206610583 ], [ 0.249885255017247, 47.673593542392219 ], [ 0.24961924767508, 47.673601084456955 ], [ 0.249574583833859, 47.672882427318292 ], [ 0.249308580023547, 47.672889968578502 ], [ 0.249286250574324, 47.672530639868967 ], [ 0.250084256219194, 47.672508014524126 ], [ 0.250061921743752, 47.67214868606716 ], [ 0.250327921588173, 47.672141143148394 ], [ 0.250316753603241, 47.67196147895568 ], [ 0.250848751146319, 47.671946391365225 ], [ 0.250893431017819, 47.672665047712734 ], [ 0.252489442882015, 47.672619769029957 ], [ 0.252478267290921, 47.672440105237833 ], [ 0.252744267978063, 47.672432556682729 ], [ 0.252755444479212, 47.672612220427602 ], [ 0.253021445967763, 47.672604671209491 ], [ 0.253010268556562, 47.672425007511848 ], [ 0.253276269026411, 47.672417457725174 ], [ 0.253309804316153, 47.672956448653515 ], [ 0.253043801116125, 47.672963998581878 ], [ 0.253032623487617, 47.672784334899497 ], [ 0.252500618581746, 47.672799432814429 ], [ 0.252511794390111, 47.672979096591277 ], [ 0.252245790864145, 47.672986644672285 ], [ 0.252234615965851, 47.672806980848229 ], [ 0.251968613241329, 47.672814528266251 ], [ 0.251979787229548, 47.672994192137523 ], [ 0.250915771605057, 47.673024375840662 ], [ 0.250926942061549, 47.673204039893157 ], [ 0.250660936973854, 47.67321158432668 ], [ 0.250672106628836, 47.673391248418739 ], [ 0.250406100522463, 47.673398792283692 ], [ 0.250417269375916, 47.673578456415299 ], [ 0.250151262250863, 47.673585999711641 ], [ 0.250162430302768, 47.673765663882847 ], [ 0.249896422159032, 47.673773206610583 ] ] ] } },
{ "type": "Feature", "properties": { "surface_ha": 1.28 }, "geometry": { "type": "Polygon", "coordinates": [ [ [ 0.25888464875212, 47.672618095271552 ], [ 0.258862253779245, 47.672258769964159 ], [ 0.259128251856542, 47.672251206630747 ], [ 0.259083459576917, 47.671532556113448 ], [ 0.260413430130514, 47.671494731156834 ], [ 0.260424632587056, 47.671674393560949 ], [ 0.260956621866266, 47.671659259173488 ], [ 0.260979030745995, 47.672018583769415 ], [ 0.260447037826821, 47.672033718346277 ], [ 0.260458240610048, 47.672213380727477 ], [ 0.260192243077108, 47.672220947139635 ], [ 0.260214647150216, 47.672580271973722 ], [ 0.25968264811759, 47.672595403140129 ], [ 0.259671447846642, 47.672415740632246 ], [ 0.259139450198578, 47.672430869240934 ], [ 0.259150648649469, 47.672610531843503 ], [ 0.25888464875212, 47.672618095271552 ] ] ] } },
{ "type": "Feature", "properties": { "surface_ha": 1.44 }, "geometry": { "type": "Polygon", "coordinates": [ [ [ 0.256235832342709, 47.672873358800203 ], [ 0.256224643793467, 47.672693695684941 ], [ 0.256490644778896, 47.672686138414555 ], [ 0.256468266186608, 47.672326812255669 ], [ 0.256202267021258, 47.672334369431503 ], [ 0.256157514781913, 47.671615716832896 ], [ 0.255359527553547, 47.671638384098472 ], [ 0.255348342495572, 47.671458720787875 ], [ 0.255614337437103, 47.6714511656957 ], [ 0.255603151577867, 47.671271502424716 ], [ 0.25746510675371, 47.671218599869725 ], [ 0.257476298982813, 47.671398262809674 ], [ 0.257742293054236, 47.671390702791562 ], [ 0.257753486302116, 47.671570365676587 ], [ 0.257221496230505, 47.671585485191656 ], [ 0.257210304802593, 47.671405822212066 ], [ 0.256944310513591, 47.671413380998651 ], [ 0.257011455252826, 47.672491359045445 ], [ 0.257277455001883, 47.672483799975041 ], [ 0.257299839271979, 47.672843125834859 ], [ 0.256235832342709, 47.672873358800203 ] ] ] } },
{ "type": "Feature", "properties": { "surface_ha": 10.22 }, "geometry": { "type": "Polygon", "coordinates": [ [ [ 0.279082213457789, 47.676001627511177 ], [ 0.278924468640407, 47.673486401916499 ], [ 0.279190467628858, 47.673478791927224 ], [ 0.279201735313909, 47.673658450900547 ], [ 0.27946773510284, 47.67365084024788 ], [ 0.279445198022261, 47.67329152238883 ], [ 0.279179200053336, 47.673299132946234 ], [ 0.279167932587338, 47.673119473957577 ], [ 0.278103943256439, 47.673149909839431 ], [ 0.278092679539905, 47.672970250652646 ], [ 0.2783586761269, 47.67296264265341 ], [ 0.278347411609876, 47.672782983506565 ], [ 0.277815420146356, 47.672798198794126 ], [ 0.277804157558768, 47.672618539544438 ], [ 0.277272167477282, 47.672633752273896 ], [ 0.277260906819098, 47.672454092921335 ], [ 0.276728918119708, 47.672469303092683 ], [ 0.276717659390896, 47.672289643637299 ], [ 0.276451665786997, 47.672297247751814 ], [ 0.276429150477579, 47.671937928722862 ], [ 0.276695142261587, 47.671930324703482 ], [ 0.276683883861087, 47.671750665225098 ], [ 0.276949874625727, 47.671743060637567 ], [ 0.276938615424738, 47.671563401199066 ], [ 0.277204605170012, 47.671555796043435 ], [ 0.277215865280923, 47.671735455434373 ], [ 0.277481855826666, 47.671727849615429 ], [ 0.277470594805835, 47.671548190272119 ], [ 0.278002573749095, 47.671532976882318 ], [ 0.278013836589763, 47.671712636130451 ], [ 0.279077796802138, 47.671682201771965 ], [ 0.279089063391975, 47.671861860822034 ], [ 0.279355054081224, 47.671854250645559 ], [ 0.279366321690507, 47.672033909640312 ], [ 0.279100330091328, 47.672041519864436 ], [ 0.279156665230865, 47.672939814961254 ], [ 0.279688657419239, 47.672924593421115 ], [ 0.279677388352347, 47.672744934512345 ], [ 0.279411393222897, 47.672752545542657 ], [ 0.279400125175508, 47.67257288657855 ], [ 0.279932113504944, 47.67255766399748 ], [ 0.279909574098956, 47.672198346236819 ], [ 0.279643581808903, 47.672205957739976 ], [ 0.279621044660952, 47.671846639853328 ], [ 0.280153025491797, 47.671831416421803 ], [ 0.280130485142333, 47.67147209869497 ], [ 0.280396473573615, 47.67146448615091 ], [ 0.280385202653308, 47.671284827323603 ], [ 0.280917177367403, 47.671269600483626 ], [ 0.280872087502733, 47.670550965478746 ], [ 0.281138071055944, 47.670543351325776 ], [ 0.281149344267615, 47.670723010040902 ], [ 0.281681312865009, 47.670707779792622 ], [ 0.281670037833629, 47.670528121172815 ], [ 0.281936021058084, 47.670520505172831 ], [ 0.281969849210601, 47.671059480866255 ], [ 0.282235835055037, 47.671051864107625 ], [ 0.282224557984722, 47.670872205598464 ], [ 0.282490542809674, 47.670864588271812 ], [ 0.282513098879662, 47.671223905187084 ], [ 0.283045071840171, 47.671208668496043 ], [ 0.283011232440427, 47.670669693397585 ], [ 0.282745248744587, 47.670677311907951 ], [ 0.2827339700738, 47.670497653478783 ], [ 0.283265935536147, 47.670482415937705 ], [ 0.283333620123781, 47.671560365825556 ], [ 0.283599608149692, 47.671552745845467 ], [ 0.283610890207979, 47.671732404085546 ], [ 0.283876879034125, 47.671724783442073 ], [ 0.283899445299516, 47.672084099803861 ], [ 0.284165435835805, 47.672076478449341 ], [ 0.284176720042936, 47.672256136571008 ], [ 0.283644737040839, 47.67227137875976 ], [ 0.283633454653551, 47.672091720542682 ], [ 0.28310147303263, 47.672106960173231 ], [ 0.283090192574844, 47.671927301853152 ], [ 0.282558212335157, 47.671942538925514 ], [ 0.282546933806841, 47.671762880502442 ], [ 0.283078912226704, 47.671747643525393 ], [ 0.28305635185937, 47.671388326846845 ], [ 0.282258389524511, 47.671411181102862 ], [ 0.282247112234965, 47.671231522609077 ], [ 0.281981125480653, 47.671239139415356 ], [ 0.281992401860311, 47.671418797956825 ], [ 0.281726414086501, 47.671426414195068 ], [ 0.281737689665871, 47.671606072776491 ], [ 0.281471700872561, 47.671613688446705 ], [ 0.281460426203089, 47.671434029817632 ], [ 0.280928450107501, 47.671449259215656 ], [ 0.280950995916418, 47.671808576656694 ], [ 0.281748965354844, 47.671785731350226 ], [ 0.28176024115342, 47.671965389916281 ], [ 0.281228259817558, 47.671980620831619 ], [ 0.281239533905886, 47.672160279485283 ], [ 0.280175566279468, 47.67219073411794 ], [ 0.280198107505348, 47.672550051783361 ], [ 0.280464101396195, 47.672542438953514 ], [ 0.280475373083426, 47.672722097727075 ], [ 0.280209378282619, 47.672729710604557 ], [ 0.280220649169451, 47.672909369418093 ], [ 0.27995465334912, 47.672916981727475 ], [ 0.279965923435533, 47.673096640580944 ], [ 0.280231920165841, 47.673089028223927 ], [ 0.280254462487301, 47.673448345812609 ], [ 0.280520460928029, 47.673440732744574 ], [ 0.28049791678659, 47.673081415251161 ], [ 0.280763913297768, 47.673073801662696 ], [ 0.28075264048143, 47.672894142952117 ], [ 0.281018635973057, 47.672886528795537 ], [ 0.28102990969937, 47.673066187458488 ], [ 0.281295905991386, 47.673058572638531 ], [ 0.281307180737265, 47.673238231246152 ], [ 0.281573177829664, 47.673230615762819 ], [ 0.28158445359513, 47.673410274315124 ], [ 0.281318455592742, 47.673417889846107 ], [ 0.281352280816764, 47.67395686559987 ], [ 0.281618281549168, 47.673949249925926 ], [ 0.281640834066577, 47.674308566961422 ], [ 0.280842826080392, 47.674331412421814 ], [ 0.280854099773391, 47.674511071070988 ], [ 0.281386107027201, 47.674495841284532 ], [ 0.281408658382187, 47.674855158369255 ], [ 0.280876647488149, 47.674870388346278 ], [ 0.280887921509917, 47.67505004697243 ], [ 0.281153927921805, 47.675042432244155 ], [ 0.281176478114282, 47.675401749378103 ], [ 0.280910469882229, 47.67540936420167 ], [ 0.280944293262661, 47.675948339987968 ], [ 0.279880248317276, 47.675978793696004 ], [ 0.279857706568296, 47.675619476131736 ], [ 0.280389725619694, 47.675604250699841 ], [ 0.280378453089342, 47.675424592001455 ], [ 0.279846435858148, 47.675439817338095 ], [ 0.279823894766529, 47.675080499727748 ], [ 0.279557887806769, 47.675088111377136 ], [ 0.279580427078207, 47.675447429082716 ], [ 0.279314418188715, 47.675455040211581 ], [ 0.279336956078139, 47.675814357981686 ], [ 0.279602966787849, 47.675806746757594 ], [ 0.279614236806999, 47.675986405583522 ], [ 0.279082213457789, 47.676001627511177 ] ], [ [ 0.279235539026237, 47.67419742777443 ], [ 0.279501541545245, 47.674189816978924 ], [ 0.279479003807436, 47.673830499165902 ], [ 0.279213003108488, 47.673838109866175 ], [ 0.279235539026237, 47.67419742777443 ] ], [ [ 0.278347411609876, 47.672782983506565 ], [ 0.278613407177398, 47.672775374939178 ], [ 0.278602141859902, 47.67259571583228 ], [ 0.278336147202349, 47.672603324352053 ], [ 0.278347411609876, 47.672782983506565 ] ] ] } },
{ "type": "Feature", "properties": { "surface_ha": 19.04 }, "geometry": { "type": "Polygon", "coordinates": [ [ [ 0.269239702540261, 47.676282788868178 ], [ 0.269228468016868, 47.67610312818784 ], [ 0.268696437956798, 47.676118301987309 ], [ 0.268685205362952, 47.675938641204382 ], [ 0.268153176686445, 47.675953812445648 ], [ 0.268130715466947, 47.675594490666924 ], [ 0.268396728039477, 47.67558690544913 ], [ 0.268407959504794, 47.675766566294854 ], [ 0.268673972878295, 47.675758980413782 ], [ 0.268662740502828, 47.675579319615522 ], [ 0.268928752856991, 47.675571733166095 ], [ 0.268906286613348, 47.675212411641539 ], [ 0.268374265436384, 47.675227583734689 ], [ 0.268329341540313, 47.674508940213912 ], [ 0.268063334428511, 47.674516525146963 ], [ 0.268040874955683, 47.674157203245677 ], [ 0.268306880247312, 47.674149618407554 ], [ 0.268273189126578, 47.673610635640529 ], [ 0.26800718656514, 47.673618220336294 ], [ 0.267984728183894, 47.673258898358412 ], [ 0.267718727333388, 47.673266482343514 ], [ 0.267707499216528, 47.673086821295627 ], [ 0.268239498988328, 47.673071652804602 ], [ 0.268250728925249, 47.673251313757561 ], [ 0.26878273008046, 47.673236142708603 ], [ 0.268771498323485, 47.673056481850516 ], [ 0.269303497221928, 47.67304130843344 ], [ 0.269314730798949, 47.673220969196578 ], [ 0.269048730494301, 47.673228556260455 ], [ 0.269082429150434, 47.67376753864626 ], [ 0.269614435110782, 47.673752363617886 ], [ 0.269591965590655, 47.673393042224916 ], [ 0.270389968251826, 47.673370275349008 ], [ 0.270367493708386, 47.673010954210262 ], [ 0.270101494750596, 47.673018543689679 ], [ 0.270079022464092, 47.672659222425331 ], [ 0.269813025217093, 47.672666811194041 ], [ 0.269756850962037, 47.671768507661625 ], [ 0.270554828725756, 47.671745740220537 ], [ 0.270532354328513, 47.671386419038825 ], [ 0.269734382024454, 47.671409186195028 ], [ 0.269723147719467, 47.671229525450229 ], [ 0.269457157642964, 47.671237113223391 ], [ 0.2694459243571, 47.671057452423454 ], [ 0.268913945696383, 47.67107262602768 ], [ 0.268902714339546, 47.670892965125162 ], [ 0.268636725755341, 47.670900550956233 ], [ 0.268614265188989, 47.670541229033248 ], [ 0.269412225154648, 47.670518469977686 ], [ 0.269434691180428, 47.670877791615865 ], [ 0.269966667584557, 47.670862615643721 ], [ 0.269977902581058, 47.671042276356381 ], [ 0.270243891529229, 47.671034687399271 ], [ 0.270232655622815, 47.670855026734102 ], [ 0.271296606683606, 47.670824664938635 ], [ 0.271274127919255, 47.670465343965219 ], [ 0.271540113591563, 47.670457752072103 ], [ 0.27152887346338, 47.670278091621391 ], [ 0.273390763740743, 47.670224931462705 ], [ 0.273402010238043, 47.670404591580784 ], [ 0.273667995036054, 47.670396994762136 ], [ 0.273679242552548, 47.670576654825041 ], [ 0.274211213640327, 47.670561459245576 ], [ 0.274233712640863, 47.670920779158166 ], [ 0.273967725331866, 47.670928377350812 ], [ 0.273990222949984, 47.671287697327841 ], [ 0.274256212078793, 47.671280099040132 ], [ 0.274301212266879, 47.671998738711949 ], [ 0.27509918991631, 47.671975939583945 ], [ 0.275121696126223, 47.67233525908857 ], [ 0.274855701865876, 47.672342859508717 ], [ 0.274866954224943, 47.67252251929709 ], [ 0.275398944456187, 47.672507317745911 ], [ 0.275410198744584, 47.672686977431496 ], [ 0.276208186000871, 47.672664170344063 ], [ 0.276219443128609, 47.672843829879263 ], [ 0.275953446575946, 47.672851432905041 ], [ 0.275964702903119, 47.673031092480151 ], [ 0.27569870533105, 47.673038694937773 ], [ 0.275721216493648, 47.673398014160107 ], [ 0.27545521699216, 47.673405616097128 ], [ 0.275443962266163, 47.673225956442231 ], [ 0.275177963565284, 47.673233557715875 ], [ 0.275155456261491, 47.672874238287967 ], [ 0.274623462171557, 47.672889438797874 ], [ 0.27463471394877, 47.673069098610796 ], [ 0.274368715829743, 47.6730766979897 ], [ 0.274402469087581, 47.673615677525028 ], [ 0.274934470676342, 47.673600477866202 ], [ 0.274945723801088, 47.673780137600872 ], [ 0.275211725341421, 47.673772536800257 ], [ 0.275256742574496, 47.674491175472049 ], [ 0.274990737393957, 47.674498776462869 ], [ 0.275001991065654, 47.674678436159191 ], [ 0.274735984865648, 47.674686036581818 ], [ 0.274724732104025, 47.674506376837947 ], [ 0.274458726704708, 47.674513976597233 ], [ 0.274447474962536, 47.674334316798138 ], [ 0.274181470363912, 47.674341915894104 ], [ 0.274170219641173, 47.674162256039779 ], [ 0.273904215843245, 47.674169854472424 ], [ 0.273949215750096, 47.674888494033851 ], [ 0.273417200545573, 47.674903689432142 ], [ 0.273428448975487, 47.675083349398399 ], [ 0.273162440299107, 47.675090946221403 ], [ 0.273151192779292, 47.674911286207617 ], [ 0.272619176918735, 47.674926477911193 ], [ 0.272607931328443, 47.674746817794684 ], [ 0.271277894314653, 47.674784786039787 ], [ 0.271289135354457, 47.674964446393822 ], [ 0.271023126713749, 47.674972038242998 ], [ 0.271034366952713, 47.675151698636903 ], [ 0.269970327656871, 47.675182060065602 ], [ 0.269981564364608, 47.675361720641817 ], [ 0.269715553357424, 47.675369309506962 ], [ 0.26973802528031, 47.675728630731371 ], [ 0.269472012343624, 47.675736219075681 ], [ 0.269483247558751, 47.675915879723874 ], [ 0.269749261405593, 47.675908291332064 ], [ 0.2697604976401, 47.676087951925105 ], [ 0.269494482883096, 47.6760955403644 ], [ 0.269505718316659, 47.67627520099726 ], [ 0.269239702540261, 47.676282788868178 ] ], [ [ 0.270757117963776, 47.674979629476354 ], [ 0.271023126713749, 47.674972038242998 ], [ 0.271011886584049, 47.674792377841442 ], [ 0.270745878744181, 47.674799969027305 ], [ 0.270757117963776, 47.674979629476354 ] ], [ [ 0.270202625446539, 47.674635488999975 ], [ 0.270468632594809, 47.674627899093174 ], [ 0.270457394503808, 47.67444823858127 ], [ 0.270989406652435, 47.674433057015293 ], [ 0.27096692715786, 47.674073736158505 ], [ 0.271232931248146, 47.674066144546835 ], [ 0.271221690754686, 47.673886484154458 ], [ 0.271487693825649, 47.673878891974482 ], [ 0.271498935229165, 47.674058552319387 ], [ 0.272030942863372, 47.674043366017223 ], [ 0.271997213520367, 47.673504385244605 ], [ 0.271731212488041, 47.673511978561059 ], [ 0.271618797548105, 47.671715375012305 ], [ 0.271352805506395, 47.671722967237933 ], [ 0.271397766531249, 47.672441608939451 ], [ 0.271131770740424, 47.672449200739351 ], [ 0.271210450370491, 47.673706823754387 ], [ 0.270944448100313, 47.673714415271057 ], [ 0.270955687574459, 47.673894075718593 ], [ 0.270689684284975, 47.673901666667014 ], [ 0.270700922958316, 47.67408132715439 ], [ 0.270434918649526, 47.674088917534505 ], [ 0.270446156522046, 47.674268578061728 ], [ 0.270180151193944, 47.67427616787355 ], [ 0.270202625446539, 47.674635488999975 ] ], [ [ 0.27256295006041, 47.674028177251969 ], [ 0.273094956820208, 47.674012986023641 ], [ 0.273072463201876, 47.673653665896396 ], [ 0.273338464597702, 47.673646069453618 ], [ 0.273327217042494, 47.673466409426041 ], [ 0.272529215257144, 47.67348919676445 ], [ 0.27256295006041, 47.674028177251969 ] ], [ [ 0.2741589690278, 47.673982596177794 ], [ 0.274424971806316, 47.673974997176934 ], [ 0.274402469087581, 47.673615677525028 ], [ 0.274136468129142, 47.673623276430824 ], [ 0.2741589690278, 47.673982596177794 ] ], [ [ 0.272517970541336, 47.673309536586608 ], [ 0.272783970335748, 47.673301941470406 ], [ 0.272761479412021, 47.672942621186763 ], [ 0.272495481437632, 47.67295021620793 ], [ 0.272517970541336, 47.673309536586608 ] ], [ [ 0.272761479412021, 47.672942621186763 ], [ 0.273027477277101, 47.672935025549862 ], [ 0.27299373898138, 47.672396045209496 ], [ 0.272727743846261, 47.67240364070382 ], [ 0.272761479412021, 47.672942621186763 ] ], [ [ 0.274346214204676, 47.672717378261112 ], [ 0.27487820669339, 47.672702179077795 ], [ 0.274866954224943, 47.67252251929709 ], [ 0.274334963556187, 47.672537718385342 ], [ 0.274346214204676, 47.672717378261112 ] ], [ [ 0.270854536240198, 47.672277131414646 ], [ 0.271120531230298, 47.672269540277981 ], [ 0.271109291829423, 47.672089879808915 ], [ 0.270843297749294, 47.672097470898116 ], [ 0.270854536240198, 47.672277131414646 ] ], [ [ 0.272705254015623, 47.672044320343488 ], [ 0.273237240536684, 47.672029128929218 ], [ 0.273214747503476, 47.671669808728339 ], [ 0.272948756117494, 47.6716774046483 ], [ 0.272960001669497, 47.671857064800101 ], [ 0.27269400926426, 47.67186466015184 ], [ 0.272705254015623, 47.672044320343488 ] ], [ [ 0.273503233633238, 47.672021532298487 ], [ 0.27376922662046, 47.672013935052036 ], [ 0.273757978229298, 47.6718342750505 ], [ 0.273491986152023, 47.671841872249416 ], [ 0.273503233633238, 47.672021532298487 ] ], [ [ 0.27082082109521, 47.671738149842042 ], [ 0.271086813355427, 47.671730558847855 ], [ 0.271075574282303, 47.671550898355804 ], [ 0.27080958293203, 47.671558489302534 ], [ 0.27082082109521, 47.671738149842042 ] ], [ [ 0.272671520089441, 47.671505339745522 ], [ 0.272937510674801, 47.671497744488839 ], [ 0.27290377500257, 47.670958763964443 ], [ 0.272637787146962, 47.670966359078598 ], [ 0.272671520089441, 47.671505339745522 ] ] ] } },
{ "type": "Feature", "properties": { "surface_ha": 5.59 }, "geometry": { "type": "Polygon", "coordinates": [ [ [ 0.295625571792422, 47.672107489882848 ], [ 0.295614248349865, 47.671927833822899 ], [ 0.295880234961536, 47.67192018533008 ], [ 0.29586891071918, 47.671740529310327 ], [ 0.295070953283569, 47.67176347279819 ], [ 0.295082274796333, 47.671943128961516 ], [ 0.29455030080261, 47.671958421637392 ], [ 0.294538981109581, 47.671778765378406 ], [ 0.29427299485754, 47.671786410744964 ], [ 0.294284313640701, 47.671966067051812 ], [ 0.293752338986825, 47.671981356033562 ], [ 0.293729705169992, 47.671622043220893 ], [ 0.291867803155003, 47.671675534593611 ], [ 0.291709467917291, 47.669160339358207 ], [ 0.291975441512029, 47.669152700249754 ], [ 0.291998061332081, 47.669512013851488 ], [ 0.292530011830767, 47.669496733596468 ], [ 0.292552635729623, 47.669856046976228 ], [ 0.292818612633582, 47.669848405829669 ], [ 0.292829925657718, 47.670028062460197 ], [ 0.293095903361493, 47.670020420650168 ], [ 0.293084589427579, 47.669840764067438 ], [ 0.293350566111607, 47.669833121689578 ], [ 0.293339251377893, 47.669653465146972 ], [ 0.293871202596473, 47.669638178639964 ], [ 0.293916469469443, 47.670356804381676 ], [ 0.294182448552857, 47.670349160013409 ], [ 0.294205084468947, 47.670708472742461 ], [ 0.294737045944948, 47.670693181967636 ], [ 0.294748365887641, 47.670872838224973 ], [ 0.295280328743152, 47.67085754489181 ], [ 0.295269006980834, 47.670677888730189 ], [ 0.29553498733371, 47.670670241187992 ], [ 0.295580278682576, 47.671388865596974 ], [ 0.295846262564689, 47.671381217247678 ], [ 0.295857586586899, 47.671560873282857 ], [ 0.296655540302309, 47.671537924397448 ], [ 0.296678194136077, 47.671897236157513 ], [ 0.296146221463135, 47.671912536221591 ], [ 0.296157546725433, 47.672092192185794 ], [ 0.295625571792422, 47.672107489882848 ] ] ] } },
{ "type": "Feature", "properties": { "surface_ha": 2.71 }, "geometry": { "type": "Polygon", "coordinates": [ [ [ 0.253276269026411, 47.672417457725174 ], [ 0.25326509081382, 47.672237794067151 ], [ 0.252999091254013, 47.672245343806559 ], [ 0.252965559998255, 47.671706352644819 ], [ 0.253497553549067, 47.671691252833668 ], [ 0.253486374861095, 47.671511589192249 ], [ 0.253752370563505, 47.671504038410326 ], [ 0.253741191074201, 47.671324374808535 ], [ 0.254273180333013, 47.671309271491872 ], [ 0.254261999132407, 47.671129607976923 ], [ 0.253996005467325, 47.671137159895885 ], [ 0.253951285391597, 47.670418505570723 ], [ 0.254217275416832, 47.670410953840772 ], [ 0.25419491421113, 47.67005162672681 ], [ 0.253928926005767, 47.670059178362258 ], [ 0.253906567054613, 47.669699851123248 ], [ 0.25417255344014, 47.66969229958228 ], [ 0.25416137321766, 47.669512635998537 ], [ 0.254427358584609, 47.669505083889156 ], [ 0.254438539716994, 47.669684747425634 ], [ 0.254970511944639, 47.669669641265187 ], [ 0.254981695005527, 47.669849304699504 ], [ 0.255247681866211, 47.669841750648466 ], [ 0.25528123443088, 47.670380740763733 ], [ 0.255547223912625, 47.670373185955178 ], [ 0.255569594652541, 47.670732512565948 ], [ 0.255303603350901, 47.670740067469026 ], [ 0.255314787973987, 47.670919730810212 ], [ 0.255580780185586, 47.670912175859826 ], [ 0.255591965827361, 47.671091839146101 ], [ 0.255059979475508, 47.671106948525647 ], [ 0.255071163406057, 47.671286611898793 ], [ 0.254539174799393, 47.671301718909923 ], [ 0.254583904328718, 47.672020372704182 ], [ 0.254051908007226, 47.672035477630338 ], [ 0.254074269783963, 47.672394804670631 ], [ 0.253808269640119, 47.67240235630458 ], [ 0.253797089607447, 47.672222692741023 ], [ 0.253531090264967, 47.672230243711965 ], [ 0.253542269387601, 47.67240990732278 ], [ 0.253276269026411, 47.672417457725174 ] ], [ [ 0.254472083766258, 47.67022373798919 ], [ 0.254738072664185, 47.670216185075041 ], [ 0.254726890295817, 47.670036521608765 ], [ 0.254460902307817, 47.670044074475655 ], [ 0.254472083766258, 47.67022373798919 ] ] ] } },
{ "type": "Feature", "properties": { "surface_ha": 2.51 }, "geometry": { "type": "Polygon", "coordinates": [ [ [ 0.263316931158861, 47.671052138278448 ], [ 0.263294506989312, 47.67069281445859 ], [ 0.263028517934412, 47.670700387264915 ], [ 0.263006096020631, 47.670341063319668 ], [ 0.262740108676593, 47.670348635415515 ], [ 0.262717689018502, 47.669989311344906 ], [ 0.26298367454274, 47.669981739343818 ], [ 0.26297246396725, 47.6698020773444 ], [ 0.262706479352899, 47.669809649298124 ], [ 0.262695269796255, 47.669629987243688 ], [ 0.262961253500728, 47.669622415337351 ], [ 0.262916412724292, 47.668903767232528 ], [ 0.263182392680376, 47.668896194899993 ], [ 0.263171181848844, 47.668716532902039 ], [ 0.263437160786127, 47.668708960001233 ], [ 0.263448372527492, 47.668888621951801 ], [ 0.263980331894776, 47.668873474208397 ], [ 0.263991545564797, 47.669053136056526 ], [ 0.264257525994785, 47.669045561213906 ], [ 0.264268740683652, 47.669225223007018 ], [ 0.264534721914476, 47.669217647501334 ], [ 0.264545937622202, 47.669397309239358 ], [ 0.264279955481524, 47.669404884792456 ], [ 0.2643023854043, 47.669764208340368 ], [ 0.26403640133488, 47.669771783372553 ], [ 0.264058829873937, 47.670131106984662 ], [ 0.264324815763129, 47.670123531857662 ], [ 0.264347246558014, 47.670482855344325 ], [ 0.264879221648943, 47.670467703053653 ], [ 0.264890439029736, 47.670647364690709 ], [ 0.264624450628872, 47.670654941191316 ], [ 0.264635667208784, 47.670834602868091 ], [ 0.26436967778897, 47.670842178800363 ], [ 0.264380893567977, 47.6710218405169 ], [ 0.263316931158861, 47.671052138278448 ] ] ] } },
{ "type": "Feature", "properties": { "surface_ha": 1.04 }, "geometry": { "type": "Polygon", "coordinates": [ [ [ 0.286344811048239, 47.668594360937334 ], [ 0.286333520846905, 47.668414703091322 ], [ 0.286067549494444, 47.66842232903285 ], [ 0.286056260312571, 47.66824267113148 ], [ 0.286322230755307, 47.668235045237608 ], [ 0.286310940773447, 47.668055387376235 ], [ 0.287374817808084, 47.668024877835592 ], [ 0.287363524297143, 47.667845220157432 ], [ 0.287895460336477, 47.667829961788847 ], [ 0.287906755666819, 47.668009619371588 ], [ 0.288438693086402, 47.667994358445142 ], [ 0.288472585194443, 47.668533330860711 ], [ 0.287408698999533, 47.668563850824029 ], [ 0.287397405159278, 47.668384193168869 ], [ 0.287131434245821, 47.668391821572918 ], [ 0.287142727176349, 47.668571479275798 ], [ 0.286344811048239, 47.668594360937334 ] ] ] } },
{ "type": "Feature", "properties": { "surface_ha": 1.2 }, "geometry": { "type": "Polygon", "coordinates": [ [ [ 0.248863967225663, 47.670022877936354 ], [ 0.2488416430689, 47.669663548888053 ], [ 0.249639605359627, 47.669640927655273 ], [ 0.249606111749009, 47.669101934450161 ], [ 0.249340127157011, 47.66910947533524 ], [ 0.249328963747071, 47.668929810871084 ], [ 0.249594947429179, 47.668922270033171 ], [ 0.249583783217868, 47.66874260560855 ], [ 0.250115748436755, 47.668727522180006 ], [ 0.250104582514216, 47.668547857842121 ], [ 0.25037056405099, 47.668540315251498 ], [ 0.250359397327122, 47.668360650953169 ], [ 0.250625377845494, 47.668353107794069 ], [ 0.250647713221502, 47.668712436288679 ], [ 0.2503817308834, 47.66871997954221 ], [ 0.250448734157326, 47.669797965125916 ], [ 0.250182746251274, 47.669805508046906 ], [ 0.250193912933586, 47.669985172331302 ], [ 0.248863967225663, 47.670022877936354 ] ] ] } },
{ "type": "Feature", "properties": { "surface_ha": 2.79 }, "geometry": { "type": "Polygon", "coordinates": [ [ [ 0.274686929604364, 47.669647961763069 ], [ 0.27467567899517, 47.669468301851985 ], [ 0.27387773923288, 47.669491097136031 ], [ 0.273866491462503, 47.669311437074683 ], [ 0.273334532893964, 47.669326630757304 ], [ 0.273323287052543, 47.669146970593211 ], [ 0.273057308514123, 47.669154566463526 ], [ 0.27302357437511, 47.668615585782682 ], [ 0.272491622429185, 47.668630775391165 ], [ 0.272480379754342, 47.66845111505387 ], [ 0.272214404527245, 47.66845870888708 ], [ 0.272158197340959, 47.667560406848004 ], [ 0.273222079398506, 47.667530028771459 ], [ 0.273233324256194, 47.667709689004546 ], [ 0.273765266448694, 47.667694496177454 ], [ 0.273776513235171, 47.667874156307825 ], [ 0.274042485077195, 47.667866558923301 ], [ 0.274053732882738, 47.668046218998455 ], [ 0.274319705525185, 47.66803862095076 ], [ 0.274342203283784, 47.668397940983006 ], [ 0.27514012601364, 47.668375142860839 ], [ 0.275151377786267, 47.668554802722809 ], [ 0.275417352720604, 47.668547202069909 ], [ 0.275428605512379, 47.66872686187665 ], [ 0.273566772307138, 47.668780053851158 ], [ 0.27357801883974, 47.668959713983035 ], [ 0.27384399624973, 47.668952116928978 ], [ 0.273855243801452, 47.669131777005667 ], [ 0.275185133760355, 47.669093782262699 ], [ 0.275207638289932, 47.66945310191764 ], [ 0.274941658697233, 47.669460702192652 ], [ 0.274952910216254, 47.66964036205615 ], [ 0.274686929604364, 47.669647961763069 ] ] ] } },
{ "type": "Feature", "properties": { "surface_ha": 4.23 }, "geometry": { "type": "Polygon", "coordinates": [ [ [ 0.260069028460271, 47.670244660005046 ], [ 0.260057827784737, 47.670064997492375 ], [ 0.259791841062415, 47.670072562720755 ], [ 0.259780641405657, 47.66989290015308 ], [ 0.25924866945424, 47.669908028668054 ], [ 0.259192681902138, 47.669009715241657 ], [ 0.259458663382883, 47.669002151528659 ], [ 0.259447465289133, 47.668822488867761 ], [ 0.259713445751181, 47.668814924586385 ], [ 0.259735843867241, 47.669174249805891 ], [ 0.260001826040142, 47.669166684814165 ], [ 0.259957026604062, 47.66844803453391 ], [ 0.260223005028724, 47.668440469115836 ], [ 0.260211804532039, 47.668260806573997 ], [ 0.259679849393497, 47.668275936699771 ], [ 0.259635055773821, 47.667557286077169 ], [ 0.259901029758319, 47.667549721511421 ], [ 0.259923428170046, 47.667909046743361 ], [ 0.260455379451628, 47.667893915575625 ], [ 0.260466580640381, 47.668073578085433 ], [ 0.261264509475577, 47.668050876574334 ], [ 0.261275713502632, 47.668230538934473 ], [ 0.261541690473043, 47.668222970485431 ], [ 0.261552895518814, 47.668402632790546 ], [ 0.261818873290127, 47.668395063678481 ], [ 0.261841285528066, 47.66875438817106 ], [ 0.262107265010107, 47.668746818348602 ], [ 0.262140886913498, 47.669285804887998 ], [ 0.261608922381405, 47.669300944201396 ], [ 0.261620128080677, 47.669480606460596 ], [ 0.261886111311054, 47.669473037064385 ], [ 0.261897318029126, 47.669652699268582 ], [ 0.262429285982823, 47.66963755853434 ], [ 0.26244049462959, 47.669817220636155 ], [ 0.262706479352899, 47.669809649298124 ], [ 0.262717689018502, 47.669989311344906 ], [ 0.262451703385302, 47.669996882730317 ], [ 0.262462912249972, 47.670176544816819 ], [ 0.262196925597923, 47.67018411563388 ], [ 0.262185717643153, 47.670004453500006 ], [ 0.26191973179206, 47.670012023654024 ], [ 0.26193093883693, 47.670191685835263 ], [ 0.260069028460271, 47.670244660005046 ] ], [ [ 0.260312612921627, 47.669877769175287 ], [ 0.260844584002075, 47.66986263573466 ], [ 0.260833380814616, 47.669682973348735 ], [ 0.260301411553948, 47.669698106694661 ], [ 0.260312612921627, 47.669877769175287 ] ], [ [ 0.259492258317227, 47.669541139465458 ], [ 0.259758242418729, 47.66953357499478 ], [ 0.259747043088555, 47.669353912404162 ], [ 0.259481059896929, 47.669361476827532 ], [ 0.259492258317227, 47.669541139465458 ] ], [ [ 0.261088161293169, 47.66949574340596 ], [ 0.261354144741379, 47.669488175241135 ], [ 0.261342939951972, 47.669308512934556 ], [ 0.261076957413631, 47.669316081052038 ], [ 0.261088161293169, 47.66949574340596 ] ] ] } },
{ "type": "Feature", "properties": { "surface_ha": 1.36 }, "geometry": { "type": "Polygon", "coordinates": [ [ [ 0.305981023921826, 47.667309712145794 ], [ 0.305958309879559, 47.666950403467176 ], [ 0.305692351219478, 47.666958074723119 ], [ 0.305680995273496, 47.666778420324242 ], [ 0.305946953023996, 47.666770749116289 ], [ 0.305935596278817, 47.666591094757713 ], [ 0.306467509629526, 47.666575750591136 ], [ 0.306456151175601, 47.666396096320859 ], [ 0.307519972913957, 47.666365400793218 ], [ 0.307508610932237, 47.666185746707278 ], [ 0.308040519319777, 47.666170395346249 ], [ 0.308029155629416, 47.665990741348637 ], [ 0.308561061756103, 47.665975387621536 ], [ 0.308583792885423, 47.666334695416943 ], [ 0.308317838058234, 47.666342372684305 ], [ 0.308340567810308, 47.666701680544946 ], [ 0.308606524456607, 47.666694003181505 ], [ 0.308617890407902, 47.666873657052221 ], [ 0.307820017408931, 47.666896687440008 ], [ 0.307831380741961, 47.667076341447107 ], [ 0.307565421945159, 47.667084017059949 ], [ 0.30755405952171, 47.666904363004846 ], [ 0.307022143415971, 47.666919712287843 ], [ 0.306999422538644, 47.666560403962414 ], [ 0.306733466139288, 47.66656807758455 ], [ 0.306756185197471, 47.666927386005987 ], [ 0.306224268429256, 47.666942731595682 ], [ 0.30624698429071, 47.667302040178306 ], [ 0.305981023921826, 47.667309712145794 ] ] ] } },
{ "type": "Feature", "properties": { "surface_ha": 2.08 }, "geometry": { "type": "Polygon", "coordinates": [ [ [ 0.295087873749178, 47.667803389097713 ], [ 0.295065234075786, 47.667444076505113 ], [ 0.29400137706451, 47.667474657073299 ], [ 0.293978745108351, 47.667115344067319 ], [ 0.294244707706884, 47.667107699944303 ], [ 0.294233390984151, 47.666928043477633 ], [ 0.294499352563062, 47.66692039878685 ], [ 0.294476717628335, 47.666561085926041 ], [ 0.294742677278012, 47.666553440715347 ], [ 0.294731359066045, 47.666373784321245 ], [ 0.295263276216168, 47.666358492148909 ], [ 0.295251956295023, 47.666178835842764 ], [ 0.295783871185876, 47.666163541303831 ], [ 0.295817836736969, 47.666702509912078 ], [ 0.296083796746127, 47.666694861575742 ], [ 0.296117766016478, 47.667233829971202 ], [ 0.296383728644447, 47.667226180875694 ], [ 0.296406377194242, 47.667585493005156 ], [ 0.296672341531428, 47.667577843198345 ], [ 0.296683666881083, 47.667757499203674 ], [ 0.295087873749178, 47.667803389097713 ] ] ] } },
{ "type": "Feature", "properties": { "surface_ha": 5.71 }, "geometry": { "type": "Polygon", "coordinates": [ [ [ 0.346289221965976, 47.668479685029141 ], [ 0.346277726103551, 47.668300038085839 ], [ 0.344681996678228, 47.668346618119365 ], [ 0.34467050638454, 47.668166970876889 ], [ 0.344404551998907, 47.66817473201295 ], [ 0.344393062726391, 47.66799508471415 ], [ 0.344659016202527, 47.667987323626647 ], [ 0.34464752613219, 47.667807676368653 ], [ 0.345445383162064, 47.667784389558761 ], [ 0.345456875960859, 47.667964036671059 ], [ 0.345722828990248, 47.667956273121526 ], [ 0.345699841685399, 47.667596978986296 ], [ 0.345167939152839, 47.667612505275613 ], [ 0.345144955932662, 47.667253210915071 ], [ 0.344613056591206, 47.667268734548138 ], [ 0.344636036173523, 47.667628029102914 ], [ 0.343838180867041, 47.667651310227612 ], [ 0.343849668097263, 47.667830957638998 ], [ 0.342253949013199, 47.667877503561002 ], [ 0.34226543089809, 47.668057151255844 ], [ 0.341999476417284, 47.668064906803771 ], [ 0.341987995441893, 47.667885259060377 ], [ 0.341722041759003, 47.667893013944273 ], [ 0.341710561804688, 47.667713366144632 ], [ 0.342242467239899, 47.667697855858407 ], [ 0.342230985578192, 47.667518208148046 ], [ 0.344092644719473, 47.667463903097605 ], [ 0.344058181305227, 47.666924960939255 ], [ 0.344324129436223, 47.666917200758576 ], [ 0.344301152566103, 47.666557906044652 ], [ 0.344567098766577, 47.666550145345568 ], [ 0.344521142728557, 47.665831556018937 ], [ 0.344787085179754, 47.665823794898607 ], [ 0.34475261659553, 47.665284852967822 ], [ 0.345018556206947, 47.665277091377732 ], [ 0.345007065992845, 47.665097444100525 ], [ 0.345273004583239, 47.66508968194352 ], [ 0.345238531882938, 47.664550740211055 ], [ 0.345504467633654, 47.664542977584311 ], [ 0.345515959331403, 47.664722624787622 ], [ 0.345781895879757, 47.664714861496883 ], [ 0.345793388598523, 47.66489450864389 ], [ 0.346059325944515, 47.664886744689134 ], [ 0.346070819684314, 47.665066391779817 ], [ 0.346336757827942, 47.665058627161024 ], [ 0.346486198433166, 47.667394038002612 ], [ 0.346220248467341, 47.667401803252922 ], [ 0.346231743771133, 47.667581450235019 ], [ 0.346497694646417, 47.667573684936144 ], [ 0.346555177388698, 47.668471919487338 ], [ 0.346289221965976, 47.668479685029141 ] ], [ [ 0.345988781907927, 47.667948508956471 ], [ 0.346254734713887, 47.667940744175944 ], [ 0.346243239186647, 47.667761097209358 ], [ 0.345977287290167, 47.667768861941347 ], [ 0.345988781907927, 47.667948508956471 ] ], [ [ 0.345538943061953, 47.665081919171058 ], [ 0.345804881428982, 47.665074155783145 ], [ 0.345793388598523, 47.66489450864389 ], [ 0.345527451140835, 47.664902271983216 ], [ 0.345538943061953, 47.665081919171058 ] ] ] } },
{ "type": "Feature", "properties": { "surface_ha": 9.94 }, "geometry": { "type": "Polygon", "coordinates": [ [ [ 0.30016387975037, 47.668017305817173 ], [ 0.300152542354943, 47.66783765044979 ], [ 0.298556752353628, 47.667883588647101 ], [ 0.298545420526291, 47.667703932984622 ], [ 0.298279456050182, 47.667711587148389 ], [ 0.298256794545204, 47.667352275704566 ], [ 0.297990831778247, 47.667359929156959 ], [ 0.29797950210058, 47.667180273375621 ], [ 0.298245463957907, 47.667172619971097 ], [ 0.298234133480737, 47.666992964229927 ], [ 0.298500094318322, 47.666985310257701 ], [ 0.298466100818757, 47.666446343131696 ], [ 0.298998016705916, 47.666431033627909 ], [ 0.298986683940495, 47.666251377999636 ], [ 0.29978455421637, 47.666228409270964 ], [ 0.299773218832385, 47.666048753778654 ], [ 0.298709395215862, 47.666079377327542 ], [ 0.298698063580295, 47.665899721635945 ], [ 0.297900197440138, 47.665922682690663 ], [ 0.297888868643376, 47.665743026847728 ], [ 0.298686732054863, 47.665720065936682 ], [ 0.298675400639563, 47.66554041022971 ], [ 0.301334929089105, 47.665463834328449 ], [ 0.301323588688632, 47.665284179092851 ], [ 0.302387393344694, 47.665253531689146 ], [ 0.302410081532066, 47.665612841769089 ], [ 0.302676034239512, 47.665605178283464 ], [ 0.302698724686992, 47.665964488236725 ], [ 0.302964679103249, 47.665956824039618 ], [ 0.302953332914834, 47.665777169114804 ], [ 0.303485239597429, 47.665761838969971 ], [ 0.303473891700226, 47.665582184133342 ], [ 0.303739843966558, 47.665574518185558 ], [ 0.303751192773292, 47.665754172974218 ], [ 0.30401714583885, 47.665746506362957 ], [ 0.304028495665426, 47.665926161095939 ], [ 0.30429444953021, 47.665918493821167 ], [ 0.304305800376641, 47.666098148498499 ], [ 0.30457175504065, 47.666090480560193 ], [ 0.304583106906955, 47.666270135181833 ], [ 0.304051195649511, 47.66628547053881 ], [ 0.304062545807025, 47.666465125248678 ], [ 0.303796589103262, 47.666472792051813 ], [ 0.303807938461519, 47.666652446801933 ], [ 0.303541980737876, 47.666660113037473 ], [ 0.303564677966148, 47.667019422610572 ], [ 0.303298718313025, 47.667027088326478 ], [ 0.303310066183012, 47.667206743149421 ], [ 0.303044105509993, 47.667214408297731 ], [ 0.303055452580662, 47.66739406316092 ], [ 0.302789490887743, 47.667401727741627 ], [ 0.302800837159081, 47.667581382645082 ], [ 0.302534874446261, 47.667589046658129 ], [ 0.302546219918243, 47.667768701601823 ], [ 0.301748328389281, 47.667791690091398 ], [ 0.301759671242608, 47.66797134517121 ], [ 0.301493706269471, 47.667979006817838 ], [ 0.301482364325793, 47.667799351690071 ], [ 0.301216400152062, 47.667807012673201 ], [ 0.301227741186094, 47.667986667848872 ], [ 0.30016387975037, 47.668017305817173 ] ] ] } },
{ "type": "Feature", "properties": { "surface_ha": 2.59 }, "geometry": { "type": "Polygon", "coordinates": [ [ [ 0.290821100701215, 47.667745996746085 ], [ 0.290809795474155, 47.667566339681017 ], [ 0.290011897603634, 47.667589246482059 ], [ 0.290000595215461, 47.667409589266008 ], [ 0.289468664571831, 47.667424857293184 ], [ 0.28947996514066, 47.66760451460479 ], [ 0.289213998744413, 47.667612147742723 ], [ 0.289202699085257, 47.667432490383383 ], [ 0.288936733488858, 47.667440122857968 ], [ 0.288925434849193, 47.667260465443171 ], [ 0.288393505146279, 47.667275728450079 ], [ 0.288359615344091, 47.666736755873103 ], [ 0.288625577521499, 47.666729124820698 ], [ 0.288636874922072, 47.66690878230628 ], [ 0.288902837899317, 47.666901150590526 ], [ 0.2888802413887, 47.66654183570715 ], [ 0.288614280230727, 47.666549467327407 ], [ 0.288591685978596, 47.666190152317775 ], [ 0.288325726530063, 47.666197783226963 ], [ 0.288314430478305, 47.666018125662873 ], [ 0.28778251307109, 47.666033385539073 ], [ 0.287771218948323, 47.665853727871841 ], [ 0.288835049685198, 47.665823205848135 ], [ 0.288823752033843, 47.665643548364159 ], [ 0.289887577375469, 47.665613016682478 ], [ 0.289898878665166, 47.665792673975396 ], [ 0.289632921584915, 47.665800307866931 ], [ 0.289644222074858, 47.665979965199952 ], [ 0.289910180064703, 47.665972331260676 ], [ 0.289932783193306, 47.666331645808128 ], [ 0.289400863465363, 47.666346913262181 ], [ 0.289423463394859, 47.666706227969897 ], [ 0.289689425132995, 47.666698594455141 ], [ 0.289700726172126, 47.66687825174975 ], [ 0.291030537763203, 47.66684007470343 ], [ 0.291041843460381, 47.667019731751481 ], [ 0.291307806358615, 47.667012094447685 ], [ 0.291319113075326, 47.667191751440264 ], [ 0.290521221322034, 47.667214661648217 ], [ 0.290532525419675, 47.667394318776452 ], [ 0.291596384509571, 47.667363770410184 ], [ 0.291607692355739, 47.667543427339595 ], [ 0.291075761211244, 47.667558702849469 ], [ 0.291087067347976, 47.667738359866753 ], [ 0.290821100701215, 47.667745996746085 ] ], [ [ 0.288868943298108, 47.66636217825392 ], [ 0.289134903436646, 47.66635454606584 ], [ 0.289123604546253, 47.666174888652669 ], [ 0.28885764531733, 47.666182520793008 ], [ 0.288868943298108, 47.66636217825392 ] ] ] } },
{ "type": "Feature", "properties": { "surface_ha": 1.2 }, "geometry": { "type": "Polygon", "coordinates": [ [ [ 0.247976726313546, 47.668608176402195 ], [ 0.247965567778483, 47.668428511679259 ], [ 0.247699586175094, 47.668436048681485 ], [ 0.247621485835384, 47.667178395077094 ], [ 0.24708953504103, 47.667193466574361 ], [ 0.24707838010304, 47.667013801648899 ], [ 0.246812405453025, 47.667021336426863 ], [ 0.246790097721906, 47.666662006458758 ], [ 0.24705607055233, 47.666654471775047 ], [ 0.247067225273472, 47.666834136715792 ], [ 0.247333198905264, 47.66682660136928 ], [ 0.247344354644626, 47.667006266255235 ], [ 0.247610329077783, 47.666998730245929 ], [ 0.247599172428624, 47.666819065407132 ], [ 0.24813111915001, 47.666803991635831 ], [ 0.248142277618758, 47.666983656380324 ], [ 0.248674225725892, 47.666968580052064 ], [ 0.248696546627986, 47.667327909329494 ], [ 0.248164594881633, 47.667342985846389 ], [ 0.248198071589421, 47.667881979988209 ], [ 0.248464050246314, 47.66787444189611 ], [ 0.248486370413536, 47.668233771191488 ], [ 0.248220389936943, 47.66824130937794 ], [ 0.248242708718342, 47.668600638737097 ], [ 0.247976726313546, 47.668608176402195 ] ] ] } },
{ "type": "Feature", "properties": { "surface_ha": 3.23 }, "geometry": { "type": "Polygon", "coordinates": [ [ [ 0.290753270987058, 47.666668054240361 ], [ 0.290730661961353, 47.66630874001028 ], [ 0.290464702481865, 47.666316375891796 ], [ 0.290476006030166, 47.666496033058465 ], [ 0.289944084922377, 47.66651130307033 ], [ 0.289932783193306, 47.666331645808128 ], [ 0.290198742892512, 47.666324011157734 ], [ 0.290187440363681, 47.666144353935636 ], [ 0.290719357613308, 47.666129082883685 ], [ 0.290708053375138, 47.665949425749446 ], [ 0.290974010925554, 47.665941789347912 ], [ 0.290962705887665, 47.665762132253725 ], [ 0.29122866241862, 47.665754495284432 ], [ 0.291217356581033, 47.665574838230349 ], [ 0.291483312092526, 47.665567200693239 ], [ 0.291472005455257, 47.665387543679259 ], [ 0.292269868601654, 47.665364627518059 ], [ 0.292281177967614, 47.665544284388673 ], [ 0.294142861161886, 47.665490791467086 ], [ 0.294131545429033, 47.665311134931144 ], [ 0.294397498821666, 47.665303490670865 ], [ 0.294386182289251, 47.665123834175041 ], [ 0.294652134662353, 47.665116189347017 ], [ 0.294629500108428, 47.664756876428008 ], [ 0.29542735111058, 47.664733938537729 ], [ 0.295438671061105, 47.664913594857602 ], [ 0.295704622084646, 47.664905947615289 ], [ 0.295715943054721, 47.665085603879589 ], [ 0.295981894877756, 47.665077955973857 ], [ 0.29600453896708, 47.66543726838372 ], [ 0.295738585324966, 47.665444916385113 ], [ 0.295749906625139, 47.665624572626328 ], [ 0.295217997191715, 47.665639866878188 ], [ 0.295206677710649, 47.665460210541269 ], [ 0.294940723738462, 47.66546785669604 ], [ 0.294963360991491, 47.665827169457849 ], [ 0.295229316782797, 47.665819523207396 ], [ 0.295240636483902, 47.665999179528939 ], [ 0.293910851879463, 47.666037404864774 ], [ 0.293899536726242, 47.665857748304106 ], [ 0.293633580384969, 47.665865391476792 ], [ 0.293622266251294, 47.665685734860574 ], [ 0.293090355058006, 47.665701019263672 ], [ 0.293101667372535, 47.665880675975458 ], [ 0.292835710701391, 47.665888317301487 ], [ 0.292847022216286, 47.666067974053391 ], [ 0.292581064525617, 47.666075614811675 ], [ 0.292592375240856, 47.66625527160371 ], [ 0.292326416530658, 47.666262911794206 ], [ 0.29233772644623, 47.666442568626351 ], [ 0.291805806876853, 47.666457847256261 ], [ 0.291794498780497, 47.666278190328498 ], [ 0.291262580590704, 47.666293466400525 ], [ 0.291273886867845, 47.666473123423856 ], [ 0.291007926698497, 47.6664807605843 ], [ 0.291019232175907, 47.666660417647705 ], [ 0.290753270987058, 47.666668054240361 ] ] ] } },
{ "type": "Feature", "properties": { "surface_ha": 4.47 }, "geometry": { "type": "Polygon", "coordinates": [ [ [ 0.243986977230927, 47.668721167494581 ], [ 0.243975832344111, 47.668541502064677 ], [ 0.24317788233138, 47.668564083517893 ], [ 0.243166740282554, 47.668384417939095 ], [ 0.242634774885648, 47.668399469068547 ], [ 0.242612494752406, 47.668040137699691 ], [ 0.242878475685251, 47.668032612537004 ], [ 0.242889616607602, 47.668212278178139 ], [ 0.243421579968156, 47.668197225911463 ], [ 0.243410437226062, 47.668017560364476 ], [ 0.24367641783401, 47.668010033354683 ], [ 0.243665274290366, 47.667830367847195 ], [ 0.243931253880135, 47.667822840268805 ], [ 0.243920109534956, 47.667643174800752 ], [ 0.244186088106555, 47.667635646653785 ], [ 0.244197233361583, 47.667815312074744 ], [ 0.244729191999468, 47.667800253839552 ], [ 0.244718044924747, 47.667620588512825 ], [ 0.244452066569822, 47.667628117891148 ], [ 0.244440920513287, 47.667448452509674 ], [ 0.244706897958376, 47.667440923178461 ], [ 0.244684604350676, 47.667081592486838 ], [ 0.244950579867773, 47.667074062634178 ], [ 0.244939432316633, 47.666894397324043 ], [ 0.244673457709348, 47.66690192712958 ], [ 0.244640018435416, 47.666362931012003 ], [ 0.244905990313326, 47.666355401347815 ], [ 0.244894843195592, 47.666175736007126 ], [ 0.245692755449882, 47.666153143461948 ], [ 0.245703905296931, 47.666332808661252 ], [ 0.245437933744093, 47.666340340172432 ], [ 0.245460231943753, 47.666699670642394 ], [ 0.245726205316159, 47.666692139036996 ], [ 0.245737355488338, 47.666871804213407 ], [ 0.246535277684629, 47.666849205561817 ], [ 0.246546430694595, 47.667028870589199 ], [ 0.246812405453025, 47.667021336426863 ], [ 0.246834713617808, 47.667380666364473 ], [ 0.247100690087446, 47.667373131492198 ], [ 0.24711184524229, 47.667552796402383 ], [ 0.247377822513323, 47.6675452608673 ], [ 0.24744476117857, 47.668623249885258 ], [ 0.246646812662785, 47.668645855492151 ], [ 0.246635658677104, 47.668466190533458 ], [ 0.246103694277568, 47.668481257765279 ], [ 0.24609254222005, 47.668301592704708 ], [ 0.245826560767551, 47.668309125349921 ], [ 0.245848863171229, 47.668668455557729 ], [ 0.24558287979058, 47.668675987681524 ], [ 0.245549429077275, 47.668136992217008 ], [ 0.245815409728299, 47.668129460234589 ], [ 0.245804258797434, 47.66794979511161 ], [ 0.245538279056269, 47.667957327046892 ], [ 0.245527129143642, 47.667777661869167 ], [ 0.24526115020395, 47.66778519314164 ], [ 0.245272299206726, 47.667964858366503 ], [ 0.245006319248813, 47.667972389070421 ], [ 0.245017467450098, 47.668152054334769 ], [ 0.244751486473962, 47.668159584470096 ], [ 0.24476263387374, 47.668339249773958 ], [ 0.24449665187938, 47.668346779340709 ], [ 0.24451894518423, 47.668706110019698 ], [ 0.243986977230927, 47.668721167494581 ] ], [ [ 0.244972875295116, 47.667433393231569 ], [ 0.245238852523498, 47.667425862668985 ], [ 0.245216555276513, 47.66706653216584 ], [ 0.244950579867773, 47.667074062634178 ], [ 0.244972875295116, 47.667433393231569 ] ] ] } },
{ "type": "Feature", "properties": { "surface_ha": 1.68 }, "geometry": { "type": "Polygon", "coordinates": [ [ [ 0.235330934517008, 47.666626081393531 ], [ 0.235308705894976, 47.666266747317373 ], [ 0.235042731941996, 47.666274254723703 ], [ 0.234987166826346, 47.665375919165051 ], [ 0.235253136230394, 47.66536841199359 ], [ 0.23524202262155, 47.665188744905961 ], [ 0.235507991007816, 47.665181237165783 ], [ 0.235519105526417, 47.665360904206409 ], [ 0.23578507471441, 47.665353395803635 ], [ 0.235773959286049, 47.665173728809982 ], [ 0.236039927456244, 47.665166219838518 ], [ 0.236051043794361, 47.665345886785218 ], [ 0.236317012766262, 47.665338377151102 ], [ 0.236305895518391, 47.665158710251426 ], [ 0.236571863472482, 47.665151200048641 ], [ 0.236594099895798, 47.66551053374647 ], [ 0.236860069561336, 47.665503022834081 ], [ 0.236871188844865, 47.665682689624553 ], [ 0.237137159312095, 47.665675178049526 ], [ 0.237159400022954, 47.666034511513601 ], [ 0.236893427736162, 47.666042023182619 ], [ 0.236904547343929, 47.666221689950206 ], [ 0.23584065347684, 47.666251730657621 ], [ 0.235851769553462, 47.666431397605571 ], [ 0.23558579490674, 47.666438906290232 ], [ 0.235596910181592, 47.666618573277525 ], [ 0.235330934517008, 47.666626081393531 ] ] ] } },
{ "type": "Feature", "properties": { "surface_ha": 1.4 }, "geometry": { "type": "Polygon", "coordinates": [ [ [ 0.299127977654205, 47.664267510479952 ], [ 0.299116645300977, 47.664087854807157 ], [ 0.29885069934646, 47.664095509859749 ], [ 0.298839368012835, 47.663915854131417 ], [ 0.298573422857655, 47.663923508520618 ], [ 0.298539432245896, 47.663384541145675 ], [ 0.298805374672728, 47.66337688690016 ], [ 0.298794043779611, 47.663197231140984 ], [ 0.299059985186888, 47.663189576327873 ], [ 0.299071316989437, 47.663369232039109 ], [ 0.299603201292444, 47.663353920470605 ], [ 0.299591867671041, 47.663174264855137 ], [ 0.300389690571124, 47.66315129302987 ], [ 0.300423699950689, 47.663690259422026 ], [ 0.300955586789792, 47.66367494150694 ], [ 0.3009669252889, 47.663854596859743 ], [ 0.300169092136628, 47.663877572952863 ], [ 0.300180428017565, 47.664057228441727 ], [ 0.299914482503657, 47.664064885956329 ], [ 0.299925817585299, 47.664244541485417 ], [ 0.299127977654205, 47.664267510479952 ] ] ] } },
{ "type": "Feature", "properties": { "surface_ha": 3.03 }, "geometry": { "type": "Polygon", "coordinates": [ [ [ 0.283227361739398, 47.665624019614313 ], [ 0.283193527076802, 47.665085044087711 ], [ 0.283459482242629, 47.665077425208182 ], [ 0.283425645837884, 47.664538449755483 ], [ 0.283691598165405, 47.6645308304034 ], [ 0.283702877766917, 47.664710488847653 ], [ 0.284500736820319, 47.664687626955107 ], [ 0.284478172269653, 47.664328310345013 ], [ 0.28368031867352, 47.664351171951481 ], [ 0.283669039291264, 47.664171513491866 ], [ 0.283403088782822, 47.664179132748593 ], [ 0.283391810419716, 47.663999474233648 ], [ 0.284189658887586, 47.663976614759861 ], [ 0.284155816270399, 47.663437639597952 ], [ 0.284421762811903, 47.663430018685339 ], [ 0.284410481249299, 47.663250360330373 ], [ 0.284676426771671, 47.663242738849924 ], [ 0.28468770924376, 47.663422397157198 ], [ 0.284953655565962, 47.663414775013536 ], [ 0.284964939057198, 47.663594433265473 ], [ 0.285230886179228, 47.663586810458604 ], [ 0.285264740039467, 47.664125785025199 ], [ 0.285530689780343, 47.664118161459697 ], [ 0.285541975529304, 47.664297819585499 ], [ 0.285276024878902, 47.664305443198693 ], [ 0.285298594886815, 47.664664759522644 ], [ 0.286628356137202, 47.664626634824351 ], [ 0.286650935679377, 47.664985950640506 ], [ 0.286119027870138, 47.665001202557306 ], [ 0.286141604212955, 47.665360518533603 ], [ 0.285609692326582, 47.665375768179011 ], [ 0.285598405919467, 47.665196110099288 ], [ 0.285066495413464, 47.66521135718709 ], [ 0.285077780001419, 47.665391015362196 ], [ 0.28454586723754, 47.66540626008311 ], [ 0.284534584468745, 47.665226601812634 ], [ 0.284002673085387, 47.665241843975949 ], [ 0.284013954035013, 47.665421502341808 ], [ 0.28348204039391, 47.665436742138247 ], [ 0.28349331963399, 47.665616400591759 ], [ 0.283227361739398, 47.665624019614313 ] ] ] } },
{ "type": "Feature", "properties": { "surface_ha": 2.12 }, "geometry": { "type": "Polygon", "coordinates": [ [ [ 0.291590971838923, 47.663044364314125 ], [ 0.291557054143525, 47.662505393069523 ], [ 0.291822993973848, 47.662497755113733 ], [ 0.291811687385727, 47.662318098064631 ], [ 0.292875441970408, 47.662287540277838 ], [ 0.292864131854571, 47.662107883412183 ], [ 0.29313006931656, 47.662100242474601 ], [ 0.293107447595874, 47.661740928815874 ], [ 0.292841511952654, 47.661748569657846 ], [ 0.292852821848653, 47.661928226538883 ], [ 0.292055011531371, 47.661951145515403 ], [ 0.292043704363522, 47.661771488490984 ], [ 0.292575576199516, 47.661756209884359 ], [ 0.292564267322807, 47.661576552947864 ], [ 0.293362071524344, 47.661553630565329 ], [ 0.293373383129167, 47.661733287358437 ], [ 0.293905253865941, 47.661718002597134 ], [ 0.29389394044238, 47.661538345899643 ], [ 0.294159874736475, 47.661530702643631 ], [ 0.29418250351229, 47.661890015935228 ], [ 0.294448439515163, 47.661882371968098 ], [ 0.294459754977396, 47.662062028554544 ], [ 0.294725691779679, 47.662054383924101 ], [ 0.294737008261277, 47.662234040455019 ], [ 0.294205132727955, 47.662249329196065 ], [ 0.294227762383484, 47.662608642426115 ], [ 0.293695882772675, 47.662623928896558 ], [ 0.293707195946553, 47.662803585595682 ], [ 0.293175314077094, 47.662818869699791 ], [ 0.293186625542062, 47.662998526486838 ], [ 0.292920683532994, 47.663006167663475 ], [ 0.292909372977461, 47.662826510828602 ], [ 0.292111549019038, 47.66284943052208 ], [ 0.292122856846262, 47.663029087500348 ], [ 0.291590971838923, 47.663044364314125 ] ] ] } },
{ "type": "Feature", "properties": { "surface_ha": 7.54 }, "geometry": { "type": "Polygon", "coordinates": [ [ [ 0.24246768444334, 47.665704483058214 ], [ 0.242456545946685, 47.665524817263176 ], [ 0.242190577642871, 47.665532341151092 ], [ 0.242168302793825, 47.665173009443933 ], [ 0.241902336201233, 47.665180532622088 ], [ 0.241868927468701, 47.664641534862938 ], [ 0.241602963497022, 47.66464905728423 ], [ 0.241569558467715, 47.66411005931522 ], [ 0.241303597116884, 47.66411758097972 ], [ 0.241281329457823, 47.663758248868099 ], [ 0.241015369818121, 47.663765769822902 ], [ 0.240959707112408, 47.662867439175116 ], [ 0.241491617187186, 47.66285239712051 ], [ 0.241469349223863, 47.662493064996227 ], [ 0.244394826884514, 47.662410290717737 ], [ 0.244405970817639, 47.662589956265762 ], [ 0.244671923592141, 47.662582427590834 ], [ 0.244683068543175, 47.662762093084183 ], [ 0.244417114859074, 47.662769621806198 ], [ 0.244428259008821, 47.662949287339011 ], [ 0.244162304306799, 47.662956815492578 ], [ 0.244173447655246, 47.663136481064839 ], [ 0.244439403266885, 47.663128952864163 ], [ 0.244561997254759, 47.665105273137243 ], [ 0.244030065910419, 47.665120329959244 ], [ 0.244052353495737, 47.665479661007176 ], [ 0.242988482229516, 47.665509767640373 ], [ 0.242999622545669, 47.665689433341285 ], [ 0.24246768444334, 47.665704483058214 ] ], [ [ 0.243109624125694, 47.663166587711657 ], [ 0.243375580170513, 47.663159061973332 ], [ 0.243364439550925, 47.662979396259786 ], [ 0.243098484415728, 47.662986921951038 ], [ 0.243109624125694, 47.663166587711657 ] ] ] } },
{ "type": "Feature", "properties": { "surface_ha": 4.39 }, "geometry": { "type": "Polygon", "coordinates": [ [ [ 0.237657977909455, 47.665480486403084 ], [ 0.237635734208099, 47.665121153081287 ], [ 0.237369766686325, 47.6651286657466 ], [ 0.237347525236845, 47.664769332300303 ], [ 0.237613490939149, 47.664761819729037 ], [ 0.237524522187166, 47.663324486014929 ], [ 0.237258563762389, 47.663331998210232 ], [ 0.237280803482503, 47.663691331778487 ], [ 0.237014843130317, 47.663698843452138 ], [ 0.236970367761032, 47.662980176097129 ], [ 0.236704410939407, 47.662987686967199 ], [ 0.236737764575304, 47.663526687635873 ], [ 0.236471804916653, 47.663534198031321 ], [ 0.236449570870648, 47.663174864165853 ], [ 0.235651696704389, 47.663197391376656 ], [ 0.235673925292418, 47.663556725524046 ], [ 0.235142005002776, 47.663571740774486 ], [ 0.235108667740738, 47.663032739260139 ], [ 0.235640582572411, 47.663017724291549 ], [ 0.235629468548457, 47.662838057198798 ], [ 0.235895424892621, 47.66283054883808 ], [ 0.235884310067055, 47.662650881784707 ], [ 0.237214085619093, 47.662613330982211 ], [ 0.237225204992803, 47.662792997800643 ], [ 0.23749116068865, 47.66278548574639 ], [ 0.237480040405316, 47.662605818974974 ], [ 0.238809812715019, 47.662568249704911 ], [ 0.238832062486029, 47.662927582770017 ], [ 0.23909801844287, 47.662920066975218 ], [ 0.23920928288261, 47.664716731373026 ], [ 0.238677352667301, 47.664731763287548 ], [ 0.238688477886636, 47.66491142977943 ], [ 0.238156545419339, 47.664926459325478 ], [ 0.238189916267697, 47.665465459037527 ], [ 0.237657977909455, 47.665480486403084 ] ], [ [ 0.23724744406445, 47.663152331414672 ], [ 0.237779358986613, 47.663137306502513 ], [ 0.237768237577467, 47.662957639793348 ], [ 0.237236324474589, 47.662972664611488 ], [ 0.23724744406445, 47.663152331414672 ] ] ] } },
{ "type": "Feature", "properties": { "surface_ha": 5.55 }, "geometry": { "type": "Polygon", "coordinates": [ [ [ 0.251443558293622, 47.664370317696843 ], [ 0.251432389517584, 47.664190653458796 ], [ 0.251166430357705, 47.664198197994864 ], [ 0.251155262599868, 47.66401853370197 ], [ 0.250623345773772, 47.664033620832939 ], [ 0.250612179943754, 47.663853956438018 ], [ 0.25034622227755, 47.663861499032919 ], [ 0.250335057465687, 47.663681834583173 ], [ 0.250069100600599, 47.663689376515279 ], [ 0.250057936806874, 47.663509712010715 ], [ 0.249791980742904, 47.663517253280048 ], [ 0.249780817967299, 47.663337588720644 ], [ 0.24951486270445, 47.663345129327226 ], [ 0.249503700946948, 47.663165464713011 ], [ 0.249237746485221, 47.663173004656834 ], [ 0.249226585745806, 47.662993339987821 ], [ 0.248694678316137, 47.663008417934414 ], [ 0.248683519504382, 47.662828753163417 ], [ 0.248417566536456, 47.662836291166201 ], [ 0.248406408742743, 47.662656626340421 ], [ 0.248140456575956, 47.662664163680418 ], [ 0.248162770452641, 47.663023493418727 ], [ 0.247630862155388, 47.663038566440726 ], [ 0.247608551917079, 47.662679236513824 ], [ 0.247874504300733, 47.662671700404907 ], [ 0.247818726054457, 47.661773375689776 ], [ 0.248616568911382, 47.661750764377004 ], [ 0.248627727072421, 47.661930429193795 ], [ 0.249159623587228, 47.661915351813214 ], [ 0.249170783675816, 47.662095016528099 ], [ 0.250766476074023, 47.662049769330082 ], [ 0.250777641728398, 47.662229433754213 ], [ 0.251043590991208, 47.662221890352917 ], [ 0.251054757663663, 47.662401554722202 ], [ 0.251852607529538, 47.662378920683402 ], [ 0.251863777039215, 47.662558584903422 ], [ 0.252395678226141, 47.662543492372016 ], [ 0.252418021209467, 47.662902820600287 ], [ 0.25188611638425, 47.66291791332057 ], [ 0.251908456163537, 47.663277241707135 ], [ 0.252174410449615, 47.663269695560359 ], [ 0.252185581411711, 47.66344935969498 ], [ 0.25271749147734, 47.663434265460268 ], [ 0.252728664367235, 47.663613929492783 ], [ 0.2524627084791, 47.663621476965147 ], [ 0.252485052765424, 47.663980805101723 ], [ 0.252219094949455, 47.663988352052954 ], [ 0.252241437850847, 47.664347680253435 ], [ 0.251443558293622, 47.664370317696843 ] ] ] } },
{ "type": "Feature", "properties": { "surface_ha": 1.24 }, "geometry": { "type": "Polygon", "coordinates": [ [ [ 0.254556815097596, 47.66302208882145 ], [ 0.254534457343902, 47.662662761364224 ], [ 0.254268506764034, 47.662670312909377 ], [ 0.254246151264044, 47.662310985327082 ], [ 0.253980202394644, 47.662318536162196 ], [ 0.25399137918077, 47.662498200004428 ], [ 0.253725429293191, 47.662505750271244 ], [ 0.253714253416616, 47.662326086381775 ], [ 0.253182355134705, 47.662341184974288 ], [ 0.253171181185841, 47.662161520982721 ], [ 0.252639284288616, 47.662176617018567 ], [ 0.25262811226743, 47.661996952924902 ], [ 0.252362164565476, 47.662004499972291 ], [ 0.252350993562403, 47.661824835823751 ], [ 0.252085046661412, 47.661832382208374 ], [ 0.252073876676436, 47.661652718004994 ], [ 0.252605768550803, 47.661637624714643 ], [ 0.25259459685536, 47.661457960598057 ], [ 0.252860541720165, 47.6614504130768 ], [ 0.252882887038664, 47.661809741207875 ], [ 0.253148833613915, 47.661802192976637 ], [ 0.253160007345578, 47.661981856983495 ], [ 0.253691901989327, 47.661966758579922 ], [ 0.253703077648663, 47.662146422484668 ], [ 0.254500921528229, 47.662123770121021 ], [ 0.254512100024806, 47.662303433876403 ], [ 0.255043997220381, 47.662288329128387 ], [ 0.255066358177682, 47.662647656427161 ], [ 0.255332308431575, 47.662640103035358 ], [ 0.255321126989038, 47.662460439437048 ], [ 0.255587076224704, 47.662452885476903 ], [ 0.255609441037566, 47.662812212571389 ], [ 0.255343489982787, 47.662819766626065 ], [ 0.255354671642679, 47.662999430209084 ], [ 0.254556815097596, 47.66302208882145 ] ] ] } },
{ "type": "Feature", "properties": { "surface_ha": 4.47 }, "geometry": { "type": "Polygon", "coordinates": [ [ [ 0.243574688556098, 47.662073541506224 ], [ 0.243552406905383, 47.661714210074109 ], [ 0.243020509477481, 47.661729261412979 ], [ 0.243009370633646, 47.661549595591282 ], [ 0.242743422666852, 47.66155712029029 ], [ 0.242732284840822, 47.661377454413909 ], [ 0.242466337675321, 47.661384978450307 ], [ 0.242455200867077, 47.661205312519201 ], [ 0.242189254502874, 47.661212835892961 ], [ 0.242178118712401, 47.661033169907185 ], [ 0.241912173149497, 47.661040692618315 ], [ 0.241889903712272, 47.660681360529722 ], [ 0.242155847456141, 47.66067383791269 ], [ 0.242111306242341, 47.659955173832209 ], [ 0.242377246240022, 47.659947650787949 ], [ 0.242366110297662, 47.659767984795849 ], [ 0.242897988149393, 47.659752936954924 ], [ 0.242909125910685, 47.659932602852884 ], [ 0.243175065583648, 47.659925077962043 ], [ 0.243186204362661, 47.660104743805327 ], [ 0.243984025460384, 47.660082165298505 ], [ 0.244017450632365, 47.660621162358687 ], [ 0.244815278940875, 47.660598577888301 ], [ 0.244826423609949, 47.660778243418449 ], [ 0.245092367072333, 47.660770713983482 ], [ 0.245103512759232, 47.66095037945891 ], [ 0.245901345224907, 47.660927787319451 ], [ 0.245912493748673, 47.661107452645894 ], [ 0.246178438596715, 47.661099920654536 ], [ 0.246189588138355, 47.661279585926209 ], [ 0.245923642380792, 47.661287117964697 ], [ 0.245945939970103, 47.661646448579397 ], [ 0.246211887546729, 47.66163891644667 ], [ 0.246223037413465, 47.661818581695456 ], [ 0.245957088927294, 47.6618261138753 ], [ 0.245968237992844, 47.662005779163572 ], [ 0.245702288488755, 47.662013310774981 ], [ 0.245691140332761, 47.6618336454396 ], [ 0.24515924281865, 47.661848706721557 ], [ 0.245170389155529, 47.662028372151163 ], [ 0.2443725393432, 47.662050959598702 ], [ 0.244361395735006, 47.661871294027762 ], [ 0.2440954464905, 47.661878821898732 ], [ 0.244106589189129, 47.662058487516781 ], [ 0.243574688556098, 47.662073541506224 ] ], [ [ 0.243796072420233, 47.661347352112905 ], [ 0.244062019044394, 47.661339824998791 ], [ 0.24405087677895, 47.661160159350196 ], [ 0.243784931064318, 47.661167686417258 ], [ 0.243796072420233, 47.661347352112905 ] ], [ [ 0.242444064167073, 47.661025646580498 ], [ 0.24271000951351, 47.661018122638247 ], [ 0.242698872012225, 47.660838456738986 ], [ 0.24243292757531, 47.660845980634136 ], [ 0.242444064167073, 47.661025646580498 ] ], [ [ 0.242975954751697, 47.66101059808048 ], [ 0.24324189988163, 47.661003072907178 ], [ 0.24323076056131, 47.660823407102072 ], [ 0.242964816340895, 47.660830932228301 ], [ 0.242975954751697, 47.66101059808048 ] ], [ [ 0.24347442453861, 47.660456549821376 ], [ 0.243740366723487, 47.660449023558243 ], [ 0.243729225908979, 47.660269357824419 ], [ 0.243463284633589, 47.660276884040449 ], [ 0.24347442453861, 47.660456549821376 ] ], [ [ 0.242931401758014, 47.660291934625938 ], [ 0.243197343249932, 47.660284409640965 ], [ 0.243186204362661, 47.660104743805327 ], [ 0.242920263780225, 47.660112268743219 ], [ 0.242931401758014, 47.660291934625938 ] ] ] } },
{ "type": "Feature", "properties": { "surface_ha": 2.87 }, "geometry": { "type": "Polygon", "coordinates": [ [ [ 0.333957166829107, 47.658940048758076 ], [ 0.333934267498307, 47.658580749744438 ], [ 0.333668358887682, 47.658588484828535 ], [ 0.333645461820069, 47.658229185687148 ], [ 0.333379554916313, 47.658236920059132 ], [ 0.333356660111808, 47.657877620790025 ], [ 0.333622565197472, 47.657869886514803 ], [ 0.333611117053051, 47.657690236917027 ], [ 0.333079308588544, 47.657705704755365 ], [ 0.33305641626953, 47.657346405343048 ], [ 0.332790513688465, 47.657354138242482 ], [ 0.332779068604812, 47.657174488476336 ], [ 0.332513166821534, 47.657182220712123 ], [ 0.332501722758102, 47.657002570889858 ], [ 0.332767623632379, 47.65699483870246 ], [ 0.332756178771163, 47.656815188920831 ], [ 0.33302207862523, 47.656807456166511 ], [ 0.333033524395436, 47.656987105899759 ], [ 0.333299425047265, 47.656979372481786 ], [ 0.333310871837696, 47.657159022158908 ], [ 0.333842674625633, 47.657143553380244 ], [ 0.33383122601721, 47.656963903799927 ], [ 0.334097126335306, 47.656956168536041 ], [ 0.334108575852722, 47.657135818068006 ], [ 0.334640377973101, 47.657120345597598 ], [ 0.334651829419785, 47.657299995025035 ], [ 0.334385927506231, 47.657307731616278 ], [ 0.334397378155188, 47.657487381084358 ], [ 0.335195086289014, 47.657464169319503 ], [ 0.335217993374877, 47.657823467942038 ], [ 0.336015705961088, 47.657800250348984 ], [ 0.336050075606013, 47.658339197788933 ], [ 0.335784168794817, 47.658346937747169 ], [ 0.335795624656739, 47.658526586926776 ], [ 0.33552971682516, 47.65853432631809 ], [ 0.335518261872296, 47.658354677090095 ], [ 0.335252354838455, 47.658362415817763 ], [ 0.335263808882265, 47.658542065094139 ], [ 0.334997900828057, 47.658549803254864 ], [ 0.334986447693307, 47.658370153930029 ], [ 0.33472054043686, 47.658377891427023 ], [ 0.334754897447805, 47.658916839523464 ], [ 0.333957166829107, 47.658940048758076 ] ] ] } },
{ "type": "Feature", "properties": { "surface_ha": 2.51 }, "geometry": { "type": "Polygon", "coordinates": [ [ [ 0.30734285713534, 47.659351212180795 ], [ 0.307331498550155, 47.659171557842221 ], [ 0.306799660872576, 47.659186904227226 ], [ 0.306776947670114, 47.658827595334934 ], [ 0.307042864745712, 47.65881992254613 ], [ 0.307031507400853, 47.658640268136431 ], [ 0.306499674957647, 47.658655613002658 ], [ 0.306488319541497, 47.658475958489255 ], [ 0.306222404063526, 47.658483629951277 ], [ 0.306211049666893, 47.658303975382189 ], [ 0.305945134987742, 47.658311646180863 ], [ 0.305922428343803, 47.657952336923543 ], [ 0.306188341204653, 47.657944666220807 ], [ 0.306154279338842, 47.657405702421023 ], [ 0.30748382835095, 47.657367340397073 ], [ 0.307495186741457, 47.657546994764687 ], [ 0.308027007391922, 47.657531645551643 ], [ 0.308015647183191, 47.657351991280045 ], [ 0.308547465573841, 47.65733663970164 ], [ 0.308558827600786, 47.657516293877215 ], [ 0.308292917551558, 47.657523970022105 ], [ 0.308315640118458, 47.657883278446178 ], [ 0.308049728140578, 47.657890954071753 ], [ 0.308072449330843, 47.658250262561033 ], [ 0.30780653542428, 47.658257937667308 ], [ 0.30779517568309, 47.658078283378501 ], [ 0.307263349357078, 47.65809363164891 ], [ 0.307274707279974, 47.658273286033726 ], [ 0.30754062140732, 47.658265612158189 ], [ 0.30756333940257, 47.658624920808684 ], [ 0.307829255237849, 47.658617246221766 ], [ 0.307840615310229, 47.658796900487431 ], [ 0.308106531944281, 47.658789225237108 ], [ 0.308117893036243, 47.658968879447052 ], [ 0.308383810469062, 47.658961203533352 ], [ 0.308406534802603, 47.659320511834046 ], [ 0.30734285713534, 47.659351212180795 ] ], [ [ 0.306997436028504, 47.65810130486107 ], [ 0.307263349357078, 47.65809363164891 ], [ 0.307251991544561, 47.657913977256392 ], [ 0.306986079125125, 47.657921650420533 ], [ 0.306997436028504, 47.65810130486107 ] ] ] } },
{ "type": "Feature", "properties": { "surface_ha": 1.8 }, "geometry": { "type": "Polygon", "coordinates": [ [ [ 0.316038427225943, 47.657840070432364 ], [ 0.316015651709836, 47.657480764812256 ], [ 0.315749743846529, 47.65748845823483 ], [ 0.315715584129559, 47.656949499602369 ], [ 0.316779204009967, 47.656918722797769 ], [ 0.316767814022751, 47.656739070097373 ], [ 0.317565525043743, 47.656715981177477 ], [ 0.317576917758093, 47.65689563373342 ], [ 0.318640534538902, 47.656864839699807 ], [ 0.318651931000161, 47.657044492055363 ], [ 0.318917835827559, 47.6570367919605 ], [ 0.318940630900443, 47.657396096552091 ], [ 0.318674724254927, 47.657403796743317 ], [ 0.318686121048439, 47.657583449075709 ], [ 0.318154305607012, 47.657598847708485 ], [ 0.318142910631647, 47.657419195279765 ], [ 0.316813374635742, 47.657457680852552 ], [ 0.316824765065713, 47.657637333522054 ], [ 0.316558856625341, 47.657645028838772 ], [ 0.316570246256913, 47.657824681548711 ], [ 0.316038427225943, 47.657840070432364 ] ] ] } },
{ "type": "Feature", "properties": { "surface_ha": 1.48 }, "geometry": { "type": "Polygon", "coordinates": [ [ [ 0.30989974287342, 47.657657557850158 ], [ 0.309888376190499, 47.657477903922484 ], [ 0.309356557085934, 47.657493261750432 ], [ 0.309345192331675, 47.65731360771894 ], [ 0.309079283522827, 47.657321285661844 ], [ 0.309067919788108, 47.657141631574625 ], [ 0.308536103657312, 47.657156985518377 ], [ 0.308467934476789, 47.656079060256758 ], [ 0.309265642144172, 47.656056029282702 ], [ 0.309299734419052, 47.656594991515917 ], [ 0.309565639481139, 47.656587313149814 ], [ 0.309577004702704, 47.65676696716411 ], [ 0.310108816313664, 47.656751608489827 ], [ 0.310120183463822, 47.65693126240032 ], [ 0.310386090012681, 47.656923582092148 ], [ 0.310397458182385, 47.657103235946877 ], [ 0.310663365529848, 47.657095554975299 ], [ 0.310674734719113, 47.657275208774266 ], [ 0.310408826462563, 47.657282889793876 ], [ 0.310420194853219, 47.657462543633166 ], [ 0.310154285577094, 47.6574702240855 ], [ 0.310165653169122, 47.657649877965135 ], [ 0.30989974287342, 47.657657557850158 ] ] ] } },
{ "type": "Feature", "properties": { "surface_ha": 1.04 }, "geometry": { "type": "Polygon", "coordinates": [ [ [ 0.245014350297084, 47.659513055441806 ], [ 0.245003205476751, 47.659333389905328 ], [ 0.244737269290108, 47.65934091896343 ], [ 0.244703838207255, 47.658801922166894 ], [ 0.244171970965592, 47.658816978153979 ], [ 0.244160829306721, 47.65863731244567 ], [ 0.243894896432865, 47.658644839468884 ], [ 0.243883755791674, 47.658465173705849 ], [ 0.243617823718939, 47.658472700066497 ], [ 0.243606684095411, 47.658293034248707 ], [ 0.243340752823805, 47.658300559946774 ], [ 0.24332961421792, 47.658120894074301 ], [ 0.243595544580145, 47.658113368423322 ], [ 0.24358440517314, 47.657933702590292 ], [ 0.24385033451773, 47.657926176370935 ], [ 0.243861474834107, 47.658105842156843 ], [ 0.244659264946336, 47.658083259664629 ], [ 0.244670408099117, 47.658262925301642 ], [ 0.244404477260616, 47.658270453461625 ], [ 0.244426762072294, 47.658629784806934 ], [ 0.245490492051581, 47.658599668097267 ], [ 0.245512784571671, 47.658958999035207 ], [ 0.245246850420512, 47.658966529230078 ], [ 0.245269141555077, 47.659325860231711 ], [ 0.24580101338675, 47.659310799038018 ], [ 0.245812160935386, 47.659490464433148 ], [ 0.245014350297084, 47.659513055441806 ] ] ] } },
{ "type": "Feature", "properties": { "surface_ha": 8.74 }, "geometry": { "type": "Polygon", "coordinates": [ [ [ 0.320581681740081, 47.658068490416973 ], [ 0.320570278250646, 47.657888838445047 ], [ 0.320304369542613, 47.657896542472798 ], [ 0.320292967073077, 47.657716890444974 ], [ 0.320027059163315, 47.65772459380922 ], [ 0.320004256374806, 47.657365289633987 ], [ 0.319738350172387, 47.657372992286483 ], [ 0.31971554964517, 47.657013687983977 ], [ 0.319449645150073, 47.6570213899248 ], [ 0.319438245961682, 47.656841737713812 ], [ 0.319704149547739, 47.656834035821142 ], [ 0.31969274956109, 47.656654383650583 ], [ 0.320224554582783, 47.656638978115744 ], [ 0.320213152888874, 47.656459326033854 ], [ 0.320744955649329, 47.656443918134144 ], [ 0.320767762784039, 47.656803222097459 ], [ 0.3215654715477, 47.656780105343906 ], [ 0.321554065197863, 47.65660045351072 ], [ 0.322351770236857, 47.656577331364062 ], [ 0.32234036127083, 47.656397679667805 ], [ 0.322606261819758, 47.656389971103202 ], [ 0.322583442402317, 47.656030667784016 ], [ 0.32284934102238, 47.656022958700568 ], [ 0.32283793057099, 47.655843307077589 ], [ 0.323635623038905, 47.655820176280194 ], [ 0.323624209971491, 47.655640524794215 ], [ 0.324421898714332, 47.655617388604 ], [ 0.324410483030955, 47.655437737255035 ], [ 0.32627174651852, 47.655383731614293 ], [ 0.326283168564546, 47.655563382625395 ], [ 0.327080853978456, 47.655540227976857 ], [ 0.327172256158175, 47.656977434628473 ], [ 0.324247324766421, 47.657062312182205 ], [ 0.324258740539213, 47.657241963509861 ], [ 0.323461026920574, 47.657265099156838 ], [ 0.323472440077167, 47.657444750621529 ], [ 0.322674722733182, 47.65746788087533 ], [ 0.322686133273512, 47.657647532477014 ], [ 0.321888412204365, 47.65767065733764 ], [ 0.321899820128369, 47.657850309076231 ], [ 0.320836186847862, 47.657881133801979 ], [ 0.320847591246385, 47.658060785725674 ], [ 0.320581681740081, 47.658068490416973 ] ] ] } },
{ "type": "Feature", "properties": { "surface_ha": 3.55 }, "geometry": { "type": "Polygon", "coordinates": [ [ [ 0.313899766135488, 47.657721948162184 ], [ 0.313888385705499, 47.657542294963335 ], [ 0.313622476957193, 47.657549983463198 ], [ 0.313611097546886, 47.657370330208501 ], [ 0.313345189597084, 47.657378018044945 ], [ 0.313311054756884, 47.65683905809032 ], [ 0.311715621099682, 47.65688517132125 ], [ 0.311692876001071, 47.656525864069273 ], [ 0.312224684026073, 47.656510495645897 ], [ 0.312213309824454, 47.656330842104509 ], [ 0.312479212762115, 47.656323157017916 ], [ 0.312445088093361, 47.655784196491631 ], [ 0.312710988193413, 47.655776510933975 ], [ 0.312699612615896, 47.655596857457873 ], [ 0.312965511696396, 47.655589171332991 ], [ 0.312942759055012, 47.65522986445383 ], [ 0.313740450179227, 47.655206802675977 ], [ 0.313751829171597, 47.655386455975147 ], [ 0.314017726900844, 47.65537876743717 ], [ 0.314063247612132, 47.656097380364272 ], [ 0.314595050010868, 47.656082001057605 ], [ 0.314606432283215, 47.656261654173882 ], [ 0.314872334225697, 47.656253963549453 ], [ 0.314895100920292, 47.656613269662628 ], [ 0.314363293288577, 47.656628650488592 ], [ 0.31435191170405, 47.656448997339623 ], [ 0.313820105448001, 47.656464375608124 ], [ 0.313831485214445, 47.656644028853286 ], [ 0.31409738930681, 47.656636339978604 ], [ 0.314108770092894, 47.656815993167939 ], [ 0.313842865091476, 47.656823682090725 ], [ 0.313854245079096, 47.657003335320461 ], [ 0.315449678882806, 47.656957192265239 ], [ 0.315483835872564, 47.657496151042047 ], [ 0.315217927787953, 47.657503843233947 ], [ 0.315229312763407, 47.657683496192242 ], [ 0.313899766135488, 47.657721948162184 ] ], [ [ 0.313254165567956, 47.65594079134496 ], [ 0.31378596681218, 47.655925415826353 ], [ 0.313774587488072, 47.655745762550325 ], [ 0.313242788061867, 47.655761137972782 ], [ 0.313254165567956, 47.65594079134496 ] ] ] } },
{ "type": "Feature", "properties": { "surface_ha": 1.36 }, "geometry": { "type": "Polygon", "coordinates": [ [ [ 0.328075864190161, 47.654431442344013 ], [ 0.328041581296415, 47.653892490162463 ], [ 0.3277756948937, 47.653900211020279 ], [ 0.3277642683934, 47.65372056022931 ], [ 0.32829603927007, 47.653705117995067 ], [ 0.328284611063107, 47.653525467292994 ], [ 0.328816379677883, 47.653510022694441 ], [ 0.328804949764298, 47.653330372081221 ], [ 0.330134364813234, 47.653291750060013 ], [ 0.33018010331087, 47.654010351499892 ], [ 0.329914216887901, 47.654018077327891 ], [ 0.329925650881234, 47.654197727716841 ], [ 0.329127988219122, 47.654220901654462 ], [ 0.329139419596938, 47.654400552180668 ], [ 0.328075864190161, 47.654431442344013 ] ], [ [ 0.328318896017151, 47.65406441937602 ], [ 0.328850670085046, 47.654048974487594 ], [ 0.328839239838255, 47.653869323897602 ], [ 0.329371011644143, 47.653853876644867 ], [ 0.329359579690719, 47.653674226143771 ], [ 0.32829603927007, 47.653705117995067 ], [ 0.328318896017151, 47.65406441937602 ] ] ] } },
{ "type": "Feature", "properties": { "surface_ha": 7.1 }, "geometry": { "type": "Polygon", "coordinates": [ [ [ 0.25722496628704, 47.658806724512438 ], [ 0.257213779851483, 47.658627061131718 ], [ 0.256947850475154, 47.658634618407675 ], [ 0.256936665057664, 47.658454954972029 ], [ 0.256404807797589, 47.658470067583004 ], [ 0.256393624307492, 47.658290404045175 ], [ 0.256127696423761, 47.658297959380192 ], [ 0.256094149333569, 47.657758968579017 ], [ 0.255828224069142, 47.657766523156752 ], [ 0.255817042832408, 47.657586859493797 ], [ 0.255285193796194, 47.657601966708462 ], [ 0.255262835285913, 47.657242639170576 ], [ 0.254996912423434, 47.657250191760191 ], [ 0.25498573424055, 47.657070527932575 ], [ 0.254453890008272, 47.657085631171078 ], [ 0.254431537605514, 47.656726303303813 ], [ 0.254165617145003, 47.656733853905422 ], [ 0.254176792382802, 47.656913517890111 ], [ 0.25391087090441, 47.656921067923534 ], [ 0.253866174241901, 47.656202411749973 ], [ 0.253334338233451, 47.656217509592679 ], [ 0.253311994190711, 47.655858181271114 ], [ 0.253046077842101, 47.655865729174877 ], [ 0.253012565319936, 47.655326736493599 ], [ 0.253278478940891, 47.655319188731482 ], [ 0.253267307408088, 47.655139524536324 ], [ 0.253533220011277, 47.655131976206064 ], [ 0.253510875452999, 47.654772647887263 ], [ 0.254042696696902, 47.654757549569453 ], [ 0.254031522762279, 47.654577885493062 ], [ 0.255892887330714, 47.654525022326879 ], [ 0.255937609177737, 47.655243677263641 ], [ 0.256203521603958, 47.655236122732184 ], [ 0.256225884997801, 47.655595450060147 ], [ 0.255428141937975, 47.655618112091936 ], [ 0.255439321070255, 47.655797775886235 ], [ 0.2557052364414, 47.655790222443784 ], [ 0.255727596850346, 47.656149549914957 ], [ 0.255993513931293, 47.656141995762596 ], [ 0.256004695207986, 47.656321659439413 ], [ 0.25627061308951, 47.656314104624379 ], [ 0.256281795384116, 47.656493768246314 ], [ 0.256547714066211, 47.656486212768563 ], [ 0.256581264329873, 47.657025203446693 ], [ 0.256847185631074, 47.657017647211703 ], [ 0.25689192447476, 47.657736301153022 ], [ 0.25715784930443, 47.657728744113498 ], [ 0.257180221197113, 47.658088070943712 ], [ 0.257712074167586, 47.65807295482913 ], [ 0.257734450132454, 47.65843228143963 ], [ 0.258000378273263, 47.658424722364558 ], [ 0.258011567328141, 47.658604385611063 ], [ 0.257745638277988, 47.658611944733408 ], [ 0.257756826532255, 47.658791608019541 ], [ 0.25722496628704, 47.658806724512438 ] ] ] } },
{ "type": "Feature", "properties": { "surface_ha": 6.67 }, "geometry": { "type": "Polygon", "coordinates": [ [ [ 0.316410801486603, 47.655309542907311 ], [ 0.316388025433011, 47.654950237263606 ], [ 0.31612213051729, 47.654957931242919 ], [ 0.316099356724246, 47.654598625472083 ], [ 0.315833463515772, 47.654606318739845 ], [ 0.31579930638287, 47.654067359881296 ], [ 0.316065196864564, 47.654059666757924 ], [ 0.316053810465966, 47.653880013837743 ], [ 0.315787920893182, 47.653887706913025 ], [ 0.315765150245717, 47.653528400953292 ], [ 0.316031038000709, 47.653520707974295 ], [ 0.316019651934046, 47.653341055030964 ], [ 0.315753765087938, 47.653348747961857 ], [ 0.315719610278389, 47.652809788941219 ], [ 0.315985494397902, 47.652802096154709 ], [ 0.315939952565303, 47.652083484211644 ], [ 0.316205832938844, 47.652075791002439 ], [ 0.316194446848466, 47.651896138045515 ], [ 0.317257963600896, 47.651865359249086 ], [ 0.317269353326506, 47.652045012013453 ], [ 0.317535233146754, 47.652037315728165 ], [ 0.317558014747637, 47.65239662113747 ], [ 0.317823896274832, 47.652388924140681 ], [ 0.317846680136135, 47.652748229422762 ], [ 0.317314913335719, 47.652763622993774 ], [ 0.317303523167394, 47.652583970260267 ], [ 0.317037640510003, 47.652591666074763 ], [ 0.317071808620468, 47.653130624396546 ], [ 0.317337694004411, 47.65312292843759 ], [ 0.317349084504785, 47.653302581147948 ], [ 0.317083198211974, 47.653310277155043 ], [ 0.317117367650556, 47.653849235384165 ], [ 0.317383256670022, 47.653841539232637 ], [ 0.317394647613146, 47.654021191912072 ], [ 0.317660537430824, 47.654013495097125 ], [ 0.317649145578799, 47.653833842465851 ], [ 0.318446811640899, 47.653810748473944 ], [ 0.318435417172904, 47.653631095979392 ], [ 0.318701304729943, 47.653623396799773 ], [ 0.318712700106827, 47.653803049246136 ], [ 0.319244476706474, 47.653787648944778 ], [ 0.31923307951182, 47.653607996594737 ], [ 0.319498966736636, 47.653600295569383 ], [ 0.319487568743859, 47.653420643259778 ], [ 0.320019341043463, 47.65340523945968 ], [ 0.320007941343717, 47.65322558723873 ], [ 0.320539711382499, 47.653210181074051 ], [ 0.320573916267282, 47.653749137424498 ], [ 0.320042140775284, 47.653764543878374 ], [ 0.320064940950215, 47.654123848266174 ], [ 0.319799051220256, 47.654131550666591 ], [ 0.319810450564987, 47.654311202897105 ], [ 0.320076341203851, 47.654303500448478 ], [ 0.320110542629459, 47.654842456949076 ], [ 0.319844649263821, 47.654850159542249 ], [ 0.319856049051653, 47.65502981174189 ], [ 0.320121943326231, 47.655022109100507 ], [ 0.32013334413379, 47.655201761244207 ], [ 0.319601553655952, 47.655217166008036 ], [ 0.319578755787406, 47.654857861520171 ], [ 0.319312862200225, 47.654865562882797 ], [ 0.319324260170168, 47.655045215178781 ], [ 0.31905836556328, 47.655052915974323 ], [ 0.319046968502282, 47.654873263630172 ], [ 0.318515180774154, 47.654888663279067 ], [ 0.318503785641786, 47.654709010830857 ], [ 0.317971999288609, 47.654724407922323 ], [ 0.317983392603094, 47.654904060466862 ], [ 0.318249286743986, 47.654896362180622 ], [ 0.318260681078138, 47.65507601466927 ], [ 0.31772889086773, 47.655091410722825 ], [ 0.317740283494686, 47.65527106330007 ], [ 0.317474387314453, 47.655278760452113 ], [ 0.31746299559646, 47.655099107826679 ], [ 0.316665309118489, 47.655122195446602 ], [ 0.316676698109585, 47.655301848216453 ], [ 0.316410801486603, 47.655309542907311 ] ], [ [ 0.318503785641786, 47.654709010830857 ], [ 0.319035571552036, 47.654693611278283 ], [ 0.319024174712539, 47.65451395891867 ], [ 0.318492390620151, 47.654529358374894 ], [ 0.318503785641786, 47.654709010830857 ] ], [ [ 0.316308312731256, 47.653692667267499 ], [ 0.31657420117384, 47.653684973009867 ], [ 0.316562813178754, 47.653505320170552 ], [ 0.316296925645059, 47.653513014380053 ], [ 0.316308312731256, 47.653692667267499 ] ], [ [ 0.316285538669514, 47.653333361484854 ], [ 0.316817311808486, 47.653317972546887 ], [ 0.316805923125849, 47.65313831974025 ], [ 0.316540037520562, 47.65314601446871 ], [ 0.316528649857454, 47.652966361606239 ], [ 0.316262765050374, 47.652974055671336 ], [ 0.316285538669514, 47.653333361484854 ] ] ] } },
{ "type": "Feature", "properties": { "surface_ha": 11.37 }, "geometry": { "type": "Polygon", "coordinates": [ [ [ 0.331520973205286, 47.654151363230177 ], [ 0.331509533758793, 47.653971713131298 ], [ 0.331243647891493, 47.653979442035485 ], [ 0.331232209465008, 47.653799791880473 ], [ 0.330966324395406, 47.653807520121092 ], [ 0.33095488698891, 47.653627869910011 ], [ 0.33068900271701, 47.653635597487025 ], [ 0.330643257837693, 47.652916996371964 ], [ 0.330377377089947, 47.65292472314043 ], [ 0.330331637623782, 47.652206121708232 ], [ 0.329799883065255, 47.652221573012817 ], [ 0.329788450294029, 47.652041922538785 ], [ 0.329522573756888, 47.652049647219961 ], [ 0.32951114200551, 47.651869996689832 ], [ 0.329245266266049, 47.651877720707503 ], [ 0.329222404914039, 47.65151841952742 ], [ 0.328956530881, 47.651526142833269 ], [ 0.328945101280339, 47.651346492183322 ], [ 0.32921097440464, 47.651338768925797 ], [ 0.329188113719047, 47.650979467699301 ], [ 0.329719855999551, 47.650964019532019 ], [ 0.329742720320027, 47.651323320565211 ], [ 0.330274465791065, 47.651307869743917 ], [ 0.3302401640247, 47.650768918472501 ], [ 0.331037773219564, 47.650745738061794 ], [ 0.331049209756688, 47.650925388348313 ], [ 0.331315080174764, 47.650917660266089 ], [ 0.331337955399823, 47.65127696071923 ], [ 0.331603827524185, 47.651269231925113 ], [ 0.331592388947372, 47.651089581750767 ], [ 0.332390001927399, 47.651066391822482 ], [ 0.332401443230348, 47.651246041851749 ], [ 0.332135571439456, 47.651253772491387 ], [ 0.332147011944862, 47.65143342256129 ], [ 0.332678757232906, 47.6514179605701 ], [ 0.332667314910065, 47.651238310596945 ], [ 0.332933186478597, 47.651230578726981 ], [ 0.332944629710155, 47.651410228651784 ], [ 0.333210502076211, 47.651402496118266 ], [ 0.333199057935938, 47.651222846241843 ], [ 0.333730800517007, 47.651207379426033 ], [ 0.33374224647471, 47.651387029205708 ], [ 0.334273990428326, 47.651371559832462 ], [ 0.334262542653203, 47.651191910149564 ], [ 0.334794284344454, 47.651176438412435 ], [ 0.334782834863171, 47.650996788818595 ], [ 0.335048704633222, 47.650989052075687 ], [ 0.335060155023204, 47.65116870162111 ], [ 0.335857766391841, 47.651145487556185 ], [ 0.335869219619196, 47.651325136948678 ], [ 0.335603348365558, 47.651332875633891 ], [ 0.33561480079549, 47.651512525067041 ], [ 0.336412416948649, 47.651489307020618 ], [ 0.336446783084691, 47.652028254837838 ], [ 0.336712657639311, 47.652020514113403 ], [ 0.336735570770729, 47.652379812522682 ], [ 0.336469694398618, 47.652387553343935 ], [ 0.336515518362273, 47.653106150263184 ], [ 0.335186116656625, 47.653144846110031 ], [ 0.335197568381847, 47.653324495562558 ], [ 0.334399923296647, 47.653347705833369 ], [ 0.334411372406708, 47.653527355423364 ], [ 0.332816073779811, 47.653573759644544 ], [ 0.332827517548161, 47.653753409517101 ], [ 0.332295748631826, 47.653768872765788 ], [ 0.332307190693696, 47.653948522727354 ], [ 0.332041305159903, 47.653956253477233 ], [ 0.332052746424107, 47.6541359034794 ], [ 0.331520973205286, 47.654151363230177 ] ], [ [ 0.332018422965028, 47.65359695344965 ], [ 0.332284306681142, 47.653589222796484 ], [ 0.332261423113324, 47.653229922834683 ], [ 0.331995541214853, 47.653237653391123 ], [ 0.332018422965028, 47.65359695344965 ] ], [ [ 0.330909138474313, 47.65290926898831 ], [ 0.3311750189998, 47.652901540989475 ], [ 0.331163581240192, 47.652721890788044 ], [ 0.331429460745741, 47.65271416222231 ], [ 0.331406583742387, 47.652354861892967 ], [ 0.331672461319224, 47.652347132808742 ], [ 0.331683900674102, 47.652526782928938 ], [ 0.332215657311843, 47.652511322818192 ], [ 0.332204216139416, 47.652331672794709 ], [ 0.332735970514914, 47.652316210319881 ], [ 0.332724527636134, 47.652136560385422 ], [ 0.332192775078162, 47.652152022763481 ], [ 0.332169893289171, 47.651792722677861 ], [ 0.331904018660925, 47.651800452847404 ], [ 0.331892578841924, 47.65162080274461 ], [ 0.330563208577164, 47.65165944412275 ], [ 0.330574643852454, 47.651839094467313 ], [ 0.330308768557371, 47.651846820945707 ], [ 0.330331637623782, 47.652206121708232 ], [ 0.330597514736382, 47.652198395133141 ], [ 0.330586079238859, 47.652018744804082 ], [ 0.330851955331577, 47.65201101766214 ], [ 0.330909138474313, 47.65290926898831 ] ], [ [ 0.332747413504884, 47.652495860246638 ], [ 0.33301329143462, 47.652488128038051 ], [ 0.333001847535879, 47.652308478159689 ], [ 0.332735970514914, 47.652316210319881 ], [ 0.332747413504884, 47.652495860246638 ] ], [ [ 0.332447209553903, 47.651964641891482 ], [ 0.332713084868546, 47.651956910443204 ], [ 0.332690199666932, 47.651597610535539 ], [ 0.332424326169769, 47.651605341887077 ], [ 0.332447209553903, 47.651964641891482 ] ], [ [ 0.330285899935395, 47.651487520152266 ], [ 0.330551773412991, 47.65147979377052 ], [ 0.330540338359934, 47.651300143410516 ], [ 0.330274465791065, 47.651307869743917 ], [ 0.330285899935395, 47.651487520152266 ] ], [ [ 0.330806210817688, 47.651292416461935 ], [ 0.33107208316432, 47.651284688898158 ], [ 0.33106064640494, 47.651105038627108 ], [ 0.330794774967024, 47.651112766142539 ], [ 0.330806210817688, 47.651292416461935 ] ] ] } },
{ "type": "Feature", "properties": { "surface_ha": 20.28 }, "geometry": { "type": "Polygon", "coordinates": [ [ [ 0.273203066474523, 47.658711479883713 ], [ 0.273191825261438, 47.65853181936231 ], [ 0.271862200887554, 47.658569784696681 ], [ 0.271850964330163, 47.658390123930126 ], [ 0.271053191123208, 47.65841289560305 ], [ 0.271030723791717, 47.658053573761968 ], [ 0.271296646484657, 47.658045983914718 ], [ 0.271307881005093, 47.658225644791607 ], [ 0.271839727881973, 47.658210463155896 ], [ 0.271783547279008, 47.65731215916972 ], [ 0.27204946600737, 47.657304567666216 ], [ 0.271982047431944, 47.65622660291487 ], [ 0.272247960595859, 47.656219011080921 ], [ 0.272225486792611, 47.6558596895308 ], [ 0.271161840755208, 47.655890052794305 ], [ 0.271173073965554, 47.656069713763145 ], [ 0.270109422544803, 47.65610006737046 ], [ 0.270098192971157, 47.655920406211713 ], [ 0.269566368424314, 47.655935579228121 ], [ 0.269577596179602, 47.656115240481796 ], [ 0.269045769377944, 47.656130411131578 ], [ 0.269034543441019, 47.655950749782967 ], [ 0.267439065873132, 47.655996246678257 ], [ 0.26742784550037, 47.655816585037357 ], [ 0.267161933099871, 47.65582416565195 ], [ 0.266960001398687, 47.652590253952198 ], [ 0.268023584891401, 47.652559931216508 ], [ 0.268012363863153, 47.652380269572369 ], [ 0.268278258554734, 47.652372687397609 ], [ 0.268267036726526, 47.65219302579321 ], [ 0.269330610766265, 47.652162691130826 ], [ 0.269341836230465, 47.652342352545418 ], [ 0.269873624413848, 47.652327181427495 ], [ 0.269896079305537, 47.652686504043807 ], [ 0.270693766216339, 47.652663742467283 ], [ 0.270704996552893, 47.65284340362156 ], [ 0.271502685208541, 47.652820636364773 ], [ 0.271581319710267, 47.654078263233011 ], [ 0.271847222073826, 47.654070672584353 ], [ 0.271869691874998, 47.654429994382753 ], [ 0.272667403765065, 47.654407218459781 ], [ 0.272757309156144, 47.65584450420679 ], [ 0.273289131082803, 47.655829316421233 ], [ 0.273277890708362, 47.655649655824718 ], [ 0.273543800598688, 47.655642061056412 ], [ 0.273555041882283, 47.655821721605406 ], [ 0.274352773625218, 47.655798933465675 ], [ 0.274364017745532, 47.655978593864447 ], [ 0.274629929017136, 47.655970996539587 ], [ 0.274697401488903, 47.657048958485959 ], [ 0.274963318106334, 47.657041360260507 ], [ 0.274985811622995, 47.657400680752886 ], [ 0.274719893187125, 47.657408279073415 ], [ 0.274742385322515, 47.657767599630191 ], [ 0.273678703212272, 47.65779798713848 ], [ 0.273701188510773, 47.658157308044849 ], [ 0.273435265891519, 47.658164903478415 ], [ 0.273468991930888, 47.658703884922978 ], [ 0.273203066474523, 47.658711479883713 ] ] ] } },
{ "type": "Feature", "properties": { "surface_ha": 1.56 }, "geometry": { "type": "Polygon", "coordinates": [ [ [ 0.252480737752355, 47.655341830171565 ], [ 0.252458400250504, 47.654982501490267 ], [ 0.252192488122296, 47.654990047311742 ], [ 0.25218132044337, 47.654810382912437 ], [ 0.25191540911582, 47.654817928071296 ], [ 0.251893075901899, 47.654458599155319 ], [ 0.252158985411097, 47.65445105409087 ], [ 0.252147818057752, 47.654271389668679 ], [ 0.251881909457718, 47.654278934685891 ], [ 0.25187074312205, 47.654099270208803 ], [ 0.252136650812932, 47.654091725238786 ], [ 0.252125483676636, 47.65391206080124 ], [ 0.252391390349852, 47.653904515263065 ], [ 0.252380222412942, 47.653724850865117 ], [ 0.252912033615505, 47.653709758037024 ], [ 0.252900863968879, 47.653530093725855 ], [ 0.253166768498221, 47.653522546435958 ], [ 0.253110917347782, 47.652624225001659 ], [ 0.253642716989861, 47.652609129048066 ], [ 0.253698577231234, 47.653507450010117 ], [ 0.25343267291901, 47.653514998530738 ], [ 0.253443844383878, 47.653694662747469 ], [ 0.253177939053971, 47.65370221069994 ], [ 0.253189109718273, 47.653881874956241 ], [ 0.253455015957311, 47.653874326956526 ], [ 0.25346618763931, 47.654053991157944 ], [ 0.253200280491134, 47.654061539204861 ], [ 0.253222622362537, 47.654420867679228 ], [ 0.252956713287497, 47.654428415205231 ], [ 0.252923203370679, 47.653889422340534 ], [ 0.252657296914534, 47.653896969109482 ], [ 0.252668465869116, 47.65407663345259 ], [ 0.252402558395291, 47.654084179653353 ], [ 0.252424894811769, 47.654443508411049 ], [ 0.252690804103904, 47.654435962115826 ], [ 0.252701973384115, 47.654615626436012 ], [ 0.253233793461079, 47.654600531904975 ], [ 0.253256135983852, 47.654959860333513 ], [ 0.25299022418129, 47.654967408001156 ], [ 0.253001394696333, 47.655147072251197 ], [ 0.252735481876022, 47.655154619350668 ], [ 0.25274665159042, 47.655334283640279 ], [ 0.252480737752355, 47.655341830171565 ] ] ] } },
{ "type": "Feature", "properties": { "surface_ha": 9.66 }, "geometry": { "type": "Polygon", "coordinates": [ [ [ 0.32483952063465, 47.653805448528402 ], [ 0.324828104242802, 47.653625797198657 ], [ 0.323764559909985, 47.653656647020888 ], [ 0.323753147264506, 47.653476995490429 ], [ 0.323487261812888, 47.653484706359635 ], [ 0.32347585018716, 47.653305054773213 ], [ 0.322678195893562, 47.653328183544744 ], [ 0.322655378427825, 47.652968880059284 ], [ 0.323187144432397, 47.652953461686387 ], [ 0.323130093619971, 47.652055203319819 ], [ 0.322864215217178, 47.65206291257271 ], [ 0.322852806296095, 47.651883260827979 ], [ 0.323118683790106, 47.651875551623306 ], [ 0.323084454965723, 47.651336596487432 ], [ 0.323350329622565, 47.651328886812273 ], [ 0.323338919327421, 47.651149235133083 ], [ 0.324668286404625, 47.651110677770561 ], [ 0.32467970124349, 47.651290329208535 ], [ 0.325211449115491, 47.651274901860717 ], [ 0.325222865882771, 47.651454553194419 ], [ 0.326020489584967, 47.651431407414044 ], [ 0.326009070091454, 47.651251756225122 ], [ 0.326274943528194, 47.651244039782888 ], [ 0.326252103056594, 47.650884737478393 ], [ 0.326517974564907, 47.650877020517541 ], [ 0.326495132719761, 47.650517718278678 ], [ 0.327292741126561, 47.650494563994791 ], [ 0.327304164719755, 47.650674214973208 ], [ 0.327835904920032, 47.650658775611525 ], [ 0.327847330441645, 47.650838426485656 ], [ 0.328113201283964, 47.650830705833755 ], [ 0.328101774853646, 47.650651055007941 ], [ 0.328367644676228, 47.650643333789183 ], [ 0.328424782481748, 47.651541587599397 ], [ 0.328158908115553, 47.651549309059703 ], [ 0.328193189405111, 47.652088261397935 ], [ 0.327927312201605, 47.652095982387955 ], [ 0.327950165132276, 47.652455284004716 ], [ 0.327684286000172, 47.652463004476104 ], [ 0.327718563502523, 47.653001956988177 ], [ 0.327452681532977, 47.653009676989249 ], [ 0.327475531938698, 47.653368978721886 ], [ 0.326943764031237, 47.653384417071578 ], [ 0.326932340590533, 47.653204766112559 ], [ 0.326400574056728, 47.653220201904745 ], [ 0.326389152544684, 47.653040550841418 ], [ 0.326123270020127, 47.653048267766415 ], [ 0.326111849527889, 47.652868616647069 ], [ 0.325845967801177, 47.652876332908569 ], [ 0.325857387384594, 47.653055984076182 ], [ 0.325591504638092, 47.653063699770726 ], [ 0.325580085963502, 47.652884048554839 ], [ 0.324782439784765, 47.652907191802363 ], [ 0.324793855732874, 47.65308684316301 ], [ 0.325325621780632, 47.653071414850061 ], [ 0.325337039657349, 47.653251066106471 ], [ 0.32613469062334, 47.653227918878017 ], [ 0.326157532162699, 47.653587221078027 ], [ 0.325093990048692, 47.653618083205018 ], [ 0.325105407349399, 47.653797734486496 ], [ 0.32483952063465, 47.653805448528402 ] ], [ [ 0.324273503482753, 47.653281920464529 ], [ 0.324539387692797, 47.653274207797899 ], [ 0.324527972542594, 47.653094556396681 ], [ 0.324262089241389, 47.653102269015108 ], [ 0.324273503482753, 47.653281920464529 ] ], [ [ 0.323464438672321, 47.653125403179011 ], [ 0.324262089241389, 47.653102269015108 ], [ 0.324250675110939, 47.652922617557927 ], [ 0.323453027268372, 47.652945751577136 ], [ 0.323464438672321, 47.653125403179011 ] ] ] } },
{ "type": "Feature", "properties": { "surface_ha": 13.13 }, "geometry": { "type": "Polygon", "coordinates": [ [ [ 0.294861493831333, 47.655751112736333 ], [ 0.294850179490093, 47.655571456024134 ], [ 0.294584275639865, 47.655579100163614 ], [ 0.294527710128122, 47.654680816248124 ], [ 0.294261810713179, 47.654688459533183 ], [ 0.294160007898716, 47.653071547570306 ], [ 0.293894116554715, 47.653079189809759 ], [ 0.293826258411464, 47.652001247868149 ], [ 0.294092144301948, 47.651993605915592 ], [ 0.294058213987318, 47.65145463498439 ], [ 0.296451157515262, 47.651385831016142 ], [ 0.296439839450492, 47.651206174454124 ], [ 0.296705720606068, 47.651198526540391 ], [ 0.296694401742439, 47.651018870018532 ], [ 0.296428521495703, 47.651026517884432 ], [ 0.296417203650889, 47.650846861307024 ], [ 0.295885444645155, 47.6508621550974 ], [ 0.295874128727968, 47.650682498416657 ], [ 0.296140007376995, 47.650674851876907 ], [ 0.296128690660952, 47.650495195236289 ], [ 0.296394568291197, 47.650487548129178 ], [ 0.296405885916055, 47.650667204721955 ], [ 0.296671764345139, 47.650659556951766 ], [ 0.296683082988796, 47.650839213488986 ], [ 0.296948962216715, 47.650831565055746 ], [ 0.296960281879189, 47.651011221537438 ], [ 0.297492041822692, 47.650995922729543 ], [ 0.297514685112992, 47.651355235478398 ], [ 0.298046448251792, 47.651339934018118 ], [ 0.29805777187967, 47.651519590285289 ], [ 0.29779188945643, 47.651527241370914 ], [ 0.297814535224564, 47.651886553977882 ], [ 0.298080419465531, 47.651878902796504 ], [ 0.298091743423518, 47.652058559040604 ], [ 0.298357628463323, 47.652050907196113 ], [ 0.298368953440235, 47.652230563384641 ], [ 0.298634839278873, 47.652222910877022 ], [ 0.298657491380639, 47.65258222313517 ], [ 0.299455153689534, 47.652559261633556 ], [ 0.299466482632229, 47.652738917607422 ], [ 0.299732370757267, 47.652731262495166 ], [ 0.299721040905668, 47.652551606569169 ], [ 0.299986928011706, 47.652543950889509 ], [ 0.300020920623534, 47.653082918500708 ], [ 0.299489140847888, 47.653098229532127 ], [ 0.299511799503912, 47.653457541426022 ], [ 0.299245907633075, 47.653465196114574 ], [ 0.299211922540972, 47.652926228118538 ], [ 0.298946033286847, 47.652933882048188 ], [ 0.298934706051893, 47.652754225986243 ], [ 0.298668817596613, 47.652761879252736 ], [ 0.298691470358751, 47.653121191464699 ], [ 0.298425579975563, 47.653128844211665 ], [ 0.298436905612794, 47.653308500354022 ], [ 0.298171014210613, 47.653316152533598 ], [ 0.298159689482321, 47.6531364963434 ], [ 0.297893798879029, 47.653144147859834 ], [ 0.297871151570437, 47.652784835360613 ], [ 0.297605262674959, 47.652792486166042 ], [ 0.297582617624332, 47.652433173540309 ], [ 0.297316730436648, 47.652440823634763 ], [ 0.297362017342337, 47.65315944904691 ], [ 0.296830235365562, 47.653174747772816 ], [ 0.296852875842738, 47.653534060624168 ], [ 0.29658698287144, 47.65354170915991 ], [ 0.296598302366073, 47.65372136562187 ], [ 0.296864196246334, 47.653713717038279 ], [ 0.296875516759938, 47.653893373444689 ], [ 0.296343727071474, 47.653908670092321 ], [ 0.296366364792767, 47.654267983073503 ], [ 0.296632261509973, 47.65426033496162 ], [ 0.296654901489253, 47.654619647816304 ], [ 0.29692079991446, 47.654611998993438 ], [ 0.296909478960811, 47.654432342617795 ], [ 0.297441273663164, 47.654417043221855 ], [ 0.297452596434824, 47.654596699501759 ], [ 0.297718494529963, 47.654589048832968 ], [ 0.2977071708493, 47.654409392600911 ], [ 0.298504861747433, 47.654386437046348 ], [ 0.298516188155095, 47.654566093134768 ], [ 0.298782085810017, 47.654558440004735 ], [ 0.298804740773569, 47.654917752062808 ], [ 0.298272941717612, 47.654933057899022 ], [ 0.298284267546455, 47.655112714012255 ], [ 0.297752466232198, 47.655128017482987 ], [ 0.297763790353032, 47.655307673684263 ], [ 0.296966084829214, 47.655330624419051 ], [ 0.296977406332949, 47.655510280756225 ], [ 0.296179697091795, 47.655533226096665 ], [ 0.296191015978369, 47.655712882569695 ], [ 0.294861493831333, 47.655751112736333 ] ], [ [ 0.296309771314465, 47.653369700562884 ], [ 0.296575663486805, 47.653362052690269 ], [ 0.296541705992868, 47.652823083235106 ], [ 0.296275816547343, 47.652830730964176 ], [ 0.296309771314465, 47.653369700562884 ] ], [ [ 0.296264498511603, 47.652651074415886 ], [ 0.296530387048209, 47.652643426734649 ], [ 0.296507749488861, 47.652284113710671 ], [ 0.296241862770071, 47.652291761296233 ], [ 0.296264498511603, 47.652651074415886 ] ], [ [ 0.296219227468456, 47.651932448145807 ], [ 0.296485112369467, 47.651924800655948 ], [ 0.296473793974747, 47.651745144117029 ], [ 0.296207909982614, 47.651752791559055 ], [ 0.296219227468456, 47.651932448145807 ] ], [ [ 0.296462475690015, 47.651565487570416 ], [ 0.296728358663299, 47.651557839561001 ], [ 0.296717039579689, 47.651378183054561 ], [ 0.296451157515262, 47.651385831016142 ], [ 0.296462475690015, 47.651565487570416 ] ] ] } },
{ "type": "Feature", "properties": { "surface_ha": 13.97 }, "geometry": { "type": "Polygon", "coordinates": [ [ [ 0.286652254345234, 47.656526770941895 ], [ 0.286584537059642, 47.655448821807134 ], [ 0.286318631623495, 47.655456446775602 ], [ 0.28628477718857, 47.654917471961433 ], [ 0.286018874369992, 47.654925096171468 ], [ 0.28598502364919, 47.654386121145052 ], [ 0.286250923740611, 47.654378497078085 ], [ 0.2862283553236, 47.654019180450803 ], [ 0.285962457050238, 47.654026804422323 ], [ 0.285951173915236, 47.653847146049472 ], [ 0.286482968534267, 47.653831897586457 ], [ 0.286471683690895, 47.653652239301309 ], [ 0.287003476053262, 47.653636988472471 ], [ 0.28699218950156, 47.653457330275039 ], [ 0.287258084609236, 47.653449703985402 ], [ 0.287269372069932, 47.653629362135106 ], [ 0.287801163774195, 47.65361410761448 ], [ 0.287812453162584, 47.653793765661057 ], [ 0.288078349759159, 47.653786137430046 ], [ 0.288067059461775, 47.653606479431161 ], [ 0.288332955039636, 47.653598850632598 ], [ 0.28825391966714, 47.652341244759462 ], [ 0.288519808772552, 47.652333615679687 ], [ 0.288440772413758, 47.651076009764125 ], [ 0.28870665504716, 47.651068380403203 ], [ 0.288661490191895, 47.65034974847331 ], [ 0.289193247858742, 47.650334488287633 ], [ 0.289204540725648, 47.65051414618614 ], [ 0.290533937516405, 47.650475984716678 ], [ 0.290646917665077, 47.652272560891745 ], [ 0.290381029437696, 47.652280194893684 ], [ 0.290392327147482, 47.652459852516671 ], [ 0.290924105310295, 47.652444583801994 ], [ 0.290935404947732, 47.65262424132176 ], [ 0.291201294773368, 47.652616605993742 ], [ 0.291280401672777, 47.653874208082513 ], [ 0.291546297751345, 47.653866571804826 ], [ 0.291602810519243, 47.654764858541526 ], [ 0.29240051173113, 47.654741945299882 ], [ 0.292423123061418, 47.655101259654053 ], [ 0.292157220949222, 47.655108898112147 ], [ 0.292145916138192, 47.654929240891143 ], [ 0.291880014825188, 47.654936878686129 ], [ 0.291891318727169, 47.655116535954946 ], [ 0.291625416395265, 47.655124173182415 ], [ 0.29164802271065, 47.655483487792552 ], [ 0.290584405012173, 47.655514030931265 ], [ 0.290561805969321, 47.655154715938977 ], [ 0.290295903088297, 47.655162350089789 ], [ 0.290318500313007, 47.655521665177631 ], [ 0.290052595504044, 47.655529298808602 ], [ 0.290075191349776, 47.65588861396121 ], [ 0.289543377766121, 47.655903879568179 ], [ 0.28947560245529, 47.65482593344516 ], [ 0.289741503847565, 47.654818301235856 ], [ 0.289707614946938, 47.654279328213839 ], [ 0.289973513502336, 47.654271695532437 ], [ 0.289962216512658, 47.654092037890813 ], [ 0.289696318866275, 47.654099670524452 ], [ 0.289685022895385, 47.653920012827371 ], [ 0.288621434848267, 47.653950537017828 ], [ 0.288610142623153, 47.653770879122121 ], [ 0.288344246246019, 47.653778508583748 ], [ 0.288378120523525, 47.654317482391058 ], [ 0.288909918622138, 47.654302222566102 ], [ 0.288955093134044, 47.655020853819707 ], [ 0.288689190503434, 47.65502848423079 ], [ 0.288700483496722, 47.655208142072723 ], [ 0.288434579847302, 47.65521577191619 ], [ 0.288445872041259, 47.655395429798169 ], [ 0.288179967373025, 47.655403059074033 ], [ 0.288168676088147, 47.655223401144369 ], [ 0.287902772219263, 47.655231029757161 ], [ 0.287891481953176, 47.655051371772046 ], [ 0.287625578883648, 47.655058999721774 ], [ 0.287636868240661, 47.655238657754637 ], [ 0.286839155646637, 47.655261538055029 ], [ 0.286861729235276, 47.655620854383955 ], [ 0.287127635361154, 47.655613228137085 ], [ 0.287138923229102, 47.655792886242295 ], [ 0.287670736969966, 47.655777631807048 ], [ 0.287682026765826, 47.65595728980913 ], [ 0.288213841886044, 47.655942032817059 ], [ 0.288247717386653, 47.656481006490921 ], [ 0.287981807154039, 47.656488635437825 ], [ 0.287970516119898, 47.656308977506484 ], [ 0.287438697143762, 47.656324233458761 ], [ 0.28744998635964, 47.656503891485535 ], [ 0.286652254345234, 47.656526770941895 ] ], [ [ 0.286273492596256, 47.654737813674657 ], [ 0.28653939439611, 47.654730188896998 ], [ 0.286516823722372, 47.654370872395809 ], [ 0.286250923740611, 47.654378497078085 ], [ 0.286273492596256, 47.654737813674657 ] ], [ [ 0.290239411947952, 47.654264062235747 ], [ 0.290505310283778, 47.654256428323727 ], [ 0.290482712778166, 47.653897113223827 ], [ 0.290216816260357, 47.653904747040308 ], [ 0.290239411947952, 47.654264062235747 ] ], [ [ 0.286760151541344, 47.654003930661773 ], [ 0.287026049485709, 47.65399630484427 ], [ 0.287014762714647, 47.653816646662222 ], [ 0.286748865679295, 47.65382427243199 ], [ 0.286760151541344, 47.654003930661773 ] ] ] } },
{ "type": "Feature", "properties": { "surface_ha": 2.16 }, "geometry": { "type": "Polygon", "coordinates": [ [ [ 0.308738419513513, 47.651931659691272 ], [ 0.308727059091156, 47.651752005372771 ], [ 0.30819529749796, 47.651767356435045 ], [ 0.308172580619696, 47.651408047582798 ], [ 0.307374942855057, 47.651431069273983 ], [ 0.307363587307912, 47.651251414692268 ], [ 0.307097708741146, 47.651259087310891 ], [ 0.307109063379478, 47.651438741940602 ], [ 0.306843183793564, 47.65144641399197 ], [ 0.306831830064042, 47.651266759314304 ], [ 0.306300072378872, 47.651282101475445 ], [ 0.306277368886014, 47.650922791904918 ], [ 0.306543245966152, 47.650915121227946 ], [ 0.306531893476392, 47.650735466479119 ], [ 0.306266017305044, 47.65074313710813 ], [ 0.306254665834378, 47.650563482303596 ], [ 0.305988790461509, 47.650571152269393 ], [ 0.305977440009919, 47.650391497409196 ], [ 0.305445690750861, 47.650406835399231 ], [ 0.305434342227096, 47.650227180435365 ], [ 0.304902594344478, 47.650242515868634 ], [ 0.304891247748509, 47.650062860801135 ], [ 0.304359501242393, 47.650078193677693 ], [ 0.304348156574189, 47.649898538506569 ], [ 0.304879901262795, 47.649883205725914 ], [ 0.304868554887334, 47.649703550642975 ], [ 0.30540029731744, 47.649688215497513 ], [ 0.305422993813607, 47.650047525463776 ], [ 0.305954739437614, 47.650032187665644 ], [ 0.305966089668621, 47.650211842541268 ], [ 0.306231963223951, 47.650204172671444 ], [ 0.306243314474014, 47.650383827491389 ], [ 0.306509188827809, 47.650376156958359 ], [ 0.306486484620465, 47.650016847406746 ], [ 0.307018229362085, 47.650001504687069 ], [ 0.307029583228107, 47.65018115937076 ], [ 0.307561329345929, 47.650165814094308 ], [ 0.307595397058569, 47.650704777811058 ], [ 0.307329521328522, 47.650712450900876 ], [ 0.307352231871107, 47.651071760102859 ], [ 0.307883986856001, 47.651056413115988 ], [ 0.307895344110407, 47.651236067609375 ], [ 0.308427100471462, 47.651220718065638 ], [ 0.308438459653844, 47.651400372455299 ], [ 0.308704338577614, 47.651392696712577 ], [ 0.308715698779189, 47.651572351046539 ], [ 0.308981578501384, 47.651564674640568 ], [ 0.309004301053357, 47.651923983189278 ], [ 0.308738419513513, 47.651931659691272 ] ] ] } },
{ "type": "Feature", "properties": { "surface_ha": 1.6 }, "geometry": { "type": "Polygon", "coordinates": [ [ [ 0.310774530289691, 47.650432998759214 ], [ 0.310763163480381, 47.650253344763293 ], [ 0.310231418194379, 47.650268704900398 ], [ 0.310220053313004, 47.65008905080068 ], [ 0.309954181413095, 47.650096729898394 ], [ 0.30994281755089, 47.64991707574292 ], [ 0.308879332482065, 47.64994778578977 ], [ 0.308867972365201, 47.649768131434485 ], [ 0.30860210173074, 47.649775807360207 ], [ 0.308590742632987, 47.649596152949158 ], [ 0.308059002850401, 47.649611502859045 ], [ 0.308047645680458, 47.649431848344285 ], [ 0.308313514718215, 47.64942417374494 ], [ 0.308302156749921, 47.649244519270447 ], [ 0.308568024768604, 47.649236844103974 ], [ 0.308579383645609, 47.649416498530449 ], [ 0.309111121169263, 47.649401146255862 ], [ 0.309099760474844, 47.649221491925466 ], [ 0.309631495739529, 47.649206137286264 ], [ 0.309642858251356, 47.649385791520622 ], [ 0.309908726626793, 47.649378113230242 ], [ 0.309897363206264, 47.649198459043944 ], [ 0.310429097808476, 47.649183100713728 ], [ 0.31045182839477, 47.649542408886475 ], [ 0.310717697347634, 47.649534728702548 ], [ 0.310729063715151, 47.649714382729314 ], [ 0.310994933466284, 47.649706701882131 ], [ 0.311006300852968, 47.649886355853127 ], [ 0.31127217140237, 47.649878674342702 ], [ 0.31129490832458, 47.65023798216545 ], [ 0.311029035957709, 47.650245663771983 ], [ 0.311040403675769, 47.650425317719836 ], [ 0.310774530289691, 47.650432998759214 ] ] ] } },
{ "type": "Feature", "properties": { "surface_ha": 1.52 }, "geometry": { "type": "Polygon", "coordinates": [ [ [ 0.268244593397259, 47.651833702561532 ], [ 0.268210929221203, 47.651294717656498 ], [ 0.267679150636762, 47.651309880821522 ], [ 0.26765671203372, 47.650950557323441 ], [ 0.267922599562569, 47.650942976143476 ], [ 0.267888939748902, 47.650403990981232 ], [ 0.268154824441951, 47.650396409328245 ], [ 0.268177266026534, 47.650755732682541 ], [ 0.268709038721177, 47.650740567340996 ], [ 0.268697816056526, 47.650560905762589 ], [ 0.268963701331349, 47.650553322216346 ], [ 0.268952477866844, 47.650373660677708 ], [ 0.269218362123695, 47.650366076563643 ], [ 0.269207137859352, 47.650186415064773 ], [ 0.269473021098234, 47.65017883038292 ], [ 0.269517922445683, 47.650897476142561 ], [ 0.269252035571157, 47.650905061014235 ], [ 0.269308160165116, 47.651803368278685 ], [ 0.268244593397259, 47.651833702561532 ] ] ] } },
{ "type": "Feature", "properties": { "surface_ha": 26.94 }, "geometry": { "type": "Polygon", "coordinates": [ [ [ 0.24916889866136, 47.657775522734909 ], [ 0.249157740266269, 47.657595857883919 ], [ 0.248625887621426, 47.65761093423157 ], [ 0.24860357479387, 47.657251604318027 ], [ 0.248869499351859, 47.657244066546262 ], [ 0.248858342191405, 47.657064401625213 ], [ 0.249124265731651, 47.657056863285142 ], [ 0.249113107770325, 47.656877198403613 ], [ 0.248581262400005, 47.65689227437398 ], [ 0.248570106365705, 47.65671260939046 ], [ 0.248304184427206, 47.656720146405348 ], [ 0.24831533955221, 47.656899811435963 ], [ 0.247783493531391, 47.656914883713647 ], [ 0.247794646946198, 47.657094548830976 ], [ 0.247528722863884, 47.657102084093808 ], [ 0.247517570358388, 47.656922418929355 ], [ 0.247251647076997, 47.656929953529577 ], [ 0.247240495589186, 47.656750288310342 ], [ 0.247506417961276, 47.656742753757257 ], [ 0.247495265672548, 47.656563088577492 ], [ 0.248293029410609, 47.656540481367031 ], [ 0.248281874502425, 47.656360816321119 ], [ 0.248015954274081, 47.656368352626231 ], [ 0.248004800383574, 47.656188687525521 ], [ 0.2477388809561, 47.656196223168074 ], [ 0.247727728083254, 47.65601655801256 ], [ 0.247461809456657, 47.656024092992517 ], [ 0.247450657601454, 47.655844427782256 ], [ 0.247184739775734, 47.655851962099646 ], [ 0.247173588938154, 47.655672296834602 ], [ 0.246641754780117, 47.655687363528841 ], [ 0.246630605869389, 47.655507698161898 ], [ 0.246364689537084, 47.655515230538754 ], [ 0.246353541643937, 47.655335565117078 ], [ 0.246087626112529, 47.655343096831402 ], [ 0.246076479236946, 47.655163431354914 ], [ 0.245810564506436, 47.655170962406707 ], [ 0.245710255683457, 47.653553972351013 ], [ 0.245444349027296, 47.653561502363374 ], [ 0.245410917429948, 47.653022505399399 ], [ 0.245145013392891, 47.653030034655067 ], [ 0.245122728021022, 47.652670703213388 ], [ 0.244856825693907, 47.652678231759488 ], [ 0.244834542573364, 47.652318900193052 ], [ 0.244568641956166, 47.652326428029582 ], [ 0.244546361086869, 47.651967096338439 ], [ 0.24428046217957, 47.651974623465449 ], [ 0.244269322816379, 47.651794957561329 ], [ 0.244003424709898, 47.651802484025893 ], [ 0.243981148126378, 47.651443152100597 ], [ 0.243715251729771, 47.651450677855657 ], [ 0.243704114509414, 47.651271011834467 ], [ 0.24343821891362, 47.651278536927101 ], [ 0.243427082710527, 47.651098870851222 ], [ 0.243161187915552, 47.651106395281438 ], [ 0.243138917652069, 47.650747063012616 ], [ 0.243404810628997, 47.65073953867654 ], [ 0.243393674750555, 47.650559872577766 ], [ 0.245254916195462, 47.650507185325978 ], [ 0.245266058436945, 47.650686851095131 ], [ 0.245531950547899, 47.65067932183652 ], [ 0.245543093806669, 47.650858987550905 ], [ 0.245808986718347, 47.650851457629877 ], [ 0.245820130994421, 47.651031123289528 ], [ 0.246086024706817, 47.651023592706075 ], [ 0.246097170000212, 47.651203258310964 ], [ 0.246363064513323, 47.651195727065051 ], [ 0.24637421082406, 47.651375392615186 ], [ 0.246640106137886, 47.651367860706863 ], [ 0.24665125346598, 47.651547526202258 ], [ 0.246917149580518, 47.651539993631438 ], [ 0.246928297925985, 47.651719659072064 ], [ 0.247460091648131, 47.651704591990196 ], [ 0.247471241920044, 47.651884257328909 ], [ 0.24773713952764, 47.651876722817832 ], [ 0.247748290816971, 47.652056388101805 ], [ 0.248014189225258, 47.652048852928239 ], [ 0.248025341532024, 47.652228518157408 ], [ 0.248291240741002, 47.652220982321339 ], [ 0.248302394065222, 47.652400647495767 ], [ 0.248568294074889, 47.652393110997224 ], [ 0.248579448416578, 47.652572776116813 ], [ 0.248845349226929, 47.652565238955759 ], [ 0.248856504586105, 47.652744904020579 ], [ 0.24938830769976, 47.652729827758115 ], [ 0.249399464985537, 47.652909492720966 ], [ 0.249665367288826, 47.652901953619526 ], [ 0.249676525592132, 47.65308161852758 ], [ 0.249942428696088, 47.653074078763623 ], [ 0.249953588016944, 47.653253743616851 ], [ 0.250219491921564, 47.653246203190349 ], [ 0.250230652259985, 47.653425867988787 ], [ 0.250762461562085, 47.653410785195348 ], [ 0.250773623827215, 47.653590449891759 ], [ 0.251039529224678, 47.653582907524793 ], [ 0.251050692507417, 47.653762572166407 ], [ 0.251316598705529, 47.653755029136882 ], [ 0.251294270430286, 47.65339569994044 ], [ 0.251028366050427, 47.653403242875584 ], [ 0.251006040027371, 47.653043913554207 ], [ 0.250740137357248, 47.653051455779583 ], [ 0.250751299405431, 47.653231120491263 ], [ 0.25048539571773, 47.653238662148496 ], [ 0.250463073548046, 47.652879332623108 ], [ 0.250197171570088, 47.652886873570615 ], [ 0.250186011557029, 47.652707208749241 ], [ 0.249920110379713, 47.652714749034217 ], [ 0.24990895138419, 47.652535084158089 ], [ 0.249643051007515, 47.652542623780533 ], [ 0.24963189302951, 47.652362958849572 ], [ 0.249365993453478, 47.6523704978095 ], [ 0.249354836492973, 47.652190832823727 ], [ 0.249088937717591, 47.652198371121138 ], [ 0.249077781774568, 47.652018706080597 ], [ 0.248811883799836, 47.652026243715497 ], [ 0.248800728874277, 47.651846578620145 ], [ 0.248268934417725, 47.651861651949652 ], [ 0.248257781418662, 47.651681986752344 ], [ 0.247991884936855, 47.651689522446965 ], [ 0.247980732955214, 47.651509857194874 ], [ 0.247714837274075, 47.651517392227007 ], [ 0.247703686309837, 47.651337726920154 ], [ 0.247437791429371, 47.651345261289805 ], [ 0.247426641482522, 47.651165595928163 ], [ 0.247160747402728, 47.651173129635374 ], [ 0.247138449652107, 47.650813798794935 ], [ 0.247670234067293, 47.650798730953724 ], [ 0.247659083536496, 47.650619065616333 ], [ 0.248190865700256, 47.650603995408161 ], [ 0.248179713459837, 47.650424330157406 ], [ 0.24871149337213, 47.650409257582318 ], [ 0.248700339422133, 47.650229592418228 ], [ 0.248966228306725, 47.650222055254901 ], [ 0.248977383165696, 47.650401720371811 ], [ 0.249243272850863, 47.65039418254603 ], [ 0.249299053316737, 47.651292507780347 ], [ 0.248767264748003, 47.651307583288215 ], [ 0.24878957405712, 47.651666913517147 ], [ 0.249055470213754, 47.651659375976536 ], [ 0.24904431459596, 47.651479710913065 ], [ 0.24931020973515, 47.651472172804297 ], [ 0.249321366261979, 47.651651837820602 ], [ 0.24985315803317, 47.651636759662765 ], [ 0.249841999688276, 47.651457094740785 ], [ 0.249576104765926, 47.651464634080192 ], [ 0.249542633108881, 47.650925639126939 ], [ 0.249808525304187, 47.650918099929001 ], [ 0.249830841451816, 47.651277429811167 ], [ 0.250096735356708, 47.651269889903581 ], [ 0.250107894502192, 47.651449554786048 ], [ 0.252235049108868, 47.651389212996513 ], [ 0.25225738226963, 47.651748541983416 ], [ 0.251991486505448, 47.651756086955146 ], [ 0.252013818282186, 47.652115416005891 ], [ 0.252279715864452, 47.652107870939773 ], [ 0.252268549012782, 47.651928206465413 ], [ 0.252534445577485, 47.651920660831145 ], [ 0.252567949185211, 47.652459654089647 ], [ 0.252833848368547, 47.652452107698423 ], [ 0.252856186467824, 47.652811436404811 ], [ 0.252324384356322, 47.652826528760748 ], [ 0.252357886864714, 47.6533655220463 ], [ 0.252623790702026, 47.65335797603435 ], [ 0.25263495933099, 47.653537640400351 ], [ 0.252103149729608, 47.653552731903318 ], [ 0.252091982918876, 47.653373067442885 ], [ 0.25182607886452, 47.653380612224112 ], [ 0.2518595768949, 47.653919605724084 ], [ 0.251593670004646, 47.653927150031564 ], [ 0.251616000749165, 47.654286479087766 ], [ 0.251350091932106, 47.65429402287424 ], [ 0.25136125655796, 47.654473687438085 ], [ 0.251095346723236, 47.654481230656359 ], [ 0.251117674482089, 47.654840559855515 ], [ 0.250851762720511, 47.654848102552791 ], [ 0.250874089094943, 47.655207431815782 ], [ 0.250608175406482, 47.655214973992045 ], [ 0.250630500396429, 47.655574303318829 ], [ 0.250364584781053, 47.655581844974066 ], [ 0.250386908386453, 47.655941174364671 ], [ 0.250652825820303, 47.655933632615081 ], [ 0.250663988694967, 47.656113297251743 ], [ 0.250929906929581, 47.65610575483953 ], [ 0.250941070821986, 47.656285419421344 ], [ 0.250143313064923, 47.656308044953285 ], [ 0.250120990844128, 47.655948715498873 ], [ 0.249855073193336, 47.655956256017632 ], [ 0.249821593403346, 47.655417261637183 ], [ 0.249555678371803, 47.655424801399008 ], [ 0.249577996304878, 47.655784131087941 ], [ 0.24878024510421, 47.655806746963982 ], [ 0.248791401505678, 47.655986411938486 ], [ 0.249057319590247, 47.655978873881374 ], [ 0.249068477009396, 47.656158538801115 ], [ 0.249334395894791, 47.656151000081451 ], [ 0.249345554331636, 47.656330664946367 ], [ 0.249877393595619, 47.656315585566411 ], [ 0.249899714431742, 47.656674915084629 ], [ 0.249633793035425, 47.656682455176686 ], [ 0.249667272375198, 47.657221449538255 ], [ 0.249401348142532, 47.657228989156366 ], [ 0.249434825730454, 47.65776798359073 ], [ 0.24916889866136, 47.657775522734909 ] ], [ [ 0.248570106365705, 47.65671260939046 ], [ 0.248836028195786, 47.656705071760172 ], [ 0.24882487136062, 47.656525406816208 ], [ 0.248558950439824, 47.656532944399338 ], [ 0.248570106365705, 47.65671260939046 ] ], [ [ 0.250927902363743, 47.651786260688752 ], [ 0.251193798561898, 47.651778718178342 ], [ 0.251182635563385, 47.651599053499901 ], [ 0.250916740274263, 47.651606595963131 ], [ 0.250927902363743, 47.651786260688752 ] ] ] } },
{ "type": "Feature", "properties": { "surface_ha": 11.61 }, "geometry": { "type": "Polygon", "coordinates": [ [ [ 0.303975221384746, 47.652429041864153 ], [ 0.303963877101101, 47.652249386697243 ], [ 0.303166223136433, 47.652272379433001 ], [ 0.303154881689622, 47.65209272411456 ], [ 0.302888997723171, 47.652100387081362 ], [ 0.302877657295429, 47.651920731707264 ], [ 0.30154824035469, 47.651959037073084 ], [ 0.301536904581422, 47.651779381451625 ], [ 0.299941606070734, 47.651825327300131 ], [ 0.299930275860744, 47.651645671383527 ], [ 0.299398510627344, 47.651660981648675 ], [ 0.299341870317172, 47.650762701471315 ], [ 0.299607748444748, 47.650755046885827 ], [ 0.299551106342477, 47.649856766755455 ], [ 0.299816979816027, 47.649849111794204 ], [ 0.299794321928144, 47.64948979978395 ], [ 0.299528450272111, 47.649497454649421 ], [ 0.299471812022454, 47.648599174249647 ], [ 0.300269413029415, 47.64857620852603 ], [ 0.30025808298359, 47.648396552566638 ], [ 0.301055680273627, 47.64837358145018 ], [ 0.301067013045538, 47.648553237265844 ], [ 0.301332879497354, 47.648545578948813 ], [ 0.301344213288084, 47.648725234708856 ], [ 0.30161008053847, 47.648717575728703 ], [ 0.30162141534804, 47.648897231433146 ], [ 0.302419019164453, 47.64887425065789 ], [ 0.302430356810305, 47.649053906210852 ], [ 0.302962093954522, 47.649038582522287 ], [ 0.303007452909493, 47.649757204273669 ], [ 0.30274158075754, 47.649764866617303 ], [ 0.302820956809649, 47.651022454721222 ], [ 0.305745614394833, 47.650938131413248 ], [ 0.305756964268506, 47.651117786298315 ], [ 0.306022842478046, 47.651110116803792 ], [ 0.30603419337082, 47.651289771633181 ], [ 0.305236555684905, 47.651312778415083 ], [ 0.305293298170715, 47.652211053166084 ], [ 0.305027414177317, 47.652218721102805 ], [ 0.305038762096444, 47.652398376077862 ], [ 0.303975221384746, 47.652429041864153 ] ] ] } },
{ "type": "Feature", "properties": { "surface_ha": 2.2 }, "geometry": { "type": "Polygon", "coordinates": [ [ [ 0.30992460515482, 47.645418041501472 ], [ 0.309913243254623, 47.645238387193579 ], [ 0.310179090511355, 47.64523070877776 ], [ 0.310167727813058, 47.645051054510198 ], [ 0.30937018843718, 47.645074087768272 ], [ 0.309358828574755, 47.644894433348853 ], [ 0.309092982803856, 47.644902109823377 ], [ 0.309070265227086, 47.644542800865409 ], [ 0.308804421162784, 47.644550476628808 ], [ 0.308793063448412, 47.644370822090238 ], [ 0.308527220182224, 47.644378497190566 ], [ 0.308515863486666, 47.644198842596268 ], [ 0.308781705844392, 47.644191167543973 ], [ 0.308758990967408, 47.6438318584283 ], [ 0.308227309775402, 47.643847207725763 ], [ 0.308238665341832, 47.644026862383498 ], [ 0.307972823671881, 47.644034536157655 ], [ 0.307950114466233, 47.643675226738473 ], [ 0.307684274502843, 47.643682899801568 ], [ 0.30766156755533, 47.643323590255555 ], [ 0.308990757184762, 47.643285219269707 ], [ 0.30900211514545, 47.643464873806494 ], [ 0.309533792041632, 47.643449521010794 ], [ 0.30954515192952, 47.643629175443856 ], [ 0.309279312628189, 47.64363685219724 ], [ 0.309302030918218, 47.643996161136251 ], [ 0.309567872036417, 47.643988484286787 ], [ 0.309590592584822, 47.644347793098923 ], [ 0.30932474964972, 47.644355470044424 ], [ 0.309336109181025, 47.644535124486929 ], [ 0.309867796757779, 47.644519769884823 ], [ 0.309856435409543, 47.644340115538384 ], [ 0.310919805604462, 47.644309399145456 ], [ 0.310953900881961, 47.64484836158524 ], [ 0.310688055773443, 47.644856041750181 ], [ 0.310710784693599, 47.645215350100919 ], [ 0.310444937657685, 47.645223029746887 ], [ 0.310456301374889, 47.6454026839587 ], [ 0.30992460515482, 47.645418041501472 ] ], [ [ 0.308481794062041, 47.643659878767146 ], [ 0.308747633694442, 47.643652203858878 ], [ 0.308736276531821, 47.643472549281775 ], [ 0.308470437807845, 47.643480224142017 ], [ 0.308481794062041, 47.643659878767146 ] ] ] } },
{ "type": "Feature", "properties": { "surface_ha": 7.06 }, "geometry": { "type": "Polygon", "coordinates": [ [ [ 0.284956939236568, 47.646496388239626 ], [ 0.284934385918671, 47.646137070650212 ], [ 0.28440266858178, 47.6461523100905 ], [ 0.284391393904456, 47.645972651188977 ], [ 0.283859677946631, 47.645987888073321 ], [ 0.283848405196116, 47.645808229068763 ], [ 0.283316690617419, 47.645823463397221 ], [ 0.283305419793681, 47.645643804289683 ], [ 0.282773706594174, 47.645659036062284 ], [ 0.282762437697185, 47.645479376851782 ], [ 0.282496581841802, 47.645486991767726 ], [ 0.282485313962918, 47.645307332501908 ], [ 0.28221945890666, 47.645314946755057 ], [ 0.282196925294541, 47.644955628105123 ], [ 0.282462778533605, 47.644948013947236 ], [ 0.28245151098317, 47.644768354658375 ], [ 0.282717363204167, 47.644760739932991 ], [ 0.282694826614599, 47.644401421427538 ], [ 0.283492377169213, 47.644378573846545 ], [ 0.283469835566292, 47.644019255596262 ], [ 0.285330770307416, 47.643965923712329 ], [ 0.285342047413894, 47.644145582507662 ], [ 0.285607895704371, 47.644137961159018 ], [ 0.285653008860251, 47.64485659607282 ], [ 0.28538715693555, 47.644864217612195 ], [ 0.285398434589909, 47.645043876369115 ], [ 0.285664287423185, 47.645036254782077 ], [ 0.285698123769527, 47.645575230863685 ], [ 0.286229834558865, 47.645559985558116 ], [ 0.286241115377385, 47.645739644141273 ], [ 0.287304539275091, 47.645709145957674 ], [ 0.287293254822146, 47.645529487565334 ], [ 0.287559109613874, 47.645521861529311 ], [ 0.28754782436198, 47.645342203177009 ], [ 0.287813678135461, 47.645334576573553 ], [ 0.287791106143468, 47.644975259941297 ], [ 0.28805695799013, 47.644967632818165 ], [ 0.288034384619651, 47.644608316250597 ], [ 0.287768534590111, 47.644615943278275 ], [ 0.287757248977919, 47.644436284935274 ], [ 0.288023098098911, 47.644428657955295 ], [ 0.288000525386419, 47.644069341341613 ], [ 0.287734678082497, 47.644076968226194 ], [ 0.287723392799264, 47.643897309860101 ], [ 0.28852093165648, 47.643874427504315 ], [ 0.288577372797242, 47.64477271854205 ], [ 0.288843223406313, 47.644765089621323 ], [ 0.288910961846317, 47.64584303832666 ], [ 0.287315823837684, 47.645888804342334 ], [ 0.287327108509926, 47.646068462719313 ], [ 0.28626367734326, 47.646098961284508 ], [ 0.286274958490619, 47.646278619844615 ], [ 0.286009099516257, 47.646286242995728 ], [ 0.285997819277534, 47.646106584387958 ], [ 0.285466102817279, 47.646121828749386 ], [ 0.285477381238724, 47.64630148745254 ], [ 0.285743240432289, 47.646293865531717 ], [ 0.285754519871972, 47.646473524179527 ], [ 0.284956939236568, 47.646496388239626 ] ], [ [ 0.285143858502401, 47.645231156137953 ], [ 0.285409712353846, 47.645223535118348 ], [ 0.285398434589909, 47.645043876369115 ], [ 0.285132581647052, 47.645051497341022 ], [ 0.285143858502401, 47.645231156137953 ] ] ] } },
{ "type": "Feature", "properties": { "surface_ha": 5.23 }, "geometry": { "type": "Polygon", "coordinates": [ [ [ 0.305127973764404, 47.645376493498283 ], [ 0.305116628327785, 47.645196838318668 ], [ 0.304850779883573, 47.645204504999832 ], [ 0.304805402873443, 47.644485884012468 ], [ 0.305071247683652, 47.644478217523151 ], [ 0.305059902798198, 47.644298562305003 ], [ 0.304528214884517, 47.644313894572619 ], [ 0.30455090113172, 47.644673205193037 ], [ 0.304285055192588, 47.644680870500146 ], [ 0.304296397573011, 47.644860525846759 ], [ 0.304030550615172, 47.644868190586728 ], [ 0.304019209143249, 47.644688535192159 ], [ 0.303487516713993, 47.644703862730957 ], [ 0.303476177169256, 47.644524207232827 ], [ 0.304007867781524, 47.644508879789917 ], [ 0.303985185388657, 47.644149568962291 ], [ 0.30345349841031, 47.644164896213432 ], [ 0.303442159196102, 47.643985240692189 ], [ 0.303176316450132, 47.64399290334719 ], [ 0.303153640169144, 47.643633592185722 ], [ 0.302887799129924, 47.643641254129804 ], [ 0.302876462063119, 47.643461598489559 ], [ 0.307129890931327, 47.643338934344612 ], [ 0.307141242533084, 47.643518589217443 ], [ 0.307407081808658, 47.643510917432465 ], [ 0.307486552468459, 47.644768500990594 ], [ 0.306954861088593, 47.644783844617422 ], [ 0.306966212664242, 47.644963499476582 ], [ 0.306700365900367, 47.644971170415381 ], [ 0.306711716677808, 47.64515082531485 ], [ 0.306445868895141, 47.64515849568653 ], [ 0.306457218874354, 47.645338150626294 ], [ 0.305127973764404, 47.645376493498283 ] ], [ [ 0.30478271502971, 47.644126573472562 ], [ 0.30504855802297, 47.644118907079196 ], [ 0.305037213357972, 47.643939251845644 ], [ 0.304771371273174, 47.643946918191077 ], [ 0.30478271502971, 47.644126573472562 ] ] ] } }
]
}
