{
"type": "FeatureCollection",
"name": "perimetre",
"crs": { "type": "name", "properties": { "name": "urn:ogc:def:crs:OGC:1.3:CRS84" } },
"features": [
{ "type": "Feature", "properties": { "surface_ha": 2.96 }, "geometry": { "type": "Polygon", "coordinates": [ [ [ 0.951400449216386, 43.213847428984472 ], [ 0.951406476133042, 43.213667449248341 ], [ 0.950914334502507, 43.213658631885835 ], [ 0.950920362808953, 43.213478652198489 ], [ 0.951166432873725, 43.213483061116619 ], [ 0.951184515291362, 43.212943121933705 ], [ 0.951430583243696, 43.212947530240257 ], [ 0.951436609882371, 43.212767550472314 ], [ 0.950944475478637, 43.212758733385492 ], [ 0.950950503507038, 43.212578753666314 ], [ 0.951196569958445, 43.212583162446606 ], [ 0.951208624403126, 43.212223202934084 ], [ 0.951946819755016, 43.21223642593629 ], [ 0.951952844726034, 43.212056446087814 ], [ 0.952198909231856, 43.212060852669893 ], [ 0.95220493342466, 43.211880872787503 ], [ 0.952943125107617, 43.211894089277799 ], [ 0.952949147076961, 43.211714109306399 ], [ 0.954179464046334, 43.211736126074953 ], [ 0.954155390288504, 43.212456046473029 ], [ 0.953909323892993, 43.212451644066945 ], [ 0.953897285235634, 43.212811604172799 ], [ 0.953651217450324, 43.212807201182784 ], [ 0.9536391771255, 43.213167161208112 ], [ 0.953393107950373, 43.213162757634123 ], [ 0.953381065958028, 43.213522717578982 ], [ 0.953134995393064, 43.213518313421055 ], [ 0.953147038830786, 43.21315835353127 ], [ 0.952900969766747, 43.213153948899475 ], [ 0.952919036674728, 43.212614009099795 ], [ 0.95218083632001, 43.212600792278906 ], [ 0.952174811904913, 43.212780772135865 ], [ 0.951928744508482, 43.212776365443595 ], [ 0.951922719315143, 43.212956345266619 ], [ 0.951676651251625, 43.212951938017902 ], [ 0.951664599252846, 43.213311897589783 ], [ 0.951910668761719, 43.213316304893652 ], [ 0.951892592514713, 43.213856244286461 ], [ 0.951400449216386, 43.213847428984472 ] ], [ [ 0.953411170522322, 43.212622817669192 ], [ 0.953657237529432, 43.212627221160567 ], [ 0.953663257553008, 43.212447241132018 ], [ 0.953909323892993, 43.212451644066945 ], [ 0.953915343138382, 43.212271664004504 ], [ 0.953423211959251, 43.212262857660789 ], [ 0.953411170522322, 43.212622817669192 ] ] ] } },
{ "type": "Feature", "properties": { "surface_ha": 14.5 }, "geometry": { "type": "Polygon", "coordinates": [ [ [ 1.01091042160704, 43.216158624040098 ], [ 1.010916273990429, 43.215978637774818 ], [ 1.010178006661701, 43.215965794393966 ], [ 1.010183861159752, 43.215785808202689 ], [ 1.009445596485767, 43.215772960141067 ], [ 1.009451453098439, 43.215592974023778 ], [ 1.008713191079347, 43.215580121281441 ], [ 1.008719049806592, 43.215400135238212 ], [ 1.007980790442541, 43.215387277815239 ], [ 1.007992512072024, 43.215027305870578 ], [ 1.008238597026938, 43.215031592153643 ], [ 1.008250316994465, 43.214671620130112 ], [ 1.008496400557754, 43.214675905830575 ], [ 1.008508118863386, 43.214315933728166 ], [ 1.008754201035067, 43.214320218846062 ], [ 1.008765917678857, 43.21396024666474 ], [ 1.009011998458949, 43.213964531200055 ], [ 1.009029570850906, 43.213424572800292 ], [ 1.008783492239216, 43.213420288345347 ], [ 1.008801066313195, 43.212880329969053 ], [ 1.008554989923888, 43.212876045065521 ], [ 1.008584282580154, 43.211976114445875 ], [ 1.008830355355694, 43.211980399215435 ], [ 1.008842070594426, 43.211620426869743 ], [ 1.009088141978542, 43.211624711056821 ], [ 1.009099855555695, 43.211264738632252 ], [ 1.009345925548405, 43.211269022236813 ], [ 1.009357637464037, 43.210909049733367 ], [ 1.009849774720689, 43.210917615248633 ], [ 1.009838065695882, 43.211277587859172 ], [ 1.009591995595135, 43.211273305312453 ], [ 1.009586140279003, 43.211453291581456 ], [ 1.009832211102464, 43.211457574154963 ], [ 1.00982635645504, 43.21163756044443 ], [ 1.010318499709431, 43.211646124058184 ], [ 1.010330206059392, 43.211286151365805 ], [ 1.010576276322143, 43.21129043232574 ], [ 1.010587981010709, 43.210930459554568 ], [ 1.011080118807334, 43.210939019780618 ], [ 1.011074267935457, 43.211119006222887 ], [ 1.011812477203305, 43.211131842675279 ], [ 1.011806628445592, 43.211311829191509 ], [ 1.012052699032175, 43.211316106977876 ], [ 1.012046850943228, 43.211496093514519 ], [ 1.01229292230648, 43.211500370798717 ], [ 1.012287074886314, 43.211680357355753 ], [ 1.012533147026238, 43.211684634137768 ], [ 1.012527300274862, 43.211864620715261 ], [ 1.012773373191459, 43.211868896995057 ], [ 1.012767527108891, 43.212048883592963 ], [ 1.013013600802162, 43.212053159370555 ], [ 1.013001909920739, 43.212413132600872 ], [ 1.01275583478196, 43.212408856769819 ], [ 1.01273244948091, 43.213128803047702 ], [ 1.012486371504973, 43.213124526580728 ], [ 1.012480524322086, 43.213304513107659 ], [ 1.011742288549583, 43.213291680452748 ], [ 1.011730589685193, 43.21365165332714 ], [ 1.01197666966767, 43.213655931461275 ], [ 1.011947425176441, 43.214555863670434 ], [ 1.011701341579859, 43.214551585402567 ], [ 1.011677942124209, 43.215271530949131 ], [ 1.01143185569019, 43.215267252045244 ], [ 1.011408452479543, 43.215987197383654 ], [ 1.011162363207995, 43.215982917843718 ], [ 1.011156511547499, 43.216162904135771 ], [ 1.01091042160704, 43.216158624040098 ] ] ] } },
{ "type": "Feature", "properties": { "surface_ha": 2.2 }, "geometry": { "type": "Polygon", "coordinates": [ [ [ 0.952241077414509, 43.210800993359591 ], [ 0.952259148659261, 43.210261053559798 ], [ 0.952013091379496, 43.210256647253246 ], [ 0.952037188484815, 43.209536727541334 ], [ 0.951791134150858, 43.209532320816152 ], [ 0.951803183815172, 43.209172360977142 ], [ 0.951557130981867, 43.20916795377822 ], [ 0.951563156453188, 43.208987973876731 ], [ 0.951809208563967, 43.208992381048105 ], [ 0.951815233257185, 43.208812401112731 ], [ 0.952553387755374, 43.208825619371183 ], [ 0.952547365229723, 43.209005599389215 ], [ 0.952793417562759, 43.209010004445261 ], [ 0.952763307713886, 43.209909904577813 ], [ 0.953993588275802, 43.209931922614032 ], [ 0.953981551173085, 43.21029188289787 ], [ 0.953735493504499, 43.210287480293275 ], [ 0.953717435266267, 43.210827420588785 ], [ 0.953225315760167, 43.210818613627843 ], [ 0.953231336673621, 43.210638633590754 ], [ 0.95298527772647, 43.210634229344542 ], [ 0.952979256090423, 43.210814209354062 ], [ 0.952241077414509, 43.210800993359591 ] ] ] } },
{ "type": "Feature", "properties": { "surface_ha": 1.68 }, "geometry": { "type": "Polygon", "coordinates": [ [ [ 0.954479683810777, 43.210120706326713 ], [ 0.954485700889242, 43.209940726126554 ], [ 0.953993588275802, 43.209931922614032 ], [ 0.954005625156447, 43.209571962304715 ], [ 0.954251679990296, 43.209576364270362 ], [ 0.954257697624796, 43.209396384078666 ], [ 0.954503751791608, 43.209400785487958 ], [ 0.954509768648055, 43.209220805262383 ], [ 0.954263715203785, 43.209216403880603 ], [ 0.954269732727267, 43.209036423676167 ], [ 0.954023680061039, 43.209032021793092 ], [ 0.954035716386525, 43.208672061420231 ], [ 0.95378966522086, 43.208667659063387 ], [ 0.953795684022843, 43.208487678894919 ], [ 0.953549633635212, 43.208483276036787 ], [ 0.953555653104184, 43.208303295889522 ], [ 0.954539852097777, 43.208320904039084 ], [ 0.95454586862122, 43.208140923775332 ], [ 0.954791917785882, 43.208145324463175 ], [ 0.95478590198494, 43.208325304754439 ], [ 0.955278001925738, 43.208334104598684 ], [ 0.955265973047428, 43.208694065272155 ], [ 0.95501992160426, 43.208689665559405 ], [ 0.955013906359361, 43.208869645859089 ], [ 0.954767854249156, 43.208865245590047 ], [ 0.954755822147829, 43.209225206115292 ], [ 0.955001875703098, 43.209229606439422 ], [ 0.954995860291733, 43.209409586720035 ], [ 0.955487969013817, 43.209418385836756 ], [ 0.955481954992064, 43.20959836616602 ], [ 0.95523589988073, 43.209593966844572 ], [ 0.955223870225671, 43.209953927429041 ], [ 0.954977813724701, 43.209949527523712 ], [ 0.954971798091373, 43.210129507778916 ], [ 0.954479683810777, 43.210120706326713 ] ] ] } },
{ "type": "Feature", "properties": { "surface_ha": 3.24 }, "geometry": { "type": "Polygon", "coordinates": [ [ [ 0.973497777017135, 43.208298247026079 ], [ 0.973503737796186, 43.208118264640568 ], [ 0.97325768587817, 43.208113904198072 ], [ 0.973263647324766, 43.207933921833458 ], [ 0.97301759618427, 43.207929560889362 ], [ 0.973023558298393, 43.207749578545737 ], [ 0.973515659189337, 43.207758299850511 ], [ 0.973521619803436, 43.207578317445972 ], [ 0.976228170685849, 43.207626246511545 ], [ 0.976234123297337, 43.207446263800996 ], [ 0.976480172984634, 43.207450617788602 ], [ 0.976486124818705, 43.207270635044452 ], [ 0.976732173838397, 43.20727498847603 ], [ 0.976738124895063, 43.207095005698299 ], [ 0.976984173247148, 43.207099358573849 ], [ 0.976990123526423, 43.20691937576256 ], [ 0.977236171210898, 43.20692372808206 ], [ 0.977259968889206, 43.206203796664695 ], [ 0.977752058642942, 43.206212499499557 ], [ 0.977763954262977, 43.20585253364397 ], [ 0.978256041346327, 43.205861234254847 ], [ 0.978244148616143, 43.20622120021924 ], [ 0.978490193685023, 43.206225549785856 ], [ 0.978472356345797, 43.206765498766465 ], [ 0.977980261928008, 43.206756798941207 ], [ 0.977974314593586, 43.206936781867654 ], [ 0.978220362497546, 43.206941132071883 ], [ 0.978214415830762, 43.207121115019191 ], [ 0.977968367204302, 43.207116764787777 ], [ 0.977962419760155, 43.207296747701534 ], [ 0.977470321226819, 43.207288045597764 ], [ 0.977452474230097, 43.20782799413778 ], [ 0.97622221801945, 43.207806229215812 ], [ 0.976216265298138, 43.207986211913706 ], [ 0.975478110063045, 43.207973146532844 ], [ 0.975472155119221, 43.208153129142701 ], [ 0.973995841797168, 43.208126983939103 ], [ 0.973989882463187, 43.208306966379141 ], [ 0.973497777017135, 43.208298247026079 ] ] ] } },
{ "type": "Feature", "properties": { "surface_ha": 1.88 }, "geometry": { "type": "Polygon", "coordinates": [ [ [ 0.971325075049429, 43.206999108646691 ], [ 0.97133104194597, 43.206819126462264 ], [ 0.971084995580636, 43.206814761451348 ], [ 0.971114832850046, 43.205914850570451 ], [ 0.971360875603066, 43.205919215444908 ], [ 0.971378775136866, 43.205379268758335 ], [ 0.971624815777612, 43.205383633022137 ], [ 0.971630781456385, 43.205203650753312 ], [ 0.972122861458114, 43.205212377640017 ], [ 0.972128825637021, 43.205032395310241 ], [ 0.972374864997994, 43.205036757933165 ], [ 0.972380828399473, 43.204856775569809 ], [ 0.972626867093042, 43.204861137636669 ], [ 0.972620904413974, 43.20504112002731 ], [ 0.973112983410935, 43.205049842629258 ], [ 0.973095099378278, 43.205589789926762 ], [ 0.972603016046759, 43.205581067161177 ], [ 0.9725910901936, 43.205941031885388 ], [ 0.972345047165458, 43.205936669654889 ], [ 0.97233908343392, 43.206116651980174 ], [ 0.972093039738336, 43.206112289193598 ], [ 0.972087075229327, 43.206292271485275 ], [ 0.971841030866306, 43.206287908142599 ], [ 0.97182313484175, 43.20682785489771 ], [ 0.971577088366343, 43.206823490944394 ], [ 0.971571122192287, 43.207003473156114 ], [ 0.971325075049429, 43.206999108646691 ] ] ] } },
{ "type": "Feature", "properties": { "surface_ha": 2.12 }, "geometry": { "type": "Polygon", "coordinates": [ [ [ 0.945760641757138, 43.205822395078286 ], [ 0.945766683565697, 43.205642415724611 ], [ 0.945520645850544, 43.205637995830173 ], [ 0.945526688325761, 43.205458016497786 ], [ 0.94478857768191, 43.205444753724876 ], [ 0.944800666799383, 43.205084795206851 ], [ 0.944062560991579, 43.205071527841064 ], [ 0.944056514293611, 43.205251507020293 ], [ 0.943810478413514, 43.205247083479868 ], [ 0.943816525833852, 43.205067104328286 ], [ 0.943570490731907, 43.205062680286787 ], [ 0.943582586849954, 43.204702722019853 ], [ 0.943336553248513, 43.204698297504933 ], [ 0.943342601946201, 43.204518318389589 ], [ 0.944326733797271, 43.204536013166184 ], [ 0.944320687988976, 43.204715992392181 ], [ 0.944566721813525, 43.204720414792128 ], [ 0.944572766899472, 43.204540435538505 ], [ 0.945064833271145, 43.204549278696916 ], [ 0.945070876856644, 43.204369299381611 ], [ 0.945316909403758, 43.204373720140069 ], [ 0.945304823621713, 43.204733678819593 ], [ 0.945796891772552, 43.204742518860861 ], [ 0.945802933246739, 43.204562539468988 ], [ 0.946048966683399, 43.204566958668863 ], [ 0.946042925931566, 43.204746938088334 ], [ 0.9462889601463, 43.204751356787121 ], [ 0.946276879920198, 43.205111315662251 ], [ 0.946768951406264, 43.205120151584055 ], [ 0.94676291265439, 43.205300131067304 ], [ 0.946516876161128, 43.205295713343169 ], [ 0.946504797045505, 43.205655672235373 ], [ 0.946258759163183, 43.205651253927208 ], [ 0.946252718799411, 43.205831233336149 ], [ 0.945760641757138, 43.205822395078286 ] ] ] } },
{ "type": "Feature", "properties": { "surface_ha": 2.84 }, "geometry": { "type": "Polygon", "coordinates": [ [ [ 0.968408366201218, 43.20586680205129 ], [ 0.968414341436794, 43.205686820156522 ], [ 0.968168300067181, 43.205682448963913 ], [ 0.968186227610474, 43.205142503323486 ], [ 0.967694149371153, 43.205133759515981 ], [ 0.967688172133684, 43.205313741347808 ], [ 0.966457973888303, 43.205291872438842 ], [ 0.966463954737835, 43.205111890743758 ], [ 0.966217915976651, 43.205107515403007 ], [ 0.966241841712677, 43.204387588668595 ], [ 0.967472021622317, 43.204409459537679 ], [ 0.967466043882997, 43.204589441367538 ], [ 0.96845019169281, 43.204606928654492 ], [ 0.968444216787927, 43.204786910587373 ], [ 0.969428368369142, 43.204804389523396 ], [ 0.969416424173291, 43.2051643535887 ], [ 0.969662463651146, 43.205168722055411 ], [ 0.969656492193007, 43.205348704105845 ], [ 0.969902532448364, 43.205353072071105 ], [ 0.969896561657567, 43.205533054142521 ], [ 0.970142602690425, 43.205537421606323 ], [ 0.970136632566986, 43.205717403698664 ], [ 0.969644549111479, 43.20570866818769 ], [ 0.96963857748809, 43.20588865021908 ], [ 0.968408366201218, 43.20586680205129 ] ] ] } },
{ "type": "Feature", "properties": { "surface_ha": 1.2 }, "geometry": { "type": "Polygon", "coordinates": [ [ [ 0.970142602690425, 43.205537421606323 ], [ 0.970148572758796, 43.205357439507594 ], [ 0.969902532448364, 43.205353072071105 ], [ 0.969908503184085, 43.205173089993345 ], [ 0.969662463651146, 43.205168722055411 ], [ 0.969674406402181, 43.204808757935517 ], [ 0.969920444490301, 43.204813125818845 ], [ 0.969926415060797, 43.20463314372202 ], [ 0.970172452481592, 43.20463751104927 ], [ 0.970178422274621, 43.204457528918837 ], [ 0.970424459028088, 43.204461895690002 ], [ 0.970430428043666, 43.204281913525925 ], [ 0.970922500270997, 43.204290645427385 ], [ 0.970916532700194, 43.204470627646096 ], [ 0.97116256961882, 43.204474992830967 ], [ 0.971156602715368, 43.204654975070632 ], [ 0.970910565074347, 43.204650609858447 ], [ 0.970904597393453, 43.20483059206444 ], [ 0.971150635756877, 43.204834957303937 ], [ 0.971132734551153, 43.20537490396574 ], [ 0.970886694020482, 43.205370538644374 ], [ 0.970880726119395, 43.205550520825 ], [ 0.970142602690425, 43.205537421606323 ] ] ] } },
{ "type": "Feature", "properties": { "surface_ha": 1.04 }, "geometry": { "type": "Polygon", "coordinates": [ [ [ 0.971882786331062, 43.205028032158587 ], [ 0.971888751177365, 43.204848049849758 ], [ 0.971396674175341, 43.204839322014649 ], [ 0.971408606592485, 43.204479357487116 ], [ 0.97116256961882, 43.204474992830967 ], [ 0.971168536467233, 43.204295010584993 ], [ 0.971906645386151, 43.204308102885221 ], [ 0.971918574583579, 43.203948138210485 ], [ 0.97216460955517, 43.203952501198472 ], [ 0.972176537087792, 43.203592536443765 ], [ 0.972422570669657, 43.203596898848446 ], [ 0.972410644581772, 43.203956863657709 ], [ 0.972656679663379, 43.203961225588195 ], [ 0.97265071725931, 43.204141208010597 ], [ 0.972896753118293, 43.204145569439575 ], [ 0.972884829589939, 43.204505534319821 ], [ 0.972638792286175, 43.204501172836302 ], [ 0.972632829717108, 43.204681155239683 ], [ 0.972386791745947, 43.204676793200058 ], [ 0.972380828399473, 43.204856775569809 ], [ 0.972134789760912, 43.204852412974155 ], [ 0.972128825637021, 43.205032395310241 ], [ 0.971882786331062, 43.205028032158587 ] ] ] } },
{ "type": "Feature", "properties": { "surface_ha": 1.8 }, "geometry": { "type": "Polygon", "coordinates": [ [ [ 0.946187888598083, 43.200427430264689 ], [ 0.946193928012805, 43.20024745069248 ], [ 0.945947911910639, 43.200243032155733 ], [ 0.945953951991841, 43.200063052604804 ], [ 0.945707936667573, 43.200058633567011 ], [ 0.945713977415246, 43.19987865403737 ], [ 0.945221948378227, 43.199869814431111 ], [ 0.945234032595097, 43.199509855463234 ], [ 0.945480045641406, 43.19951427547543 ], [ 0.945486086944088, 43.199334295954316 ], [ 0.945732099323961, 43.199338715410235 ], [ 0.945738139848767, 43.199158735855107 ], [ 0.946230163331345, 43.199167573125727 ], [ 0.946236202356142, 43.19898759350901 ], [ 0.947220247101071, 43.199005261596099 ], [ 0.94721421096487, 43.199185241323292 ], [ 0.947706235115709, 43.199194072250229 ], [ 0.947694165564925, 43.199554031796012 ], [ 0.947448152017349, 43.199549616541624 ], [ 0.94744211643629, 43.199729596277365 ], [ 0.947196102222213, 43.199725180466736 ], [ 0.947190065863307, 43.199905160168505 ], [ 0.946944050982731, 43.199900743801614 ], [ 0.946938013845966, 43.200080723469377 ], [ 0.946691998298891, 43.200076306546244 ], [ 0.946685960384251, 43.200256286180029 ], [ 0.946439944170678, 43.20025186870059 ], [ 0.946433905478151, 43.200431848300404 ], [ 0.946187888598083, 43.200427430264689 ] ], [ [ 0.946716149400541, 43.199356387947454 ], [ 0.947208174772994, 43.199365221044161 ], [ 0.94721421096487, 43.199185241323292 ], [ 0.94672218703673, 43.199176408281815 ], [ 0.946716149400541, 43.199356387947454 ] ] ] } },
{ "type": "Feature", "properties": { "surface_ha": 1.28 }, "geometry": { "type": "Polygon", "coordinates": [ [ [ 0.98783653144217, 43.199006762387377 ], [ 0.987860197915957, 43.198286825269541 ], [ 0.987614183327638, 43.19828249648701 ], [ 0.987631934776515, 43.197742543663303 ], [ 0.988369972205533, 43.197755528181318 ], [ 0.988381801898896, 43.1973955594381 ], [ 0.988627813040024, 43.197399886499333 ], [ 0.988633727082713, 43.197219902091184 ], [ 0.989125748084291, 43.197228554573606 ], [ 0.989108010125569, 43.197768507941383 ], [ 0.988861997431009, 43.197764181883365 ], [ 0.988856083946848, 43.197944166299564 ], [ 0.988610070584658, 43.197939839685802 ], [ 0.988604156323767, 43.198119824068627 ], [ 0.98835814229394, 43.198115496899142 ], [ 0.988352227256308, 43.198295481248579 ], [ 0.988598242008324, 43.198299808445107 ], [ 0.988586413213781, 43.198659777179088 ], [ 0.988832429464755, 43.198664103901045 ], [ 0.988826515707865, 43.198844088285576 ], [ 0.98858049873468, 43.198839761536554 ], [ 0.988574584201024, 43.199019745887703 ], [ 0.98783653144217, 43.199006762387377 ] ], [ [ 0.988621898942786, 43.197579870901158 ], [ 0.988867910860627, 43.197584197460813 ], [ 0.9888738242357, 43.197404213031895 ], [ 0.988627813040024, 43.197399886499333 ], [ 0.988621898942786, 43.197579870901158 ] ] ] } },
{ "type": "Feature", "properties": { "surface_ha": 1.16 }, "geometry": { "type": "Polygon", "coordinates": [ [ [ 0.9477364080186, 43.198294173274512 ], [ 0.947742442432199, 43.198114193460306 ], [ 0.947988450258305, 43.198118607965178 ], [ 0.94801861788095, 43.197218708660571 ], [ 0.947772613665337, 43.197214294293723 ], [ 0.94779674965005, 43.196494374845962 ], [ 0.947550748378365, 43.196489960060916 ], [ 0.947568851948679, 43.195950020491097 ], [ 0.948306849432279, 43.195963263012075 ], [ 0.948294784773314, 43.19632322289727 ], [ 0.948048784112382, 43.196318809196988 ], [ 0.94802465123853, 43.197038728780619 ], [ 0.948270654787713, 43.197043142591269 ], [ 0.948264622152211, 43.197223122498855 ], [ 0.948510626479114, 43.19722753580853 ], [ 0.948504594510056, 43.197407515737339 ], [ 0.94875059961468, 43.197411928545989 ], [ 0.948744568312082, 43.197591908496058 ], [ 0.948498562485363, 43.197587495659825 ], [ 0.948492530405034, 43.197767475575937 ], [ 0.948738536953853, 43.197771888439767 ], [ 0.948726474070504, 43.198131848308073 ], [ 0.948480466077464, 43.198127435389068 ], [ 0.948474433830222, 43.198307415286095 ], [ 0.9477364080186, 43.198294173274512 ] ] ] } },
{ "type": "Feature", "properties": { "surface_ha": 1.28 }, "geometry": { "type": "Polygon", "coordinates": [ [ [ 0.982056730275241, 43.195123065754849 ], [ 0.982092326758702, 43.194043163144549 ], [ 0.982338323481662, 43.194047503462031 ], [ 0.982350187094357, 43.193687535820274 ], [ 0.982842177816323, 43.193696214760948 ], [ 0.982848108096585, 43.193516230876284 ], [ 0.983094102817606, 43.19352056952664 ], [ 0.983088173259357, 43.193700553438418 ], [ 0.983580164309485, 43.193709229207627 ], [ 0.983574236140582, 43.193889213167331 ], [ 0.983820232469686, 43.193893550286163 ], [ 0.983808377411907, 43.194253518240806 ], [ 0.982824386647355, 43.194236166376896 ], [ 0.982818456148303, 43.194416150236194 ], [ 0.982572457871859, 43.194411810921601 ], [ 0.982566526596062, 43.194591794747417 ], [ 0.982812525594549, 43.194596134089146 ], [ 0.982806594986097, 43.19477611793581 ], [ 0.982560595265558, 43.194771778566917 ], [ 0.982554663880348, 43.1949517623801 ], [ 0.982800664322945, 43.19495610177605 ], [ 0.982794733605089, 43.195136085610024 ], [ 0.982056730275241, 43.195123065754849 ] ] ] } },
{ "type": "Feature", "properties": { "surface_ha": 11.78 }, "geometry": { "type": "Polygon", "coordinates": [ [ [ 0.983162208716299, 43.198924423058571 ], [ 0.983168139138609, 43.198744439303489 ], [ 0.982922123421855, 43.198740100394986 ], [ 0.982928054511663, 43.198560116660666 ], [ 0.983174069506219, 43.198564455542055 ], [ 0.983179999819131, 43.19838447177429 ], [ 0.983672028527954, 43.198393147896745 ], [ 0.983683886100947, 43.198033180233715 ], [ 0.984175912139779, 43.198041854133059 ], [ 0.984181839399902, 43.197861870237787 ], [ 0.983935827075319, 43.197857533579544 ], [ 0.983941755002938, 43.197677549705062 ], [ 0.983449731962147, 43.197668874856866 ], [ 0.983437873163554, 43.198028842491063 ], [ 0.983191860280852, 43.198024504219717 ], [ 0.983203720523783, 43.197664536639813 ], [ 0.982711697811154, 43.197655858619733 ], [ 0.98271762929489, 43.197475874874506 ], [ 0.982225608245416, 43.1974671947941 ], [ 0.982237473937345, 43.197107227393225 ], [ 0.982483482990432, 43.197111567643489 ], [ 0.982513142652018, 43.196211648894653 ], [ 0.981775126488769, 43.196198626965135 ], [ 0.981781060423255, 43.196018643277796 ], [ 0.981535055867061, 43.196014301604528 ], [ 0.981540990468911, 43.195834317937972 ], [ 0.98129498668955, 43.195829975763246 ], [ 0.98130092195875, 43.195649992117517 ], [ 0.981792928128034, 43.195658675884061 ], [ 0.981798861898327, 43.195478692177673 ], [ 0.982044864342987, 43.195483033240919 ], [ 0.982038931294774, 43.195663016974429 ], [ 0.982284934516238, 43.195667357536188 ], [ 0.982290866842368, 43.195487373775514 ], [ 0.982536869396465, 43.195491713781522 ], [ 0.982525006133664, 43.195851681350767 ], [ 0.982771010186645, 43.195856020882424 ], [ 0.98275321704842, 43.196395972270167 ], [ 0.98299922332242, 43.196400311354601 ], [ 0.983005153701091, 43.196220327537873 ], [ 0.983743170684922, 43.196233341538054 ], [ 0.983749098842574, 43.196053357633659 ], [ 0.983503093848716, 43.196049020189349 ], [ 0.98350902267379, 43.195869036305695 ], [ 0.98375502694555, 43.19587337372289 ], [ 0.983760954993848, 43.195693389805776 ], [ 0.984006958598192, 43.195697726667241 ], [ 0.984012885869725, 43.195517742716689 ], [ 0.984504891798242, 43.195526414799538 ], [ 0.984493040088868, 43.195886382802769 ], [ 0.984739044579298, 43.195890718105474 ], [ 0.984750894844488, 43.195530750048043 ], [ 0.984996897945383, 43.195535084767926 ], [ 0.984990973562204, 43.195715068826928 ], [ 0.985974989400515, 43.195732402528762 ], [ 0.985980910895333, 43.195552418361402 ], [ 0.986718921181294, 43.195565413006008 ], [ 0.986724840455237, 43.195385428751045 ], [ 0.987216846141363, 43.195394089150234 ], [ 0.987222763916547, 43.195214104834768 ], [ 0.987960770688844, 43.195227091387764 ], [ 0.987966686243218, 43.195047106984767 ], [ 0.988212687887708, 43.195051434751477 ], [ 0.988218602665451, 43.194871450315112 ], [ 0.988464603642424, 43.194875777526136 ], [ 0.988470517643548, 43.194695793056347 ], [ 0.988716517953004, 43.19470011971174 ], [ 0.988722431177521, 43.194520135208549 ], [ 0.98896843081946, 43.194524461308312 ], [ 0.988986167999643, 43.193984507679566 ], [ 0.988740170523843, 43.193980181660969 ], [ 0.988751996482031, 43.193620212597601 ], [ 0.988997992513772, 43.193624538562077 ], [ 0.988992080283974, 43.193804523123994 ], [ 0.989238077092272, 43.193808848586961 ], [ 0.989232165529974, 43.19398883316957 ], [ 0.98947816311483, 43.193993158130986 ], [ 0.989466341270747, 43.194353127331333 ], [ 0.989712340354209, 43.194357451818234 ], [ 0.989694609345369, 43.194897405652355 ], [ 0.989448608095725, 43.194893081084331 ], [ 0.989442696928342, 43.19507306565599 ], [ 0.989196695011145, 43.1950687405323 ], [ 0.989184871068648, 43.195428709602538 ], [ 0.988200858168556, 43.195411403605299 ], [ 0.988189028231179, 43.195771372433732 ], [ 0.988435032818574, 43.1957756997801 ], [ 0.988429118490153, 43.195955684211881 ], [ 0.988183113180655, 43.195951356838471 ], [ 0.988171282915933, 43.196311325628919 ], [ 0.987925276216766, 43.196306997672757 ], [ 0.987913444289553, 43.196666966383745 ], [ 0.987667436200698, 43.196662637844838 ], [ 0.987661519433105, 43.196842622163743 ], [ 0.98741551067669, 43.196838293069113 ], [ 0.987403675533488, 43.197198261633822 ], [ 0.987157665387364, 43.197193931956406 ], [ 0.987163583708403, 43.197013947704313 ], [ 0.986671565024221, 43.197005286817692 ], [ 0.986665645258886, 43.19718527101567 ], [ 0.986419635276547, 43.197180939752322 ], [ 0.986413714734458, 43.197360923916825 ], [ 0.986905736198044, 43.197369585969042 ], [ 0.986893897838691, 43.197729554387436 ], [ 0.98590984935265, 43.197712227951747 ], [ 0.985892082737984, 43.198252180206737 ], [ 0.98613809694411, 43.198256512689937 ], [ 0.986132175352164, 43.198436496789348 ], [ 0.986378190335103, 43.198440828770934 ], [ 0.986366348431755, 43.198800797004957 ], [ 0.986120332004412, 43.198796464969192 ], [ 0.986114410248603, 43.198976449049596 ], [ 0.984638308498549, 43.198950445570212 ], [ 0.984644234587618, 43.198770461652401 ], [ 0.98439821854276, 43.198766125915931 ], [ 0.984404145299371, 43.198586142018911 ], [ 0.98415813003138, 43.198581805780854 ], [ 0.984152202552569, 43.19876178965081 ], [ 0.983660170736214, 43.198753115534473 ], [ 0.983654241758316, 43.198933099343819 ], [ 0.983162208716299, 43.198924423058571 ] ], [ [ 0.984427851779155, 43.19786620636738 ], [ 0.985411901842741, 43.197883545599112 ], [ 0.985429672462648, 43.197343593468673 ], [ 0.985675682948663, 43.197347926873668 ], [ 0.98568160565721, 43.197167942790429 ], [ 0.985927615475702, 43.197172275639687 ], [ 0.985951302875066, 43.196452339134922 ], [ 0.98619730985964, 43.196456671347171 ], [ 0.986215072669318, 43.19591671882079 ], [ 0.985477058378467, 43.195903720841947 ], [ 0.985471135330205, 43.196083704942467 ], [ 0.985225129953738, 43.196079371198493 ], [ 0.985195510282321, 43.196979291470527 ], [ 0.984211474880461, 43.196961950666321 ], [ 0.984187766605353, 43.19768188633617 ], [ 0.984433778262436, 43.197686222438648 ], [ 0.984427851779155, 43.19786620636738 ] ], [ [ 0.983221510477954, 43.19712458522239 ], [ 0.983467519749862, 43.197128923358079 ], [ 0.983473448903055, 43.196948939512453 ], [ 0.983227440353287, 43.196944601403892 ], [ 0.983221510477954, 43.19712458522239 ] ], [ [ 0.98273542341784, 43.196935923600869 ], [ 0.983227440353287, 43.196944601403892 ], [ 0.983233370173925, 43.196764617579063 ], [ 0.982741354682741, 43.19675593983029 ], [ 0.98273542341784, 43.196935923600869 ] ], [ [ 0.983473448903055, 43.196948939512453 ], [ 0.983965466166648, 43.196957614143692 ], [ 0.983971393820888, 43.196777630237484 ], [ 0.983479378001561, 43.196768955660488 ], [ 0.983473448903055, 43.196948939512453 ] ], [ [ 0.984727194095503, 43.196250686137546 ], [ 0.984973200084795, 43.1962550209659 ], [ 0.98497912463191, 43.196075036925912 ], [ 0.984733119364727, 43.1960707021247 ], [ 0.984727194095503, 43.196250686137546 ] ], [ [ 0.98694716873604, 43.196109696305143 ], [ 0.987439180308125, 43.196118355863703 ], [ 0.987451014796369, 43.195758387222973 ], [ 0.986959006112704, 43.195749727772714 ], [ 0.98694716873604, 43.196109696305143 ] ] ] } },
{ "type": "Feature", "properties": { "surface_ha": 9.98 }, "geometry": { "type": "Polygon", "coordinates": [ [ [ 0.958122849647451, 43.196859299522821 ], [ 0.958128853233165, 43.196679318494915 ], [ 0.95788284962979, 43.196674925911047 ], [ 0.957888853882207, 43.196494944904231 ], [ 0.95764285105629, 43.19649055181921 ], [ 0.957648855975395, 43.196310570833525 ], [ 0.957402853926933, 43.196306177247394 ], [ 0.957408859512715, 43.196126196282812 ], [ 0.956916857026097, 43.196117407579692 ], [ 0.956922864000598, 43.195937426663718 ], [ 0.956676863562447, 43.195933031546737 ], [ 0.95668287120359, 43.195753050651916 ], [ 0.956436871542896, 43.19574865503381 ], [ 0.956466912527605, 43.194848750601693 ], [ 0.95622091653246, 43.194844354592441 ], [ 0.956226925285163, 43.194664373714453 ], [ 0.95573493490515, 43.194655580165282 ], [ 0.955740945046431, 43.194475599335874 ], [ 0.955986939486725, 43.194479996347255 ], [ 0.955998958159014, 43.19412003461445 ], [ 0.955752965162696, 43.194115637658058 ], [ 0.955764985057234, 43.193755675954826 ], [ 0.956010976609603, 43.193760072856222 ], [ 0.95600496741202, 43.193940053738537 ], [ 0.956250959741787, 43.193944450138844 ], [ 0.956256968217396, 43.193764469229073 ], [ 0.956502959880605, 43.193768865073388 ], [ 0.956514975221649, 43.193408903179765 ], [ 0.956760965496341, 43.193413298440547 ], [ 0.95677297917185, 43.193053336466541 ], [ 0.957018968058043, 43.193057731143803 ], [ 0.957024974090754, 43.192877750119798 ], [ 0.957270962310401, 43.192882144241061 ], [ 0.957276967565781, 43.192702163183228 ], [ 0.95703098006807, 43.192697769089406 ], [ 0.957036985989994, 43.19251778805269 ], [ 0.957774946483496, 43.192530968666034 ], [ 0.957786953829653, 43.192171006408707 ], [ 0.957540968386942, 43.19216661345439 ], [ 0.957546972698871, 43.191986632343649 ], [ 0.957792957419672, 43.191991025270504 ], [ 0.957804964433601, 43.191631062975013 ], [ 0.958296931153708, 43.19163984713326 ], [ 0.958260918110429, 43.192719734273034 ], [ 0.958506905885007, 43.192724125724155 ], [ 0.95850090423931, 43.192904106919315 ], [ 0.95874689279118, 43.192908497869375 ], [ 0.958740891812072, 43.19308847908566 ], [ 0.958986881141236, 43.19309286953461 ], [ 0.958992881398398, 43.192912888290884 ], [ 0.959238870060957, 43.192917278183856 ], [ 0.959220871289305, 43.193457221978342 ], [ 0.959466862173059, 43.193461611425114 ], [ 0.959472861096984, 43.193281630139175 ], [ 0.959718851314106, 43.193286019029955 ], [ 0.959700856542242, 43.193825962951003 ], [ 0.960192841474258, 43.193834739311548 ], [ 0.960198838342918, 43.193654757956018 ], [ 0.960690822052222, 43.193663532147497 ], [ 0.960684826627513, 43.193843513557873 ], [ 0.96117681200196, 43.193852285689971 ], [ 0.9611648238746, 43.194212248601424 ], [ 0.960918829715757, 43.194207862744783 ], [ 0.960912834847151, 43.194387844163565 ], [ 0.960174850536409, 43.194374683340037 ], [ 0.960168853446502, 43.194554664670164 ], [ 0.959676862738556, 43.194545888090069 ], [ 0.959688859751049, 43.194185925533255 ], [ 0.959442865924057, 43.194181536505269 ], [ 0.959430867467568, 43.194541499007222 ], [ 0.959184872251914, 43.194537109395746 ], [ 0.959178872218663, 43.194717090609764 ], [ 0.958932876336342, 43.194712700442288 ], [ 0.958926875525739, 43.194892681622484 ], [ 0.958680878976753, 43.194888290898973 ], [ 0.95866887574546, 43.195248253185383 ], [ 0.958422877807784, 43.195243861878367 ], [ 0.958410872910999, 43.195603824084465 ], [ 0.958656872292744, 43.195608215446363 ], [ 0.958638866698497, 43.196148158790209 ], [ 0.958884868301756, 43.196152549705879 ], [ 0.958872865739604, 43.196512511958254 ], [ 0.95862686269221, 43.196508120987659 ], [ 0.958620860606025, 43.196688102076841 ], [ 0.958374856891912, 43.19668371055019 ], [ 0.958368854028284, 43.196863691605543 ], [ 0.958122849647451, 43.196859299522821 ] ], [ [ 0.957708902120349, 43.194510760627125 ], [ 0.957954897003867, 43.194515153409974 ], [ 0.957960900591769, 43.194335172326902 ], [ 0.957714906430248, 43.194330779571509 ], [ 0.957708902120349, 43.194510760627125 ] ], [ [ 0.959934853633367, 43.194190314032703 ], [ 0.960426841563953, 43.194199089445881 ], [ 0.960432837821246, 43.194019108075608 ], [ 0.959940851334639, 43.194010332717298 ], [ 0.959934853633367, 43.194190314032703 ] ], [ [ 0.960672835612204, 43.194203476359604 ], [ 0.960918829715757, 43.194207862744783 ], [ 0.960924824529068, 43.19402788131967 ], [ 0.960678831147507, 43.194023494961911 ], [ 0.960672835612204, 43.194203476359604 ] ], [ [ 0.95773892311606, 43.193610855285598 ], [ 0.957984914389661, 43.193615247931113 ], [ 0.957990917700708, 43.193435266816273 ], [ 0.957744927149069, 43.193430874198221 ], [ 0.95773892311606, 43.193610855285598 ] ] ] } },
{ "type": "Feature", "properties": { "surface_ha": 33.97 }, "geometry": { "type": "Polygon", "coordinates": [ [ [ 0.978122981497358, 43.202437206803666 ], [ 0.978152710764353, 43.201537291315205 ], [ 0.97741463239722, 43.201524239978063 ], [ 0.977426528053843, 43.201164273901512 ], [ 0.977180503485757, 43.201159922452796 ], [ 0.97719240036748, 43.200799956405284 ], [ 0.976946377298812, 43.200795604482288 ], [ 0.976964224376661, 43.200255655445069 ], [ 0.976472182737486, 43.200246950176272 ], [ 0.976454331326098, 43.200786899050179 ], [ 0.975962285572936, 43.200778191503254 ], [ 0.975956333548164, 43.200958174394096 ], [ 0.974726216514804, 43.200936396138395 ], [ 0.974732172150907, 43.200756413383715 ], [ 0.974240127166586, 43.200747698435038 ], [ 0.97424608419227, 43.200567715728511 ], [ 0.974000062504783, 43.200563357488392 ], [ 0.974017935418884, 43.200023409412552 ], [ 0.975248033572054, 43.200045194917628 ], [ 0.97525398748903, 43.199865212076773 ], [ 0.976238064111197, 43.199882630855633 ], [ 0.976244015084347, 43.199702647899464 ], [ 0.976490033654905, 43.199707001245258 ], [ 0.976495983850943, 43.199527018255594 ], [ 0.976742001754162, 43.19953137104546 ], [ 0.976747951173101, 43.19935138802223 ], [ 0.97699396840898, 43.199355740256216 ], [ 0.977005865637819, 43.198995774136272 ], [ 0.977251881484153, 43.199000125787173 ], [ 0.977257829294074, 43.198820142690465 ], [ 0.977749859706924, 43.198828844351823 ], [ 0.9777558060176, 43.198648861194393 ], [ 0.978001820584106, 43.198653211204864 ], [ 0.977995874995623, 43.198833194389508 ], [ 0.978487905737538, 43.198841892878896 ], [ 0.978493849881636, 43.19866190963986 ], [ 0.978739864612645, 43.19866625806435 ], [ 0.978757694549438, 43.198126308227607 ], [ 0.978511681984972, 43.198121959884681 ], [ 0.978523569779736, 43.197761993349523 ], [ 0.978031547703939, 43.197753295186487 ], [ 0.97803749296339, 43.197573311963787 ], [ 0.977791482729897, 43.197568962116506 ], [ 0.977803374528577, 43.197208995706468 ], [ 0.977311357114689, 43.197200294534795 ], [ 0.977317304376029, 43.197020311374672 ], [ 0.976825288625824, 43.197011608142887 ], [ 0.976819339920225, 43.197191591248561 ], [ 0.976573331405293, 43.197187238812504 ], [ 0.976585230205876, 43.196827272649188 ], [ 0.976831237276556, 43.196831625030818 ], [ 0.97683718587242, 43.196651641912439 ], [ 0.975853160807428, 43.196634229323031 ], [ 0.975847209323105, 43.196814212332526 ], [ 0.974617175616455, 43.196792434565545 ], [ 0.974623130711342, 43.196612451692211 ], [ 0.974131119057348, 43.196603736939544 ], [ 0.974137075541514, 43.19642375411437 ], [ 0.973645065551485, 43.196415037301726 ], [ 0.973651023424905, 43.196235054524685 ], [ 0.972667006992708, 43.196217614665045 ], [ 0.972672967699524, 43.19603763199072 ], [ 0.972180961257442, 43.196028908943752 ], [ 0.972174999106456, 43.196208891563515 ], [ 0.971928995245813, 43.196204529219855 ], [ 0.971934958118886, 43.196024546627356 ], [ 0.970950946114704, 43.196007092075725 ], [ 0.970956911821085, 43.195827109586013 ], [ 0.971202914017533, 43.195831473989557 ], [ 0.971220808640345, 43.195291526400503 ], [ 0.970974808610084, 43.195287162078834 ], [ 0.970986739527637, 43.194927197042333 ], [ 0.971232738113808, 43.19493156130941 ], [ 0.971238702768017, 43.194751578754357 ], [ 0.971484700687167, 43.194755942465576 ], [ 0.971490664564333, 43.194575959876865 ], [ 0.971736661816461, 43.194580323032199 ], [ 0.971748587961733, 43.194220357781219 ], [ 0.972978567827007, 43.194242165356492 ], [ 0.972984527207085, 43.194062182585085 ], [ 0.972738531846086, 43.194057822154448 ], [ 0.972744491893205, 43.193877839403982 ], [ 0.971760513887009, 43.193860392504845 ], [ 0.971766476767152, 43.193680409857123 ], [ 0.971520483125077, 43.193676046838199 ], [ 0.971538373601477, 43.19313609893883 ], [ 0.971046390814242, 43.19312737147898 ], [ 0.971058320411361, 43.192767406290166 ], [ 0.970812330544195, 43.192763041822005 ], [ 0.970806365051179, 43.192943024392306 ], [ 0.970560374517071, 43.192938659368281 ], [ 0.970572306891998, 43.192578694275937 ], [ 0.971064285127402, 43.19258742368622 ], [ 0.971070249788427, 43.19240744107595 ], [ 0.971316238266704, 43.192411804960997 ], [ 0.97132816597984, 43.192051839666831 ], [ 0.971574153069245, 43.192056202968764 ], [ 0.971580116121376, 43.191876220284868 ], [ 0.972072089021306, 43.191884945248603 ], [ 0.972078050574591, 43.191704962503792 ], [ 0.97257002225061, 43.191713685298822 ], [ 0.972575982305073, 43.191533702493146 ], [ 0.973313938065599, 43.191546782639954 ], [ 0.973307980176895, 43.191726765527406 ], [ 0.973061994146507, 43.191722405979746 ], [ 0.973050076760388, 43.192082371681138 ], [ 0.973296064234637, 43.192086731283325 ], [ 0.973284148072573, 43.192446697013843 ], [ 0.973530137045664, 43.192451056142019 ], [ 0.973536094432224, 43.192271073252655 ], [ 0.973782082738312, 43.192275431825024 ], [ 0.973776126073701, 43.19245541474163 ], [ 0.974268104294587, 43.192464130355233 ], [ 0.974262149018949, 43.192644113319972 ], [ 0.974754128903454, 43.192652826873882 ], [ 0.974748175016816, 43.192832809886816 ], [ 0.974994165763407, 43.192837165898162 ], [ 0.974988212543827, 43.193017148931943 ], [ 0.975234204067299, 43.193021504442015 ], [ 0.975204440755725, 43.193921419651993 ], [ 0.97545043594406, 43.193925774769632 ], [ 0.975444483839048, 43.194105757819848 ], [ 0.976182471899456, 43.194118820083041 ], [ 0.976188421838428, 43.193938836951183 ], [ 0.976434417246316, 43.193943189954538 ], [ 0.976404670612811, 43.194843105686573 ], [ 0.977142667996116, 43.194856161933423 ], [ 0.977148615266434, 43.194676178718048 ], [ 0.977394613781875, 43.194680529715924 ], [ 0.977412453097618, 43.194140579950144 ], [ 0.977658449501812, 43.194144930337842 ], [ 0.977652503840103, 43.194324913626645 ], [ 0.97789850102116, 43.194329263512955 ], [ 0.977886610977292, 43.194689230125931 ], [ 0.978132609657255, 43.194693579538054 ], [ 0.978144498257052, 43.194333612870686 ], [ 0.979128487748806, 43.194351005015712 ], [ 0.979134429078356, 43.194171021563783 ], [ 0.97938042586628, 43.194175368251408 ], [ 0.97937448525876, 43.194355351730536 ], [ 0.979620482823506, 43.194359697916752 ], [ 0.979608602888164, 43.194719664910345 ], [ 0.98010060107017, 43.194728355805722 ], [ 0.980088723803895, 43.195088322882626 ], [ 0.980334724421171, 43.195092667591751 ], [ 0.980310972119615, 43.195812601778179 ], [ 0.980064968614042, 43.19580825696039 ], [ 0.980070907493669, 43.195628273450453 ], [ 0.979824904764958, 43.195623928131205 ], [ 0.97981302550675, 43.195983895090379 ], [ 0.978583005464218, 43.195962160293227 ], [ 0.978588948731158, 43.195782176952719 ], [ 0.978342945609167, 43.195777828434608 ], [ 0.978348889543368, 43.195597845114996 ], [ 0.977610882672601, 43.195584796470683 ], [ 0.977604936572162, 43.195764779708739 ], [ 0.977358933669505, 43.19576042907623 ], [ 0.977352986792137, 43.195940412280727 ], [ 0.977106983222247, 43.195936061092418 ], [ 0.977112930821699, 43.195756077915085 ], [ 0.97686692802875, 43.195751726225375 ], [ 0.976884772664178, 43.195211776737018 ], [ 0.976146771113162, 43.195198718741111 ], [ 0.976128919979116, 43.195738667984486 ], [ 0.976374922607453, 43.195743021260064 ], [ 0.976363023021172, 43.196102987445059 ], [ 0.976609027148558, 43.196107340246442 ], [ 0.976603077995195, 43.196287323356643 ], [ 0.977341092872845, 43.196300378670756 ], [ 0.977335145830921, 43.196480361856253 ], [ 0.97856517533449, 43.196502110276697 ], [ 0.978529513594882, 43.197582010072416 ], [ 0.978775523992865, 43.197586358333787 ], [ 0.978769580899874, 43.197766341638072 ], [ 0.979507614589166, 43.19777938333182 ], [ 0.979483850335081, 43.19849931681172 ], [ 0.979729864563142, 43.198503663094399 ], [ 0.979717983551691, 43.198863629850649 ], [ 0.978979936698763, 43.198850589253595 ], [ 0.978973993944238, 43.199030572540693 ], [ 0.979220010229278, 43.199034919962209 ], [ 0.979214068142147, 43.199214903270132 ], [ 0.979952119492716, 43.199227942444253 ], [ 0.979946179517424, 43.199407925827366 ], [ 0.979700161623554, 43.199403579937474 ], [ 0.979694220871251, 43.199583563287085 ], [ 0.97920218380346, 43.199574869866943 ], [ 0.979172471997556, 43.200474786248023 ], [ 0.979418494115262, 43.200479133358328 ], [ 0.979412552311907, 43.20065911664269 ], [ 0.979166529471939, 43.200654769505199 ], [ 0.979160586891507, 43.200834752756059 ], [ 0.979652634070789, 43.200843446556711 ], [ 0.979646692880096, 43.201023429855589 ], [ 0.980138741723135, 43.201032121595773 ], [ 0.980132801922207, 43.201212104942634 ], [ 0.980870877764515, 43.201225138669116 ], [ 0.980876815398586, 43.201045155240756 ], [ 0.981368864789408, 43.201053841693835 ], [ 0.981374800924151, 43.200873858204815 ], [ 0.981620824979415, 43.200878200611157 ], [ 0.98162676033713, 43.200698217088615 ], [ 0.981872783724868, 43.200702558939106 ], [ 0.981878718305568, 43.200522575383083 ], [ 0.982370763800719, 43.200531257443643 ], [ 0.982376696882152, 43.200351273826996 ], [ 0.982130674829473, 43.20034693308822 ], [ 0.982142542272672, 43.199986965890204 ], [ 0.982388562880846, 43.199991306574681 ], [ 0.982394495798104, 43.199811322939048 ], [ 0.982640515738759, 43.19981566306771 ], [ 0.982646447879057, 43.199635679398568 ], [ 0.982892467152192, 43.199640018971422 ], [ 0.982886535734131, 43.199820002667678 ], [ 0.983132555784215, 43.199824341738996 ], [ 0.983120694228457, 43.200184309166758 ], [ 0.982874672733879, 43.200179970041191 ], [ 0.982868741151683, 43.200359953718461 ], [ 0.982622718989558, 43.200355614037065 ], [ 0.982616786630387, 43.200535597680862 ], [ 0.982862809514776, 43.200539937389379 ], [ 0.982845014275773, 43.201079888364099 ], [ 0.983091039381708, 43.201084227625316 ], [ 0.983079177060055, 43.201444194964346 ], [ 0.982833150509531, 43.201439855648843 ], [ 0.982821286524423, 43.201799822908271 ], [ 0.982575258584001, 43.201795483009811 ], [ 0.982551527067864, 43.202515417344046 ], [ 0.982059465572587, 43.202506735743782 ], [ 0.982065399978382, 43.20232675222401 ], [ 0.981081280534095, 43.202309382787227 ], [ 0.981087217774462, 43.202129399369745 ], [ 0.980841188772616, 43.202125055715889 ], [ 0.980847126680536, 43.201945072319212 ], [ 0.980355070285801, 43.201936383479627 ], [ 0.980366948826565, 43.201576416775914 ], [ 0.980120922155987, 43.201572071617385 ], [ 0.980109042170606, 43.201932038266754 ], [ 0.979616986104597, 43.201923346254816 ], [ 0.979611044585087, 43.202103329515644 ], [ 0.978626930221514, 43.202085939038305 ], [ 0.978615041239475, 43.202445905323451 ], [ 0.978122981497358, 43.202437206803666 ] ], [ [ 0.980853064533686, 43.201765088916197 ], [ 0.982083202867334, 43.201786801626675 ], [ 0.982089137054175, 43.201606818081572 ], [ 0.981843110000253, 43.201602476624053 ], [ 0.981849044854661, 43.201422493099756 ], [ 0.981603018577784, 43.201418151140679 ], [ 0.981597083001075, 43.201598134637834 ], [ 0.980859002332066, 43.201585105506837 ], [ 0.980853064533686, 43.201765088916197 ] ], [ [ 0.978650707527616, 43.20136600639195 ], [ 0.979388784550411, 43.201379049716778 ], [ 0.979394726572998, 43.201199066457761 ], [ 0.978656651717067, 43.201186023214504 ], [ 0.978650707527616, 43.20136600639195 ] ], [ [ 0.98136292859991, 43.201233825176537 ], [ 0.981608954099743, 43.201238167637165 ], [ 0.981614889566953, 43.201058184127334 ], [ 0.981368864789408, 43.201053841693835 ], [ 0.98136292859991, 43.201233825176537 ] ], [ [ 0.977924523656055, 43.200992992110656 ], [ 0.978170547666426, 43.200997341946056 ], [ 0.978176493190767, 43.200817358810305 ], [ 0.977930469902668, 43.200813009002104 ], [ 0.977924523656055, 43.200992992110656 ] ], [ [ 0.981860914399247, 43.201062526032118 ], [ 0.982106939286283, 43.201066867408151 ], [ 0.982112873254181, 43.200886883837711 ], [ 0.981866849089429, 43.20088254248877 ], [ 0.981860914399247, 43.201062526032118 ] ], [ [ 0.975968237542809, 43.200598208606081 ], [ 0.976214259669682, 43.200602562616652 ], [ 0.9762202108624, 43.20042257968592 ], [ 0.97597418945778, 43.200418225702556 ], [ 0.975968237542809, 43.200598208606081 ] ], [ [ 0.977210245278562, 43.200260007286445 ], [ 0.97844035061091, 43.200281758562937 ], [ 0.978446295193646, 43.20010177537462 ], [ 0.977462213707044, 43.200084375519602 ], [ 0.977468161123904, 43.199904392433766 ], [ 0.977222141611622, 43.199900041175518 ], [ 0.977210245278562, 43.200260007286445 ] ], [ [ 0.978686371841903, 43.200286107232131 ], [ 0.978932393127722, 43.200290455372667 ], [ 0.978938336265963, 43.200110472129978 ], [ 0.978692315702392, 43.200106124016621 ], [ 0.978686371841903, 43.200286107232131 ] ], [ [ 0.978464128612863, 43.199561825771639 ], [ 0.978710146954908, 43.199566174332077 ], [ 0.978727977714013, 43.199026224590483 ], [ 0.978481961538612, 43.199021876111594 ], [ 0.978476017284858, 43.199201859337947 ], [ 0.978230000442076, 43.199197510303193 ], [ 0.978224055411281, 43.19937749349603 ], [ 0.978470072976276, 43.199381842557969 ], [ 0.978464128612863, 43.199561825771639 ] ], [ [ 0.975859112236861, 43.196454246307155 ], [ 0.97635112321538, 43.19646295360468 ], [ 0.976363023021172, 43.196102987445059 ], [ 0.975871014931044, 43.196094280256439 ], [ 0.975859112236861, 43.196454246307155 ] ], [ [ 0.972672967699524, 43.19603763199072 ], [ 0.973410977774967, 43.196050712596602 ], [ 0.973440769653384, 43.195150798720888 ], [ 0.973194769850276, 43.19514643918383 ], [ 0.973182851819662, 43.195506404698634 ], [ 0.972936850627401, 43.195502044578475 ], [ 0.972924930932796, 43.19586201001335 ], [ 0.972678928351363, 43.195857649310064 ], [ 0.972672967699524, 43.19603763199072 ] ], [ [ 0.971466808725625, 43.195295890193584 ], [ 0.971958809061201, 43.195304616193937 ], [ 0.971964771659288, 43.195124633569712 ], [ 0.972456770770745, 43.195133357401119 ], [ 0.972462731869748, 43.194953374716015 ], [ 0.971970734202382, 43.194944650939156 ], [ 0.97197669669048, 43.194764668302227 ], [ 0.971730698661324, 43.194760305648181 ], [ 0.971718772186051, 43.195120270861104 ], [ 0.971472772767814, 43.195115907623922 ], [ 0.971466808725625, 43.195295890193584 ] ], [ [ 0.973686769511449, 43.195155157729303 ], [ 0.974670769493125, 43.195172588477178 ], [ 0.974700541946755, 43.19427267376161 ], [ 0.974208549066418, 43.194263959717318 ], [ 0.974190681426819, 43.194803908402221 ], [ 0.973698684434035, 43.194795192080107 ], [ 0.973686769511449, 43.195155157729303 ] ], [ [ 0.973722513619846, 43.19407526070556 ], [ 0.973968509200664, 43.194079619021878 ], [ 0.973974465637743, 43.193899636135143 ], [ 0.973728470778933, 43.193895277846053 ], [ 0.973722513619846, 43.19407526070556 ] ], [ [ 0.972012470464223, 43.193684772347503 ], [ 0.972258464216286, 43.193689134309309 ], [ 0.972270386923628, 43.193329168885725 ], [ 0.973008364177751, 43.193342251436114 ], [ 0.973002405017531, 43.19352223423288 ], [ 0.973248398267492, 43.193526594053168 ], [ 0.973254356705727, 43.193346611229138 ], [ 0.973500349288657, 43.193350970493576 ], [ 0.973506306949955, 43.193170987635966 ], [ 0.973260315089005, 43.19316662839875 ], [ 0.973278189909113, 43.192626679869591 ], [ 0.972786210683888, 43.192617959973113 ], [ 0.972774291304249, 43.192977925556526 ], [ 0.972528300330159, 43.192973564760926 ], [ 0.972522339835916, 43.193153547515834 ], [ 0.9717843650776, 43.193140461875906 ], [ 0.971778402362446, 43.19332044454265 ], [ 0.972024394615543, 43.193324806978453 ], [ 0.972012470464223, 43.193684772347503 ] ] ] } },
{ "type": "Feature", "properties": { "surface_ha": 2.08 }, "geometry": { "type": "Polygon", "coordinates": [ [ [ 0.96736847818402, 43.19270188377034 ], [ 0.967386404654599, 43.192161937168606 ], [ 0.968370352707026, 43.192179421140565 ], [ 0.968388270018546, 43.191639474153739 ], [ 0.969126225138973, 43.19165258133723 ], [ 0.969132195300248, 43.19147259891362 ], [ 0.971100072268383, 43.191507527929375 ], [ 0.971094107882412, 43.191687510571377 ], [ 0.969618195494585, 43.191661316816919 ], [ 0.969612226722082, 43.191841299288804 ], [ 0.969366240794828, 43.191836931785922 ], [ 0.96936027124535, 43.192016914224119 ], [ 0.970098231358032, 43.192030015229129 ], [ 0.970092263919293, 43.192209997742921 ], [ 0.969846276438085, 43.192205631242473 ], [ 0.969840308222368, 43.192385613722628 ], [ 0.970086296425515, 43.192389980250361 ], [ 0.97007436127284, 43.19274994524622 ], [ 0.969582382033796, 43.192741211552949 ], [ 0.969594320074268, 43.192381246666308 ], [ 0.969102343943229, 43.192372510968148 ], [ 0.969090403014964, 43.192732475745522 ], [ 0.96736847818402, 43.19270188377034 ] ] ] } },
{ "type": "Feature", "properties": { "surface_ha": 15.58 }, "geometry": { "type": "Polygon", "coordinates": [ [ [ 0.945612941429492, 43.19555472454114 ], [ 0.945631061493162, 43.195014785538767 ], [ 0.945385066498832, 43.19501036621746 ], [ 0.945391107130631, 43.194830386564917 ], [ 0.944899118753103, 43.194821546391893 ], [ 0.944905160773159, 43.194641566788292 ], [ 0.944659167389967, 43.194637145936554 ], [ 0.944665210076274, 43.194457166354191 ], [ 0.94491120273749, 43.19446158717826 ], [ 0.944917244646095, 43.194281607561891 ], [ 0.945163236641063, 43.194286027829754 ], [ 0.945169277771978, 43.1941060481794 ], [ 0.945661260485134, 43.194114887074207 ], [ 0.945655220798151, 43.194294866779849 ], [ 0.945901212960257, 43.194299285462094 ], [ 0.945895173939542, 43.19447926518896 ], [ 0.946633152925947, 43.194492518147193 ], [ 0.946651263323284, 43.193952578698777 ], [ 0.946405272438033, 43.193948161657453 ], [ 0.946417347201775, 43.193588202048609 ], [ 0.946663336643121, 43.193592619034696 ], [ 0.946669373219525, 43.19341263919312 ], [ 0.946915361994603, 43.193417055623065 ], [ 0.946921397793396, 43.193237075747469 ], [ 0.947167385902208, 43.193241491621272 ], [ 0.947173420923404, 43.193061511711733 ], [ 0.946927433536521, 43.193057095865569 ], [ 0.946939504855766, 43.192697136082629 ], [ 0.945709575975681, 43.192675049200048 ], [ 0.945703536734319, 43.192855028956579 ], [ 0.945211564128312, 43.192846190448627 ], [ 0.945217604813499, 43.192666210747376 ], [ 0.944971619315974, 43.192661790728252 ], [ 0.944965577908874, 43.192841770401884 ], [ 0.944473605637169, 43.192832928722822 ], [ 0.944461519768125, 43.19319288794042 ], [ 0.94421553227203, 43.193188466252806 ], [ 0.944209488531976, 43.193368445824397 ], [ 0.943963500369692, 43.193364023580592 ], [ 0.943987677883138, 43.192644105366576 ], [ 0.94374169266428, 43.192639682704858 ], [ 0.943747737625176, 43.192459703163102 ], [ 0.943993722122134, 43.192464125797173 ], [ 0.944011854504645, 43.191924187050745 ], [ 0.943765872173353, 43.19191976449963 ], [ 0.943790050790419, 43.191199846192582 ], [ 0.94403603023425, 43.191204268633051 ], [ 0.944048117764602, 43.190844309386065 ], [ 0.943802139764463, 43.190839887000891 ], [ 0.943808184167864, 43.190659907395464 ], [ 0.944546116169985, 43.190673172882605 ], [ 0.944540073932093, 43.190853152570945 ], [ 0.944786052099431, 43.190857573370671 ], [ 0.944780010527656, 43.191037553080292 ], [ 0.945025989472561, 43.191041973379171 ], [ 0.945032030322491, 43.190861993641896 ], [ 0.945278008601265, 43.190866413384647 ], [ 0.94527196847318, 43.191046393149563 ], [ 0.946255885032662, 43.191064066946204 ], [ 0.946267959458378, 43.190704107188999 ], [ 0.946021981678658, 43.190699689587831 ], [ 0.946015943771799, 43.190879669441991 ], [ 0.945523986935745, 43.190870832598925 ], [ 0.945530026286283, 43.190690852800032 ], [ 0.945038071116708, 43.190682013898275 ], [ 0.945050152538003, 43.190322054391928 ], [ 0.94529612865128, 43.190326474051766 ], [ 0.945302168556541, 43.190146494261384 ], [ 0.945548144003704, 43.190150913365123 ], [ 0.945542104820262, 43.190330893183138 ], [ 0.946034057325315, 43.190339729860419 ], [ 0.946040095065117, 43.190159749987174 ], [ 0.945794119506565, 43.190155331940382 ], [ 0.945800157912495, 43.189975352088432 ], [ 0.946046132749234, 43.189979770107591 ], [ 0.946052170377667, 43.18979979022162 ], [ 0.947036067394158, 43.189817456903064 ], [ 0.94703003265296, 43.189997436899496 ], [ 0.947276007768053, 43.190001852276282 ], [ 0.947282041787441, 43.189821872252239 ], [ 0.947773990740947, 43.189830701365203 ], [ 0.947780023261075, 43.189650721279591 ], [ 0.948025997099482, 43.189655135015784 ], [ 0.948019965301159, 43.189835115128986 ], [ 0.948511914588466, 43.189843941071132 ], [ 0.948493823190631, 43.190383881538189 ], [ 0.948247846353706, 43.190379468748567 ], [ 0.948241815054691, 43.190559448863937 ], [ 0.94848779261345, 43.190563861681149 ], [ 0.94848176198065, 43.190743841817735 ], [ 0.948727740316867, 43.190748254134057 ], [ 0.948721710350294, 43.190928234291896 ], [ 0.948967689463974, 43.190932646107292 ], [ 0.948961660163639, 43.191112626286362 ], [ 0.949207640054782, 43.191117037600833 ], [ 0.949195582731021, 43.191476997995039 ], [ 0.948949601396148, 43.191472586625366 ], [ 0.948919453504252, 43.192372487361631 ], [ 0.949657408504001, 43.192385720298859 ], [ 0.949651380924514, 43.192565700509768 ], [ 0.950143352646138, 43.192574519880473 ], [ 0.950107194664951, 43.193654401343295 ], [ 0.94986120444474, 43.19364999175675 ], [ 0.949867231635845, 43.193470011556414 ], [ 0.94888327419877, 43.193452368035246 ], [ 0.948889304222053, 43.193272387938862 ], [ 0.948643315723749, 43.193267975764819 ], [ 0.948649346413351, 43.193087995689659 ], [ 0.94815737102748, 43.193079169811156 ], [ 0.948163403105313, 43.192899189784846 ], [ 0.94791741621775, 43.192894776080379 ], [ 0.947923448961871, 43.1927147960753 ], [ 0.947677462851868, 43.192710381869922 ], [ 0.94767142938583, 43.192890361847397 ], [ 0.947425442609556, 43.192885947085877 ], [ 0.947419408365946, 43.193065927029373 ], [ 0.947665395864145, 43.193070341818505 ], [ 0.947659362286812, 43.19325032178326 ], [ 0.94790535056259, 43.193254736071445 ], [ 0.947893284684864, 43.193614696037073 ], [ 0.947647294965202, 43.193610281693672 ], [ 0.947641261220924, 43.193790261639336 ], [ 0.947395270834961, 43.193785846739807 ], [ 0.947389236313073, 43.1939658266515 ], [ 0.947635227420994, 43.193970241578633 ], [ 0.947617125687297, 43.194510181358389 ], [ 0.94712513919529, 43.194501350809901 ], [ 0.947119103728785, 43.19468133066853 ], [ 0.946873109844294, 43.194676914573847 ], [ 0.946867073600133, 43.194856894398512 ], [ 0.946621079049326, 43.194852477747659 ], [ 0.946609004949984, 43.19521243732266 ], [ 0.946363009010861, 43.195208020087975 ], [ 0.946356971155659, 43.195387999838331 ], [ 0.946110974550217, 43.195383582047469 ], [ 0.946104935917313, 43.195563561763826 ], [ 0.945612941429492, 43.19555472454114 ] ], [ [ 0.945487749662783, 43.191950711258706 ], [ 0.945979715161198, 43.191959548433289 ], [ 0.945985753402188, 43.191779568617314 ], [ 0.945739771347011, 43.191775150321909 ], [ 0.945757887901444, 43.191235210918684 ], [ 0.945511908067565, 43.191230792177635 ], [ 0.945505868549923, 43.191410771957464 ], [ 0.945259888049885, 43.19140635266028 ], [ 0.945253847754675, 43.191586332406096 ], [ 0.94549982897658, 43.191590751730885 ], [ 0.945487749662783, 43.191950711258706 ] ], [ [ 0.94426388018582, 43.1917486294508 ], [ 0.944509861906717, 43.191753050917249 ], [ 0.944515904423248, 43.191573071260734 ], [ 0.944269923424222, 43.191568649821903 ], [ 0.94426388018582, 43.1917486294508 ] ], [ [ 0.944515904423248, 43.191573071260734 ], [ 0.944761885478003, 43.191577492171007 ], [ 0.944773968900161, 43.191217532783575 ], [ 0.944527989289126, 43.191213111928569 ], [ 0.944515904423248, 43.191573071260734 ] ], [ [ 0.945776003954624, 43.190695271458168 ], [ 0.946021981678658, 43.190699689587831 ], [ 0.946028019529828, 43.190519709727319 ], [ 0.94578204252763, 43.190515291625275 ], [ 0.945776003954624, 43.190695271458168 ] ] ] } },
{ "type": "Feature", "properties": { "surface_ha": 1.12 }, "geometry": { "type": "Polygon", "coordinates": [ [ [ 0.969862867775967, 43.184282030005257 ], [ 0.969868834236883, 43.18410204726684 ], [ 0.96962287934612, 43.184097680938137 ], [ 0.969628846473645, 43.183917698220633 ], [ 0.969382892359548, 43.183913331390826 ], [ 0.969394827892748, 43.183553365991415 ], [ 0.969148875276931, 43.183548998687861 ], [ 0.969160812033203, 43.183189033317682 ], [ 0.969652714433439, 43.183197767287162 ], [ 0.969646747526035, 43.183377750030068 ], [ 0.970138651589598, 43.183386481940694 ], [ 0.970132686070391, 43.183566464731847 ], [ 0.970624591797245, 43.183575194583554 ], [ 0.970618627666263, 43.183755177422924 ], [ 0.971356488833919, 43.183768268319518 ], [ 0.971344564736737, 43.184128234142975 ], [ 0.970360744183473, 43.184110778339097 ], [ 0.970354779165836, 43.184290761132104 ], [ 0.969862867775967, 43.184282030005257 ] ] ] } },
{ "type": "Feature", "properties": { "surface_ha": 5.61 }, "geometry": { "type": "Polygon", "coordinates": [ [ [ 1.03008889574924, 43.186415799225657 ], [ 1.030094685710973, 43.186235809935191 ], [ 1.029848713206945, 43.186231572912035 ], [ 1.029860294413837, 43.185871594365231 ], [ 1.029614323406847, 43.185867356866559 ], [ 1.029620114651987, 43.185687367610207 ], [ 1.029374144420211, 43.185683129609565 ], [ 1.029385728193846, 43.185323151130888 ], [ 1.029139759459073, 43.1853189126548 ], [ 1.029145551987547, 43.185138923432532 ], [ 1.02889958402798, 43.185134684454461 ], [ 1.028893790777724, 43.185314673650232 ], [ 1.028401853575325, 43.185306194055705 ], [ 1.028407648269144, 43.185126204912947 ], [ 1.027915712724079, 43.185117723257555 ], [ 1.027921508808002, 43.184937734161537 ], [ 1.027675541837423, 43.184933492567666 ], [ 1.027681338589656, 43.184753503491862 ], [ 1.026943440164017, 43.184740775619133 ], [ 1.026955037838625, 43.184380797607766 ], [ 1.028676791475634, 43.184410488207739 ], [ 1.028682585180496, 43.184230499006937 ], [ 1.029174513828581, 43.18423897722645 ], [ 1.029180306036524, 43.184058987966289 ], [ 1.028688378831924, 43.18405050979981 ], [ 1.028699965974479, 43.183690531366651 ], [ 1.028945928106603, 43.183694770661091 ], [ 1.028951720876012, 43.183514781408519 ], [ 1.028705759465609, 43.183510542140588 ], [ 1.028711552903308, 43.183330552908238 ], [ 1.028957513591994, 43.183334792149644 ], [ 1.028969098863691, 43.182974813612994 ], [ 1.029215058162391, 43.18297905227297 ], [ 1.029220849996408, 43.182799062968648 ], [ 1.029466808626827, 43.182803301073726 ], [ 1.029461017514507, 43.182983290404508 ], [ 1.029952936378959, 43.182991765082356 ], [ 1.029947146656637, 43.183171754459885 ], [ 1.030193106890666, 43.18317599103262 ], [ 1.030187317836657, 43.183355980430314 ], [ 1.030679239908304, 43.183364452043541 ], [ 1.030667664527002, 43.183724430925921 ], [ 1.030421702021042, 43.183720195330558 ], [ 1.030415913528591, 43.183900184735805 ], [ 1.030169950354285, 43.183895948585473 ], [ 1.03015837176574, 43.184255927324088 ], [ 1.029912407201343, 43.184251690592347 ], [ 1.02990661710523, 43.18443167992568 ], [ 1.030152582391379, 43.184435916683896 ], [ 1.030129424359981, 43.185155874060115 ], [ 1.030375392586596, 43.185160110395863 ], [ 1.030369603667041, 43.185340099750668 ], [ 1.030861541724011, 43.18534857088968 ], [ 1.030867329199992, 43.185168581481946 ], [ 1.031359266026896, 43.185177050454151 ], [ 1.031365052005941, 43.184997060987129 ], [ 1.031611019777659, 43.185001294654072 ], [ 1.031605234520396, 43.185181284147539 ], [ 1.031851203067253, 43.185185517312462 ], [ 1.031845418478421, 43.185365506826138 ], [ 1.031599449209775, 43.18536127363474 ], [ 1.031587878428461, 43.185721252590177 ], [ 1.031341907769579, 43.18571701881735 ], [ 1.031330335331206, 43.186076997694613 ], [ 1.0308383912863, 43.186068528457604 ], [ 1.030832603543425, 43.18624851783381 ], [ 1.030340658268398, 43.18624004642988 ], [ 1.030334869028493, 43.186420035746792 ], [ 1.03008889574924, 43.186415799225657 ] ] ] } },
{ "type": "Feature", "properties": { "surface_ha": 2.56 }, "geometry": { "type": "Polygon", "coordinates": [ [ [ 1.02448958830414, 43.184518326290132 ], [ 1.024495394332182, 43.184338337546812 ], [ 1.023757502324115, 43.18432558922381 ], [ 1.023763310463818, 43.184145600553926 ], [ 1.023271384169738, 43.184137099082882 ], [ 1.023277193699335, 43.183957110459794 ], [ 1.023031231354388, 43.183952858958186 ], [ 1.02304285169628, 43.183592881746293 ], [ 1.023288812597789, 43.183597133194745 ], [ 1.023335286048534, 43.182157223881951 ], [ 1.023581241230137, 43.182161474589286 ], [ 1.023569624632233, 43.18252145200853 ], [ 1.023815581310736, 43.182525702240625 ], [ 1.023809773653108, 43.182705690967332 ], [ 1.024055731106849, 43.182709940697599 ], [ 1.024067344925195, 43.182349963184684 ], [ 1.024313300989142, 43.182354212333379 ], [ 1.024301688614144, 43.18271418989945 ], [ 1.024547646174989, 43.182718438572856 ], [ 1.024536035029173, 43.183078416166829 ], [ 1.025027953198234, 43.183086912034689 ], [ 1.02502214898841, 43.18326690087531 ], [ 1.025268108874939, 43.183271148043175 ], [ 1.025262305333289, 43.183451136904054 ], [ 1.025016344725055, 43.183446889709614 ], [ 1.025010540408168, 43.18362687853763 ], [ 1.024518617908874, 43.183618382510396 ], [ 1.024512812095019, 43.183798371278961 ], [ 1.024758774039616, 43.183802619583375 ], [ 1.024752968893941, 43.183982608372212 ], [ 1.024998931613802, 43.183986856174741 ], [ 1.024987322605304, 43.184346833786556 ], [ 1.024741358441973, 43.184342585930914 ], [ 1.024735553135677, 43.1845225747008 ], [ 1.02448958830414, 43.184518326290132 ] ] ] } },
{ "type": "Feature", "properties": { "surface_ha": 6.05 }, "geometry": { "type": "Polygon", "coordinates": [ [ [ 0.939088560692269, 43.184632036987857 ], [ 0.939118844835868, 43.183732140583516 ], [ 0.939364793573619, 43.183736572457398 ], [ 0.939370849513205, 43.183556593129737 ], [ 0.939616797585241, 43.183561024447556 ], [ 0.93962285274742, 43.183381045085831 ], [ 0.939130958102312, 43.183372181977212 ], [ 0.939215744711962, 43.180852471020053 ], [ 0.939461681905483, 43.180856902450564 ], [ 0.939455626803563, 43.181036881873744 ], [ 0.940193440883537, 43.181050173078646 ], [ 0.940205546702762, 43.180690214059688 ], [ 0.940451483398142, 43.180694643349327 ], [ 0.940457535502571, 43.180514663802597 ], [ 0.940703471532308, 43.180519092536251 ], [ 0.940697420149333, 43.18069907211067 ], [ 0.94094335695633, 43.180703500343704 ], [ 0.940937306239012, 43.180883479939418 ], [ 0.94118324382327, 43.180887907671874 ], [ 0.941171143664178, 43.181247866899618 ], [ 0.941417082747175, 43.181252294159101 ], [ 0.94141103330542, 43.181432273791117 ], [ 0.941656973165689, 43.181436700549988 ], [ 0.941620679672624, 43.182516578374468 ], [ 0.941866623917719, 43.182521004771083 ], [ 0.941860575528493, 43.182700984413898 ], [ 0.942106520550896, 43.182705410309872 ], [ 0.942100472827429, 43.18288538997399 ], [ 0.941362635762952, 43.182872110618028 ], [ 0.941356585819083, 43.183052090192739 ], [ 0.940864693278634, 43.183043234591729 ], [ 0.9408525903373, 43.183403193611305 ], [ 0.940360695133879, 43.183394335786154 ], [ 0.940348589083056, 43.183754294669491 ], [ 0.940102640121946, 43.183749864908997 ], [ 0.940090532404679, 43.184109823711509 ], [ 0.939598631763653, 43.184100962494632 ], [ 0.939592576378101, 43.184280941830913 ], [ 0.939346625419766, 43.184276510402263 ], [ 0.939334513037943, 43.184636469000289 ], [ 0.939088560692269, 43.184632036987857 ] ] ] } },
{ "type": "Feature", "properties": { "surface_ha": 1.28 }, "geometry": { "type": "Polygon", "coordinates": [ [ [ 1.029507344917655, 43.181543375581427 ], [ 1.029571039516233, 43.179563492040401 ], [ 1.03055482261424, 43.179580437268925 ], [ 1.030537460659914, 43.180120405900986 ], [ 1.030783408732622, 43.180124640966639 ], [ 1.030777622029366, 43.180304630524546 ], [ 1.031023570877041, 43.180308865088321 ], [ 1.031017784842025, 43.180488854666365 ], [ 1.03052588575683, 43.180480384957491 ], [ 1.03053167323506, 43.180300395432383 ], [ 1.030285724494127, 43.180296159811867 ], [ 1.030291512640582, 43.180116170306952 ], [ 1.030045564674628, 43.180111934184517 ], [ 1.030033986885136, 43.180471913135072 ], [ 1.030279936294292, 43.180476149310472 ], [ 1.030274148041076, 43.18065613880276 ], [ 1.030028197910308, 43.180651902600879 ], [ 1.030005041477104, 43.181371860401043 ], [ 1.029759088513213, 43.18136762356481 ], [ 1.029753298549792, 43.181547612972572 ], [ 1.029507344917655, 43.181543375581427 ] ] ] } },
{ "type": "Feature", "properties": { "surface_ha": 7.01 }, "geometry": { "type": "Polygon", "coordinates": [ [ [ 1.02159615898053, 43.182667419616394 ], [ 1.021607787232293, 43.18230744263527 ], [ 1.021361831757805, 43.182303187674101 ], [ 1.021373461238395, 43.181943210720938 ], [ 1.021127507260843, 43.181938955284579 ], [ 1.021133322642341, 43.18175896682515 ], [ 1.020887369440064, 43.181754710887013 ], [ 1.020893185489567, 43.181574722447863 ], [ 1.020647233062565, 43.181570466007955 ], [ 1.020658866443912, 43.181210489163931 ], [ 1.020412915513805, 43.181206232248861 ], [ 1.020418732845628, 43.18102624384403 ], [ 1.020664683054118, 43.18103050073249 ], [ 1.020670499610684, 43.180850512294704 ], [ 1.021162398745367, 43.180859024433211 ], [ 1.021168213805083, 43.180679035935917 ], [ 1.021414162731268, 43.180683291185971 ], [ 1.021408348393157, 43.180863279709911 ], [ 1.021654298094569, 43.18086753445823 ], [ 1.021665925273968, 43.18050755735085 ], [ 1.021911873585791, 43.180511811517576 ], [ 1.021917686373478, 43.180331822927805 ], [ 1.022163634017317, 43.180336076539575 ], [ 1.022169446029809, 43.180156087916885 ], [ 1.022415393005665, 43.180160340973664 ], [ 1.022421204242976, 43.179980352318083 ], [ 1.022667150550844, 43.179984604819936 ], [ 1.022678771421549, 43.17962462743661 ], [ 1.022924716339862, 43.179628879356912 ], [ 1.022936335553112, 43.179268901895178 ], [ 1.023182279081887, 43.17927315323395 ], [ 1.023199705335309, 43.178733186914229 ], [ 1.023937529749145, 43.178745937521221 ], [ 1.023914303295992, 43.17946589292049 ], [ 1.024160247760567, 43.179470142172413 ], [ 1.024154441734967, 43.179650131033036 ], [ 1.023908496548827, 43.17964588175451 ], [ 1.023896882893842, 43.18000585940365 ], [ 1.024142829523129, 43.180010108735296 ], [ 1.024137023336889, 43.180190097576975 ], [ 1.024628918199263, 43.180198594708315 ], [ 1.02462311340266, 43.180378583596806 ], [ 1.024377165223111, 43.180374335268752 ], [ 1.02435974834728, 43.180914301816671 ], [ 1.02411379805646, 43.180910052880549 ], [ 1.024078958529323, 43.181989985646517 ], [ 1.023833003962251, 43.181985736022554 ], [ 1.023827196465306, 43.182165724768218 ], [ 1.023581241230137, 43.182161474589286 ], [ 1.023587049448738, 43.181981485870196 ], [ 1.02334109498879, 43.181977235189422 ], [ 1.023335286048534, 43.182157223881951 ], [ 1.022843375846056, 43.182148720882047 ], [ 1.022837565408902, 43.182328709515055 ], [ 1.02234565397745, 43.182320204348358 ], [ 1.022339842043376, 43.182500192921893 ], [ 1.021847929382995, 43.182491685588367 ], [ 1.021842115951974, 43.182671674102366 ], [ 1.02159615898053, 43.182667419616394 ] ], [ [ 1.02187699573389, 43.181591742923622 ], [ 1.022122948429015, 43.181595996721576 ], [ 1.022128760816726, 43.181416008143081 ], [ 1.021882808843233, 43.181411754371737 ], [ 1.02187699573389, 43.181591742923622 ] ], [ [ 1.021888621898964, 43.181231765813529 ], [ 1.022134573150832, 43.181236019558284 ], [ 1.022140385431334, 43.18105603096717 ], [ 1.021894434901084, 43.181051777248989 ], [ 1.021888621898964, 43.181231765813529 ] ], [ [ 1.021900247849596, 43.180871788678182 ], [ 1.022146197658233, 43.180876042369746 ], [ 1.02215200983153, 43.180696053765992 ], [ 1.021906060744499, 43.180691800101044 ], [ 1.021900247849596, 43.180871788678182 ] ], [ [ 1.022649718842886, 43.180524570847531 ], [ 1.022895667369101, 43.180528822900783 ], [ 1.022901477270414, 43.180348834204651 ], [ 1.022655529465792, 43.180344582177973 ], [ 1.022649718842886, 43.180524570847531 ] ] ] } },
{ "type": "Feature", "properties": { "surface_ha": 1.56 }, "geometry": { "type": "Polygon", "coordinates": [ [ [ 0.967228009529807, 43.174690522349827 ], [ 0.967239953876404, 43.174330556849362 ], [ 0.966748123388132, 43.174321813935038 ], [ 0.966760070399494, 43.173961848518545 ], [ 0.966514156680506, 43.173957476323757 ], [ 0.966520130824814, 43.17377749363331 ], [ 0.966274217882169, 43.173773120937689 ], [ 0.966280192692631, 43.173593138268238 ], [ 0.966034280526327, 43.173588765071727 ], [ 0.966046231424432, 43.173228799768502 ], [ 0.966292142148266, 43.173233172910301 ], [ 0.966304091383522, 43.172873207526948 ], [ 0.96605818210213, 43.172868834439875 ], [ 0.966076107705424, 43.172328886399306 ], [ 0.966567921996072, 43.172337631881256 ], [ 0.966561948292469, 43.172517614622478 ], [ 0.966807856241625, 43.172521986598539 ], [ 0.966801883204141, 43.172701969360766 ], [ 0.967047791929583, 43.172706340836008 ], [ 0.96702390211374, 43.173426271930701 ], [ 0.967269813779148, 43.173430642987107 ], [ 0.967245925967095, 43.174150574089609 ], [ 0.967491840572576, 43.174154944727128 ], [ 0.967479897778663, 43.174514910294938 ], [ 0.967725813881751, 43.174519280458917 ], [ 0.967719843123479, 43.174699263260628 ], [ 0.967228009529807, 43.174690522349827 ] ] ] } },
{ "type": "Feature", "properties": { "surface_ha": 5.21 }, "geometry": { "type": "Polygon", "coordinates": [ [ [ 1.026764648219518, 43.175012875427491 ], [ 1.026782040318186, 43.174472907537918 ], [ 1.026536115519719, 43.174468664312599 ], [ 1.026524519397962, 43.174828642858905 ], [ 1.026278593210188, 43.174824399052241 ], [ 1.026284392019192, 43.174644409808778 ], [ 1.026038466606285, 43.174640165500378 ], [ 1.026050065506622, 43.174280187047636 ], [ 1.025804141589957, 43.174275942264053 ], [ 1.025827341634296, 43.173555985388973 ], [ 1.025581420656549, 43.173551740183328 ], [ 1.02558722125526, 43.173371750975342 ], [ 1.025341301052346, 43.17336750526799 ], [ 1.025352903531957, 43.173007526886146 ], [ 1.026336578893881, 43.173024506333704 ], [ 1.026342377168151, 43.172844517027158 ], [ 1.027326050500306, 43.172861487916727 ], [ 1.027331845835838, 43.172681498497745 ], [ 1.028069599232174, 43.172694221038853 ], [ 1.0280638060606, 43.172874210537444 ], [ 1.028555643367925, 43.172882689643387 ], [ 1.028544059749832, 43.17324266872761 ], [ 1.028298139626799, 43.173238429385741 ], [ 1.028292347016295, 43.173418418891892 ], [ 1.028538267860669, 43.173422658260272 ], [ 1.028532475918094, 43.173602647786602 ], [ 1.02902431920977, 43.173611124991638 ], [ 1.029018528656493, 43.1737911145647 ], [ 1.029264451103789, 43.173795352401349 ], [ 1.029258661218476, 43.17397534199457 ], [ 1.029504584440528, 43.173979579329476 ], [ 1.029498795223193, 43.174159568942891 ], [ 1.029744719220002, 43.174163805776011 ], [ 1.029738930670655, 43.174343795409641 ], [ 1.02875523211826, 43.174326844801584 ], [ 1.028749440629998, 43.174506834322891 ], [ 1.028503515404022, 43.174502595323695 ], [ 1.028497723140963, 43.17468258481221 ], [ 1.028005871406487, 43.174674105175988 ], [ 1.02801166511232, 43.174494115740529 ], [ 1.027273890075499, 43.174481392403763 ], [ 1.027262298282069, 43.174841371109267 ], [ 1.02750822468368, 43.174845612802834 ], [ 1.02750242942819, 43.175025602172617 ], [ 1.026764648219518, 43.175012875427491 ] ] ] } },
{ "type": "Feature", "properties": { "surface_ha": 1.32 }, "geometry": { "type": "Polygon", "coordinates": [ [ [ 0.965830200642744, 43.172324512866069 ], [ 0.965848127913704, 43.171784564850405 ], [ 0.965356318280765, 43.171775816363571 ], [ 0.965368272403885, 43.171415851097457 ], [ 0.966105982608949, 43.171428972871347 ], [ 0.966100007738438, 43.171608955589654 ], [ 0.966591816259632, 43.171617700852842 ], [ 0.966597789687814, 43.171437718079872 ], [ 0.967089596987008, 43.17144646117579 ], [ 0.967101540793499, 43.171086495501456 ], [ 0.967347443083389, 43.171090866202519 ], [ 0.967335500719212, 43.171450831931516 ], [ 0.96758140450648, 43.171455202159088 ], [ 0.967587374994936, 43.171275219270441 ], [ 0.968325084523559, 43.17128832670226 ], [ 0.968319116198587, 43.171468309672903 ], [ 0.968565020206037, 43.171472677787868 ], [ 0.968559052547201, 43.171652660779436 ], [ 0.968313147818579, 43.171648292637165 ], [ 0.968307179383537, 43.171828275595104 ], [ 0.967569463364396, 43.171815167917345 ], [ 0.967575433962965, 43.171635185041403 ], [ 0.967329529454532, 43.171630814786468 ], [ 0.967323558134786, 43.171810797635132 ], [ 0.966585842776368, 43.171797683619488 ], [ 0.966579869238021, 43.171977666379746 ], [ 0.966333963507528, 43.171973293957542 ], [ 0.966327989192911, 43.172153276684121 ], [ 0.966082082796323, 43.172148903706415 ], [ 0.966076107705424, 43.172328886399306 ], [ 0.965830200642744, 43.172324512866069 ] ] ] } },
{ "type": "Feature", "properties": { "surface_ha": 1.48 }, "geometry": { "type": "Polygon", "coordinates": [ [ [ 0.992915684470442, 43.171722521068773 ], [ 0.992921580621725, 43.171542535376631 ], [ 0.993167488656795, 43.171546850620643 ], [ 0.993173384032495, 43.171366864895177 ], [ 0.993911106300226, 43.171379807377129 ], [ 0.993928785610371, 43.170839849920029 ], [ 0.994174690978047, 43.170844162943418 ], [ 0.994180583251558, 43.170664177084738 ], [ 0.994426487952382, 43.170668489552995 ], [ 0.994420596400057, 43.170848475438611 ], [ 0.994666501876398, 43.170852787405657 ], [ 0.994678283484352, 43.170492815574143 ], [ 0.995170091715253, 43.170501437815872 ], [ 0.995175980995399, 43.170321451836706 ], [ 0.995421884471136, 43.170325762138383 ], [ 0.995415995912165, 43.170505748144528 ], [ 0.995661900163383, 43.170510057944988 ], [ 0.995650124324909, 43.170870029992166 ], [ 0.995896030072792, 43.170874339318374 ], [ 0.995890142793309, 43.171054325359421 ], [ 0.99564423632423, 43.171050016006269 ], [ 0.995638348269256, 43.171230002014063 ], [ 0.995146534051585, 43.171221381669319 ], [ 0.995140644499896, 43.171401367616845 ], [ 0.994894736751316, 43.171397056625239 ], [ 0.994888846424101, 43.171577042539511 ], [ 0.994642938008622, 43.1715727309928 ], [ 0.994648829057051, 43.171392745105521 ], [ 0.9941570138315, 43.171384120481441 ], [ 0.994151121340646, 43.171564106314776 ], [ 0.993413396746228, 43.171551165336425 ], [ 0.993407502037379, 43.171731151082525 ], [ 0.992915684470442, 43.171722521068773 ] ] ] } },
{ "type": "Feature", "properties": { "surface_ha": 10.06 }, "geometry": { "type": "Polygon", "coordinates": [ [ [ 0.990848075393764, 43.174747732011646 ], [ 0.990853978240055, 43.174567746643177 ], [ 0.990608058433064, 43.174563426186317 ], [ 0.990619865404972, 43.174203455484424 ], [ 0.989882110638553, 43.174190491106565 ], [ 0.989888016206757, 43.174010505827198 ], [ 0.989642098781496, 43.174006183338484 ], [ 0.989648005016536, 43.173826198079801 ], [ 0.989156171772004, 43.173817551571801 ], [ 0.989162079395156, 43.173637566360867 ], [ 0.98891616357589, 43.173633242341552 ], [ 0.988922071865844, 43.17345325715133 ], [ 0.988676156822344, 43.173448932630869 ], [ 0.988682065779085, 43.173268947461317 ], [ 0.988436151511346, 43.173264622439724 ], [ 0.988442061134866, 43.173084637290891 ], [ 0.988687974681338, 43.17308896228549 ], [ 0.988699792322378, 43.172728991914717 ], [ 0.988945704480829, 43.172733316327012 ], [ 0.988957520461431, 43.172373345876856 ], [ 0.989203431231874, 43.172377669706854 ], [ 0.989215245552096, 43.172017699177289 ], [ 0.988969336224113, 43.172013375401363 ], [ 0.988981151768882, 43.171653404900525 ], [ 0.988735243937812, 43.171649080650482 ], [ 0.988741152349685, 43.171469095417599 ], [ 0.98923296662389, 43.171477743335437 ], [ 0.98923887353888, 43.17129775804213 ], [ 0.989730686588563, 43.171306403793203 ], [ 0.989736592006694, 43.171126418439513 ], [ 0.989982497892028, 43.171130740495748 ], [ 0.989988402534514, 43.170950755108677 ], [ 0.989742497370369, 43.170946433079493 ], [ 0.989754307934354, 43.170586462340431 ], [ 0.98950840426702, 43.170582139837158 ], [ 0.9895143101885, 43.170402154485146 ], [ 0.989268407296795, 43.170397831480692 ], [ 0.989280220418691, 43.170037860811767 ], [ 0.990509728210155, 43.170059470282176 ], [ 0.990515631083659, 43.169879484803076 ], [ 0.991499235412045, 43.169896762764644 ], [ 0.99149333542315, 43.170076748351789 ], [ 0.991985139356109, 43.170085384217714 ], [ 0.991979240755128, 43.170265369852508 ], [ 0.99222514352436, 43.170269687020237 ], [ 0.99221334760156, 43.170629658324849 ], [ 0.991721539232806, 43.170621023353256 ], [ 0.991715639747463, 43.170801008942057 ], [ 0.991469734923504, 43.170796690637026 ], [ 0.991463834662572, 43.170976676192502 ], [ 0.991217929171835, 43.170972357332275 ], [ 0.991212028135304, 43.17115234285442 ], [ 0.990720215874699, 43.171143703495467 ], [ 0.990714313341354, 43.171323688957237 ], [ 0.990222499856072, 43.171315047431555 ], [ 0.99021659582589, 43.171495032832972 ], [ 0.989970688443709, 43.171490711250854 ], [ 0.989958878777587, 43.171850681980601 ], [ 0.990204787602195, 43.171855003616805 ], [ 0.990198883408679, 43.172034988999187 ], [ 0.990690702663671, 43.17204363074103 ], [ 0.99068479985817, 43.172223616171159 ], [ 0.991176620773354, 43.172232255854276 ], [ 0.991164817884023, 43.172592226803545 ], [ 0.991656641901855, 43.172600864481929 ], [ 0.991662541931239, 43.172420878956423 ], [ 0.991908453300524, 43.172425196976342 ], [ 0.991902553992386, 43.172605182528805 ], [ 0.99313211526092, 43.172626764840324 ], [ 0.993126219504659, 43.17280675052146 ], [ 0.993618045835206, 43.172815379802628 ], [ 0.993594468036662, 43.173535322679662 ], [ 0.992856719967104, 43.173522377641795 ], [ 0.992850823217705, 43.173702363264276 ], [ 0.992358990000632, 43.173693730543953 ], [ 0.992353091754263, 43.173873716106122 ], [ 0.991615340172719, 43.173860762983068 ], [ 0.991603539188984, 43.17422073392639 ], [ 0.991357620661346, 43.174216415108205 ], [ 0.991345818017327, 43.174576385972209 ], [ 0.991099898101477, 43.17457206657182 ], [ 0.991093995976513, 43.174752051967289 ], [ 0.990848075393764, 43.174747732011646 ] ], [ [ 0.9889338882823, 43.173093286751843 ], [ 0.989179801937744, 43.173097610690014 ], [ 0.989185709342989, 43.172917625453721 ], [ 0.988939796408805, 43.172913301542572 ], [ 0.9889338882823, 43.173093286751843 ] ], [ [ 0.990672994083872, 43.172583587012376 ], [ 0.990918905956734, 43.172587907172044 ], [ 0.990924808149856, 43.172407921727597 ], [ 0.990678896998239, 43.172403601594908 ], [ 0.990672994083872, 43.172583587012376 ] ] ] } },
{ "type": "Feature", "properties": { "surface_ha": 1.12 }, "geometry": { "type": "Polygon", "coordinates": [ [ [ 0.964420537922708, 43.170318452710831 ], [ 0.964426517455373, 43.170138470139563 ], [ 0.96418061943237, 43.170134093237643 ], [ 0.964192579774496, 43.169774128130896 ], [ 0.963946683248842, 43.169769750755577 ], [ 0.963958644812574, 43.169409785678177 ], [ 0.963712749784248, 43.169405407829494 ], [ 0.963724712569537, 43.16904544278141 ], [ 0.96397060615571, 43.169049820575353 ], [ 0.963982567278257, 43.168689855447134 ], [ 0.963736675134208, 43.168685477707953 ], [ 0.963748637478266, 43.168325512609108 ], [ 0.96424041893731, 43.168334267449865 ], [ 0.96421649979703, 43.169054197841177 ], [ 0.964462393493491, 43.169058574578891 ], [ 0.964456414291646, 43.169238557188208 ], [ 0.964702308764315, 43.169242933425188 ], [ 0.964690351637385, 43.169602898679535 ], [ 0.964936247607351, 43.169607274443116 ], [ 0.964912335576349, 43.170327204985057 ], [ 0.964420537922708, 43.170318452710831 ] ] ] } },
{ "type": "Feature", "properties": { "surface_ha": 1.48 }, "geometry": { "type": "Polygon", "coordinates": [ [ [ 0.971407026448029, 43.167381074730699 ], [ 0.971412984855171, 43.167201091286564 ], [ 0.970675323101557, 43.167188004750514 ], [ 0.970681283616786, 43.167008021381918 ], [ 0.970435397196506, 43.167003658174352 ], [ 0.970453280575419, 43.166463708112218 ], [ 0.970945049144965, 43.166472433835565 ], [ 0.970951008719371, 43.166292450414275 ], [ 0.971442776066761, 43.16630117397078 ], [ 0.971460650134446, 43.16576122350515 ], [ 0.971706531727637, 43.165765584409534 ], [ 0.971694617179389, 43.166125551447479 ], [ 0.971940500269449, 43.166129911878315 ], [ 0.971922630198045, 43.16666986246949 ], [ 0.972168515505987, 43.166674222454056 ], [ 0.972144690859175, 43.167394156595847 ], [ 0.971407026448029, 43.167381074730699 ] ] ] } },
{ "type": "Feature", "properties": { "surface_ha": 3.29 }, "geometry": { "type": "Polygon", "coordinates": [ [ [ 0.975551453260784, 43.168535045768465 ], [ 0.975557399739523, 43.168355061899234 ], [ 0.975311507173995, 43.168350709062679 ], [ 0.975329348444382, 43.167810757498565 ], [ 0.974837567804167, 43.167802050404525 ], [ 0.974843516226701, 43.167622066591562 ], [ 0.974597626709904, 43.167617712279636 ], [ 0.974603575798622, 43.167437728487585 ], [ 0.974357687057715, 43.167433373674783 ], [ 0.974363636812599, 43.167253389903621 ], [ 0.973871860937431, 43.167244678748226 ], [ 0.973877812079487, 43.167064695025211 ], [ 0.973631924945229, 43.167060338682653 ], [ 0.973608117163635, 43.167780273427795 ], [ 0.973116337291563, 43.167771558940437 ], [ 0.97310443018728, 43.168131526165929 ], [ 0.97261264765062, 43.168122809457216 ], [ 0.972642422209943, 43.167222891618415 ], [ 0.972888309845647, 43.167227250100545 ], [ 0.972906171759311, 43.166687299239371 ], [ 0.972660286286629, 43.166682940838996 ], [ 0.972672195396549, 43.166322973621 ], [ 0.972426311420754, 43.166318614747091 ], [ 0.972432266614337, 43.166138631155832 ], [ 0.972186383414434, 43.166134271781097 ], [ 0.972198295078806, 43.165774304634077 ], [ 0.971952413375758, 43.165769944785822 ], [ 0.971958369846529, 43.165589961230076 ], [ 0.97269601295753, 43.165603039108859 ], [ 0.972690058649642, 43.165783022746425 ], [ 0.972444176836769, 43.165778663954264 ], [ 0.972438221753008, 43.165958647558242 ], [ 0.972929986875594, 43.16596736466898 ], [ 0.972912125620731, 43.166507315606289 ], [ 0.973158010427318, 43.166511673451332 ], [ 0.973146104091576, 43.166871640765649 ], [ 0.973391990395056, 43.166875998137101 ], [ 0.97343960865278, 43.165436128509583 ], [ 0.973193728117134, 43.165431771356104 ], [ 0.973199680873321, 43.16525178765135 ], [ 0.973691440557597, 43.165260501375791 ], [ 0.973697391817009, 43.165080517610214 ], [ 0.9741891502789, 43.165089229168004 ], [ 0.974183200461376, 43.165269212988065 ], [ 0.973937320482052, 43.165264857445955 ], [ 0.973931369888716, 43.165444841232429 ], [ 0.97368548924331, 43.165440485135065 ], [ 0.973673586450107, 43.16580045263445 ], [ 0.974165350679631, 43.165809164410156 ], [ 0.974159400642654, 43.165989148204844 ], [ 0.973913517779487, 43.165984792553765 ], [ 0.973907566966668, 43.166164776314886 ], [ 0.973661683437395, 43.166160420108525 ], [ 0.973649780205168, 43.166520387557206 ], [ 0.973895665176416, 43.166524743818037 ], [ 0.973889714198981, 43.166704727560116 ], [ 0.974135599946099, 43.166709083320121 ], [ 0.974129649634794, 43.166889067083076 ], [ 0.974621422735634, 43.166897777073352 ], [ 0.974615473811486, 43.167077760884439 ], [ 0.975107248573769, 43.167086468816862 ], [ 0.975101301036802, 43.16726645267606 ], [ 0.975347189221232, 43.167270805877358 ], [ 0.975341242350451, 43.167450789757439 ], [ 0.975095353444997, 43.167446436528905 ], [ 0.975089405798347, 43.16762642037542 ], [ 0.975581185106161, 43.167635126358839 ], [ 0.975575238846748, 43.167815110253457 ], [ 0.975821129303945, 43.167819462480239 ], [ 0.97581518371075, 43.167999446395726 ], [ 0.97606107494382, 43.168003798121624 ], [ 0.976043239998471, 43.168543749911656 ], [ 0.975551453260784, 43.168535045768465 ] ] ] } },
{ "type": "Feature", "properties": { "surface_ha": 5.17 }, "geometry": { "type": "Polygon", "coordinates": [ [ [ 0.98516500724146, 43.167984455777621 ], [ 0.98517092537981, 43.167804470824002 ], [ 0.984925033565025, 43.167800138692108 ], [ 0.984936871120121, 43.167440168820114 ], [ 0.984690980802024, 43.167435836214281 ], [ 0.984702819580892, 43.167075866371114 ], [ 0.984456930759457, 43.167071533291399 ], [ 0.984480610546293, 43.166351593637394 ], [ 0.984234724663524, 43.166347260137982 ], [ 0.984246565671419, 43.165987290327173 ], [ 0.984000681285241, 43.165982956353893 ], [ 0.984006602428289, 43.165802971466064 ], [ 0.983760718817698, 43.165798636991816 ], [ 0.98376664062713, 43.165618652124799 ], [ 0.983520757792123, 43.16561431714959 ], [ 0.983526680267925, 43.165434332303327 ], [ 0.983034916203698, 43.165425660822976 ], [ 0.983028992285948, 43.165605645615038 ], [ 0.982783109614794, 43.165601309055646 ], [ 0.982777184921441, 43.165781293814248 ], [ 0.982531301583938, 43.165776956699688 ], [ 0.982543152357964, 43.165416987230401 ], [ 0.982297270517048, 43.165412649642029 ], [ 0.982303196543071, 43.165232664925007 ], [ 0.982549077663022, 43.165237002486251 ], [ 0.98256685325038, 43.164697048215785 ], [ 0.982812732262111, 43.164701385167604 ], [ 0.982818656627691, 43.164521400371015 ], [ 0.98306453497311, 43.164525736767665 ], [ 0.983070458563129, 43.164345751937574 ], [ 0.983562213975952, 43.164354423092576 ], [ 0.983568136069498, 43.164174438201933 ], [ 0.984059890258892, 43.164183107190574 ], [ 0.984053969607203, 43.16436309213541 ], [ 0.984545725456826, 43.164371759066107 ], [ 0.984551644666656, 43.164191774067035 ], [ 0.985043399292736, 43.164200438831372 ], [ 0.98504931700614, 43.164020453771833 ], [ 0.985295193680109, 43.164024785334846 ], [ 0.985301110618027, 43.163844800241847 ], [ 0.986038738804501, 43.16385779168148 ], [ 0.986032824029338, 43.164037776855729 ], [ 0.986524577868197, 43.164046435229459 ], [ 0.986512751037982, 43.164406405667215 ], [ 0.985529237810977, 43.164389086590994 ], [ 0.985523321430319, 43.164569071692071 ], [ 0.985277442538996, 43.164564740575798 ], [ 0.985271525382837, 43.164744725643445 ], [ 0.985025645825129, 43.164740393972089 ], [ 0.98501972789346, 43.164920379006318 ], [ 0.98477384766937, 43.16491604677978 ], [ 0.984767928962173, 43.165096031780593 ], [ 0.984522048071701, 43.165091698998921 ], [ 0.984486530356535, 43.166171608708055 ], [ 0.984732415572887, 43.166175941652277 ], [ 0.984720577339831, 43.166535911558839 ], [ 0.984966464052776, 43.166540244029179 ], [ 0.984960545575395, 43.166720229000035 ], [ 0.985452320607038, 43.166728892410667 ], [ 0.985446403517133, 43.166908877429364 ], [ 0.986184068636865, 43.166921868665902 ], [ 0.986178153655496, 43.167101853759526 ], [ 0.986424042858867, 43.1671061831426 ], [ 0.986412214174591, 43.167466153364934 ], [ 0.98616632352913, 43.167461823927717 ], [ 0.986160408384133, 43.167641809002305 ], [ 0.985914517072163, 43.167637479009905 ], [ 0.985908601151561, 43.167817464051062 ], [ 0.985662709173084, 43.167813133503479 ], [ 0.985656792476865, 43.167993118511255 ], [ 0.98516500724146, 43.167984455777621 ] ] ] } },
{ "type": "Feature", "properties": { "surface_ha": 19.39 }, "geometry": { "type": "Polygon", "coordinates": [ [ [ 0.980267608001236, 43.174741458409038 ], [ 0.980285409589314, 43.174201505797839 ], [ 0.980039492850559, 43.174197162654409 ], [ 0.980051361744913, 43.173837194269545 ], [ 0.979313616184714, 43.173824161833004 ], [ 0.979319552713617, 43.173644177712546 ], [ 0.979565467124344, 43.173648522359116 ], [ 0.979571402877239, 43.17346853820515 ], [ 0.979325489187775, 43.173464193585772 ], [ 0.97933142560719, 43.173284209452653 ], [ 0.979577338575397, 43.173288554044881 ], [ 0.979589209807508, 43.172928585705264 ], [ 0.98008103302313, 43.17293727319646 ], [ 0.9800988351334, 43.172397320476513 ], [ 0.980344744659602, 43.172401663348325 ], [ 0.980350677865699, 43.172221679068514 ], [ 0.980596586725394, 43.172226021385029 ], [ 0.980602519155565, 43.172046037071716 ], [ 0.980110702933315, 43.172037351964853 ], [ 0.980128504222799, 43.171497399149807 ], [ 0.980866222147441, 43.171510425773448 ], [ 0.980878085073082, 43.171150457035488 ], [ 0.980632180485863, 43.171146115410053 ], [ 0.98062624832921, 43.171326099755056 ], [ 0.980380343075515, 43.171321757574326 ], [ 0.980404074258594, 43.170601820264885 ], [ 0.980649976627611, 43.170606162337016 ], [ 0.980655908565458, 43.17042617796664 ], [ 0.980901810268024, 43.170430519483453 ], [ 0.980913672537333, 43.170070550669379 ], [ 0.980421872071479, 43.170061867216205 ], [ 0.98041593952189, 43.170241851572086 ], [ 0.979924137832577, 43.170233165952062 ], [ 0.979930071824445, 43.170053181650474 ], [ 0.979684171783001, 43.170048838075388 ], [ 0.97969010644128, 43.16986885379464 ], [ 0.979936005761592, 43.16987319734254 ], [ 0.979947873471736, 43.169513228707693 ], [ 0.979701975593666, 43.169508885214107 ], [ 0.979696041044836, 43.169688869507546 ], [ 0.97920424401064, 43.169680180881649 ], [ 0.979198307964837, 43.169860165114386 ], [ 0.978952408808719, 43.169855819982075 ], [ 0.978946471987048, 43.170035804181332 ], [ 0.978454672396796, 43.170027112277907 ], [ 0.97844873407811, 43.170207096416469 ], [ 0.978202833643983, 43.170202749645384 ], [ 0.978220650599148, 43.16966279729224 ], [ 0.978466548869892, 43.169667143981776 ], [ 0.978478425123961, 43.169307175660279 ], [ 0.97823252829544, 43.169302829025092 ], [ 0.97824440577268, 43.168942860732621 ], [ 0.977752615164319, 43.168934165986613 ], [ 0.977764495306849, 43.168574197777517 ], [ 0.977518601526993, 43.168569849666703 ], [ 0.977542364039029, 43.167849913281131 ], [ 0.977296473198205, 43.167845564750998 ], [ 0.977308355567638, 43.167485596574551 ], [ 0.97706246622368, 43.16748124757072 ], [ 0.97705058241216, 43.167841215692775 ], [ 0.976804691680907, 43.167836866106477 ], [ 0.976828461968925, 43.167116929945777 ], [ 0.977320237717941, 43.167125628372737 ], [ 0.977326178710918, 43.166945644262313 ], [ 0.977572065946582, 43.166949992656505 ], [ 0.977578006163766, 43.166770008512522 ], [ 0.977086233189243, 43.166761311250504 ], [ 0.977080291530035, 43.166941295340088 ], [ 0.97683440440394, 43.166936945889745 ], [ 0.976846289109585, 43.166576977758687 ], [ 0.976600403480299, 43.166572627834682 ], [ 0.976630117890461, 43.165672707532018 ], [ 0.976384235920892, 43.165668357215964 ], [ 0.97641395256588, 43.164768436890789 ], [ 0.976168074255866, 43.164764086182714 ], [ 0.976185905748014, 43.16422413399313 ], [ 0.97643178189526, 43.164228484619571 ], [ 0.976437724895455, 43.164048500516472 ], [ 0.977175351503224, 43.164061549146034 ], [ 0.977181292285907, 43.163881564955012 ], [ 0.977673042189843, 43.163890261346872 ], [ 0.977678981475951, 43.163710277095127 ], [ 0.977924855789169, 43.163714624471837 ], [ 0.977918917223963, 43.163894608750759 ], [ 0.978164792312839, 43.163898955626649 ], [ 0.978152916459977, 43.164258924219858 ], [ 0.978398793045427, 43.164263270622044 ], [ 0.97838098101827, 43.164803223545874 ], [ 0.978626859821252, 43.164807569501562 ], [ 0.978620923090313, 43.164987553824005 ], [ 0.979112682302382, 43.164996244205646 ], [ 0.979106746958602, 43.165176228576073 ], [ 0.97886086660425, 43.165171883622122 ], [ 0.978854930484784, 43.165351867959032 ], [ 0.979346692690128, 43.16536055739325 ], [ 0.979340757957851, 43.165540541778185 ], [ 0.979586639863575, 43.165544885730398 ], [ 0.979556968986256, 43.166444807695719 ], [ 0.979802854551618, 43.166449151255676 ], [ 0.979790987259674, 43.166809120051759 ], [ 0.979545100252294, 43.166804776437488 ], [ 0.979551034646634, 43.166624792069797 ], [ 0.979059262238064, 43.166616103311348 ], [ 0.979065198019694, 43.166436118991612 ], [ 0.978573427272063, 43.166427428175254 ], [ 0.97856155277005, 43.16678739669964 ], [ 0.979053326401703, 43.166796087624725 ], [ 0.979041454564776, 43.167156056232457 ], [ 0.979287342904747, 43.167160400957222 ], [ 0.979275472290943, 43.167520369593923 ], [ 0.979767252019204, 43.167529057567883 ], [ 0.979761318072296, 43.16770904193104 ], [ 0.97951542745976, 43.167704698180962 ], [ 0.979497623127557, 43.168244651150943 ], [ 0.979989408733694, 43.168253338285993 ], [ 0.979995342123691, 43.168073353914686 ], [ 0.980241234287766, 43.168077696662884 ], [ 0.98025903196633, 43.167537743429435 ], [ 0.980504922021951, 43.16754208556808 ], [ 0.980510853751025, 43.167362101117078 ], [ 0.981002632584271, 43.1673707837558 ], [ 0.981008562816581, 43.167190799244182 ], [ 0.981254451594197, 43.167195139744258 ], [ 0.981207013973025, 43.168635015876873 ], [ 0.980961119426945, 43.168630675159619 ], [ 0.980943327253511, 43.169170628523361 ], [ 0.980697430598836, 43.169166287196553 ], [ 0.980691499043874, 43.169346271611303 ], [ 0.981183293850127, 43.169354953791029 ], [ 0.981177363682697, 43.169534938253733 ], [ 0.981669160149911, 43.169543618375215 ], [ 0.981615799162885, 43.171163478742741 ], [ 0.9813698944116, 43.171159138701832 ], [ 0.981358034370695, 43.171519107548392 ], [ 0.981603940564352, 43.171523447643601 ], [ 0.98159801118307, 43.171703432084506 ], [ 0.981843918152599, 43.17170777167869 ], [ 0.981832060668416, 43.172067740595779 ], [ 0.982077969135028, 43.172072079716067 ], [ 0.982072041032146, 43.172252064192207 ], [ 0.981826131844316, 43.172247725044805 ], [ 0.981820202965545, 43.172427709487472 ], [ 0.981574293111166, 43.172423369784759 ], [ 0.981568363456491, 43.172603354193988 ], [ 0.981076542469323, 43.172594673149689 ], [ 0.981070611317499, 43.172774657498266 ], [ 0.980824700184719, 43.172770316156701 ], [ 0.980806904237337, 43.173310269082997 ], [ 0.980560990995517, 43.173305927131757 ], [ 0.980549125314558, 43.173665895663284 ], [ 0.981040954737954, 43.17367457914613 ], [ 0.981035023257955, 43.173854563456686 ], [ 0.981280938772976, 43.173858904432954 ], [ 0.981275007959562, 43.17403888876435 ], [ 0.981029091723258, 43.174034547760897 ], [ 0.981017228489771, 43.174394516350318 ], [ 0.980771310865585, 43.174390174764412 ], [ 0.980765378445492, 43.174570159022437 ], [ 0.980519460154714, 43.174565816881163 ], [ 0.980513526958608, 43.174745801105729 ], [ 0.980267608001236, 43.174741458409038 ] ], [ [ 0.980608451531033, 43.171866052752058 ], [ 0.981346174111058, 43.171879076369564 ], [ 0.98135210426822, 43.171699091962147 ], [ 0.980614383851796, 43.171686068426062 ], [ 0.980608451531033, 43.171866052752058 ] ], [ [ 0.980638112587814, 43.170966131058705 ], [ 0.980884016453859, 43.170970472656997 ], [ 0.980889947779942, 43.170790488272139 ], [ 0.980644044635064, 43.170786146701012 ], [ 0.980638112587814, 43.170966131058705 ] ], [ [ 0.980427804566362, 43.169881882853993 ], [ 0.980673704050808, 43.169886224817496 ], [ 0.980685567434215, 43.169526256019722 ], [ 0.980439669392017, 43.169521914110504 ], [ 0.980427804566362, 43.169881882853993 ] ], [ [ 0.978490301159005, 43.168947207313401 ], [ 0.978736196600086, 43.168951553366128 ], [ 0.978742133814389, 43.168771569156007 ], [ 0.978496239094397, 43.16876722313048 ], [ 0.978490301159005, 43.168947207313401 ] ], [ [ 0.9773558828541, 43.166045723615113 ], [ 0.977601766484769, 43.166050071873322 ], [ 0.977607706428088, 43.16587008769762 ], [ 0.977361823518399, 43.165865739466625 ], [ 0.9773558828541, 43.166045723615113 ] ], [ [ 0.977607706428088, 43.16587008769762 ], [ 0.977853589392549, 43.165874435400568 ], [ 0.977865467672935, 43.165514466975878 ], [ 0.977619586150414, 43.165510119327294 ], [ 0.977607706428088, 43.16587008769762 ] ] ] } },
{ "type": "Feature", "properties": { "surface_ha": 1.2 }, "geometry": { "type": "Polygon", "coordinates": [ [ [ 0.964875662327102, 43.164023434383239 ], [ 0.964887616036621, 43.163663468735265 ], [ 0.964641743914166, 43.163659093346546 ], [ 0.964659676227711, 43.163119144908997 ], [ 0.964413806322956, 43.16311476907439 ], [ 0.96442576236477, 43.162754803472353 ], [ 0.964671630827835, 43.162759179252234 ], [ 0.964677608045227, 43.162579196414327 ], [ 0.96492347584257, 43.162583571638862 ], [ 0.964929452284021, 43.162403588767255 ], [ 0.965175319415641, 43.162407963436443 ], [ 0.96516934369502, 43.162587946335407 ], [ 0.965415211602568, 43.162592320503983 ], [ 0.965409236547685, 43.162772303423971 ], [ 0.965655105231164, 43.162776677091884 ], [ 0.96564913084203, 43.162956660032911 ], [ 0.965895000301439, 43.162961033200169 ], [ 0.965889026578071, 43.16314101616215 ], [ 0.966134896813412, 43.163145388828802 ], [ 0.96612892375582, 43.163325371811766 ], [ 0.966374794767095, 43.163329743977748 ], [ 0.966368822375292, 43.163509726981708 ], [ 0.96612295064315, 43.163505354788398 ], [ 0.966116977475406, 43.163685337758693 ], [ 0.965871105077471, 43.163680965010009 ], [ 0.965877078966085, 43.16350098206707 ], [ 0.965631207344103, 43.163496608817745 ], [ 0.9656371818985, 43.163316625895824 ], [ 0.965391311052471, 43.163312252145829 ], [ 0.965397286272636, 43.163132269244883 ], [ 0.965151416202558, 43.163127894994254 ], [ 0.965121535946423, 43.164027809298652 ], [ 0.964875662327102, 43.164023434383239 ] ] ] } },
{ "type": "Feature", "properties": { "surface_ha": 1.44 }, "geometry": { "type": "Polygon", "coordinates": [ [ [ 0.966878478689818, 43.162978520589377 ], [ 0.966884449474725, 43.162798537511676 ], [ 0.96663858051588, 43.162794166483714 ], [ 0.966644551966571, 43.16261418342701 ], [ 0.965906947582938, 43.162601067257157 ], [ 0.965912921141068, 43.162421084276133 ], [ 0.965175319415641, 43.162407963436443 ], [ 0.965181295081163, 43.162227980531135 ], [ 0.964935428670366, 43.162223605889288 ], [ 0.964947381277742, 43.161863640114291 ], [ 0.965193246246915, 43.161868014701412 ], [ 0.965187270691589, 43.162047997619453 ], [ 0.965433136436668, 43.162052371705954 ], [ 0.965439111271184, 43.161872388760571 ], [ 0.965684976350543, 43.161876762291769 ], [ 0.965690950409166, 43.161696779312692 ], [ 0.966428543815305, 43.161709896656333 ], [ 0.966422571919098, 43.16188987971745 ], [ 0.966668437218752, 43.161894251136737 ], [ 0.966662465988292, 43.162074234218821 ], [ 0.966908332063819, 43.162078605137459 ], [ 0.966902361499123, 43.16225858824054 ], [ 0.966656494702778, 43.162254217294574 ], [ 0.966650523362203, 43.162434200363968 ], [ 0.96738812607887, 43.162447311699928 ], [ 0.967382156845739, 43.16262729484496 ], [ 0.967628025248884, 43.162631664261617 ], [ 0.967616088059194, 43.162991630587292 ], [ 0.966878478689818, 43.162978520589377 ] ] ] } },
{ "type": "Feature", "properties": { "surface_ha": 2.8 }, "geometry": { "type": "Polygon", "coordinates": [ [ [ 0.983345949768479, 43.163450163398089 ], [ 0.983357794796701, 43.163090193601334 ], [ 0.9828660495858, 43.163081521769875 ], [ 0.982871973459758, 43.162901536916209 ], [ 0.982626101657117, 43.162897200235584 ], [ 0.982632026197326, 43.162717215402715 ], [ 0.983123768415484, 43.162725888181733 ], [ 0.983129691459334, 43.162545903288269 ], [ 0.98337556192947, 43.162550238858678 ], [ 0.983381484197845, 43.162370253931762 ], [ 0.983135614448568, 43.162365918388481 ], [ 0.983153383088597, 43.161825963651097 ], [ 0.983399250675332, 43.161830299113035 ], [ 0.983405172725286, 43.161650314160774 ], [ 0.982913439048092, 43.161641642763136 ], [ 0.982919362485093, 43.161461657858773 ], [ 0.984886292737524, 43.161496330560745 ], [ 0.984862621728645, 43.162216271007466 ], [ 0.98510849113917, 43.162220602827638 ], [ 0.985102573971394, 43.162400587950565 ], [ 0.984610833763195, 43.162391923728073 ], [ 0.98460491509913, 43.162571908790476 ], [ 0.984850785896812, 43.162576241192831 ], [ 0.984844867899044, 43.162756226275995 ], [ 0.985090739472163, 43.162760558177403 ], [ 0.985078904754685, 43.163120528378968 ], [ 0.984587158779492, 43.163111863939712 ], [ 0.98458123989713, 43.163291848976769 ], [ 0.983843619181006, 43.163278848276498 ], [ 0.983837698081379, 43.163458833225917 ], [ 0.983345949768479, 43.163450163398089 ] ], [ [ 0.983597745718149, 43.163274513653704 ], [ 0.983843619181006, 43.163278848276498 ], [ 0.983855461216473, 43.16291887835861 ], [ 0.983609589195384, 43.162914543790031 ], [ 0.983597745718149, 43.163274513653704 ] ], [ [ 0.983890986012612, 43.161838968452912 ], [ 0.984382721568256, 43.16184763568085 ], [ 0.984388640734868, 43.161667650620167 ], [ 0.983896906620896, 43.161658983446465 ], [ 0.983890986012612, 43.161838968452912 ] ] ] } },
{ "type": "Feature", "properties": { "surface_ha": 2.4 }, "geometry": { "type": "Polygon", "coordinates": [ [ [ 0.967394095256962, 43.162267328548545 ], [ 0.967406033448029, 43.161907362226707 ], [ 0.966914302573462, 43.161898622028041 ], [ 0.966920273028056, 43.161718638912262 ], [ 0.966674408394151, 43.161714268048293 ], [ 0.966680379514496, 43.161534284953497 ], [ 0.966434515656449, 43.1615299135889 ], [ 0.966446459173549, 43.161169947434921 ], [ 0.966200596812142, 43.161165575597046 ], [ 0.966194624360336, 43.161345558649863 ], [ 0.965948761333211, 43.161341186256656 ], [ 0.965942788105546, 43.16152116927578 ], [ 0.965696924412705, 43.161516796327248 ], [ 0.965690950409166, 43.161696779312692 ], [ 0.964953357498775, 43.16168365721726 ], [ 0.964959333664705, 43.161503674313913 ], [ 0.964221743412626, 43.161490547548865 ], [ 0.964227721685817, 43.161310564721241 ], [ 0.963735996568271, 43.161301810959451 ], [ 0.963741976227902, 43.161121828180178 ], [ 0.963987838038332, 43.161126205297727 ], [ 0.963993816922054, 43.160946222484732 ], [ 0.964485539266741, 43.16095497508114 ], [ 0.964479561824566, 43.161134957948839 ], [ 0.964725423800358, 43.161139333482467 ], [ 0.964731400521757, 43.160959350587405 ], [ 0.96497726183188, 43.160963725565722 ], [ 0.964971285831256, 43.16114370848814 ], [ 0.965463010058354, 43.161152456915595 ], [ 0.965474959121409, 43.160792490954975 ], [ 0.96596668068576, 43.160801237161216 ], [ 0.965960707623318, 43.160981220199368 ], [ 0.966206569208878, 43.160985592537905 ], [ 0.966212541550548, 43.160805609472369 ], [ 0.967195985560305, 43.160823093437521 ], [ 0.967190016101729, 43.16100307661236 ], [ 0.967435877962561, 43.161007446311068 ], [ 0.967429909169726, 43.161187429506889 ], [ 0.967675771806372, 43.161191798704991 ], [ 0.967669803679292, 43.161371781921808 ], [ 0.967915667091757, 43.161376150619219 ], [ 0.967903732114107, 43.16173611708841 ], [ 0.967657867260042, 43.161731748336329 ], [ 0.967651898967874, 43.161911731534097 ], [ 0.967897764542746, 43.161916100313483 ], [ 0.967885829234955, 43.162276066744568 ], [ 0.967394095256962, 43.162267328548545 ] ] ] } },
{ "type": "Feature", "properties": { "surface_ha": 3.25 }, "geometry": { "type": "Polygon", "coordinates": [ [ [ 0.9781766679467, 43.163538987008039 ], [ 0.978188543361558, 43.163179018364104 ], [ 0.977942671156245, 43.16317467159697 ], [ 0.977954547793851, 43.162814702982004 ], [ 0.97721693583169, 43.162801659675679 ], [ 0.977222876230941, 43.162621675440235 ], [ 0.97746874610937, 43.162626023709855 ], [ 0.977480625301852, 43.162266055165603 ], [ 0.977726493793348, 43.162270402852819 ], [ 0.977720554945336, 43.162450387155317 ], [ 0.978212293534295, 43.162459081000087 ], [ 0.978206356073231, 43.162639065350618 ], [ 0.978452226170688, 43.16264341150822 ], [ 0.978458162910896, 43.162463427130525 ], [ 0.978949901828313, 43.162472117807361 ], [ 0.979003317052154, 43.160852257633771 ], [ 0.979249180105545, 43.160856601935642 ], [ 0.979255114136011, 43.160676617413053 ], [ 0.979500976523324, 43.160680961159827 ], [ 0.979489109849263, 43.161040930253016 ], [ 0.979243246020362, 43.161036586451914 ], [ 0.979237311880466, 43.161216570961855 ], [ 0.979483176430171, 43.161220914790107 ], [ 0.979471309427859, 43.161580883845239 ], [ 0.979717175473902, 43.161585227199858 ], [ 0.979705309694404, 43.161945196283973 ], [ 0.97995117723681, 43.161949539164937 ], [ 0.979945244985844, 43.16212952372463 ], [ 0.980191113303786, 43.162133866104725 ], [ 0.980197044833914, 43.16195388151786 ], [ 0.981180515769176, 43.161971245649745 ], [ 0.981162729664885, 43.162511199717081 ], [ 0.98067098976281, 43.162502518544244 ], [ 0.980676919960616, 43.162322533915763 ], [ 0.980185181718966, 43.162313850685258 ], [ 0.980167386636347, 43.162853804388774 ], [ 0.979921515434981, 43.162849461900059 ], [ 0.979915582910515, 43.163029446428041 ], [ 0.979669711042976, 43.163025103384172 ], [ 0.979663777742929, 43.16320508787868 ], [ 0.979417905209222, 43.163200744279642 ], [ 0.979423839230148, 43.163020759812248 ], [ 0.979177967472035, 43.163016415712356 ], [ 0.979166097933708, 43.163376384586357 ], [ 0.978674351698132, 43.163367694693839 ], [ 0.978668415405106, 43.163547679066994 ], [ 0.9781766679467, 43.163538987008039 ] ] ] } },
{ "type": "Feature", "properties": { "surface_ha": 42.99 }, "geometry": { "type": "Polygon", "coordinates": [ [ [ 0.996873769212453, 43.171071557490272 ], [ 0.996879653607142, 43.170891571341507 ], [ 0.996633747642146, 43.170887264127956 ], [ 0.996639632703765, 43.170707277999774 ], [ 0.99688553794757, 43.170711585186339 ], [ 0.996891422233737, 43.170531599024876 ], [ 0.997137326810617, 43.170535905656372 ], [ 0.997149093777815, 43.17017593326058 ], [ 0.997394996966595, 43.170180239310056 ], [ 0.997406762274453, 43.169820266835103 ], [ 0.997160860528, 43.169815960839486 ], [ 0.997166743821714, 43.169635974619446 ], [ 0.997412644847013, 43.169640280588141 ], [ 0.997418527365329, 43.169460294334833 ], [ 0.997664427723727, 43.169464599748444 ], [ 0.997676191155352, 43.169104627169027 ], [ 0.997922090125709, 43.169108932000647 ], [ 0.997927971039039, 43.16892894567453 ], [ 0.998173869342497, 43.168933249951081 ], [ 0.998185629564232, 43.168573277225988 ], [ 0.997939732703012, 43.168568973003261 ], [ 0.997951494150072, 43.168209000306739 ], [ 0.998197389569082, 43.168213304475636 ], [ 0.998209149357052, 43.167853331699945 ], [ 0.997717361457628, 43.16784472294168 ], [ 0.997723242712449, 43.167664736598162 ], [ 0.997477349565163, 43.167660431453761 ], [ 0.99746558555912, 43.168020404080643 ], [ 0.997219691023906, 43.168016098354279 ], [ 0.997225573775134, 43.167836112070958 ], [ 0.996733786309621, 43.167827499087778 ], [ 0.99672790211622, 43.168007485317254 ], [ 0.996973796542936, 43.168011792099826 ], [ 0.996967913016369, 43.168191778349915 ], [ 0.997213808218431, 43.168196084631283 ], [ 0.997202042444744, 43.168556057166278 ], [ 0.99744793914326, 43.168560362973409 ], [ 0.997436174594815, 43.168920335536974 ], [ 0.996698480335316, 43.168907416369635 ], [ 0.99669259581635, 43.169087402561132 ], [ 0.99644669711724, 43.169083095088816 ], [ 0.99645258235733, 43.168903108924255 ], [ 0.995960786564175, 43.168894492449112 ], [ 0.995954899881835, 43.169074478559736 ], [ 0.995709001345553, 43.169070169503037 ], [ 0.99572077609819, 43.168710197329247 ], [ 0.994737188264974, 43.168692956036594 ], [ 0.994754858639997, 43.168152998051916 ], [ 0.994508963980764, 43.168148686489317 ], [ 0.994503073188977, 43.168328672463581 ], [ 0.994257177862973, 43.168324360345885 ], [ 0.994239502998364, 43.168864318149822 ], [ 0.99448540048769, 43.168868630348385 ], [ 0.994473618415223, 43.169228602239976 ], [ 0.99422771948365, 43.16922428998744 ], [ 0.994221827644801, 43.169404275896753 ], [ 0.993730028502386, 43.169395649753376 ], [ 0.993724135166927, 43.169575635602428 ], [ 0.993478234956095, 43.169571321711551 ], [ 0.993472340845145, 43.169751307527278 ], [ 0.992488737660816, 43.169734046574398 ], [ 0.992494634656338, 43.169554060866588 ], [ 0.992002834832698, 43.169545427275281 ], [ 0.992008733216113, 43.169365441615113 ], [ 0.992254632379605, 43.169369758647875 ], [ 0.992272325040146, 43.168829801548462 ], [ 0.993010016366798, 43.168842749234955 ], [ 0.993015911648219, 43.168662763441525 ], [ 0.992770015206073, 43.168658448101169 ], [ 0.992775911154237, 43.168478462328352 ], [ 0.993267702650681, 43.168487092427007 ], [ 0.993273597102283, 43.168307106593971 ], [ 0.993519492210941, 43.168311420824118 ], [ 0.9935253858871, 43.168131434957743 ], [ 0.993771280329014, 43.168135748632814 ], [ 0.99377717322974, 43.167955762733101 ], [ 0.994023067004908, 43.167960075853095 ], [ 0.994034851201194, 43.167600103980789 ], [ 0.994280743588542, 43.167604416518699 ], [ 0.994286634884121, 43.167424430546077 ], [ 0.994532526604726, 43.167428742528948 ], [ 0.9945443075908, 43.167068770510781 ], [ 0.994790197923608, 43.167073081911596 ], [ 0.994825535252079, 43.165993165543398 ], [ 0.994579649245458, 43.165988854304331 ], [ 0.99459731933956, 43.165448896115656 ], [ 0.994351435550254, 43.16544458442938 ], [ 0.994357326193986, 43.165264598380809 ], [ 0.994111443179983, 43.165260286193437 ], [ 0.994117334490379, 43.165080300165485 ], [ 0.993871452251679, 43.165075987477046 ], [ 0.993877344228725, 43.164896001469735 ], [ 0.993631462765326, 43.164891688280214 ], [ 0.993637355409009, 43.164711702293509 ], [ 0.993145594087156, 43.164703074384242 ], [ 0.993151488118419, 43.164523088445165 ], [ 0.992905608259967, 43.16451877372544 ], [ 0.992911502957834, 43.164338787807026 ], [ 0.992665623874687, 43.164334472586212 ], [ 0.992671519239143, 43.164154486688474 ], [ 0.9924256409313, 43.164150170966607 ], [ 0.992431536962332, 43.163970185089511 ], [ 0.992185659429791, 43.163965868866576 ], [ 0.992197452770611, 43.163605897147399 ], [ 0.991951576734289, 43.163601580450432 ], [ 0.991957474044057, 43.16342159460833 ], [ 0.991711598783029, 43.163417277410346 ], [ 0.991717496759327, 43.163237291588899 ], [ 0.991471622273591, 43.163232973889848 ], [ 0.991477520916406, 43.163052988089085 ], [ 0.990985773549908, 43.163044351160934 ], [ 0.99099167358012, 43.162864365407877 ], [ 0.990254055101081, 43.162851406136561 ], [ 0.990259957239547, 43.16267142045816 ], [ 0.990014085242918, 43.162667099672063 ], [ 0.99000818238357, 43.162847085323406 ], [ 0.989024692057877, 43.162829796790675 ], [ 0.989018786260547, 43.16300978232757 ], [ 0.988281166925371, 43.162996810302744 ], [ 0.988287074885363, 43.162816824846921 ], [ 0.988041202603467, 43.162812499809675 ], [ 0.988029385187228, 43.163172470660832 ], [ 0.987537637903334, 43.163163818894034 ], [ 0.987525817385559, 43.163523789611652 ], [ 0.987771692442064, 43.163528115813158 ], [ 0.987765782822344, 43.163708101189513 ], [ 0.987519907044928, 43.163703774960915 ], [ 0.987513996649798, 43.163883760303875 ], [ 0.987268120205963, 43.163879433520258 ], [ 0.98726220903541, 43.164059418829822 ], [ 0.98701633192516, 43.164055091491072 ], [ 0.987010419979172, 43.164235076767241 ], [ 0.986764542202502, 43.164230748873415 ], [ 0.986776367481817, 43.163870778368846 ], [ 0.987022243816633, 43.16387510620855 ], [ 0.987028155653597, 43.163695120919733 ], [ 0.987274031322009, 43.163699448204333 ], [ 0.987309496873719, 43.162619536175868 ], [ 0.987555368271276, 43.162623862770126 ], [ 0.987561278284933, 43.162443877382813 ], [ 0.987315407608248, 43.16243955081562 ], [ 0.987321318288276, 43.16225956544902 ], [ 0.987567188244098, 43.162263891989191 ], [ 0.987573098148768, 43.162083906589203 ], [ 0.987327228913805, 43.162079580076131 ], [ 0.987333139484834, 43.16189959469687 ], [ 0.98684140262011, 43.161890940140815 ], [ 0.986847314578326, 43.161710954809344 ], [ 0.98660144694857, 43.161706626766382 ], [ 0.986613272143135, 43.161346656138562 ], [ 0.986367406009559, 43.161342327621782 ], [ 0.986373319245888, 43.16116234232544 ], [ 0.986619184658641, 43.161166670815163 ], [ 0.986625097119634, 43.160986685485412 ], [ 0.987362691522514, 43.160999667705539 ], [ 0.98736860176656, 43.160819682288313 ], [ 0.987860330199347, 43.160828334407718 ], [ 0.987866238947289, 43.16064834893001 ], [ 0.988357966156393, 43.160656998883425 ], [ 0.988346151489261, 43.161016969940682 ], [ 0.988592016617137, 43.161021294179506 ], [ 0.988580203173774, 43.161381265265518 ], [ 0.988826069797761, 43.161385589030452 ], [ 0.988820163715218, 43.161565574590981 ], [ 0.989066031114495, 43.16156989785496 ], [ 0.989060125698335, 43.161749883436201 ], [ 0.989305993872904, 43.16175420619922 ], [ 0.989300089123141, 43.161934191801151 ], [ 0.989545958073005, 43.161938514063202 ], [ 0.989540053989652, 43.162118499685839 ], [ 0.98978592371481, 43.162122821446893 ], [ 0.989791827077307, 43.161942835797262 ], [ 0.99003769613604, 43.16194715700329 ], [ 0.9900317934944, 43.162127142679992 ], [ 0.990277663328416, 43.162131463385023 ], [ 0.990271761353214, 43.162311449082431 ], [ 0.991501114943781, 43.162333044822702 ], [ 0.991495216518519, 43.162513030648803 ], [ 0.991741088120694, 43.162517348239852 ], [ 0.991735190361926, 43.162697334086602 ], [ 0.991981062739361, 43.162701651176626 ], [ 0.9919751656471, 43.162881637044045 ], [ 0.9922210387998, 43.162885953633051 ], [ 0.992226935171173, 43.16270596773861 ], [ 0.992718680197896, 43.162714599278573 ], [ 0.992724575073137, 43.162534613323842 ], [ 0.992478703253477, 43.162530297844874 ], [ 0.992508180418693, 43.161630368111183 ], [ 0.993245785227772, 43.161643312559335 ], [ 0.993239892065996, 43.1618232985997 ], [ 0.993485761165226, 43.161827612386709 ], [ 0.993479868669972, 43.162007598447708 ], [ 0.993725738544391, 43.162011911733714 ], [ 0.993719846715671, 43.16219189781534 ], [ 0.993965717365282, 43.162196210600314 ], [ 0.993959826203106, 43.16237619670261 ], [ 0.994205697627912, 43.162380508986523 ], [ 0.994199807132296, 43.162560495109425 ], [ 0.994445679332295, 43.162564806892306 ], [ 0.994439789503252, 43.162744793035856 ], [ 0.994685662478446, 43.162749104317683 ], [ 0.994679773315989, 43.162929090481853 ], [ 0.99492564706638, 43.162933401262613 ], [ 0.994919758570522, 43.163113387447424 ], [ 0.995165633096111, 43.16311769772711 ], [ 0.995153857383329, 43.163477670131627 ], [ 0.995645609481023, 43.163486289214767 ], [ 0.995639722985042, 43.163666275461402 ], [ 0.996377353701421, 43.163679200206609 ], [ 0.996383238034629, 43.163499213879135 ], [ 0.996874990674999, 43.163507827681883 ], [ 0.996892639023603, 43.162967868499834 ], [ 0.997630261902749, 43.162980785001366 ], [ 0.997636142414429, 43.162800798513913 ], [ 0.997882016095028, 43.162805102931479 ], [ 0.997887895831591, 43.162625116410759 ], [ 0.998625515035971, 43.162638026414506 ], [ 0.998631392555647, 43.162458039806751 ], [ 0.999369010085107, 43.162470944977599 ], [ 0.999363134728104, 43.162650931666057 ], [ 0.999609008067176, 43.162655232360521 ], [ 0.999603133376897, 43.162835219069549 ], [ 0.999849007491037, 43.162839519262903 ], [ 0.999843133467497, 43.163019505992466 ], [ 1.000089008356705, 43.163023805684695 ], [ 1.000077261588971, 43.163383779178673 ], [ 0.998356128409347, 43.163353669868059 ], [ 0.998338492711987, 43.163893629496719 ], [ 0.998092614597443, 43.163889325973734 ], [ 0.99808085575295, 43.164249298974056 ], [ 0.997589096802723, 43.164240690236312 ], [ 0.997583215857245, 43.164420676673132 ], [ 0.997091455682016, 43.164412065769376 ], [ 0.997085573240391, 43.164592052146006 ], [ 0.996839692513174, 43.164587745875131 ], [ 0.996833809296339, 43.164767732218507 ], [ 0.997079690744523, 43.164772038516325 ], [ 0.997073808194411, 43.164952024880321 ], [ 0.997319690417809, 43.164956330677008 ], [ 0.997313808534436, 43.165136317061595 ], [ 0.997559691533052, 43.16514062235715 ], [ 0.997565572695443, 43.16496063594564 ], [ 0.998057337413393, 43.1649692448987 ], [ 0.998063217079603, 43.164789258427035 ], [ 0.998309098798929, 43.164793562084569 ], [ 0.998314977689956, 43.164613575579644 ], [ 0.998806739849287, 43.164622181256711 ], [ 0.998800862400201, 43.164802167815409 ], [ 0.999292626218254, 43.164810771434041 ], [ 0.999298502225396, 43.164630784821526 ], [ 0.999544383494727, 43.164635085811852 ], [ 0.999550258726723, 43.164455099166105 ], [ 0.999796139329261, 43.164459399601448 ], [ 0.999807888188815, 43.164099426237193 ], [ 1.000053767403607, 43.164103726090715 ], [ 1.000059641031186, 43.163923739372194 ], [ 1.000797276837653, 43.163936635683847 ], [ 1.000791405372917, 43.164116622483007 ], [ 1.001283164289836, 43.164125217437636 ], [ 1.001277294212874, 43.164305204284226 ], [ 1.001523174473485, 43.164309500996325 ], [ 1.001511435599114, 43.164669474724278 ], [ 1.002003199166563, 43.164678066671776 ], [ 1.00199733109015, 43.16485805357997 ], [ 1.001505566080746, 43.164849461578754 ], [ 1.001499696508255, 43.165029448426921 ], [ 1.000762047237133, 43.165016556383961 ], [ 1.000767918972573, 43.164836569616412 ], [ 1.00052203671146, 43.164832271239518 ], [ 1.000527909113733, 43.164652284492561 ], [ 1.000282027627743, 43.164647985614458 ], [ 1.000264408095529, 43.165187945755783 ], [ 1.000510291744464, 43.165192244714504 ], [ 1.00050441917974, 43.165372231442518 ], [ 1.000996188082048, 43.165380827829537 ], [ 1.001002059204778, 43.165200841047771 ], [ 1.001493826881641, 43.16520943526875 ], [ 1.001476217677056, 43.165749395756279 ], [ 1.00172210375969, 43.16575369215527 ], [ 1.001716234637595, 43.165933678998663 ], [ 1.001470347833945, 43.165929382572791 ], [ 1.001464477936707, 43.166109369383008 ], [ 1.001218590466157, 43.166105072402196 ], [ 1.001224461084419, 43.165925085618902 ], [ 1.000732687747774, 43.165916490126776 ], [ 1.000726815687467, 43.166096476856332 ], [ 1.000972703049742, 43.166100774893316 ], [ 1.000960960208752, 43.166460748387252 ], [ 1.001698626946594, 43.166473639490917 ], [ 1.001692757608019, 43.166653626308971 ], [ 1.001938647349929, 43.166657922314222 ], [ 1.001932778678285, 43.166837909152839 ], [ 1.001686888215322, 43.166833613120765 ], [ 1.00167514926756, 43.167193586725297 ], [ 1.001429257416599, 43.167189290111388 ], [ 1.001417516810195, 43.1675492636369 ], [ 1.001171623571217, 43.16754496644112 ], [ 1.001159881306114, 43.167904939887578 ], [ 1.000913986679101, 43.16790064210992 ], [ 1.000908114744247, 43.168080628796787 ], [ 1.000416324210475, 43.168072031603373 ], [ 1.000410450779269, 43.168252018230156 ], [ 0.999918659019934, 43.168243418870475 ], [ 0.999906909110598, 43.168603391997486 ], [ 1.000398703754374, 43.168611991464729 ], [ 1.000392830160685, 43.168791978072534 ], [ 1.00063872828494, 43.168796277040826 ], [ 1.000644601157508, 43.168616290406149 ], [ 1.001136396126233, 43.168624886704585 ], [ 1.001130524695911, 43.168804873393036 ], [ 1.000884626463351, 43.168800575480979 ], [ 1.000878754257757, 43.168980562136255 ], [ 1.000632855358218, 43.168976263669194 ], [ 1.000626982377337, 43.169156250291259 ], [ 1.000381082810821, 43.169151951269143 ], [ 1.000375209054643, 43.169331937857969 ], [ 0.999883408641822, 43.169323338175616 ], [ 0.999889283840279, 43.169143351640585 ], [ 0.999151585790809, 43.169130448236665 ], [ 0.999145708428935, 43.169310434690992 ], [ 0.998653908557983, 43.16930182972721 ], [ 0.998648029699622, 43.169481816121419 ], [ 0.998893930329139, 43.169486118894305 ], [ 0.998888052137718, 43.169666105309105 ], [ 0.999133953542591, 43.169670407580725 ], [ 0.999128076018123, 43.16985039401608 ], [ 0.998636271820267, 43.169841788890864 ], [ 0.998612755411007, 43.170561734353804 ], [ 0.998120945660614, 43.170553126900643 ], [ 0.998115064980387, 43.170733113196739 ], [ 0.997623254004529, 43.170724503577091 ], [ 0.997617371827682, 43.170904489813012 ], [ 0.997371465699917, 43.170900184184006 ], [ 0.997365582747627, 43.171080170386659 ], [ 0.996873769212453, 43.171071557490272 ] ], [ [ 0.997389114231296, 43.170360225538019 ], [ 0.99788092221394, 43.170368836106327 ], [ 0.997886803506889, 43.170188849824498 ], [ 0.997394996966595, 43.170180239310056 ], [ 0.997389114231296, 43.170360225538019 ] ], [ [ 0.999655136112918, 43.168779077998828 ], [ 0.999901034074667, 43.168783378551524 ], [ 0.999906909110598, 43.168603391997486 ], [ 0.999661011869968, 43.168599091471684 ], [ 0.999655136112918, 43.168779077998828 ] ], [ [ 0.998185629564232, 43.168573277225988 ], [ 0.99867742344933, 43.168581884087089 ], [ 0.998683302036645, 43.168401897661269 ], [ 0.998191509593768, 43.16839329085397 ], [ 0.998185629564232, 43.168573277225988 ] ], [ [ 0.998929198339399, 43.168406200272649 ], [ 0.999175094696353, 43.168410502355968 ], [ 0.999186848823957, 43.168050529377695 ], [ 0.998940953909207, 43.168046227348178 ], [ 0.998929198339399, 43.168406200272649 ] ], [ [ 0.999684514356361, 43.167879145299906 ], [ 0.999930408712578, 43.167883445718147 ], [ 0.999936283477639, 43.167703459132476 ], [ 0.999690389842511, 43.167699158741122 ], [ 0.999684514356361, 43.167879145299906 ] ], [ [ 0.997231456472116, 43.167656125781306 ], [ 0.997477349565163, 43.167660431453761 ], [ 0.997518521877841, 43.166400527060517 ], [ 0.997272633832172, 43.166396221576512 ], [ 0.997284398304013, 43.166036248889597 ], [ 0.997530284907635, 43.166040554319757 ], [ 0.997547929045577, 43.165500595161213 ], [ 0.997793813540406, 43.165504899982515 ], [ 0.997799694090263, 43.165324913556738 ], [ 0.997307926596827, 43.165316303439845 ], [ 0.997290280458575, 43.16585626253665 ], [ 0.997044394630208, 43.165851956605323 ], [ 0.997038511754632, 43.16603194293134 ], [ 0.996792625259499, 43.166027636445008 ], [ 0.996786741608658, 43.166207622737751 ], [ 0.996540854446756, 43.166203315696407 ], [ 0.996534970020637, 43.166383301955911 ], [ 0.996043194417571, 43.166374686235088 ], [ 0.996037308495129, 43.166554672434344 ], [ 0.99628319699056, 43.166558980585769 ], [ 0.996277311734878, 43.166738966805653 ], [ 0.996523201005616, 43.166743274455918 ], [ 0.996511431773547, 43.167103246930573 ], [ 0.996757322540642, 43.167107554106629 ], [ 0.996769090330615, 43.166747581578072 ], [ 0.997014979709867, 43.166751888172108 ], [ 0.996991446797124, 43.167471833311652 ], [ 0.997237339114853, 43.167476139485309 ], [ 0.997231456472116, 43.167656125781306 ] ], [ [ 0.995270202092416, 43.167441675308886 ], [ 0.99551609403025, 43.167445985179299 ], [ 0.995521981666199, 43.167265999065542 ], [ 0.995276090449428, 43.167261689222073 ], [ 0.995270202092416, 43.167441675308886 ] ], [ [ 0.999942158188532, 43.167523472540509 ], [ 1.000188051156753, 43.167527772376872 ], [ 1.000193925092398, 43.167347785751652 ], [ 0.99994803284525, 43.167343485942197 ], [ 0.999942158188532, 43.167523472540509 ] ], [ [ 0.995521981666199, 43.167265999065542 ], [ 0.996013764262605, 43.167274617168211 ], [ 0.996031422518412, 43.166734658627313 ], [ 0.995785533356218, 43.166730349920876 ], [ 0.995779646604182, 43.166910336080576 ], [ 0.995533756775225, 43.166906026819085 ], [ 0.995521981666199, 43.167265999065542 ] ], [ [ 0.997735005059397, 43.16730476389219 ], [ 0.99798089681877, 43.167309068454614 ], [ 0.997986777189836, 43.167129082065202 ], [ 0.99823266828237, 43.167133386072607 ], [ 0.998238547878157, 43.166953399649977 ], [ 0.997992657506678, 43.166949095669466 ], [ 0.998010298131873, 43.166409136444308 ], [ 0.997764409977743, 43.16640483201644 ], [ 0.997735005059397, 43.16730476389219 ] ], [ [ 1.000451563660381, 43.16699211170986 ], [ 1.00069745457372, 43.166996410409332 ], [ 1.000709199181664, 43.166636437007114 ], [ 1.000217420293347, 43.166627839187584 ], [ 1.000211546574355, 43.166807825838113 ], [ 1.000457436712483, 43.166812125038803 ], [ 1.000451563660381, 43.16699211170986 ] ], [ [ 0.998982096696281, 43.166786321913143 ], [ 0.999965656490388, 43.166803526109298 ], [ 0.999971530930429, 43.166623539485698 ], [ 0.99972564162168, 43.166619239255688 ], [ 0.999731516728592, 43.166439252652637 ], [ 0.999485628195057, 43.166434951921431 ], [ 0.999479752367104, 43.166614938497581 ], [ 0.99923386316671, 43.166610637211406 ], [ 0.999239739715701, 43.166430650662157 ], [ 0.998993851290535, 43.166426348874744 ], [ 0.998982096696281, 43.166786321913143 ] ], [ [ 0.995551419031602, 43.166366068401899 ], [ 0.995797306697446, 43.166370377582524 ], [ 0.995820852728544, 43.165650432829842 ], [ 0.996066737564613, 43.165654741374624 ], [ 0.996078508812504, 43.165294768906428 ], [ 0.996324392260854, 43.165299076869246 ], [ 0.9963361618497, 43.16493910432186 ], [ 0.996090279843311, 43.164934796412929 ], [ 0.996084394355041, 43.16511478266284 ], [ 0.995100863988341, 43.165097545638652 ], [ 0.995071421313006, 43.165997476254368 ], [ 0.995317307428232, 43.16600178643727 ], [ 0.995311419451285, 43.166181772568372 ], [ 0.995557306341819, 43.166186082250142 ], [ 0.995551419031602, 43.166366068401899 ] ], [ [ 0.998279703530653, 43.165693494514208 ], [ 0.998525588909138, 43.165697797778236 ], [ 0.998549102348205, 43.164977851739536 ], [ 0.998057337413393, 43.1649692448987 ], [ 0.998039698089459, 43.16550920427575 ], [ 0.99828558269273, 43.165513508040945 ], [ 0.998279703530653, 43.165693494514208 ] ], [ [ 0.993883236151441, 43.164716015456086 ], [ 0.994129116948202, 43.164720328090603 ], [ 0.994135008095632, 43.164540342043665 ], [ 0.993889128019831, 43.164536029436107 ], [ 0.993883236151441, 43.164716015456086 ] ], [ [ 0.994170353839486, 43.163460425629047 ], [ 0.994416229643986, 43.16346473754674 ], [ 0.994428009682238, 43.163104765303942 ], [ 0.994182135319557, 43.163100453440194 ], [ 0.994170353839486, 43.163460425629047 ] ], [ [ 0.9934504053787, 43.162907528657705 ], [ 0.993696278857512, 43.1629118420786 ], [ 0.993702170903543, 43.162731856022269 ], [ 0.993456298145623, 43.162727542628375 ], [ 0.9934504053787, 43.162907528657705 ] ], [ [ 0.994188025978119, 43.162920467336257 ], [ 0.9944338996199, 43.162924779173075 ], [ 0.994439789503252, 43.162744793035856 ], [ 0.994193916582365, 43.162740481226031 ], [ 0.994188025978119, 43.162920467336257 ] ], [ [ 0.988538854406373, 43.162641163867036 ], [ 0.988784726076334, 43.16264548782123 ], [ 0.988790632485632, 43.162465502298701 ], [ 0.988544761536543, 43.162461178371537 ], [ 0.988538854406373, 43.162641163867036 ] ], [ [ 0.993702170903543, 43.162731856022269 ], [ 0.993948043715792, 43.162736168888145 ], [ 0.99395393498661, 43.162556182798539 ], [ 0.993708062895247, 43.162551869959636 ], [ 0.993702170903543, 43.162731856022269 ] ], [ [ 0.987333139484834, 43.16189959469687 ], [ 0.987824876567552, 43.161908247140929 ], [ 0.987836694662752, 43.161548276255182 ], [ 0.987590827535829, 43.161543950351259 ], [ 0.987602646854749, 43.16118397949429 ], [ 0.987356781223971, 43.161179653116506 ], [ 0.987333139484834, 43.16189959469687 ] ] ] } }
]
}
