{
"type": "FeatureCollection",
"name": "perimetre",
"crs": { "type": "name", "properties": { "name": "urn:ogc:def:crs:OGC:1.3:CRS84" } },
"features": [
{ "type": "Feature", "properties": { "surface_ha": 2.81 }, "geometry": { "type": "Polygon", "coordinates": [ [ [ 1.748921119375235, 42.741785574913493 ], [ 1.748924740289287, 42.741605507963719 ], [ 1.748680446466871, 42.741602838769978 ], [ 1.748684068054242, 42.741422771830926 ], [ 1.747706895923767, 42.741412089913347 ], [ 1.747710520304191, 42.74123202303533 ], [ 1.747954812580291, 42.741234694279377 ], [ 1.747958436220836, 42.741054627378702 ], [ 1.748202727823658, 42.741057298085117 ], [ 1.748217219226659, 42.74033703035613 ], [ 1.748461508036531, 42.740339700474728 ], [ 1.748468752125228, 42.739979566541201 ], [ 1.748957327018646, 42.739984905148788 ], [ 1.748960947600014, 42.739804838139683 ], [ 1.750915242851582, 42.739826171599923 ], [ 1.75090439796461, 42.740366373010254 ], [ 1.749927241594428, 42.740355710247023 ], [ 1.749923623739463, 42.740535777305162 ], [ 1.749679334023453, 42.740533110295374 ], [ 1.7496648594449, 42.741253378401794 ], [ 1.749420566935869, 42.741250710804238 ], [ 1.749416947501523, 42.741430777799316 ], [ 1.749172654319164, 42.74142810966412 ], [ 1.749165413937516, 42.741788243603061 ], [ 1.748921119375235, 42.741785574913493 ] ] ] } },
{ "type": "Feature", "properties": { "surface_ha": 2.49 }, "geometry": { "type": "Polygon", "coordinates": [ [ [ 1.760726202096164, 42.737951592552022 ], [ 1.760729788368196, 42.737771524673263 ], [ 1.760241228664718, 42.737766236504079 ], [ 1.760244816316726, 42.73758616865252 ], [ 1.76000053722089, 42.73758352380316 ], [ 1.760004125546391, 42.737403455962259 ], [ 1.759759847189982, 42.737400810608605 ], [ 1.759763436188962, 42.737220742778341 ], [ 1.75951915857198, 42.737218096920373 ], [ 1.759533517063878, 42.7364978256063 ], [ 1.75977779185513, 42.736500471397967 ], [ 1.759784969490367, 42.736140335672225 ], [ 1.760029242901763, 42.736142980909911 ], [ 1.760036418992304, 42.735782845127332 ], [ 1.761013507316284, 42.735793420737103 ], [ 1.761009922113091, 42.735973488697582 ], [ 1.761254194982852, 42.73597613131448 ], [ 1.761229102583121, 42.737236606987857 ], [ 1.761473380430797, 42.73723924919971 ], [ 1.761469796376971, 42.7374193171459 ], [ 1.761225517822844, 42.737416674917469 ], [ 1.761218348203478, 42.737776810758973 ], [ 1.760974068269365, 42.737774167976561 ], [ 1.760970482703804, 42.737954235871861 ], [ 1.760726202096164, 42.737951592552022 ] ], [ [ 1.759763436188962, 42.737220742778341 ], [ 1.760496269237738, 42.737228677226987 ], [ 1.760499856084413, 42.73704860934108 ], [ 1.759767025154967, 42.737040674942129 ], [ 1.759763436188962, 42.737220742778341 ] ], [ [ 1.760499856084413, 42.73704860934108 ], [ 1.760744133126815, 42.737051253099025 ], [ 1.760747719234096, 42.736871185190637 ], [ 1.760503442898131, 42.736868541449269 ], [ 1.760499856084413, 42.73704860934108 ] ] ] } },
{ "type": "Feature", "properties": { "surface_ha": 2.89 }, "geometry": { "type": "Polygon", "coordinates": [ [ [ 1.768348814440923, 42.735512335251478 ], [ 1.768359506081142, 42.734972129813606 ], [ 1.768603775697746, 42.734974756706357 ], [ 1.768610901881436, 42.734614619685253 ], [ 1.768855170118039, 42.734617246024264 ], [ 1.768869419267185, 42.733896971845176 ], [ 1.769113684711123, 42.733899597597578 ], [ 1.769117246210254, 42.733719529021563 ], [ 1.76936151098058, 42.733722154236716 ], [ 1.76936507174066, 42.733542085638348 ], [ 1.769120807676661, 42.733539460439623 ], [ 1.769124369110346, 42.733359391851764 ], [ 1.769368632468026, 42.73336201703404 ], [ 1.769382875050344, 42.732641742557576 ], [ 1.769627135615521, 42.73264436715327 ], [ 1.769634255297827, 42.732284229846641 ], [ 1.769878514483141, 42.732286853888695 ], [ 1.76988207356896, 42.73210678521005 ], [ 1.770370590625126, 42.732112031698954 ], [ 1.77036703295186, 42.732292100410447 ], [ 1.770122773701154, 42.732289477409978 ], [ 1.770119215288919, 42.732469546099111 ], [ 1.770363475245908, 42.732472169116029 ], [ 1.770356359735943, 42.732832306509394 ], [ 1.770112098366367, 42.732829683459642 ], [ 1.770115656843989, 42.732649614782339 ], [ 1.769871396213406, 42.732646991228215 ], [ 1.769860718563547, 42.733187197193054 ], [ 1.770104981313037, 42.73318982079649 ], [ 1.770101422737331, 42.733369889456014 ], [ 1.770589949747021, 42.733375135133329 ], [ 1.770586392551263, 42.733555203819805 ], [ 1.770342128323751, 42.733552581225119 ], [ 1.770331454421372, 42.734092787199735 ], [ 1.770575720767889, 42.734095409843704 ], [ 1.770572163441397, 42.734275478506468 ], [ 1.770083629368356, 42.73427023266489 ], [ 1.770080070596472, 42.734450301288881 ], [ 1.770324338323001, 42.734452924486511 ], [ 1.770317222093866, 42.734813061749612 ], [ 1.77007295295461, 42.734810438519133 ], [ 1.77007651179189, 42.734630369906967 ], [ 1.769832243391698, 42.73462774617208 ], [ 1.769825124271699, 42.734987883357618 ], [ 1.769092315029159, 42.734980008929355 ], [ 1.769085191540046, 42.735340145992559 ], [ 1.768596649383107, 42.735334893703758 ], [ 1.768593086176679, 42.735514962193605 ], [ 1.768348814440923, 42.735512335251478 ] ], [ [ 1.769099438387376, 42.734619871842455 ], [ 1.769343706689434, 42.734622497139817 ], [ 1.769347267613097, 42.734442428571057 ], [ 1.769103000017397, 42.73443980329013 ], [ 1.769099438387376, 42.734619871842455 ] ], [ [ 1.769587975024211, 42.734625121916359 ], [ 1.769832243391698, 42.73462774617208 ], [ 1.76983580290264, 42.734447677570436 ], [ 1.769591535241513, 42.734445053331157 ], [ 1.769587975024211, 42.734625121916359 ] ] ] } },
{ "type": "Feature", "properties": { "surface_ha": 7.46 }, "geometry": { "type": "Polygon", "coordinates": [ [ [ 1.77623280548247, 42.732174827081856 ], [ 1.776236346172466, 42.731994757971123 ], [ 1.775259311884365, 42.731984312970738 ], [ 1.775262855366915, 42.731804243919491 ], [ 1.775018597582535, 42.73180163138381 ], [ 1.77504340599255, 42.730541147974002 ], [ 1.775287658833219, 42.730543760395157 ], [ 1.775298288401895, 42.730003553081666 ], [ 1.775542539156479, 42.730006164932981 ], [ 1.775549623960441, 42.729646026661648 ], [ 1.775305374618249, 42.729643414843032 ], [ 1.775323089589482, 42.728743069142922 ], [ 1.775811581244674, 42.72874829209583 ], [ 1.775808039727851, 42.728928361280403 ], [ 1.776052286310418, 42.728930971992114 ], [ 1.77605582712108, 42.728750902791198 ], [ 1.776300073030015, 42.728753512965824 ], [ 1.776296532925514, 42.728933582183132 ], [ 1.776540779573135, 42.728936191853393 ], [ 1.776537240142278, 42.729116261081089 ], [ 1.777025734947407, 42.729121478892132 ], [ 1.777029272965927, 42.728941409631751 ], [ 1.777273519711083, 42.728944017739813 ], [ 1.777277056990934, 42.728763948457164 ], [ 1.777521303062425, 42.728766556028212 ], [ 1.777517766488737, 42.728946625327168 ], [ 1.778006260141517, 42.728951838939714 ], [ 1.778002724947678, 42.729131908265444 ], [ 1.778246972528961, 42.729134514306935 ], [ 1.778239903456205, 42.729494652973223 ], [ 1.777751405501399, 42.729489440304206 ], [ 1.77774786950393, 42.72966950959583 ], [ 1.778236368871118, 42.729674722297503 ], [ 1.778229299603521, 42.730034860928285 ], [ 1.778473550748229, 42.730037466530661 ], [ 1.778459414648214, 42.730757743786477 ], [ 1.778215160678626, 42.73075513811883 ], [ 1.778211625866213, 42.730935207401679 ], [ 1.777723116611998, 42.730929994471445 ], [ 1.777719580354625, 42.731110063715725 ], [ 1.777475325070006, 42.731107456453152 ], [ 1.777471788073895, 42.73128752567515 ], [ 1.777227532115526, 42.731284917875456 ], [ 1.777223994380664, 42.731464987075235 ], [ 1.776735481148934, 42.7314597698809 ], [ 1.776724863511725, 42.731999977346632 ], [ 1.776480604825833, 42.731997367919277 ], [ 1.776477064842116, 42.732177437046346 ], [ 1.77623280548247, 42.732174827081856 ] ] ] } },
{ "type": "Feature", "properties": { "surface_ha": 6.02 }, "geometry": { "type": "Polygon", "coordinates": [ [ [ 1.740808259673843, 42.732151003215456 ], [ 1.74081190283744, 42.731970936521378 ], [ 1.740079137194678, 42.731962876917592 ], [ 1.7400827824435, 42.731782810268101 ], [ 1.740327036918038, 42.731785497306625 ], [ 1.740330681427144, 42.731605430634339 ], [ 1.739842173924009, 42.731600056070199 ], [ 1.739849465666634, 42.731239922775181 ], [ 1.739360961122347, 42.731234546195367 ], [ 1.739393785017382, 42.729613946377142 ], [ 1.73914953915111, 42.729611257457698 ], [ 1.739156834393721, 42.72925112413315 ], [ 1.739645323335196, 42.729256501383986 ], [ 1.739648969493966, 42.729076434679151 ], [ 1.739404725712612, 42.729073746330911 ], [ 1.739412019341907, 42.728713612937106 ], [ 1.739656261711015, 42.728716301251644 ], [ 1.739663553794072, 42.728356167800399 ], [ 1.740152035808324, 42.72836154280008 ], [ 1.740148391195762, 42.728541609562321 ], [ 1.740392632959225, 42.72854429629794 ], [ 1.740378056998631, 42.729264563354889 ], [ 1.740622301620076, 42.729267249637111 ], [ 1.740625944954306, 42.729087182864923 ], [ 1.740870188903088, 42.729089868609627 ], [ 1.740866546274993, 42.729269935398619 ], [ 1.74135503568522, 42.729275305359486 ], [ 1.741344111837033, 42.729815505791748 ], [ 1.741832605617974, 42.729820873770649 ], [ 1.741828965680663, 42.730000940603155 ], [ 1.742073213327463, 42.730003623828331 ], [ 1.742065934764863, 42.730363757509153 ], [ 1.742310183857444, 42.730366440247209 ], [ 1.742299267881345, 42.730906640774357 ], [ 1.74156651434821, 42.730898590846756 ], [ 1.741555591715356, 42.731438791169268 ], [ 1.74131133848591, 42.731436106768122 ], [ 1.74130769683517, 42.731616173513615 ], [ 1.741551950770837, 42.731618857931537 ], [ 1.741544668781444, 42.731978991438346 ], [ 1.741300413433314, 42.731976306986788 ], [ 1.741296771682199, 42.732156373714481 ], [ 1.740808259673843, 42.732151003215456 ] ], [ [ 1.740571291426061, 42.731788183824392 ], [ 1.740815545967564, 42.73179086982141 ], [ 1.740819189064216, 42.731610803115473 ], [ 1.74057493522894, 42.731608117135288 ], [ 1.740571291426061, 42.731788183824392 ] ], [ [ 1.741059800542535, 42.731793555297656 ], [ 1.741304055150971, 42.731796240253175 ], [ 1.74130769683517, 42.731616173513615 ], [ 1.741063442932961, 42.731613488574936 ], [ 1.741059800542535, 42.731793555297656 ] ], [ [ 1.739623445679091, 42.730336901488435 ], [ 1.739867694437024, 42.730339589433797 ], [ 1.739874985710717, 42.729979456055702 ], [ 1.739630738365125, 42.729976768144041 ], [ 1.739623445679091, 42.730336901488435 ] ], [ [ 1.739896858727966, 42.728899055779038 ], [ 1.740141101870183, 42.728901743069024 ], [ 1.740144746549714, 42.728721676318642 ], [ 1.739900504113618, 42.72871898904549 ], [ 1.739896858727966, 42.728899055779038 ] ] ] } },
{ "type": "Feature", "properties": { "surface_ha": 7.02 }, "geometry": { "type": "Polygon", "coordinates": [ [ [ 1.72307371505855, 42.727271850601795 ], [ 1.723077408894236, 42.727091784989959 ], [ 1.722833174466699, 42.727089061404733 ], [ 1.722836868974488, 42.726908995804017 ], [ 1.722348401633324, 42.726903547105735 ], [ 1.722352097519232, 42.72672348153317 ], [ 1.722596330466811, 42.726726206125576 ], [ 1.722603720724725, 42.726366074928542 ], [ 1.722359489189189, 42.726363350370235 ], [ 1.722366880723332, 42.726003219183582 ], [ 1.722611110846851, 42.726005943707705 ], [ 1.722618500833194, 42.725645812463156 ], [ 1.723351187171427, 42.725653982809391 ], [ 1.723358572786093, 42.725293851438714 ], [ 1.723114345384713, 42.72529112854469 ], [ 1.723132812357491, 42.7243908000993 ], [ 1.723377036229066, 42.724393522908038 ], [ 1.72337334360832, 42.724573588626043 ], [ 1.723617568219768, 42.724576310931226 ], [ 1.723621260134567, 42.724396245196154 ], [ 1.723865484073984, 42.724398966963662 ], [ 1.723858101622372, 42.724759098461945 ], [ 1.724346552426739, 42.724764540503301 ], [ 1.72434286256199, 42.72494460627761 ], [ 1.724831314913875, 42.72495004627055 ], [ 1.724835003366697, 42.724769980462163 ], [ 1.725811905653186, 42.724780854132469 ], [ 1.725797162934153, 42.725501117602775 ], [ 1.725552934487829, 42.725498399898058 ], [ 1.725549248017429, 42.725678465733765 ], [ 1.726281935575947, 42.725686617337146 ], [ 1.726289304246956, 42.725326485557673 ], [ 1.726533532088856, 42.725329201683458 ], [ 1.726529848476261, 42.725509267593182 ], [ 1.727018305673552, 42.725514698316957 ], [ 1.727014623439097, 42.725694764254754 ], [ 1.727258852794481, 42.725697478852688 ], [ 1.727255171232198, 42.725877544801548 ], [ 1.727499401327402, 42.72588025889582 ], [ 1.727492039513385, 42.726240390809743 ], [ 1.727247808006163, 42.726237676681428 ], [ 1.727244126342412, 42.72641774261249 ], [ 1.726999894162995, 42.726415027946537 ], [ 1.726996211759394, 42.726595093854634 ], [ 1.726019280555996, 42.726584229916327 ], [ 1.726015595294445, 42.726764295750442 ], [ 1.7255271284838, 42.726758860623328 ], [ 1.725523441776319, 42.726938926417461 ], [ 1.725279207715763, 42.726936208055875 ], [ 1.725282895129279, 42.726756142278795 ], [ 1.724305962050023, 42.726745263694077 ], [ 1.724298581540816, 42.727105395106072 ], [ 1.724054346943668, 42.727102674124161 ], [ 1.724050655932164, 42.727282739804195 ], [ 1.72380642066288, 42.72728001828461 ], [ 1.723813804064064, 42.726919886952636 ], [ 1.72332533645142, 42.726914442419648 ], [ 1.723317950226066, 42.727274573683381 ], [ 1.72307371505855, 42.727271850601795 ] ], [ [ 1.723092183897631, 42.726371522483127 ], [ 1.724313342423622, 42.726385132258279 ], [ 1.724320722661616, 42.726025000798764 ], [ 1.72407649230061, 42.726022279919093 ], [ 1.724080183074755, 42.725842214197471 ], [ 1.723591723866472, 42.725836770910348 ], [ 1.723588031680325, 42.726016836597879 ], [ 1.723343801421062, 42.726014114156293 ], [ 1.723340108494987, 42.726194179820851 ], [ 1.723095877563643, 42.726191456841562 ], [ 1.723092183897631, 42.726371522483127 ] ] ] } },
{ "type": "Feature", "properties": { "surface_ha": 2.17 }, "geometry": { "type": "Polygon", "coordinates": [ [ [ 1.757834496477843, 42.723691818337947 ], [ 1.757841682139715, 42.723331682069094 ], [ 1.757597459196673, 42.723329032801338 ], [ 1.757601052684039, 42.723148964674635 ], [ 1.757112608308883, 42.723143664610447 ], [ 1.757119798008297, 42.722783528405635 ], [ 1.757364018767506, 42.722786178664833 ], [ 1.757367612861757, 42.722606110536908 ], [ 1.756879172788203, 42.722600809531158 ], [ 1.756889959108286, 42.72206060521151 ], [ 1.756645741238773, 42.722057953977526 ], [ 1.756649337318632, 42.721877885875728 ], [ 1.756893554482253, 42.721880537093107 ], [ 1.756897149823191, 42.721700468968791 ], [ 1.757141366313954, 42.721703119648971 ], [ 1.757137771678904, 42.721883187789892 ], [ 1.757381988908578, 42.721885837966077 ], [ 1.75738558283774, 42.721705769808558 ], [ 1.757629799394542, 42.721708419447566 ], [ 1.757636985742063, 42.721348283081539 ], [ 1.757881200920117, 42.7213509321668 ], [ 1.757877608468737, 42.72153100036936 ], [ 1.7583660403356, 42.721536297011305 ], [ 1.758362449262983, 42.721716365241107 ], [ 1.758606665951785, 42.72171901279777 ], [ 1.758595894653676, 42.722259217501431 ], [ 1.758351675847186, 42.722256569895002 ], [ 1.758340902134464, 42.722796774495578 ], [ 1.758096681243219, 42.722794126318803 ], [ 1.758082313007278, 42.723514398970231 ], [ 1.758326536722271, 42.723517047213356 ], [ 1.758322945286739, 42.723697115377988 ], [ 1.757834496477843, 42.723691818337947 ] ] ] } },
{ "type": "Feature", "properties": { "surface_ha": 1.64 }, "geometry": { "type": "Polygon", "coordinates": [ [ [ 1.810357252530638, 42.723529042394794 ], [ 1.810364134364795, 42.723168899094908 ], [ 1.810119907298479, 42.723166361827047 ], [ 1.810123348874131, 42.722986290184132 ], [ 1.809634896248337, 42.722981214118327 ], [ 1.809638339204334, 42.722801142501289 ], [ 1.809149888117028, 42.722796064384717 ], [ 1.809153332453346, 42.7226159927936 ], [ 1.808909107663129, 42.722613452970251 ], [ 1.808912552673772, 42.722433381389109 ], [ 1.808424104600227, 42.722428300212435 ], [ 1.808427550991144, 42.7222482286572 ], [ 1.808671774306128, 42.722250769489946 ], [ 1.808675219959427, 42.72207069791294 ], [ 1.808919442600113, 42.722073238209134 ], [ 1.808915997652766, 42.722253309802063 ], [ 1.809160221031054, 42.722255849593594 ], [ 1.809167109482193, 42.721895706369985 ], [ 1.809899775571167, 42.721903322525328 ], [ 1.809903217631445, 42.721723250856954 ], [ 1.810147439018412, 42.721725788518278 ], [ 1.810143997664078, 42.721905860202533 ], [ 1.810388219788605, 42.721908397359144 ], [ 1.810384779108605, 42.722088469053404 ], [ 1.809896333479266, 42.722083394187798 ], [ 1.809892891355745, 42.72226346584435 ], [ 1.810381338396995, 42.722268540741737 ], [ 1.810377897653776, 42.722448612424188 ], [ 1.81013367341138, 42.722446075219892 ], [ 1.81013023193058, 42.722626146880572 ], [ 1.80988600701383, 42.72262360913976 ], [ 1.809882564795438, 42.72280368077859 ], [ 1.810371016072508, 42.722808755771347 ], [ 1.810374456878948, 42.722628684100712 ], [ 1.810618681858925, 42.722631220800253 ], [ 1.810622121927784, 42.72245114910784 ], [ 1.810866346233394, 42.722453685270843 ], [ 1.810862906870507, 42.722633756979128 ], [ 1.811107131913686, 42.722636292637425 ], [ 1.811100254505078, 42.72299643606808 ], [ 1.810856028049938, 42.722993900378043 ], [ 1.810852588592255, 42.723173972068636 ], [ 1.811341042946109, 42.723179042959821 ], [ 1.811337604868823, 42.723359114676263 ], [ 1.810604921267445, 42.723351507510884 ], [ 1.810601481040562, 42.72353157917378 ], [ 1.810357252530638, 42.723529042394794 ] ], [ [ 1.810611801626394, 42.72299136416737 ], [ 1.810856028049938, 42.722993900378043 ], [ 1.810859467476021, 42.722813828681545 ], [ 1.810615241758462, 42.72281129248676 ], [ 1.810611801626394, 42.72299136416737 ] ], [ [ 1.809401000873913, 42.722438460483325 ], [ 1.80964522502144, 42.7224409992495 ], [ 1.809652110712029, 42.722080855974077 ], [ 1.809407887976418, 42.722078317239728 ], [ 1.809401000873913, 42.722438460483325 ] ] ] } },
{ "type": "Feature", "properties": { "surface_ha": 1.28 }, "geometry": { "type": "Polygon", "coordinates": [ [ [ 1.804757291077083, 42.722570196317463 ], [ 1.804760748089133, 42.722390125007259 ], [ 1.80451652457556, 42.72238757582857 ], [ 1.804519982261807, 42.722207504528441 ], [ 1.804275759485954, 42.722204954845097 ], [ 1.80428613447193, 42.721664740957131 ], [ 1.804530355129956, 42.721667290592556 ], [ 1.804533812689144, 42.721487219268809 ], [ 1.805754912925959, 42.721499959556944 ], [ 1.805758366923764, 42.72131988814747 ], [ 1.806002586360424, 42.721322434627311 ], [ 1.805999133068544, 42.721502506052758 ], [ 1.806243353242853, 42.721505052027958 ], [ 1.806229542581847, 42.722225337734365 ], [ 1.805985319583772, 42.722222791695387 ], [ 1.805981866133263, 42.722402863091304 ], [ 1.805737642460958, 42.722400316515731 ], [ 1.805744550742156, 42.722040173749953 ], [ 1.805988773002553, 42.722042720293608 ], [ 1.80599567974494, 42.721682577472272 ], [ 1.80550723807964, 42.721677483928126 ], [ 1.805489963926224, 42.722577840777618 ], [ 1.805245739611427, 42.722575293144864 ], [ 1.805249195211554, 42.722395221802742 ], [ 1.805004971634467, 42.722392673665297 ], [ 1.805001515328379, 42.722572744991467 ], [ 1.804757291077083, 42.722570196317463 ] ], [ [ 1.804526897539004, 42.72184736191042 ], [ 1.805015340362216, 42.721852459651373 ], [ 1.805018796541296, 42.72167238830157 ], [ 1.804530355129956, 42.721667290592556 ], [ 1.804526897539004, 42.72184736191042 ] ] ] } },
{ "type": "Feature", "properties": { "surface_ha": 2.09 }, "geometry": { "type": "Polygon", "coordinates": [ [ [ 1.762761933069356, 42.721583873083837 ], [ 1.762765511403153, 42.721403804550093 ], [ 1.76227707976228, 42.721398526682222 ], [ 1.762280659474955, 42.721218458175606 ], [ 1.762036444409719, 42.721215818477333 ], [ 1.762040024795377, 42.721035749981354 ], [ 1.761551596175326, 42.721030469056124 ], [ 1.761569504668737, 42.72013012665267 ], [ 1.761813715433069, 42.720132767292874 ], [ 1.761817296327213, 42.719952698777846 ], [ 1.762305716542902, 42.719957978463533 ], [ 1.762309295992502, 42.719777909909517 ], [ 1.762797714928076, 42.719783187479898 ], [ 1.762794136890125, 42.719963256066947 ], [ 1.763038347113043, 42.719965894087835 ], [ 1.763034769748052, 42.7201459626855 ], [ 1.763278980709668, 42.72014860020235 ], [ 1.763275404017651, 42.720328668810581 ], [ 1.763519615717961, 42.720331305823393 ], [ 1.76351603969893, 42.72051137444226 ], [ 1.763760252137938, 42.720514010950993 ], [ 1.76374952600131, 42.721054216821507 ], [ 1.763505311444728, 42.721051580263222 ], [ 1.763501735294288, 42.721231648858364 ], [ 1.763257520064688, 42.721229011762979 ], [ 1.76326467374445, 42.720868874599795 ], [ 1.762776246207304, 42.720863598913361 ], [ 1.762769089704076, 42.721223736010451 ], [ 1.76301330486795, 42.721226374147001 ], [ 1.76300614964499, 42.721586511253456 ], [ 1.762761933069356, 42.721583873083837 ] ], [ [ 1.762043605148143, 42.720855681479414 ], [ 1.762287818801647, 42.720858321144654 ], [ 1.762294977996801, 42.720498184089976 ], [ 1.762050765755002, 42.720495544457826 ], [ 1.762043605148143, 42.720855681479414 ] ], [ [ 1.76181013450603, 42.720312835801927 ], [ 1.762054346009096, 42.720315475938129 ], [ 1.7620579262303, 42.720135407412528 ], [ 1.761813715433069, 42.720132767292874 ], [ 1.76181013450603, 42.720312835801927 ] ] ] } },
{ "type": "Feature", "properties": { "surface_ha": 6.62 }, "geometry": { "type": "Polygon", "coordinates": [ [ [ 1.725641399618098, 42.721176818059163 ], [ 1.725645085241925, 42.720996752074939 ], [ 1.725156663746155, 42.720991315954855 ], [ 1.725160350747768, 42.720811249998782 ], [ 1.724671930799123, 42.720805811830537 ], [ 1.724675619178492, 42.720625745902574 ], [ 1.724431409960806, 42.720623026054668 ], [ 1.724449854878384, 42.719722696410926 ], [ 1.724694060567103, 42.719725416173659 ], [ 1.724697748743179, 42.719545350210048 ], [ 1.724453543760235, 42.719542630464368 ], [ 1.724464610202464, 42.719002432589001 ], [ 1.724708813068121, 42.719005152283593 ], [ 1.72471618911535, 42.71864502030293 ], [ 1.724960390603396, 42.718647739442986 ], [ 1.724964077870456, 42.718467673426673 ], [ 1.72520827868664, 42.718470392029161 ], [ 1.725211965214097, 42.718290325989933 ], [ 1.725700365536594, 42.718295761599308 ], [ 1.725718790608794, 42.7173954311438 ], [ 1.726939774364539, 42.717409010633197 ], [ 1.726932411494241, 42.717769143003338 ], [ 1.727176609758277, 42.717771857373755 ], [ 1.727172928978114, 42.717951923566922 ], [ 1.726928730008362, 42.717949209179501 ], [ 1.726906640382871, 42.719029606111718 ], [ 1.727150843587038, 42.719032320601151 ], [ 1.727143481519495, 42.71939245289839 ], [ 1.727631890852318, 42.719397880383696 ], [ 1.727639250096811, 42.719037748018458 ], [ 1.727395046825019, 42.719035034570062 ], [ 1.727398727102315, 42.718854968395547 ], [ 1.727887132268192, 42.718860394737845 ], [ 1.727865058566513, 42.719940791899859 ], [ 1.727620851732055, 42.71993807888699 ], [ 1.727624531472614, 42.719758012725173 ], [ 1.727380325377746, 42.719755299208771 ], [ 1.727369283937286, 42.720295497625479 ], [ 1.727613492149529, 42.720298211192819 ], [ 1.727609812307558, 42.720478277336824 ], [ 1.72736560338951, 42.720475563752487 ], [ 1.727361922807924, 42.720655629873562 ], [ 1.726873503661647, 42.720650201109187 ], [ 1.726877185654856, 42.720470135022126 ], [ 1.726388768055501, 42.72046470420959 ], [ 1.726381401212006, 42.720824836309788 ], [ 1.72589298092475, 42.720819403347015 ], [ 1.725885611122601, 42.721179535355397 ], [ 1.725641399618098, 42.721176818059163 ] ], [ [ 1.726392451426492, 42.720284638150609 ], [ 1.726636659503451, 42.720287353800131 ], [ 1.726640342134808, 42.720107287718157 ], [ 1.726396134763646, 42.720104572085646 ], [ 1.726392451426492, 42.720284638150609 ] ], [ [ 1.726159295410692, 42.719741723818935 ], [ 1.726403501336443, 42.719744439937955 ], [ 1.726410867773897, 42.719384307766518 ], [ 1.72592245877933, 42.719378875075968 ], [ 1.725926143358831, 42.719198809015374 ], [ 1.72568193961808, 42.719196091906333 ], [ 1.725674569013698, 42.719556223987581 ], [ 1.726162979352113, 42.719561657753182 ], [ 1.726159295410692, 42.719741723818935 ] ], [ [ 1.724945641196429, 42.719368003448629 ], [ 1.725189845541359, 42.719370722136254 ], [ 1.725197218901072, 42.719010590111232 ], [ 1.72495301596766, 42.719007871457684 ], [ 1.724945641196429, 42.719368003448629 ] ], [ [ 1.725926143358831, 42.719198809015374 ], [ 1.726414550941871, 42.719204241671861 ], [ 1.726418234076009, 42.719024175571313 ], [ 1.726662437212526, 42.719026891101777 ], [ 1.726666119607078, 42.718846824978243 ], [ 1.726421917176313, 42.718844109464804 ], [ 1.726425600242782, 42.718664043352348 ], [ 1.725448793681104, 42.718653176161446 ], [ 1.725445107791657, 42.718833242205825 ], [ 1.725689310087048, 42.718835959801346 ], [ 1.725685624869492, 42.71901602585681 ], [ 1.725929827904485, 42.71901874294884 ], [ 1.725926143358831, 42.719198809015374 ] ] ] } },
{ "type": "Feature", "properties": { "surface_ha": 9.55 }, "geometry": { "type": "Polygon", "coordinates": [ [ [ 1.746643712071152, 42.721408602886704 ], [ 1.746647336992432, 42.721228535450756 ], [ 1.746403123339505, 42.721225862419139 ], [ 1.746414000021079, 42.720685660125945 ], [ 1.746169788518998, 42.720682986623984 ], [ 1.746173414718741, 42.72050291919782 ], [ 1.745929203955804, 42.720500245192078 ], [ 1.745932830828061, 42.720320177776713 ], [ 1.745688620804269, 42.720317503267161 ], [ 1.745699503338571, 42.719777301035727 ], [ 1.74545529546554, 42.719774626055873 ], [ 1.745466179817307, 42.719234423821327 ], [ 1.745221974094983, 42.719231748371229 ], [ 1.745243746133218, 42.718151343842507 ], [ 1.744755343257733, 42.718145991581828 ], [ 1.744766233061244, 42.717605789337988 ], [ 1.745010432365115, 42.717608465678289 ], [ 1.745014061527209, 42.71742839823505 ], [ 1.745258260158698, 42.717431074038068 ], [ 1.745261888581737, 42.717251006572141 ], [ 1.745506086540844, 42.717253681837938 ], [ 1.745509714224843, 42.71707361434931 ], [ 1.745753911511569, 42.717076289077831 ], [ 1.745757538456541, 42.716896221566529 ], [ 1.746001735070881, 42.716898895757829 ], [ 1.746008987449486, 42.71653876068391 ], [ 1.746253182685753, 42.716541434321222 ], [ 1.746256808119405, 42.716361366758626 ], [ 1.746501002683292, 42.716364039858718 ], [ 1.746486503571627, 42.717084310140486 ], [ 1.746730700991585, 42.717086982787038 ], [ 1.746719828425346, 42.717627185486322 ], [ 1.746964027995748, 42.717629857662601 ], [ 1.746960404446146, 42.717809925233908 ], [ 1.747204604755564, 42.717812596906413 ], [ 1.74720098187841, 42.717992664488513 ], [ 1.748421987453279, 42.718006015127074 ], [ 1.748425606801746, 42.717825947461343 ], [ 1.749646609679142, 42.717839285003571 ], [ 1.749642993859372, 42.71801935275284 ], [ 1.750375598101679, 42.718027349082149 ], [ 1.750371984365936, 42.718207416875565 ], [ 1.750127782212879, 42.718204751936291 ], [ 1.750124167738185, 42.71838481970709 ], [ 1.74987996491258, 42.718382154230582 ], [ 1.749872734452051, 42.718742289721 ], [ 1.749628530248129, 42.718739623690588 ], [ 1.749617682190908, 42.719279826831645 ], [ 1.749373475902868, 42.719277160230618 ], [ 1.749369859111566, 42.719457227915754 ], [ 1.749125652150959, 42.719454560777457 ], [ 1.749122034620633, 42.719634628439977 ], [ 1.748877826987461, 42.719631960764445 ], [ 1.748874208718097, 42.71981202840427 ], [ 1.747897375694655, 42.719801352429883 ], [ 1.747893754568812, 42.719981419996934 ], [ 1.747405336845041, 42.719976078853009 ], [ 1.747401714274301, 42.720156146380688 ], [ 1.747157504756516, 42.72015347501118 ], [ 1.747153881446676, 42.72033354251618 ], [ 1.746909671256356, 42.720330870609395 ], [ 1.74689155067866, 42.721231207961807 ], [ 1.747135764398182, 42.721233879952273 ], [ 1.74713214088862, 42.721413947421681 ], [ 1.746643712071152, 42.721408602886704 ] ], [ [ 1.746177040885174, 42.720322851765701 ], [ 1.746909671256356, 42.720330870609395 ], [ 1.746913295272015, 42.720150803121129 ], [ 1.746669085820807, 42.72014813071052 ], [ 1.74667271050899, 42.719968063233061 ], [ 1.745940084472623, 42.7199600429282 ], [ 1.745936457667002, 42.720140110355402 ], [ 1.746180667018295, 42.720142784327635 ], [ 1.746177040885174, 42.720322851765701 ] ], [ [ 1.745943711244928, 42.719779975495015 ], [ 1.746187919184601, 42.719782649433768 ], [ 1.746191545217788, 42.719602581977924 ], [ 1.745947337983915, 42.719599908055926 ], [ 1.745943711244928, 42.719779975495015 ] ], [ [ 1.746443003039834, 42.719245120416431 ], [ 1.746687208928739, 42.719247793263911 ], [ 1.746690833450434, 42.719067725756766 ], [ 1.746446628267309, 42.719065052926062 ], [ 1.746443003039834, 42.719245120416431 ] ], [ [ 1.745721267507445, 42.718696896412716 ], [ 1.746453878622351, 42.718704917927532 ], [ 1.746457503749919, 42.718524850419357 ], [ 1.746701706815739, 42.718527523199839 ], [ 1.746705331204251, 42.718347455669011 ], [ 1.746461128844185, 42.718344782905248 ], [ 1.746475628888238, 42.717624512789541 ], [ 1.745743030476739, 42.717616491576173 ], [ 1.745739403398491, 42.717796559063757 ], [ 1.745495203288893, 42.71779388426819 ], [ 1.745487947620963, 42.718154019192077 ], [ 1.745732149142035, 42.71815669402114 ], [ 1.745721267507445, 42.718696896412716 ] ] ] } },
{ "type": "Feature", "properties": { "surface_ha": 1.2 }, "geometry": { "type": "Polygon", "coordinates": [ [ [ 1.752620305597008, 42.715710426157365 ], [ 1.752627519404049, 42.715350290098471 ], [ 1.752871710597544, 42.715352949566039 ], [ 1.752875316745717, 42.71517288151103 ], [ 1.753363697820784, 42.715178198851468 ], [ 1.753367302524548, 42.714998130757223 ], [ 1.753611492406112, 42.715000788630121 ], [ 1.753615096371126, 42.714820720513302 ], [ 1.754103474822299, 42.714826034664384 ], [ 1.754107077342947, 42.714645966508336 ], [ 1.75459545451523, 42.714651278544359 ], [ 1.754599055591539, 42.714471210349096 ], [ 1.754843243521679, 42.714473865569822 ], [ 1.754850444163823, 42.714113729128286 ], [ 1.755094630715807, 42.714116383795286 ], [ 1.755083831819839, 42.714656588498535 ], [ 1.754839643150997, 42.714653933781669 ], [ 1.754832442310414, 42.715014070187628 ], [ 1.75458825226338, 42.715011414917058 ], [ 1.754584651087832, 42.715191483094458 ], [ 1.754340460368234, 42.715188827286823 ], [ 1.754336858453955, 42.715368895441706 ], [ 1.75384847570273, 42.715363582231689 ], [ 1.753844872344051, 42.715543650347364 ], [ 1.753112296348522, 42.715535676578881 ], [ 1.753108690839757, 42.7157157446387 ], [ 1.752620305597008, 42.715710426157365 ] ] ] } },
{ "type": "Feature", "properties": { "surface_ha": 22.06 }, "geometry": { "type": "Polygon", "coordinates": [ [ [ 1.773295206071637, 42.720076220900708 ], [ 1.773298753758813, 42.719896151606086 ], [ 1.773542964683181, 42.719898767226539 ], [ 1.773546511631931, 42.719718697909634 ], [ 1.77379072188305, 42.71972131299313 ], [ 1.77379426809339, 42.7195412436539 ], [ 1.774038477671258, 42.719543858200453 ], [ 1.774045568582568, 42.719183719471516 ], [ 1.774289776781371, 42.719186333464783 ], [ 1.774303955389956, 42.718466055870358 ], [ 1.774059750014348, 42.718463441942632 ], [ 1.774066840534822, 42.71810330314262 ], [ 1.77382263660334, 42.718100688727084 ], [ 1.773826182520494, 42.717920619334592 ], [ 1.773337776166796, 42.717915388974689 ], [ 1.773341323462899, 42.717735319609041 ], [ 1.771631907192124, 42.717716997067555 ], [ 1.771628354955697, 42.717897066318443 ], [ 1.77113994918898, 42.717891826589096 ], [ 1.771143502836925, 42.717711757371021 ], [ 1.77089930070829, 42.717709136741981 ], [ 1.770895746354586, 42.717889205943621 ], [ 1.770651543552845, 42.717886584777645 ], [ 1.770644433335943, 42.718246723130349 ], [ 1.770400229155324, 42.718244101411024 ], [ 1.770396673292107, 42.718424170562052 ], [ 1.770152468438378, 42.718421548305763 ], [ 1.770148911836712, 42.718601617434466 ], [ 1.769904706309873, 42.718598994641205 ], [ 1.769901148969744, 42.718779063747576 ], [ 1.769412736602533, 42.718773816566589 ], [ 1.76941629535424, 42.718593747493053 ], [ 1.769172089925458, 42.718591123138232 ], [ 1.769179208742352, 42.718230985006322 ], [ 1.768690800806005, 42.718225734800775 ], [ 1.768694361576941, 42.718045665758822 ], [ 1.7684501583636, 42.718043039891725 ], [ 1.768457281218857, 42.717682901822975 ], [ 1.768213079449748, 42.717680275468211 ], [ 1.76821664153405, 42.7175002064414 ], [ 1.767239837607897, 42.71748969588306 ], [ 1.76724340248244, 42.717309626916176 ], [ 1.766999202288497, 42.71730699799177 ], [ 1.767002767836025, 42.717126929035423 ], [ 1.766514368957874, 42.717121669658034 ], [ 1.766517935884101, 42.716941600728688 ], [ 1.7662737371999, 42.716938970275727 ], [ 1.766277304799079, 42.716758901356933 ], [ 1.766033106853369, 42.716756270399934 ], [ 1.766036675125487, 42.716576201491719 ], [ 1.766280872365483, 42.716578832432241 ], [ 1.766284439899116, 42.716398763501608 ], [ 1.766040243364826, 42.716396132577565 ], [ 1.766043811571385, 42.716216063657519 ], [ 1.765799615775575, 42.716213432229438 ], [ 1.765796046863315, 42.716393501133027 ], [ 1.765551850394589, 42.716390869167988 ], [ 1.765555420012548, 42.716210800280891 ], [ 1.765311224282312, 42.716208167811857 ], [ 1.76531479457317, 42.716028098935325 ], [ 1.765558989597714, 42.716030731387868 ], [ 1.765562559150089, 42.715850662488897 ], [ 1.765318364831231, 42.715848030052854 ], [ 1.765321935056494, 42.715667961164499 ], [ 1.765566128669673, 42.715670593584036 ], [ 1.765569698156468, 42.715490524673257 ], [ 1.765325505248962, 42.715487892270176 ], [ 1.765329075408631, 42.715307823369947 ], [ 1.764840691103346, 42.715302557035329 ], [ 1.764837119532345, 42.715482625902588 ], [ 1.764592926723248, 42.715479991938047 ], [ 1.764589354413765, 42.715660060782888 ], [ 1.764345160931814, 42.715657426281403 ], [ 1.764323722151601, 42.716737839126935 ], [ 1.76407952446831, 42.716735204005928 ], [ 1.76408667227109, 42.716375066447462 ], [ 1.763842476032043, 42.716372430838987 ], [ 1.763849625114886, 42.716012293289829 ], [ 1.763605430320062, 42.716009657193887 ], [ 1.763609005517913, 42.715829588426921 ], [ 1.763364811461615, 42.715826951827012 ], [ 1.763368387332297, 42.715646883070661 ], [ 1.763124194014524, 42.7156442459668 ], [ 1.763127770558029, 42.715464177221016 ], [ 1.76288357797878, 42.71546153961318 ], [ 1.762887155195091, 42.715281470878026 ], [ 1.763131347068679, 42.715284108469312 ], [ 1.763134923546472, 42.715104039711711 ], [ 1.762890732378543, 42.715101402136924 ], [ 1.762897886646864, 42.71474126463697 ], [ 1.762409507232174, 42.714735987992078 ], [ 1.762413085728317, 42.71455591926626 ], [ 1.762168896775915, 42.714553280179672 ], [ 1.762165317574137, 42.714733348888956 ], [ 1.761921127948977, 42.714730709265361 ], [ 1.761928287730917, 42.714370571873921 ], [ 1.761684099549909, 42.714367931762936 ], [ 1.761698421541622, 42.71364765697512 ], [ 1.761942606900183, 42.713650297019988 ], [ 1.761939027157194, 42.713830365742332 ], [ 1.762183213254241, 42.71383300528327 ], [ 1.762179634183976, 42.714013074016265 ], [ 1.762912194789189, 42.714020989565952 ], [ 1.762908617802896, 42.714201058342596 ], [ 1.765838871646691, 42.714232673899055 ], [ 1.765831734510622, 42.71459281183062 ], [ 1.766075923955433, 42.714595443110333 ], [ 1.766072356043866, 42.714775512083712 ], [ 1.766316546227092, 42.714778142859466 ], [ 1.7663129789884, 42.714958211843388 ], [ 1.767289742871529, 42.714968729807602 ], [ 1.767279049426769, 42.715508936921495 ], [ 1.768744208935584, 42.715524698549935 ], [ 1.768740648622565, 42.715704767674787 ], [ 1.768496454583616, 42.715702142021449 ], [ 1.76849289353221, 42.715882211123912 ], [ 1.768737088276841, 42.715884836793691 ], [ 1.768733527898411, 42.71606490590672 ], [ 1.768977723381441, 42.716067531072419 ], [ 1.768974163676, 42.716247600195935 ], [ 1.769218359897428, 42.716250224857625 ], [ 1.769211241799858, 42.716610363119777 ], [ 1.769943834894526, 42.716618234080457 ], [ 1.769950948757848, 42.716258095719709 ], [ 1.769706752438358, 42.716255472619508 ], [ 1.769710310026705, 42.716075403446652 ], [ 1.770198701286964, 42.716080649093726 ], [ 1.770195145110015, 42.716260718299402 ], [ 1.770683537912344, 42.716265961897335 ], [ 1.770690647410792, 42.715905823414346 ], [ 1.770934842449551, 42.715908444399751 ], [ 1.770941950406012, 42.715548305860253 ], [ 1.77143033775873, 42.715553546203935 ], [ 1.771426785208185, 42.715733615509478 ], [ 1.77167097963918, 42.715736234916982 ], [ 1.771667427761688, 42.715916304232984 ], [ 1.771911622931, 42.715918923136464 ], [ 1.771908071726574, 42.716098992462967 ], [ 1.772396463574449, 42.71610422874118 ], [ 1.772392913748803, 42.716284298094585 ], [ 1.772881307138524, 42.716289532323614 ], [ 1.772874210212251, 42.71664967107818 ], [ 1.773851003028508, 42.716660133421378 ], [ 1.773843911617654, 42.717020272283335 ], [ 1.774088111314619, 42.717022886600638 ], [ 1.77408456626607, 42.717202956039088 ], [ 1.774328766701339, 42.717205569852268 ], [ 1.774325222325967, 42.717385639301156 ], [ 1.774569423499538, 42.717388252610199 ], [ 1.774565879797358, 42.717568322069553 ], [ 1.775054283653658, 42.717573547158757 ], [ 1.775047198974674, 42.717933686125207 ], [ 1.775291402363162, 42.717936297921753 ], [ 1.77528786068063, 42.718116367412442 ], [ 1.775532064807424, 42.71811897870483 ], [ 1.775524982756312, 42.71847911770115 ], [ 1.775769188327198, 42.718481728505701 ], [ 1.775751486159156, 42.719382075974735 ], [ 1.775507277059247, 42.719379465088416 ], [ 1.775503735822241, 42.719559534548125 ], [ 1.775747945627971, 42.719562145450787 ], [ 1.775744405064263, 42.719742214920934 ], [ 1.775255984073674, 42.719736992562332 ], [ 1.775252442065766, 42.719917061993819 ], [ 1.774764019793662, 42.71991183752025 ], [ 1.774767563213241, 42.719731768121491 ], [ 1.774523352831849, 42.719729155120227 ], [ 1.774519808706436, 42.719909224502651 ], [ 1.774275597651765, 42.719906610964451 ], [ 1.774272052787952, 42.720086680324577 ], [ 1.773295206071637, 42.720076220900708 ] ], [ [ 1.769678290555022, 42.717696025788982 ], [ 1.769922492520333, 42.717698649020591 ], [ 1.76992604966439, 42.717518579878714 ], [ 1.76968184840483, 42.717515956663497 ], [ 1.769678290555022, 42.717696025788982 ] ], [ [ 1.771143502836925, 42.717711757371021 ], [ 1.771387704998206, 42.717714377479538 ], [ 1.771391257907754, 42.717534308239145 ], [ 1.771879660916719, 42.717539546861843 ], [ 1.771883212382137, 42.717359477582697 ], [ 1.771639011567085, 42.717356858548023 ], [ 1.771642563705617, 42.717176789279371 ], [ 1.771398363628936, 42.717174169740588 ], [ 1.771394810784665, 42.717354238992826 ], [ 1.771150610034883, 42.717351618917114 ], [ 1.771143502836925, 42.717711757371021 ] ], [ [ 1.770906409317745, 42.717348998320915 ], [ 1.771150610034883, 42.717351618917114 ], [ 1.771154163584894, 42.717171549681289 ], [ 1.770909963573496, 42.71716892910149 ], [ 1.770906409317745, 42.717348998320915 ] ], [ [ 1.767246967324234, 42.717129557943359 ], [ 1.76773536639889, 42.717134814197713 ], [ 1.767738929796481, 42.716954745186058 ], [ 1.767250532133281, 42.716949488964616 ], [ 1.767246967324234, 42.717129557943359 ] ], [ [ 1.767738929796481, 42.716954745186058 ], [ 1.767983128677187, 42.716957372515999 ], [ 1.767986691336323, 42.716777303481976 ], [ 1.767742493161338, 42.716774676168484 ], [ 1.767738929796481, 42.716954745186058 ] ], [ [ 1.767017029698595, 42.716406653150784 ], [ 1.76774961979285, 42.716414538115529 ], [ 1.767753183059504, 42.71623446908017 ], [ 1.767020595082354, 42.716226584164836 ], [ 1.767017029698595, 42.716406653150784 ] ], [ [ 1.766058084069842, 42.715495787917988 ], [ 1.7663022770757, 42.715498418759644 ], [ 1.766309411716936, 42.715138280821392 ], [ 1.766065220122408, 42.715135650012705 ], [ 1.766058084069842, 42.715495787917988 ] ], [ [ 1.765336215629584, 42.714947685551714 ], [ 1.765580406420111, 42.714950317905306 ], [ 1.765583975775747, 42.714770248970858 ], [ 1.765339785690865, 42.714767616633722 ], [ 1.765336215629584, 42.714947685551714 ] ] ] } },
{ "type": "Feature", "properties": { "surface_ha": 1.48 }, "geometry": { "type": "Polygon", "coordinates": [ [ [ 1.719440044876459, 42.713903359386279 ], [ 1.719443747490916, 42.713723293608069 ], [ 1.7191995658361, 42.713720562958244 ], [ 1.719203269122096, 42.71354049719119 ], [ 1.71895908820685, 42.713537766038051 ], [ 1.718962792164375, 42.713357700282174 ], [ 1.719206972374074, 42.713360431418202 ], [ 1.719210675592038, 42.713180365639275 ], [ 1.719454855130215, 42.713183096237792 ], [ 1.719465962463417, 42.712642898814003 ], [ 1.720198494932242, 42.712651087333256 ], [ 1.720194794638415, 42.712831153198415 ], [ 1.720683151198638, 42.712836609643446 ], [ 1.720675753331137, 42.713196741424277 ], [ 1.720919933073281, 42.713199468900356 ], [ 1.720908838133837, 42.713739666578292 ], [ 1.720420474450234, 42.713734211003221 ], [ 1.720416774658018, 42.713914276849813 ], [ 1.720172592161633, 42.713911548264562 ], [ 1.72017629265941, 42.713731482435058 ], [ 1.719687929179744, 42.7137260237375 ], [ 1.719684227270847, 42.71390608953282 ], [ 1.719440044876459, 42.713903359386279 ] ] ] } },
{ "type": "Feature", "properties": { "surface_ha": 5.01 }, "geometry": { "type": "Polygon", "coordinates": [ [ [ 1.826625722970948, 42.715772149123559 ], [ 1.826629115935149, 42.715592076175227 ], [ 1.826384917149028, 42.715589573944172 ], [ 1.826391704395384, 42.715229428061186 ], [ 1.826147507051897, 42.715226925340971 ], [ 1.82614411273858, 42.715406998269756 ], [ 1.825655716733707, 42.715401991236412 ], [ 1.825652320977745, 42.715582064127929 ], [ 1.825163923686189, 42.71557705498121 ], [ 1.825167320853615, 42.715396982121071 ], [ 1.82467892509835, 42.71539197092369 ], [ 1.824682323646017, 42.715211898089059 ], [ 1.824193929427084, 42.715206884841024 ], [ 1.824197329354965, 42.715026812031866 ], [ 1.823464740377982, 42.715019288303175 ], [ 1.823468142391759, 42.714839215535264 ], [ 1.823712337980467, 42.714841723949625 ], [ 1.823722541717196, 42.714301505563334 ], [ 1.823966735220059, 42.714304013410086 ], [ 1.823970135697462, 42.714123940587129 ], [ 1.824458521385527, 42.714128954687716 ], [ 1.824461920420336, 42.713948881827477 ], [ 1.824950304821942, 42.713953893814761 ], [ 1.824953702414182, 42.713773820917211 ], [ 1.825930468769187, 42.713783838583176 ], [ 1.825937258214728, 42.713423692644874 ], [ 1.826181448470129, 42.713426195728807 ], [ 1.826178054468613, 42.713606268716575 ], [ 1.826666436484269, 42.71361127335436 ], [ 1.826669829074462, 42.713431200335265 ], [ 1.826914019423379, 42.713433701857781 ], [ 1.826917411276752, 42.713253628817071 ], [ 1.827161600951171, 42.713256129803426 ], [ 1.827114122048172, 42.715777152055466 ], [ 1.826625722970948, 42.715772149123559 ] ], [ [ 1.826632508868181, 42.715412003221019 ], [ 1.826876706979738, 42.715414504915884 ], [ 1.826880099175876, 42.715234431940104 ], [ 1.826635901770044, 42.715231930260913 ], [ 1.826632508868181, 42.715412003221019 ] ], [ [ 1.826391704395384, 42.715229428061186 ], [ 1.826635901770044, 42.715231930260913 ], [ 1.826639294640739, 42.715051857294903 ], [ 1.826395097971798, 42.715049355110843 ], [ 1.826391704395384, 42.715229428061186 ] ] ] } },
{ "type": "Feature", "properties": { "surface_ha": 1.08 }, "geometry": { "type": "Polygon", "coordinates": [ [ [ 1.717494003430116, 42.713521368190563 ], [ 1.717501419777636, 42.713161236878271 ], [ 1.717013061279989, 42.713155766834348 ], [ 1.717020480313366, 42.712795635566785 ], [ 1.717508835988906, 42.712801105542184 ], [ 1.717512544043449, 42.712621039865247 ], [ 1.717268366894161, 42.712618305154855 ], [ 1.717272075620154, 42.712438239489103 ], [ 1.717027899210445, 42.712435504275454 ], [ 1.717031608607873, 42.712255438620893 ], [ 1.717275784312078, 42.712258173817403 ], [ 1.717279492969934, 42.712078108139742 ], [ 1.717523668002709, 42.712080842798741 ], [ 1.71751625206393, 42.712440974182357 ], [ 1.717760428541768, 42.71244370835521 ], [ 1.717756721226798, 42.712623774055224 ], [ 1.718489252981149, 42.712631973502781 ], [ 1.71848554774868, 42.712812039248227 ], [ 1.718729725773728, 42.71281477137375 ], [ 1.718722316617739, 42.713174902881015 ], [ 1.718478137181631, 42.713172170721279 ], [ 1.718474431847054, 42.713352236448848 ], [ 1.71798607166588, 42.713346770533946 ], [ 1.717989778411535, 42.713166704840582 ], [ 1.717745599077559, 42.713163971119634 ], [ 1.717738184141119, 42.713524102466174 ], [ 1.717494003430116, 42.713521368190563 ] ] ] } },
{ "type": "Feature", "properties": { "surface_ha": 1.73 }, "geometry": { "type": "Polygon", "coordinates": [ [ [ 1.740199311800771, 42.713953496702537 ], [ 1.740202954407907, 42.713773429476504 ], [ 1.740447138258484, 42.713776115352999 ], [ 1.740450780126584, 42.713596048104215 ], [ 1.740694963305038, 42.71359873344344 ], [ 1.740702245529736, 42.713238598894435 ], [ 1.740946427330501, 42.71324128367965 ], [ 1.74095734830004, 42.712701081761182 ], [ 1.741201528017588, 42.712703765975505 ], [ 1.74120516756835, 42.71252369864068 ], [ 1.741693525692655, 42.712529065474484 ], [ 1.741697163798917, 42.712348998100111 ], [ 1.741941342205668, 42.712351680719578 ], [ 1.741944979572983, 42.712171613322468 ], [ 1.742189157307618, 42.712174295404758 ], [ 1.742185520645832, 42.712354362818694 ], [ 1.742429699119403, 42.712357044397351 ], [ 1.742426063129747, 42.712537111822144 ], [ 1.74218188395064, 42.712534430226668 ], [ 1.742167336835803, 42.713254699799243 ], [ 1.7419231548679, 42.713252017616163 ], [ 1.741919517300105, 42.713432084977725 ], [ 1.74167533466005, 42.713429402257411 ], [ 1.741664419639434, 42.713969604255958 ], [ 1.740199311800771, 42.713953496702537 ] ] ] } },
{ "type": "Feature", "properties": { "surface_ha": 2.09 }, "geometry": { "type": "Polygon", "coordinates": [ [ [ 1.755101829814455, 42.713756247296772 ], [ 1.755109028780842, 42.713396110774596 ], [ 1.754864845051241, 42.713393456174124 ], [ 1.754868445190416, 42.713213387920774 ], [ 1.754624262199464, 42.713210732816513 ], [ 1.754627863011141, 42.71303066457385 ], [ 1.753162769993715, 42.713014723119073 ], [ 1.753159164948608, 42.713194791261877 ], [ 1.75242661677016, 42.71318681345879 ], [ 1.752423009575209, 42.713366881545703 ], [ 1.752178826209747, 42.713364221220509 ], [ 1.752175218276076, 42.713544289284812 ], [ 1.751931034238175, 42.713541628422504 ], [ 1.751934642877427, 42.713361560374857 ], [ 1.751690459578256, 42.713358899008774 ], [ 1.751694068889933, 42.713178830971884 ], [ 1.751938251483531, 42.713181492321283 ], [ 1.751941860056484, 42.713001424261783 ], [ 1.752186041977661, 42.713004085074068 ], [ 1.752189649811904, 42.712824016991959 ], [ 1.752433831060658, 42.712826677267188 ], [ 1.752437438156204, 42.712646609162505 ], [ 1.752681618732538, 42.712649268900641 ], [ 1.752685225089399, 42.712469200773363 ], [ 1.752929404993309, 42.712471859974436 ], [ 1.752933010611499, 42.712291791824569 ], [ 1.754153907100014, 42.712305079940457 ], [ 1.754146702885997, 42.712665216400737 ], [ 1.75439088369409, 42.712667872495956 ], [ 1.754394485112091, 42.71248780425212 ], [ 1.754882845416413, 42.712493114848051 ], [ 1.754879245409519, 42.712673183125126 ], [ 1.755123426316841, 42.712675837659084 ], [ 1.755116227614969, 42.713035974228681 ], [ 1.755360409966481, 42.713038628275484 ], [ 1.755346014988302, 42.713758901410067 ], [ 1.755101829814455, 42.713756247296772 ] ] ] } },
{ "type": "Feature", "properties": { "surface_ha": 2.41 }, "geometry": { "type": "Polygon", "coordinates": [ [ [ 1.72726861827425, 42.713270200614815 ], [ 1.727275978042757, 42.712910067913747 ], [ 1.72703179883053, 42.712907354002326 ], [ 1.727035479369612, 42.712727287659874 ], [ 1.726791300896726, 42.712724573245069 ], [ 1.726802344427675, 42.712184374233132 ], [ 1.72655816810516, 42.7121816593489 ], [ 1.726561849920019, 42.712001593016723 ], [ 1.727294376872484, 42.712009736057198 ], [ 1.727290697174142, 42.712189802440399 ], [ 1.727779050055813, 42.712195228566081 ], [ 1.727786406596685, 42.711835095725775 ], [ 1.728518931939563, 42.711843230909444 ], [ 1.728515255802525, 42.712023297383503 ], [ 1.72949195955443, 42.712034137077509 ], [ 1.72948828620566, 42.712214203613506 ], [ 1.730953347078731, 42.712230447644522 ], [ 1.730957016194438, 42.712050381006783 ], [ 1.731201192419109, 42.712053086506927 ], [ 1.731190187087427, 42.712593286453277 ], [ 1.730457652164876, 42.712585168239045 ], [ 1.73046132275904, 42.71240510164705 ], [ 1.72972879025652, 42.712396978800079 ], [ 1.729725117545784, 42.712577045341192 ], [ 1.729480939406887, 42.712574336667771 ], [ 1.72947359247314, 42.712934469698254 ], [ 1.728985233474456, 42.712929050722344 ], [ 1.728996258057632, 42.712388851269537 ], [ 1.728752080725506, 42.71238614105188 ], [ 1.728748405192683, 42.712566207525086 ], [ 1.727771693379791, 42.712555361382584 ], [ 1.727760658112337, 42.713095560562856 ], [ 1.727516478126972, 42.713092847675242 ], [ 1.727512798931362, 42.713272914039834 ], [ 1.72726861827425, 42.713270200614815 ] ] ] } },
{ "type": "Feature", "properties": { "surface_ha": 1.56 }, "geometry": { "type": "Polygon", "coordinates": [ [ [ 1.733139952162791, 42.71279497889919 ], [ 1.733143615029818, 42.712614912126824 ], [ 1.732899436419188, 42.712612210739053 ], [ 1.732903099958096, 42.712432143977651 ], [ 1.732414744248856, 42.712426739674761 ], [ 1.732422074047784, 42.71206660620188 ], [ 1.732177897654693, 42.71206390330368 ], [ 1.73219255967056, 42.711343636354457 ], [ 1.732680906846426, 42.711349041495033 ], [ 1.732677242803941, 42.71152910827513 ], [ 1.732921417147851, 42.711531810081759 ], [ 1.732917753777203, 42.711711876872791 ], [ 1.732673578727798, 42.711709175049236 ], [ 1.732669914617998, 42.711889241817445 ], [ 1.732914090372905, 42.711891943657932 ], [ 1.732910426934954, 42.712072010437097 ], [ 1.733642956518082, 42.712080112886987 ], [ 1.733650279127299, 42.711719979221193 ], [ 1.734138629528867, 42.711725378184816 ], [ 1.734142289372034, 42.711545311309202 ], [ 1.734386463917752, 42.71154800999355 ], [ 1.734371827165395, 42.712268277528025 ], [ 1.734127649797649, 42.712265578776076 ], [ 1.734123989820005, 42.712445645627945 ], [ 1.733879811780357, 42.712442946338705 ], [ 1.733872490313141, 42.712803079990863 ], [ 1.733139952162791, 42.71279497889919 ] ] ] } },
{ "type": "Feature", "properties": { "surface_ha": 4.69 }, "geometry": { "type": "Polygon", "coordinates": [ [ [ 1.798797603415058, 42.714943326952238 ], [ 1.798811496506018, 42.714223042283571 ], [ 1.800765025304391, 42.714243515323687 ], [ 1.800771960367976, 42.713883372697431 ], [ 1.801016150199873, 42.713885929453276 ], [ 1.80101961697824, 42.713705858115269 ], [ 1.800775427851988, 42.713703301375432 ], [ 1.800778895304148, 42.713523230047493 ], [ 1.800534706915388, 42.71352067280322 ], [ 1.800552047226499, 42.712620316155117 ], [ 1.801040416979677, 42.712625429963062 ], [ 1.801050816550493, 42.712085215807178 ], [ 1.801294999358069, 42.712087771882466 ], [ 1.801298465112406, 42.711907700469332 ], [ 1.802519376099805, 42.711920472959171 ], [ 1.802512451615148, 42.712280615939505 ], [ 1.802756635319239, 42.712283168908165 ], [ 1.802753173734799, 42.712463240405455 ], [ 1.802997358176285, 42.712465792869651 ], [ 1.802990436323223, 42.712825935878492 ], [ 1.802013693103252, 42.712815722771111 ], [ 1.802010229306571, 42.712995794202698 ], [ 1.801766042875494, 42.712993239608728 ], [ 1.801752184548048, 42.713713525212 ], [ 1.802240563087065, 42.713718634007492 ], [ 1.802247489491892, 42.713358491153677 ], [ 1.802735865335615, 42.713363597803308 ], [ 1.802722018043861, 42.714083883615267 ], [ 1.802477827283517, 42.714081330486692 ], [ 1.802470902035503, 42.714441473325209 ], [ 1.801738325711367, 42.714433810720685 ], [ 1.801734860922629, 42.714613882083086 ], [ 1.801490668172559, 42.714611326824617 ], [ 1.801494133666971, 42.714431255478225 ], [ 1.80100574967369, 42.714426143431865 ], [ 1.801002282767933, 42.714606214746254 ], [ 1.79953712731862, 42.714590866019549 ], [ 1.799533656146954, 42.71477093723189 ], [ 1.799289462977958, 42.714768377273039 ], [ 1.799285991068724, 42.714948448463424 ], [ 1.798797603415058, 42.714943326952238 ] ] ] } },
{ "type": "Feature", "properties": { "surface_ha": 9.99 }, "geometry": { "type": "Polygon", "coordinates": [ [ [ 1.73798340701217, 42.714829635526534 ], [ 1.737987056137147, 42.714649568481754 ], [ 1.737498682083387, 42.714644185631172 ], [ 1.73750598305519, 42.714284051591179 ], [ 1.736773426459683, 42.714275973513203 ], [ 1.736769773873752, 42.714456040485558 ], [ 1.735793029393789, 42.714445262361259 ], [ 1.73580034017685, 42.714085128545626 ], [ 1.735311970960688, 42.714079736428396 ], [ 1.735315627713019, 42.713899669545455 ], [ 1.735071443860904, 42.713896972723091 ], [ 1.73507510128522, 42.713716905851086 ], [ 1.734830918172279, 42.713714208525175 ], [ 1.734834576268568, 42.713534141664134 ], [ 1.73507875867594, 42.713536838973162 ], [ 1.735082416033062, 42.71335677208932 ], [ 1.735570779537462, 42.713362165112265 ], [ 1.735574435449873, 42.713182098188703 ], [ 1.735818616546893, 42.713184793902656 ], [ 1.735825926859873, 42.712824660003946 ], [ 1.736070106579373, 42.712827355163732 ], [ 1.736073760979961, 42.712647288188549 ], [ 1.735829581965999, 42.712644593045681 ], [ 1.735833237038549, 42.712464526081462 ], [ 1.736077415346978, 42.712467221207504 ], [ 1.736081069680429, 42.712287154220476 ], [ 1.736325247316901, 42.712289848809228 ], [ 1.736332554472064, 42.711929714783643 ], [ 1.736088378246624, 42.711927020228643 ], [ 1.736092032479373, 42.711746953223816 ], [ 1.735847856993006, 42.711744258165318 ], [ 1.735862476410287, 42.71102399015421 ], [ 1.736106649074692, 42.711026685145171 ], [ 1.736110303139607, 42.710846618110679 ], [ 1.736354475132104, 42.71084931256442 ], [ 1.736361781750311, 42.710489178443886 ], [ 1.736605952365437, 42.710491872343482 ], [ 1.736616909924715, 42.709951671067515 ], [ 1.736861078457048, 42.709954364396154 ], [ 1.736868381917948, 42.709594230148767 ], [ 1.737845050739177, 42.709604998124831 ], [ 1.737834103962754, 42.710145199689343 ], [ 1.739054951324963, 42.710158648204192 ], [ 1.739051305859709, 42.710338715464701 ], [ 1.739295476138088, 42.710341403623431 ], [ 1.739288186518046, 42.710701538160379 ], [ 1.73953235824083, 42.710704225832387 ], [ 1.739528714086061, 42.710884293108798 ], [ 1.739772886547791, 42.71088698027728 ], [ 1.739769243065027, 42.71106704756459 ], [ 1.740257589499845, 42.711072420374066 ], [ 1.740253947394586, 42.71125248768908 ], [ 1.7407422953742, 42.711257858450686 ], [ 1.740738654646471, 42.711437925793419 ], [ 1.740494479934444, 42.711435240655995 ], [ 1.740490838467772, 42.71161530797599 ], [ 1.740246663083695, 42.711612622301345 ], [ 1.740250305255869, 42.71143255499819 ], [ 1.739761955999091, 42.711427182121405 ], [ 1.739765599548793, 42.711247114845975 ], [ 1.73830055681488, 42.711230983827406 ], [ 1.738296909032228, 42.711411051001797 ], [ 1.738052734654991, 42.711408360660499 ], [ 1.738056383143131, 42.711228293502998 ], [ 1.737568035900187, 42.711222911292936 ], [ 1.737564386001068, 42.711402978416807 ], [ 1.737320211724396, 42.711400286514355 ], [ 1.737316561086254, 42.711580353615403 ], [ 1.737560736068423, 42.711583045534702 ], [ 1.737557086102249, 42.711763112646679 ], [ 1.737312910414578, 42.711760420710519 ], [ 1.737305608970623, 42.712120554882908 ], [ 1.737061431905464, 42.712117862392645 ], [ 1.737043174181028, 42.713018197635527 ], [ 1.737287354773857, 42.713020890210139 ], [ 1.737283703833894, 42.713200957257762 ], [ 1.737527885165813, 42.713203649328804 ], [ 1.737524234897873, 42.713383716387376 ], [ 1.737768416968883, 42.713386407954879 ], [ 1.737764767372977, 42.713566475024365 ], [ 1.738008950183081, 42.713569166088298 ], [ 1.738005301259225, 42.713749233168706 ], [ 1.738737852007347, 42.713757303288489 ], [ 1.738734205166713, 42.713937370413532 ], [ 1.739955127278071, 42.713950810288779 ], [ 1.739947840552226, 42.714310944689387 ], [ 1.739459468784864, 42.714305570233257 ], [ 1.739455823960535, 42.714485637390993 ], [ 1.738967450915895, 42.714480260819414 ], [ 1.738971097151427, 42.714300193695358 ], [ 1.738726911384947, 42.714297504645735 ], [ 1.738723264443814, 42.714477571752987 ], [ 1.738479078005234, 42.714474882166101 ], [ 1.738475430324991, 42.714654949250537 ], [ 1.738231243214312, 42.714652259126353 ], [ 1.738227594794947, 42.714832326188017 ], [ 1.73798340701217, 42.714829635526534 ] ], [ [ 1.735803995518014, 42.713905061628914 ], [ 1.736048179470882, 42.713907756889995 ], [ 1.73605183407289, 42.713727689950446 ], [ 1.7358076508256, 42.713724994706226 ], [ 1.735803995518014, 42.713905061628914 ] ], [ [ 1.736784384016161, 42.713735772560504 ], [ 1.737272750812777, 42.71374115836506 ], [ 1.737276401853355, 42.713561091335237 ], [ 1.736788036467883, 42.71355570556441 ], [ 1.736784384016161, 42.713735772560504 ] ], [ [ 1.737276401853355, 42.713561091335237 ], [ 1.737520584596401, 42.713563783440009 ], [ 1.737524234897873, 42.713383716387376 ], [ 1.737280052860392, 42.713381024299473 ], [ 1.737276401853355, 42.713561091335237 ] ] ] } },
{ "type": "Feature", "properties": { "surface_ha": 3.13 }, "geometry": { "type": "Polygon", "coordinates": [ [ [ 1.726106646297829, 42.710375564770438 ], [ 1.726114012039104, 42.710015432049367 ], [ 1.725869844283693, 42.710012715808169 ], [ 1.725873527809012, 42.70983264945572 ], [ 1.725629360792865, 42.709829932711159 ], [ 1.725625676562119, 42.710009999046569 ], [ 1.725137341220502, 42.710004563962364 ], [ 1.725152083583761, 42.709284298721286 ], [ 1.725396248415983, 42.709287016455477 ], [ 1.725403617983696, 42.708926883765272 ], [ 1.725891944928085, 42.708932317604571 ], [ 1.725895628250399, 42.708752251216481 ], [ 1.726383953919347, 42.708757682940458 ], [ 1.72638027200781, 42.708937749362526 ], [ 1.726624435598406, 42.708940464460994 ], [ 1.726620754358445, 42.70912053089414 ], [ 1.727841576345487, 42.709134098666503 ], [ 1.727845254058472, 42.70895403214837 ], [ 1.728333581679014, 42.708959455580981 ], [ 1.728337257947435, 42.708779389022972 ], [ 1.728581421102971, 42.708782099941793 ], [ 1.728577745539943, 42.708962166516798 ], [ 1.728821909434633, 42.708964876932278 ], [ 1.728818234543242, 42.709144943518304 ], [ 1.729550728546018, 42.709153071693621 ], [ 1.729547055737087, 42.709333138324617 ], [ 1.73003538665178, 42.709338554540388 ], [ 1.730031715219933, 42.7095186211994 ], [ 1.727834220818176, 42.709494231684943 ], [ 1.727830543003846, 42.709674298185242 ], [ 1.727342209875179, 42.709668872535346 ], [ 1.727338530616221, 42.709848938995727 ], [ 1.726850196211897, 42.709843511230467 ], [ 1.726842834770864, 42.710203644065444 ], [ 1.726354497680054, 42.710198214150743 ], [ 1.726350815497942, 42.710378280525312 ], [ 1.726106646297829, 42.710375564770438 ] ], [ [ 1.726358179828343, 42.710018147770256 ], [ 1.726602347651406, 42.710020862970758 ], [ 1.726606029060445, 42.709840796567299 ], [ 1.726361861942811, 42.709838081383793 ], [ 1.726358179828343, 42.710018147770256 ] ] ] } },
{ "type": "Feature", "properties": { "surface_ha": 1.56 }, "geometry": { "type": "Polygon", "coordinates": [ [ [ 1.755428778890164, 42.70961732959109 ], [ 1.755439572892641, 42.709077124340034 ], [ 1.755195406062105, 42.709074470658948 ], [ 1.755188208682636, 42.709434607465653 ], [ 1.75494404047429, 42.709431953230947 ], [ 1.754947639885988, 42.709251884847184 ], [ 1.754703472416143, 42.709249230108774 ], [ 1.75470707250021, 42.709069161735734 ], [ 1.754462905768863, 42.709066506493571 ], [ 1.754466506525283, 42.708886438131216 ], [ 1.753489842752404, 42.708875812025646 ], [ 1.753493446297416, 42.708695743723901 ], [ 1.753737611485584, 42.708698401014182 ], [ 1.753741214292084, 42.708518332689877 ], [ 1.7544737079389, 42.708526301388702 ], [ 1.754470107248629, 42.708706369762922 ], [ 1.755202603309348, 42.708714333828532 ], [ 1.755206201883387, 42.708534265404424 ], [ 1.754962037202162, 42.70853161125288 ], [ 1.754969235661876, 42.708171474420148 ], [ 1.754725072424515, 42.70816881978147 ], [ 1.754735871982288, 42.707628614537811 ], [ 1.755224194257763, 42.70763392319504 ], [ 1.755209800424371, 42.708354196974419 ], [ 1.755453964433246, 42.708356850589041 ], [ 1.755450366597669, 42.708536919035673 ], [ 1.755694531344999, 42.708539572146549 ], [ 1.755690934181784, 42.708719640603874 ], [ 1.755935099667567, 42.708722293211011 ], [ 1.755931503176728, 42.708902361679058 ], [ 1.756175669400967, 42.708905013782463 ], [ 1.756168477731039, 42.70926515073397 ], [ 1.75592431009594, 42.709262498597333 ], [ 1.755920713505992, 42.70944256704756 ], [ 1.755676545198494, 42.709439914373959 ], [ 1.755672947870063, 42.709619982801655 ], [ 1.755428778890164, 42.70961732959109 ] ], [ [ 1.755683739756225, 42.709079777500762 ], [ 1.755927906652853, 42.709082430141166 ], [ 1.755931503176728, 42.708902361679058 ], [ 1.755687336985526, 42.708899709055281 ], [ 1.755683739756225, 42.709079777500762 ] ] ] } },
{ "type": "Feature", "properties": { "surface_ha": 28.16 }, "geometry": { "type": "Polygon", "coordinates": [ [ [ 1.774427995993675, 42.712163622878947 ], [ 1.774435082823675, 42.711803483631826 ], [ 1.774190903557703, 42.711800870309787 ], [ 1.774197991668583, 42.711440731071733 ], [ 1.774442169523476, 42.711443344361008 ], [ 1.774449256093082, 42.711083205066551 ], [ 1.774693432569469, 42.711085817802704 ], [ 1.774700517597858, 42.710725678451823 ], [ 1.774456342532497, 42.710723065748383 ], [ 1.774459885703384, 42.71054299608042 ], [ 1.773727362819127, 42.71053515489686 ], [ 1.773730908073957, 42.710355085272077 ], [ 1.773486734549826, 42.710352470519808 ], [ 1.773493826372763, 42.709992331285271 ], [ 1.773005482244169, 42.709987100285126 ], [ 1.773009029517733, 42.709807030691721 ], [ 1.772764858207785, 42.709804414427474 ], [ 1.772768406154233, 42.709624344844549 ], [ 1.772280065043055, 42.709619110787663 ], [ 1.772276515685669, 42.709799180337782 ], [ 1.772032344473514, 42.709796562512409 ], [ 1.77202879437805, 42.70997663204021 ], [ 1.771784622493029, 42.709974013678028 ], [ 1.77178817329397, 42.709793944166627 ], [ 1.771055659951062, 42.709786086007043 ], [ 1.771066318507328, 42.709245877584934 ], [ 1.77082214957467, 42.7092432572069 ], [ 1.770832809953542, 42.708703048780755 ], [ 1.770588643169846, 42.708700427931589 ], [ 1.770606413342231, 42.707800080518332 ], [ 1.770362250118253, 42.707797459230889 ], [ 1.770365804760187, 42.7076173897469 ], [ 1.770121642274255, 42.707614767955576 ], [ 1.770125197588927, 42.707434698482068 ], [ 1.76988103584104, 42.707432076186834 ], [ 1.769888147783166, 42.707071937254888 ], [ 1.769643987478698, 42.707069314472179 ], [ 1.769651100700897, 42.706709175549435 ], [ 1.769406941839828, 42.70670655227925 ], [ 1.769417613544155, 42.70616634390003 ], [ 1.76966177028918, 42.706168967120895 ], [ 1.769668883184694, 42.705808828138963 ], [ 1.769913038551722, 42.705811450806706 ], [ 1.769920149905929, 42.705451311768208 ], [ 1.77016430389498, 42.705453933882772 ], [ 1.77017496856543, 42.704913725231343 ], [ 1.770419120471223, 42.704916346776372 ], [ 1.770429782731946, 42.704376138022383 ], [ 1.770673932554533, 42.704378758997862 ], [ 1.770666825823926, 42.704738898205918 ], [ 1.770910977089714, 42.704741518693922 ], [ 1.770907424380743, 42.704921588305538 ], [ 1.771395728420795, 42.704926827753532 ], [ 1.771392177089789, 42.705106897392 ], [ 1.771636329864046, 42.705109516351982 ], [ 1.771629228514787, 42.705469655643981 ], [ 1.771873382732278, 42.705472274116467 ], [ 1.771869832714045, 42.705652343769955 ], [ 1.771625677791236, 42.705649725281077 ], [ 1.771618576246286, 42.706009864537528 ], [ 1.771862732579752, 42.706012483059233 ], [ 1.771859182463693, 42.706192552694979 ], [ 1.772103339535107, 42.706195170712753 ], [ 1.772099790091783, 42.706375240358987 ], [ 1.772343947901145, 42.70637785787288 ], [ 1.772351045344507, 42.706017718541716 ], [ 1.77210688894583, 42.70601510106065 ], [ 1.772110438323947, 42.705835031402536 ], [ 1.772354594017294, 42.705837648867245 ], [ 1.772361691265078, 42.705477509500547 ], [ 1.77284999992826, 42.705482742803433 ], [ 1.772853547092632, 42.705302673078421 ], [ 1.773341854475515, 42.705307904267336 ], [ 1.773331217116577, 42.705848113522912 ], [ 1.773575372972838, 42.705850728386054 ], [ 1.773550556266148, 42.707111216556477 ], [ 1.773306395472411, 42.707108601578668 ], [ 1.773295757136327, 42.707648810656622 ], [ 1.774028245963708, 42.707656654176432 ], [ 1.774024701902731, 42.707836723906397 ], [ 1.774513029361235, 42.707841950350627 ], [ 1.774502401215453, 42.708382159603154 ], [ 1.774746567109762, 42.708384772093858 ], [ 1.774750109152145, 42.708204702332566 ], [ 1.775238439627522, 42.708209925720233 ], [ 1.775245520793036, 42.707849786114437 ], [ 1.775001356949905, 42.707847174713528 ], [ 1.775019062821499, 42.706946825677342 ], [ 1.774774902537837, 42.706944213837851 ], [ 1.774781986069514, 42.706584074214661 ], [ 1.775026144942446, 42.706586686021389 ], [ 1.775040308794024, 42.705866406638528 ], [ 1.775284464878097, 42.705869017859527 ], [ 1.775291545198082, 42.705508878099856 ], [ 1.776024009413418, 42.705516708542937 ], [ 1.776027547408682, 42.705336638605168 ], [ 1.776271701506813, 42.705339247695917 ], [ 1.776275238764265, 42.705159177735887 ], [ 1.776519392189577, 42.705161786289999 ], [ 1.776522928709231, 42.704981716307714 ], [ 1.777255387064126, 42.704989538799261 ], [ 1.777251852660391, 42.705169608830523 ], [ 1.777007699137646, 42.70516700183731 ], [ 1.777004163996132, 42.705347071846333 ], [ 1.777248318224191, 42.705349678855903 ], [ 1.777244783755527, 42.705529748875314 ], [ 1.777733093719677, 42.705534961366176 ], [ 1.777722494350884, 42.706075171486923 ], [ 1.777234180154732, 42.706069958898134 ], [ 1.777237714720797, 42.705889888896451 ], [ 1.776993558376759, 42.705887281837931 ], [ 1.776986487801477, 42.706247421802715 ], [ 1.777230645556201, 42.706250028893891 ], [ 1.777216506837399, 42.706970308817787 ], [ 1.776728185717529, 42.706965093984415 ], [ 1.776724649545902, 42.707145163917929 ], [ 1.777457133390548, 42.707152985436458 ], [ 1.777453599302592, 42.707333055413066 ], [ 1.77769776135446, 42.707335661561558 ], [ 1.77769069449195, 42.707695801529617 ], [ 1.777446531029292, 42.707693195348455 ], [ 1.777442996843947, 42.707873265307285 ], [ 1.777198832708347, 42.707870658589464 ], [ 1.777195297785127, 42.70805072852604 ], [ 1.776951132976588, 42.708048121271531 ], [ 1.77694759731548, 42.708228191185839 ], [ 1.777191762829436, 42.708230798456711 ], [ 1.777184692820639, 42.708590938300254 ], [ 1.777428859777921, 42.708593545083389 ], [ 1.777421791050118, 42.708953684935949 ], [ 1.777177622681956, 42.708951078120144 ], [ 1.777163482014914, 42.70967135768889 ], [ 1.776675139732341, 42.709666142365556 ], [ 1.776671603073447, 42.709846212210273 ], [ 1.776915774903968, 42.70984882014848 ], [ 1.776912238918067, 42.71002889000362 ], [ 1.776668066382065, 42.710026282049071 ], [ 1.776657456112992, 42.71056649152996 ], [ 1.77616910690549, 42.710561273961702 ], [ 1.776165568673142, 42.710741343744161 ], [ 1.775921393412635, 42.710738734163094 ], [ 1.775917854442272, 42.710918803923263 ], [ 1.775673678508761, 42.710916193805481 ], [ 1.775666599059461, 42.711276333275364 ], [ 1.775422421747423, 42.71127372260446 ], [ 1.775411800212989, 42.711813931715866 ], [ 1.775167620816859, 42.711811320475498 ], [ 1.775164079534783, 42.711991390151098 ], [ 1.774919899465633, 42.711988778373922 ], [ 1.774916357445471, 42.712168848027268 ], [ 1.774427995993675, 42.712163622878947 ] ], [ [ 1.774962401169806, 42.709827942072238 ], [ 1.77520657277278, 42.709830553653099 ], [ 1.775213654523729, 42.709470414153898 ], [ 1.774725314172191, 42.709465190537237 ], [ 1.774721771902048, 42.709645260257076 ], [ 1.774965942767016, 42.709647872341939 ], [ 1.774962401169806, 42.709827942072238 ] ], [ [ 1.771094739888116, 42.707805321532142 ], [ 1.77158306656453, 42.707810560464587 ], [ 1.771590168761825, 42.707450421326563 ], [ 1.771346006818092, 42.707447802153297 ], [ 1.771349558573193, 42.707267732591809 ], [ 1.770617075053914, 42.707259871999305 ], [ 1.770613521182665, 42.707439941511574 ], [ 1.770857683028506, 42.707442562245781 ], [ 1.770854129829998, 42.707622631768565 ], [ 1.771098292413865, 42.707625251998898 ], [ 1.771094739888116, 42.707805321532142 ] ], [ [ 1.775740926790691, 42.707494867660408 ], [ 1.775985089320572, 42.707497477467612 ], [ 1.775999242536612, 42.706777197941506 ], [ 1.775755082828251, 42.706774588199693 ], [ 1.775758621756372, 42.706594518319719 ], [ 1.775514462785881, 42.706591908073939 ], [ 1.775503843787887, 42.707132117647056 ], [ 1.775748004874486, 42.707134727941892 ], [ 1.775740926790691, 42.707494867660408 ] ], [ [ 1.776749402065192, 42.705884674259075 ], [ 1.776993558376759, 42.705887281837931 ], [ 1.776997093615689, 42.705707211846644 ], [ 1.776752938009457, 42.705704604284122 ], [ 1.776749402065192, 42.705884674259075 ] ] ] } },
{ "type": "Feature", "properties": { "surface_ha": 11.96 }, "geometry": { "type": "Polygon", "coordinates": [ [ [ 1.750297625075684, 42.709741560020362 ], [ 1.750301237956993, 42.709561491964948 ], [ 1.750057069705709, 42.709558827306388 ], [ 1.750064296779634, 42.709198691211142 ], [ 1.749575963198378, 42.70919336039978 ], [ 1.749572348267153, 42.709373428416946 ], [ 1.749328180820901, 42.709370762214022 ], [ 1.749331796457556, 42.70919069421354 ], [ 1.749087629749945, 42.709188027506954 ], [ 1.749091246058809, 42.709007959517258 ], [ 1.748847080089839, 42.709005292307026 ], [ 1.748865164662908, 42.708104952353054 ], [ 1.749109327104867, 42.70810761947974 ], [ 1.749112943214429, 42.707927551454453 ], [ 1.748868781477853, 42.707924884344457 ], [ 1.748879631723353, 42.707384680283127 ], [ 1.74912379134382, 42.707387347342987 ], [ 1.749138255051335, 42.706667075111376 ], [ 1.749382411883628, 42.706669741584129 ], [ 1.74938602702214, 42.706489673494701 ], [ 1.749630183182307, 42.706492339430433 ], [ 1.749633797582288, 42.706312271318382 ], [ 1.74987795307033, 42.706314936717121 ], [ 1.749881566731792, 42.706134868582431 ], [ 1.75061403127909, 42.706142861606779 ], [ 1.75061764279142, 42.705962793416099 ], [ 1.751105951244867, 42.705968119464131 ], [ 1.751109561313407, 42.70578805123418 ], [ 1.751597868488879, 42.70579337516768 ], [ 1.751601477113655, 42.705613306898456 ], [ 1.751845630045811, 42.705615968068109 ], [ 1.751849237932147, 42.705435899776262 ], [ 1.752093390192147, 42.705438560408936 ], [ 1.752096997340051, 42.705258492094529 ], [ 1.752585300548863, 42.705263811765732 ], [ 1.752588906253068, 42.705083743412068 ], [ 1.75307720818379, 42.705089060968831 ], [ 1.753080812444316, 42.704908992575895 ], [ 1.753324962754062, 42.704911650557207 ], [ 1.753328566276211, 42.704731582141726 ], [ 1.753572715913782, 42.704734239586116 ], [ 1.753587126850362, 42.704013965798268 ], [ 1.7538312737, 42.704016622655814 ], [ 1.753802456939515, 42.705457170269781 ], [ 1.753558304447716, 42.705454513279115 ], [ 1.753543892452142, 42.70617478687727 ], [ 1.753299737172207, 42.706172129299709 ], [ 1.753288925712028, 42.706712334386154 ], [ 1.753044768349203, 42.706709676238347 ], [ 1.753037559132875, 42.707069812899682 ], [ 1.752793400392467, 42.707067154198263 ], [ 1.752789795029281, 42.707247222503398 ], [ 1.752545635616633, 42.707244563265007 ], [ 1.752549241685176, 42.707064494976514 ], [ 1.75206092436997, 42.707059174972095 ], [ 1.752050101832802, 42.707599379719738 ], [ 1.752538423380178, 42.707604699824152 ], [ 1.75252760477706, 42.708144904618436 ], [ 1.752771767716584, 42.708147563940116 ], [ 1.752768162154688, 42.708327632209659 ], [ 1.753012325832726, 42.708330291027671 ], [ 1.753005116020386, 42.708690427582326 ], [ 1.751784290907418, 42.708677128122339 ], [ 1.751780682424509, 42.708857196307449 ], [ 1.751292351200475, 42.708851872847681 ], [ 1.751288741273581, 42.709031940993533 ], [ 1.750800408771348, 42.709026615419042 ], [ 1.750793185996368, 42.709386751626262 ], [ 1.750549018384153, 42.709384088025097 ], [ 1.7505417940656, 42.709744224175225 ], [ 1.750297625075684, 42.709741560020362 ] ], [ [ 1.749357104984222, 42.707930218044098 ], [ 1.74984542862343, 42.70793554966243 ], [ 1.749849042583643, 42.707755481581103 ], [ 1.749360720355191, 42.70775014999618 ], [ 1.749357104984222, 42.707930218044098 ] ], [ [ 1.752086175796936, 42.70579869702005 ], [ 1.752574483237532, 42.70580401679122 ], [ 1.752578089041096, 42.705623948455319 ], [ 1.75233393600954, 42.705621288846551 ], [ 1.75233754248528, 42.705441220521372 ], [ 1.752093390192147, 42.705438560408936 ], [ 1.752086175796936, 42.70579869702005 ] ] ] } },
{ "type": "Feature", "properties": { "surface_ha": 2.01 }, "geometry": { "type": "Polygon", "coordinates": [ [ [ 1.741124765486026, 42.704417978991678 ], [ 1.741128404204507, 42.704237911400774 ], [ 1.740395964712518, 42.704229858006521 ], [ 1.740399605513283, 42.70404979046009 ], [ 1.740155459788062, 42.704047104971643 ], [ 1.740159101260611, 42.703867037436112 ], [ 1.739914956274065, 42.703864351444217 ], [ 1.739922240529257, 42.703504216389014 ], [ 1.739433953477402, 42.703498842911856 ], [ 1.739441240419597, 42.703138707900209 ], [ 1.739685382518386, 42.703141394865277 ], [ 1.739692667916336, 42.702781259796254 ], [ 1.740913371860126, 42.702794686649739 ], [ 1.740909732703824, 42.702974754271331 ], [ 1.741153874298075, 42.702977438098145 ], [ 1.741150235813542, 42.703157505730601 ], [ 1.74139437814641, 42.70316018905401 ], [ 1.74139074033366, 42.703340256697338 ], [ 1.741634883405143, 42.703342939517299 ], [ 1.74163124626419, 42.703523007171505 ], [ 1.741387102487495, 42.703520324334754 ], [ 1.741379826694922, 42.70388045959173 ], [ 1.741623971882056, 42.703883142462111 ], [ 1.741620334640876, 42.704063210098525 ], [ 1.741376188748514, 42.704060527211347 ], [ 1.741368912755449, 42.704420662432774 ], [ 1.741124765486026, 42.704417978991678 ] ], [ [ 1.740406887014485, 42.703689655349457 ], [ 1.740651031362698, 42.703692340284029 ], [ 1.740654671357924, 42.703512272702959 ], [ 1.740410527714927, 42.703509587785241 ], [ 1.740406887014485, 42.703689655349457 ] ] ] } },
{ "type": "Feature", "properties": { "surface_ha": 1.36 }, "geometry": { "type": "Polygon", "coordinates": [ [ [ 1.717967983839637, 42.702360019670614 ], [ 1.717971689214079, 42.702179953631884 ], [ 1.718215825522518, 42.702182686308547 ], [ 1.718219530157789, 42.702002620246788 ], [ 1.717975394554488, 42.70199988758722 ], [ 1.717979099860864, 42.701819821536645 ], [ 1.717490830166626, 42.701814354691209 ], [ 1.717501950112252, 42.701274156606488 ], [ 1.717746082827004, 42.701276890237942 ], [ 1.717753494543665, 42.700916758117486 ], [ 1.718485888661522, 42.700924955788011 ], [ 1.718482184935503, 42.701105021902549 ], [ 1.718970449261038, 42.701110484449536 ], [ 1.718966746911209, 42.701290550592333 ], [ 1.719210879830093, 42.70129328110265 ], [ 1.719203476438647, 42.701653413404642 ], [ 1.718715207814424, 42.701647951795415 ], [ 1.718711504657452, 42.701828017903296 ], [ 1.718467369691234, 42.701825286301258 ], [ 1.718463665795118, 42.702005352386102 ], [ 1.718707801466466, 42.702008084005243 ], [ 1.718700394982452, 42.702368216191303 ], [ 1.717967983839637, 42.702360019670614 ] ] ] } },
{ "type": "Feature", "properties": { "surface_ha": 3.17 }, "geometry": { "type": "Polygon", "coordinates": [ [ [ 1.746758273282047, 42.703579226566575 ], [ 1.746761895613512, 42.703399158560224 ], [ 1.746273608103419, 42.703393814250312 ], [ 1.746277231812036, 42.703213746271516 ], [ 1.746521374845232, 42.703216418669861 ], [ 1.746524997815358, 42.703036350668391 ], [ 1.746769140176628, 42.703039022529758 ], [ 1.746772762408279, 42.702858954505601 ], [ 1.747016904097621, 42.702861625830003 ], [ 1.747027768477398, 42.702321421671805 ], [ 1.747271908084447, 42.702324092425783 ], [ 1.747282770049356, 42.701783888164016 ], [ 1.747526907574162, 42.701786558347592 ], [ 1.747530527457468, 42.701606490231732 ], [ 1.747042253851419, 42.701601149377851 ], [ 1.747056738693253, 42.700880876989004 ], [ 1.747300872659102, 42.700883547609152 ], [ 1.747311733825902, 42.700343343205063 ], [ 1.747555865709659, 42.700346013254823 ], [ 1.747563104911064, 42.699985876922334 ], [ 1.74780723541787, 42.699988546418481 ], [ 1.747810854263614, 42.699808478226615 ], [ 1.74805498409857, 42.699811147185841 ], [ 1.748058602205993, 42.699631078971336 ], [ 1.748302731369096, 42.699633747393683 ], [ 1.748295496531191, 42.69999388385019 ], [ 1.748539627137693, 42.69999655178578 ], [ 1.748532393577085, 42.700356688252008 ], [ 1.748288261560383, 42.700354020282973 ], [ 1.748277408854968, 42.700894224887719 ], [ 1.748033274756142, 42.700891556348374 ], [ 1.748029656416088, 42.701071624521369 ], [ 1.74778552164537, 42.701068955445088 ], [ 1.747778283455277, 42.701429091739875 ], [ 1.748266555850503, 42.701434429439054 ], [ 1.748262938115891, 42.701614497610976 ], [ 1.748507075068498, 42.701617165696959 ], [ 1.748499840909902, 42.70197730205647 ], [ 1.74874397930605, 42.701979969655632 ], [ 1.748736746424904, 42.702340106024828 ], [ 1.748492606618412, 42.702337438392235 ], [ 1.748496223780769, 42.702157370227319 ], [ 1.748252084712676, 42.702154702091185 ], [ 1.748255702546978, 42.701974633937049 ], [ 1.747767425920825, 42.701969296137563 ], [ 1.747763806676189, 42.702149364258268 ], [ 1.747519667707806, 42.70214669456147 ], [ 1.747508807658897, 42.702686898837818 ], [ 1.74775294874282, 42.70268956858478 ], [ 1.747745709954352, 42.703049704772809 ], [ 1.748233995042709, 42.70305504277291 ], [ 1.748226758942101, 42.703415179004089 ], [ 1.747982614970882, 42.70341251023072 ], [ 1.747986233743017, 42.703232442134812 ], [ 1.747742090510251, 42.703229772857931 ], [ 1.747738471032905, 42.703409840937113 ], [ 1.747494327128172, 42.70340717112326 ], [ 1.74749070691236, 42.703587239179818 ], [ 1.746758273282047, 42.703579226566575 ] ], [ [ 1.747009661011451, 42.703221761905823 ], [ 1.74749794731073, 42.703227103060797 ], [ 1.747501567460037, 42.703047034992423 ], [ 1.747013282571169, 42.703041693870865 ], [ 1.747009661011451, 42.703221761905823 ] ] ] } },
{ "type": "Feature", "properties": { "surface_ha": 2.29 }, "geometry": { "type": "Polygon", "coordinates": [ [ [ 1.736573615299061, 42.700045278621616 ], [ 1.736580917891563, 42.69968514378894 ], [ 1.736336789625818, 42.699682450381367 ], [ 1.7363440934943, 42.699322315558682 ], [ 1.736588220349919, 42.699325008932483 ], [ 1.736602824864208, 42.698604739148415 ], [ 1.736114576826861, 42.698599352015606 ], [ 1.736121881702896, 42.698239217155447 ], [ 1.736854249579075, 42.6982472969732 ], [ 1.736846948933186, 42.698607431934583 ], [ 1.737091073035691, 42.698610124200613 ], [ 1.737094722670372, 42.698430056705995 ], [ 1.737338846101369, 42.698432748435017 ], [ 1.737342494997507, 42.698252680917633 ], [ 1.737586617756997, 42.698255372109614 ], [ 1.737582969565882, 42.698435439643873 ], [ 1.737827093063903, 42.698438130332569 ], [ 1.737830740549994, 42.698258062781498 ], [ 1.738074863376492, 42.698260752933216 ], [ 1.738078510124067, 42.698080685359315 ], [ 1.738322632279044, 42.698083374974026 ], [ 1.738311694050908, 42.698623577728419 ], [ 1.738799942691461, 42.698628955498442 ], [ 1.738796297958513, 42.698809023105071 ], [ 1.738552172916459, 42.698806334463271 ], [ 1.738548527444989, 42.698986402047112 ], [ 1.738060276051248, 42.69898102316936 ], [ 1.738056629136197, 42.699161090713595 ], [ 1.737812502784519, 42.699158400477621 ], [ 1.737808855130915, 42.699338467999034 ], [ 1.737564728107684, 42.699335777226054 ], [ 1.737561079715515, 42.699515844724715 ], [ 1.737316952020733, 42.699513153414706 ], [ 1.737309653725726, 42.699873288360472 ], [ 1.737065524654317, 42.699870596496559 ], [ 1.737061874751458, 42.700050663943678 ], [ 1.736573615299061, 42.700045278621616 ] ] ] } },
{ "type": "Feature", "properties": { "surface_ha": 2.01 }, "geometry": { "type": "Polygon", "coordinates": [ [ [ 1.779558590492389, 42.699610870083291 ], [ 1.779569171549744, 42.699070658980894 ], [ 1.779325041711958, 42.69906805722453 ], [ 1.779328569371375, 42.698887986861514 ], [ 1.779572698504071, 42.698890588601593 ], [ 1.779576225426003, 42.69871051821638 ], [ 1.779820353886009, 42.698713119419992 ], [ 1.77982388007047, 42.698533049012561 ], [ 1.779579752315542, 42.698530447825256 ], [ 1.779590332789794, 42.697990236616334 ], [ 1.78032270980615, 42.697998038471141 ], [ 1.780315660419412, 42.698358179380712 ], [ 1.781292169201588, 42.698368574701668 ], [ 1.781281603339622, 42.698908786217054 ], [ 1.781525732731293, 42.698911383795661 ], [ 1.781518690071761, 42.699271524808864 ], [ 1.781274559269898, 42.699268927197714 ], [ 1.781271037186511, 42.699448997679163 ], [ 1.779806248824283, 42.699433400990515 ], [ 1.779802722477878, 42.699613471368387 ], [ 1.779558590492389, 42.699610870083291 ] ], [ [ 1.77981682766916, 42.698893189821497 ], [ 1.780060956866638, 42.69889579052122 ], [ 1.780064482378402, 42.698715720103422 ], [ 1.779820353886009, 42.698713119419992 ], [ 1.77981682766916, 42.698893189821497 ] ] ] } },
{ "type": "Feature", "properties": { "surface_ha": 1.52 }, "geometry": { "type": "Polygon", "coordinates": [ [ [ 1.739288191465919, 42.698634331187883 ], [ 1.739291834755329, 42.698454263541628 ], [ 1.739047711056397, 42.698451575973849 ], [ 1.739051355017369, 42.698271508338536 ], [ 1.739539601038646, 42.698276882920318 ], [ 1.739543243556111, 42.6980968152454 ], [ 1.739787365911917, 42.698099501739236 ], [ 1.739794649436465, 42.697739366337963 ], [ 1.740282891428377, 42.697744737697917 ], [ 1.740279251092841, 42.697924805435157 ], [ 1.740767494628509, 42.697930174748187 ], [ 1.74077113355403, 42.69775010697731 ], [ 1.741015254666993, 42.697752790836788 ], [ 1.74101889285409, 42.697572723043166 ], [ 1.741263013295466, 42.697575406365701 ], [ 1.741266650744151, 42.697395338549335 ], [ 1.741510770513942, 42.697398021334934 ], [ 1.741507133770252, 42.697578089168118 ], [ 1.741751254278439, 42.697580771450369 ], [ 1.74174761820635, 42.697760839294418 ], [ 1.741991739452937, 42.697763521073341 ], [ 1.741988104052462, 42.697943588928233 ], [ 1.742232226037449, 42.697946270203808 ], [ 1.742228591308598, 42.698126338069592 ], [ 1.742472714031986, 42.698129018841819 ], [ 1.742469079974774, 42.698309086718439 ], [ 1.740027847193744, 42.698282255421496 ], [ 1.740024206052874, 42.69846232312414 ], [ 1.739535958487724, 42.698456950589296 ], [ 1.739532315903346, 42.698637018252342 ], [ 1.739288191465919, 42.698634331187883 ] ] ] } },
{ "type": "Feature", "properties": { "surface_ha": 2.13 }, "geometry": { "type": "Polygon", "coordinates": [ [ [ 1.777902643904355, 42.696891592189807 ], [ 1.777906175405049, 42.696711521853651 ], [ 1.777662054959846, 42.696708916668115 ], [ 1.777669119273926, 42.696348776010673 ], [ 1.777913238309129, 42.696351381163545 ], [ 1.777916769712518, 42.696171310809639 ], [ 1.778160888075163, 42.69617391542608 ], [ 1.778164418741132, 42.695993845049891 ], [ 1.778408536431224, 42.695996449129908 ], [ 1.778412066359784, 42.695816378731529 ], [ 1.778656183377318, 42.695818982275078 ], [ 1.778663241727242, 42.695458841427929 ], [ 1.779151473039668, 42.69546404688947 ], [ 1.779155000756089, 42.695283976424399 ], [ 1.779399115755946, 42.69528657835869 ], [ 1.779395588744486, 42.69546664884006 ], [ 1.779883820251298, 42.695471851180862 ], [ 1.779876768951075, 42.695831992191003 ], [ 1.7803650034073, 42.695837192516457 ], [ 1.780350906058189, 42.696557474596013 ], [ 1.779374425995425, 42.696547071603938 ], [ 1.779381480374694, 42.696186930706318 ], [ 1.779137361849971, 42.696184328690535 ], [ 1.779130306060709, 42.696544469555576 ], [ 1.778642066288494, 42.696539263898387 ], [ 1.778638536935249, 42.696719334289391 ], [ 1.778394416392757, 42.696716730664313 ], [ 1.778390886302085, 42.696896801033091 ], [ 1.777902643904355, 42.696891592189807 ] ] ] } },
{ "type": "Feature", "properties": { "surface_ha": 1.64 }, "geometry": { "type": "Polygon", "coordinates": [ [ [ 1.764317604118935, 42.692423232214942 ], [ 1.764321174312588, 42.692243162655451 ], [ 1.763832970944094, 42.692237894300852 ], [ 1.763836542514613, 42.692057824768469 ], [ 1.763348340686986, 42.692052554366676 ], [ 1.763351913634346, 42.691872484861371 ], [ 1.762863713347621, 42.691867212412383 ], [ 1.762870861963137, 42.691507073450055 ], [ 1.763114960680467, 42.691509709901538 ], [ 1.763118534234184, 42.691329640394976 ], [ 1.763362632279536, 42.691332276309929 ], [ 1.763369777878925, 42.690972137246007 ], [ 1.763613874547505, 42.690974772607888 ], [ 1.763610302469005, 42.691154842159328 ], [ 1.763854399875181, 42.691157477017661 ], [ 1.763861542589803, 42.690797337875885 ], [ 1.764105638619207, 42.690799972181182 ], [ 1.764102067983079, 42.690980041771553 ], [ 1.76434616475006, 42.690982675573345 ], [ 1.764339024789009, 42.691342814769285 ], [ 1.764583122998363, 42.691345448084029 ], [ 1.764575984315773, 42.691705587289263 ], [ 1.764820083967522, 42.691708220116951 ], [ 1.764812946563442, 42.6920683593315 ], [ 1.765057047657607, 42.692070991672097 ], [ 1.765053479611233, 42.692251061286974 ], [ 1.76456527604602, 42.692245796052703 ], [ 1.764561706557204, 42.692425865628664 ], [ 1.764317604118935, 42.692423232214942 ] ] ] } },
{ "type": "Feature", "properties": { "surface_ha": 2.41 }, "geometry": { "type": "Polygon", "coordinates": [ [ [ 1.75797454077141, 42.692174511789112 ], [ 1.757985306131404, 42.691634304365238 ], [ 1.758229404895764, 42.691636951234074 ], [ 1.758236580228046, 42.691276812888695 ], [ 1.758480677615762, 42.691279459204331 ], [ 1.758484264527691, 42.691099390006194 ], [ 1.758972457992368, 42.691104681044237 ], [ 1.758979628898283, 42.690744542563891 ], [ 1.759467819675564, 42.69074983145552 ], [ 1.75947140366959, 42.690569762173332 ], [ 1.759959593168994, 42.690575048951793 ], [ 1.759963175720576, 42.690394979630561 ], [ 1.760451363942064, 42.690400264295803 ], [ 1.760454945051226, 42.690220194935534 ], [ 1.760699038506551, 42.690222836471598 ], [ 1.760691877664858, 42.690582975219293 ], [ 1.760935972562588, 42.690585616268415 ], [ 1.760932392797188, 42.690765685649914 ], [ 1.761176488432567, 42.690768326195574 ], [ 1.761172909339069, 42.690948395587704 ], [ 1.761417005712097, 42.690951035629837 ], [ 1.761413427290512, 42.691131105032596 ], [ 1.760192942230222, 42.691117899538803 ], [ 1.760189360251814, 42.691297968852915 ], [ 1.75945706749599, 42.691290039266569 ], [ 1.759446315020158, 42.691830247024292 ], [ 1.759202215386304, 42.691827602739103 ], [ 1.759198630457042, 42.692007671963289 ], [ 1.758954530151296, 42.692005027141462 ], [ 1.758950944484289, 42.692185096343138 ], [ 1.75797454077141, 42.692174511789112 ] ], [ [ 1.758968872490014, 42.691284750275543 ], [ 1.75921296997654, 42.69128739503109 ], [ 1.759216554774105, 42.691107325783207 ], [ 1.758972457992368, 42.691104681044237 ], [ 1.758968872490014, 42.691284750275543 ] ] ] } },
{ "type": "Feature", "properties": { "surface_ha": 4.93 }, "geometry": { "type": "Polygon", "coordinates": [ [ [ 1.747514420683319, 42.69025951786567 ], [ 1.747521657571795, 42.689899380902474 ], [ 1.747765748570337, 42.689902049982386 ], [ 1.74776936626, 42.689721981475152 ], [ 1.74850163734077, 42.689729985544716 ], [ 1.748508868392116, 42.689369848412205 ], [ 1.748752957409356, 42.689372515361974 ], [ 1.748756572180513, 42.689192446770129 ], [ 1.749000660526242, 42.68919511318321 ], [ 1.749011502526437, 42.688654907321968 ], [ 1.749499675089284, 42.688660238487984 ], [ 1.7495032876136, 42.68848016982232 ], [ 1.751211887695518, 42.688498812407111 ], [ 1.751215495253905, 42.688318743618744 ], [ 1.751459580407794, 42.68832140474855 ], [ 1.751452366667254, 42.688681542352718 ], [ 1.751940539893134, 42.688686863119045 ], [ 1.751936934382564, 42.688866931945547 ], [ 1.752181021749871, 42.688869591565421 ], [ 1.752177416910887, 42.689049660402681 ], [ 1.752421505016001, 42.68905231951922 ], [ 1.752432317319547, 42.688512112939719 ], [ 1.752188231328516, 42.688509453873166 ], [ 1.752191836068181, 42.688329385018129 ], [ 1.75243592135453, 42.688332044068048 ], [ 1.752439525356413, 42.688151975190451 ], [ 1.752683609971185, 42.688154633703718 ], [ 1.752687213235299, 42.68797456480354 ], [ 1.752931297178495, 42.687977222780184 ], [ 1.752934899704855, 42.687797153857424 ], [ 1.753423066281171, 42.687802468217534 ], [ 1.75341586401403, 42.688162606123733 ], [ 1.75292769461905, 42.688157291697024 ], [ 1.752924092026518, 42.688337360607932 ], [ 1.752680006673979, 42.688334702597977 ], [ 1.752676403343677, 42.688514771486332 ], [ 1.7529204894009, 42.68851742951292 ], [ 1.752916886742196, 42.688697498411969 ], [ 1.753160973537196, 42.688700155935265 ], [ 1.7531573715501, 42.688880224845015 ], [ 1.753401459082875, 42.688882881864977 ], [ 1.753405060365275, 42.688702812938537 ], [ 1.75364914722643, 42.688705469421826 ], [ 1.753645546648727, 42.688885538364914 ], [ 1.753889634247645, 42.688888194344869 ], [ 1.753886034341576, 42.689068263298644 ], [ 1.753397857767402, 42.689062950785456 ], [ 1.753394256418854, 42.689243019700008 ], [ 1.75290607856756, 42.689237705073573 ], [ 1.752902475776504, 42.689417773948946 ], [ 1.752170207133598, 42.689409798059373 ], [ 1.752166602195293, 42.689589866878826 ], [ 1.750457971587887, 42.689571238153313 ], [ 1.750454361683394, 42.689751306850162 ], [ 1.749966180398685, 42.689745979643789 ], [ 1.749973402993401, 42.689385842310926 ], [ 1.749729313810234, 42.689383177961119 ], [ 1.749736537681698, 42.68902304063792 ], [ 1.749492449941118, 42.689020375801498 ], [ 1.749481611970032, 42.689560581727356 ], [ 1.749725701824743, 42.689563246613858 ], [ 1.749722089806078, 42.6897433152606 ], [ 1.749477999246644, 42.68974065035745 ], [ 1.749474386490078, 42.689920718981575 ], [ 1.748986204061297, 42.68991538758182 ], [ 1.74898258986208, 42.690095456166645 ], [ 1.74800622258395, 42.690084787060279 ], [ 1.748002605532575, 42.690264855572323 ], [ 1.747514420683319, 42.69025951786567 ] ] ] } },
{ "type": "Feature", "properties": { "surface_ha": 1.73 }, "geometry": { "type": "Polygon", "coordinates": [ [ [ 1.768061007146651, 42.688321071765358 ], [ 1.768071683656327, 42.687780861919279 ], [ 1.768315768261917, 42.687783487104532 ], [ 1.768326442363441, 42.687243277155844 ], [ 1.768570524887709, 42.687245901771789 ], [ 1.768574082151544, 42.687065831760599 ], [ 1.768818164003829, 42.687068455840141 ], [ 1.768814607444647, 42.687248525867751 ], [ 1.770035020719163, 42.687261638548122 ], [ 1.770031467650625, 42.687441708651924 ], [ 1.770275551108109, 42.687444329644535 ], [ 1.77027199871161, 42.68762439975886 ], [ 1.770516082906388, 42.687627020247895 ], [ 1.770519634598219, 42.687446950117149 ], [ 1.770763718120946, 42.687449570069795 ], [ 1.77075661611401, 42.687809710358195 ], [ 1.770024361415655, 42.687801848841865 ], [ 1.770020808249221, 42.687981918927939 ], [ 1.769776722710344, 42.687979297366098 ], [ 1.769773168806591, 42.688159367429833 ], [ 1.768796824158785, 42.68814887591703 ], [ 1.768800380881287, 42.687968805919013 ], [ 1.768556295505669, 42.687966181757297 ], [ 1.768549180618622, 42.688326321714513 ], [ 1.768061007146651, 42.688321071765358 ] ] ] } },
{ "type": "Feature", "properties": { "surface_ha": 4.61 }, "geometry": { "type": "Polygon", "coordinates": [ [ [ 1.775249211574832, 42.682814806732083 ], [ 1.775252749000625, 42.68263473613024 ], [ 1.774764618863214, 42.682629515307106 ], [ 1.774768157665511, 42.682449444732072 ], [ 1.774280029067083, 42.682444221862099 ], [ 1.774283569245857, 42.682264151313859 ], [ 1.774527632824331, 42.68226676299242 ], [ 1.77453117226611, 42.682086692421905 ], [ 1.774287109392117, 42.682084080759694 ], [ 1.774290649505868, 42.681904010199609 ], [ 1.774046587368859, 42.681901398033908 ], [ 1.774057209628431, 42.681361186367248 ], [ 1.774545329708191, 42.681366410080628 ], [ 1.774548868987453, 42.681186339480497 ], [ 1.774792928371642, 42.681188950541028 ], [ 1.774796466913959, 42.681008879918643 ], [ 1.775284584370932, 42.681014100447456 ], [ 1.77529873257983, 42.680293817767875 ], [ 1.775542788539338, 42.680296427187109 ], [ 1.775546324805946, 42.680116356486067 ], [ 1.775790380093516, 42.680118965369104 ], [ 1.775786844531318, 42.680299036086495 ], [ 1.77627495661268, 42.680304252325719 ], [ 1.77627142242685, 42.680484323069862 ], [ 1.776515479220637, 42.680486930426028 ], [ 1.776511945706777, 42.680667001180588 ], [ 1.776756003237439, 42.680669608033263 ], [ 1.776759536046873, 42.680489537262375 ], [ 1.777247649796669, 42.680494749375505 ], [ 1.777240586963075, 42.680854890976633 ], [ 1.7769965286631, 42.68085228514736 ], [ 1.776989464290897, 42.681212426692191 ], [ 1.777233523999758, 42.681215032554093 ], [ 1.777226460906714, 42.68157517410792 ], [ 1.776982399788942, 42.681572568213333 ], [ 1.776985932056139, 42.681392497455704 ], [ 1.776741871675264, 42.681389891057613 ], [ 1.776734805699509, 42.681750032534261 ], [ 1.776978867489308, 42.68175263896503 ], [ 1.776964737966372, 42.682472921912648 ], [ 1.776232544240554, 42.682465100864761 ], [ 1.776236078783418, 42.68228503018571 ], [ 1.775992014977547, 42.682282422146322 ], [ 1.775988479730193, 42.68246249280903 ], [ 1.775744415252297, 42.682459884233403 ], [ 1.775740879267981, 42.682639954873835 ], [ 1.775496814118064, 42.682637345761975 ], [ 1.775493277396771, 42.682817416380153 ], [ 1.775249211574832, 42.682814806732083 ] ], [ [ 1.774771696435308, 42.682269374151112 ], [ 1.775015760078785, 42.682271984789899 ], [ 1.775019298111603, 42.682091914186678 ], [ 1.774775235172608, 42.682089303564211 ], [ 1.774771696435308, 42.682269374151112 ] ], [ [ 1.77453117226611, 42.682086692421905 ], [ 1.774775235172608, 42.682089303564211 ], [ 1.774778773877409, 42.681909232971428 ], [ 1.774534711675386, 42.681906621845449 ], [ 1.77453117226611, 42.682086692421905 ] ], [ [ 1.776501344970496, 42.68120721340874 ], [ 1.776745404614475, 42.6812098203104 ], [ 1.77674893752124, 42.681029749557268 ], [ 1.776504878581708, 42.681027142671951 ], [ 1.776501344970496, 42.68120721340874 ] ] ] } },
{ "type": "Feature", "properties": { "surface_ha": 1.85 }, "geometry": { "type": "Polygon", "coordinates": [ [ [ 1.783387732155802, 42.678578941633035 ], [ 1.783391245558408, 42.678398870351465 ], [ 1.783147196311196, 42.678396277746039 ], [ 1.783150710385891, 42.678216206474822 ], [ 1.783394758928754, 42.678218799064027 ], [ 1.783398272266832, 42.678038727770634 ], [ 1.783154224428315, 42.678036135197694 ], [ 1.783157738438469, 42.677856063914611 ], [ 1.783401785572649, 42.677858656471322 ], [ 1.783405298846201, 42.677678585166127 ], [ 1.782673159653473, 42.677670805985315 ], [ 1.782676675007737, 42.677490734722895 ], [ 1.78340881208749, 42.677498513855006 ], [ 1.783412325296518, 42.677318442537967 ], [ 1.782924235286379, 42.677313257002169 ], [ 1.782927749871768, 42.677133185711703 ], [ 1.78317179415639, 42.677135778723247 ], [ 1.783175308005199, 42.676955707410613 ], [ 1.782931264424883, 42.676953114415291 ], [ 1.782934778945723, 42.676773043113002 ], [ 1.782690736101978, 42.676770449614168 ], [ 1.782694251294835, 42.676590378322196 ], [ 1.782450209187663, 42.676587784319821 ], [ 1.782453725052526, 42.676407713038174 ], [ 1.782697766455413, 42.676410307024291 ], [ 1.78270128158371, 42.676230235720489 ], [ 1.782945322314597, 42.676232829170587 ], [ 1.782948836706342, 42.676052757844616 ], [ 1.783192876765229, 42.676055350758716 ], [ 1.783189363077757, 42.676235422100909 ], [ 1.783433403873183, 42.676238014511462 ], [ 1.783426377810007, 42.676598157210627 ], [ 1.783670420046261, 42.676600749133854 ], [ 1.783666907670574, 42.676780820490812 ], [ 1.783910950643377, 42.676783411910485 ], [ 1.783903927203844, 42.677143554639109 ], [ 1.784147971617502, 42.677146145571498 ], [ 1.784140949457608, 42.677506288308884 ], [ 1.784384995312143, 42.677508878753919 ], [ 1.784377974431934, 42.677869021500108 ], [ 1.784133927168741, 42.677866431022636 ], [ 1.784130415975941, 42.678046502370627 ], [ 1.783886368040652, 42.678043911357122 ], [ 1.783879344149622, 42.678404054002876 ], [ 1.783635294837886, 42.678401462437087 ], [ 1.783631782139636, 42.678581533734892 ], [ 1.783387732155802, 42.678578941633035 ] ], [ [ 1.783656370349984, 42.677321034526152 ], [ 1.783900415435706, 42.677323625994539 ], [ 1.783903927203844, 42.677143554639109 ], [ 1.783659882822436, 42.677140963186957 ], [ 1.783656370349984, 42.677321034526152 ] ], [ [ 1.78317882182174, 42.67677563609206 ], [ 1.783422864730027, 42.676778228551335 ], [ 1.783426377810007, 42.676598157210627 ], [ 1.783182335606013, 42.676595564767602 ], [ 1.78317882182174, 42.67677563609206 ] ] ] } },
{ "type": "Feature", "properties": { "surface_ha": 1.44 }, "geometry": { "type": "Polygon", "coordinates": [ [ [ 1.76522669937433, 42.671180245726148 ], [ 1.76523026429309, 42.671000175434813 ], [ 1.764986245652079, 42.670997544503095 ], [ 1.764993376799525, 42.670637403935572 ], [ 1.76474935959938, 42.670634772517147 ], [ 1.764745793337969, 42.670814842787351 ], [ 1.764501775466513, 42.670812210832786 ], [ 1.764498208468288, 42.670992281080608 ], [ 1.764254189925521, 42.670989648589881 ], [ 1.76425775762781, 42.670809578358522 ], [ 1.764013739821869, 42.670806945364632 ], [ 1.764017308195457, 42.670626875143853 ], [ 1.76377329112634, 42.670624241646784 ], [ 1.763776860171212, 42.670444171436593 ], [ 1.76353284383892, 42.670441537436353 ], [ 1.763543552889018, 42.669901326819769 ], [ 1.764519609966331, 42.669911859504822 ], [ 1.764523176768036, 42.66973178922148 ], [ 1.764767190415235, 42.669734421077131 ], [ 1.764760058187132, 42.670094561670915 ], [ 1.765004073275137, 42.670097193039879 ], [ 1.765000507816006, 42.670277263344374 ], [ 1.765244523640791, 42.670279894210175 ], [ 1.765237394032409, 42.670640034834328 ], [ 1.76548141129803, 42.670642665213421 ], [ 1.765477847148798, 42.670822735533108 ], [ 1.765721865151204, 42.670825365409016 ], [ 1.765714738162697, 42.671185506063559 ], [ 1.76522669937433, 42.671180245726148 ] ] ] } },
{ "type": "Feature", "properties": { "surface_ha": 1.12 }, "geometry": { "type": "Polygon", "coordinates": [ [ [ 1.762100910816006, 42.668805091403897 ], [ 1.762108058073312, 42.668444951090287 ], [ 1.762840083345945, 42.668452860340878 ], [ 1.762843654813461, 42.668272790125627 ], [ 1.762599647060419, 42.668270154244908 ], [ 1.762603219199105, 42.668090084040237 ], [ 1.762359212182829, 42.668087447656418 ], [ 1.762355639340176, 42.668267517844555 ], [ 1.762111631652741, 42.668264880924568 ], [ 1.762118778713164, 42.667904740575395 ], [ 1.762606791304991, 42.667910013829662 ], [ 1.762610363378077, 42.667729943613153 ], [ 1.762366357769713, 42.667727307262346 ], [ 1.762369930513945, 42.667547237056439 ], [ 1.762613935418363, 42.667549873390719 ], [ 1.762617507425851, 42.667369803162373 ], [ 1.762861511659129, 42.667372438960548 ], [ 1.762865082929883, 42.667192368709763 ], [ 1.76310908649202, 42.667195003971798 ], [ 1.763094804028018, 42.667915285005449 ], [ 1.763338810438716, 42.667917919813938 ], [ 1.763342380399943, 42.667737849547898 ], [ 1.763586386139468, 42.667740483820275 ], [ 1.763579247592149, 42.668100624379427 ], [ 1.76333524044471, 42.668097990074052 ], [ 1.763328100358352, 42.668458130576482 ], [ 1.763084091835754, 42.668455495718504 ], [ 1.763080521039422, 42.668635565944335 ], [ 1.762836511845635, 42.668632930550181 ], [ 1.762832940312529, 42.668813000753595 ], [ 1.762100910816006, 42.668805091403897 ] ] ] } },
{ "type": "Feature", "properties": { "surface_ha": 30.49 }, "geometry": { "type": "Polygon", "coordinates": [ [ [ 1.777014189025959, 42.679951931181712 ], [ 1.777017721001222, 42.679771860370835 ], [ 1.776773666960183, 42.679769254119655 ], [ 1.776777199607404, 42.679589183319202 ], [ 1.77604503979214, 42.679581361495636 ], [ 1.776048574520081, 42.679401290738234 ], [ 1.775804522017625, 42.679398682440407 ], [ 1.775808057417485, 42.679218611693422 ], [ 1.775319953918739, 42.67921339357094 ], [ 1.775323490694876, 42.679033322850749 ], [ 1.77507943969859, 42.679030713026094 ], [ 1.775086514562153, 42.678670571600641 ], [ 1.775574613769753, 42.678675790664705 ], [ 1.775581685685979, 42.678315649150164 ], [ 1.77582573392979, 42.678318257869776 ], [ 1.775829269134857, 42.678138187087292 ], [ 1.776073316706792, 42.678140795270757 ], [ 1.77608038561087, 42.67778065365539 ], [ 1.7763244318066, 42.677783261286365 ], [ 1.77633503280634, 42.677243048769867 ], [ 1.775846944673224, 42.677237833086089 ], [ 1.775843409630477, 42.677417903898174 ], [ 1.775599364908303, 42.677415295260275 ], [ 1.775592293316785, 42.677775436833983 ], [ 1.775348247218445, 42.677772827643579 ], [ 1.775362393088848, 42.677052544537865 ], [ 1.775118349840225, 42.677049934893056 ], [ 1.775121886930932, 42.676869864118153 ], [ 1.775365929475259, 42.676872473746599 ], [ 1.775369465829196, 42.67669240294947 ], [ 1.775125423989156, 42.67668979333736 ], [ 1.775136034968946, 42.676149580959439 ], [ 1.774891995274212, 42.676146970876601 ], [ 1.774899070506855, 42.675786829294417 ], [ 1.774410994031883, 42.67578160763486 ], [ 1.774418071951562, 42.675421466094441 ], [ 1.77417403517131, 42.675418854517737 ], [ 1.774181114369461, 42.675058712986342 ], [ 1.773937079030176, 42.675056100922596 ], [ 1.773944159506748, 42.674695959400282 ], [ 1.773456091742586, 42.674690733779038 ], [ 1.773459633340523, 42.674510663041701 ], [ 1.773703666502139, 42.674513276095837 ], [ 1.773707207363353, 42.674333205336232 ], [ 1.77346317490594, 42.674330592298496 ], [ 1.773470257939206, 42.673970450794265 ], [ 1.773226226922697, 42.673967837269537 ], [ 1.773236853341216, 42.673427625017908 ], [ 1.773480882245199, 42.673430238493545 ], [ 1.773487964953262, 42.673070096930132 ], [ 1.773976020042145, 42.673075322256771 ], [ 1.773968940150722, 42.673435463885646 ], [ 1.773724911181704, 42.673432851449462 ], [ 1.773717829751907, 42.673792993021941 ], [ 1.773961860129269, 42.673795605490838 ], [ 1.773954779977787, 42.674155747072405 ], [ 1.774198811796029, 42.674158359054303 ], [ 1.77419527237572, 42.674338429852554 ], [ 1.774439304930661, 42.674341041331097 ], [ 1.774435766182053, 42.674521112139786 ], [ 1.774923832797821, 42.674526333570405 ], [ 1.774920295425135, 42.674706404405839 ], [ 1.775652397705026, 42.67471423270274 ], [ 1.775655932965081, 42.674534161818237 ], [ 1.776143999905586, 42.674539378051414 ], [ 1.776147533724767, 42.674359307128277 ], [ 1.776391566539492, 42.674361914448937 ], [ 1.776398632672113, 42.674001772552309 ], [ 1.776642664110892, 42.674004379320543 ], [ 1.776653260953958, 42.673464166382203 ], [ 1.776409231627718, 42.673461559662933 ], [ 1.776416297435908, 42.673101417707116 ], [ 1.776172269550439, 42.67309881050079 ], [ 1.776175803110026, 42.672918739530324 ], [ 1.77568774884474, 42.67291352359122 ], [ 1.775691283780173, 42.672733452647535 ], [ 1.774715178455767, 42.672723014598176 ], [ 1.774736404285651, 42.671642589203977 ], [ 1.774492382260479, 42.671639978490497 ], [ 1.77450299684916, 42.671099765762548 ], [ 1.77377093730545, 42.67109193065123 ], [ 1.773767397029456, 42.671272001517359 ], [ 1.773523376542476, 42.671269388757878 ], [ 1.773519835529881, 42.671449459601753 ], [ 1.773763856720951, 42.671452072377598 ], [ 1.773753235600383, 42.67199228492278 ], [ 1.773509212296999, 42.671989672097823 ], [ 1.773512753407143, 42.671809601271711 ], [ 1.773024708306152, 42.67180437409543 ], [ 1.773028250791989, 42.671624303296156 ], [ 1.773272272622117, 42.671626917127789 ], [ 1.773275814371325, 42.671446846306196 ], [ 1.773031793245294, 42.671444232490977 ], [ 1.773038878054318, 42.67108409086282 ], [ 1.772550838716196, 42.671078861738813 ], [ 1.772554382480069, 42.670898790948605 ], [ 1.772310363563895, 42.670896175623476 ], [ 1.772313907999298, 42.670716104843741 ], [ 1.772069889819739, 42.670713489015299 ], [ 1.772080525042842, 42.670173276689745 ], [ 1.771836509008007, 42.670170660390838 ], [ 1.771840054721314, 42.669990589620205 ], [ 1.771596039423081, 42.669987972818014 ], [ 1.771610224766834, 42.669267689741858 ], [ 1.771854237248956, 42.66927030647846 ], [ 1.771857782799473, 42.669090235678226 ], [ 1.771613771021362, 42.66908761895801 ], [ 1.771624409589569, 42.668547406570944 ], [ 1.771380399956014, 42.668544789380256 ], [ 1.771383946784277, 42.668364718589132 ], [ 1.771139937887275, 42.668362100895223 ], [ 1.771147032854045, 42.668001959328009 ], [ 1.771391040343098, 42.668004576989112 ], [ 1.77138749357997, 42.668184647792074 ], [ 1.771631501805563, 42.668187264949964 ], [ 1.771635047864717, 42.668007194130602 ], [ 1.771879055418897, 42.668009810752487 ], [ 1.771886146031599, 42.667649669063202 ], [ 1.771642139885342, 42.66764705247413 ], [ 1.771645685846815, 42.667466981636963 ], [ 1.771401680437072, 42.667464364544706 ], [ 1.771405227069931, 42.667284293718033 ], [ 1.771649231775726, 42.667286910793941 ], [ 1.771652777672079, 42.667106839944985 ], [ 1.771896781706494, 42.667109456484916 ], [ 1.771900326866353, 42.666929385613621 ], [ 1.774340361960494, 42.666955522270747 ], [ 1.774336823839992, 42.667135593305744 ], [ 1.774092819480338, 42.667132981961892 ], [ 1.774089280623402, 42.667313052974635 ], [ 1.7738452755923, 42.667310441094784 ], [ 1.773841735998921, 42.667490512085251 ], [ 1.77359773029637, 42.667487899669439 ], [ 1.773587109209329, 42.668028112556208 ], [ 1.773343101427402, 42.668025499571677 ], [ 1.773328936706942, 42.668745783272314 ], [ 1.773084926141594, 42.668743169702672 ], [ 1.773081384176188, 42.668923240596676 ], [ 1.772349350563312, 42.668915396720791 ], [ 1.772345806453362, 42.669095467559735 ], [ 1.772589818329124, 42.669098082721035 ], [ 1.772586274890643, 42.669278153570446 ], [ 1.773318312825169, 42.669285995985646 ], [ 1.773304147194212, 42.670006279520514 ], [ 1.773548162720218, 42.670008892685104 ], [ 1.773544621935226, 42.670188963570432 ], [ 1.773056589507641, 42.670183736688841 ], [ 1.773053047282031, 42.67036380753548 ], [ 1.773297064183615, 42.670366421252453 ], [ 1.773293522629536, 42.670546492109565 ], [ 1.774025575641563, 42.670554330191642 ], [ 1.774022036167161, 42.670734401091906 ], [ 1.775242128690818, 42.670747454250453 ], [ 1.775245664644886, 42.67056738326842 ], [ 1.775733700473542, 42.670572600861441 ], [ 1.775730165927612, 42.670752671876166 ], [ 1.775486147292984, 42.670750063323155 ], [ 1.775482612010521, 42.670930134315604 ], [ 1.775970650720385, 42.670935350934684 ], [ 1.775967116813624, 42.671115421953886 ], [ 1.775723096738381, 42.671112813887873 ], [ 1.775719562095082, 42.671292884884842 ], [ 1.775475541348208, 42.671290276282789 ], [ 1.775472005968356, 42.671470347257511 ], [ 1.775960048902748, 42.671475563974589 ], [ 1.775956514898632, 42.671655634976062 ], [ 1.77620053711861, 42.671658242571411 ], [ 1.776189937023896, 42.67219845558931 ], [ 1.775457864124297, 42.672190631097159 ], [ 1.775454328582119, 42.672370702042265 ], [ 1.776430428662994, 42.672381133724443 ], [ 1.776433961388663, 42.672201062713953 ], [ 1.776677985785871, 42.672203669318911 ], [ 1.776688581655895, 42.671663456203042 ], [ 1.776932603973189, 42.671666062239339 ], [ 1.776936135160897, 42.671485991172545 ], [ 1.777180156806515, 42.671488596672795 ], [ 1.777187217676466, 42.671128454488823 ], [ 1.776455157061454, 42.671120636526908 ], [ 1.776462222026211, 42.670760494417223 ], [ 1.776706240790626, 42.670763100891534 ], [ 1.776713304217502, 42.670402958725482 ], [ 1.777201339027351, 42.670408170049853 ], [ 1.777204869284028, 42.670228098925314 ], [ 1.777692902815427, 42.670233308138322 ], [ 1.777696431631584, 42.670053236975271 ], [ 1.778184463884495, 42.670058444077007 ], [ 1.778187991260157, 42.669878372875388 ], [ 1.778676022234537, 42.669883577865917 ], [ 1.778679548169727, 42.669703506625765 ], [ 1.778923563001446, 42.669706108325236 ], [ 1.778930613366637, 42.669345965794577 ], [ 1.779174626822663, 42.6693485669418 ], [ 1.77917110236028, 42.669528638226375 ], [ 1.779659130777472, 42.669533838994468 ], [ 1.779655607690798, 42.669713910305724 ], [ 1.779411592761986, 42.669711310165212 ], [ 1.779390449338203, 42.67079173781066 ], [ 1.779146430217405, 42.670789137052736 ], [ 1.779142905496105, 42.670969208289975 ], [ 1.779386925320983, 42.670971809064184 ], [ 1.77937635307516, 42.671512022789294 ], [ 1.778888309233212, 42.671506820623435 ], [ 1.778884783678338, 42.671686891820713 ], [ 1.779372828928497, 42.671692094019178 ], [ 1.779369304749474, 42.671872165243087 ], [ 1.778637234810457, 42.671864361117017 ], [ 1.778626655742088, 42.672404574606674 ], [ 1.779114706560479, 42.672409777974877 ], [ 1.779111181547868, 42.672589849158875 ], [ 1.779355207709758, 42.672592450079719 ], [ 1.779348158995722, 42.672952592462515 ], [ 1.77886010388772, 42.672947390035958 ], [ 1.778856578073842, 42.673127461185899 ], [ 1.778612549864244, 42.673124859176752 ], [ 1.778609023313826, 42.67330493030444 ], [ 1.778120965583464, 42.673299724694402 ], [ 1.778117437592322, 42.673479795783585 ], [ 1.778361467145478, 42.673482398864792 ], [ 1.778357939826114, 42.673662469964384 ], [ 1.778846000437942, 42.673667674600196 ], [ 1.778838948518787, 42.674027816846824 ], [ 1.778594916788308, 42.674025214756206 ], [ 1.778591390075966, 42.674205285854299 ], [ 1.778347357673678, 42.674202683227634 ], [ 1.778343830224749, 42.674382754303529 ], [ 1.778099797150651, 42.674380151140781 ], [ 1.778096268965121, 42.674560222194479 ], [ 1.778340302743427, 42.674562825373506 ], [ 1.778336775229714, 42.6747428964376 ], [ 1.77784870629707, 42.674737689527142 ], [ 1.777841648355566, 42.675097831572309 ], [ 1.778085684214136, 42.675100435320026 ], [ 1.778082155899007, 42.675280506350049 ], [ 1.777838119336203, 42.675277902586018 ], [ 1.777827532083673, 42.675818115591632 ], [ 1.777583493440539, 42.675815511258897 ], [ 1.777590553049798, 42.675455369293708 ], [ 1.777346515847578, 42.675452764473846 ], [ 1.777350046307827, 42.675272693498684 ], [ 1.777106009842265, 42.675270088175388 ], [ 1.777116603141169, 42.674729875263395 ], [ 1.776628534532684, 42.674724663155494 ], [ 1.776621469548951, 42.67508480503745 ], [ 1.77637743388492, 42.675082198171211 ], [ 1.776373900640163, 42.675262269086993 ], [ 1.776617937008427, 42.675264875969532 ], [ 1.776610871830059, 42.675625017816003 ], [ 1.776854909639244, 42.675627624211444 ], [ 1.776851377705651, 42.675807695142119 ], [ 1.777095416251522, 42.675810301034147 ], [ 1.777088353695556, 42.67617044291039 ], [ 1.77757643370162, 42.676175653200424 ], [ 1.777572903783538, 42.676355724162306 ], [ 1.777816944539468, 42.676358328543976 ], [ 1.777813415293249, 42.676538399516275 ], [ 1.778301498310889, 42.676543606752887 ], [ 1.778305026148549, 42.676363535747988 ], [ 1.778549067001689, 42.67636613857033 ], [ 1.778545539868307, 42.676546209591535 ], [ 1.778789581458116, 42.676548811910415 ], [ 1.77878605499663, 42.676728882941987 ], [ 1.779274139681964, 42.676734086052988 ], [ 1.77927061459668, 42.676914157111241 ], [ 1.778050399604776, 42.676901145353881 ], [ 1.778046870965626, 42.677081216324744 ], [ 1.777802827360132, 42.677078612397594 ], [ 1.777799297984272, 42.677258683346203 ], [ 1.777555253706885, 42.677256078882948 ], [ 1.777558783787049, 42.67707600795066 ], [ 1.777314740246384, 42.677073402983936 ], [ 1.777311209461916, 42.677253473899924 ], [ 1.777067165249369, 42.67725086839711 ], [ 1.777063633728169, 42.677430939290829 ], [ 1.777551723594303, 42.677436149809338 ], [ 1.777541133062051, 42.677976362552947 ], [ 1.777297085999802, 42.677973757504638 ], [ 1.777290024074194, 42.678333899271486 ], [ 1.77680192722962, 42.678328687550163 ], [ 1.7767948623569, 42.678688829228044 ], [ 1.777038912171675, 42.678691435381275 ], [ 1.777042443919899, 42.678511364528966 ], [ 1.777286493062751, 42.678513970146014 ], [ 1.777272368692714, 42.679234253585072 ], [ 1.777028316732402, 42.679231647902689 ], [ 1.77702125294405, 42.679591789554024 ], [ 1.777265306313131, 42.679594395269064 ], [ 1.777258243803833, 42.679954536929394 ], [ 1.777014189025959, 42.679951931181712 ] ], [ [ 1.77442514974125, 42.67506132453034 ], [ 1.774669185145537, 42.675063935554569 ], [ 1.774672723287412, 42.674883864747294 ], [ 1.774428688587349, 42.674881253739407 ], [ 1.77442514974125, 42.67506132453034 ] ], [ [ 1.77418465391978, 42.67487864221178 ], [ 1.774428688587349, 42.674881253739407 ], [ 1.774432227400949, 42.674701182942528 ], [ 1.774188193437597, 42.674698571431286 ], [ 1.77418465391978, 42.67487864221178 ] ], [ [ 1.778156243713112, 42.671499013477003 ], [ 1.77840026552076, 42.671501616378841 ], [ 1.778403792451459, 42.671321545208244 ], [ 1.778159771347907, 42.671318942322699 ], [ 1.778156243713112, 42.671499013477003 ] ], [ [ 1.774987499951862, 42.671285057519654 ], [ 1.7752315206338, 42.67128766716106 ], [ 1.775235056685276, 42.671107596196784 ], [ 1.774991036707426, 42.671104986571713 ], [ 1.774987499951862, 42.671285057519654 ] ], [ [ 1.77280194445605, 42.670721334941575 ], [ 1.77304596273323, 42.670723949210974 ], [ 1.773049505023893, 42.670543878376179 ], [ 1.772805487450779, 42.670541264123159 ], [ 1.77280194445605, 42.670721334941575 ] ], [ [ 1.772105339424099, 42.66891278105625 ], [ 1.772349350563312, 42.668915396720791 ], [ 1.772352894640718, 42.668735325875957 ], [ 1.772108884205503, 42.668732710227793 ], [ 1.772105339424099, 42.66891278105625 ] ], [ [ 1.772352894640718, 42.668735325875957 ], [ 1.772840915608769, 42.668740555613418 ], [ 1.772844458245646, 42.66856048472988 ], [ 1.773088468074479, 42.668563098802743 ], [ 1.773092009974839, 42.668383027896922 ], [ 1.772848000849996, 42.668380413840431 ], [ 1.772851543421812, 42.66820034294507 ], [ 1.77236352667768, 42.668195113305892 ], [ 1.772352894640718, 42.668735325875957 ] ] ] } }
]
}
