{
"type": "FeatureCollection",
"name": "perimetre",
"crs": { "type": "name", "properties": { "name": "urn:ogc:def:crs:OGC:1.3:CRS84" } },
"features": [
{ "type": "Feature", "properties": { "surface_ha": 1.04 }, "geometry": { "type": "Polygon", "coordinates": [ [ [ 6.22386282657417, 43.856067831555009 ], [ 6.223843433831351, 43.855708253040518 ], [ 6.223594973549687, 43.855715269134294 ], [ 6.223585278057302, 43.855535479822187 ], [ 6.223833737594838, 43.855528463772167 ], [ 6.223824041448255, 43.85534867449644 ], [ 6.224072500151738, 43.855341657950916 ], [ 6.224062803350972, 43.855161868711598 ], [ 6.2245597189999, 43.855147834090261 ], [ 6.224550020800857, 43.854968044931063 ], [ 6.225046934601783, 43.854954008240163 ], [ 6.225056634289033, 43.855133797311758 ], [ 6.225305091798661, 43.855126778113622 ], [ 6.225324492931271, 43.85548635614704 ], [ 6.225076033933418, 43.8554933754328 ], [ 6.225085733890558, 43.855673164482226 ], [ 6.22483727405862, 43.855680183272469 ], [ 6.224846973361593, 43.855859972358303 ], [ 6.224598512695566, 43.855866990653027 ], [ 6.224608211344362, 43.856046779775255 ], [ 6.22386282657417, 43.856067831555009 ] ] ] } },
{ "type": "Feature", "properties": { "surface_ha": 2.28 }, "geometry": { "type": "Polygon", "coordinates": [ [ [ 6.229241550905297, 43.854295244249876 ], [ 6.229231838928766, 43.854115455893584 ], [ 6.228983386579832, 43.854122483500973 ], [ 6.228973675437423, 43.853942695093451 ], [ 6.228228320082403, 43.853963774548568 ], [ 6.228238028992649, 43.85414356308759 ], [ 6.227989576283488, 43.854150588537962 ], [ 6.227979868117296, 43.853970799955093 ], [ 6.227731416062149, 43.853977824822366 ], [ 6.227712001487972, 43.853618247546805 ], [ 6.227960452055026, 43.853611222767185 ], [ 6.227941036352902, 43.853251645549726 ], [ 6.228189485341859, 43.853244620318513 ], [ 6.228170068511842, 43.85288504315912 ], [ 6.228418515922722, 43.852878017476328 ], [ 6.228428225036724, 43.85305780601589 ], [ 6.22867667310157, 43.853050779750021 ], [ 6.228686383049639, 43.853230568238381 ], [ 6.229928625742992, 43.853195428601289 ], [ 6.229948053349557, 43.853555005117322 ], [ 6.230444952772408, 43.853540945312396 ], [ 6.230464383715486, 43.853900521623402 ], [ 6.230961285754052, 43.853886459486077 ], [ 6.230980720033755, 43.854246035592013 ], [ 6.229241550905297, 43.854295244249876 ] ] ] } },
{ "type": "Feature", "properties": { "surface_ha": 1.12 }, "geometry": { "type": "Polygon", "coordinates": [ [ [ 6.225904933281336, 43.852408883061045 ], [ 6.22588553074347, 43.852049305039088 ], [ 6.22538864147159, 43.852063344642708 ], [ 6.225378941825582, 43.85188355553305 ], [ 6.225130497798681, 43.851890574482248 ], [ 6.225111100264484, 43.851530996153159 ], [ 6.224862657635582, 43.851538014475572 ], [ 6.224852959747373, 43.851358225256156 ], [ 6.225349843427297, 43.851344188159715 ], [ 6.225340144141114, 43.85116439902049 ], [ 6.225837025973307, 43.851150359854792 ], [ 6.225846726747399, 43.851330148906442 ], [ 6.226343609707629, 43.851316107496316 ], [ 6.226363014501574, 43.851675685402199 ], [ 6.226114571578522, 43.851682706464487 ], [ 6.226124273366498, 43.851862495450156 ], [ 6.227118047494654, 43.85183440779057 ], [ 6.227127752348522, 43.852014196593579 ], [ 6.226630863976475, 43.852028241589458 ], [ 6.226640567432383, 43.852208030472717 ], [ 6.226143677212388, 43.852222073399297 ], [ 6.226153379270301, 43.85240186236279 ], [ 6.225904933281336, 43.852408883061045 ] ] ] } },
{ "type": "Feature", "properties": { "surface_ha": 86.11 }, "geometry": { "type": "Polygon", "coordinates": [ [ [ 6.208793357515689, 43.858112958599101 ], [ 6.208774053950108, 43.857753374889455 ], [ 6.208525581497643, 43.857760358477343 ], [ 6.208515930593383, 43.857580566567883 ], [ 6.208267458795654, 43.857587549572855 ], [ 6.208257808725151, 43.857407757612485 ], [ 6.208009337582163, 43.857414740034528 ], [ 6.207990039198148, 43.857055156004478 ], [ 6.206996159685185, 43.857083079950748 ], [ 6.206986513604332, 43.856903287750484 ], [ 6.206738044246633, 43.856910267345128 ], [ 6.206728398999471, 43.856730475093919 ], [ 6.206479930296536, 43.856737454105698 ], [ 6.20647028588305, 43.856557661803571 ], [ 6.206221817834884, 43.856564640232442 ], [ 6.206212174255061, 43.856384847879433 ], [ 6.20571523937882, 43.856398803032121 ], [ 6.205705597376856, 43.856219010584688 ], [ 6.205457130548794, 43.856225987308484 ], [ 6.205437848301546, 43.855866402304429 ], [ 6.20518938287246, 43.855873378401839 ], [ 6.205170102471262, 43.855513793281226 ], [ 6.204921638441134, 43.855520768752299 ], [ 6.20491199911883, 43.855340976137441 ], [ 6.204663535743475, 43.855347951025649 ], [ 6.204644258855406, 43.854988365686751 ], [ 6.204395796878986, 43.854995339948658 ], [ 6.204386159313201, 43.854815547224639 ], [ 6.204137697991551, 43.854822520903696 ], [ 6.204118424616436, 43.854462935346582 ], [ 6.203621504681596, 43.854476880912756 ], [ 6.203611869616386, 43.854297088036155 ], [ 6.204108788062948, 43.854283142556952 ], [ 6.204099151598835, 43.854103349759946 ], [ 6.205092984442861, 43.85407545250402 ], [ 6.205083345091639, 43.853895659873707 ], [ 6.204834887758839, 43.85390263495313 ], [ 6.204825249241132, 43.853722842271928 ], [ 6.205322162329098, 43.853708891660844 ], [ 6.205302882585454, 43.853349306450397 ], [ 6.205054427574377, 43.853356281938559 ], [ 6.205044788580757, 43.853176489278759 ], [ 6.204050970618894, 43.853204385664455 ], [ 6.204041334691022, 43.853024592823225 ], [ 6.203792880721203, 43.853031565527985 ], [ 6.203802515904984, 43.853211358412679 ], [ 6.203554061101709, 43.853218330621651 ], [ 6.203544426662019, 43.853038537693429 ], [ 6.203295972513478, 43.8530455093196 ], [ 6.203305606209074, 43.853225302291293 ], [ 6.202808696155765, 43.853239244012784 ], [ 6.202827960838598, 43.853598830108055 ], [ 6.202579504189725, 43.853605800246854 ], [ 6.202560240995102, 43.853246214064605 ], [ 6.202311785745109, 43.853253183577138 ], [ 6.202302155025889, 43.85307339043149 ], [ 6.202053700430669, 43.853080359361279 ], [ 6.202044070544861, 43.852900566164799 ], [ 6.202292524395992, 43.852893597278495 ], [ 6.202282893855415, 43.852713804118096 ], [ 6.20253134687314, 43.852706834736011 ], [ 6.202521715677809, 43.852527041611751 ], [ 6.203018619957126, 43.852513101316703 ], [ 6.202999354858183, 43.852153515220003 ], [ 6.202750904251316, 43.852160485550186 ], [ 6.202741272579908, 43.851980692447313 ], [ 6.20298972244272, 43.851973722160622 ], [ 6.2029704578798, 43.85161413601972 ], [ 6.202722009505072, 43.851621106219419 ], [ 6.202712378101647, 43.851441313094462 ], [ 6.202463930381626, 43.851448282711445 ], [ 6.202444669330801, 43.851088696352384 ], [ 6.202693115562778, 43.851081726822386 ], [ 6.202683484427331, 43.850901933675267 ], [ 6.203428820355255, 43.850881021980243 ], [ 6.203438453722735, 43.851060814996863 ], [ 6.204183791078581, 43.851039898318206 ], [ 6.204222334370256, 43.851759069789018 ], [ 6.204470782952907, 43.851752096310285 ], [ 6.204480419743288, 43.851931889116059 ], [ 6.205225767187063, 43.851910965313841 ], [ 6.205235406298957, 43.852090757981706 ], [ 6.205732305635911, 43.852076805996923 ], [ 6.2057419463253, 43.852256598570342 ], [ 6.205990396603709, 43.852249621725534 ], [ 6.205980755170271, 43.852069829195585 ], [ 6.20697455241344, 43.852041916597919 ], [ 6.206964908093268, 43.851862124234792 ], [ 6.207213356436423, 43.851855144780792 ], [ 6.207203711461668, 43.851675352453803 ], [ 6.207452158971343, 43.851668372504086 ], [ 6.207442513342017, 43.851488580213271 ], [ 6.207690960018213, 43.851481599767872 ], [ 6.207700606391556, 43.851661392015124 ], [ 6.207949053722304, 43.851654410986924 ], [ 6.207929759577052, 43.851294826572172 ], [ 6.208426650994063, 43.851280863072255 ], [ 6.208417002567635, 43.851101070940906 ], [ 6.208665447397915, 43.851094088425675 ], [ 6.208646149325525, 43.850734504228008 ], [ 6.209391478815455, 43.850713553708317 ], [ 6.209430084246157, 43.851432721551298 ], [ 6.209926976077195, 43.851418751493384 ], [ 6.209917323097241, 43.851238959630855 ], [ 6.210414213082164, 43.851224987503215 ], [ 6.210433522107625, 43.851584571046537 ], [ 6.210930414710407, 43.85157059658755 ], [ 6.210920758664892, 43.851390804906764 ], [ 6.211169204087945, 43.85138381691204 ], [ 6.211159547387984, 43.851204025267478 ], [ 6.211407991977482, 43.851197036777087 ], [ 6.21139833462309, 43.85101724516872 ], [ 6.211895222045391, 43.851003266657486 ], [ 6.211904880887762, 43.851183058178655 ], [ 6.212153325208534, 43.851176068070565 ], [ 6.212162984884481, 43.851355859540746 ], [ 6.211914539819714, 43.851362849692393 ], [ 6.211924198841246, 43.851542641198776 ], [ 6.212172644650016, 43.851535651003481 ], [ 6.212201624484169, 43.852075025347574 ], [ 6.211704728312947, 43.852089005460556 ], [ 6.211714386948787, 43.852268796981058 ], [ 6.210969039788032, 43.85228976323701 ], [ 6.210959383384288, 43.852109971585683 ], [ 6.210710934895607, 43.852116959215586 ], [ 6.210720590555318, 43.852296750910462 ], [ 6.210472141233049, 43.852303738044697 ], [ 6.210481796238268, 43.852483529775796 ], [ 6.210978696281334, 43.852469554880905 ], [ 6.210988352864197, 43.852649346517438 ], [ 6.211236803495439, 43.852642358217523 ], [ 6.211246460911918, 43.852822149803082 ], [ 6.211743363393796, 43.852808171498246 ], [ 6.211733704489212, 43.852628379999892 ], [ 6.211982154851728, 43.852621390082206 ], [ 6.211991814500364, 43.852801181536925 ], [ 6.2127371672825, 43.852780208417478 ], [ 6.212727505401715, 43.852600417093569 ], [ 6.212975955405833, 43.852593425018846 ], [ 6.212995280745117, 43.852953007572012 ], [ 6.213243732147717, 43.852946014870781 ], [ 6.213253395695846, 43.853125806092699 ], [ 6.214992558212556, 43.853076841779362 ], [ 6.214963552212013, 43.85253746900797 ], [ 6.21446665354836, 43.852551461246208 ], [ 6.214476320637456, 43.852731252264675 ], [ 6.213979420127087, 43.852745242433166 ], [ 6.21396008901471, 43.852385660214281 ], [ 6.213711640113134, 43.852392654402365 ], [ 6.213692310847381, 43.852033072066675 ], [ 6.213940758260903, 43.852026077965874 ], [ 6.213921427865661, 43.851666495687944 ], [ 6.214169873701521, 43.851659501135167 ], [ 6.214150542176839, 43.851299918914997 ], [ 6.214398986435057, 43.85129292391025 ], [ 6.2143893200632, 43.851113132832729 ], [ 6.214637763487782, 43.851106137332415 ], [ 6.214628096461592, 43.85092634629116 ], [ 6.215124981553831, 43.850912353760123 ], [ 6.215144318671785, 43.851271935660669 ], [ 6.215392762571359, 43.851264938499 ], [ 6.215402432008833, 43.851444729394515 ], [ 6.215650876562719, 43.851437731650009 ], [ 6.215670217194702, 43.851797313331609 ], [ 6.216415554782192, 43.851776316600642 ], [ 6.216405882189356, 43.851596525894529 ], [ 6.216902771977822, 43.851582525465062 ], [ 6.216893097986709, 43.851402734838928 ], [ 6.21838376073465, 43.851360720871178 ], [ 6.218393439189681, 43.851540511235214 ], [ 6.218641883410863, 43.851533506976303 ], [ 6.218670921546521, 43.852072877892972 ], [ 6.219416260367373, 43.852051861487489 ], [ 6.219425942157496, 43.852231651647173 ], [ 6.219922835743787, 43.852217637926593 ], [ 6.219951886117047, 43.852757008099061 ], [ 6.219703437136745, 43.852764015360101 ], [ 6.219722803013232, 43.853123595525624 ], [ 6.219474352455048, 43.853130602334844 ], [ 6.219484034783953, 43.85331039245024 ], [ 6.219732486086183, 43.853303385597286 ], [ 6.219761535843887, 43.853842755767957 ], [ 6.22000998928849, 43.853835748244585 ], [ 6.220000305202047, 43.853655958238782 ], [ 6.220248757812771, 43.853648950219892 ], [ 6.220258442643281, 43.853828740181946 ], [ 6.220506895908247, 43.853821731580062 ], [ 6.220526267326892, 43.854181311394591 ], [ 6.220277812573776, 43.854188320083949 ], [ 6.220297182863571, 43.854547899956387 ], [ 6.219800270111503, 43.854561915892141 ], [ 6.21979058640988, 43.854382125872185 ], [ 6.219293674786747, 43.854396139563391 ], [ 6.219313039303409, 43.854755719770836 ], [ 6.219064581868936, 43.854762725894943 ], [ 6.219093627085082, 43.855302096281804 ], [ 6.218845167328459, 43.855309101997747 ], [ 6.218854848502632, 43.855488892155634 ], [ 6.220594070121931, 43.85543984051278 ], [ 6.22057469744559, 43.855080260801657 ], [ 6.220823155829372, 43.855073251354398 ], [ 6.220813468881848, 43.854893461531496 ], [ 6.22106192643167, 43.854886451588655 ], [ 6.221071614123305, 43.85506624136783 ], [ 6.221320072327389, 43.855059230841988 ], [ 6.221329760852994, 43.855239020570053 ], [ 6.221081301904795, 43.855246031139622 ], [ 6.221100677737327, 43.855605610661065 ], [ 6.222094518943956, 43.855577564797031 ], [ 6.222133283593637, 43.856296723051386 ], [ 6.222381746647184, 43.856289710062136 ], [ 6.222391438778478, 43.856469499563495 ], [ 6.224130682845033, 43.85642039323178 ], [ 6.224150077795655, 43.856779971599629 ], [ 6.224398542362349, 43.85677295416459 ], [ 6.224437336319665, 43.857492110636436 ], [ 6.225431205593781, 43.857464034802518 ], [ 6.225440907284794, 43.857643823726868 ], [ 6.21798683033986, 43.857854183454329 ], [ 6.217967471700351, 43.85749460297356 ], [ 6.218215940746198, 43.857487598890422 ], [ 6.218196580977372, 43.857128018467499 ], [ 6.217451178035772, 43.857149028836638 ], [ 6.217441500518629, 43.856969238483032 ], [ 6.217193033436102, 43.856976240817055 ], [ 6.217183356752912, 43.856796450412375 ], [ 6.218177221567663, 43.856768438015045 ], [ 6.218167541997476, 43.856588647777734 ], [ 6.218664472377842, 43.856574638430516 ], [ 6.218654791409076, 43.856394848273204 ], [ 6.218406327007964, 43.856401853172784 ], [ 6.218396646873158, 43.856222062964406 ], [ 6.217154327241846, 43.856257079154005 ], [ 6.217164003655784, 43.856436869580833 ], [ 6.216170143358532, 43.856464872999545 ], [ 6.216179816885485, 43.856644663593691 ], [ 6.215931350842664, 43.856651663143744 ], [ 6.215950696677344, 43.857011244397249 ], [ 6.216447631650047, 43.856997244583148 ], [ 6.216457306190375, 43.857177035111526 ], [ 6.216954242292564, 43.857163033052743 ], [ 6.216973594619277, 43.857522613912579 ], [ 6.216725125124622, 43.857529615298979 ], [ 6.216734800678373, 43.857709405761518 ], [ 6.216486330349754, 43.857716406652251 ], [ 6.216496005249013, 43.857896197151092 ], [ 6.208793357515689, 43.858112958599101 ] ], [ [ 6.215492448137989, 43.857744404821794 ], [ 6.215740918825508, 43.857737406088397 ], [ 6.215731246248666, 43.857557615451199 ], [ 6.215482776305377, 43.857564614140919 ], [ 6.215492448137989, 43.857744404821794 ] ], [ [ 6.207712624781983, 43.85652276156906 ], [ 6.207961092293339, 43.856515779904178 ], [ 6.207951443504056, 43.856335987855964 ], [ 6.207702976736907, 43.856342969477318 ], [ 6.207712624781983, 43.85652276156906 ] ], [ [ 6.209203428507582, 43.856480863489573 ], [ 6.209451895481873, 43.856473878588652 ], [ 6.209442242227381, 43.85629408680186 ], [ 6.209193775997287, 43.856301071659225 ], [ 6.209203428507582, 43.856480863489573 ] ], [ [ 6.208199910181715, 43.856329005695279 ], [ 6.209193775997287, 43.856301071659225 ], [ 6.209184123576517, 43.856121279821494 ], [ 6.208935658001091, 43.856128264095929 ], [ 6.208926006414035, 43.855948472207253 ], [ 6.208180611383239, 43.855969421663886 ], [ 6.208199910181715, 43.856329005695279 ] ], [ [ 6.213666154434764, 43.856175261710206 ], [ 6.213914619052206, 43.856168267145016 ], [ 6.213904952491943, 43.855988476135821 ], [ 6.213656488618676, 43.855995470657362 ], [ 6.213666154434764, 43.856175261710206 ] ], [ [ 6.207922497673163, 43.855796611667166 ], [ 6.208170962118247, 43.855789629637123 ], [ 6.20816131294275, 43.855609837603026 ], [ 6.207912849241842, 43.855616819589457 ], [ 6.207922497673163, 43.855796611667166 ] ], [ [ 6.213388694780861, 43.855642882424547 ], [ 6.213885619640384, 43.855628894095311 ], [ 6.213875953349086, 43.855449103063968 ], [ 6.214124414900215, 43.855442108134021 ], [ 6.214134081935669, 43.855621899121715 ], [ 6.214382544141291, 43.855614903608824 ], [ 6.214353541071478, 43.85507553075454 ], [ 6.213608160882953, 43.85509651528254 ], [ 6.213627491708302, 43.855456097454599 ], [ 6.213379029977872, 43.855463091305936 ], [ 6.213388694780861, 43.855642882424547 ] ], [ [ 6.207406274718082, 43.855450989772208 ], [ 6.207654737853786, 43.85544400890798 ], [ 6.207645090345607, 43.855264216771999 ], [ 6.207396627954066, 43.855271197592714 ], [ 6.207406274718082, 43.855450989772208 ] ], [ [ 6.211123554428702, 43.855166428654556 ], [ 6.21137201547733, 43.855159439744206 ], [ 6.211352698404992, 43.854799856757488 ], [ 6.211104238844644, 43.854806845580619 ], [ 6.211123554428702, 43.855166428654556 ] ], [ [ 6.210110399707588, 43.85483479548018 ], [ 6.210358859626187, 43.854827808814214 ], [ 6.210349204200916, 43.85464801713541 ], [ 6.210597663285828, 43.85464102997377 ], [ 6.210578351215696, 43.854281446681185 ], [ 6.210081435932805, 43.854295420290839 ], [ 6.210071781520301, 43.854115628546296 ], [ 6.209823324488652, 43.854122614498607 ], [ 6.209842631914973, 43.854482198067444 ], [ 6.210091090434857, 43.854475212027985 ], [ 6.210110399707588, 43.85483479548018 ] ], [ [ 6.206115743376108, 43.854586923943806 ], [ 6.206612663011104, 43.854572967504502 ], [ 6.206603018926842, 43.854393175157476 ], [ 6.206106100780115, 43.85440713150971 ], [ 6.206115743376108, 43.854586923943806 ] ], [ [ 6.208829495466775, 43.854150552914902 ], [ 6.209077952856523, 43.854143569119763 ], [ 6.209058650252979, 43.853783985259959 ], [ 6.208810194351448, 43.853790968967942 ], [ 6.208829495466775, 43.854150552914902 ] ], [ [ 6.217764227664655, 43.85371900614215 ], [ 6.21801268108347, 43.8537120029766 ], [ 6.217993325085005, 43.853352422243589 ], [ 6.217744873154316, 43.85335942532172 ], [ 6.217764227664655, 43.85371900614215 ] ], [ [ 6.21899681284069, 43.853504194733802 ], [ 6.219493717202657, 43.853490182558218 ], [ 6.219484034783953, 43.85331039245024 ], [ 6.218987131910097, 43.853324404538384 ], [ 6.21899681284069, 43.853504194733802 ] ], [ [ 6.217247969023691, 43.853373429860262 ], [ 6.217496421133877, 43.853366427860621 ], [ 6.217486744757391, 43.853186637395652 ], [ 6.217238293391262, 43.853193639351588 ], [ 6.217247969023691, 43.853373429860262 ] ], [ [ 6.216741390389802, 43.853207641645703 ], [ 6.217238293391262, 43.853193639351588 ], [ 6.217228617848573, 43.853013848835559 ], [ 6.216980167136758, 43.853020850208587 ], [ 6.216970492427847, 43.852841059641449 ], [ 6.216473592223129, 43.85285506068238 ], [ 6.216483265443947, 43.853034851336801 ], [ 6.216731716335214, 43.853027851042306 ], [ 6.216741390389802, 43.853207641645703 ] ], [ [ 6.207013130588619, 43.85276108597683 ], [ 6.20726158265202, 43.852754106305099 ], [ 6.207242291897414, 43.852394521717486 ], [ 6.206993841322129, 43.852401501302133 ], [ 6.207013130588619, 43.85276108597683 ] ], [ [ 6.214179539598328, 43.851839292234182 ], [ 6.214427986088547, 43.851832297098468 ], [ 6.214418319447732, 43.851652506043131 ], [ 6.214169873701521, 43.851659501135167 ], [ 6.214179539598328, 43.851839292234182 ] ], [ [ 6.210194729574942, 43.851771349271338 ], [ 6.210443176754667, 43.851764362807145 ], [ 6.210433522107625, 43.851584571046537 ], [ 6.210185075671916, 43.851591557467152 ], [ 6.210194729574942, 43.851771349271338 ] ] ] } },
{ "type": "Feature", "properties": { "surface_ha": 1.4 }, "geometry": { "type": "Polygon", "coordinates": [ [ [ 6.221068202198998, 43.850384695319782 ], [ 6.221058516099217, 43.850204905392289 ], [ 6.220810077983711, 43.850211914737329 ], [ 6.220790707541486, 43.849852334772741 ], [ 6.220293834016697, 43.849866351670336 ], [ 6.220284150418146, 43.849686561589529 ], [ 6.219538841689164, 43.849707582760843 ], [ 6.219529160412143, 43.849527792541451 ], [ 6.219777596001025, 43.849520786067259 ], [ 6.219758232228545, 43.849161205693804 ], [ 6.220006666239835, 43.849154198767856 ], [ 6.219996983744395, 43.848974408613763 ], [ 6.220990715915969, 43.848946375693032 ], [ 6.221010086947761, 43.849305955644049 ], [ 6.221755389596624, 43.849284925029771 ], [ 6.221765077478945, 43.849464714862997 ], [ 6.221268207648414, 43.849478735899162 ], [ 6.221297267371019, 43.850018105616932 ], [ 6.221545704562933, 43.850011095237235 ], [ 6.221565079648371, 43.850370674924633 ], [ 6.221068202198998, 43.850384695319782 ] ] ] } },
{ "type": "Feature", "properties": { "surface_ha": 2.92 }, "geometry": { "type": "Polygon", "coordinates": [ [ [ 6.211149890777588, 43.851024233615512 ], [ 6.211130577825466, 43.850664650289488 ], [ 6.211379020183009, 43.850657661929901 ], [ 6.211369363097313, 43.850477870299422 ], [ 6.211617804621319, 43.850470881444217 ], [ 6.211598489230701, 43.850111298248336 ], [ 6.21184692917722, 43.850104308941141 ], [ 6.211817954531227, 43.849564934222798 ], [ 6.212066392156351, 43.849557944507239 ], [ 6.212076051026043, 43.849737736043778 ], [ 6.212572927495406, 43.849723754907785 ], [ 6.212563267137854, 43.849543963458459 ], [ 6.212811704494217, 43.849536972125293 ], [ 6.212782721727356, 43.848997597863914 ], [ 6.213279591707788, 43.848983613841696 ], [ 6.213289254028296, 43.84916340518231 ], [ 6.213537689628006, 43.84915641231877 ], [ 6.213528026563593, 43.848976621021826 ], [ 6.213776461329779, 43.84896962766274 ], [ 6.213786125138101, 43.849149418916085 ], [ 6.214282995889404, 43.849135430493099 ], [ 6.214331323714648, 43.850034386212741 ], [ 6.214082884664188, 43.850041380911989 ], [ 6.21410221493389, 43.850400963235465 ], [ 6.214350655472246, 43.850393968448913 ], [ 6.214369987588425, 43.850753550655583 ], [ 6.213873103446223, 43.850767539864023 ], [ 6.213863438831242, 43.850587748677093 ], [ 6.213614997369655, 43.850594742428854 ], [ 6.213595669896507, 43.850235159945605 ], [ 6.213347229833209, 43.850242153070916 ], [ 6.213327904206446, 43.849882570470868 ], [ 6.21307946554142, 43.8498895629697 ], [ 6.213108451884144, 43.850428936989537 ], [ 6.212860010897662, 43.850435929080014 ], [ 6.212869672447161, 43.850615720448836 ], [ 6.21262123062711, 43.850622712043716 ], [ 6.212640552506973, 43.850982294846446 ], [ 6.212392109109371, 43.850989285989364 ], [ 6.212382448868619, 43.850809494548045 ], [ 6.212134006125403, 43.850816485108133 ], [ 6.212124346718217, 43.850636693615847 ], [ 6.21237278871746, 43.850629703099379 ], [ 6.212353468683915, 43.850270120179907 ], [ 6.211856587571701, 43.850284100499167 ], [ 6.211885563292601, 43.850823475128976 ], [ 6.211388677358266, 43.850837453553005 ], [ 6.21139833462309, 43.85101724516872 ], [ 6.211149890777588, 43.851024233615512 ] ] ] } },
{ "type": "Feature", "properties": { "surface_ha": 3.0 }, "geometry": { "type": "Polygon", "coordinates": [ [ [ 6.21227619213325, 43.848831788206951 ], [ 6.212266532967545, 43.84865199667712 ], [ 6.212018099151562, 43.848658986713851 ], [ 6.212008440819329, 43.848479195133059 ], [ 6.212505306873935, 43.84846521460765 ], [ 6.21249564714351, 43.84828542310666 ], [ 6.21199878257667, 43.848299403544885 ], [ 6.211989124423583, 43.848119611949308 ], [ 6.212237556007916, 43.848112622043423 ], [ 6.21222789720053, 43.847932830484076 ], [ 6.212476327951415, 43.847925840082624 ], [ 6.212457009117652, 43.847566257029079 ], [ 6.212208579854489, 43.847573247343306 ], [ 6.212198921315828, 43.847393455761846 ], [ 6.212447349835147, 43.847386465491226 ], [ 6.212437690642219, 43.847206673946026 ], [ 6.212686118328112, 43.847199683179831 ], [ 6.212676458480932, 43.847019891670854 ], [ 6.212924885333405, 43.847012900409133 ], [ 6.212915224831983, 43.846833108936409 ], [ 6.213660502620349, 43.846812132047269 ], [ 6.213650839977065, 43.846632340698022 ], [ 6.21389926498349, 43.846625347367009 ], [ 6.213879938478144, 43.846265764733616 ], [ 6.214128361907342, 43.846258770950691 ], [ 6.214157354031209, 43.846798144758772 ], [ 6.213908928370587, 43.846805138672586 ], [ 6.213928255413645, 43.847164721261713 ], [ 6.214176682561914, 43.847157727260615 ], [ 6.214167018251747, 43.846977936013403 ], [ 6.214415444566562, 43.846970941516808 ], [ 6.214405779602203, 43.846791150305833 ], [ 6.214902630475287, 43.846777159782505 ], [ 6.214912296927284, 43.846956950906169 ], [ 6.214663870791743, 43.846963946481083 ], [ 6.214683202477025, 43.847323528793574 ], [ 6.214186346961707, 43.847337518500481 ], [ 6.214215340698866, 43.847876892175748 ], [ 6.214463770732888, 43.847869897460974 ], [ 6.214473436235066, 43.848049688627626 ], [ 6.213976574589668, 43.848063677605317 ], [ 6.213986238693748, 43.84824346885194 ], [ 6.213737806992735, 43.848250462575642 ], [ 6.213757133982013, 43.848610045133945 ], [ 6.213508700703618, 43.848617038405756 ], [ 6.213499037908053, 43.848437247086672 ], [ 6.213002172570198, 43.848451231925516 ], [ 6.213011833877986, 43.848631023331848 ], [ 6.212763400330767, 43.848638014986129 ], [ 6.212773060984262, 43.848817806428706 ], [ 6.21227619213325, 43.848831788206951 ] ], [ [ 6.21249564714351, 43.84828542310666 ], [ 6.212744079292553, 43.848278432078814 ], [ 6.212734418907838, 43.848098640614111 ], [ 6.212485987502669, 43.84810563159833 ], [ 6.21249564714351, 43.84828542310666 ] ], [ [ 6.213479712585766, 43.848077664426363 ], [ 6.213728143632526, 43.848070671285427 ], [ 6.213718480361938, 43.84789087998783 ], [ 6.213470050059042, 43.847897873085131 ], [ 6.213479712585766, 43.848077664426363 ] ] ] } },
{ "type": "Feature", "properties": { "surface_ha": 7.16 }, "geometry": { "type": "Polygon", "coordinates": [ [ [ 6.226446515411876, 43.848612251402812 ], [ 6.226436813755649, 43.84843246237169 ], [ 6.226188384312901, 43.848439483184713 ], [ 6.22617868349049, 43.848259694102389 ], [ 6.226427112189398, 43.848252673333199 ], [ 6.226417410713116, 43.848072884287298 ], [ 6.225672126578011, 43.848093944846099 ], [ 6.225652728358317, 43.847734366469339 ], [ 6.226398008030468, 43.847713306173318 ], [ 6.2263883068241, 43.847533517105255 ], [ 6.22613988110049, 43.847540537699288 ], [ 6.226130180727899, 43.847360748580023 ], [ 6.226627030597535, 43.847346706940463 ], [ 6.226617328827304, 43.847166917901411 ], [ 6.226865752883366, 43.847159896316739 ], [ 6.226856050459316, 43.846980107314081 ], [ 6.227104473681607, 43.846973085234083 ], [ 6.227085067615887, 43.846613507294265 ], [ 6.226836645881154, 43.846620529286668 ], [ 6.226817241662903, 43.846260951229645 ], [ 6.226320400898585, 43.846274993421822 ], [ 6.226330101475194, 43.846454782541635 ], [ 6.225833258863496, 43.846468822664953 ], [ 6.225842958042521, 43.846648611864971 ], [ 6.225594535857972, 43.846655631161738 ], [ 6.225604234383166, 43.846835420398143 ], [ 6.225355811364892, 43.846842439199598 ], [ 6.225317020778856, 43.846123282034434 ], [ 6.225068600645736, 43.846130300121601 ], [ 6.225058903967819, 43.845950510768077 ], [ 6.225555742656612, 43.845936474142178 ], [ 6.225565440822043, 43.846116263408149 ], [ 6.226310700411934, 43.846095204294613 ], [ 6.226301000015248, 43.845915415160015 ], [ 6.227046256564245, 43.845894351325889 ], [ 6.227036554026286, 43.845714562315344 ], [ 6.227284971952261, 43.845707540002884 ], [ 6.227294675233959, 43.845887328969688 ], [ 6.227791512303421, 43.845873282639836 ], [ 6.227810922111782, 43.846232860375927 ], [ 6.22805934199901, 43.846225836314709 ], [ 6.228030225190236, 43.845686469830966 ], [ 6.228278642756226, 43.845679445362116 ], [ 6.228288349012876, 43.845859234153579 ], [ 6.22853676723259, 43.845852209101821 ], [ 6.228556181503436, 43.846211786574948 ], [ 6.228804601120615, 43.846204760896413 ], [ 6.228814309134827, 43.84638454957804 ], [ 6.229062729405733, 43.846377523316576 ], [ 6.229072438253739, 43.846557311946995 ], [ 6.228824017239072, 43.846564338252314 ], [ 6.228843433717657, 43.846923915578635 ], [ 6.229340278632038, 43.846909862253533 ], [ 6.229320859178365, 43.846550285102566 ], [ 6.229817700757476, 43.846536229796357 ], [ 6.229807989678192, 43.846356441297452 ], [ 6.230056409588903, 43.846349412879547 ], [ 6.230046697855927, 43.846169624417115 ], [ 6.230295116932823, 43.846162595503927 ], [ 6.230285404546167, 43.845982807077945 ], [ 6.230782240942254, 43.845968747721983 ], [ 6.230791954816393, 43.846148536060227 ], [ 6.230543535919645, 43.846155566051635 ], [ 6.230553249140121, 43.846335354426373 ], [ 6.230304829409548, 43.846342383922511 ], [ 6.230353393144285, 43.847241325904456 ], [ 6.23010496960479, 43.847248355080751 ], [ 6.230114681878173, 43.847428143498838 ], [ 6.229617833041388, 43.847442200321737 ], [ 6.229637254883165, 43.847801777311076 ], [ 6.229388828842072, 43.847808805001527 ], [ 6.229398539154234, 43.847988593528953 ], [ 6.229150112279275, 43.847995620724085 ], [ 6.229159821937668, 43.848175409287926 ], [ 6.228662966429966, 43.848189462148511 ], [ 6.228672674690745, 43.848369250792636 ], [ 6.227678959619649, 43.848397350219294 ], [ 6.227669254334202, 43.848217561399856 ], [ 6.227172397746251, 43.848231607790623 ], [ 6.227182101544025, 43.848411396697699 ], [ 6.226685243108423, 43.848425441019522 ], [ 6.226694945508498, 43.848605230006854 ], [ 6.226446515411876, 43.848612251402812 ] ], [ [ 6.227343192992278, 43.84678627369258 ], [ 6.22759161529081, 43.84677925057813 ], [ 6.227581910815392, 43.846599461692158 ], [ 6.227830332280151, 43.846592438082425 ], [ 6.227810922111782, 43.846232860375927 ], [ 6.227562502134546, 43.846239883898008 ], [ 6.227572206429972, 43.846419672798774 ], [ 6.227323785618982, 43.846426695825564 ], [ 6.227343192992278, 43.84678627369258 ] ], [ [ 6.227065661910099, 43.846253929324874 ], [ 6.227562502134546, 43.846239883898008 ], [ 6.227552797929119, 43.846060094989845 ], [ 6.227055959192182, 43.846074140329073 ], [ 6.227065661910099, 43.846253929324874 ] ] ] } },
{ "type": "Feature", "properties": { "surface_ha": 1.32 }, "geometry": { "type": "Polygon", "coordinates": [ [ [ 6.220884181663352, 43.846968685434419 ], [ 6.220874497270195, 43.846788895366572 ], [ 6.220626073288092, 43.846795903880825 ], [ 6.220616389728546, 43.846616113761876 ], [ 6.220367966400429, 43.846623121693256 ], [ 6.220358283674474, 43.84644333152319 ], [ 6.219861438236442, 43.84645734568111 ], [ 6.219851757087849, 43.846277555416236 ], [ 6.219603334977941, 43.846284561642811 ], [ 6.21959365466291, 43.846104771326857 ], [ 6.219345233207004, 43.846111776970588 ], [ 6.219335553725518, 43.845931986603532 ], [ 6.218590291050549, 43.845953000168869 ], [ 6.218580613890131, 43.845773209663342 ], [ 6.218332193562742, 43.845780213063172 ], [ 6.218312840998657, 43.845420631942581 ], [ 6.218809678588652, 43.845406624778562 ], [ 6.218819356313338, 43.84558641525517 ], [ 6.219067775717469, 43.845579410820768 ], [ 6.219077454275664, 43.845759201246281 ], [ 6.219574294302165, 43.84574519067278 ], [ 6.219583974437651, 43.845924981003506 ], [ 6.220329236035383, 43.845903960968741 ], [ 6.220348601038316, 43.846263541345742 ], [ 6.221342287861645, 43.846235506735319 ], [ 6.221351973472926, 43.846415296737852 ], [ 6.221600395697995, 43.846408286693709 ], [ 6.221619768677606, 43.846767866589111 ], [ 6.221371344964959, 43.846774876720737 ], [ 6.221381030845714, 43.846954666701095 ], [ 6.220884181663352, 43.846968685434419 ] ] ] } },
{ "type": "Feature", "properties": { "surface_ha": 1.44 }, "geometry": { "type": "Polygon", "coordinates": [ [ [ 6.223397500014173, 43.847437939049371 ], [ 6.223387807913411, 43.847258149441132 ], [ 6.223139382598344, 43.847265163477942 ], [ 6.223129691331266, 43.847085373818565 ], [ 6.222881266670131, 43.84709238727249 ], [ 6.2228618858932, 43.846732807844049 ], [ 6.222613462629788, 43.846739820671345 ], [ 6.222594083699893, 43.84638024112585 ], [ 6.222842505475737, 43.846373228386078 ], [ 6.222852195639537, 43.846553018118776 ], [ 6.223100618069293, 43.846546004796103 ], [ 6.223090927161718, 43.846366215107189 ], [ 6.223339348757825, 43.846359201289182 ], [ 6.22330058305119, 43.845640042634621 ], [ 6.223052164430124, 43.845647056277599 ], [ 6.223042473971898, 43.845467266551751 ], [ 6.223290891849221, 43.84546025295252 ], [ 6.223271509714902, 43.845100673566151 ], [ 6.223519926014887, 43.845093659515314 ], [ 6.223529617780837, 43.845273449168445 ], [ 6.224026451598615, 43.845259419362016 ], [ 6.22401675834521, 43.845079629796416 ], [ 6.224265174375537, 43.84507261412832 ], [ 6.22429425663663, 43.845611982671635 ], [ 6.224045838375106, 43.845618998471046 ], [ 6.224055531898195, 43.845798788014491 ], [ 6.224303950903466, 43.845791772171296 ], [ 6.224313645260204, 43.845971561663589 ], [ 6.223816805672261, 43.845985592898352 ], [ 6.223845884819305, 43.846524961593438 ], [ 6.22334904040918, 43.846538990934356 ], [ 6.223378115902528, 43.847078359825538 ], [ 6.223626540383904, 43.847071345293365 ], [ 6.223645925983167, 43.847430924429688 ], [ 6.223397500014173, 43.847437939049371 ] ] ] } },
{ "type": "Feature", "properties": { "surface_ha": 10.67 }, "geometry": { "type": "Polygon", "coordinates": [ [ [ 6.238337115860532, 43.843053746413503 ], [ 6.238327380375553, 43.842873959318027 ], [ 6.237830573367726, 43.84288805069113 ], [ 6.237820839460218, 43.842708263500342 ], [ 6.23732403357851, 43.842722352629409 ], [ 6.237314301248448, 43.842542565343365 ], [ 6.2370658989158, 43.842549609055396 ], [ 6.237036704697843, 43.842010247020937 ], [ 6.236539904223293, 43.842024332564307 ], [ 6.236549634051894, 43.842204120004439 ], [ 6.236301232935702, 43.84221116201153 ], [ 6.236291503850673, 43.84203137452748 ], [ 6.23604310338783, 43.84203841595162 ], [ 6.23603337513659, 43.841858628416269 ], [ 6.235784975327103, 43.841865669257459 ], [ 6.235775247909637, 43.84168588167077 ], [ 6.236768843632044, 43.841657715247614 ], [ 6.236759113330574, 43.841477927829253 ], [ 6.237255909163308, 43.841463841471466 ], [ 6.237226714339069, 43.8409244794356 ], [ 6.236978318698427, 43.840931522752172 ], [ 6.236968588014355, 43.840751735348128 ], [ 6.235975007523595, 43.840779903048656 ], [ 6.235984735233569, 43.840959690628424 ], [ 6.235736339141818, 43.840966731249992 ], [ 6.235726612175369, 43.840786943626306 ], [ 6.235229821208324, 43.840801023164595 ], [ 6.235220095819117, 43.84062123544566 ], [ 6.234971700943835, 43.840628274362409 ], [ 6.23496197638833, 43.840448486592145 ], [ 6.234465187854269, 43.84046256272083 ], [ 6.234455464875965, 43.840282774855346 ], [ 6.233710283629199, 43.840303884874231 ], [ 6.233720004376964, 43.840483672871393 ], [ 6.233471609704234, 43.840490708510266 ], [ 6.233510490622614, 43.841209860600536 ], [ 6.233262092885616, 43.841216895875988 ], [ 6.23323293429223, 43.840677531687703 ], [ 6.232984538695709, 43.840684566292488 ], [ 6.233003976180767, 43.841044142513169 ], [ 6.232755579007049, 43.841051176666703 ], [ 6.232775015365512, 43.841410752945571 ], [ 6.232526616614576, 43.841417786647881 ], [ 6.232536334185427, 43.841597574820099 ], [ 6.232287934600817, 43.841604608027275 ], [ 6.23225878438927, 43.841065243356766 ], [ 6.232507181743213, 43.841058210281219 ], [ 6.232429445862177, 43.839619904518791 ], [ 6.232677837177888, 43.839612871255298 ], [ 6.232668119854752, 43.839433083045563 ], [ 6.232916510336866, 43.839426049286971 ], [ 6.232897074473979, 43.839066472933133 ], [ 6.233145463379032, 43.839059438723339 ], [ 6.233126026389685, 43.838699862427653 ], [ 6.233374413717701, 43.838692827766664 ], [ 6.233364694614763, 43.838513039651623 ], [ 6.233613081109206, 43.838506004495564 ], [ 6.233622800955592, 43.838685792566721 ], [ 6.233871188103348, 43.838678756827804 ], [ 6.233890629553433, 43.83903833286017 ], [ 6.233642240918766, 43.839045368686847 ], [ 6.233651961035555, 43.839225156735814 ], [ 6.23414873970168, 43.839211084455656 ], [ 6.234109853827687, 43.83849193256659 ], [ 6.233861467513517, 43.838498968800572 ], [ 6.233851747013824, 43.838319180765907 ], [ 6.234100132584557, 43.838312144575831 ], [ 6.234090411431572, 43.838132356577667 ], [ 6.23458718081574, 43.838118282668468 ], [ 6.234596903455583, 43.838298070578858 ], [ 6.23484528875586, 43.83829103277192 ], [ 6.234874459446673, 43.838830396326877 ], [ 6.234626071916069, 43.838837434265528 ], [ 6.234635794916556, 43.839017222146282 ], [ 6.235132571374499, 43.839003145642224 ], [ 6.235122846887106, 43.838823357849272 ], [ 6.235371234237363, 43.838816318832698 ], [ 6.235361509096698, 43.83863653107629 ], [ 6.235113122489886, 43.838643570048937 ], [ 6.235103398182844, 43.838463782241199 ], [ 6.235600169819407, 43.838449703844759 ], [ 6.23559044411567, 43.838269916117447 ], [ 6.236087213904626, 43.838255835653058 ], [ 6.236096941095219, 43.838435623292519 ], [ 6.235848555502411, 43.838442663838116 ], [ 6.235858282039771, 43.838622451514084 ], [ 6.23635505462206, 43.838608369796091 ], [ 6.2363647827365, 43.83878815737684 ], [ 6.236613169635776, 43.838781115665462 ], [ 6.236642356750724, 43.83932047823145 ], [ 6.236890745790145, 43.839313435849334 ], [ 6.236900475752368, 43.839493223312573 ], [ 6.237397255047456, 43.839479136843536 ], [ 6.23744591364687, 43.840378073609372 ], [ 6.237694306876481, 43.840371029346677 ], [ 6.237704039610606, 43.84055081663368 ], [ 6.237952433493469, 43.840543771788035 ], [ 6.238020570364242, 43.84180228228216 ], [ 6.238268969361561, 43.841795236589839 ], [ 6.238278704304866, 43.841975023729724 ], [ 6.238527103955473, 43.841967977454445 ], [ 6.238585519972627, 43.843046699874421 ], [ 6.238337115860532, 43.843053746413503 ] ], [ [ 6.237562703490839, 43.84253552109228 ], [ 6.238059507704845, 43.842521430973058 ], [ 6.238040038854003, 43.842161856642427 ], [ 6.237543237614308, 43.84217594658584 ], [ 6.237562703490839, 43.84253552109228 ] ], [ [ 6.235410135701859, 43.83953546978438 ], [ 6.235658525935781, 43.839528430053193 ], [ 6.235639073536229, 43.839168854680011 ], [ 6.235390684789241, 43.83917589432334 ], [ 6.235380959468209, 43.838996106581739 ], [ 6.235132571374499, 43.839003145642224 ], [ 6.235142295952071, 43.839182933427765 ], [ 6.234893907024723, 43.839189971993186 ], [ 6.234903630949004, 43.839369759815227 ], [ 6.235400410200458, 43.839355682057558 ], [ 6.235410135701859, 43.83953546978438 ] ], [ [ 6.235906916079514, 43.839521389783009 ], [ 6.236155306133044, 43.83951434897385 ], [ 6.23614557840123, 43.839334561378799 ], [ 6.236393967621082, 43.839327520074619 ], [ 6.23637451094115, 43.838967944950177 ], [ 6.235877735385075, 43.83898202684388 ], [ 6.235906916079514, 43.839521389783009 ] ] ] } },
{ "type": "Feature", "properties": { "surface_ha": 4.04 }, "geometry": { "type": "Polygon", "coordinates": [ [ [ 6.250094313596628, 43.839658558823409 ], [ 6.250084543960278, 43.83947877371584 ], [ 6.249836157482068, 43.839485844794808 ], [ 6.249826388679735, 43.839306059635646 ], [ 6.24957800285437, 43.839313130131565 ], [ 6.249568234886048, 43.839133344920938 ], [ 6.248326308117791, 43.83916868909575 ], [ 6.248336072368988, 43.839348474526901 ], [ 6.248087686000249, 43.839355541789111 ], [ 6.248077922492484, 43.839175756313885 ], [ 6.247829536776638, 43.839182822993067 ], [ 6.247800249026801, 43.838643466390621 ], [ 6.247551865450677, 43.838650532398596 ], [ 6.247581150970262, 43.839189889133308 ], [ 6.245842447791379, 43.839239337024438 ], [ 6.245832691064987, 43.839059551145112 ], [ 6.245087533432788, 43.839080734882032 ], [ 6.245077779027149, 43.838900948863163 ], [ 6.245326164251583, 43.838893888200509 ], [ 6.245316409192977, 43.838714102218276 ], [ 6.245564793583534, 43.838707041060729 ], [ 6.245555037871971, 43.838527255115103 ], [ 6.245803421428653, 43.838520193462692 ], [ 6.24579366506415, 43.83834040755373 ], [ 6.24629043041929, 43.838326282720203 ], [ 6.246309946212387, 43.83868585435448 ], [ 6.246806714179208, 43.838671727188924 ], [ 6.246787195412492, 43.838312155730918 ], [ 6.247532342223552, 43.83829096120504 ], [ 6.247542103791853, 43.838470746805527 ], [ 6.247790486624577, 43.83846368084162 ], [ 6.247751437920925, 43.837744538571528 ], [ 6.247999817689584, 43.837737472245038 ], [ 6.247990054996611, 43.837557686703057 ], [ 6.248238433931372, 43.837550619881746 ], [ 6.248277488219949, 43.838269761828784 ], [ 6.249767777768018, 43.838227348525187 ], [ 6.249777546026851, 43.838407133728836 ], [ 6.250025928044593, 43.838400062914545 ], [ 6.250035697137399, 43.83857984806663 ], [ 6.250284079807948, 43.838572776669288 ], [ 6.250293849734741, 43.838752561769837 ], [ 6.250542233058095, 43.838745489789453 ], [ 6.250561774670291, 43.839105059880069 ], [ 6.25031338986012, 43.839112131948724 ], [ 6.25034270072768, 43.839651487161369 ], [ 6.250094313596628, 43.839658558823409 ] ] ] } },
{ "type": "Feature", "properties": { "surface_ha": 1.04 }, "geometry": { "type": "Polygon", "coordinates": [ [ [ 6.245038762309099, 43.838181804713493 ], [ 6.24502900835571, 43.838002018657519 ], [ 6.245525771280067, 43.837987897233788 ], [ 6.245496505502309, 43.837448539285802 ], [ 6.245744884598669, 43.837441477897727 ], [ 6.245735128776971, 43.837261691944278 ], [ 6.246480263293151, 43.837240504678689 ], [ 6.246460747461042, 43.836880933013973 ], [ 6.246957500379358, 43.836866805651958 ], [ 6.246947741112352, 43.836687019896587 ], [ 6.247196116692431, 43.836679955451302 ], [ 6.247215636803619, 43.837039526866441 ], [ 6.246967259736859, 43.83704659139989 ], [ 6.24697701918486, 43.837226377140396 ], [ 6.246728641284252, 43.837233441179023 ], [ 6.246738400079389, 43.837413226956187 ], [ 6.246490021344932, 43.837420290499956 ], [ 6.246499779487197, 43.837600076313784 ], [ 6.246748158965021, 43.837593012725939 ], [ 6.246757917941148, 43.837772798488324 ], [ 6.246261157408266, 43.837786925213166 ], [ 6.246270914988123, 43.837966711056268 ], [ 6.246022533842576, 43.837973773654369 ], [ 6.246032290769531, 43.838153559534106 ], [ 6.245038762309099, 43.838181804713493 ] ] ] } },
{ "type": "Feature", "properties": { "surface_ha": 1.28 }, "geometry": { "type": "Polygon", "coordinates": [ [ [ 6.221661375892325, 43.838303713466161 ], [ 6.221651692091696, 43.838123923262465 ], [ 6.22115491632427, 43.838137940944641 ], [ 6.22114523410036, 43.837958150646109 ], [ 6.220896846825427, 43.837965158635022 ], [ 6.220887165434758, 43.837785368285338 ], [ 6.220638778813504, 43.837792375691599 ], [ 6.220629098256059, 43.837612585290834 ], [ 6.221125869921895, 43.837598570026863 ], [ 6.221077461046901, 43.836699618349485 ], [ 6.221574224919347, 43.836685601366945 ], [ 6.221622641228601, 43.837584552607026 ], [ 6.221871026747265, 43.837577543088692 ], [ 6.221880711021944, 43.837757333270794 ], [ 6.222377483276744, 43.83774331252976 ], [ 6.222367797515176, 43.83756352243509 ], [ 6.222616182764411, 43.837556511299873 ], [ 6.2226549293234, 43.838275671459193 ], [ 6.22215815278749, 43.838289693540638 ], [ 6.222148467499931, 43.838109903424403 ], [ 6.221900079840715, 43.8381169136129 ], [ 6.221909764384811, 43.83829670377289 ], [ 6.221661375892325, 43.838303713466161 ] ] ] } },
{ "type": "Feature", "properties": { "surface_ha": 4.72 }, "geometry": { "type": "Polygon", "coordinates": [ [ [ 6.252451085982186, 43.837250616710293 ], [ 6.252441310090071, 43.837070831947599 ], [ 6.252192934182006, 43.837077907842136 ], [ 6.252183159123865, 43.836898123027858 ], [ 6.251934783868489, 43.836905198339331 ], [ 6.251925009644315, 43.836725413473516 ], [ 6.252173384156367, 43.836718338206161 ], [ 6.252163609279511, 43.836538553377061 ], [ 6.251170113660794, 43.83656685103653 ], [ 6.25116034184782, 43.83638706602347 ], [ 6.250911968459905, 43.836394139046952 ], [ 6.250902197480849, 43.836214353982371 ], [ 6.251150570125455, 43.836207281002999 ], [ 6.251140798493701, 43.836027495975102 ], [ 6.251389170304397, 43.836020422500958 ], [ 6.25139894267945, 43.836200207484737 ], [ 6.2523924319892, 43.836171908022813 ], [ 6.252382656640963, 43.835992123215597 ], [ 6.252134285192769, 43.835999198845244 ], [ 6.252114736254789, 43.835639629120287 ], [ 6.252363106216414, 43.835632553578897 ], [ 6.252353331140104, 43.835452768749448 ], [ 6.252601700267816, 43.835445692713343 ], [ 6.252611476087399, 43.835625477498652 ], [ 6.252859845867735, 43.835618400879547 ], [ 6.252889176100237, 43.836157755058544 ], [ 6.253385919848645, 43.836143599938765 ], [ 6.253376141527237, 43.835963815308148 ], [ 6.253872883426379, 43.83594965812118 ], [ 6.253863103709078, 43.835769873571472 ], [ 6.254608213647803, 43.835748633881934 ], [ 6.25461799559494, 43.835928418299112 ], [ 6.255611477216457, 43.835900090992148 ], [ 6.255601692296215, 43.835720306751703 ], [ 6.256098431076061, 43.835706139953352 ], [ 6.256088644760015, 43.835526355793839 ], [ 6.255840276158728, 43.835533439418263 ], [ 6.255820705285377, 43.835173870988598 ], [ 6.256069072400155, 43.835166787452586 ], [ 6.256078858534713, 43.8353465716269 ], [ 6.256575593978536, 43.8353324028499 ], [ 6.256585381690353, 43.835512186928433 ], [ 6.256833750019385, 43.835505101687424 ], [ 6.256843538565223, 43.835684885714336 ], [ 6.257340276437517, 43.835670713527335 ], [ 6.257350066560654, 43.835850497458395 ], [ 6.256604957386256, 43.835871755063238 ], [ 6.256614745370348, 43.836051539119509 ], [ 6.256366374720744, 43.836058623954244 ], [ 6.256376162052313, 43.836238408047272 ], [ 6.25612779056867, 43.836245492387341 ], [ 6.256147364017481, 43.836605060639556 ], [ 6.255650617804767, 43.836619227879808 ], [ 6.255640832521588, 43.836439443669029 ], [ 6.255392460022424, 43.836446526436632 ], [ 6.255382675573276, 43.83626674217426 ], [ 6.25513430372668, 43.836273824358805 ], [ 6.255144087432533, 43.83645360866538 ], [ 6.254895714751918, 43.836460690355217 ], [ 6.254905497805189, 43.836640474698562 ], [ 6.254408750685214, 43.836654636549952 ], [ 6.254428314090638, 43.837014205391078 ], [ 6.253931563634584, 43.837028365263585 ], [ 6.253941343986694, 43.837208149761338 ], [ 6.253444591681216, 43.837222307566584 ], [ 6.253434812815766, 43.837042522980497 ], [ 6.253186437270339, 43.837049601030621 ], [ 6.25319621539246, 43.837229385660876 ], [ 6.252451085982186, 43.837250616710293 ] ] ] } },
{ "type": "Feature", "properties": { "surface_ha": 22.59 }, "geometry": { "type": "Polygon", "coordinates": [ [ [ 6.224723225127291, 43.844339423363849 ], [ 6.22471353009227, 43.844159633892616 ], [ 6.224465117960265, 43.844166650420028 ], [ 6.224455423758835, 43.843986860897651 ], [ 6.224207012280614, 43.843993876842212 ], [ 6.224216705738358, 43.844173666408352 ], [ 6.223968293426559, 43.84418068185758 ], [ 6.223948908088318, 43.843821102630365 ], [ 6.222706852617977, 43.843856171352854 ], [ 6.22267778643976, 43.843316801800199 ], [ 6.22317460443549, 43.843302776190946 ], [ 6.223155224457985, 43.842943196627218 ], [ 6.222906816992351, 43.842950209613896 ], [ 6.222916506192524, 43.843129999443185 ], [ 6.222419689504404, 43.843144023886808 ], [ 6.222410001791528, 43.842964233970029 ], [ 6.222161594056349, 43.842971245339498 ], [ 6.22212284707776, 43.842252085423496 ], [ 6.222619656509209, 43.842238062495419 ], [ 6.222629344606359, 43.842417852398022 ], [ 6.222877749930942, 43.842410840081669 ], [ 6.222887438861561, 43.842590629933149 ], [ 6.223632656527061, 43.842569589618542 ], [ 6.223603583312191, 43.842030220435795 ], [ 6.223851986790107, 43.842023206050811 ], [ 6.223832603609006, 43.841663626646216 ], [ 6.224081005509849, 43.841656611809675 ], [ 6.224071313310519, 43.841476822140073 ], [ 6.224319714377894, 43.841469806808284 ], [ 6.224300328761722, 43.84111022753445 ], [ 6.224548728252059, 43.841103211751182 ], [ 6.224539034835235, 43.84092342214695 ], [ 6.224787433492116, 43.840916405868427 ], [ 6.224777739421623, 43.840736616300575 ], [ 6.225026137245047, 43.84072959952681 ], [ 6.22504552696305, 43.841089178567572 ], [ 6.225293926183693, 43.841082161167257 ], [ 6.22530362192112, 43.84126195063277 ], [ 6.225800421579796, 43.841247914127464 ], [ 6.225810118894287, 43.841427703498042 ], [ 6.225561718366335, 43.841434722063966 ], [ 6.225581111777927, 43.841794300870468 ], [ 6.225332709672885, 43.841801318984963 ], [ 6.22534240576997, 43.841981108420917 ], [ 6.225590808618611, 43.841974090262667 ], [ 6.225600505549217, 43.84215387964742 ], [ 6.225352101956971, 43.842160897849475 ], [ 6.225371494600732, 43.842520476684435 ], [ 6.225123089431341, 43.842527494435018 ], [ 6.225152176840488, 43.843066862763386 ], [ 6.225400584240774, 43.843059844881459 ], [ 6.225390887604173, 43.84288005548985 ], [ 6.225639294170895, 43.842873037112625 ], [ 6.225629596880585, 43.842693247757403 ], [ 6.225878002613752, 43.842686228884958 ], [ 6.225868304669747, 43.842506439566144 ], [ 6.226116709569357, 43.842499420198429 ], [ 6.226097312463924, 43.842139841626214 ], [ 6.226594119018875, 43.84212580144883 ], [ 6.22658441911387, 43.841946012239234 ], [ 6.226832821512823, 43.841938991385803 ], [ 6.226823120954175, 43.841759202212614 ], [ 6.227319923995021, 43.841745158976238 ], [ 6.227310222039164, 43.841565369883256 ], [ 6.227558622681054, 43.841558347500367 ], [ 6.227548920071597, 43.8413785584438 ], [ 6.227797319879934, 43.841371535565692 ], [ 6.227787616616884, 43.841191746545547 ], [ 6.226794019817974, 43.841219834648669 ], [ 6.22678431961915, 43.841040045445915 ], [ 6.226287522167071, 43.841054086175753 ], [ 6.226268125013495, 43.840694507572856 ], [ 6.225771330175884, 43.840708545971495 ], [ 6.22574223958128, 43.840169177748976 ], [ 6.225493844258203, 43.840176196008393 ], [ 6.225455061031686, 43.839457038099788 ], [ 6.225206668592763, 43.83946405564506 ], [ 6.225167889778763, 43.838744897443078 ], [ 6.224919500223902, 43.838751914274283 ], [ 6.224909806488624, 43.838572124661532 ], [ 6.225406584021502, 43.8385580905477 ], [ 6.22538719384677, 43.838198511475156 ], [ 6.225635580991433, 43.838191493697352 ], [ 6.22562588529547, 43.838011704193782 ], [ 6.22612265782816, 43.837997667108851 ], [ 6.226112960735223, 43.837817877685474 ], [ 6.226609731421341, 43.837803838532295 ], [ 6.226580636221491, 43.837264470480527 ], [ 6.225587103410699, 43.837292546105544 ], [ 6.225577408164272, 43.837112756565027 ], [ 6.225080642706253, 43.837126791056292 ], [ 6.225070949036549, 43.83694700142081 ], [ 6.224822566916115, 43.836954017814264 ], [ 6.224812874079703, 43.836774228127616 ], [ 6.225061255456732, 43.836767211777953 ], [ 6.225051561966807, 43.836587422127693 ], [ 6.224554800609661, 43.836601454200547 ], [ 6.224545108696403, 43.836421664455351 ], [ 6.224296728626411, 43.83642867963961 ], [ 6.224287037546413, 43.836248889843269 ], [ 6.224535416873019, 43.836241874702772 ], [ 6.224525725139507, 43.83606208494281 ], [ 6.224774103632863, 43.836055069307164 ], [ 6.224764411245848, 43.835875279583561 ], [ 6.225012788905959, 43.835868263452767 ], [ 6.225003095865457, 43.835688473765551 ], [ 6.225748226076377, 43.835667422270973 ], [ 6.225738530895692, 43.835487632707704 ], [ 6.225986906709516, 43.835480614508803 ], [ 6.225996602633553, 43.835660404028253 ], [ 6.226493355478172, 43.835646365926152 ], [ 6.226512750569419, 43.836005944767741 ], [ 6.226761128343568, 43.8359989248207 ], [ 6.22677082676745, 43.836178714186616 ], [ 6.227019205195034, 43.836171693656844 ], [ 6.227038603799361, 43.836531272278918 ], [ 6.227286983623763, 43.83652425112264 ], [ 6.227306384074641, 43.836883829627531 ], [ 6.227554765295876, 43.836876807844668 ], [ 6.227564466399643, 43.837056597042256 ], [ 6.227812848274323, 43.837049574676648 ], [ 6.227822550211456, 43.837229363822985 ], [ 6.228567697525889, 43.837208293361172 ], [ 6.228596810567865, 43.837747660361487 ], [ 6.228348425989442, 43.837754684519147 ], [ 6.22836783364717, 43.838114262570024 ], [ 6.229361377368359, 43.838086162354962 ], [ 6.22937108430598, 43.838265951194032 ], [ 6.229619470754703, 43.838258924748978 ], [ 6.229609763073642, 43.838079135953805 ], [ 6.230106534214143, 43.838065081534616 ], [ 6.230116243382082, 43.838244870242129 ], [ 6.229867857113407, 43.838251897765041 ], [ 6.229877565627936, 43.838431686509018 ], [ 6.229629178525784, 43.838438713536824 ], [ 6.22965830237916, 43.838978079855856 ], [ 6.22916152344402, 43.838992132557593 ], [ 6.229180936822472, 43.839351710242006 ], [ 6.228435763283805, 43.839372785515252 ], [ 6.228455172561331, 43.839732363433043 ], [ 6.228951957984433, 43.839718313614554 ], [ 6.2289616642452, 43.839898102474713 ], [ 6.229210057565248, 43.839891076713165 ], [ 6.229229471843845, 43.840250654323619 ], [ 6.228732682139675, 43.840264705483079 ], [ 6.22877150582879, 43.840983860965942 ], [ 6.228274709816293, 43.840997910320027 ], [ 6.228294119226658, 43.841357488192379 ], [ 6.228045719598293, 43.841364512148537 ], [ 6.228055423694896, 43.841544301117459 ], [ 6.227807023232966, 43.841551324578404 ], [ 6.227816726675983, 43.841731113583776 ], [ 6.227568325380491, 43.841738136549523 ], [ 6.227587731049297, 43.842097714625659 ], [ 6.227339328176646, 43.842104737140012 ], [ 6.227358732718162, 43.842464315274178 ], [ 6.227110328268323, 43.842471337337138 ], [ 6.227139433524541, 43.843010704614422 ], [ 6.226891026753861, 43.843017726269714 ], [ 6.226910429220577, 43.843377304505225 ], [ 6.226662020872648, 43.843384325709096 ], [ 6.226671721497302, 43.843564114859568 ], [ 6.226423312315759, 43.843571135568176 ], [ 6.226433012286712, 43.843750924755042 ], [ 6.225936192166449, 43.843764964642652 ], [ 6.225945890740019, 43.843944753909739 ], [ 6.225449068772648, 43.843958791728674 ], [ 6.225458765948805, 43.844138581075917 ], [ 6.224961942134365, 43.844152616826143 ], [ 6.224971637913077, 43.844332406253571 ], [ 6.224723225127291, 43.844339423363849 ] ], [ [ 6.226838718252812, 43.837437239541103 ], [ 6.22733548542559, 43.837423197329407 ], [ 6.227325784885321, 43.837243408102836 ], [ 6.226829019199376, 43.837257450226907 ], [ 6.226838718252812, 43.837437239541103 ] ], [ [ 6.227325784885321, 43.837243408102836 ], [ 6.227574167593367, 43.837236386232377 ], [ 6.227564466399643, 43.837056597042256 ], [ 6.227316084435006, 43.837063618868861 ], [ 6.227325784885321, 43.837243408102836 ] ], [ [ 6.225806399048471, 43.836746159495313 ], [ 6.226054780065907, 43.836739140989899 ], [ 6.226035387228805, 43.836379562032249 ], [ 6.226283766669548, 43.836372543075456 ], [ 6.226264372705348, 43.836012964175865 ], [ 6.225519238573646, 43.836034019166661 ], [ 6.225548322964404, 43.836573387899094 ], [ 6.225796703328355, 43.836566369976403 ], [ 6.225806399048471, 43.836746159495313 ] ] ] } },
{ "type": "Feature", "properties": { "surface_ha": 1.96 }, "geometry": { "type": "Polygon", "coordinates": [ [ [ 6.253078883911015, 43.835071969608236 ], [ 6.253069106876866, 43.834892184888965 ], [ 6.252572373352941, 43.834906338312869 ], [ 6.252562597895936, 43.834726553497873 ], [ 6.252314231741249, 43.834733629357409 ], [ 6.252304457118129, 43.834553844490841 ], [ 6.251559360339999, 43.834575068703856 ], [ 6.251539815825043, 43.834215498683662 ], [ 6.251788180021914, 43.834208424573113 ], [ 6.251778407157134, 43.834028639596021 ], [ 6.252523496974347, 43.834007414163722 ], [ 6.252513721970549, 43.833827629311649 ], [ 6.252762084318473, 43.833820553133982 ], [ 6.252752308662108, 43.833640768318624 ], [ 6.253000670176187, 43.833633691646291 ], [ 6.252990893867271, 43.833453906867682 ], [ 6.253239254547504, 43.833446829700669 ], [ 6.253229477586049, 43.833267044958774 ], [ 6.253477837432439, 43.833259967297096 ], [ 6.253516948794982, 43.833979106043508 ], [ 6.253765311523493, 43.833972027666363 ], [ 6.253823985746701, 43.835050735298452 ], [ 6.253575618558809, 43.83505781394058 ], [ 6.253565840038164, 43.834878029309607 ], [ 6.253317473502846, 43.834885107368741 ], [ 6.253327251280245, 43.835064892043825 ], [ 6.253078883911015, 43.835071969608236 ] ] ] } },
{ "type": "Feature", "properties": { "surface_ha": 30.86 }, "geometry": { "type": "Polygon", "coordinates": [ [ [ 6.201476065334321, 43.842292754533737 ], [ 6.201466440805605, 43.842112960895285 ], [ 6.20121803149805, 43.842119926634268 ], [ 6.201208407802262, 43.841940132945027 ], [ 6.201705224840775, 43.841926201014836 ], [ 6.201695599746906, 43.841746407405147 ], [ 6.202192414941052, 43.841732473405628 ], [ 6.202182788449129, 43.841552679875463 ], [ 6.202679601798875, 43.841538743806616 ], [ 6.202669973908932, 43.841358950356074 ], [ 6.203912002002449, 43.841324100967796 ], [ 6.203902370483608, 43.841144307727291 ], [ 6.204150775090748, 43.841137336275956 ], [ 6.204141142917599, 43.840957543071582 ], [ 6.204389546691787, 43.840950571124694 ], [ 6.204379913864345, 43.84077077795645 ], [ 6.203883107713883, 43.840784721224196 ], [ 6.203873476462992, 43.840604927961579 ], [ 6.203625073997399, 43.840611898743369 ], [ 6.203615443579433, 43.840432105429912 ], [ 6.203863845301422, 43.840425134691593 ], [ 6.203854214229164, 43.840245341414239 ], [ 6.203357412183083, 43.840259282264874 ], [ 6.203347782687325, 43.840079488893167 ], [ 6.201360576880347, 43.840135230386281 ], [ 6.201379824063524, 43.840494817817827 ], [ 6.201876629025292, 43.840480885504945 ], [ 6.201886254237978, 43.840660679122742 ], [ 6.203128268798291, 43.84062583868986 ], [ 6.203137897818333, 43.840805632082926 ], [ 6.20264109077481, 43.840819569960182 ], [ 6.2026507183969, 43.840999363432836 ], [ 6.202402313997585, 43.841006331606366 ], [ 6.202411940965328, 43.841186125115129 ], [ 6.201915130411611, 43.841200059931957 ], [ 6.201905504931137, 43.841020266336251 ], [ 6.201408695507638, 43.841034198909938 ], [ 6.201418319500838, 43.841213992592557 ], [ 6.201169913911574, 43.841220958114292 ], [ 6.20116029066201, 43.84104116438818 ], [ 6.200911885727143, 43.841048129327397 ], [ 6.200902263310454, 43.840868335550475 ], [ 6.200157050201367, 43.840889227003366 ], [ 6.200118570350342, 43.840170051300724 ], [ 6.199870168776683, 43.840177013866473 ], [ 6.199850930873626, 43.839817425884107 ], [ 6.200099330960087, 43.839810463405215 ], [ 6.200089711398771, 43.839630669446414 ], [ 6.199841312055898, 43.839637631881864 ], [ 6.199831693327369, 43.839457837872253 ], [ 6.199583294638879, 43.839464799725214 ], [ 6.199564058936562, 43.839105211597079 ], [ 6.199315661646021, 43.839112172824159 ], [ 6.199296427787579, 43.838752584579666 ], [ 6.199544823591002, 43.838745623439458 ], [ 6.199525588602194, 43.838386035252384 ], [ 6.199773982829337, 43.838379073660008 ], [ 6.199764364725181, 43.838199279598868 ], [ 6.199267577668772, 43.838213202157732 ], [ 6.19925796114086, 43.83803340800236 ], [ 6.199506353970127, 43.838026447035844 ], [ 6.199496736787873, 43.837846652916568 ], [ 6.199248344702124, 43.837853613839613 ], [ 6.199238728352565, 43.83767381966954 ], [ 6.198493553790842, 43.837694699074511 ], [ 6.19852239641534, 43.838234081953509 ], [ 6.198274002485875, 43.838241040807389 ], [ 6.198264388932083, 43.838061246478333 ], [ 6.197270815296916, 43.83808907633022 ], [ 6.197261204806384, 43.837909281820174 ], [ 6.19452887813731, 43.837985768967478 ], [ 6.194519275914705, 43.837805973972841 ], [ 6.194270882790275, 43.837812924072452 ], [ 6.194251680099248, 43.837453333974445 ], [ 6.194996854744257, 43.837432482318746 ], [ 6.19498725130176, 43.837252687388784 ], [ 6.195235641928482, 43.83724573580227 ], [ 6.195216433823652, 43.836886146007025 ], [ 6.195464822874318, 43.836879193968265 ], [ 6.195455218212005, 43.836699399102983 ], [ 6.194958441508594, 43.836713302554763 ], [ 6.194948838422313, 43.836533507595362 ], [ 6.194700450680511, 43.836540458469429 ], [ 6.194690848426757, 43.836360663459317 ], [ 6.194442461339388, 43.836367613751015 ], [ 6.194413657342775, 43.835828228546447 ], [ 6.194165272396766, 43.83583517816907 ], [ 6.19413647143179, 43.8352957927682 ], [ 6.193888088627089, 43.835302741721797 ], [ 6.193878489226911, 43.83512294653012 ], [ 6.194126871288179, 43.835115997619859 ], [ 6.194107671268027, 43.834756407301107 ], [ 6.193859290693602, 43.834763356124654 ], [ 6.193849691560469, 43.834583560910879 ], [ 6.193601311640444, 43.834590509152129 ], [ 6.193572517005312, 43.834051123336614 ], [ 6.193820894695144, 43.834044175225451 ], [ 6.193840092516349, 43.834403765689757 ], [ 6.19408847160396, 43.834396816952918 ], [ 6.194098071391483, 43.834576612130689 ], [ 6.194346451133476, 43.834569662811568 ], [ 6.194356051753432, 43.834749457938614 ], [ 6.194604432149807, 43.834742508037152 ], [ 6.194623635143641, 43.835102098182468 ], [ 6.194872016937818, 43.835095147655345 ], [ 6.194881619311719, 43.835274942673614 ], [ 6.195378384119796, 43.835261039915764 ], [ 6.195407196236411, 43.835800424666168 ], [ 6.196152349471519, 43.835779566096782 ], [ 6.196161955918869, 43.835959360868749 ], [ 6.196410340895867, 43.835952406890947 ], [ 6.196419948175754, 43.836132201612138 ], [ 6.19691671934939, 43.836118291952907 ], [ 6.196926328205294, 43.836298086579966 ], [ 6.19717471440192, 43.836291130898502 ], [ 6.197184324090399, 43.836470925474806 ], [ 6.196935937150307, 43.836477881199663 ], [ 6.196955155307647, 43.836837470416974 ], [ 6.197203543734696, 43.836830514605296 ], [ 6.19719393386799, 43.836650720043728 ], [ 6.197690708967778, 43.836636806890262 ], [ 6.197700320321442, 43.836816601365022 ], [ 6.197948708481127, 43.836809643936412 ], [ 6.197958320667408, 43.836989438360398 ], [ 6.198455098206329, 43.836975521799417 ], [ 6.19846471196873, 43.837155316129206 ], [ 6.198961490638027, 43.83714139732546 ], [ 6.198971105976574, 43.837321191561053 ], [ 6.199716275542245, 43.837300309182709 ], [ 6.199725893200452, 43.837480103280647 ], [ 6.199974283620811, 43.837473141366445 ], [ 6.199983902111714, 43.837652935413608 ], [ 6.200480684171848, 43.837639009881372 ], [ 6.200490304238967, 43.837818803834267 ], [ 6.20098708742928, 43.837804876059174 ], [ 6.200996709072641, 43.837984669917788 ], [ 6.201990277356573, 43.837956807725782 ], [ 6.201999902063235, 43.838136601403235 ], [ 6.20398704029465, 43.838080850799493 ], [ 6.203977409639879, 43.837901057469871 ], [ 6.204474191817768, 43.837887114515951 ], [ 6.204464559765305, 43.837707321265974 ], [ 6.20471294997677, 43.837700349023997 ], [ 6.20470331727013, 43.837520555810144 ], [ 6.205200095938091, 43.837506609796286 ], [ 6.205190461833808, 43.837326816662049 ], [ 6.205438850290299, 43.837319842890167 ], [ 6.205429215531878, 43.83714004979209 ], [ 6.205677603155547, 43.837133075524726 ], [ 6.205658332419808, 43.836773489393458 ], [ 6.205906718467198, 43.836766514674139 ], [ 6.205887446601957, 43.836406928600439 ], [ 6.206135831073091, 43.836399953429208 ], [ 6.20614546770448, 43.836579746426239 ], [ 6.207387392436813, 43.836544862268006 ], [ 6.207377752088205, 43.836365069488629 ], [ 6.207129368063947, 43.836372047354665 ], [ 6.207119728548173, 43.83619225452437 ], [ 6.207368111828998, 43.836185276701855 ], [ 6.207358471659182, 43.836005483907755 ], [ 6.207855236465788, 43.835991526732975 ], [ 6.207845594898529, 43.835811734018513 ], [ 6.208093976424307, 43.835804754666256 ], [ 6.208084334203044, 43.835624961988039 ], [ 6.208332714895999, 43.835617982140363 ], [ 6.208342357860674, 43.835797774775031 ], [ 6.208839120465138, 43.835783813375755 ], [ 6.208848765006062, 43.835963605915978 ], [ 6.209097146917559, 43.835956624364357 ], [ 6.209106792291338, 43.836136416853648 ], [ 6.209603557332841, 43.836122452046439 ], [ 6.209613204282913, 43.836302244441228 ], [ 6.209861587412908, 43.836295261185612 ], [ 6.20987123519587, 43.836475053529469 ], [ 6.208877699165445, 43.836502983492394 ], [ 6.208887344064113, 43.836682776003109 ], [ 6.208142188871845, 43.836703717946897 ], [ 6.208151831629602, 43.836883510580918 ], [ 6.208648603334111, 43.83686954973691 ], [ 6.208658247668205, 43.837049342276458 ], [ 6.207416314019011, 43.837084240561907 ], [ 6.207425954725208, 43.837264033311818 ], [ 6.207177566983675, 43.837271011395536 ], [ 6.207187207035798, 43.8374508041816 ], [ 6.206690429797603, 43.837464758819152 ], [ 6.206709707196083, 43.837824344543293 ], [ 6.20695809734685, 43.837817367406963 ], [ 6.206948457859427, 43.837637574592094 ], [ 6.207196847177315, 43.837630596960288 ], [ 6.207235408637353, 43.838349768001351 ], [ 6.207732192952923, 43.838335810772492 ], [ 6.20774183502846, 43.838515603427247 ], [ 6.207493442171862, 43.838522582354713 ], [ 6.207512725104132, 43.83888216772921 ], [ 6.207761119447781, 43.838875188714631 ], [ 6.207780404224767, 43.839234773972549 ], [ 6.207532008394039, 43.839241753074191 ], [ 6.207551292041592, 43.839601338389713 ], [ 6.207799689359428, 43.839594359201008 ], [ 6.207838260701796, 43.840313529569386 ], [ 6.207341460028115, 43.840327487756163 ], [ 6.207360743261462, 43.840687073070299 ], [ 6.206863939255748, 43.840701029275074 ], [ 6.206854299081568, 43.84052123653462 ], [ 6.206605897688211, 43.840528213784914 ], [ 6.206615537118786, 43.840708006568903 ], [ 6.205870330171589, 43.840728935216127 ], [ 6.205879967460723, 43.840908728123338 ], [ 6.205631564222624, 43.840915703304532 ], [ 6.205650837581767, 43.841275289183827 ], [ 6.205899242307111, 43.841268313915627 ], [ 6.205908879864366, 43.841448106800698 ], [ 6.205163663189335, 43.841469031118727 ], [ 6.205154027862984, 43.841289238103087 ], [ 6.204408812614669, 43.841310157439068 ], [ 6.204418445710107, 43.841489950585228 ], [ 6.20417003970502, 43.8414969226626 ], [ 6.204179672146149, 43.841676715844876 ], [ 6.205173298605041, 43.841648824127006 ], [ 6.205182934110103, 43.841828617127867 ], [ 6.205431341245101, 43.841821642807233 ], [ 6.205440977583177, 43.84200143575724 ], [ 6.205192569704522, 43.842008410121387 ], [ 6.205202205388296, 43.842188203107533 ], [ 6.20470538787559, 43.842202150305667 ], [ 6.204695753679143, 43.842022357232494 ], [ 6.204447345532435, 43.842029329979439 ], [ 6.204456978985217, 43.842209123096104 ], [ 6.203960160936462, 43.842223067059813 ], [ 6.203950528971015, 43.842043273856156 ], [ 6.203702120556313, 43.842050244985877 ], [ 6.203692489423852, 43.841870451731353 ], [ 6.203444081663501, 43.841877422278543 ], [ 6.203453712052299, 43.842057215576546 ], [ 6.201963259152945, 43.842099027800018 ], [ 6.201972885169012, 43.842278821351549 ], [ 6.201476065334321, 43.842292754533737 ] ], [ [ 6.205383160895162, 43.840922677946637 ], [ 6.205631564222624, 43.840915703304532 ], [ 6.205621927677103, 43.840735910353828 ], [ 6.205373525093251, 43.840742884952427 ], [ 6.205383160895162, 43.840922677946637 ] ], [ [ 6.205593018576718, 43.840196531457444 ], [ 6.205841418840406, 43.840189556450341 ], [ 6.20583178190875, 43.840009763513699 ], [ 6.206576979932826, 43.839988835388716 ], [ 6.206567340859808, 43.839809042575268 ], [ 6.206815739278824, 43.8398020654991 ], [ 6.206806099551626, 43.839622272721783 ], [ 6.207054497137683, 43.839615295150104 ], [ 6.207044856756317, 43.839435502408961 ], [ 6.206051268850008, 43.839463409287397 ], [ 6.206060906257127, 43.839643202202645 ], [ 6.20581250831354, 43.839650177618246 ], [ 6.205822145066461, 43.839829970569653 ], [ 6.205325347424055, 43.839843919870773 ], [ 6.205334982779185, 43.840023712901839 ], [ 6.205583382388648, 43.84001673847726 ], [ 6.205593018576718, 43.840196531457444 ] ], [ [ 6.203347782687325, 43.840079488893167 ], [ 6.203596183011425, 43.840072518780872 ], [ 6.20358655286138, 43.83989272544531 ], [ 6.203834952352587, 43.839885754837468 ], [ 6.203825321548265, 43.839705961538023 ], [ 6.203576922800638, 43.83971293210238 ], [ 6.2035672928292, 43.839533138752074 ], [ 6.203070496553187, 43.839547078176714 ], [ 6.203060868158188, 43.839367284732113 ], [ 6.202812470629813, 43.839374253592403 ], [ 6.20283172602196, 43.83973384056128 ], [ 6.203080125037475, 43.839726871613983 ], [ 6.203089753611055, 43.83990666504392 ], [ 6.203338153280866, 43.839899695514134 ], [ 6.203347782687325, 43.840079488893167 ] ], [ [ 6.204341383447864, 43.840051605209759 ], [ 6.204838183292204, 43.840037660133873 ], [ 6.204818915645605, 43.839678073890326 ], [ 6.205067313946614, 43.839671100630824 ], [ 6.205048045170241, 43.839311514444844 ], [ 6.205296441894774, 43.83930454073333 ], [ 6.205277171988673, 43.838944954604891 ], [ 6.204780381424459, 43.838958901314818 ], [ 6.204770748092508, 43.838779108152522 ], [ 6.204273958658042, 43.838793052619422 ], [ 6.204283590502909, 43.838972845868732 ], [ 6.204035194908149, 43.838979817337155 ], [ 6.204064088748002, 43.839519197171292 ], [ 6.204312486573431, 43.839512225572378 ], [ 6.204341383447864, 43.840051605209759 ] ], [ [ 6.207073778168615, 43.839974880610299 ], [ 6.207322177152408, 43.839967902412518 ], [ 6.20731253584867, 43.839788109729653 ], [ 6.207560933999484, 43.839781131036425 ], [ 6.207551292041592, 43.839601338389713 ], [ 6.207054497137683, 43.839615295150104 ], [ 6.207073778168615, 43.839974880610299 ] ], [ [ 6.201589729605257, 43.839768677212184 ], [ 6.201838129067123, 43.839761710960062 ], [ 6.201828504300722, 43.839581917305409 ], [ 6.201580105582438, 43.839588883514097 ], [ 6.201589729605257, 43.839768677212184 ] ], [ [ 6.20530607698185, 43.839484333786537 ], [ 6.205554474360595, 43.839477359492513 ], [ 6.205544838529961, 43.83929756648282 ], [ 6.205296441894774, 43.83930454073333 ], [ 6.20530607698185, 43.839484333786537 ] ], [ [ 6.20231567530523, 43.83938818969596 ], [ 6.202564073012158, 43.83938122191369 ], [ 6.202554446193572, 43.839201428374736 ], [ 6.202306049230206, 43.839208396113548 ], [ 6.20231567530523, 43.83938818969596 ] ], [ [ 6.200815665575663, 43.839250191226867 ], [ 6.201312460484151, 43.839236261678515 ], [ 6.201302837472632, 43.839056467914837 ], [ 6.20080604405127, 43.839070397376318 ], [ 6.200815665575663, 43.839250191226867 ] ], [ [ 6.205535202788681, 43.839117773465802 ], [ 6.206280389927425, 43.839096847610733 ], [ 6.206261114251696, 43.838737261815652 ], [ 6.206012720115227, 43.838744237552646 ], [ 6.206022357164869, 43.838924030497409 ], [ 6.205525567136762, 43.838937980441415 ], [ 6.205535202788681, 43.839117773465802 ] ], [ [ 6.200796422616099, 43.838890603518379 ], [ 6.20104481862784, 43.838883639100622 ], [ 6.201035196538343, 43.8387038452788 ], [ 6.201283591717306, 43.838696880365461 ], [ 6.201273968973497, 43.838517086579714 ], [ 6.200528785399559, 43.838537979572322 ], [ 6.20051916497559, 43.838358185648822 ], [ 6.200270771016045, 43.838365148858244 ], [ 6.200280390696475, 43.838544942825159 ], [ 6.200031995904182, 43.838551905538957 ], [ 6.200041614930274, 43.838731699541952 ], [ 6.200786801270153, 43.838710809653094 ], [ 6.200796422616099, 43.838890603518379 ] ], [ [ 6.207006296124831, 43.838716331370669 ], [ 6.207254689903763, 43.838709353477661 ], [ 6.207245049225856, 43.838529560743197 ], [ 6.206996656190449, 43.838536538592656 ], [ 6.207006296124831, 43.838716331370669 ] ], [ [ 6.206232201408408, 43.838197883067799 ], [ 6.206480593224942, 43.838190906922357 ], [ 6.206470955045749, 43.838011114035218 ], [ 6.206222563972722, 43.838018090137112 ], [ 6.206232201408408, 43.838197883067799 ] ], [ [ 6.208380930613578, 43.836516945240106 ], [ 6.208629314934229, 43.836509964635745 ], [ 6.208619670868432, 43.836330172074071 ], [ 6.208868054356213, 43.836323190974291 ], [ 6.208848765006062, 43.835963605915978 ], [ 6.208103618734985, 43.835984547337148 ], [ 6.208122903624583, 43.83634413265677 ], [ 6.208371287291218, 43.836337152634904 ], [ 6.208380930613578, 43.836516945240106 ] ], [ [ 6.194652440302166, 43.835641483345256 ], [ 6.194900824326652, 43.835634532688047 ], [ 6.194881619311719, 43.835274942673614 ], [ 6.194633236774111, 43.835281893244108 ], [ 6.194652440302166, 43.835641483345256 ] ] ] } },
{ "type": "Feature", "properties": { "surface_ha": 6.12 }, "geometry": { "type": "Polygon", "coordinates": [ [ [ 6.223293519341407, 43.836276945015932 ], [ 6.22327414339803, 43.835917365050982 ], [ 6.223522521597294, 43.835910352153704 ], [ 6.223512833016989, 43.835730562203928 ], [ 6.223761210383042, 43.835723548811508 ], [ 6.223741832005238, 43.835363968977283 ], [ 6.2234934561259, 43.835370982282193 ], [ 6.223503144526525, 43.835550772246762 ], [ 6.223006391011627, 43.835564797327351 ], [ 6.222996704097716, 43.835385007275278 ], [ 6.223245080156725, 43.835377995048191 ], [ 6.223225705111682, 43.835018415009372 ], [ 6.222977330539369, 43.835025427148992 ], [ 6.222957957340313, 43.83466584699314 ], [ 6.222709584164842, 43.834672858506309 ], [ 6.222670841817827, 43.833953697931015 ], [ 6.221925730672342, 43.833974728712327 ], [ 6.221964464099575, 43.834693889812506 ], [ 6.221716090564888, 43.834700899170073 ], [ 6.221725773402841, 43.834880689470374 ], [ 6.221477399035035, 43.834887698332793 ], [ 6.221487081219435, 43.835067488669445 ], [ 6.220741955347318, 43.835088512154343 ], [ 6.220732275392949, 43.834908721686531 ], [ 6.220980650030082, 43.834901714440868 ], [ 6.220970969422138, 43.834721924009393 ], [ 6.221219343226163, 43.834714916268524 ], [ 6.221190299710947, 43.834175545060937 ], [ 6.221438671195231, 43.83416853691233 ], [ 6.221419307813996, 43.83380895615781 ], [ 6.221916047540012, 43.833794938418826 ], [ 6.221906364497471, 43.833615148117914 ], [ 6.222651471183188, 43.833594117599034 ], [ 6.222641786000579, 43.833414327421963 ], [ 6.223138521855462, 43.833400304469095 ], [ 6.223157895283628, 43.833759884640862 ], [ 6.223406264562911, 43.833752872268619 ], [ 6.223415952155021, 43.833932662299688 ], [ 6.223664322087766, 43.833925649344813 ], [ 6.223644945506796, 43.833566069362796 ], [ 6.224390050306249, 43.833545027527386 ], [ 6.224370669624979, 43.833185447778405 ], [ 6.225115769156099, 43.833164401355688 ], [ 6.225106076720464, 43.832984611601447 ], [ 6.225602807805332, 43.832970578046165 ], [ 6.225593113973068, 43.832790788372051 ], [ 6.225841478637424, 43.832783770829906 ], [ 6.225822089756075, 43.832424191547098 ], [ 6.226070452844061, 43.832417173553644 ], [ 6.226109233939314, 43.833136331914581 ], [ 6.225860867878346, 43.833143350083155 ], [ 6.22587056263365, 43.833323139698713 ], [ 6.22611892943788, 43.833316121486348 ], [ 6.226128625026351, 43.833495911050704 ], [ 6.225880257478852, 43.833502929306867 ], [ 6.225899647438945, 43.833862508500985 ], [ 6.225402909101138, 43.833876543571812 ], [ 6.22542229644765, 43.834236122911513 ], [ 6.224677183807027, 43.834257171738756 ], [ 6.224686875385194, 43.834436961528851 ], [ 6.224935247098585, 43.834429945748219 ], [ 6.224954632011158, 43.834789525218682 ], [ 6.224706258811128, 43.834796541086867 ], [ 6.224715950658898, 43.834976330854779 ], [ 6.224467576625667, 43.834983346227794 ], [ 6.224477267819975, 43.835163136032129 ], [ 6.224725642596543, 43.835156120615309 ], [ 6.224735334624057, 43.835335910368443 ], [ 6.224486959104146, 43.835342925829011 ], [ 6.224525725139507, 43.83606208494281 ], [ 6.224028967883187, 43.836076114597319 ], [ 6.22401927772629, 43.835896324742421 ], [ 6.223770899706715, 43.835903338717536 ], [ 6.223790278623612, 43.83626291850743 ], [ 6.223293519341407, 43.836276945015932 ] ], [ [ 6.222957957340313, 43.83466584699314 ], [ 6.223206330425962, 43.834658834941024 ], [ 6.223196643217843, 43.834479044895772 ], [ 6.222948270875515, 43.834486056904133 ], [ 6.222957957340313, 43.83466584699314 ] ] ] } },
{ "type": "Feature", "properties": { "surface_ha": 11.47 }, "geometry": { "type": "Polygon", "coordinates": [ [ [ 6.228270798957782, 43.836316372019894 ], [ 6.228261095983723, 43.836136582924226 ], [ 6.227764339938124, 43.836150628834048 ], [ 6.227744937233373, 43.835791050445259 ], [ 6.22824169030553, 43.835777004710707 ], [ 6.228231987601392, 43.835597215592841 ], [ 6.228480363259165, 43.835590191961032 ], [ 6.228470659901654, 43.83541040287961 ], [ 6.227973909982824, 43.835424449516708 ], [ 6.227983611853648, 43.835604238685782 ], [ 6.227238484070655, 43.835625304731046 ], [ 6.227248183801386, 43.835805094024153 ], [ 6.226751430009617, 43.835819135447387 ], [ 6.226732033611508, 43.8354595566786 ], [ 6.226483658067431, 43.835466576494255 ], [ 6.226444869323685, 43.834747418692771 ], [ 6.22619649666302, 43.834754437794338 ], [ 6.226167408279283, 43.834215069234276 ], [ 6.22641577871002, 43.834208050264074 ], [ 6.226406082018633, 43.83402826077306 ], [ 6.226902821123764, 43.834014221303605 ], [ 6.226893123035715, 43.833834431892789 ], [ 6.226644754271396, 43.833841451853182 ], [ 6.226635057016553, 43.833661662391165 ], [ 6.226386688905595, 43.83366868176887 ], [ 6.226376992483945, 43.833488892255659 ], [ 6.226625359851628, 43.833481872921759 ], [ 6.226615662776624, 43.833302083444984 ], [ 6.22686402931112, 43.833295063615985 ], [ 6.226854331582773, 43.833115274175633 ], [ 6.227351062895476, 43.833101232988639 ], [ 6.227370461415141, 43.833460811686813 ], [ 6.227122094317232, 43.833467832637318 ], [ 6.227160889462713, 43.834186990120187 ], [ 6.226664149050844, 43.834201030754997 ], [ 6.226673846575451, 43.834380820194831 ], [ 6.227170588473919, 43.834366779472411 ], [ 6.227199686047165, 43.834906147484745 ], [ 6.226951312912956, 43.834913168246821 ], [ 6.226980409065658, 43.835452536324048 ], [ 6.227725534888462, 43.835431472026912 ], [ 6.227706132903372, 43.835071893578956 ], [ 6.227954506511067, 43.835064871156433 ], [ 6.22792540197814, 43.834525503560535 ], [ 6.227428659132703, 43.834539547603903 ], [ 6.227409259533748, 43.834179968994434 ], [ 6.227657629514842, 43.834172947329812 ], [ 6.227667330012643, 43.834352736594425 ], [ 6.227915700647082, 43.834345714347101 ], [ 6.227896298254839, 43.833986135898101 ], [ 6.228144667312735, 43.833979113199511 ], [ 6.228115562169208, 43.833439745601993 ], [ 6.227867195341135, 43.833446768169146 ], [ 6.227847793848433, 43.8330871896462 ], [ 6.227599428416926, 43.833094211586868 ], [ 6.227580028770515, 43.832734632946732 ], [ 6.227331664735557, 43.832741654260921 ], [ 6.227321965790499, 43.832561864885975 ], [ 6.227073602408844, 43.832568885617498 ], [ 6.22706390429695, 43.832389096191328 ], [ 6.226815541568599, 43.832396116340185 ], [ 6.226825238937263, 43.832575905810138 ], [ 6.226328511724344, 43.832589944578899 ], [ 6.226309120049855, 43.832230365456432 ], [ 6.226805844289856, 43.83221632686287 ], [ 6.226776752993131, 43.831676958386517 ], [ 6.227025112748626, 43.831669938412837 ], [ 6.227015415086353, 43.83149014894974 ], [ 6.227263774008729, 43.831483128481032 ], [ 6.227273472414199, 43.831662917900339 ], [ 6.227521831989844, 43.831655896849 ], [ 6.22754123055698, 43.832015475577805 ], [ 6.227789591529096, 43.832008453900002 ], [ 6.227808991942419, 43.832368032511638 ], [ 6.22830571658968, 43.832353987364272 ], [ 6.228325120335707, 43.832713565771058 ], [ 6.229318574496464, 43.832685468659513 ], [ 6.229347689709157, 43.833224835688412 ], [ 6.229596055254113, 43.833217809931874 ], [ 6.22960576124825, 43.833397598882875 ], [ 6.229854127446463, 43.833390572543657 ], [ 6.229863834273862, 43.833570361443414 ], [ 6.230112201125327, 43.833563334521486 ], [ 6.230121908786002, 43.833743123370034 ], [ 6.230370276290718, 43.83373609586539 ], [ 6.230389693368669, 43.834095673452595 ], [ 6.231383168433425, 43.834067557694475 ], [ 6.231392880080574, 43.834247346301559 ], [ 6.231641249364932, 43.83424031597098 ], [ 6.231709238619699, 43.835498835706559 ], [ 6.231460864132177, 43.835505866344178 ], [ 6.231470576499784, 43.835685654892124 ], [ 6.230973825767888, 43.835699714638366 ], [ 6.230993247799894, 43.836059291887508 ], [ 6.230248116566607, 43.836080377728159 ], [ 6.230238407735643, 43.835900588975761 ], [ 6.229741654616674, 43.835914643420601 ], [ 6.229731947362438, 43.83573485457309 ], [ 6.229483571411281, 43.835741880943296 ], [ 6.229493277922163, 43.83592166983464 ], [ 6.229244901137649, 43.835928695709782 ], [ 6.22925460699518, 43.836108484637549 ], [ 6.2290062293773, 43.836115510017592 ], [ 6.229015934581465, 43.836295298981803 ], [ 6.228270798957782, 43.836316372019894 ] ], [ [ 6.228957704706374, 43.835216565085688 ], [ 6.229206078607518, 43.835209539924783 ], [ 6.229196373199981, 43.835029750960061 ], [ 6.228948000042164, 43.835036776077125 ], [ 6.228957704706374, 43.835216565085688 ] ] ] } },
{ "type": "Feature", "properties": { "surface_ha": 16.35 }, "geometry": { "type": "Polygon", "coordinates": [ [ [ 6.216332159981803, 43.840974865892157 ], [ 6.216312822672861, 43.840615283761473 ], [ 6.216064423194315, 43.840622281582135 ], [ 6.21603542013405, 43.84008290819979 ], [ 6.216283817381903, 43.840075910510095 ], [ 6.216264480969553, 43.839716328305634 ], [ 6.216016085208794, 43.839723325907975 ], [ 6.216006417880639, 43.839543534751009 ], [ 6.215758022773771, 43.839550531770726 ], [ 6.215767689358383, 43.839730322971363 ], [ 6.215519293418335, 43.839737319495718 ], [ 6.215499961825814, 43.839377736999793 ], [ 6.215251567283202, 43.839384732897848 ], [ 6.215232237536261, 43.839025150285117 ], [ 6.214487057831839, 43.839046134483439 ], [ 6.214477395323348, 43.838866343035065 ], [ 6.214974180395548, 43.83885235419578 ], [ 6.214954852673355, 43.838492771451499 ], [ 6.215203243588028, 43.838485776310648 ], [ 6.215174250446388, 43.837946402269793 ], [ 6.215422639040983, 43.837939406720857 ], [ 6.215393644475515, 43.837400032744526 ], [ 6.215642030750098, 43.837393036787603 ], [ 6.215632365330738, 43.83721324549105 ], [ 6.215880750772241, 43.837206249038815 ], [ 6.215871084699071, 43.837026457778492 ], [ 6.216119469307495, 43.837019460830966 ], [ 6.216109802580525, 43.836839669606938 ], [ 6.216606570041587, 43.836825674182293 ], [ 6.216596901917403, 43.836645883038202 ], [ 6.216845284770031, 43.836638884561111 ], [ 6.216835615992083, 43.836459093453321 ], [ 6.217083998011638, 43.836452094480954 ], [ 6.217093667533003, 43.836631885545088 ], [ 6.217590432789939, 43.83661788589616 ], [ 6.217580761781745, 43.836438094919366 ], [ 6.217829143532281, 43.836431094330159 ], [ 6.217819471870362, 43.83625130338968 ], [ 6.217074328579939, 43.836272303409437 ], [ 6.217054989985535, 43.835912721244263 ], [ 6.216806610196188, 43.835919720085627 ], [ 6.2167872734472, 43.835560137803618 ], [ 6.21653889505497, 43.835567136018732 ], [ 6.216529227558335, 43.835387344822983 ], [ 6.216777605207188, 43.835380346651526 ], [ 6.216767937056828, 43.835200555492051 ], [ 6.217016313872662, 43.835193556825359 ], [ 6.217006645068593, 43.835013765702172 ], [ 6.217255021051408, 43.835006766540204 ], [ 6.217245351593644, 43.834826975453304 ], [ 6.217493726743442, 43.834819975796087 ], [ 6.217474386610216, 43.834460393687507 ], [ 6.217971133667433, 43.834446392931049 ], [ 6.217980805175886, 43.834626183901669 ], [ 6.218229179313311, 43.834619182671396 ], [ 6.218219507061525, 43.834439391744439 ], [ 6.218467880365925, 43.834432390018947 ], [ 6.218458207460499, 43.834252599128291 ], [ 6.218706579931876, 43.834245596907579 ], [ 6.218696906372823, 43.834065806053232 ], [ 6.218945278011179, 43.834058803337278 ], [ 6.218906581698758, 43.833339640020839 ], [ 6.219154950274207, 43.833332636940753 ], [ 6.21913560116966, 43.83297305532561 ], [ 6.21888723408077, 43.832980058318292 ], [ 6.218877560406331, 43.832800267455944 ], [ 6.219125926751946, 43.832793264506968 ], [ 6.219106578185649, 43.832433682847537 ], [ 6.218858213326549, 43.832440685709123 ], [ 6.218848539921207, 43.832260894824628 ], [ 6.218351811420423, 43.832274898843856 ], [ 6.218361483339264, 43.832454689815712 ], [ 6.218113118211092, 43.832461691060722 ], [ 6.218084104953354, 43.83192231799196 ], [ 6.219077556008982, 43.831894310302957 ], [ 6.21905820833972, 43.831534728569714 ], [ 6.21930656939294, 43.831527725387694 ], [ 6.219316243925942, 43.831707516214323 ], [ 6.219564605632676, 43.831700512449814 ], [ 6.219583956454264, 43.832060093993533 ], [ 6.219335593261071, 43.832067097845474 ], [ 6.2193452680632, 43.832246888649941 ], [ 6.219593631999634, 43.832239884754301 ], [ 6.219603307634722, 43.832419675507722 ], [ 6.22109349382847, 43.832377640555599 ], [ 6.221074133729128, 43.832018059565911 ], [ 6.221322496294158, 43.832011051941933 ], [ 6.221341857879975, 43.832370632844203 ], [ 6.221590221841711, 43.832363624593981 ], [ 6.221599903512517, 43.832543414990312 ], [ 6.22209663265315, 43.832529396785802 ], [ 6.222115999237104, 43.832888977381337 ], [ 6.221867633225169, 43.832895986840491 ], [ 6.221857950631553, 43.832716196502666 ], [ 6.221361219824858, 43.832730213716928 ], [ 6.221370900931953, 43.832910004142207 ], [ 6.221122534650687, 43.83291701198474 ], [ 6.221132215104284, 43.833096802446335 ], [ 6.220883847989986, 43.833103809793741 ], [ 6.220903207679914, 43.833463390782242 ], [ 6.220654838989299, 43.833470397678177 ], [ 6.220674197551677, 43.83382997872458 ], [ 6.220922567728882, 43.833822971741206 ], [ 6.220941928136891, 43.834182552670626 ], [ 6.220693556473074, 43.834189559741446 ], [ 6.220683876967496, 43.834009769236708 ], [ 6.219938763667471, 43.8340307870846 ], [ 6.219948440943108, 43.834210577720469 ], [ 6.219451696807774, 43.834224587011995 ], [ 6.219490400861029, 43.834943749831247 ], [ 6.219242025685439, 43.834950753843444 ], [ 6.219232350280886, 43.834770963106031 ], [ 6.21898397575892, 43.834777966535626 ], [ 6.218993650420131, 43.834957757316758 ], [ 6.218745275065111, 43.83496476025114 ], [ 6.218754949072681, 43.835144551068574 ], [ 6.218506572884599, 43.835151553507721 ], [ 6.218545266838467, 43.835870716878411 ], [ 6.218793646000034, 43.835863714264512 ], [ 6.218812995001969, 43.836223295818165 ], [ 6.218564614353619, 43.836230298519446 ], [ 6.21862265905204, 43.8373090432654 ], [ 6.21837427385346, 43.837316045689846 ], [ 6.218383947540404, 43.83749583649869 ], [ 6.218135561508677, 43.837502838427881 ], [ 6.218145234541872, 43.837682629273033 ], [ 6.217648460722416, 43.837696631601894 ], [ 6.217658132358395, 43.837876422527025 ], [ 6.218154907664769, 43.837862420110788 ], [ 6.218164580877366, 43.838042210941168 ], [ 6.218412969139473, 43.83803520888091 ], [ 6.218432317320725, 43.83839479043214 ], [ 6.218680706980074, 43.838387787745525 ], [ 6.21866135731187, 43.838028206281699 ], [ 6.218909745394553, 43.838021203143484 ], [ 6.218900069951559, 43.837841412444192 ], [ 6.219148457201056, 43.8378344088107 ], [ 6.219167809663697, 43.838193990114576 ], [ 6.218919420927269, 43.838200993835436 ], [ 6.218929096549704, 43.838380784519977 ], [ 6.219177486029611, 43.838373780755411 ], [ 6.219206515665749, 43.838913152633637 ], [ 6.218958123955371, 43.838920156529312 ], [ 6.218977476007781, 43.83927973783193 ], [ 6.218729082720659, 43.839286741275984 ], [ 6.21873875813794, 43.839466531959928 ], [ 6.217993575507701, 43.839487539189136 ], [ 6.218003248784122, 43.839667329996757 ], [ 6.217754853651097, 43.839674331372187 ], [ 6.217774198985969, 43.84003391305265 ], [ 6.218022595606076, 43.840026911589845 ], [ 6.218012922150246, 43.839847120796982 ], [ 6.218261317937102, 43.839840118838886 ], [ 6.218280666425557, 43.840199700329855 ], [ 6.21803226915161, 43.840206702375319 ], [ 6.218041942786852, 43.840386493153424 ], [ 6.218290340804357, 43.84037949106424 ], [ 6.218300015272871, 43.840559281791272 ], [ 6.217803217661024, 43.840573285517948 ], [ 6.217793544679638, 43.840393494703548 ], [ 6.217296748196118, 43.840407496186785 ], [ 6.217287076791551, 43.840227705277663 ], [ 6.217038679158817, 43.840234705167106 ], [ 6.217058020570509, 43.840594287065294 ], [ 6.216809621360967, 43.840601286503045 ], [ 6.21681929145776, 43.840781077484756 ], [ 6.216570891414967, 43.840788076427152 ], [ 6.21658056085785, 43.840967867445123 ], [ 6.216332159981803, 43.840974865892157 ] ], [ [ 6.217019338105841, 43.839875123239352 ], [ 6.217516130307423, 43.839861123096178 ], [ 6.217496786639015, 43.839501541313624 ], [ 6.217248392070136, 43.839508541567348 ], [ 6.217258063115963, 43.839688332506029 ], [ 6.217009667713869, 43.839695332264419 ], [ 6.217019338105841, 43.839875123239352 ] ], [ [ 6.215996750642134, 43.839363743586667 ], [ 6.216245144915825, 43.839356746071587 ], [ 6.216235477023444, 43.839176954943518 ], [ 6.217477443329361, 43.839141959501518 ], [ 6.217458100378459, 43.838782377659903 ], [ 6.216961317099137, 43.838796377278996 ], [ 6.216970987042736, 43.838976168290856 ], [ 6.215977416434062, 43.839004161235827 ], [ 6.215967749464495, 43.838824370049331 ], [ 6.215719357331706, 43.838831366894439 ], [ 6.21573868987346, 43.839190949347348 ], [ 6.215987083493276, 43.839183952414949 ], [ 6.215996750642134, 43.839363743586667 ] ], [ [ 6.217716164057706, 43.838955167922691 ], [ 6.217964556216653, 43.838948166721977 ], [ 6.217945210471122, 43.838588585040306 ], [ 6.217696819799173, 43.838595586153659 ], [ 6.217716164057706, 43.838955167922691 ] ], [ [ 6.216216141507638, 43.838817372665233 ], [ 6.216712925324966, 43.838803376280069 ], [ 6.216703256214538, 43.838623585217164 ], [ 6.216951647245209, 43.838616586259761 ], [ 6.216941977480953, 43.838436795233171 ], [ 6.216693587193773, 43.838443794146897 ], [ 6.216664580669451, 43.837904420891789 ], [ 6.216912968726194, 43.837897422109052 ], [ 6.216903299320607, 43.837717631052932 ], [ 6.217400073678157, 43.837703631957872 ], [ 6.217380732162168, 43.837344049998137 ], [ 6.217132346515136, 43.837351049727808 ], [ 6.217142016484842, 43.837530840755022 ], [ 6.216645243434867, 43.837544838684821 ], [ 6.21665491200733, 43.837724629791992 ], [ 6.216406524604394, 43.837731627992099 ], [ 6.216425860531356, 43.838091210271649 ], [ 6.216177471551827, 43.838098208020085 ], [ 6.216216141507638, 43.838817372665233 ] ], [ [ 6.217945210471122, 43.838588585040306 ], [ 6.218441991545919, 43.838574581196688 ], [ 6.218432317320725, 43.83839479043214 ], [ 6.217935537732903, 43.838408794188396 ], [ 6.217945210471122, 43.838588585040306 ] ], [ [ 6.216158137111807, 43.837738625653238 ], [ 6.216406524604394, 43.837731627992099 ], [ 6.216396856775392, 43.837551836841257 ], [ 6.216148470026264, 43.837558834458726 ], [ 6.216158137111807, 43.837738625653238 ] ], [ [ 6.217532408085944, 43.835539139924705 ], [ 6.217780786119519, 43.835532139553862 ], [ 6.217761443782186, 43.835172557591676 ], [ 6.217513067235348, 43.835179557875165 ], [ 6.217532408085944, 43.835539139924705 ] ], [ [ 6.219880701898045, 43.832952043114346 ], [ 6.220129068628058, 43.832945037966169 ], [ 6.220119391237278, 43.832765247322321 ], [ 6.219871025250532, 43.832772252426793 ], [ 6.219880701898045, 43.832952043114346 ] ] ] } },
{ "type": "Feature", "properties": { "surface_ha": 5.32 }, "geometry": { "type": "Polygon", "coordinates": [ [ [ 6.218616405099906, 43.827945911382159 ], [ 6.218606733936698, 43.8277661203131 ], [ 6.218358388310178, 43.827773121500044 ], [ 6.218348717979715, 43.827593330379933 ], [ 6.21785202794383, 43.827607331050139 ], [ 6.217794016760571, 43.826528583650379 ], [ 6.217545676066456, 43.826535582915263 ], [ 6.217536008592702, 43.826355791612478 ], [ 6.217287668551973, 43.826362790294972 ], [ 6.217278001910879, 43.826182998941135 ], [ 6.217029662523542, 43.826189997041197 ], [ 6.217019996715091, 43.826010205636315 ], [ 6.216026641241664, 43.826038192474471 ], [ 6.216036304078044, 43.826217984053962 ], [ 6.215787964242665, 43.826224979460243 ], [ 6.215778302149305, 43.826045187837124 ], [ 6.215529962967356, 43.826052182661023 ], [ 6.215510640535417, 43.82569259930532 ], [ 6.215262302749915, 43.825699593503202 ], [ 6.215300945000043, 43.826418760359644 ], [ 6.215797626425614, 43.826404771076042 ], [ 6.215807288698154, 43.826584562684403 ], [ 6.216055630019592, 43.826577567190839 ], [ 6.21606529312476, 43.826757358748189 ], [ 6.215568608906208, 43.826771349283902 ], [ 6.215558947287122, 43.826591557639254 ], [ 6.21481392251656, 43.826612539271153 ], [ 6.214794604005336, 43.826252955697917 ], [ 6.215042944199027, 43.826245962446627 ], [ 6.215033284334731, 43.826066170692592 ], [ 6.214784944884066, 43.826073163900254 ], [ 6.214775285852355, 43.825893372095152 ], [ 6.214526947055147, 43.825900364720411 ], [ 6.214517288856006, 43.825720572864356 ], [ 6.214268950712258, 43.825727564907254 ], [ 6.214249636068631, 43.825367981085719 ], [ 6.214497972726374, 43.825360989130068 ], [ 6.214507630746416, 43.825540781000903 ], [ 6.215252642411313, 43.825519801770632 ], [ 6.215242982162282, 43.825340010030686 ], [ 6.215491318461789, 43.825333015920087 ], [ 6.215481657559342, 43.825153224216415 ], [ 6.216474998889598, 43.825125242561178 ], [ 6.21649432672798, 43.825484825611987 ], [ 6.216742663322527, 43.825477828764043 ], [ 6.216732998615544, 43.825298037285982 ], [ 6.21698133437749, 43.825291039942961 ], [ 6.216990999827464, 43.825470831377366 ], [ 6.217239336242778, 43.825463833451941 ], [ 6.217220003946485, 43.825104250663053 ], [ 6.217468338786209, 43.825097252286206 ], [ 6.217478005632525, 43.825277043640654 ], [ 6.217726341125597, 43.825270044681439 ], [ 6.217736008804531, 43.825449835984841 ], [ 6.21798434495095, 43.825442836443194 ], [ 6.217994013462512, 43.825622627695573 ], [ 6.218242350262276, 43.825615627571509 ], [ 6.218261689040344, 43.825975209966757 ], [ 6.218013350754578, 43.825982210178161 ], [ 6.218032688405238, 43.826341792631226 ], [ 6.218777707451644, 43.826320790118707 ], [ 6.218768036352438, 43.826140999026904 ], [ 6.219016375112225, 43.826133997155559 ], [ 6.218997031696813, 43.825774415037174 ], [ 6.219245368880916, 43.82576741271447 ], [ 6.219206680154256, 43.82504824856386 ], [ 6.21945501427675, 43.825041245877181 ], [ 6.219464687066867, 43.825221036882226 ], [ 6.219713021842642, 43.825214033613108 ], [ 6.219751716871933, 43.825933197384657 ], [ 6.220000054529964, 43.825926193402061 ], [ 6.220029078972779, 43.826465566022087 ], [ 6.219780739085715, 43.826472570135799 ], [ 6.219790413336373, 43.826652361038072 ], [ 6.219045390907922, 43.826673370277788 ], [ 6.219074407510743, 43.827212743333547 ], [ 6.218826064292765, 43.827219745466998 ], [ 6.218864751379831, 43.82793890961274 ], [ 6.218616405099906, 43.827945911382159 ] ], [ [ 6.218329377587783, 43.827233748117571 ], [ 6.21857772098511, 43.827226747061651 ], [ 6.218568050180586, 43.827046955963098 ], [ 6.218816392745192, 43.827039954412079 ], [ 6.218806721287295, 43.826860163349821 ], [ 6.218310037554503, 43.826874165825679 ], [ 6.218329377587783, 43.827233748117571 ] ] ] } },
{ "type": "Feature", "properties": { "surface_ha": 2.72 }, "geometry": { "type": "Polygon", "coordinates": [ [ [ 6.217716673536303, 43.825090253370632 ], [ 6.217697338626627, 43.824730670726893 ], [ 6.217200672008683, 43.824744667844648 ], [ 6.217191006174216, 43.824564876424375 ], [ 6.21694267347377, 43.824571874131514 ], [ 6.216933008471875, 43.824392082660204 ], [ 6.217181340429367, 43.824385084996727 ], [ 6.217162009208529, 43.824025502119277 ], [ 6.21741033959052, 43.824018504004442 ], [ 6.217400673371595, 43.823838712598281 ], [ 6.217649002921031, 43.823831713988397 ], [ 6.217639336048808, 43.823651922618538 ], [ 6.218384321930539, 43.823630923687553 ], [ 6.218374652919199, 43.823451132441356 ], [ 6.218622980624239, 43.823444131763964 ], [ 6.218632650378494, 43.823623922966483 ], [ 6.218880978736792, 43.823616921706758 ], [ 6.218890649323622, 43.823796712858211 ], [ 6.219635636089262, 43.823775705715661 ], [ 6.219664655074114, 43.824315078732567 ], [ 6.219912986045418, 43.824308075143207 ], [ 6.219922659962687, 43.824487866090401 ], [ 6.21967432824844, 43.824494869723431 ], [ 6.219684001512456, 43.82467466070694 ], [ 6.219187336329001, 43.824688666444239 ], [ 6.219206680154256, 43.82504824856386 ], [ 6.218213342767577, 43.825076253923292 ], [ 6.21820367378198, 43.824896462692443 ], [ 6.217955339954135, 43.824903462641814 ], [ 6.217965008196765, 43.825083253916347 ], [ 6.217716673536303, 43.825090253370632 ] ] ] } },
{ "type": "Feature", "properties": { "surface_ha": 99.46 }, "geometry": { "type": "Polygon", "coordinates": [ [ [ 6.252236037294008, 43.833295350217249 ], [ 6.252216489588499, 43.832935780358021 ], [ 6.251471412876941, 43.832957003379363 ], [ 6.251461641389643, 43.832777218306219 ], [ 6.250219848774245, 43.832812579011332 ], [ 6.250210081093399, 43.832632793710168 ], [ 6.249961723041753, 43.832639864190618 ], [ 6.249883590800498, 43.831201581161437 ], [ 6.249386886315814, 43.831215719800213 ], [ 6.249377121679387, 43.831035934299969 ], [ 6.249128770044345, 43.831043002767061 ], [ 6.249138533937661, 43.831222788311365 ], [ 6.247896770689013, 43.83125812278535 ], [ 6.247877250424048, 43.830898551248403 ], [ 6.245890436410523, 43.830955057684143 ], [ 6.245880682358661, 43.830775271552035 ], [ 6.245383979436948, 43.830789392684906 ], [ 6.245344970078683, 43.830070247729907 ], [ 6.245096621454577, 43.830077307311988 ], [ 6.245116124466674, 43.830436879892403 ], [ 6.244619423974841, 43.830450997616367 ], [ 6.244609673909777, 43.830271211241779 ], [ 6.24436132427135, 43.830278269251558 ], [ 6.244351575039783, 43.830098482825534 ], [ 6.244103226054047, 43.830105540252497 ], [ 6.244093477655961, 43.829925753775044 ], [ 6.243348432385716, 43.829946922691128 ], [ 6.24333868630726, 43.829767136074196 ], [ 6.243090338446183, 43.829774191257989 ], [ 6.243109829207291, 43.830133764572494 ], [ 6.242613130241715, 43.830147873499776 ], [ 6.242622874271615, 43.830327660233941 ], [ 6.242374523910201, 43.830334713933418 ], [ 6.242384267287345, 43.83051450070419 ], [ 6.241887564807281, 43.830528606574767 ], [ 6.241868081115754, 43.830169032849824 ], [ 6.241619731226437, 43.830176084888926 ], [ 6.241590508595866, 43.829636724113968 ], [ 6.241838856255918, 43.829629672206849 ], [ 6.241829114816621, 43.829449885311035 ], [ 6.24108407379475, 43.829471039284073 ], [ 6.241064595645526, 43.829111465206289 ], [ 6.240816249943755, 43.829118515365153 ], [ 6.240806511747651, 43.828938728271154 ], [ 6.241054856706364, 43.828931678156295 ], [ 6.241045117857506, 43.828751891098918 ], [ 6.241541806017926, 43.828737789340913 ], [ 6.241522325618945, 43.828378215379836 ], [ 6.241025640430679, 43.828392316961882 ], [ 6.240996424967667, 43.82785295570082 ], [ 6.240251403195272, 43.827874103637356 ], [ 6.240261139363596, 43.82805389086375 ], [ 6.239764456244584, 43.828067986882338 ], [ 6.239744986970275, 43.827708412246317 ], [ 6.239496646761413, 43.827715459359538 ], [ 6.239477179334146, 43.827355884605936 ], [ 6.239228840521037, 43.827362931092516 ], [ 6.239209374940755, 43.827003356221383 ], [ 6.23896103752339, 43.827010402081285 ], [ 6.238931842058696, 43.82647103958719 ], [ 6.238683506780025, 43.826478084776518 ], [ 6.238673775881884, 43.826298297219722 ], [ 6.237928771733451, 43.826319429423471 ], [ 6.237909314665568, 43.825959854023978 ], [ 6.238157647986015, 43.825952810582713 ], [ 6.238147918844426, 43.825773022915797 ], [ 6.238396251331724, 43.825765978979732 ], [ 6.238386521537408, 43.82558619134938 ], [ 6.239628178905873, 43.825550963808134 ], [ 6.239618445487134, 43.825371176390156 ], [ 6.23986677594719, 43.825364129309762 ], [ 6.23985704187578, 43.825184341928335 ], [ 6.240353701039296, 43.825170246239388 ], [ 6.24034396557232, 43.824990458938522 ], [ 6.240592294275774, 43.824983410329985 ], [ 6.240611766785819, 43.825342984836375 ], [ 6.241356756811985, 43.825321835514693 ], [ 6.24132754149618, 43.82478247413983 ], [ 6.240830886026447, 43.824796573962416 ], [ 6.240821149254208, 43.82461678673468 ], [ 6.240324494909155, 43.824630884314551 ], [ 6.240314759712966, 43.824451096991488 ], [ 6.240066433147931, 43.824458144929416 ], [ 6.240046964512092, 43.824098570173078 ], [ 6.239798639342559, 43.824105617484392 ], [ 6.239788905902888, 43.823925830051145 ], [ 6.239540581385976, 43.823932876779807 ], [ 6.239550314082779, 43.824112664257044 ], [ 6.238805337762039, 43.824133801342867 ], [ 6.238785876915879, 43.823774226117315 ], [ 6.238537552780928, 43.823781270647324 ], [ 6.238518093781345, 43.823421695304269 ], [ 6.238766416430585, 43.823414650862141 ], [ 6.238776146628124, 43.823594438493423 ], [ 6.239024469930002, 43.823587393468685 ], [ 6.239034200960617, 43.823767181048616 ], [ 6.239282524915131, 43.823760135441276 ], [ 6.239263061458415, 43.823400560361904 ], [ 6.239511383836994, 43.823393514303767 ], [ 6.239521116263085, 43.823573301803208 ], [ 6.240514407846367, 43.823545112008219 ], [ 6.240485201924708, 43.823005750015369 ], [ 6.241478483149744, 43.822977552129522 ], [ 6.241459007044053, 43.82261797778245 ], [ 6.241707325638976, 43.822610927052345 ], [ 6.241726803230301, 43.82297050131141 ], [ 6.242968402278533, 43.822935239141145 ], [ 6.242958659723637, 43.822755452235299 ], [ 6.243206978519513, 43.822748398229301 ], [ 6.243245952252369, 43.823467545632191 ], [ 6.242500986679864, 43.82348870656233 ], [ 6.242530211242411, 43.824028067432771 ], [ 6.242778535418791, 43.824021014196049 ], [ 6.242798020397828, 43.824380587984663 ], [ 6.242549694735714, 43.824387641309414 ], [ 6.242559436617847, 43.824567428236584 ], [ 6.24280776302284, 43.824560374867836 ], [ 6.242817505738185, 43.824740161743605 ], [ 6.243065832795726, 43.824733107792184 ], [ 6.243075576344294, 43.824912894616538 ], [ 6.243572231674142, 43.824898785009587 ], [ 6.2436014673193, 43.825438145174168 ], [ 6.244098126745137, 43.82542403314833 ], [ 6.244107873626731, 43.825603819766989 ], [ 6.244356203947011, 43.825596762902009 ], [ 6.244365951661894, 43.825776549469239 ], [ 6.243620958201184, 43.825797718580169 ], [ 6.2436501952017, 43.826337078633586 ], [ 6.243898528674446, 43.826330022669936 ], [ 6.243918021945836, 43.826689595913813 ], [ 6.244414691592018, 43.826675482194219 ], [ 6.244404943425231, 43.826495695664057 ], [ 6.244653277369797, 43.826488638040196 ], [ 6.24466302627954, 43.82666842452636 ], [ 6.245408029799723, 43.82664724829047 ], [ 6.24541778102873, 43.826827034637084 ], [ 6.2456661160976, 43.826819974770302 ], [ 6.245675868159982, 43.826999761065466 ], [ 6.245179196445903, 43.827013880348403 ], [ 6.245227950684302, 43.827912812153478 ], [ 6.245476290301471, 43.827905752561179 ], [ 6.245486042163386, 43.828085538855923 ], [ 6.245237701803213, 43.82809259849229 ], [ 6.245266955702424, 43.828631957464182 ], [ 6.246011983198843, 43.828610776542455 ], [ 6.246021736908504, 43.828790562719476 ], [ 6.246270079969475, 43.828783501290673 ], [ 6.246279834512611, 43.828963287416201 ], [ 6.246528178226176, 43.828956225404582 ], [ 6.246537933602796, 43.829136011478631 ], [ 6.247034622244644, 43.829121885751022 ], [ 6.247015108609702, 43.828762313771712 ], [ 6.247263451308857, 43.828755250187918 ], [ 6.247273208824127, 43.828935036137175 ], [ 6.24752155217584, 43.828927971970565 ], [ 6.247511793917539, 43.828748186065326 ], [ 6.247760136435744, 43.828741121404008 ], [ 6.247769895437076, 43.828920907265164 ], [ 6.248018238607826, 43.828913842021002 ], [ 6.247988959646216, 43.828374484547588 ], [ 6.248237300497409, 43.828367418896946 ], [ 6.248247060803801, 43.828547204684739 ], [ 6.24849540230751, 43.828540138451245 ], [ 6.248505163447421, 43.82871992418756 ], [ 6.248256821200693, 43.828726990465121 ], [ 6.248276342265973, 43.829086562003653 ], [ 6.248773029641045, 43.829072428733419 ], [ 6.248782791795517, 43.829252214403375 ], [ 6.249279480294606, 43.829238078889908 ], [ 6.249289244025688, 43.82941786446429 ], [ 6.249537588882485, 43.829410795855331 ], [ 6.249547353447145, 43.829590581378184 ], [ 6.250292389703437, 43.829569372186413 ], [ 6.250302156587803, 43.829749157569545 ], [ 6.251047194258221, 43.829727943396549 ], [ 6.251056963462324, 43.829907728639888 ], [ 6.251305309914371, 43.829900656127258 ], [ 6.251285770110634, 43.829541085721367 ], [ 6.251534114985987, 43.829534012758231 ], [ 6.251524344476955, 43.829354227588283 ], [ 6.251772688518673, 43.829347154130474 ], [ 6.251753146286326, 43.828987583856623 ], [ 6.252249831125833, 43.828973435501318 ], [ 6.252230286283808, 43.828613865374315 ], [ 6.252478627081621, 43.828606790476826 ], [ 6.252449308269155, 43.82806743536311 ], [ 6.252200969700336, 43.828074510128197 ], [ 6.252152110539981, 43.827175584569666 ], [ 6.251655440560249, 43.827189732042314 ], [ 6.251665210725199, 43.827369517257118 ], [ 6.251416874856487, 43.827376590229491 ], [ 6.251407105434497, 43.827196804970555 ], [ 6.250910434911262, 43.827210949210901 ], [ 6.250900667065761, 43.827031163856304 ], [ 6.25114900162971, 43.827024092049633 ], [ 6.251139233131825, 43.826844306731715 ], [ 6.251387566862255, 43.826837234430435 ], [ 6.251368028652327, 43.826477663860636 ], [ 6.25161636080631, 43.826470591108915 ], [ 6.251606591094284, 43.826290805857028 ], [ 6.251358259683227, 43.826297878564631 ], [ 6.251348490804702, 43.826118093261201 ], [ 6.25110016004599, 43.826125165385989 ], [ 6.251090392000952, 43.825945380031044 ], [ 6.250842061894587, 43.825952451573016 ], [ 6.250832294683021, 43.825772666166515 ], [ 6.250087306049321, 43.825793877427955 ], [ 6.250097071032159, 43.82597366296681 ], [ 6.249848740563597, 43.825980732354019 ], [ 6.249868269315052, 43.826340303497631 ], [ 6.250116601269456, 43.826333234022222 ], [ 6.250126366523915, 43.826513019538822 ], [ 6.25037469913071, 43.826505949480598 ], [ 6.250403997666175, 43.827045305853567 ], [ 6.250652332411248, 43.827038235124306 ], [ 6.250671866706899, 43.827397805914316 ], [ 6.25017519415436, 43.827411947010589 ], [ 6.250165428447181, 43.827232161531057 ], [ 6.249420421168186, 43.827253369002719 ], [ 6.249410657780432, 43.827073583383488 ], [ 6.249907327904379, 43.82705944569598 ], [ 6.249878033826582, 43.826520089058356 ], [ 6.24962970103871, 43.82652715803917 ], [ 6.249639464897834, 43.826706943636552 ], [ 6.249391131276496, 43.826714012122764 ], [ 6.249381368160313, 43.826534226481272 ], [ 6.24888470213196, 43.826548361749374 ], [ 6.248874940592166, 43.826368576012264 ], [ 6.248626608185162, 43.826375642794162 ], [ 6.248636368982019, 43.826555428575354 ], [ 6.248388035741578, 43.826562494862621 ], [ 6.24839779588599, 43.826742280680463 ], [ 6.24814946181211, 43.826749346473136 ], [ 6.248139702410642, 43.826569560611183 ], [ 6.247891368989221, 43.826576625821055 ], [ 6.247881610421177, 43.826396839907616 ], [ 6.247633277652213, 43.826403904534686 ], [ 6.247604004719735, 43.825864546617723 ], [ 6.247355674089083, 43.825871610573877 ], [ 6.247345917368777, 43.825691824542652 ], [ 6.247097587390577, 43.82569888791604 ], [ 6.247087831503639, 43.825519101833315 ], [ 6.246839502177896, 43.825526164623952 ], [ 6.246819992161179, 43.825166592348182 ], [ 6.245826679897008, 43.825194837771299 ], [ 6.245807176185167, 43.824835265113457 ], [ 6.246055502901076, 43.824828204653826 ], [ 6.2460457504379, 43.82464841835781 ], [ 6.245797424464873, 43.82465547877343 ], [ 6.245787672834989, 43.824475692425985 ], [ 6.245291022103442, 43.824489811553043 ], [ 6.245281272049706, 43.824310025110101 ], [ 6.245032947291199, 43.824317083821612 ], [ 6.245003699900937, 43.823777724316152 ], [ 6.245252022430882, 43.823770665736788 ], [ 6.245242272738735, 43.823590879264195 ], [ 6.244993950951628, 43.823597937799526 ], [ 6.244984202092708, 43.823418151275497 ], [ 6.244487559733011, 43.823432266642115 ], [ 6.244477812450135, 43.823252480022624 ], [ 6.244726132932343, 43.823245422652676 ], [ 6.244706637152066, 43.822885849479469 ], [ 6.24495495605826, 43.822878791658965 ], [ 6.24493545915388, 43.822519218544173 ], [ 6.245183776484088, 43.822512160273064 ], [ 6.245174027424678, 43.822332373748601 ], [ 6.245422343921705, 43.822325314982898 ], [ 6.245412594209899, 43.822145528495071 ], [ 6.247399116989099, 43.822089039330955 ], [ 6.247467408466896, 43.823347542123081 ], [ 6.247715728606924, 43.823340478245257 ], [ 6.247725485636963, 43.823520264284696 ], [ 6.248222127131268, 43.823506134824932 ], [ 6.248212368615589, 43.823326348873643 ], [ 6.248957327950002, 43.823305150776363 ], [ 6.248947567296359, 43.82312536494991 ], [ 6.249195886150704, 43.823118297884285 ], [ 6.249186124844752, 43.82293851209451 ], [ 6.249682760796321, 43.822924376435516 ], [ 6.249692523587876, 43.823104162137106 ], [ 6.249940842170693, 43.823097093455551 ], [ 6.249970133316901, 43.823636450383496 ], [ 6.250218454037634, 43.823629381030962 ], [ 6.250247748227077, 43.824168737759877 ], [ 6.250744393853938, 43.82415459717425 ], [ 6.250763926737639, 43.824514168113332 ], [ 6.251012250900946, 43.824507096924251 ], [ 6.251022018221481, 43.824686882338575 ], [ 6.251270343037087, 43.824679810566742 ], [ 6.251211736015176, 43.82360109823442 ], [ 6.250963415656615, 43.823608169741526 ], [ 6.250943882192761, 43.823248598816534 ], [ 6.250695563229274, 43.823255669696735 ], [ 6.250656500359347, 43.822536527581285 ], [ 6.25090481635166, 43.822529456877504 ], [ 6.250914582676112, 43.822709242373392 ], [ 6.251162899320663, 43.822702171086853 ], [ 6.251172666478451, 43.822881956531205 ], [ 6.251917618097103, 43.822860739307451 ], [ 6.251907848710954, 43.82268095399548 ], [ 6.252156164993241, 43.822673880554433 ], [ 6.252146394954888, 43.822494095279161 ], [ 6.253387971293582, 43.822458720215145 ], [ 6.25339774504581, 43.822638505269715 ], [ 6.253149429216502, 43.822645581403904 ], [ 6.25316897550724, 43.823005151579046 ], [ 6.253417292822117, 43.822998075356544 ], [ 6.253436840960895, 43.823357645413743 ], [ 6.253933478289964, 43.823343491176232 ], [ 6.253953029762466, 43.823703061027139 ], [ 6.25519462892697, 43.823667665565516 ], [ 6.255204408513254, 43.823847450259017 ], [ 6.255452728816985, 43.823840369506591 ], [ 6.255442948487886, 43.823660584857251 ], [ 6.255691267958124, 43.823653503610373 ], [ 6.255701049030032, 43.823833288215496 ], [ 6.256197689184071, 43.82381912401739 ], [ 6.256207471832303, 43.823998908526761 ], [ 6.25720075402319, 43.823970573490037 ], [ 6.257210539733403, 43.824150357815171 ], [ 6.257458860797143, 43.824143272665182 ], [ 6.257517581420823, 43.825221978194982 ], [ 6.258014232190182, 43.825207805748519 ], [ 6.258024020764115, 43.825387589889104 ], [ 6.258520672656178, 43.82537341519955 ], [ 6.258530462806606, 43.825553199244247 ], [ 6.258778789359354, 43.825546111047231 ], [ 6.258808162583921, 43.826085463004169 ], [ 6.259056491274535, 43.826078374135797 ], [ 6.259076075363946, 43.826437941981503 ], [ 6.258827745187534, 43.826445030938324 ], [ 6.258837536625514, 43.826624814894238 ], [ 6.259085867544831, 43.826617725893215 ], [ 6.259095659816513, 43.826797509797508 ], [ 6.259343991387957, 43.82679042021357 ], [ 6.25956925578608, 43.830925446945592 ], [ 6.25882420953253, 43.830946717133259 ], [ 6.25883400249733, 43.831126500947811 ], [ 6.259082352082404, 43.831119411379795 ], [ 6.259092145881091, 43.831299195142691 ], [ 6.25958884626498, 43.831285014301869 ], [ 6.259608437107174, 43.831644581628439 ], [ 6.259111733750901, 43.831658762646228 ], [ 6.25910193977059, 43.831478978898161 ], [ 6.258853588699335, 43.831486068554646 ], [ 6.258843795552929, 43.83130628475493 ], [ 6.258595445133964, 43.831313373828401 ], [ 6.258575860599736, 43.830953806118259 ], [ 6.258327511576148, 43.830960894564491 ], [ 6.258298137684972, 43.830421542810939 ], [ 6.258049790799805, 43.830428630585736 ], [ 6.258020419954837, 43.829889278632685 ], [ 6.257772075208047, 43.829896365736069 ], [ 6.257752496584676, 43.829536797641843 ], [ 6.257504153233189, 43.82954388411806 ], [ 6.257484576458923, 43.829184315905714 ], [ 6.257236234502719, 43.829191401754755 ], [ 6.257226446994735, 43.829011617593245 ], [ 6.256978105690793, 43.829018702859337 ], [ 6.256968319016564, 43.828838918646206 ], [ 6.256719978364889, 43.828846003329353 ], [ 6.256710192524399, 43.828666219064594 ], [ 6.256461852524991, 43.828673303164798 ], [ 6.256442282602194, 43.82831373452462 ], [ 6.256690621115621, 43.828306650512772 ], [ 6.256671050069763, 43.827947081931278 ], [ 6.255926038715187, 43.827968332085462 ], [ 6.255935821963823, 43.82814811651248 ], [ 6.255190807563936, 43.82816936195065 ], [ 6.255200588674328, 43.828349146502809 ], [ 6.254703910468307, 43.828363307522963 ], [ 6.254713690183405, 43.828543092156039 ], [ 6.253968669965326, 43.82856432977826 ], [ 6.253988225209516, 43.828923899287183 ], [ 6.253739883469482, 43.828930977505443 ], [ 6.253769214786629, 43.829470331845627 ], [ 6.254017558755739, 43.829463253494893 ], [ 6.25403711490653, 43.829822822929593 ], [ 6.253788769451334, 43.829829901368633 ], [ 6.253808324478667, 43.830189470862003 ], [ 6.254056671419976, 43.830182392334613 ], [ 6.254066449812697, 43.830362177025989 ], [ 6.254314797406407, 43.830355097915714 ], [ 6.254334355950003, 43.83071466718787 ], [ 6.25408600687014, 43.830721746386509 ], [ 6.254105564290259, 43.831081315717348 ], [ 6.254353914856302, 43.831074236430368 ], [ 6.254363694445468, 43.831254021040486 ], [ 6.254115343136325, 43.831261100371627 ], [ 6.254125122073061, 43.831440885018488 ], [ 6.25387676993014, 43.831447963855013 ], [ 6.253886548214433, 43.831627748538615 ], [ 6.25363819523773, 43.831634826880524 ], [ 6.253628417696548, 43.831455042152726 ], [ 6.253131712957401, 43.83146919713181 ], [ 6.253151265157935, 43.831828766756523 ], [ 6.251909494292648, 43.831864145216763 ], [ 6.251899721862696, 43.831684360187396 ], [ 6.251651368160903, 43.831691434218897 ], [ 6.251641596564687, 43.831511649137973 ], [ 6.251393243515414, 43.831518722586537 ], [ 6.251403014368504, 43.831698507711614 ], [ 6.251154660485506, 43.831705580665513 ], [ 6.251164430686064, 43.831885365827276 ], [ 6.251661139847722, 43.831871219292417 ], [ 6.251670911625147, 43.832051004358505 ], [ 6.251919266813211, 43.832043930238726 ], [ 6.25192903942439, 43.832223715253299 ], [ 6.25217739526498, 43.832216640550563 ], [ 6.252187168709925, 43.832396425513544 ], [ 6.252435525203041, 43.832389350227899 ], [ 6.252445299481767, 43.832569135139337 ], [ 6.252693656627412, 43.832562059270693 ], [ 6.252703431739929, 43.83274184413056 ], [ 6.253448504862487, 43.832720613159339 ], [ 6.253468059818462, 43.833080182591921 ], [ 6.252971341521389, 43.833094337288159 ], [ 6.252981117649006, 43.833274122081633 ], [ 6.252236037294008, 43.833295350217249 ] ], [ [ 6.252099210967739, 43.830778360579593 ], [ 6.252347560772759, 43.830771285691206 ], [ 6.252337787400291, 43.830591500705602 ], [ 6.252089438338357, 43.830598575549871 ], [ 6.252099210967739, 43.830778360579593 ] ], [ [ 6.248364191539649, 43.830704633560096 ], [ 6.248612541960056, 43.830697566797582 ], [ 6.248602779824525, 43.830517781142802 ], [ 6.24885112941132, 43.830510713885609 ], [ 6.248841366623217, 43.830330928267536 ], [ 6.24834466884529, 43.830345062155025 ], [ 6.248364191539649, 43.830704633560096 ] ], [ [ 6.250818385471317, 43.830094585893825 ], [ 6.251066732757009, 43.830087513875817 ], [ 6.251056963462324, 43.829907728639888 ], [ 6.250808616919698, 43.829914800613771 ], [ 6.250818385471317, 43.830094585893825 ] ], [ [ 6.244599923935119, 43.830091424859802 ], [ 6.244848272740052, 43.830084366355287 ], [ 6.244838522112713, 43.829904580009924 ], [ 6.24459017405086, 43.829911638470406 ], [ 6.244599923935119, 43.830091424859802 ] ], [ [ 6.244682524370195, 43.827027997476392 ], [ 6.245179196445903, 43.827013880348403 ], [ 6.245169445869449, 43.826834093965147 ], [ 6.244672775279671, 43.826848211005078 ], [ 6.244682524370195, 43.827027997476392 ] ], [ [ 6.251845152050398, 43.826103947395517 ], [ 6.252341812933742, 43.82608979937504 ], [ 6.252332041174151, 43.825910014240733 ], [ 6.251835381776625, 43.82592416217291 ], [ 6.251845152050398, 43.826103947395517 ] ], [ [ 6.251587051941979, 43.825931235330984 ], [ 6.251835381776625, 43.82592416217291 ], [ 6.251825611593439, 43.8257443769429 ], [ 6.251577282501698, 43.825751450056821 ], [ 6.251587051941979, 43.825931235330984 ] ], [ [ 6.241843676363261, 43.825127946243875 ], [ 6.242092005267888, 43.825120894359173 ], [ 6.242072524023581, 43.824761320365809 ], [ 6.242320851352103, 43.824754268030432 ], [ 6.242301368983274, 43.824394694095474 ], [ 6.242053043140521, 43.824401746342851 ], [ 6.242043302834454, 43.824221959320234 ], [ 6.241794977644265, 43.824229010984958 ], [ 6.241804717207456, 43.824408798051543 ], [ 6.241556391184091, 43.82441584922158 ], [ 6.241566130094703, 43.824595636324752 ], [ 6.241317803238158, 43.824602687000073 ], [ 6.24132754149618, 43.82478247413983 ], [ 6.241824196604749, 43.824768372162524 ], [ 6.241843676363261, 43.825127946243875 ] ], [ [ 6.250934115596662, 43.8230688133429 ], [ 6.251182433726796, 43.823061741968118 ], [ 6.251172666478451, 43.822881956531205 ], [ 6.250924349091112, 43.822889027861827 ], [ 6.250934115596662, 43.8230688133429 ] ] ] } },
{ "type": "Feature", "properties": { "surface_ha": 10.31 }, "geometry": { "type": "Polygon", "coordinates": [ [ [ 6.258213612216156, 43.824301798124203 ], [ 6.258203823443917, 43.824122013983306 ], [ 6.257955502652404, 43.824129100749246 ], [ 6.257945714713737, 43.823949316556742 ], [ 6.257697394574294, 43.823956402739825 ], [ 6.257677820454814, 43.823596834244057 ], [ 6.257926139108647, 43.823589748149388 ], [ 6.257935926865819, 43.823769532356771 ], [ 6.258432565386839, 43.823755358463089 ], [ 6.258412986992047, 43.823395790217766 ], [ 6.258164669262508, 43.823402877345515 ], [ 6.258154880944039, 43.823223093167506 ], [ 6.257906563866538, 43.823230179712375 ], [ 6.257896776381601, 43.823050395482731 ], [ 6.257648459956138, 43.823057481444764 ], [ 6.25763867330472, 43.822877697163491 ], [ 6.257390357531296, 43.822884782542687 ], [ 6.25738057171338, 43.822704998209801 ], [ 6.256635626077083, 43.822726250983052 ], [ 6.256625842578193, 43.822546466510161 ], [ 6.256377527927437, 43.822553549646486 ], [ 6.256367745262012, 43.822373765121938 ], [ 6.256119431263318, 43.822380847675454 ], [ 6.256129213185981, 43.822560632244176 ], [ 6.255632583431003, 43.822574795823691 ], [ 6.255622802993862, 43.822395011166613 ], [ 6.25487785990962, 43.822416252363723 ], [ 6.254887638118465, 43.822596037153318 ], [ 6.25463932283296, 43.822603116519282 ], [ 6.254649100389688, 43.822782901345647 ], [ 6.254152468061183, 43.822797058549995 ], [ 6.254142691990006, 43.822617273635331 ], [ 6.25389437643257, 43.822624351385386 ], [ 6.253884601194798, 43.822444566419158 ], [ 6.254132916009465, 43.822437488713248 ], [ 6.254123140119559, 43.822257703783713 ], [ 6.254868081791432, 43.82223646756669 ], [ 6.254858303763903, 43.822056682762252 ], [ 6.25585155508618, 43.822028360442275 ], [ 6.255861336084715, 43.822208145070014 ], [ 6.256109649431343, 43.822201063099314 ], [ 6.256099867690061, 43.822021278515734 ], [ 6.256348180203252, 43.822014196050617 ], [ 6.256357962687282, 43.822193980589994 ], [ 6.256606275852524, 43.822186897542039 ], [ 6.256596492625748, 43.822007113046851 ], [ 6.256844804957542, 43.822000029504487 ], [ 6.25683502107873, 43.821820245046091 ], [ 6.257083332577077, 43.821813161009324 ], [ 6.257073548046243, 43.821633376587684 ], [ 6.257321858711143, 43.821626292056493 ], [ 6.257302288436181, 43.821266723279344 ], [ 6.257550597524923, 43.821259638297981 ], [ 6.257540811780811, 43.821079853942443 ], [ 6.257789120036121, 43.821072768466706 ], [ 6.257779333640037, 43.820892984147982 ], [ 6.257531026127428, 43.820900069579544 ], [ 6.257521240564765, 43.82072028520917 ], [ 6.257272933704126, 43.820727370057988 ], [ 6.257263148974875, 43.820547585635985 ], [ 6.256766536466828, 43.820561753629384 ], [ 6.256756753313659, 43.820381969111615 ], [ 6.256011836099401, 43.820403216929755 ], [ 6.256002055264963, 43.820223432271952 ], [ 6.255257139462624, 43.820244675110359 ], [ 6.255208247790506, 43.819345751047543 ], [ 6.255704850989462, 43.819331590135619 ], [ 6.255695071441722, 43.819151805389133 ], [ 6.256688273781023, 43.819123477279255 ], [ 6.256698056299311, 43.819303261848987 ], [ 6.256946357400054, 43.819296178430967 ], [ 6.256936574139131, 43.819116393905404 ], [ 6.25718487440654, 43.819109309993017 ], [ 6.257194658410095, 43.819289094474364 ], [ 6.257939560895942, 43.819267839373175 ], [ 6.257949347218121, 43.819447623714481 ], [ 6.258942552232888, 43.81941927586292 ], [ 6.259197105702333, 43.824093661533041 ], [ 6.258700464754664, 43.824107838835474 ], [ 6.258710255012545, 43.824287622887937 ], [ 6.258213612216156, 43.824301798124203 ] ] ] } },
{ "type": "Feature", "properties": { "surface_ha": 1.24 }, "geometry": { "type": "Polygon", "coordinates": [ [ [ 6.247364535765537, 43.816868175888906 ], [ 6.247354782081927, 43.816688389575205 ], [ 6.246361610897939, 43.81671663533362 ], [ 6.246351860275011, 43.816536848836286 ], [ 6.247096736570928, 43.816515665457437 ], [ 6.247057726072598, 43.815796519922721 ], [ 6.246809437034554, 43.815803581411281 ], [ 6.246799685378537, 43.815623794965013 ], [ 6.246551396992617, 43.815630855871028 ], [ 6.24654164616953, 43.815451069373289 ], [ 6.247038221365915, 43.815436947110875 ], [ 6.247047973674051, 43.815616733520493 ], [ 6.247296261879154, 43.815609671537459 ], [ 6.247286508828494, 43.815429885171916 ], [ 6.247534796200659, 43.815422822694451 ], [ 6.247525042497903, 43.815243036365516 ], [ 6.24777332903713, 43.815235973393612 ], [ 6.247831857065221, 43.81631469099154 ], [ 6.24808014796919, 43.816307627216723 ], [ 6.248099659520482, 43.816667199601923 ], [ 6.247851367131401, 43.816674263464868 ], [ 6.247861122300147, 43.816854049690434 ], [ 6.247364535765537, 43.816868175888906 ] ] ] } },
{ "type": "Feature", "properties": { "surface_ha": 18.63 }, "geometry": { "type": "Polygon", "coordinates": [ [ [ 6.247997704159215, 43.819371056069862 ], [ 6.247978191379683, 43.819011483818905 ], [ 6.247729889246243, 43.819018547716247 ], [ 6.247739644848128, 43.819198333889503 ], [ 6.247243038824609, 43.819212460156621 ], [ 6.247223530681908, 43.818852887626413 ], [ 6.246975229019812, 43.818859949863985 ], [ 6.246994735677197, 43.819219522482321 ], [ 6.246249825692439, 43.819240706227951 ], [ 6.246240074546519, 43.819060919790331 ], [ 6.245991771780112, 43.819067979917655 ], [ 6.245982021467254, 43.818888193428599 ], [ 6.245485417148573, 43.8189023119795 ], [ 6.245475668411415, 43.818722525394911 ], [ 6.245723969873297, 43.818715466432806 ], [ 6.245714220483873, 43.81853567988486 ], [ 6.245962521112723, 43.818528620428189 ], [ 6.245972271244791, 43.818708406932103 ], [ 6.246965475826752, 43.818680163543718 ], [ 6.246955722724116, 43.818500377216012 ], [ 6.247700622983262, 43.818479189151986 ], [ 6.247681112593485, 43.818119616738755 ], [ 6.24792941101374, 43.818112553061766 ], [ 6.247909899500495, 43.817752980706999 ], [ 6.248406493099215, 43.817738851913674 ], [ 6.248416250295829, 43.81791863800661 ], [ 6.248912845017927, 43.817904506970919 ], [ 6.248903086336102, 43.817724720966162 ], [ 6.249399679211101, 43.817710587864482 ], [ 6.24936063944782, 43.816991444123971 ], [ 6.249608932779256, 43.816984376941683 ], [ 6.249589411955381, 43.816624805115147 ], [ 6.248596244027303, 43.816653070260422 ], [ 6.248586486721317, 43.816473284159663 ], [ 6.248834778096486, 43.816466218725218 ], [ 6.248825020138409, 43.816286432661158 ], [ 6.248328438782715, 43.816300562903372 ], [ 6.248318682400187, 43.81612077674373 ], [ 6.24807039232921, 43.816127841013 ], [ 6.248050881320575, 43.815768268583327 ], [ 6.248299169906485, 43.815761204402214 ], [ 6.24827965777457, 43.815401632031026 ], [ 6.248527944784991, 43.815394567399565 ], [ 6.248498675037945, 43.814855208919418 ], [ 6.248746959730409, 43.81484814388169 ], [ 6.24872744553299, 43.814488571612685 ], [ 6.25021714287818, 43.814446170607113 ], [ 6.250207381460323, 43.814266384726025 ], [ 6.250455663292028, 43.814259316051185 ], [ 6.250465425452351, 43.814439101888155 ], [ 6.250713707936021, 43.814432032630727 ], [ 6.25072347092932, 43.814611818416203 ], [ 6.250971754064955, 43.81460474857618 ], [ 6.25099128180805, 43.81496432003663 ], [ 6.251239566338129, 43.8149572495699 ], [ 6.251259095928291, 43.815316820912493 ], [ 6.251507381852835, 43.815309749819036 ], [ 6.251526913290122, 43.815669321043707 ], [ 6.252023487837627, 43.815655177064869 ], [ 6.25203325517711, 43.815834962577817 ], [ 6.252281543057556, 43.815827889736539 ], [ 6.252291311230112, 43.816007675197973 ], [ 6.252787888204366, 43.8159935278116 ], [ 6.252797657952534, 43.816173313177345 ], [ 6.253045947046333, 43.816166238632263 ], [ 6.253055717627608, 43.816346023946444 ], [ 6.254048876067049, 43.816317720204495 ], [ 6.254058649709054, 43.816497505334674 ], [ 6.254306939834946, 43.816490428008755 ], [ 6.254316714310105, 43.816670213087392 ], [ 6.254565005087919, 43.816663135178771 ], [ 6.254584555795192, 43.817022705225426 ], [ 6.254336263532275, 43.817029783222324 ], [ 6.254365588045185, 43.817569138369116 ], [ 6.255607059591923, 43.817533742336941 ], [ 6.255616838323702, 43.817713527150197 ], [ 6.255368543453064, 43.817720607477852 ], [ 6.255397877964584, 43.818259962005619 ], [ 6.254901283495801, 43.818274121310402 ], [ 6.254911060362402, 43.818453906226495 ], [ 6.254414464045839, 43.81846806346541 ], [ 6.25442423951785, 43.818647848462412 ], [ 6.254175940481008, 43.818654926318189 ], [ 6.254185715301022, 43.81883471135194 ], [ 6.253937415430932, 43.818841788713314 ], [ 6.253927641353541, 43.818662003635453 ], [ 6.253679342135462, 43.818669080414118 ], [ 6.253669568891306, 43.818489295284699 ], [ 6.253421270325237, 43.818496371480663 ], [ 6.253431042826772, 43.818676156654277 ], [ 6.251196344972333, 43.818739818580518 ], [ 6.251176813427054, 43.818380247431541 ], [ 6.250928514697911, 43.818387318197878 ], [ 6.250918749803695, 43.818207532568152 ], [ 6.250422153559064, 43.81822167239698 ], [ 6.250412390240599, 43.818041886671594 ], [ 6.250164092725117, 43.818048955734085 ], [ 6.25017385530097, 43.818228741503546 ], [ 6.249677258513262, 43.818242878101074 ], [ 6.24968701969438, 43.818422663951317 ], [ 6.249438720422157, 43.818429731486347 ], [ 6.249448480951141, 43.818609517373297 ], [ 6.249200180845798, 43.818616584413874 ], [ 6.249190421059443, 43.818436798482821 ], [ 6.248942121606246, 43.818443864940747 ], [ 6.248932362652999, 43.818264078958215 ], [ 6.248187465978462, 43.818285274968389 ], [ 6.24819722270383, 43.818465061083153 ], [ 6.24794892288877, 43.818472125386847 ], [ 6.247958678961958, 43.818651911538282 ], [ 6.248455279986892, 43.818637782304187 ], [ 6.248474795375196, 43.818997354408495 ], [ 6.248723097237259, 43.818990288895463 ], [ 6.248713338755226, 43.81881050289109 ], [ 6.24896163978417, 43.81880343688357 ], [ 6.248990917729644, 43.819342794742177 ], [ 6.247997704159215, 43.819371056069862 ] ], [ [ 6.249857226020203, 43.81697730922086 ], [ 6.250105519170654, 43.816970240961538 ], [ 6.25009575722834, 43.816790455140151 ], [ 6.249847464820456, 43.816797523355412 ], [ 6.249857226020203, 43.81697730922086 ] ] ] } },
{ "type": "Feature", "properties": { "surface_ha": 1.04 }, "geometry": { "type": "Polygon", "coordinates": [ [ [ 6.250445901222204, 43.814079530206783 ], [ 6.250436139242882, 43.813899744354977 ], [ 6.249691297931045, 43.813920948499522 ], [ 6.249671778698561, 43.813561376509071 ], [ 6.249920057741438, 43.813554309087564 ], [ 6.249900537385999, 43.813194737155648 ], [ 6.249652259827989, 43.813201804488997 ], [ 6.24964250052841, 43.813022018467819 ], [ 6.249394223622347, 43.813029085218574 ], [ 6.249374706779439, 43.812669513065849 ], [ 6.249126431267737, 43.812676579189997 ], [ 6.249116673724385, 43.812496793058422 ], [ 6.250109772258773, 43.812468525507477 ], [ 6.25013905406911, 43.813007883350885 ], [ 6.250387330703732, 43.81300081498474 ], [ 6.250406853847903, 43.813360386755086 ], [ 6.250655131876877, 43.813353317762292 ], [ 6.250664894327138, 43.813533103592235 ], [ 6.250416615555735, 43.813540172629139 ], [ 6.250426377354058, 43.813719958495774 ], [ 6.250674656867901, 43.813712889414731 ], [ 6.250694182220948, 43.814072461037583 ], [ 6.250445901222204, 43.814079530206783 ] ] ] } },
{ "type": "Feature", "properties": { "surface_ha": 1.24 }, "geometry": { "type": "Polygon", "coordinates": [ [ [ 6.233446049413874, 43.812401503824965 ], [ 6.233436339004033, 43.812221714893155 ], [ 6.23318806142913, 43.812228746336217 ], [ 6.233139514442316, 43.811329801346929 ], [ 6.232891240489499, 43.811336832032161 ], [ 6.232881532104567, 43.811157042968247 ], [ 6.233626351465793, 43.811135949428774 ], [ 6.233636062077919, 43.811315738361081 ], [ 6.233884335760691, 43.811308706060473 ], [ 6.233894047205245, 43.811488494941514 ], [ 6.234142321540387, 43.81148146205858 ], [ 6.234152033817382, 43.811661250888349 ], [ 6.234400308804897, 43.811654217423083 ], [ 6.234419735113837, 43.812013794972657 ], [ 6.234668011496141, 43.812006760881161 ], [ 6.234687439650134, 43.812366338313367 ], [ 6.233446049413874, 43.812401503824965 ] ] ] } },
{ "type": "Feature", "properties": { "surface_ha": 42.77 }, "geometry": { "type": "Polygon", "coordinates": [ [ [ 6.243576941878223, 43.820397059867759 ], [ 6.243567198359671, 43.820217272990227 ], [ 6.243318890143127, 43.820224327457332 ], [ 6.243309147457619, 43.820044540528393 ], [ 6.243060839893454, 43.820051594412867 ], [ 6.243070581836252, 43.820231381385803 ], [ 6.242822273439054, 43.820238434775682 ], [ 6.242802791129198, 43.819878860734391 ], [ 6.243051098040977, 43.819871807432513 ], [ 6.243002390133349, 43.818972872419636 ], [ 6.243250693241395, 43.818965818799192 ], [ 6.243240951188151, 43.818786031818419 ], [ 6.242992648822767, 43.81879308539483 ], [ 6.242982907602499, 43.818613298362614 ], [ 6.243231209225225, 43.818606244830185 ], [ 6.243221467352621, 43.818426457834605 ], [ 6.242973166472541, 43.818433511323022 ], [ 6.242963425432894, 43.818253724275976 ], [ 6.242715125205145, 43.818260777181813 ], [ 6.242724865502149, 43.818440564272869 ], [ 6.242476564441456, 43.818447616684132 ], [ 6.242496043821069, 43.818807190931949 ], [ 6.241999438458175, 43.818821294314795 ], [ 6.242009176798096, 43.819001081515587 ], [ 6.242257480267354, 43.81899403004946 ], [ 6.242267219440237, 43.819173817198845 ], [ 6.242515523561873, 43.819166765150143 ], [ 6.242544743850344, 43.819706126421899 ], [ 6.242296437500648, 43.819713178602591 ], [ 6.242286698056882, 43.819533391475417 ], [ 6.241790086571993, 43.819547494133047 ], [ 6.241799824530371, 43.819727281348221 ], [ 6.241303211198962, 43.819741381939473 ], [ 6.24128373834326, 43.819381807325776 ], [ 6.241532043568719, 43.819374757387443 ], [ 6.241512569588726, 43.819015182832111 ], [ 6.241264265848629, 43.819022232682492 ], [ 6.241254529736713, 43.81884244534973 ], [ 6.241006226649023, 43.818849494617581 ], [ 6.240996491370032, 43.818669707233418 ], [ 6.240251583793436, 43.818690851673551 ], [ 6.240241850832678, 43.81851106415008 ], [ 6.240490152705795, 43.818504016585912 ], [ 6.240480419092621, 43.818324229099012 ], [ 6.240728720132846, 43.818317181040236 ], [ 6.24069951760685, 43.817777818667054 ], [ 6.240451218794539, 43.817784866593882 ], [ 6.240422019308599, 43.817245504022132 ], [ 6.240173722633908, 43.817252551278493 ], [ 6.240154258246328, 43.816892976105692 ], [ 6.240650848535074, 43.816878881230267 ], [ 6.240660582168945, 43.817058668732408 ], [ 6.241157173581925, 43.817044571614915 ], [ 6.241147438462862, 43.816864784200661 ], [ 6.241644028029637, 43.816850685016938 ], [ 6.241634291515654, 43.816670897683288 ], [ 6.242130879236189, 43.816656796433371 ], [ 6.24212114132732, 43.816477009180296 ], [ 6.241872848254763, 43.816484060030525 ], [ 6.241863111178741, 43.816304272726043 ], [ 6.241614818758487, 43.816311322993776 ], [ 6.241595346362374, 43.815951748274621 ], [ 6.241347055336981, 43.815958797915847 ], [ 6.241337320016873, 43.815779010501188 ], [ 6.240840739180427, 43.815793108080094 ], [ 6.240831005435668, 43.815613320570073 ], [ 6.240582715624627, 43.815620368507759 ], [ 6.240572982712647, 43.815440580946387 ], [ 6.240076404304963, 43.815454675118318 ], [ 6.240056941721824, 43.815095099797439 ], [ 6.239808653867721, 43.815102145987723 ], [ 6.239769732754078, 43.814382995081267 ], [ 6.240018017638129, 43.814375949066843 ], [ 6.240008286842738, 43.814196161365665 ], [ 6.239511718469423, 43.81421025276812 ], [ 6.239482531079409, 43.813670889356466 ], [ 6.237992837159715, 43.813713149848972 ], [ 6.238002561744643, 43.81389293792391 ], [ 6.23750599489848, 43.813907020534742 ], [ 6.237496271798517, 43.813727232371896 ], [ 6.236999706076764, 43.813741312740902 ], [ 6.236989984551901, 43.813561524482829 ], [ 6.236493419954606, 43.813575602610058 ], [ 6.236473980145136, 43.813216025896075 ], [ 6.236722261003899, 43.813208987189547 ], [ 6.236712540491867, 43.813029198865351 ], [ 6.236464260375564, 43.813036237527974 ], [ 6.236454540696103, 43.812856449152463 ], [ 6.236206261232147, 43.812863487232704 ], [ 6.236186823628432, 43.812503910371667 ], [ 6.236435101607498, 43.812496872379263 ], [ 6.236425382198354, 43.812317083981576 ], [ 6.235680550218174, 43.812338196211684 ], [ 6.235661116124753, 43.811978619130656 ], [ 6.235412840102704, 43.811985655375963 ], [ 6.235393407854433, 43.811626078177554 ], [ 6.235145133227141, 43.811633113796596 ], [ 6.235125702823962, 43.811273536480783 ], [ 6.235373975966453, 43.811266500949529 ], [ 6.235364260157569, 43.811086712324396 ], [ 6.236853892666465, 43.811044488092904 ], [ 6.236844172493369, 43.810864699723837 ], [ 6.237837256061008, 43.810836539643098 ], [ 6.237856702436341, 43.811196116022451 ], [ 6.238104974587677, 43.811189074568354 ], [ 6.23809525061256, 43.811009286426291 ], [ 6.238343521931372, 43.811002244477685 ], [ 6.238333797304031, 43.810822456372136 ], [ 6.238582067790319, 43.810815413929021 ], [ 6.238591793160033, 43.810995201990593 ], [ 6.238840064298532, 43.810988158965081 ], [ 6.238810886232775, 43.810448794890007 ], [ 6.239059155054024, 43.810441751457908 ], [ 6.239068881728135, 43.810621539446402 ], [ 6.239317151201568, 43.810614495431928 ], [ 6.239307423785103, 43.810434707487381 ], [ 6.23955569242601, 43.810427662978462 ], [ 6.239565420584825, 43.810607450879047 ], [ 6.239813689877899, 43.810600405787739 ], [ 6.239823418869259, 43.81078019363693 ], [ 6.240071688814498, 43.810773147963239 ], [ 6.240081418638416, 43.810952935761136 ], [ 6.24032968923582, 43.810945889505028 ], [ 6.240349150639005, 43.811305464990646 ], [ 6.240100878556852, 43.811312511334648 ], [ 6.240091148552533, 43.811132723551594 ], [ 6.239594605602387, 43.811146814536393 ], [ 6.239614062731694, 43.811506390270935 ], [ 6.23936578963657, 43.811513435043601 ], [ 6.239375517594115, 43.811693222943724 ], [ 6.239127243666412, 43.811700267221866 ], [ 6.239136970971736, 43.811880055158539 ], [ 6.238392146420383, 43.811901184894168 ], [ 6.238421322195665, 43.81244054905526 ], [ 6.238669599363538, 43.812433506216692 ], [ 6.238679325544718, 43.812613294211644 ], [ 6.238927603364855, 43.812606250790644 ], [ 6.238917876441246, 43.812426462839646 ], [ 6.239414430326129, 43.812412374470178 ], [ 6.239424158734598, 43.812592162333281 ], [ 6.239672436284194, 43.812585117296912 ], [ 6.239691894856578, 43.812944692913 ], [ 6.240188452654921, 43.812930601049025 ], [ 6.240217645644703, 43.813469964153896 ], [ 6.240465926635922, 43.813462917282308 ], [ 6.240475658555409, 43.813642704925144 ], [ 6.240972221752108, 43.813628609478613 ], [ 6.24096248834769, 43.813448821923707 ], [ 6.241210769068224, 43.813441773436708 ], [ 6.241201035011584, 43.813261985918366 ], [ 6.241449314899422, 43.81325493693685 ], [ 6.241420111043613, 43.812715574469337 ], [ 6.241668388613883, 43.81270852508132 ], [ 6.24165865343334, 43.812528737621321 ], [ 6.241906930170932, 43.812521687738823 ], [ 6.241897194338221, 43.812341900315417 ], [ 6.241648918343049, 43.812348950153932 ], [ 6.241619713613668, 43.811809587707302 ], [ 6.242116261059321, 43.811795487755731 ], [ 6.242145470243136, 43.812334849938424 ], [ 6.242393746057786, 43.812327799022995 ], [ 6.24242295828124, 43.812867161007098 ], [ 6.242671236232893, 43.812860109421223 ], [ 6.24269071298477, 43.813219683952255 ], [ 6.242442433548235, 43.813226735626102 ], [ 6.242461909176329, 43.813586310215513 ], [ 6.242213628164611, 43.813593361438905 ], [ 6.242262315102307, 43.814492298002762 ], [ 6.241765745383262, 43.814506399273959 ], [ 6.241775481556617, 43.814686186652509 ], [ 6.241527195819196, 43.814693236524334 ], [ 6.241536931340304, 43.814873023939469 ], [ 6.241785217820237, 43.814865974023633 ], [ 6.241794954174119, 43.815045761387339 ], [ 6.242043241306303, 43.815038710889034 ], [ 6.242052978492969, 43.815218498201361 ], [ 6.242549553971561, 43.815204395501212 ], [ 6.242559292733555, 43.815384182718148 ], [ 6.243552445577352, 43.815355970679803 ], [ 6.243542703845257, 43.815176183638876 ], [ 6.243790991087916, 43.815169129327018 ], [ 6.243771506409641, 43.81480955531098 ], [ 6.243523220652006, 43.814816609534816 ], [ 6.243513479190849, 43.814636822471655 ], [ 6.243761764205981, 43.814629768291866 ], [ 6.24374228006961, 43.814270194231376 ], [ 6.243990563509445, 43.814263139601096 ], [ 6.244000306274959, 43.814442926591028 ], [ 6.24424859036696, 43.814435871378244 ], [ 6.24423884685896, 43.814256084432323 ], [ 6.244487130118145, 43.814249028725079 ], [ 6.244496874368632, 43.814428815627004 ], [ 6.245241725831596, 43.814407645142232 ], [ 6.245231979353661, 43.814227858372405 ], [ 6.244983696365503, 43.814234915695124 ], [ 6.244973950720398, 43.814055128873854 ], [ 6.245222232966082, 43.814048071595195 ], [ 6.245183248319311, 43.813328924412225 ], [ 6.245431527504813, 43.813321866771197 ], [ 6.245402287741123, 43.812782506438268 ], [ 6.245650564608971, 43.812775448390902 ], [ 6.245640817459366, 43.812595661642455 ], [ 6.245392541333938, 43.812602719645803 ], [ 6.245343810653296, 43.811703785572355 ], [ 6.246833443778471, 43.811661430796818 ], [ 6.246823693459145, 43.811481644224131 ], [ 6.247071964587978, 43.811474583254416 ], [ 6.247062213616677, 43.811294796718393 ], [ 6.24507604799445, 43.81135126904779 ], [ 6.245066303052429, 43.811171482152012 ], [ 6.245314573329108, 43.811164425039365 ], [ 6.24530482773507, 43.81098463818023 ], [ 6.245056558200751, 43.810991695248866 ], [ 6.245027324187737, 43.810452334494876 ], [ 6.245523858711969, 43.810438220083419 ], [ 6.245514112736974, 43.810258433238666 ], [ 6.246258911618708, 43.810237257715457 ], [ 6.246268659820682, 43.810417044428107 ], [ 6.246765193441326, 43.810402924632513 ], [ 6.246784693085722, 43.810762497859365 ], [ 6.247032961245141, 43.810755437065858 ], [ 6.24704271194526, 43.810935223624114 ], [ 6.247290980756628, 43.810928162248132 ], [ 6.247300732289489, 43.811107948754916 ], [ 6.247549001752806, 43.811100886796467 ], [ 6.247558754118423, 43.811280673251787 ], [ 6.247807024233686, 43.811273610710849 ], [ 6.247816777432074, 43.81145339711469 ], [ 6.248313318876069, 43.811439270329387 ], [ 6.248323073649605, 43.81161905663766 ], [ 6.248571344978325, 43.81161199239331 ], [ 6.248581100584666, 43.811791778650125 ], [ 6.249077644455526, 43.811777648457962 ], [ 6.249087401637057, 43.811957434619181 ], [ 6.249335674179189, 43.811950368671376 ], [ 6.249345432193559, 43.812130154781109 ], [ 6.249593705387611, 43.812123088250758 ], [ 6.24960346423483, 43.812302874308998 ], [ 6.249106916271487, 43.8123170069194 ], [ 6.249097158909046, 43.812137220772996 ], [ 6.248848885534077, 43.812144286226463 ], [ 6.248839129004473, 43.811964500028573 ], [ 6.248342583467972, 43.811978629232037 ], [ 6.248332828513571, 43.811798842938558 ], [ 6.248084556352047, 43.811805906688555 ], [ 6.24814308298058, 43.812884624602603 ], [ 6.247894806274243, 43.812891688078579 ], [ 6.247904560286415, 43.813071474415743 ], [ 6.248401115093502, 43.813057346837169 ], [ 6.248420626358843, 43.813416919312928 ], [ 6.247924068582032, 43.813431047067766 ], [ 6.247933822865481, 43.813610833382661 ], [ 6.248926941027106, 43.813582575542824 ], [ 6.248936698370774, 43.813762361674023 ], [ 6.249184978427506, 43.813755295823803 ], [ 6.249204494871124, 43.814114867975775 ], [ 6.248707931697385, 43.814128999314057 ], [ 6.24872744553299, 43.814488571612685 ], [ 6.248230879027555, 43.814502700973385 ], [ 6.248240634596074, 43.814682487199732 ], [ 6.24774406624391, 43.814696614494615 ], [ 6.247753820417889, 43.814876400801701 ], [ 6.247257250219029, 43.814890526030737 ], [ 6.247267002998434, 43.815070312418555 ], [ 6.246273858545782, 43.815098556590947 ], [ 6.246264108736385, 43.814918770026949 ], [ 6.246015823139738, 43.814925829679744 ], [ 6.245996325277098, 43.814566256441402 ], [ 6.245499756782659, 43.814580373955366 ], [ 6.245538746929434, 43.815299520754763 ], [ 6.24479388459998, 43.815320693515432 ], [ 6.244803630135024, 43.815500480328843 ], [ 6.244555341768641, 43.815507536882755 ], [ 6.244565086651502, 43.815687323732817 ], [ 6.244813375760416, 43.815680267134844 ], [ 6.244842613178703, 43.816219627508438 ], [ 6.244594321842151, 43.816226684238437 ], [ 6.244643048966842, 43.817125618266381 ], [ 6.245387933844007, 43.817104445800297 ], [ 6.245378186010614, 43.816924659141634 ], [ 6.246123067846679, 43.81690348196085 ], [ 6.246142568059357, 43.817263055006521 ], [ 6.246390863309108, 43.817255994781107 ], [ 6.246420116533882, 43.817795354161902 ], [ 6.246171819056327, 43.817802414519484 ], [ 6.246181569569443, 43.817982201008974 ], [ 6.245684972857918, 43.817996320196535 ], [ 6.245694721976186, 43.818176106766728 ], [ 6.245446422742218, 43.818183165596722 ], [ 6.245475668411415, 43.818722525394911 ], [ 6.245227366859151, 43.81872958381846 ], [ 6.245207871141261, 43.81837001053902 ], [ 6.244711270736197, 43.818384125594292 ], [ 6.244701524498079, 43.818204338855367 ], [ 6.24445322490264, 43.818211395531144 ], [ 6.244482461660145, 43.818750755857721 ], [ 6.244730763483509, 43.818743699049854 ], [ 6.244740509992705, 43.81892348576654 ], [ 6.244988812468366, 43.818916428376106 ], [ 6.245008307243175, 43.819276001699166 ], [ 6.245256611113796, 43.819268943682069 ], [ 6.245266359379429, 43.819448730288443 ], [ 6.245514663902349, 43.81944167168875 ], [ 6.24554391146959, 43.819981031331331 ], [ 6.244798990945509, 43.82000220591101 ], [ 6.24480873808726, 43.820181992575833 ], [ 6.244312122467282, 43.8201961063574 ], [ 6.244321868213976, 43.820375893102877 ], [ 6.243576941878223, 43.820397059867759 ] ], [ [ 6.243479510757637, 43.818599190759208 ], [ 6.243976113551476, 43.818585081001537 ], [ 6.24394688152085, 43.818045720388625 ], [ 6.243450283182847, 43.818059829882216 ], [ 6.243460025617453, 43.818239616848622 ], [ 6.243211725570331, 43.818246670831577 ], [ 6.243221467352621, 43.818426457834605 ], [ 6.243469768142383, 43.818419403807638 ], [ 6.243479510757637, 43.818599190759208 ] ], [ [ 6.242856279956984, 43.816276066269886 ], [ 6.243104571925814, 43.816269013309558 ], [ 6.243094831227255, 43.816089226217663 ], [ 6.243343122363224, 43.816082172762798 ], [ 6.243323639751921, 43.81572259864479 ], [ 6.243075350101049, 43.815729652011655 ], [ 6.243085090619002, 43.815909439118371 ], [ 6.242836800135282, 43.815916491990713 ], [ 6.242856279956984, 43.816276066269886 ] ], [ [ 6.248221123549477, 43.814322914739577 ], [ 6.248469406104943, 43.814315850372594 ], [ 6.248459649974836, 43.814136064175479 ], [ 6.248211368161839, 43.814143128498422 ], [ 6.248221123549477, 43.814322914739577 ] ], [ [ 6.236157667898595, 43.811964545024665 ], [ 6.236902494883628, 43.811943429827252 ], [ 6.236892774259969, 43.811763641495183 ], [ 6.23664449943081, 43.811770680388861 ], [ 6.236634779639668, 43.811590892005469 ], [ 6.236386505462809, 43.811597930316786 ], [ 6.236367067635639, 43.81123835343999 ], [ 6.236118794853471, 43.811245391125027 ], [ 6.236157667898595, 43.811964545024665 ] ], [ [ 6.237150770365084, 43.8119363903512 ], [ 6.237647321057619, 43.811922309783732 ], [ 6.237637598206728, 43.81174252158344 ], [ 6.23714104899901, 43.811756602063056 ], [ 6.237150770365084, 43.8119363903512 ] ], [ [ 6.236892774259969, 43.811763641495183 ], [ 6.23714104899901, 43.811756602063056 ], [ 6.237131327723063, 43.811576813767502 ], [ 6.236883053726421, 43.811583853155703 ], [ 6.236892774259969, 43.811763641495183 ] ] ] } },
{ "type": "Feature", "properties": { "surface_ha": 1.76 }, "geometry": { "type": "Polygon", "coordinates": [ [ [ 6.180990466482006, 43.812614630016455 ], [ 6.180980913368974, 43.812434831850894 ], [ 6.180484330845172, 43.812448666338277 ], [ 6.180474779305895, 43.812268868079073 ], [ 6.180226488653754, 43.812275784471794 ], [ 6.180216937945619, 43.812095986162049 ], [ 6.179968647947525, 43.812102901973063 ], [ 6.179959098070516, 43.81192310361287 ], [ 6.179710808726466, 43.811930018842162 ], [ 6.179701259680574, 43.81175022043147 ], [ 6.179204682212052, 43.811764049188191 ], [ 6.179195134739832, 43.811584250683865 ], [ 6.178946846615367, 43.811591164211272 ], [ 6.178937299974229, 43.811411365656447 ], [ 6.179185587356127, 43.811404452172198 ], [ 6.179176040060935, 43.811224653653184 ], [ 6.179672613074069, 43.811210825155335 ], [ 6.179663064382285, 43.81103102671527 ], [ 6.179911350013517, 43.811024111701698 ], [ 6.179901800667716, 43.810844313297459 ], [ 6.180150085467874, 43.810837397788475 ], [ 6.180140535468069, 43.810657599420047 ], [ 6.180637103317695, 43.810643766872857 ], [ 6.180646654802567, 43.810823565154998 ], [ 6.180398370179494, 43.810830481740993 ], [ 6.180407921010375, 43.811010280058959 ], [ 6.180656206375991, 43.811003363429776 ], [ 6.180713517676169, 43.81208215292439 ], [ 6.181210097052483, 43.812068317532557 ], [ 6.181219650730969, 43.812248115669625 ], [ 6.181467941028857, 43.812241197122724 ], [ 6.18148705013674, 43.812600793288503 ], [ 6.180990466482006, 43.812614630016455 ] ] ] } },
{ "type": "Feature", "properties": { "surface_ha": 2.2 }, "geometry": { "type": "Polygon", "coordinates": [ [ [ 6.182938563291261, 43.811840078854736 ], [ 6.182929004591942, 43.811660281005217 ], [ 6.182680717053354, 43.811667202653851 ], [ 6.182671159185208, 43.811487404753791 ], [ 6.182422872300569, 43.811494325820696 ], [ 6.182413315263586, 43.811314527870117 ], [ 6.182165029032899, 43.811321448355322 ], [ 6.182136360681189, 43.810782054329984 ], [ 6.182384644684256, 43.81077513397431 ], [ 6.1823655314077, 43.810415538007064 ], [ 6.182613813837126, 43.810408617199265 ], [ 6.182604256589236, 43.810228819247783 ], [ 6.182852538187542, 43.810221897944615 ], [ 6.182833422472569, 43.809862302106055 ], [ 6.183081702497271, 43.809855380350804 ], [ 6.183091261052948, 43.810035178230535 ], [ 6.183339541731528, 43.810028255893592 ], [ 6.183349101118326, 43.810208053722832 ], [ 6.183597382450785, 43.810201130804167 ], [ 6.18360694266871, 43.810380928582852 ], [ 6.183855224655047, 43.81037400508248 ], [ 6.183874346841836, 43.810733600531456 ], [ 6.184122630224563, 43.810726676406183 ], [ 6.184132192193443, 43.81090647407644 ], [ 6.184380476230048, 43.810899549369424 ], [ 6.18439003903011, 43.811079346989132 ], [ 6.183893469383189, 43.811093195951038 ], [ 6.183912592279111, 43.811452791341239 ], [ 6.18366430583759, 43.81145971510081 ], [ 6.183673866675965, 43.811639512828101 ], [ 6.183425579403254, 43.811646436092353 ], [ 6.183435139587701, 43.811826233855491 ], [ 6.182938563291261, 43.811840078854736 ] ] ] } },
{ "type": "Feature", "properties": { "surface_ha": 8.84 }, "geometry": { "type": "Polygon", "coordinates": [ [ [ 6.211826208247142, 43.812651643239313 ], [ 6.211816562612142, 43.812471850488592 ], [ 6.211568278716697, 43.812478834996007 ], [ 6.211558633913626, 43.812299042194347 ], [ 6.211310350671273, 43.812306026119664 ], [ 6.211281419026022, 43.811766647539727 ], [ 6.211529700040896, 43.811759663745114 ], [ 6.211539344575727, 43.811939456568894 ], [ 6.211787626243675, 43.81193247219224 ], [ 6.211797271610409, 43.812112264965059 ], [ 6.212542118305179, 43.812091308473299 ], [ 6.212532470710971, 43.811911515831234 ], [ 6.212780752021202, 43.811904529300591 ], [ 6.212771103773957, 43.811724736694721 ], [ 6.213019384252257, 43.811717749669157 ], [ 6.213009735351982, 43.811537957099524 ], [ 6.212761455616153, 43.811544944081469 ], [ 6.212751807547797, 43.811365151460855 ], [ 6.212255249292749, 43.811379123722148 ], [ 6.212264895876169, 43.811558916429938 ], [ 6.21176833577846, 43.81157288662444 ], [ 6.211758690679982, 43.81139309382948 ], [ 6.211013852090221, 43.811414044951867 ], [ 6.211004209308556, 43.811234252018828 ], [ 6.210755930342301, 43.811241234605724 ], [ 6.210765572381501, 43.811421027582334 ], [ 6.21051729258339, 43.811428009674344 ], [ 6.210526933969502, 43.811607802687156 ], [ 6.209782091811474, 43.811628745862912 ], [ 6.209791731059516, 43.811808538998989 ], [ 6.209295167689033, 43.811822498510828 ], [ 6.209304805541452, 43.81200229172665 ], [ 6.209056522979685, 43.812009270718328 ], [ 6.209037248849181, 43.811649684192247 ], [ 6.208788967683057, 43.811656662558356 ], [ 6.20876969539488, 43.811297075915661 ], [ 6.209017975076043, 43.811290097636629 ], [ 6.209008338323489, 43.811110304347778 ], [ 6.209753174603519, 43.811089366410371 ], [ 6.209762813583476, 43.811269159568575 ], [ 6.210011092907242, 43.811262179135589 ], [ 6.210001453184819, 43.811082386020949 ], [ 6.210249731676751, 43.811075405093021 ], [ 6.210240091301241, 43.810895612014541 ], [ 6.210736646532067, 43.810881648630392 ], [ 6.210727004761029, 43.810701855631649 ], [ 6.21097528149992, 43.810694873175414 ], [ 6.210965639075829, 43.810515080212895 ], [ 6.21121391498289, 43.810508097261781 ], [ 6.211204271905757, 43.810328304335414 ], [ 6.212445646387803, 43.810293381720633 ], [ 6.212455293177086, 43.810473174429106 ], [ 6.212951843828787, 43.810459201526768 ], [ 6.21292289927472, 43.809919823640833 ], [ 6.213171172239152, 43.809912836512744 ], [ 6.213180821076806, 43.810092629105156 ], [ 6.2134290946942, 43.810085641395041 ], [ 6.213448394122705, 43.810445226470591 ], [ 6.213696669135478, 43.810438238134786 ], [ 6.213706319726348, 43.810618030617867 ], [ 6.213954595392083, 43.810611041700035 ], [ 6.213944944058784, 43.81043124926051 ], [ 6.214193218892619, 43.810424259847807 ], [ 6.214222175388241, 43.81096363701333 ], [ 6.214718729242054, 43.810949656310811 ], [ 6.214709075502487, 43.810769864016947 ], [ 6.214957351552716, 43.810762872901613 ], [ 6.214938042857212, 43.810403288378893 ], [ 6.214689768291837, 43.810410279406987 ], [ 6.214660808147063, 43.809870902436749 ], [ 6.214412535719433, 43.809877892795541 ], [ 6.214402883259224, 43.809698100413755 ], [ 6.213906339620312, 43.809712079428792 ], [ 6.213887037937897, 43.809352494468662 ], [ 6.21413530831731, 43.809345505317587 ], [ 6.214144959856172, 43.809525297757723 ], [ 6.214393230888493, 43.809518308024593 ], [ 6.214373926415485, 43.809158723224158 ], [ 6.214622195873566, 43.809151733039819 ], [ 6.214602890273742, 43.808792148297115 ], [ 6.214851158157606, 43.808785157661553 ], [ 6.214831851431015, 43.808425572976546 ], [ 6.21557665009152, 43.808404598101056 ], [ 6.215557339268869, 43.80804501364829 ], [ 6.216053868292326, 43.808031027880382 ], [ 6.216073182084314, 43.808390612158632 ], [ 6.216321447946429, 43.808383618379786 ], [ 6.216340763581208, 43.808743202541237 ], [ 6.216589030838485, 43.8087362081367 ], [ 6.216598689532526, 43.808916000162739 ], [ 6.216350421532893, 43.808922994610924 ], [ 6.216379395925163, 43.809462370775641 ], [ 6.216131125608887, 43.809469364816309 ], [ 6.216121468130971, 43.809289572725142 ], [ 6.215873198467541, 43.809296566183718 ], [ 6.21588285520308, 43.809476358318541 ], [ 6.21563458470775, 43.809483351282317 ], [ 6.215644240790423, 43.809663143453363 ], [ 6.21539596946319, 43.809670135922353 ], [ 6.215415280412294, 43.810029720329588 ], [ 6.215167007510753, 43.810036712347355 ], [ 6.215224938051839, 43.811115465653735 ], [ 6.21472838307112, 43.811129448597384 ], [ 6.214738036989683, 43.811309240876533 ], [ 6.214241480166067, 43.811323221753469 ], [ 6.214251132689207, 43.811503014112482 ], [ 6.213754574022727, 43.811516992922733 ], [ 6.213764225150419, 43.811696785361598 ], [ 6.213515944940496, 43.811703774002609 ], [ 6.213544896632953, 43.812243151405688 ], [ 6.21379317907033, 43.812236162633901 ], [ 6.213802830555917, 43.812415955043221 ], [ 6.212561413761915, 43.812450893735367 ], [ 6.212571061624446, 43.812630686355284 ], [ 6.211826208247142, 43.812651643239313 ] ] ] } },
{ "type": "Feature", "properties": { "surface_ha": 1.36 }, "geometry": { "type": "Polygon", "coordinates": [ [ [ 6.217027605892487, 43.807643465924968 ], [ 6.217008286878235, 43.80728388193679 ], [ 6.217256547928297, 43.807276886266166 ], [ 6.217246887813198, 43.807097094304666 ], [ 6.217495148031416, 43.807090098139284 ], [ 6.217485487263588, 43.806910306214036 ], [ 6.217237227787653, 43.806917302335783 ], [ 6.217227567851657, 43.806737510359518 ], [ 6.217475826585313, 43.806730514281448 ], [ 6.217446845087832, 43.806191138439331 ], [ 6.217695101505148, 43.806184141953814 ], [ 6.217704762657009, 43.80636393386493 ], [ 6.217953019727021, 43.806356936797386 ], [ 6.217943357832905, 43.806177144929933 ], [ 6.218191614071096, 43.806170147367681 ], [ 6.218201276707464, 43.806349939191477 ], [ 6.218449533598332, 43.806342941047163 ], [ 6.218439870219711, 43.806163149267043 ], [ 6.218688126278749, 43.806156150628027 ], [ 6.218717118910129, 43.806695525815236 ], [ 6.21846886062432, 43.806702524585248 ], [ 6.21848818800864, 43.80706210809381 ], [ 6.218239928148695, 43.807069106412754 ], [ 6.218249591232947, 43.807248898199632 ], [ 6.218001330541137, 43.807255896023875 ], [ 6.218020655493785, 43.807615479662807 ], [ 6.217027605892487, 43.807643465924968 ] ] ] } },
{ "type": "Feature", "properties": { "surface_ha": 319.06 }, "geometry": { "type": "Polygon", "coordinates": [ [ [ 6.230837881628771, 43.83318267306629 ], [ 6.230828172008403, 43.83300288432708 ], [ 6.230331443215084, 43.833016940602221 ], [ 6.230312027217386, 43.83265736292627 ], [ 6.230063664172166, 43.832664390167871 ], [ 6.230053957051567, 43.832484601274963 ], [ 6.229557232177551, 43.832498654053893 ], [ 6.229528115815085, 43.831959287067768 ], [ 6.229279755472724, 43.83196631251748 ], [ 6.229270050941755, 43.831786523463499 ], [ 6.229518410540917, 43.831779498057614 ], [ 6.229508705356738, 43.831599709040056 ], [ 6.228763628518893, 43.831620783509692 ], [ 6.228753925654268, 43.831440994353272 ], [ 6.228257208798891, 43.831455041217865 ], [ 6.228247507510606, 43.83127525196641 ], [ 6.22849586524009, 43.831268228847328 ], [ 6.22848616329858, 43.83108843963231 ], [ 6.228734520194929, 43.831081416018236 ], [ 6.228724817600208, 43.830901626839626 ], [ 6.228973173663421, 43.830894602730545 ], [ 6.228944064189591, 43.830355235281843 ], [ 6.228199002418457, 43.830376305598215 ], [ 6.228208703256986, 43.830556094886632 ], [ 6.226966928123776, 43.830591201523376 ], [ 6.226957231001013, 43.830411412015899 ], [ 6.226708876447749, 43.830418431683015 ], [ 6.226689483958257, 43.830058852558345 ], [ 6.226937837025228, 43.830051832978832 ], [ 6.226947533968162, 43.830231622501081 ], [ 6.227444241318641, 43.830217581638038 ], [ 6.227434542889425, 43.830037792203427 ], [ 6.227186190002286, 43.830044812860535 ], [ 6.227157097483573, 43.829505444380899 ], [ 6.226908746735896, 43.829512464367781 ], [ 6.226899050152605, 43.829332674816008 ], [ 6.226650700058135, 43.829339694220337 ], [ 6.22663130864749, 43.828980115006999 ], [ 6.225886262283326, 43.829001169724471 ], [ 6.22589595571439, 43.8291809594662 ], [ 6.225399256202662, 43.829194993338128 ], [ 6.225408948237381, 43.829374783159999 ], [ 6.2251605976036, 43.829381799331564 ], [ 6.225170288985068, 43.829561589189844 ], [ 6.224921937518305, 43.829568604866346 ], [ 6.224951009972476, 43.830107974528168 ], [ 6.224702656186448, 43.830114989797181 ], [ 6.224692966021678, 43.829935199873532 ], [ 6.223947906353954, 43.829956242316371 ], [ 6.223938218508446, 43.829776452254066 ], [ 6.22294480733313, 43.829804501126162 ], [ 6.222964177168814, 43.830164081593431 ], [ 6.222467468069729, 43.830178102971594 ], [ 6.222448101206639, 43.82981852232939 ], [ 6.222199748008711, 43.829825532122747 ], [ 6.22218038299104, 43.829465951363524 ], [ 6.220690270835978, 43.829507998284029 ], [ 6.220709626935975, 43.829867579567917 ], [ 6.220957980672484, 43.829860573007416 ], [ 6.220977338617751, 43.830220154174341 ], [ 6.220728983394929, 43.830227160822297 ], [ 6.220719305120582, 43.830047370198798 ], [ 6.220470950551179, 43.830054376264179 ], [ 6.220480628082366, 43.830234166931383 ], [ 6.22023227268007, 43.830241172501651 ], [ 6.220241949557822, 43.830420963205178 ], [ 6.220490305703288, 43.83041395759119 ], [ 6.220509661214339, 43.830773538888671 ], [ 6.220261303582516, 43.830780544590063 ], [ 6.220280657966135, 43.831140125945424 ], [ 6.22052901708434, 43.831133120156601 ], [ 6.220548373313298, 43.831492701394993 ], [ 6.220051652014332, 43.831506712608622 ], [ 6.220041975341402, 43.831326921905706 ], [ 6.219545255169946, 43.831340930876529 ], [ 6.219535580073152, 43.831161140078827 ], [ 6.219783939460534, 43.831154135906516 ], [ 6.219774263710252, 43.83097434514513 ], [ 6.220022622264718, 43.830967340477699 ], [ 6.219964565188034, 43.829888596016531 ], [ 6.219219502632625, 43.829909607615747 ], [ 6.21920982899665, 43.829729816715286 ], [ 6.21871312166418, 43.829743821666632 ], [ 6.218703449604193, 43.829564030671392 ], [ 6.218951802572127, 43.829557028508816 ], [ 6.218932457234929, 43.829197446583592 ], [ 6.219925862264635, 43.829169432894709 ], [ 6.219916186758073, 43.828989642095785 ], [ 6.220164537048107, 43.828982637370252 ], [ 6.220154860888147, 43.828802846607672 ], [ 6.220651559712824, 43.828788835627634 ], [ 6.220661237359011, 43.82896862630281 ], [ 6.220909587379863, 43.828961619960857 ], [ 6.2209192658589, 43.829141410584967 ], [ 6.221167616533131, 43.829134403660525 ], [ 6.221177295845033, 43.829314194233497 ], [ 6.221673998410481, 43.829300178680761 ], [ 6.221664317612335, 43.829120388195236 ], [ 6.222161018332486, 43.829106370574742 ], [ 6.222141654033037, 43.82874678975643 ], [ 6.222390002772236, 43.82873978022544 ], [ 6.222351272278274, 43.828020618675126 ], [ 6.222599617955344, 43.828013608780289 ], [ 6.22258993481323, 43.827833818417972 ], [ 6.222838279657448, 43.827826808028114 ], [ 6.222818912156452, 43.827467227368786 ], [ 6.223067255424762, 43.827460216527626 ], [ 6.223057571065902, 43.827280426230629 ], [ 6.222809228540634, 43.827287437028076 ], [ 6.222799545014607, 43.827107646679956 ], [ 6.222551203142597, 43.827114656894835 ], [ 6.222522155332308, 43.826575285674942 ], [ 6.222273815599602, 43.826582295219914 ], [ 6.222254452327652, 43.826222714282252 ], [ 6.222006113991201, 43.826229723201003 ], [ 6.22199643323288, 43.826049932677371 ], [ 6.221748095549673, 43.826056941013633 ], [ 6.221670658658127, 43.824618616208866 ], [ 6.221422326828955, 43.824625623656658 ], [ 6.221412648364315, 43.824445832979094 ], [ 6.220419323122086, 43.824473857208154 ], [ 6.220409647718935, 43.824294066348379 ], [ 6.220657978421134, 43.824287061142883 ], [ 6.220648302364761, 43.824107270319445 ], [ 6.220896632234314, 43.824100264618949 ], [ 6.220886955524728, 43.823920473831819 ], [ 6.221135284561636, 43.823913467636359 ], [ 6.221115929925799, 43.82355388612735 ], [ 6.221364257387155, 43.823546879480588 ], [ 6.221402969989415, 43.824266042294184 ], [ 6.221651300332712, 43.82425903493386 ], [ 6.221641621304615, 43.824079244285237 ], [ 6.221889950815244, 43.82407223642992 ], [ 6.221880271133969, 43.823892445817663 ], [ 6.222128599811927, 43.823885437467375 ], [ 6.222099559077873, 43.823346065717452 ], [ 6.221602906089646, 43.82336008161699 ], [ 6.221573870620669, 43.82282070953827 ], [ 6.222070519151579, 43.822806693901057 ], [ 6.222089879012691, 43.82316627511937 ], [ 6.222338204629287, 43.823159266405284 ], [ 6.222289801935267, 43.822260313522754 ], [ 6.222041480033024, 43.822267322018199 ], [ 6.222060839355647, 43.822626903280806 ], [ 6.22156419231048, 43.822640918830587 ], [ 6.221554514090027, 43.822461128115521 ], [ 6.221306191175706, 43.822468135038662 ], [ 6.221267482162607, 43.821748971929694 ], [ 6.22151580210553, 43.821741965181424 ], [ 6.22150612433373, 43.821562174429417 ], [ 6.221754443444088, 43.821555167186204 ], [ 6.221744765019193, 43.821375376470563 ], [ 6.221993083296995, 43.821368368732379 ], [ 6.221973725230776, 43.821008787366381 ], [ 6.222222041933213, 43.821001779176996 ], [ 6.222202682740348, 43.820642197868878 ], [ 6.222699312904794, 43.820628180049113 ], [ 6.222708993941939, 43.820807970619398 ], [ 6.222460678161799, 43.820814979842339 ], [ 6.22248003901976, 43.821174561048217 ], [ 6.222231721664262, 43.82118156981997 ], [ 6.222241401485059, 43.821361360455569 ], [ 6.222738037591932, 43.821347342285968 ], [ 6.222747718988119, 43.821527132826709 ], [ 6.223244356221588, 43.821513112415019 ], [ 6.223254039193186, 43.82169290286091 ], [ 6.223502358418087, 43.821685891803362 ], [ 6.223512042222294, 43.821865682198116 ], [ 6.223015402197056, 43.821879703862059 ], [ 6.223025084605371, 43.822059494336919 ], [ 6.223273405405719, 43.822052483730509 ], [ 6.223283088646651, 43.822232274154246 ], [ 6.224773016020195, 43.822190198941442 ], [ 6.224763328322207, 43.822010408780244 ], [ 6.225011648493958, 43.822003394403204 ], [ 6.225031025465442, 43.822362974630714 ], [ 6.224782703808005, 43.822369989095286 ], [ 6.224802079653092, 43.822729569380776 ], [ 6.225050402796242, 43.82272255482868 ], [ 6.225040714085927, 43.822542764733392 ], [ 6.225289036396386, 43.822535749686416 ], [ 6.225279347033051, 43.822355959627494 ], [ 6.225527668510821, 43.822348944085611 ], [ 6.225508288567971, 43.821989364033143 ], [ 6.225756608470222, 43.82198234804013 ], [ 6.225737227401085, 43.821622768045671 ], [ 6.226978818136259, 43.821587680438533 ], [ 6.226969124022396, 43.821407890649141 ], [ 6.227217441157008, 43.821400871555518 ], [ 6.227207746390221, 43.821221081802548 ], [ 6.227704378904181, 43.821207042087025 ], [ 6.227694682741689, 43.821027252414218 ], [ 6.227942998121033, 43.821020231792282 ], [ 6.227933301305653, 43.820840442155905 ], [ 6.228181615852307, 43.82083342103914 ], [ 6.228191313410473, 43.821013210631719 ], [ 6.22843962861, 43.8210061889325 ], [ 6.228459025481654, 43.821365768007887 ], [ 6.228210708796536, 43.821372789794708 ], [ 6.228220406624439, 43.821552579365111 ], [ 6.22772377149886, 43.821566621410412 ], [ 6.227743164453138, 43.821926200704254 ], [ 6.227494845269861, 43.821933221006539 ], [ 6.227504541139027, 43.822113010686202 ], [ 6.227256221123024, 43.822120030493629 ], [ 6.227275611645365, 43.822479609918311 ], [ 6.228020575880708, 43.822458548617263 ], [ 6.228030273505262, 43.822638338187147 ], [ 6.228526917364968, 43.822624294538812 ], [ 6.228517218254722, 43.822444505056566 ], [ 6.228765539306844, 43.822437482468217 ], [ 6.22874613987046, 43.822077903569202 ], [ 6.228994459346981, 43.822070880529814 ], [ 6.229023560864967, 43.822610248735813 ], [ 6.229520204005204, 43.822596200778179 ], [ 6.229529906176778, 43.822775990077737 ], [ 6.229778228354815, 43.822768965247107 ], [ 6.229787931359198, 43.822948754495442 ], [ 6.230036254190127, 43.822941729082295 ], [ 6.230045958027334, 43.823121518279407 ], [ 6.23029428151115, 43.823114492283743 ], [ 6.230303986181194, 43.823294281429618 ], [ 6.230800634364622, 43.823280227734614 ], [ 6.230810340610388, 43.823460016785432 ], [ 6.231555314439172, 43.823438932071269 ], [ 6.231545605964797, 43.823259143152022 ], [ 6.232290576754855, 43.823238053721347 ], [ 6.232280866141919, 43.82305826492626 ], [ 6.232529188815691, 43.823051234082563 ], [ 6.232519477549935, 43.822871445323955 ], [ 6.232767799390815, 43.822864413985442 ], [ 6.232758087472255, 43.822684625263278 ], [ 6.233006408480251, 43.822677593430001 ], [ 6.232986983427604, 43.822318016051248 ], [ 6.23273866390527, 43.822325047796774 ], [ 6.2326998178518, 43.821605892775075 ], [ 6.232948134402889, 43.82159886120499 ], [ 6.232938422371827, 43.821419072474939 ], [ 6.233186738090079, 43.821412040410102 ], [ 6.233177025406275, 43.821232251716516 ], [ 6.233425340291689, 43.821225219156908 ], [ 6.233415626955158, 43.821045430499829 ], [ 6.23416056884271, 43.821024329720863 ], [ 6.234131422688588, 43.82048496410011 ], [ 6.234628045706694, 43.820470894484359 ], [ 6.234589179487007, 43.819751740570894 ], [ 6.234340870993936, 43.819758775472529 ], [ 6.234331155406944, 43.819578986931788 ], [ 6.233834539636018, 43.819593055031469 ], [ 6.233805397871723, 43.81905368910153 ], [ 6.234550314708657, 43.819032586539095 ], [ 6.234560030768121, 43.819212375058143 ], [ 6.234808336942982, 43.819205339749608 ], [ 6.234788903428741, 43.818845762791852 ], [ 6.235285512537422, 43.818831690734562 ], [ 6.235266076412814, 43.818472113922866 ], [ 6.235017773388874, 43.818479150133008 ], [ 6.235008056204382, 43.818299361672153 ], [ 6.234759753833018, 43.818306397299814 ], [ 6.234750037481278, 43.818126608787672 ], [ 6.234501735762495, 43.818133643832873 ], [ 6.234482304814558, 43.817774066698583 ], [ 6.234730605048036, 43.817767031741162 ], [ 6.234711172975111, 43.817407454665094 ], [ 6.234214575388635, 43.817421523865782 ], [ 6.234204860972546, 43.817241735228862 ], [ 6.233956562786838, 43.817248768977485 ], [ 6.233937135710088, 43.816889191593688 ], [ 6.233440542038995, 43.816903257299749 ], [ 6.233450254047108, 43.817083046083098 ], [ 6.233698551670296, 43.81707601345547 ], [ 6.233717977441904, 43.817435590912233 ], [ 6.23346967833346, 43.817442623627635 ], [ 6.233459966145265, 43.817262834859072 ], [ 6.232466771781667, 43.817290960159482 ], [ 6.232457062654019, 43.81711117120804 ], [ 6.23096727286412, 43.817153342738735 ], [ 6.230957568282242, 43.816973553516824 ], [ 6.229964376259957, 43.81700165692402 ], [ 6.229974077871315, 43.8171814463213 ], [ 6.230222376754449, 43.817174421233503 ], [ 6.230241781732284, 43.817533999918247 ], [ 6.229993481363863, 43.817541025093682 ], [ 6.230003183245057, 43.817720814468785 ], [ 6.229754882044036, 43.817727839149519 ], [ 6.229745180905494, 43.817548049730583 ], [ 6.229000278990779, 43.817569120409821 ], [ 6.22898088143939, 43.817209541286886 ], [ 6.228484282683895, 43.817223585538258 ], [ 6.228474585528352, 43.817043795878064 ], [ 6.226984791560243, 43.817085915443819 ], [ 6.22699448425994, 43.8172657053668 ], [ 6.226746184208052, 43.817272723453243 ], [ 6.226726800383812, 43.816913143512323 ], [ 6.226975098950412, 43.816906125513448 ], [ 6.226965406430442, 43.816726335575694 ], [ 6.227462001808798, 43.816712298049865 ], [ 6.227471695814031, 43.816892087900058 ], [ 6.227719994111026, 43.816885068285515 ], [ 6.227700604705189, 43.816525488665363 ], [ 6.227452307893438, 43.816532508192296 ], [ 6.227442614067955, 43.816352718327366 ], [ 6.226946021660076, 43.816366755678004 ], [ 6.226955714000329, 43.816546545630551 ], [ 6.226707416918984, 43.816553563541845 ], [ 6.226688033813564, 43.816193983541808 ], [ 6.226439738127594, 43.816201000826986 ], [ 6.226459119747783, 43.816560580914569 ], [ 6.225962525135859, 43.816574614044377 ], [ 6.225943146486136, 43.816215033781674 ], [ 6.225198258350247, 43.816236079174551 ], [ 6.225207945402348, 43.81641586944091 ], [ 6.224959648434806, 43.816422883538507 ], [ 6.22497902132318, 43.816782464136587 ], [ 6.225723916412125, 43.816761419965466 ], [ 6.225733605218933, 43.816941210122131 ], [ 6.225981904144906, 43.816934194277522 ], [ 6.225972214595468, 43.816754404164612 ], [ 6.226220512688975, 43.816747387825266 ], [ 6.226230202981052, 43.816927177894357 ], [ 6.226478501727354, 43.816920160972629 ], [ 6.226497884066312, 43.817279741001109 ], [ 6.226249583834721, 43.817286758010397 ], [ 6.226268965047758, 43.817646338096857 ], [ 6.226020663241012, 43.81765335465515 ], [ 6.226030353239628, 43.81783314473109 ], [ 6.225037142143643, 43.817861205753445 ], [ 6.225027455115711, 43.817681415502449 ], [ 6.22428254807871, 43.817702455482838 ], [ 6.224292232878619, 43.817882245865121 ], [ 6.224540536056759, 43.817875233033149 ], [ 6.224550221689141, 43.818055023364302 ], [ 6.225295132912796, 43.818033981505621 ], [ 6.225304820863037, 43.818213771698062 ], [ 6.22455990741132, 43.818234813688051 ], [ 6.224608337369222, 43.819133765195978 ], [ 6.224856645656482, 43.819126751519136 ], [ 6.2248663326602, 43.81930654175482 ], [ 6.225114641600375, 43.819299527495581 ], [ 6.225124329436641, 43.819479317680099 ], [ 6.224876019753729, 43.819486331983065 ], [ 6.224885706937072, 43.819666122203962 ], [ 6.224637396421605, 43.819673136012099 ], [ 6.224647082952013, 43.819852926269377 ], [ 6.225143705378629, 43.819838898026944 ], [ 6.225182458340482, 43.820558058632024 ], [ 6.224934144201015, 43.820565073197599 ], [ 6.224905081573202, 43.820025702623589 ], [ 6.223663520670312, 43.820060766715599 ], [ 6.223673204409272, 43.82024055713309 ], [ 6.223424891216553, 43.820247568379358 ], [ 6.223405525313946, 43.819887987449505 ], [ 6.224398771603988, 43.819859939582635 ], [ 6.224389085816331, 43.819680149281616 ], [ 6.223395842497303, 43.819708196973508 ], [ 6.223386159770434, 43.8195284064901 ], [ 6.223137849458977, 43.819535417022784 ], [ 6.223147531443096, 43.819715207549891 ], [ 6.222650909065396, 43.819729227086881 ], [ 6.222660589653765, 43.819909017694101 ], [ 6.222163965431534, 43.819923035164024 ], [ 6.22218332390646, 43.820282616531237 ], [ 6.221935010175189, 43.820289624545687 ], [ 6.221944688804481, 43.82046941526194 ], [ 6.221696374240693, 43.820476422781489 ], [ 6.221706052216931, 43.820656213534065 ], [ 6.22046447433824, 43.820691243270851 ], [ 6.220474148690212, 43.8208710342346 ], [ 6.220225832102557, 43.820878038609713 ], [ 6.220235505801417, 43.821057829609778 ], [ 6.219987188381261, 43.821064833489935 ], [ 6.220006534562414, 43.82142441555532 ], [ 6.219509896481772, 43.821438421874483 ], [ 6.219500224832006, 43.821258630758088 ], [ 6.219251906400002, 43.821265633065984 ], [ 6.219261577306944, 43.82144542422607 ], [ 6.217523340572884, 43.821494425604669 ], [ 6.217513674865756, 43.821314634138851 ], [ 6.217017036477898, 43.821328629597446 ], [ 6.217007372346046, 43.821148838036983 ], [ 6.216262416320747, 43.821169827053957 ], [ 6.216252754506968, 43.820990035355138 ], [ 6.216501072528832, 43.820983039598445 ], [ 6.216472085396538, 43.82044366458863 ], [ 6.216223769603106, 43.820450660214377 ], [ 6.216233431148149, 43.820630451935315 ], [ 6.215736797806953, 43.82064444165816 ], [ 6.215727137747521, 43.820464649849917 ], [ 6.215478821685379, 43.820471643859733 ], [ 6.215488481002002, 43.820651435711596 ], [ 6.215240164107498, 43.820658429226391 ], [ 6.215249822770863, 43.820838221114521 ], [ 6.215001505043991, 43.820845214134287 ], [ 6.215011163054085, 43.82102500605869 ], [ 6.214762844494844, 43.821031998583436 ], [ 6.214772501851654, 43.821211790544091 ], [ 6.214524182460042, 43.82121878257378 ], [ 6.214543495956596, 43.821578366560175 ], [ 6.214295174989765, 43.821585358138464 ], [ 6.214333800085838, 43.822304526197215 ], [ 6.214582124024124, 43.822297534444431 ], [ 6.214572466872937, 43.822117742484458 ], [ 6.215069112995139, 43.822103757450115 ], [ 6.215088430358558, 43.822463341188218 ], [ 6.215585079094052, 43.822449353824652 ], [ 6.215614060268181, 43.822988729114691 ], [ 6.215117407075341, 43.823002716740078 ], [ 6.215136725334312, 43.823362300404391 ], [ 6.215633381498782, 43.823348312604459 ], [ 6.215662364016482, 43.823887687783809 ], [ 6.215414033750253, 43.823894682084045 ], [ 6.215423694025697, 43.824074473839389 ], [ 6.216168686784464, 43.824053489191648 ], [ 6.216178349378309, 43.824233280808663 ], [ 6.215185022549023, 43.82426125943612 ], [ 6.215194682260652, 43.824441051220312 ], [ 6.214698016822693, 43.824455037389015 ], [ 6.214707675137963, 43.8246348292531 ], [ 6.214956008644684, 43.824627836394498 ], [ 6.214975327029824, 43.824987420013294 ], [ 6.214478656954938, 43.825001405366272 ], [ 6.214440026486621, 43.824282237750161 ], [ 6.214191694286725, 43.824289229444076 ], [ 6.214182037636455, 43.824109437477993 ], [ 6.213933706089974, 43.824116428589555 ], [ 6.213924050272186, 43.823936636572462 ], [ 6.213675719379124, 43.823943627101684 ], [ 6.213685374453966, 43.824123419162397 ], [ 6.213437042728435, 43.824130409196535 ], [ 6.213427388396539, 43.823950617092208 ], [ 6.213179057324442, 43.823957606544006 ], [ 6.213208018359815, 43.824496982965648 ], [ 6.212711351489374, 43.824510960514708 ], [ 6.212701699207331, 43.824331168294314 ], [ 6.211708367364417, 43.824359116753378 ], [ 6.21172766607424, 43.824718701535495 ], [ 6.211479331403881, 43.824725687390597 ], [ 6.211508277910671, 43.825265064639261 ], [ 6.211756614809995, 43.825258078653384 ], [ 6.211766264567523, 43.82543787101126 ], [ 6.212014602120378, 43.825430884443051 ], [ 6.212024252710388, 43.825610676749989 ], [ 6.212272590916772, 43.825603689599468 ], [ 6.212282242339276, 43.825783481855375 ], [ 6.212033903389881, 43.825790469049501 ], [ 6.212043554158854, 43.825970261341652 ], [ 6.211795214376954, 43.825977248040644 ], [ 6.211785564351002, 43.82579745570488 ], [ 6.211537225222649, 43.825804441821511 ], [ 6.211546874505577, 43.825984234200853 ], [ 6.211298534544732, 43.82599121982232 ], [ 6.211308183174099, 43.826171012237872 ], [ 6.211556523877975, 43.826164026572826 ], [ 6.211575822891184, 43.82652361129464 ], [ 6.212569190756227, 43.826495662898111 ], [ 6.212540233454198, 43.825956286327468 ], [ 6.212788572967627, 43.825949298012226 ], [ 6.212769267061061, 43.825589713682113 ], [ 6.213762618275568, 43.825561755382466 ], [ 6.21377227415614, 43.825741547376772 ], [ 6.214268950712258, 43.825727564907254 ], [ 6.214317238888362, 43.826626524331978 ], [ 6.214565580747239, 43.826619532070943 ], [ 6.214594556956642, 43.827158907506359 ], [ 6.214842900955118, 43.827151914575687 ], [ 6.214862220361986, 43.827511498075161 ], [ 6.215855601404714, 43.827483520615679 ], [ 6.215865264214807, 43.827663312179759 ], [ 6.215616918345423, 43.827670307396453 ], [ 6.215636242748227, 43.828029890589839 ], [ 6.215884590103783, 43.828022895285848 ], [ 6.215903916351149, 43.828382478362435 ], [ 6.216152265103304, 43.828375482432364 ], [ 6.216161929104496, 43.828555273915939 ], [ 6.216410278510152, 43.828548277403414 ], [ 6.216429608267601, 43.828907860261133 ], [ 6.215684555323099, 43.828928848444136 ], [ 6.215694218106856, 43.829108639992839 ], [ 6.214949162126592, 43.829129623457526 ], [ 6.214929841107447, 43.828770040090888 ], [ 6.214681490421126, 43.828777033414219 ], [ 6.214671830789035, 43.828597241676185 ], [ 6.214423480756269, 43.828604234417092 ], [ 6.214413821956862, 43.828424442628062 ], [ 6.214165472577651, 43.828431434786552 ], [ 6.214155814610912, 43.828251642946505 ], [ 6.213907465885261, 43.828258634522562 ], [ 6.213897808751176, 43.828078842631534 ], [ 6.213649460679085, 43.828085833625195 ], [ 6.213639804377641, 43.827906041683143 ], [ 6.213391456959109, 43.827913032094379 ], [ 6.213381801490293, 43.827733240101367 ], [ 6.212388413893335, 43.827761196183985 ], [ 6.212378761486398, 43.827581404009166 ], [ 6.211882068637072, 43.827595378730543 ], [ 6.211891719557831, 43.827775170992545 ], [ 6.211643372255844, 43.827782157588672 ], [ 6.211614421991277, 43.827242780649762 ], [ 6.211117731577394, 43.827256751964079 ], [ 6.211137028691962, 43.827616336771712 ], [ 6.210640334947888, 43.827630306105235 ], [ 6.210630687832047, 43.827450513617919 ], [ 6.210382341568921, 43.827457497432903 ], [ 6.210372695285614, 43.827277704894691 ], [ 6.209876003977206, 43.827291670821161 ], [ 6.20989529366091, 43.827651256064577 ], [ 6.209646946386383, 43.827658238306761 ], [ 6.209656590619278, 43.827838030960926 ], [ 6.209159894315755, 43.827851993916049 ], [ 6.209150251569059, 43.827672201174749 ], [ 6.208901904026282, 43.827679181800555 ], [ 6.208863336905933, 43.826960010587406 ], [ 6.208614992246098, 43.826966990500225 ], [ 6.208605351432579, 43.826787197634978 ], [ 6.208853695349346, 43.826780217765709 ], [ 6.208834412504363, 43.826420632100117 ], [ 6.209579439259903, 43.826399689520954 ], [ 6.209540865726241, 43.825680518624033 ], [ 6.209292526535947, 43.825687499848286 ], [ 6.209302169042214, 43.825867292627144 ], [ 6.208805488907359, 43.825881253546527 ], [ 6.208795847887142, 43.825701460680541 ], [ 6.208547508428649, 43.825708440288551 ], [ 6.208537868240847, 43.825528647371677 ], [ 6.208289529435989, 43.825535626397368 ], [ 6.208279890080589, 43.825355833429569 ], [ 6.208031551929373, 43.825362811872992 ], [ 6.208021913406356, 43.825183018854275 ], [ 6.207773575908781, 43.82518999671538 ], [ 6.207763938218138, 43.825010203645803 ], [ 6.207267264440917, 43.8250241576647 ], [ 6.207257628325632, 43.824844364500663 ], [ 6.207009292046001, 43.824851340658498 ], [ 6.207018927418286, 43.825031133866048 ], [ 6.206770590306314, 43.825038109528634 ], [ 6.206780225024931, 43.825217902772344 ], [ 6.205786872711736, 43.825245800209252 ], [ 6.205796504547619, 43.825425593619663 ], [ 6.205299826369114, 43.825439539192622 ], [ 6.20530945680825, 43.825619332682649 ], [ 6.204812776786511, 43.825633276187574 ], [ 6.204822405828875, 43.825813069757245 ], [ 6.204574064941042, 43.82582004074505 ], [ 6.204583693329642, 43.825999834350831 ], [ 6.203838667901382, 43.826020744212137 ], [ 6.2038482941501, 43.826200537941013 ], [ 6.202109893159123, 43.826249309064629 ], [ 6.202100272111812, 43.826069515031463 ], [ 6.201603586797533, 43.826083444702327 ], [ 6.20159396732554, 43.825903650574872 ], [ 6.201345625277663, 43.825910614558694 ], [ 6.201355244006599, 43.82609040872957 ], [ 6.200361871951065, 43.826118259450872 ], [ 6.200352256194366, 43.825938465106205 ], [ 6.200103913700628, 43.82594542639616 ], [ 6.200132759008996, 43.82648480953835 ], [ 6.200877792910338, 43.826463923661258 ], [ 6.200868175489171, 43.826284129418177 ], [ 6.20161320635872, 43.826263238822399 ], [ 6.201622826009104, 43.826443032935131 ], [ 6.20112613736578, 43.826456960624668 ], [ 6.201135755619199, 43.826636754816917 ], [ 6.200390719756122, 43.826657642440665 ], [ 6.200400335869464, 43.826837436755881 ], [ 6.199406950498084, 43.826865279551555 ], [ 6.199397337357103, 43.82668548506264 ], [ 6.199148991534496, 43.826692444371176 ], [ 6.199139379225736, 43.826512649831436 ], [ 6.198891034057088, 43.82651960855776 ], [ 6.198881422580535, 43.82633981396728 ], [ 6.198633078065847, 43.826346772111386 ], [ 6.198623467421491, 43.82616697747013 ], [ 6.198126779610933, 43.826180892055184 ], [ 6.198117170541827, 43.826001097319747 ], [ 6.198365513748588, 43.825994140340015 ], [ 6.19834629439155, 43.82563455093387 ], [ 6.19859463602309, 43.825627593502183 ], [ 6.198575415536366, 43.825268004153422 ], [ 6.198823755592711, 43.825261046269787 ], [ 6.198814144739978, 43.825081251627779 ], [ 6.199310823099252, 43.825067334331045 ], [ 6.199320435438051, 43.825247128886218 ], [ 6.199568775227033, 43.825240169386312 ], [ 6.199588001658096, 43.825599758387732 ], [ 6.200333024948443, 43.825578876394793 ], [ 6.200323409459218, 43.825399082028071 ], [ 6.201068429718038, 43.825378195316517 ], [ 6.201058812088872, 43.82519840107274 ], [ 6.201555490329489, 43.825184473991442 ], [ 6.201565109444713, 43.825364268148348 ], [ 6.202558467827734, 43.825336407346896 ], [ 6.202539223742279, 43.824976819373362 ], [ 6.203035899426427, 43.824962885913926 ], [ 6.203026276031504, 43.824783092003045 ], [ 6.20327461299673, 43.824776124508674 ], [ 6.203255364988567, 43.824416536751777 ], [ 6.204000370890825, 43.824395631297058 ], [ 6.204009997079267, 43.824575425048721 ], [ 6.204258332944514, 43.824568455442844 ], [ 6.20424870601308, 43.824388661734638 ], [ 6.205242045609423, 43.824360778097677 ], [ 6.205261305505489, 43.824720365158782 ], [ 6.205509641667352, 43.82471339281571 ], [ 6.20550001093168, 43.824533599332305 ], [ 6.205748346261254, 43.824526626493991 ], [ 6.205738714871893, 43.824346833046754 ], [ 6.205987049369179, 43.824339859713206 ], [ 6.205977417326141, 43.824160066302099 ], [ 6.203494075765344, 43.824229774959583 ], [ 6.203455578204851, 43.823510599501823 ], [ 6.203952241287394, 43.82349666242802 ], [ 6.203942615634458, 43.823316868632126 ], [ 6.20344595403782, 43.823330805618973 ], [ 6.20343632996002, 43.823151011728747 ], [ 6.203187999770793, 43.82315797937062 ], [ 6.203149507323634, 43.82243880356215 ], [ 6.202901180016902, 43.822445770491441 ], [ 6.202891557871081, 43.82226597647746 ], [ 6.203139884434903, 43.822259009591654 ], [ 6.203130261635392, 43.822079215613748 ], [ 6.203378587367088, 43.822072248232722 ], [ 6.203368963913899, 43.821892454290953 ], [ 6.203617288813469, 43.8218854864147 ], [ 6.203607664706616, 43.82170569250902 ], [ 6.203855988774063, 43.821698724137562 ], [ 6.203836739342297, 43.821339136391053 ], [ 6.204085061834751, 43.821332167567839 ], [ 6.204075436509854, 43.821152373727024 ], [ 6.204323758170197, 43.821145404408632 ], [ 6.204314132191686, 43.820965610603949 ], [ 6.204562453019919, 43.820958640790352 ], [ 6.204552826387803, 43.820778847021764 ], [ 6.204801146383931, 43.820771876712996 ], [ 6.204791519098226, 43.820592082980525 ], [ 6.20503983826225, 43.820585112176552 ], [ 6.205030210322968, 43.82040531848024 ], [ 6.205278528654888, 43.820398347181104 ], [ 6.205268900062044, 43.820218553520888 ], [ 6.205517217561864, 43.820211581726603 ], [ 6.205507588315472, 43.820031788102519 ], [ 6.205755904983193, 43.820024815813071 ], [ 6.20573664527262, 43.819665228629802 ], [ 6.20648159028321, 43.819644308790593 ], [ 6.206471958333457, 43.819464515318444 ], [ 6.206223644162018, 43.819471489093303 ], [ 6.206204382015992, 43.819111902039872 ], [ 6.205956069240831, 43.819118875189091 ], [ 6.205946439044536, 43.81893908160783 ], [ 6.206194751076921, 43.818932108502104 ], [ 6.20618512022714, 43.818752314956946 ], [ 6.206433431427462, 43.818745341356106 ], [ 6.206414168510259, 43.818385754330755 ], [ 6.206662478135768, 43.818378780278316 ], [ 6.206643214090263, 43.818019193310477 ], [ 6.206394905950243, 43.818026167275903 ], [ 6.206375643747402, 43.817666580191563 ], [ 6.206623950401963, 43.81765960631315 ], [ 6.206604687070863, 43.817300019286392 ], [ 6.206356381901735, 43.817306993077779 ], [ 6.206337120413228, 43.816947405934492 ], [ 6.206088816640214, 43.816954379100252 ], [ 6.206079186772588, 43.816774585474057 ], [ 6.204837670281914, 43.816809443006377 ], [ 6.204799166557784, 43.816090267558018 ], [ 6.205792368045984, 43.81606238330523 ], [ 6.205782739367411, 43.815882589598708 ], [ 6.206031038773644, 43.815875617232564 ], [ 6.206021409441687, 43.815695823562159 ], [ 6.206269708015991, 43.815688850700937 ], [ 6.206279338090602, 43.815868644327836 ], [ 6.206527637318277, 43.815861670884551 ], [ 6.206498745134359, 43.815322290112249 ], [ 6.206747042044812, 43.815315316260929 ], [ 6.206737410752785, 43.815135522698938 ], [ 6.206985706831317, 43.815128548352554 ], [ 6.206976074885961, 43.814948754826723 ], [ 6.207224370132576, 43.814941779985283 ], [ 6.207243635597837, 43.815301366942549 ], [ 6.207740228793633, 43.815287415469939 ], [ 6.207749863145489, 43.815467208850471 ], [ 6.207998160352041, 43.815460232262772 ], [ 6.208007795535859, 43.815640025592423 ], [ 6.208504391166242, 43.815626070714259 ], [ 6.208494754497151, 43.8154462774717 ], [ 6.208743051435696, 43.815439299268313 ], [ 6.208733414113319, 43.815259506061928 ], [ 6.208981710219889, 43.815252527363498 ], [ 6.208972072244239, 43.815072734193258 ], [ 6.209220367518832, 43.815065754999836 ], [ 6.209210728889925, 43.814885961865777 ], [ 6.20846584502593, 43.814906897699778 ], [ 6.208456208714204, 43.814727104427732 ], [ 6.208207914656793, 43.814734081918395 ], [ 6.208198279177006, 43.814554288595438 ], [ 6.207701692279405, 43.814568241874085 ], [ 6.207692058374141, 43.814388448456697 ], [ 6.20744376553396, 43.814395424244672 ], [ 6.207424499476558, 43.81403583730075 ], [ 6.208169373273624, 43.814014908582351 ], [ 6.208179008485426, 43.81419470192742 ], [ 6.208675592055339, 43.814180746668711 ], [ 6.208685228841643, 43.814360539919335 ], [ 6.20967839787965, 43.814332622765264 ], [ 6.20968803772566, 43.814512415834308 ], [ 6.209936330504343, 43.814505435155894 ], [ 6.209926689915743, 43.814325642130392 ], [ 6.210423273719787, 43.814311679245009 ], [ 6.210413631735402, 43.814131886299201 ], [ 6.210661922760762, 43.814124904092267 ], [ 6.210652280123195, 43.813945111182676 ], [ 6.211397150435153, 43.813924161461351 ], [ 6.211377860972844, 43.813564575881486 ], [ 6.211129572443382, 43.813571559573312 ], [ 6.211100641148153, 43.813032181017476 ], [ 6.211348927449987, 43.813025197456369 ], [ 6.211339283121196, 43.812845404633251 ], [ 6.212084139262618, 43.812824450849561 ], [ 6.212093785818991, 43.813004243541947 ], [ 6.212342071763135, 43.81299725782678 ], [ 6.212351719151474, 43.813177050468191 ], [ 6.212103432464797, 43.813184036226943 ], [ 6.212113079200035, 43.813363828904585 ], [ 6.21236136662925, 43.813356843102262 ], [ 6.212371014196468, 43.813536635728902 ], [ 6.212867590271655, 43.81352266242147 ], [ 6.212848292256501, 43.81316307733514 ], [ 6.213841437393053, 43.813135124606831 ], [ 6.21383178554955, 43.812955332226977 ], [ 6.214328356095918, 43.812941352718966 ], [ 6.214318702856862, 43.812761560418977 ], [ 6.215311839905558, 43.812733595115319 ], [ 6.215340808801463, 43.813272971469715 ], [ 6.215092522445995, 43.813279963734253 ], [ 6.215111834005809, 43.813639548020888 ], [ 6.214366969947097, 43.813660521845172 ], [ 6.214357316350057, 43.813480729574671 ], [ 6.213612453713499, 43.813501698421419 ], [ 6.213622105082905, 43.813681490822773 ], [ 6.213373816615876, 43.813688479404902 ], [ 6.213402769033277, 43.814227856695389 ], [ 6.214147640848958, 43.814206888940916 ], [ 6.214128334692509, 43.813847304349608 ], [ 6.214624912485261, 43.813833323328431 ], [ 6.214634567003853, 43.814013115540533 ], [ 6.215627724485452, 43.81398514686137 ], [ 6.215618066996642, 43.813805354823778 ], [ 6.21611464371516, 43.813791367340286 ], [ 6.216095326035977, 43.813431783417478 ], [ 6.216840185986904, 43.813410798415198 ], [ 6.216830525054047, 43.813231006573652 ], [ 6.217078810782709, 43.813224010539543 ], [ 6.217069149196896, 43.813044218734241 ], [ 6.21855885723253, 43.81300223148272 ], [ 6.218549191281235, 43.812822439931999 ], [ 6.219045758424617, 43.812808439960818 ], [ 6.219026423820875, 43.812448857011972 ], [ 6.21952298763579, 43.812434855061511 ], [ 6.219513318983388, 43.812255063663393 ], [ 6.220506442567614, 43.812227053475333 ], [ 6.220516114189935, 43.812406844698685 ], [ 6.220764395604328, 43.812399840761756 ], [ 6.220754723239533, 43.812220049582095 ], [ 6.221251284314353, 43.812206040180172 ], [ 6.221231936883907, 43.811846457973502 ], [ 6.221480215801868, 43.811839452552242 ], [ 6.221451193101466, 43.811300079317959 ], [ 6.221202916410843, 43.81130708460811 ], [ 6.221183569877191, 43.8109475023276 ], [ 6.220935294581752, 43.810954506991855 ], [ 6.220925622191863, 43.810774715796853 ], [ 6.220180797994822, 43.810795726427799 ], [ 6.220171127921845, 43.81061593509429 ], [ 6.220419402001434, 43.810608932132794 ], [ 6.220400060639605, 43.810249349531006 ], [ 6.220151788044831, 43.810256352405162 ], [ 6.220161457938515, 43.8104361437534 ], [ 6.219913184511692, 43.810443146132762 ], [ 6.219922853752613, 43.810622937517351 ], [ 6.219178030707101, 43.810643941555711 ], [ 6.219168363693419, 43.81046415004009 ], [ 6.219416637389136, 43.810457149276104 ], [ 6.219387634658594, 43.809917774815979 ], [ 6.219139363190076, 43.809924775448913 ], [ 6.219129696534859, 43.809744983903776 ], [ 6.21888142571911, 43.809751983954612 ], [ 6.218862094162273, 43.809392400754817 ], [ 6.219110363493268, 43.809385400791314 ], [ 6.219100697106891, 43.809205609224009 ], [ 6.219597234015308, 43.809191607769108 ], [ 6.219587566233825, 43.809011816281789 ], [ 6.219835833811243, 43.809004814790363 ], [ 6.219845502335082, 43.809184606234012 ], [ 6.220093770565224, 43.80917760416046 ], [ 6.220064763035557, 43.808638229938445 ], [ 6.219816497032459, 43.808645231880945 ], [ 6.219806828777508, 43.808465440415162 ], [ 6.220055094038272, 43.808458438516396 ], [ 6.220045425130622, 43.808278647086873 ], [ 6.220293689559421, 43.80827164469337 ], [ 6.220264681147332, 43.807732270491719 ], [ 6.220761205282133, 43.807718264351614 ], [ 6.220741863819749, 43.807358681688349 ], [ 6.219997081936864, 43.807379689828757 ], [ 6.219977745286767, 43.807020106873843 ], [ 6.220226004519469, 43.807013104786144 ], [ 6.220216335586588, 43.806833313341279 ], [ 6.219968077096159, 43.806840315385315 ], [ 6.219958408995177, 43.806660523889377 ], [ 6.220454924401875, 43.806646519350345 ], [ 6.220464593987384, 43.806826310758908 ], [ 6.220712852298544, 43.806819307638108 ], [ 6.220693511732637, 43.806459724901039 ], [ 6.220941768469629, 43.806452721329279 ], [ 6.220932097578896, 43.806272929993355 ], [ 6.221180353483989, 43.806265925926915 ], [ 6.221170681940665, 43.806086134627307 ], [ 6.221667191997393, 43.806072124966718 ], [ 6.221647846210794, 43.805712542520183 ], [ 6.221399592711718, 43.805719547532263 ], [ 6.221389920695138, 43.805539756254205 ], [ 6.221638173451997, 43.805532751285838 ], [ 6.221599483313461, 43.804813586274634 ], [ 6.221847733011852, 43.804806580942738 ], [ 6.221838059959195, 43.804626789715186 ], [ 6.221589811002987, 43.804633795003383 ], [ 6.221580138782175, 43.804454003724736 ], [ 6.221828386996206, 43.804446998480238 ], [ 6.221818714122885, 43.804267207237942 ], [ 6.222563456000444, 43.804246188405642 ], [ 6.222573131100266, 43.804425979516807 ], [ 6.22207663512057, 43.804439992697446 ], [ 6.222086308825734, 43.80461978388869 ], [ 6.222831054887269, 43.804598763179072 ], [ 6.222821378955586, 43.804418972118981 ], [ 6.223069626721211, 43.804411964182812 ], [ 6.223088980158623, 43.804771546208144 ], [ 6.223337229318894, 43.804764537646179 ], [ 6.223356584599497, 43.805124119554492 ], [ 6.223604835154429, 43.805117110366744 ], [ 6.223672586658067, 43.806375646507071 ], [ 6.223920842318791, 43.806368636474808 ], [ 6.22394020218328, 43.806728218075236 ], [ 6.224188459238764, 43.80672120741712 ], [ 6.22420782094671, 43.807080788900514 ], [ 6.224456079396972, 43.807073777616537 ], [ 6.22447544294844, 43.807433358982912 ], [ 6.224723702793495, 43.80742634707304 ], [ 6.224733385446139, 43.807606137701427 ], [ 6.224981645943712, 43.807599125209414 ], [ 6.225001013002868, 43.807958706356438 ], [ 6.225249274895257, 43.807951693238536 ], [ 6.225258959301788, 43.808131483757229 ], [ 6.225755484301822, 43.808117455818717 ], [ 6.225765170282743, 43.808297246242468 ], [ 6.226013433390381, 43.808290231421829 ], [ 6.226042494098858, 43.80882960251752 ], [ 6.226539024498631, 43.808815570998441 ], [ 6.226548713065718, 43.80899536126131 ], [ 6.226796978873211, 43.808988344650366 ], [ 6.226806668272452, 43.809168134862091 ], [ 6.227054934732457, 43.809161117668985 ], [ 6.227064624963864, 43.809340907829537 ], [ 6.22756115909905, 43.809326871740446 ], [ 6.227570850904984, 43.809506661806019 ], [ 6.227819118580158, 43.809499642910062 ], [ 6.22782881121829, 43.809679432924476 ], [ 6.228077079545961, 43.809672413446265 ], [ 6.228067386165477, 43.80949262347567 ], [ 6.228812188382241, 43.809471561941905 ], [ 6.228792797436823, 43.809111982241312 ], [ 6.228544531605782, 43.80911900320335 ], [ 6.228525142504529, 43.808759423385574 ], [ 6.228773406850921, 43.808752402511132 ], [ 6.228763711692788, 43.808572612634975 ], [ 6.229508501965736, 43.808551546912618 ], [ 6.229498804670563, 43.808371757160486 ], [ 6.230491854140029, 43.808343662168326 ], [ 6.23051125475871, 43.808703241314603 ], [ 6.231007781923137, 43.808689190412842 ], [ 6.231046590178192, 43.809408348266054 ], [ 6.231294856594785, 43.809401321832198 ], [ 6.231304559625741, 43.809581111233165 ], [ 6.231056292466811, 43.80958813771084 ], [ 6.231065994845375, 43.809767927148272 ], [ 6.230072922340891, 43.809796027850155 ], [ 6.230092321428989, 43.810155607053474 ], [ 6.230340591174725, 43.810148582597982 ], [ 6.230350291596024, 43.810328372144738 ], [ 6.23109510252074, 43.810307295416166 ], [ 6.23111450808739, 43.810666874224459 ], [ 6.231611051223638, 43.81065282020456 ], [ 6.231620755626659, 43.810832609509944 ], [ 6.231869027802228, 43.810825581648473 ], [ 6.231878733037602, 43.811005370902613 ], [ 6.232127005865585, 43.810998342458859 ], [ 6.232136711933333, 43.811178131661769 ], [ 6.232633258804148, 43.811164073071211 ], [ 6.232652674179206, 43.811523651279352 ], [ 6.23290094896443, 43.811516621088693 ], [ 6.23292036618431, 43.811876199179537 ], [ 6.232672089914248, 43.811883229457933 ], [ 6.232662382001728, 43.811703440372341 ], [ 6.232165830676458, 43.81171749922602 ], [ 6.232156124338767, 43.811537710045329 ], [ 6.2316595741384, 43.81155176665748 ], [ 6.231649869375515, 43.811371977381675 ], [ 6.231401594882784, 43.811379004836219 ], [ 6.231382187111721, 43.811019426174774 ], [ 6.230637367548225, 43.811040505044687 ], [ 6.230627666024813, 43.810860715571344 ], [ 6.22988284787906, 43.810881789463728 ], [ 6.22989254717528, 43.811061579068543 ], [ 6.229644273537787, 43.811068602666282 ], [ 6.229615178146052, 43.810529233698198 ], [ 6.229118635055704, 43.810543279015398 ], [ 6.229108938256368, 43.810363489256943 ], [ 6.228364125173803, 43.810384553063052 ], [ 6.228354430691486, 43.810204763165778 ], [ 6.227857889671821, 43.81021880292338 ], [ 6.227877275756797, 43.810578382885701 ], [ 6.22762900362741, 43.810585402044431 ], [ 6.227667773906078, 43.811304562055582 ], [ 6.227419498717217, 43.811311580851026 ], [ 6.227429190769104, 43.811491370879125 ], [ 6.227180914747969, 43.811498389179931 ], [ 6.227171223438507, 43.811318599108027 ], [ 6.226674672611563, 43.811332634006639 ], [ 6.22668436243618, 43.811512424166111 ], [ 6.226932638636994, 43.811505406942246 ], [ 6.226971401803538, 43.812224567331036 ], [ 6.22746795987517, 43.812210530917604 ], [ 6.227448575142429, 43.811850950913161 ], [ 6.227696852558577, 43.811843931986331 ], [ 6.227687159584551, 43.811664142016788 ], [ 6.227935436168402, 43.811657122595292 ], [ 6.227925742541809, 43.811477332662186 ], [ 6.228174018293367, 43.811470312746003 ], [ 6.22816432401422, 43.811290522849298 ], [ 6.228660873762875, 43.811276481489195 ], [ 6.22867056952686, 43.811456271298283 ], [ 6.228918845008783, 43.81144924976676 ], [ 6.228938238291261, 43.811808829275165 ], [ 6.228689961324487, 43.811815850894355 ], [ 6.228680265380731, 43.811636061100025 ], [ 6.228183712662385, 43.81165010263534 ], [ 6.228203101670047, 43.812009682391825 ], [ 6.229941045005172, 43.811960526981757 ], [ 6.229950744840915, 43.812140316542212 ], [ 6.230695578577435, 43.812119241729427 ], [ 6.230705280730438, 43.812299031150999 ], [ 6.231201837589958, 43.812284978495804 ], [ 6.231211541317803, 43.81246476782232 ], [ 6.231459820355078, 43.812457740643147 ], [ 6.231469524915338, 43.812637529918433 ], [ 6.232462643134501, 43.812609415641703 ], [ 6.232482058464626, 43.812968993819226 ], [ 6.232730339279366, 43.81296196381615 ], [ 6.232740047821895, 43.813141752849972 ], [ 6.232988329289097, 43.813134722264536 ], [ 6.2329786200041, 43.812954933274568 ], [ 6.233226900638822, 43.81294790219453 ], [ 6.233236610666288, 43.8131276911406 ], [ 6.233484891953463, 43.813120659478201 ], [ 6.233504313763407, 43.813480237260428 ], [ 6.233256030991279, 43.813487269010587 ], [ 6.233265741288805, 43.813667057934481 ], [ 6.233017457684167, 43.813674089190009 ], [ 6.23300774812913, 43.813494300222231 ], [ 6.232759465176966, 43.813501330895392 ], [ 6.232749756454427, 43.813321541876377 ], [ 6.232004909285377, 43.813342630533363 ], [ 6.232024322365534, 43.813702208827166 ], [ 6.232769173989514, 43.813681119907038 ], [ 6.23279830096721, 43.814220486897511 ], [ 6.232550014955036, 43.814227517207655 ], [ 6.232569431905178, 43.814587095252094 ], [ 6.232321144317954, 43.814594125111427 ], [ 6.232311436540404, 43.814414336049033 ], [ 6.231814862581018, 43.814428394064464 ], [ 6.231805156378512, 43.814248604906986 ], [ 6.231060296992136, 43.814269687759825 ], [ 6.23105059310716, 43.814089898463386 ], [ 6.230802307207616, 43.814096924960147 ], [ 6.230782901192571, 43.813737346257476 ], [ 6.230534616688088, 43.813744372128006 ], [ 6.230505510567643, 43.813205003887077 ], [ 6.230753792844648, 43.813197978148011 ], [ 6.230763495537336, 43.813377767525211 ], [ 6.231260061306455, 43.813363714343964 ], [ 6.231289174379219, 43.813903082168189 ], [ 6.231785744243448, 43.813889026569868 ], [ 6.231756626715712, 43.813349659008722 ], [ 6.231508344056071, 43.813356686945575 ], [ 6.231488934305763, 43.812997108446766 ], [ 6.230992371686485, 43.813011162529669 ], [ 6.230982668431226, 43.812831373181496 ], [ 6.230734387729119, 43.812838399371401 ], [ 6.230744090241907, 43.81301818876338 ], [ 6.230495808707381, 43.813025214458627 ], [ 6.230486106937064, 43.812845425022793 ], [ 6.230237826055069, 43.812852450135701 ], [ 6.230228125117158, 43.812672660648637 ], [ 6.22948328415899, 43.812693732625021 ], [ 6.229473585538392, 43.812513942999111 ], [ 6.229225305781632, 43.812520965870455 ], [ 6.229215607993404, 43.812341176193314 ], [ 6.228719049695086, 43.812355220232973 ], [ 6.228728745998398, 43.812535009997717 ], [ 6.228480465971941, 43.812542031253642 ], [ 6.228499857363303, 43.812901610848598 ], [ 6.2287481388747, 43.812894589505071 ], [ 6.228757835447689, 43.813074379247666 ], [ 6.229254399685747, 43.813060334857504 ], [ 6.229283494399041, 43.813599703778031 ], [ 6.228786925706031, 43.813613748431045 ], [ 6.228777228863355, 43.81343395871064 ], [ 6.228528945124501, 43.813440980185597 ], [ 6.228577426524303, 43.81433992893276 ], [ 6.228825713975725, 43.814332907238764 ], [ 6.228845108649979, 43.814692486598268 ], [ 6.22859681971348, 43.814699508379888 ], [ 6.228606516442913, 43.814879298092329 ], [ 6.228109936815136, 43.814893340127639 ], [ 6.228129327573458, 43.815252919705628 ], [ 6.227881036139618, 43.815259940003088 ], [ 6.227890730911034, 43.81543972982481 ], [ 6.227642438644743, 43.815446749627519 ], [ 6.22765213276346, 43.815626539485628 ], [ 6.227403839664717, 43.815633558793621 ], [ 6.227413533130722, 43.815813348688124 ], [ 6.227661826972055, 43.81580632933634 ], [ 6.227671521270524, 43.815986119179698 ], [ 6.227919815764574, 43.815979099245567 ], [ 6.227929510895518, 43.816158889037716 ], [ 6.228177806042284, 43.816151868521246 ], [ 6.228197198059044, 43.816511447995772 ], [ 6.229190383687985, 43.81648336019397 ], [ 6.229200082801673, 43.81666314974489 ], [ 6.229448379726738, 43.81665612640424 ], [ 6.229458079672967, 43.81683591590398 ], [ 6.229706377250725, 43.816828891980947 ], [ 6.229696676561875, 43.816649102525048 ], [ 6.229944973307078, 43.8166420781073 ], [ 6.229925570713963, 43.816282499260964 ], [ 6.229677275453979, 43.816289523591081 ], [ 6.229648174466631, 43.815750155134687 ], [ 6.229399881344492, 43.815757178794769 ], [ 6.229380482621066, 43.815397599699246 ], [ 6.229628774258053, 43.815390576126802 ], [ 6.229638474317377, 43.815570365634443 ], [ 6.229886766607007, 43.815563341479638 ], [ 6.229906168480609, 43.815922920385098 ], [ 6.230154462165467, 43.8159158956041 ], [ 6.230164163979764, 43.816095685001898 ], [ 6.230909046722402, 43.816074607296194 ], [ 6.230918750854432, 43.816254396555095 ], [ 6.231415340384892, 43.816240341970875 ], [ 6.23142504609209, 43.816420131134734 ], [ 6.231673341464948, 43.816413102990964 ], [ 6.231663635015151, 43.816233313870974 ], [ 6.232160224005701, 43.816219256055497 ], [ 6.232179639965688, 43.816578834112647 ], [ 6.232427935811162, 43.816571804309376 ], [ 6.232418227043565, 43.816392015328361 ], [ 6.232914816979274, 43.816377954193904 ], [ 6.232905106816498, 43.816198165293244 ], [ 6.232656812636247, 43.816205196085853 ], [ 6.232647103306079, 43.8160254071339 ], [ 6.231902222453021, 43.816046496148992 ], [ 6.231892515440616, 43.815866707058085 ], [ 6.231644222385519, 43.815873735608818 ], [ 6.231615104115961, 43.815334368160137 ], [ 6.231863394943349, 43.815327339740911 ], [ 6.231873101685781, 43.815507128854037 ], [ 6.232369684555702, 43.815493070312336 ], [ 6.232359976328149, 43.81531328128694 ], [ 6.232608266885545, 43.815306251252153 ], [ 6.23261797585566, 43.815486040233687 ], [ 6.232866267065607, 43.815479009616524 ], [ 6.2328759768683, 43.815658798546792 ], [ 6.233620852185694, 43.815637703332513 ], [ 6.233611140155308, 43.815457914533866 ], [ 6.233859431005141, 43.81545088176258 ], [ 6.233849718322238, 43.815271093000398 ], [ 6.234098008339473, 43.815264059734488 ], [ 6.234107721764928, 43.815443848452787 ], [ 6.234356012434661, 43.81543681460446 ], [ 6.234375441040862, 43.81579639193108 ], [ 6.235120316965051, 43.815775286891643 ], [ 6.235149467233019, 43.816314652431053 ], [ 6.235646055187538, 43.816300579448686 ], [ 6.235655773608877, 43.816480367859235 ], [ 6.236152362688175, 43.816466292634928 ], [ 6.236162082684806, 43.816646080950257 ], [ 6.236658672888837, 43.816632003483953 ], [ 6.236717003672443, 43.81771073269352 ], [ 6.236468704159791, 43.817717771959437 ], [ 6.2364881469901, 43.81807734839127 ], [ 6.236736447988043, 43.818070309037516 ], [ 6.236765615137462, 43.818609673497988 ], [ 6.236517311911537, 43.81861671298352 ], [ 6.23652703373228, 43.818796501166112 ], [ 6.237023641579335, 43.818782421568642 ], [ 6.237033364975574, 43.818962209656007 ], [ 6.237281669506565, 43.818955169005484 ], [ 6.237301118054864, 43.819314745070159 ], [ 6.237549423981079, 43.819307703793186 ], [ 6.237578599707822, 43.819847067702888 ], [ 6.237826907771987, 43.819840025755497 ], [ 6.237875539500233, 43.820738965237325 ], [ 6.238123851187884, 43.820731922531664 ], [ 6.238133578546815, 43.820911710361884 ], [ 6.237885266116415, 43.820918753111492 ], [ 6.237904719619316, 43.821278328837614 ], [ 6.237408091516929, 43.821292412896739 ], [ 6.237427542409447, 43.821651988768934 ], [ 6.237924173482943, 43.821637904534114 ], [ 6.237933900550032, 43.821817692371269 ], [ 6.237685584315585, 43.821824734801936 ], [ 6.237695310730063, 43.822004522675606 ], [ 6.237446993662644, 43.822011564611586 ], [ 6.2374567194245, 43.822191352521813 ], [ 6.237208401524103, 43.822198393963063 ], [ 6.237218126633323, 43.822378181909805 ], [ 6.236969807899952, 43.822385222856362 ], [ 6.236979532356517, 43.822565010839618 ], [ 6.236731212790168, 43.822572051291452 ], [ 6.236760384472346, 43.823111415328654 ], [ 6.237257027971876, 43.823097333622798 ], [ 6.237237577122261, 43.822737757781098 ], [ 6.237485897251107, 43.822730716208042 ], [ 6.237466445276529, 43.822371140424615 ], [ 6.237963082292409, 43.822357055838296 ], [ 6.23797280972024, 43.822536843645821 ], [ 6.238717766796077, 43.822515712594651 ], [ 6.238737226379247, 43.82287528792385 ], [ 6.238488905958524, 43.822882332234123 ], [ 6.23847917686466, 43.822702544529285 ], [ 6.23823085709656, 43.822709588256949 ], [ 6.238240585447597, 43.822889376005755 ], [ 6.237992264846473, 43.82289641923871 ], [ 6.238011720333465, 43.823255994801961 ], [ 6.237763398156472, 43.823263037584148 ], [ 6.237773125292409, 43.823442825398622 ], [ 6.238269771041899, 43.823428739207714 ], [ 6.238298957448002, 43.823968102343052 ], [ 6.238050632389771, 43.823975145839668 ], [ 6.238040904240402, 43.82379535809136 ], [ 6.237792579834843, 43.823802401005366 ], [ 6.23781203473803, 43.824161976582481 ], [ 6.238060360629335, 43.824154933580601 ], [ 6.238070088959097, 43.824334721314123 ], [ 6.238566741956872, 43.824320633606412 ], [ 6.238576471862611, 43.824500421244643 ], [ 6.238328144665939, 43.824507465411784 ], [ 6.238337873918996, 43.824687253086559 ], [ 6.238089545889219, 43.82469429675897 ], [ 6.23809927448958, 43.824874084470252 ], [ 6.2378509456267, 43.824881127647927 ], [ 6.237860673574354, 43.825060915395774 ], [ 6.237612343878367, 43.82506795807867 ], [ 6.237622071173297, 43.825247745863031 ], [ 6.237373740644202, 43.825254788051176 ], [ 6.237383467286396, 43.825434575872109 ], [ 6.23713513592419, 43.82544161756546 ], [ 6.237125410024926, 43.825261829700601 ], [ 6.236877079315471, 43.825268870811335 ], [ 6.236867354249306, 43.825089082895161 ], [ 6.237364014092194, 43.825075000222846 ], [ 6.237344561258718, 43.82471542454401 ], [ 6.236847904387474, 43.82472950704058 ], [ 6.236838179591807, 43.824549719102201 ], [ 6.23584486773899, 43.824577877455297 ], [ 6.235854589563043, 43.824757665569365 ], [ 6.235606260631572, 43.824764703854854 ], [ 6.235625703064261, 43.8251242801486 ], [ 6.235377372556826, 43.825131317983193 ], [ 6.235387093165441, 43.825311106162879 ], [ 6.235138761824947, 43.825318143502685 ], [ 6.235158201826689, 43.825677719927661 ], [ 6.234909868910195, 43.825684756816536 ], [ 6.234929307786522, 43.826044333299734 ], [ 6.235425976501201, 43.826030258807663 ], [ 6.235416255532065, 43.825850470657549 ], [ 6.235664589011254, 43.825843432647318 ], [ 6.2356548673893, 43.825663644533748 ], [ 6.235903200035406, 43.825656606028723 ], [ 6.235893477760649, 43.825476817951667 ], [ 6.236141809573668, 43.825469778951835 ], [ 6.236132086646125, 43.825289990911287 ], [ 6.236628748515851, 43.825275911383351 ], [ 6.236648197432828, 43.825635487281374 ], [ 6.236896529718317, 43.825628446621522 ], [ 6.236906255054994, 43.825808234515485 ], [ 6.236657922026564, 43.825815275219277 ], [ 6.23667737148453, 43.826174851072892 ], [ 6.237174040423032, 43.826160768950864 ], [ 6.237183766773193, 43.826340556778703 ], [ 6.237680436836892, 43.826326472413946 ], [ 6.237699892779646, 43.826686047871696 ], [ 6.237948229162146, 43.826679004793334 ], [ 6.237987145101998, 43.827398155444222 ], [ 6.237738805747535, 43.827405198698337 ], [ 6.23771934908319, 43.82704562329981 ], [ 6.236725996707394, 43.827073790577408 ], [ 6.236706546347738, 43.826714214797818 ], [ 6.236954883090989, 43.826707173874389 ], [ 6.236935431606066, 43.826347598153006 ], [ 6.236190425563661, 43.8263687190436 ], [ 6.236219596239506, 43.82690808300984 ], [ 6.236467933906075, 43.82690104311996 ], [ 6.236477658387996, 43.827080831049962 ], [ 6.236229319978433, 43.827087870983782 ], [ 6.236239043807521, 43.827267658950319 ], [ 6.235245686295739, 43.827295813473832 ], [ 6.235255407242949, 43.827475601608654 ], [ 6.235503747499122, 43.827468563741981 ], [ 6.235513469279481, 43.827648351825466 ], [ 6.235265128280292, 43.827655389736044 ], [ 6.235274849407768, 43.827835177856059 ], [ 6.235026507575419, 43.827842215271808 ], [ 6.235036228049999, 43.828022003428309 ], [ 6.234787885384491, 43.828029040349186 ], [ 6.234807325117949, 43.8283886167278 ], [ 6.235055669269546, 43.828381579719121 ], [ 6.235065390014516, 43.828561367853439 ], [ 6.234568700135087, 43.828575441419837 ], [ 6.234597858452386, 43.829114806041765 ], [ 6.23484620566637, 43.829107769396266 ], [ 6.234855926028793, 43.829287557544887 ], [ 6.234607578071729, 43.829294594234348 ], [ 6.234665897680387, 43.830373323234049 ], [ 6.234914250096091, 43.830366286281205 ], [ 6.234923971089444, 43.83054607437802 ], [ 6.235420677136697, 43.830531998768116 ], [ 6.235391509968318, 43.829992634718906 ], [ 6.235639860627359, 43.829985596237478 ], [ 6.235659306802368, 43.830345172189865 ], [ 6.235907658857488, 43.830338133081817 ], [ 6.235917382823353, 43.830517921002993 ], [ 6.236662440677084, 43.830496800314279 ], [ 6.236672166962507, 43.830676588096289 ], [ 6.236423813691641, 43.830683628908581 ], [ 6.236433539324111, 43.830863416727119 ], [ 6.236681893338115, 43.830856375870887 ], [ 6.236720799742419, 43.831575526895278 ], [ 6.236472442755796, 43.831582567927228 ], [ 6.236482168839173, 43.831762355708747 ], [ 6.236233811019195, 43.831769396245789 ], [ 6.236204635269111, 43.831230032747236 ], [ 6.235707923817633, 43.831244111941331 ], [ 6.23568847674105, 43.830884536062939 ], [ 6.235440122366366, 43.830891574763918 ], [ 6.235459567956648, 43.831251150730147 ], [ 6.234962855964224, 43.831265226691308 ], [ 6.234982298942453, 43.831624802803574 ], [ 6.234237225818766, 43.831645912967609 ], [ 6.234246945213554, 43.831825701144325 ], [ 6.233998586582224, 43.831832736831949 ], [ 6.234008305323948, 43.832012525045158 ], [ 6.233759945859312, 43.832019560237789 ], [ 6.233730792134035, 43.831480195444243 ], [ 6.233979149369124, 43.831473160383283 ], [ 6.233969430897746, 43.83129337214784 ], [ 6.232976004389458, 43.831321508983237 ], [ 6.232985719888156, 43.83150129739419 ], [ 6.232489004607125, 43.831515362666742 ], [ 6.232479290594772, 43.831335574168008 ], [ 6.232230933562321, 43.831342605952145 ], [ 6.232240646831497, 43.831522394494733 ], [ 6.231743931010048, 43.831536456534266 ], [ 6.231753642882922, 43.831716245157196 ], [ 6.231505284093933, 43.831723275412578 ], [ 6.231495572964242, 43.831543486745772 ], [ 6.230998856602504, 43.83155754555235 ], [ 6.231018275979173, 43.831917123053941 ], [ 6.230521556284537, 43.831931179880591 ], [ 6.230531264621519, 43.832110968707994 ], [ 6.230282903895964, 43.832117996356899 ], [ 6.230302319353564, 43.832477574077217 ], [ 6.230550681565544, 43.832470546340609 ], [ 6.230540973048521, 43.832290757528014 ], [ 6.230789334427263, 43.8322837292964 ], [ 6.230799043687504, 43.832463518065154 ], [ 6.231047405719431, 43.832456489250887 ], [ 6.231037695715976, 43.832276700525973 ], [ 6.231286056914655, 43.832269671216679 ], [ 6.231276346258028, 43.832089882528223 ], [ 6.231524706623456, 43.83208285272395 ], [ 6.231573264523125, 43.832981795872982 ], [ 6.231324900441595, 43.832988825896528 ], [ 6.231334611548446, 43.833168614548015 ], [ 6.230837881628771, 43.83318267306629 ] ], [ [ 6.234475863568949, 43.83145908864487 ], [ 6.234724220533677, 43.83145205196741 ], [ 6.234704779222051, 43.831092475752548 ], [ 6.234456423743651, 43.831099512342199 ], [ 6.234475863568949, 43.83145908864487 ] ], [ [ 6.232479290594772, 43.831335574168008 ], [ 6.232727647537155, 43.831328541845025 ], [ 6.23271793287171, 43.831148753382777 ], [ 6.232469576672496, 43.831155785661892 ], [ 6.232479290594772, 43.831335574168008 ] ], [ [ 6.234704779222051, 43.831092475752548 ], [ 6.234953134610322, 43.831085438624115 ], [ 6.234943413346556, 43.830905650549461 ], [ 6.23469505870144, 43.830912687634033 ], [ 6.234704779222051, 43.831092475752548 ] ], [ [ 6.23444670396619, 43.830919724179772 ], [ 6.23469505870144, 43.830912687634033 ], [ 6.234685338270959, 43.830732899508121 ], [ 6.23493369217293, 43.830725862467453 ], [ 6.234923971089444, 43.83054607437802 ], [ 6.234427264681642, 43.830560147832713 ], [ 6.23444670396619, 43.830919724179772 ] ], [ [ 6.229469885519924, 43.830880552895927 ], [ 6.230463308153035, 43.830852446760851 ], [ 6.230453600446173, 43.830672657881685 ], [ 6.22995689079593, 43.83068671193918 ], [ 6.229947184665378, 43.830506922964943 ], [ 6.229698830448405, 43.830513949141633 ], [ 6.229679419943577, 43.830154371083296 ], [ 6.229431067122895, 43.830161396633493 ], [ 6.229469885519924, 43.830880552895927 ] ], [ [ 6.235430399706456, 43.830711786769726 ], [ 6.235678753337998, 43.830704748112659 ], [ 6.235669030025103, 43.830524960154953 ], [ 6.235420677136697, 43.830531998768116 ], [ 6.235430399706456, 43.830711786769726 ] ], [ [ 6.229679419943577, 43.830154371083296 ], [ 6.230424477865661, 43.830133291199807 ], [ 6.230414770518844, 43.829953502291048 ], [ 6.229669714826146, 43.829974582043015 ], [ 6.229679419943577, 43.830154371083296 ] ], [ [ 6.231150115915294, 43.829752628905311 ], [ 6.231646817234003, 43.829738569898225 ], [ 6.231617684857059, 43.82919920376321 ], [ 6.231369336472032, 43.82920623340457 ], [ 6.231388756480422, 43.829565810923029 ], [ 6.23114040651916, 43.829572840113293 ], [ 6.231150115915294, 43.829752628905311 ] ], [ [ 6.220212919193743, 43.829881591072457 ], [ 6.220461273109725, 43.829874585589607 ], [ 6.220441918496012, 43.829515004218273 ], [ 6.220193566066319, 43.829522009613747 ], [ 6.220212919193743, 43.829881591072457 ] ], [ [ 6.227892449631337, 43.829304591810768 ], [ 6.228140799276196, 43.829297569712466 ], [ 6.228131099067292, 43.829117780372286 ], [ 6.227882750165536, 43.829124802426769 ], [ 6.227892449631337, 43.829304591810768 ] ], [ [ 6.224157505850794, 43.829230068588984 ], [ 6.224902556331467, 43.829209025054844 ], [ 6.224873485225104, 43.828669655282219 ], [ 6.22512183297633, 43.828662639824522 ], [ 6.22513152399836, 43.82884242971236 ], [ 6.225628220717417, 43.828828397093147 ], [ 6.225589451223777, 43.828109237847663 ], [ 6.22534110588151, 43.828116254251555 ], [ 6.225331414475836, 43.827936464377942 ], [ 6.225579759075042, 43.827929448017805 ], [ 6.22557006701617, 43.827749658180565 ], [ 6.225818410782451, 43.827742641325443 ], [ 6.22579902544821, 43.82738306171634 ], [ 6.22604736763853, 43.827376044410038 ], [ 6.226037674363179, 43.827196254638203 ], [ 6.226782698165744, 43.827175199617997 ], [ 6.226773002751192, 43.826995409970117 ], [ 6.227269683350717, 43.826981370683804 ], [ 6.227259986540027, 43.826801581116122 ], [ 6.227508325961913, 43.826794560708656 ], [ 6.227488931124249, 43.826434981638734 ], [ 6.227737268970209, 43.826427960780109 ], [ 6.227727570943257, 43.826248171277875 ], [ 6.227975907956303, 43.826241149924314 ], [ 6.227956510686186, 43.825881570985253 ], [ 6.22870151672786, 43.825860503955035 ], [ 6.228691815998778, 43.825680714605873 ], [ 6.228940150423156, 43.825673691228808 ], [ 6.228930449041054, 43.825493901916062 ], [ 6.229178782632521, 43.825486878044131 ], [ 6.229198186972599, 43.825846456574602 ], [ 6.228949851895206, 43.825853480534178 ], [ 6.228969255109164, 43.826213059122722 ], [ 6.2294659281459, 43.826199010489518 ], [ 6.229446521960035, 43.825839432076265 ], [ 6.230936529995127, 43.825797273773148 ], [ 6.230926822579367, 43.825617484818466 ], [ 6.231423489718501, 43.825603427828689 ], [ 6.231433198620179, 43.825783216695655 ], [ 6.232178200882586, 43.825762127039006 ], [ 6.23216848975204, 43.82558233830359 ], [ 6.23291348897522, 43.825561243930053 ], [ 6.232903775705874, 43.825381455318869 ], [ 6.233400439918482, 43.825367389797343 ], [ 6.233361581798269, 43.824648235629624 ], [ 6.232864923529073, 43.8246623008001 ], [ 6.232855210710014, 43.824482512151917 ], [ 6.23211022485956, 43.824503605735813 ], [ 6.232100514359272, 43.824323816948649 ], [ 6.231852186305284, 43.824330847022019 ], [ 6.231842476637929, 43.824151058183602 ], [ 6.231594149236816, 43.824158087674434 ], [ 6.231603858161269, 43.824337876556712 ], [ 6.231355529927238, 43.824344905552714 ], [ 6.231365238198801, 43.824524694471485 ], [ 6.230620250727922, 43.824545778358811 ], [ 6.230629956860748, 43.824725567401721 ], [ 6.230381626780873, 43.824732594330619 ], [ 6.230362216091051, 43.82437301614975 ], [ 6.230113887407026, 43.824380042452226 ], [ 6.230084774275881, 43.82384067499396 ], [ 6.229836447730579, 43.823847700626267 ], [ 6.229846151274759, 43.824027489830279 ], [ 6.229597823896595, 43.824034514967721 ], [ 6.229588121095316, 43.823854725719897 ], [ 6.229091467554902, 43.823868774291078 ], [ 6.229110870275826, 43.82422835295462 ], [ 6.228614213404013, 43.824242399546321 ], [ 6.228594813654699, 43.823882820707503 ], [ 6.227601504775144, 43.823910907076041 ], [ 6.227620898581213, 43.82427048626532 ], [ 6.227869227421795, 43.824263465393628 ], [ 6.227878925202607, 43.824443254933392 ], [ 6.228375584099844, 43.824429211486262 ], [ 6.228394982902928, 43.824788790368338 ], [ 6.228146652013418, 43.824795812448876 ], [ 6.228136953309839, 43.82461602296771 ], [ 6.227888623073337, 43.824623044465739 ], [ 6.227898321033983, 43.824802833990688 ], [ 6.227649989964632, 43.824809854993823 ], [ 6.22768877973462, 43.825529013194974 ], [ 6.227937113775766, 43.825521992016625 ], [ 6.227946812186013, 43.825701781504648 ], [ 6.227450142527877, 43.825715823410192 ], [ 6.227421052024651, 43.825176454661175 ], [ 6.227172719289595, 43.825183474674482 ], [ 6.227182415291142, 43.825363264308663 ], [ 6.225940746552724, 43.825398356513269 ], [ 6.225960131395852, 43.825757936197405 ], [ 6.226208466809235, 43.825750918746351 ], [ 6.226218160108578, 43.825930708533512 ], [ 6.226466496175064, 43.825923690499948 ], [ 6.22647619030727, 43.826103480235979 ], [ 6.226227853497801, 43.826110498313312 ], [ 6.226247240545876, 43.826470077850715 ], [ 6.225998902160536, 43.826477095476896 ], [ 6.226008595076388, 43.826656885278297 ], [ 6.225511916550082, 43.826670919001977 ], [ 6.225502225120247, 43.826491129113002 ], [ 6.22525388646531, 43.826498145122954 ], [ 6.225263577152136, 43.826677935055685 ], [ 6.225015237664338, 43.826684950570652 ], [ 6.225024927697996, 43.826864740539762 ], [ 6.224031565876334, 43.826892797387167 ], [ 6.224012191842992, 43.826533217091438 ], [ 6.224260530947119, 43.826526203775259 ], [ 6.224250843322169, 43.826346413660069 ], [ 6.224747519774928, 43.826332385498937 ], [ 6.224737830753803, 43.826152595463888 ], [ 6.224986168102432, 43.82614558061897 ], [ 6.224995857866557, 43.82632537061027 ], [ 6.225740871602349, 43.826304322711742 ], [ 6.225721487705988, 43.825944742984419 ], [ 6.22497647842815, 43.825965790620288 ], [ 6.224966788843713, 43.825786000614244 ], [ 6.224718452981058, 43.825793015371644 ], [ 6.224689386995691, 43.82525364517781 ], [ 6.22419271945872, 43.825267672813823 ], [ 6.224124912371369, 43.8240091414904 ], [ 6.223876583668729, 43.824016154194055 ], [ 6.223866898044125, 43.823836363931697 ], [ 6.223618569994592, 43.823843376052885 ], [ 6.223608885202697, 43.823663585739382 ], [ 6.223360557806276, 43.823670597278131 ], [ 6.223370241855264, 43.823850387635382 ], [ 6.223121913626147, 43.823857398679181 ], [ 6.223131597022007, 43.824037189072783 ], [ 6.222883267960194, 43.824044199621603 ], [ 6.222912316457691, 43.82458357088931 ], [ 6.222663985077312, 43.824590581030648 ], [ 6.222693032153967, 43.825129952363092 ], [ 6.222444698454958, 43.82513696209692 ], [ 6.222493108330007, 43.826035914388605 ], [ 6.222741445743915, 43.826028904436093 ], [ 6.222760811808347, 43.826388485213563 ], [ 6.223009150618481, 43.826381474634864 ], [ 6.223018834528382, 43.826561264968802 ], [ 6.223267173991736, 43.826554253807572 ], [ 6.223276858734446, 43.826734044090365 ], [ 6.223773538877794, 43.826720020064222 ], [ 6.223792911604719, 43.827079600432654 ], [ 6.224041253027732, 43.827072587523936 ], [ 6.224060627599991, 43.827432167775314 ], [ 6.223812284690901, 43.827439180771528 ], [ 6.223831658136342, 43.827798761080921 ], [ 6.224080002531539, 43.827791747997168 ], [ 6.224099377822387, 43.828151328189449 ], [ 6.224347723613891, 43.828144314479417 ], [ 6.224357412137129, 43.828324104520703 ], [ 6.22386071897814, 43.828338131489488 ], [ 6.223889780628324, 43.82887750183162 ], [ 6.223641431684818, 43.828884514639093 ], [ 6.223651118338086, 43.829064304782129 ], [ 6.224147817621485, 43.829050278540883 ], [ 6.224157505850794, 43.829230068588984 ] ], [ [ 6.228379447879106, 43.82911075777902 ], [ 6.22887614523288, 43.829096710976096 ], [ 6.228866442884639, 43.828916921759983 ], [ 6.229363138392379, 43.82890287288955 ], [ 6.22935343464793, 43.828723083753687 ], [ 6.229105087682128, 43.828730108414483 ], [ 6.229095384770729, 43.828550319227411 ], [ 6.228598692055388, 43.828564366845001 ], [ 6.228618094995822, 43.828923945387018 ], [ 6.228369747017052, 43.828930968475255 ], [ 6.228379447879106, 43.82911075777902 ] ], [ [ 6.223125363463666, 43.828538958154468 ], [ 6.223373711100603, 43.828531946512065 ], [ 6.22335433990894, 43.828172366086832 ], [ 6.223105993758172, 43.828179377641739 ], [ 6.223125363463666, 43.828538958154468 ] ], [ [ 6.227824555259341, 43.828046065967698 ], [ 6.228072899702625, 43.828039044176059 ], [ 6.228063200123296, 43.827859254784158 ], [ 6.227814856423066, 43.827866276531971 ], [ 6.227824555259341, 43.828046065967698 ] ], [ [ 6.215129887008336, 43.827864087901148 ], [ 6.215378233799974, 43.827857093718379 ], [ 6.215368572386451, 43.827677302074349 ], [ 6.215120226337898, 43.827684296213462 ], [ 6.215129887008336, 43.827864087901148 ] ], [ [ 6.237212946364769, 43.826879920217863 ], [ 6.23770962088632, 43.82686583558948 ], [ 6.237699892779646, 43.826686047871696 ], [ 6.23720321974406, 43.826700132412206 ], [ 6.237212946364769, 43.826879920217863 ] ], [ [ 6.231491453920709, 43.826861949742273 ], [ 6.231739792556095, 43.826854920132284 ], [ 6.231730082371283, 43.826675131353547 ], [ 6.231481744478893, 43.826682160919646 ], [ 6.231491453920709, 43.826861949742273 ] ], [ [ 6.209618014224227, 43.82711886029994 ], [ 6.209866359269497, 43.827111878188411 ], [ 6.209856714651216, 43.8269320855483 ], [ 6.210601747021225, 43.826911136111811 ], [ 6.210592100263181, 43.826731343595036 ], [ 6.210343756972346, 43.826738327235716 ], [ 6.210334111046798, 43.826558534667988 ], [ 6.21008576840958, 43.826565517726365 ], [ 6.210095413592068, 43.826745310337671 ], [ 6.20984707012236, 43.8267522929008 ], [ 6.20983742568293, 43.826572500245952 ], [ 6.209589082866856, 43.826579482226741 ], [ 6.209618014224227, 43.82711886029994 ] ], [ [ 6.211356427662906, 43.827069974205024 ], [ 6.212101460651878, 43.827049014939782 ], [ 6.212091809345989, 43.826869222691847 ], [ 6.211346778586211, 43.826890181826329 ], [ 6.211356427662906, 43.827069974205024 ] ], [ [ 6.225453769318942, 43.825592179557368 ], [ 6.225702104169079, 43.825585163227565 ], [ 6.225692412535416, 43.825405373338036 ], [ 6.225444078428245, 43.825412389624056 ], [ 6.225453769318942, 43.825592179557368 ] ], [ [ 6.203341983836251, 43.82603468142581 ], [ 6.203838667901382, 43.826020744212137 ], [ 6.203829041741921, 43.825840950475893 ], [ 6.203580700497029, 43.825847919308622 ], [ 6.203571075169863, 43.825668125521531 ], [ 6.203322734578764, 43.82567509377202 ], [ 6.203341983836251, 43.82603468142581 ] ], [ [ 6.225434387627401, 43.82523259968336 ], [ 6.226179387450446, 43.825211549340459 ], [ 6.226130923649897, 43.82431260018285 ], [ 6.225882594180102, 43.824319617283628 ], [ 6.225872902432515, 43.824139827386155 ], [ 6.226121231159392, 43.824132810329168 ], [ 6.226111538758754, 43.823953020468068 ], [ 6.226856522171435, 43.823931966196191 ], [ 6.22684682763196, 43.823752176459081 ], [ 6.22759180800697, 43.823731117470317 ], [ 6.227582111328701, 43.823551327857217 ], [ 6.227830437197681, 43.823544307160716 ], [ 6.227820739866432, 43.82336451758399 ], [ 6.227572414740335, 43.823371538236707 ], [ 6.227562718241876, 43.823191748608807 ], [ 6.227314393768753, 43.823198768679013 ], [ 6.227304698103065, 43.823018978999926 ], [ 6.226808050372884, 43.82303301743675 ], [ 6.226817744552829, 43.82321280720339 ], [ 6.226321094977377, 43.823226843573025 ], [ 6.22635017359918, 43.823766213091439 ], [ 6.226101846447981, 43.823773230599599 ], [ 6.226092154227074, 43.823593440723741 ], [ 6.225843827728906, 43.823600457649412 ], [ 6.225834136340751, 43.823420667722374 ], [ 6.225337484560641, 43.823434699870113 ], [ 6.225347174463013, 43.82361448988469 ], [ 6.225098847695299, 43.823621505194296 ], [ 6.225089158535819, 43.823441715135971 ], [ 6.224840832421162, 43.823448729863109 ], [ 6.224831144094407, 43.823268939753611 ], [ 6.224582818632809, 43.823275953898303 ], [ 6.224592506216678, 43.823455744051557 ], [ 6.224344179922373, 43.823462757701321 ], [ 6.224353866853167, 43.823642547890955 ], [ 6.224602193890367, 43.823635534197429 ], [ 6.224621569507216, 43.82399511446701 ], [ 6.224869897940404, 43.823988100147268 ], [ 6.224898964268127, 43.824527470364941 ], [ 6.225395625322534, 43.82451343984674 ], [ 6.225415006295269, 43.824873019779837 ], [ 6.225166674327111, 43.824880035395843 ], [ 6.225176364205304, 43.825059825395059 ], [ 6.225424696916409, 43.825052809735318 ], [ 6.225434387627401, 43.82523259968336 ] ], [ [ 6.233571051147067, 43.823922048125716 ], [ 6.234067702932655, 43.823907980074132 ], [ 6.234057986759405, 43.82372819161575 ], [ 6.233561336459573, 43.823742259579546 ], [ 6.233571051147067, 43.823922048125716 ] ], [ [ 6.236302631507763, 43.823844647177189 ], [ 6.236550956454354, 43.823837607495221 ], [ 6.236541232852373, 43.823657819475919 ], [ 6.236292908648652, 43.823664859113947 ], [ 6.236302631507763, 43.823844647177189 ] ], [ [ 6.20648371809582, 43.824325911429867 ], [ 6.206732052325159, 43.824318936480104 ], [ 6.206722418053197, 43.824139143199552 ], [ 6.20647408456683, 43.82414611810578 ], [ 6.20648371809582, 43.824325911429867 ] ], [ [ 6.206712783870563, 43.823959349911611 ], [ 6.206961116524631, 43.823952374510121 ], [ 6.206951481688366, 43.823772581258375 ], [ 6.206703149777256, 43.823779556616302 ], [ 6.206712783870563, 43.823959349911611 ] ], [ [ 6.20794480843941, 43.823744674439375 ], [ 6.208193139903789, 43.823737696387845 ], [ 6.208183501442105, 43.823557903346327 ], [ 6.207935170720676, 43.823564881354343 ], [ 6.20794480843941, 43.823744674439375 ] ], [ [ 6.224334493081392, 43.823282967504319 ], [ 6.224582818632809, 43.823275953898303 ], [ 6.22457313113876, 43.823096163737652 ], [ 6.224324806330226, 43.823103177299906 ], [ 6.224334493081392, 43.823282967504319 ] ], [ [ 6.234019122967241, 43.823009037708296 ], [ 6.234267445010589, 43.823002003093926 ], [ 6.234248012169316, 43.822642426183592 ], [ 6.233999691611648, 43.822649460710181 ], [ 6.234019122967241, 43.823009037708296 ] ], [ [ 6.206941846941432, 43.823592787999225 ], [ 6.207190178020258, 43.823585812146078 ], [ 6.207180542619709, 43.823406018923095 ], [ 6.206932212283831, 43.823412994732728 ], [ 6.206941846941432, 43.823592787999225 ] ], [ [ 6.213646754691708, 43.823404250875313 ], [ 6.214391740415929, 43.823383278064036 ], [ 6.214382083470408, 43.823203486104681 ], [ 6.214878738686383, 43.823189501624199 ], [ 6.214869080344584, 43.823009709744717 ], [ 6.214372426614425, 43.823023694137923 ], [ 6.214362769847978, 43.822843902163818 ], [ 6.214114443591494, 43.822850893508765 ], [ 6.214095131812985, 43.822491309451173 ], [ 6.213598482003017, 43.822505290350534 ], [ 6.213608136361726, 43.822685082470208 ], [ 6.213359810579576, 43.822692072155469 ], [ 6.213350156963758, 43.822512279992132 ], [ 6.212605181308984, 43.822533245684895 ], [ 6.212634135738853, 43.823072622545176 ], [ 6.213130790722272, 43.823058645693749 ], [ 6.213140443863699, 43.823238437878558 ], [ 6.213637099974938, 43.823224458785099 ], [ 6.213646754691708, 43.823404250875313 ] ], [ [ 6.211898802019425, 43.823273376184851 ], [ 6.212147130567243, 43.82326638960101 ], [ 6.212137480397479, 43.823086597241797 ], [ 6.211889152592578, 43.823093583782054 ], [ 6.211898802019425, 43.823273376184851 ] ], [ [ 6.207170907308502, 43.823226225692736 ], [ 6.207915895551284, 43.823205295162175 ], [ 6.207906258100621, 43.823025502055032 ], [ 6.208402914996512, 43.823011545761517 ], [ 6.208393276149367, 43.822831752734068 ], [ 6.207896620739318, 43.822845708940527 ], [ 6.207877346284777, 43.822486122689376 ], [ 6.207629019931537, 43.822493099897471 ], [ 6.207619383581198, 43.822313306717326 ], [ 6.208612685486409, 43.822285394826849 ], [ 6.208564490217306, 43.821386429686271 ], [ 6.208316168589431, 43.8213934082492 ], [ 6.208306530546574, 43.821213615155436 ], [ 6.207809888508467, 43.821227570578237 ], [ 6.207819525065608, 43.821407363759064 ], [ 6.207322881184391, 43.821421317114222 ], [ 6.207332516345144, 43.821601110374743 ], [ 6.207084193527663, 43.821608086287839 ], [ 6.207113097317285, 43.822147466155776 ], [ 6.20686477218183, 43.822154441660757 ], [ 6.206884040335765, 43.822514028289589 ], [ 6.206635713625182, 43.822521003342885 ], [ 6.206645347093227, 43.82270079668978 ], [ 6.207390329185727, 43.822679869783201 ], [ 6.207399964971845, 43.822859662992137 ], [ 6.207151636954093, 43.822866639209906 ], [ 6.207170907308502, 43.823226225692736 ] ], [ [ 6.208660882989845, 43.823184359783227 ], [ 6.209157540835338, 43.823170400170362 ], [ 6.209147899670053, 43.822990607280921 ], [ 6.209644555672137, 43.822976645600342 ], [ 6.20963491311041, 43.822796852790653 ], [ 6.208889931201942, 43.822817794372817 ], [ 6.208899571534921, 43.822997587313154 ], [ 6.208651243310404, 43.823004566806702 ], [ 6.208660882989845, 43.823184359783227 ] ], [ [ 6.211144168641099, 43.823114540170593 ], [ 6.211640824698211, 43.823100569783605 ], [ 6.211631176103745, 43.822920777329841 ], [ 6.21138284886283, 43.822927762749117 ], [ 6.211373201100732, 43.822747970244428 ], [ 6.21112487451327, 43.822754955081408 ], [ 6.211144168641099, 43.823114540170593 ] ], [ [ 6.224295746615597, 43.822563806642357 ], [ 6.224544069195523, 43.822556793211362 ], [ 6.224534382060747, 43.822377003021188 ], [ 6.224286060223674, 43.822384016408407 ], [ 6.224295746615597, 43.822563806642357 ] ], [ [ 6.212356855911744, 43.822540233171772 ], [ 6.212605181308984, 43.822533245684895 ], [ 6.212595530011329, 43.822353453383371 ], [ 6.213092179051568, 43.822339476880764 ], [ 6.213082526357639, 43.82215968465907 ], [ 6.213330850000638, 43.822152695643368 ], [ 6.213311543395532, 43.821793111265045 ], [ 6.212814898991517, 43.821807088583441 ], [ 6.212824550763588, 43.82198688086347 ], [ 6.212576227684479, 43.821993868758248 ], [ 6.212585878803163, 43.822173661074515 ], [ 6.212337554891697, 43.822180648474188 ], [ 6.212356855911744, 43.822540233171772 ] ], [ [ 6.209615628255166, 43.822437267149134 ], [ 6.210112279442198, 43.822423303575086 ], [ 6.210092991973007, 43.822063718078368 ], [ 6.209596343757531, 43.822077681478135 ], [ 6.209615628255166, 43.822437267149134 ] ], [ [ 6.210857255552112, 43.822402354173832 ], [ 6.211602230857098, 43.822381399924339 ], [ 6.211592582620467, 43.822201607441102 ], [ 6.211344258351137, 43.822208592686025 ], [ 6.211334610946838, 43.822028800151834 ], [ 6.210837963625602, 43.822042768938502 ], [ 6.210857255552112, 43.822402354173832 ] ], [ [ 6.211850555779859, 43.822374414097155 ], [ 6.212098880613156, 43.822367427731251 ], [ 6.212089230890752, 43.822187635335183 ], [ 6.21184090680034, 43.822194621657502 ], [ 6.211850555779859, 43.822374414097155 ] ], [ [ 6.209080414015934, 43.821732056848511 ], [ 6.209328736861409, 43.821725076582425 ], [ 6.209319095668352, 43.821545283677587 ], [ 6.209070773565744, 43.821552263900095 ], [ 6.209080414015934, 43.821732056848511 ] ], [ [ 6.212556925715552, 43.821634284103595 ], [ 6.212805247308935, 43.821627296296022 ], [ 6.212785944212229, 43.821267711699065 ], [ 6.212537624104547, 43.821274699419455 ], [ 6.212556925715552, 43.821634284103595 ] ], [ [ 6.208564490217306, 43.821386429686271 ], [ 6.208812811755812, 43.821379450584622 ], [ 6.208803172227243, 43.821199657577928 ], [ 6.208554851431592, 43.821206636636006 ], [ 6.208564490217306, 43.821386429686271 ] ], [ [ 6.214027543408229, 43.821232765017186 ], [ 6.214275862978899, 43.821225774064814 ], [ 6.214266207107753, 43.821045982016926 ], [ 6.214762844494844, 43.821031998583436 ], [ 6.214743530049843, 43.820672414640001 ], [ 6.214495212886708, 43.820679406538851 ], [ 6.214485556541323, 43.820499614512435 ], [ 6.213988923432093, 43.820513596606901 ], [ 6.21397926866185, 43.820333804485891 ], [ 6.213730952715768, 43.820340794681542 ], [ 6.213740606743203, 43.820520586846165 ], [ 6.213492289964804, 43.820527576546759 ], [ 6.213501943338934, 43.82070736874762 ], [ 6.213750260860148, 43.820700379003391 ], [ 6.213769569362564, 43.821059963295788 ], [ 6.214017888279918, 43.821052972925678 ], [ 6.214027543408229, 43.821232765017186 ] ], [ [ 6.206071638561028, 43.821276397589699 ], [ 6.206319960250042, 43.821269423918395 ], [ 6.206310328239383, 43.821089630469032 ], [ 6.206062007293228, 43.821096604096844 ], [ 6.206071638561028, 43.821276397589699 ] ], [ [ 6.207303611130886, 43.821061730571024 ], [ 6.207551931630449, 43.821054754249836 ], [ 6.207532660448585, 43.820695167764242 ], [ 6.207284341434708, 43.820702143998375 ], [ 6.207303611130886, 43.821061730571024 ] ], [ [ 6.218974577923935, 43.820733261179683 ], [ 6.22046447433824, 43.820691243270851 ], [ 6.22044512590338, 43.820331661321191 ], [ 6.220941754352831, 43.820317651217231 ], [ 6.220932078784381, 43.820137860318759 ], [ 6.22118039213177, 43.820130854502523 ], [ 6.221170715910258, 43.819951063640382 ], [ 6.220922403305639, 43.819958069412884 ], [ 6.220893377407638, 43.819418696650963 ], [ 6.220645066941594, 43.81942570175373 ], [ 6.22063539256441, 43.819245910774598 ], [ 6.220387082751415, 43.819252915295046 ], [ 6.220396756385854, 43.819432706317862 ], [ 6.220148445740426, 43.819439710343403 ], [ 6.220167791792847, 43.819799292454263 ], [ 6.218677917124066, 43.819841305820574 ], [ 6.218668248509601, 43.819661514506699 ], [ 6.218916560435777, 43.819654513669242 ], [ 6.218906891168191, 43.819474722391661 ], [ 6.218658579984775, 43.819481723185447 ], [ 6.218648911549591, 43.81930193185682 ], [ 6.217903979689795, 43.819322930875394 ], [ 6.217923312193253, 43.81968251378732 ], [ 6.217674999908551, 43.819689512470291 ], [ 6.217684665551938, 43.819869303958818 ], [ 6.217932978579412, 43.819862305232213 ], [ 6.217952311620595, 43.820221888099837 ], [ 6.218697254621926, 43.820200888426164 ], [ 6.218716592478366, 43.82056047100226 ], [ 6.218964908118445, 43.820553469946383 ], [ 6.218974577923935, 43.820733261179683 ] ], [ [ 6.209767527552493, 43.820632357417182 ], [ 6.210264163703489, 43.820618393637019 ], [ 6.21025452007546, 43.820438600862161 ], [ 6.210006202787489, 43.82044558297801 ], [ 6.209986917285292, 43.82008599731904 ], [ 6.210483548800577, 43.820072032722955 ], [ 6.210473904697981, 43.819892239969555 ], [ 6.210225589727842, 43.819899222493362 ], [ 6.210215946457455, 43.819719429689009 ], [ 6.209471003239007, 43.819740373897915 ], [ 6.209490285412394, 43.820099959760562 ], [ 6.208993653181945, 43.820113920047483 ], [ 6.209012932741626, 43.820473506054874 ], [ 6.20975788541011, 43.820452564555211 ], [ 6.209767527552493, 43.820632357417182 ] ], [ [ 6.211744421925418, 43.820396696855276 ], [ 6.211992738587367, 43.820389710968819 ], [ 6.211973441200231, 43.820030126007055 ], [ 6.212221756287111, 43.820023139669118 ], [ 6.212212106984938, 43.81984334722079 ], [ 6.211715478207306, 43.81985731927081 ], [ 6.211744421925418, 43.820396696855276 ] ], [ [ 6.215469162458312, 43.820291852000466 ], [ 6.215717477777654, 43.820284858034277 ], [ 6.215707817897347, 43.820105066211283 ], [ 6.215956132384332, 43.820098071750103 ], [ 6.215946471850802, 43.819918279963346 ], [ 6.215698158106603, 43.819925274380914 ], [ 6.215669179271726, 43.819385898845461 ], [ 6.215420867666287, 43.819392892593456 ], [ 6.215430526445587, 43.819572684489621 ], [ 6.215182214007827, 43.819579677742588 ], [ 6.21520153034953, 43.819939261600041 ], [ 6.215449844272843, 43.819932268259805 ], [ 6.215469162458312, 43.820291852000466 ] ], [ [ 6.235085796202896, 43.819737669151827 ], [ 6.235334104425696, 43.819730632634389 ], [ 6.235324385867838, 43.819550844269216 ], [ 6.235076078387752, 43.819557880742757 ], [ 6.235085796202896, 43.819737669151827 ] ], [ [ 6.207761707062949, 43.8203286045634 ], [ 6.208010024412491, 43.820321627339027 ], [ 6.208000387648597, 43.820141834157496 ], [ 6.208497020593994, 43.820127878179782 ], [ 6.20848738243383, 43.819948085077961 ], [ 6.208735698029682, 43.819941106324663 ], [ 6.208726059216079, 43.819761313259008 ], [ 6.208974373979764, 43.819754334010618 ], [ 6.208964734512731, 43.819574540981115 ], [ 6.209213048444251, 43.819567561237648 ], [ 6.209203408323809, 43.81938776824434 ], [ 6.211438222999592, 43.819324926706251 ], [ 6.21141892965698, 43.818965341481658 ], [ 6.211170618758425, 43.818972325942163 ], [ 6.211180264642249, 43.819152118601743 ], [ 6.2109319529115, 43.819159102567184 ], [ 6.210922307770438, 43.818979309864034 ], [ 6.209680751489291, 43.819014221393999 ], [ 6.209671110151451, 43.818834428465678 ], [ 6.209422799369785, 43.818841409112238 ], [ 6.209403518447777, 43.818481823146328 ], [ 6.209651827743937, 43.818474842586888 ], [ 6.209642186674262, 43.818295049636475 ], [ 6.209145569478046, 43.818309010129617 ], [ 6.209155209062239, 43.818488803167163 ], [ 6.208410280369413, 43.818509739997914 ], [ 6.208419917814722, 43.818689533158711 ], [ 6.208171607328978, 43.818696511068602 ], [ 6.208181244120879, 43.818876304265551 ], [ 6.207932932803029, 43.81888328168035 ], [ 6.20794256894151, 43.819063074913458 ], [ 6.207694256791548, 43.819070051833144 ], [ 6.207703892276593, 43.819249845102433 ], [ 6.207455579294519, 43.819256821526992 ], [ 6.207503754345813, 43.820155787980561 ], [ 6.207752071041875, 43.820148811338342 ], [ 6.207761707062949, 43.8203286045634 ] ], [ [ 6.217197703475604, 43.820063091364659 ], [ 6.217446017425078, 43.82005609367166 ], [ 6.217426687534237, 43.819696510614584 ], [ 6.217178375070316, 43.819703508220286 ], [ 6.217197703475604, 43.820063091364659 ] ], [ [ 6.236565921916588, 43.81951565382257 ], [ 6.236814228855954, 43.819508614117453 ], [ 6.236804505931969, 43.819328826008352 ], [ 6.236556199735309, 43.819335865669522 ], [ 6.236565921916588, 43.81951565382257 ] ], [ [ 6.210970534370005, 43.819878273305974 ], [ 6.211218849071876, 43.81987128916623 ], [ 6.21120920283032, 43.81969149653618 ], [ 6.210960888871237, 43.819698480632347 ], [ 6.210970534370005, 43.819878273305974 ] ], [ [ 6.221896296555358, 43.819570461606887 ], [ 6.222641228566777, 43.819549436472286 ], [ 6.22262186783879, 43.819189855220905 ], [ 6.22287017684429, 43.819182845852922 ], [ 6.222860495872189, 43.819003055259905 ], [ 6.222612187609423, 43.819010064584155 ], [ 6.222602507469802, 43.818830273939994 ], [ 6.222354199860011, 43.818837282681883 ], [ 6.222363879256907, 43.819017073369778 ], [ 6.222115570814648, 43.819024081616796 ], [ 6.222134928392192, 43.81938366305787 ], [ 6.221886618374727, 43.819390670853693 ], [ 6.221896296555358, 43.819570461606887 ] ], [ [ 6.212202457772228, 43.819663554765079 ], [ 6.212450771284066, 43.819656567975684 ], [ 6.212441121418037, 43.819476775556154 ], [ 6.212192808648979, 43.819483762301935 ], [ 6.212202457772228, 43.819663554765079 ] ], [ [ 6.211696182842481, 43.819497734177595 ], [ 6.212192808648979, 43.819483762301935 ], [ 6.21218315961519, 43.819303969831502 ], [ 6.211686535294239, 43.819317941619971 ], [ 6.211696182842481, 43.819497734177595 ] ], [ [ 6.212689434097629, 43.819469788271768 ], [ 6.213186059188381, 43.819455812087007 ], [ 6.213166755268124, 43.819096227487456 ], [ 6.212670133148438, 43.819110203497765 ], [ 6.212689434097629, 43.819469788271768 ] ], [ [ 6.213930996153325, 43.819434843770182 ], [ 6.21442762034909, 43.819420862199131 ], [ 6.214408309001205, 43.819061278035669 ], [ 6.214159998433603, 43.819068269003282 ], [ 6.214150343636692, 43.818888476866874 ], [ 6.213902033722329, 43.818895467252219 ], [ 6.213911687776488, 43.819075259432239 ], [ 6.213415066193742, 43.819089238674344 ], [ 6.213424718851885, 43.819269030934215 ], [ 6.213921341920153, 43.819255051604912 ], [ 6.213930996153325, 43.819434843770182 ] ], [ [ 6.206471958333457, 43.819464515318444 ], [ 6.206720272415593, 43.819457541004894 ], [ 6.206710639812352, 43.819277747568876 ], [ 6.206462326473006, 43.819284721838912 ], [ 6.206471958333457, 43.819464515318444 ] ], [ [ 6.221122336148347, 43.819052109218802 ], [ 6.221370644949499, 43.819045103126214 ], [ 6.221360968523512, 43.818865312263448 ], [ 6.221112660465087, 43.818872318312302 ], [ 6.221122336148347, 43.819052109218802 ] ], [ [ 6.215649860496264, 43.819026315118293 ], [ 6.216146480467449, 43.819012326180996 ], [ 6.21611749851949, 43.818472950796718 ], [ 6.21586919080689, 43.81847994540378 ], [ 6.215888510530494, 43.818839529087917 ], [ 6.215640201242865, 43.818846523243657 ], [ 6.215649860496264, 43.819026315118293 ] ], [ [ 6.222602507469802, 43.818830273939994 ], [ 6.222850814989845, 43.818823264659486 ], [ 6.222841134197258, 43.818643474051683 ], [ 6.223337747482645, 43.818629453962309 ], [ 6.22332806529439, 43.818449663434606 ], [ 6.223079759439287, 43.818456673704851 ], [ 6.22306039681747, 43.818097092539773 ], [ 6.222563787808784, 43.818111111289554 ], [ 6.222554108117889, 43.81793132060848 ], [ 6.222305804221617, 43.817938329131735 ], [ 6.222296125363149, 43.817758538399559 ], [ 6.221054608249337, 43.817793572718429 ], [ 6.221035258228364, 43.817433990794747 ], [ 6.22078695602183, 43.81744099595533 ], [ 6.220777281888561, 43.817261204938717 ], [ 6.221025583352423, 43.817254199821804 ], [ 6.221015908566186, 43.817074408841506 ], [ 6.220022705143272, 43.817102425902789 ], [ 6.219993690234517, 43.816563052393185 ], [ 6.220738586252374, 43.816542040798346 ], [ 6.220728912567546, 43.816362249744799 ], [ 6.221473805550327, 43.816341233433995 ], [ 6.22151250973949, 43.817060397079402 ], [ 6.222505711009533, 43.817032367092303 ], [ 6.222515390251726, 43.81721215781031 ], [ 6.222763691087565, 43.817205148923357 ], [ 6.222792731580583, 43.817744520901883 ], [ 6.223041034554683, 43.817737511345179 ], [ 6.223002311106158, 43.817018348867329 ], [ 6.223250611019848, 43.817011338946948 ], [ 6.223221567147924, 43.816471967142213 ], [ 6.222476673821372, 43.81649299489397 ], [ 6.222447637440824, 43.815953622629202 ], [ 6.221206157908001, 43.815988657455065 ], [ 6.221215832898701, 43.816168448435995 ], [ 6.220470941874725, 43.816189462999965 ], [ 6.220461269111889, 43.816009671887947 ], [ 6.219964676132754, 43.816023678817089 ], [ 6.219974347410344, 43.816203470016482 ], [ 6.219726050043654, 43.816210472716925 ], [ 6.219735720668277, 43.816390263952627 ], [ 6.219239124180667, 43.816404267825156 ], [ 6.219248793409666, 43.816584059140851 ], [ 6.219000494288751, 43.816591060312966 ], [ 6.218990825802392, 43.816411268953587 ], [ 6.218494228776939, 43.81642526959471 ], [ 6.218503895778008, 43.816605061041457 ], [ 6.218255596388198, 43.816612060597834 ], [ 6.218265262736244, 43.816791852080883 ], [ 6.218016962514164, 43.816798851142345 ], [ 6.218026628209169, 43.816978642661674 ], [ 6.218274929173908, 43.816971643556528 ], [ 6.218294262318095, 43.817331226485678 ], [ 6.217797657328323, 43.817345224332072 ], [ 6.217807322549489, 43.817525015872903 ], [ 6.217559019177506, 43.817532014031897 ], [ 6.217597677987468, 43.818251180296109 ], [ 6.218094290583414, 43.818237183090226 ], [ 6.218103956995351, 43.818416974550509 ], [ 6.218352263901611, 43.81840997509601 ], [ 6.218361931145887, 43.818589766505234 ], [ 6.219106853555034, 43.818568764779044 ], [ 6.219116523117115, 43.818748556049862 ], [ 6.219364831150268, 43.818741554353572 ], [ 6.219355160845458, 43.818561763126432 ], [ 6.21960346804623, 43.818554760935221 ], [ 6.219584126220157, 43.818195178546205 ], [ 6.220329042828199, 43.818174169003079 ], [ 6.220309696904591, 43.817814586846708 ], [ 6.22055800077586, 43.817807582675869 ], [ 6.220567674435517, 43.817987373714054 ], [ 6.22081597895979, 43.817980368960917 ], [ 6.220835328033568, 43.818339950927736 ], [ 6.22158024552439, 43.818318933174545 ], [ 6.221589922423949, 43.818498724015726 ], [ 6.222334841335441, 43.818477701283996 ], [ 6.222344520552856, 43.818657491986627 ], [ 6.222592827419929, 43.818650483288444 ], [ 6.222602507469802, 43.818830273939994 ] ], [ [ 6.213892379757677, 43.818715675064844 ], [ 6.214388998011404, 43.818701693842712 ], [ 6.214379342650783, 43.818521901735167 ], [ 6.214627650900634, 43.818514910359767 ], [ 6.214617994886803, 43.818335118288481 ], [ 6.214121379783039, 43.818349100413378 ], [ 6.214131034311411, 43.818528892571905 ], [ 6.213882725882532, 43.818535882870044 ], [ 6.213892379757677, 43.818715675064844 ] ], [ [ 6.211896255229905, 43.818591785865003 ], [ 6.212144564374627, 43.818584799875801 ], [ 6.21213491578813, 43.818405007368433 ], [ 6.212383224100659, 43.81839802088421 ], [ 6.212392873429894, 43.818577813347979 ], [ 6.213386108756263, 43.818549861850499 ], [ 6.213357152124198, 43.81801048496024 ], [ 6.212860539096331, 43.818024461524601 ], [ 6.212841238093237, 43.817664876719824 ], [ 6.213089543166488, 43.817657888794137 ], [ 6.213079892056448, 43.817478096424288 ], [ 6.213576500449108, 43.817464119044338 ], [ 6.213566847943161, 43.817284326754319 ], [ 6.213318544534265, 43.817291315670005 ], [ 6.213308892860491, 43.817111523328954 ], [ 6.212812287259631, 43.817125499457354 ], [ 6.2128026371607, 43.816945707021766 ], [ 6.212057730316454, 43.81696666704412 ], [ 6.212067378187338, 43.817146459610456 ], [ 6.211819074984334, 43.817153445250995 ], [ 6.211828722201975, 43.817333237853553 ], [ 6.211580418166839, 43.817340222999064 ], [ 6.211599711385043, 43.817699808269246 ], [ 6.211351405775065, 43.817706792963293 ], [ 6.211361051775611, 43.817886585630909 ], [ 6.211112745333486, 43.817893569829963 ], [ 6.211103100075656, 43.817713777118776 ], [ 6.210606488408574, 43.817727743813897 ], [ 6.210616132180972, 43.817907536612225 ], [ 6.210119518670814, 43.81792150124005 ], [ 6.210129161047172, 43.818101294118122 ], [ 6.210377468589678, 43.818094312029956 ], [ 6.210396755096067, 43.818453897676861 ], [ 6.210893372883794, 43.818439931710408 ], [ 6.210883728100422, 43.818260138977756 ], [ 6.211132036117423, 43.81825315523016 ], [ 6.21112239068074, 43.818073362533745 ], [ 6.211370697865587, 43.818066378291121 ], [ 6.211380344044996, 43.818246170944001 ], [ 6.211628651883137, 43.818239186119172 ], [ 6.211638298894713, 43.818418978721063 ], [ 6.211886607386146, 43.818411993314058 ], [ 6.211896255229905, 43.818591785865003 ] ], [ [ 6.216614113675989, 43.818458959966819 ], [ 6.217359035738869, 43.818437969682385 ], [ 6.217349371555083, 43.818258178091128 ], [ 6.217101065033098, 43.81826517534757 ], [ 6.217091401681621, 43.818085383705245 ], [ 6.216594789854308, 43.818099376514986 ], [ 6.216614113675989, 43.818458959966819 ] ], [ [ 6.207139830102398, 43.818005243763771 ], [ 6.207388137974496, 43.817998268182507 ], [ 6.207378503857502, 43.817818474818097 ], [ 6.207130196728134, 43.817825450355855 ], [ 6.207139830102398, 43.818005243763771 ] ], [ [ 6.207884753450719, 43.817984315404118 ], [ 6.208381368569598, 43.817970360471278 ], [ 6.208362094483135, 43.81761077408332 ], [ 6.208113788453812, 43.817617751731987 ], [ 6.208123424709648, 43.817797544973175 ], [ 6.207875117848266, 43.817804522126764 ], [ 6.207884753450719, 43.817984315404118 ] ], [ [ 6.215572588976537, 43.817587979914464 ], [ 6.216069197064201, 43.817573991675388 ], [ 6.216049877109017, 43.817214407975179 ], [ 6.215801574595335, 43.817221402276743 ], [ 6.215811233785462, 43.817401194174153 ], [ 6.215562930439545, 43.81740818798076 ], [ 6.215572588976537, 43.817587979914464 ] ], [ [ 6.217062412164739, 43.81754600873407 ], [ 6.217310715715919, 43.817539011652286 ], [ 6.21730105198012, 43.817359220024116 ], [ 6.217052749171621, 43.817366217062258 ], [ 6.217062412164739, 43.81754600873407 ] ], [ [ 6.23270536063733, 43.817104140734656 ], [ 6.23295365853062, 43.817097109722717 ], [ 6.232943948007745, 43.816917320851587 ], [ 6.232695650857075, 43.816924351819665 ], [ 6.23270536063733, 43.817104140734656 ] ], [ [ 6.23444344399954, 43.81705491234122 ], [ 6.234940038435378, 43.817040842238995 ], [ 6.23493032197157, 43.816861053718938 ], [ 6.235178618311753, 43.816854017903893 ], [ 6.23515918416918, 43.816494440929397 ], [ 6.234910889314197, 43.816501476656661 ], [ 6.234920605597843, 43.816681265191519 ], [ 6.23442401413245, 43.816695335118176 ], [ 6.23444344399954, 43.81705491234122 ] ], [ [ 6.209107012034993, 43.817589837905722 ], [ 6.209355317706885, 43.817582858102661 ], [ 6.209345677826833, 43.817403065071787 ], [ 6.20909737289765, 43.817410044831341 ], [ 6.209107012034993, 43.817589837905722 ] ], [ [ 6.217549354699021, 43.817352222447404 ], [ 6.217797657328323, 43.817345224332072 ], [ 6.217787992196767, 43.81716543278386 ], [ 6.21753969031014, 43.817172430855514 ], [ 6.217549354699021, 43.817352222447404 ] ], [ [ 6.217291388333913, 43.817179428388577 ], [ 6.21753969031014, 43.817172430855514 ], [ 6.217530026010858, 43.816992639256242 ], [ 6.2172817247773, 43.816999636745649 ], [ 6.217291388333913, 43.817179428388577 ] ], [ [ 6.209336038036153, 43.817223272033573 ], [ 6.209584342133264, 43.817216291778983 ], [ 6.209574701689268, 43.817036498776936 ], [ 6.209326398334852, 43.817043478987955 ], [ 6.209336038036153, 43.817223272033573 ] ], [ [ 6.210329253888284, 43.81719534778366 ], [ 6.210825861277977, 43.817181382427144 ], [ 6.210816217120523, 43.817001589642885 ], [ 6.210567914213072, 43.817008572546889 ], [ 6.210558270887714, 43.816828779711706 ], [ 6.210309968633537, 43.816835762033563 ], [ 6.210329253888284, 43.81719534778366 ] ], [ [ 6.21479870751528, 43.817069582017794 ], [ 6.215295311684094, 43.817055597272031 ], [ 6.215285654158406, 43.816875805272581 ], [ 6.21553395536584, 43.816868812135446 ], [ 6.215504981098025, 43.816329436223754 ], [ 6.215008383049564, 43.816343421697617 ], [ 6.215018039563991, 43.816523213762842 ], [ 6.214769739662818, 43.816530205735553 ], [ 6.214779395524115, 43.816709997836995 ], [ 6.21453109479076, 43.816716989314756 ], [ 6.214511784642996, 43.816357405017229 ], [ 6.214263485305437, 43.816364395869158 ], [ 6.21427313959191, 43.81654418806523 ], [ 6.214024839422193, 43.816551178422237 ], [ 6.214005532424058, 43.816191593935464 ], [ 6.213260635833853, 43.816212561513325 ], [ 6.213270287060221, 43.816392353891217 ], [ 6.212773687400714, 43.816406329670784 ], [ 6.212783337231243, 43.816586122128484 ], [ 6.213031637848391, 43.816579134464384 ], [ 6.213041288511054, 43.816758926871124 ], [ 6.21428279396789, 43.81672398025394 ], [ 6.214292448433377, 43.816903772435253 ], [ 6.214789051474937, 43.816889789931075 ], [ 6.21479870751528, 43.817069582017794 ] ], [ [ 6.208829791357914, 43.817057437794247 ], [ 6.209326398334852, 43.817043478987955 ], [ 6.209316758722919, 43.81686368593499 ], [ 6.20882015323136, 43.816877644654177 ], [ 6.208829791357914, 43.817057437794247 ] ], [ [ 6.216527159300072, 43.816840834201138 ], [ 6.217023760729793, 43.816826842002541 ], [ 6.217014098095019, 43.816647050301214 ], [ 6.217262397932849, 43.816640053437673 ], [ 6.21724307144676, 43.816280470100153 ], [ 6.216994773094222, 43.816287466876361 ], [ 6.216985110728197, 43.8161076751529 ], [ 6.216240217361034, 43.816128662119198 ], [ 6.216269198044054, 43.8166680376603 ], [ 6.216517498150615, 43.816661042412527 ], [ 6.216527159300072, 43.816840834201138 ] ], [ [ 6.22296358909365, 43.81629918627128 ], [ 6.223460182890188, 43.816285166241904 ], [ 6.223421456372767, 43.815566003877571 ], [ 6.222924868517091, 43.815580023557068 ], [ 6.222934548526615, 43.815759814246704 ], [ 6.222686253721561, 43.81576682332237 ], [ 6.222705612524619, 43.816126404766941 ], [ 6.222953908814892, 43.816119395603792 ], [ 6.22296358909365, 43.81629918627128 ] ], [ [ 6.207807671132421, 43.816545968978915 ], [ 6.208055972794905, 43.816538992130049 ], [ 6.208046337164428, 43.816359198837262 ], [ 6.207798036244618, 43.816366175642621 ], [ 6.207807671132421, 43.816545968978915 ] ], [ [ 6.21749136970971, 43.816273472785376 ], [ 6.217739667883065, 43.816266474932043 ], [ 6.217730003289135, 43.816086683339535 ], [ 6.217481705858414, 43.816093681149219 ], [ 6.21749136970971, 43.816273472785376 ] ], [ [ 6.208046337164428, 43.816359198837262 ], [ 6.208294637994908, 43.816352221493339 ], [ 6.208285001711101, 43.816172428236705 ], [ 6.208036701623289, 43.816179405537106 ], [ 6.208046337164428, 43.816359198837262 ] ], [ [ 6.211522540658644, 43.816261467011593 ], [ 6.211770840237731, 43.816254482127562 ], [ 6.211761193556725, 43.816074689480743 ], [ 6.211512894720288, 43.816081674321183 ], [ 6.211522540658644, 43.816261467011593 ] ], [ [ 6.223689114730363, 43.815918574339477 ], [ 6.224185705017869, 43.815904551253738 ], [ 6.224166337483084, 43.815544970319245 ], [ 6.224414631006977, 43.81553795805609 ], [ 6.224395262346135, 43.815178377179564 ], [ 6.223898678178903, 43.815192400992402 ], [ 6.223918043869411, 43.815551982043914 ], [ 6.223669750165971, 43.81555899323002 ], [ 6.223689114730363, 43.815918574339477 ] ], [ [ 6.22567547372546, 43.815862469071384 ], [ 6.226172062576171, 43.815848437368871 ], [ 6.226152683159892, 43.815488857134596 ], [ 6.225904390264632, 43.815495873167563 ], [ 6.225894701433822, 43.815316082995572 ], [ 6.225646409191317, 43.815323098446257 ], [ 6.225656097279546, 43.815502888662024 ], [ 6.225407804204642, 43.815509903617915 ], [ 6.225417491640101, 43.815689693870034 ], [ 6.225665785457594, 43.815682678870395 ], [ 6.22567547372546, 43.815862469071384 ] ], [ [ 6.209278201168889, 43.816144513649391 ], [ 6.209526500809938, 43.816137533656118 ], [ 6.209516860902197, 43.815957740609839 ], [ 6.209268562003802, 43.815964720559542 ], [ 6.209278201168889, 43.816144513649391 ] ], [ [ 6.21795897022595, 43.815720101871449 ], [ 6.218207265992219, 43.815713103071992 ], [ 6.218197600181865, 43.815533311544662 ], [ 6.218445895115909, 43.815526312250277 ], [ 6.218436228652565, 43.815346520759256 ], [ 6.218684522754391, 43.815339520970021 ], [ 6.218665188611366, 43.814979938053149 ], [ 6.218416895994726, 43.814986937755087 ], [ 6.218426562278838, 43.815166729260874 ], [ 6.218178268829992, 43.81517372846789 ], [ 6.218187934461125, 43.815353520009971 ], [ 6.217939640180072, 43.815360518722123 ], [ 6.21795897022595, 43.815720101871449 ] ], [ [ 6.220680545488665, 43.815463294366296 ], [ 6.221673721100718, 43.815435272415613 ], [ 6.22166404498362, 43.815255481492621 ], [ 6.221912337919792, 43.815248474702308 ], [ 6.221902661149814, 43.81506868381561 ], [ 6.222150953253692, 43.815061676530476 ], [ 6.222141275830855, 43.814881885680116 ], [ 6.222389567102438, 43.814874877900188 ], [ 6.22237988902675, 43.814695087086172 ], [ 6.223124760075428, 43.814674060646311 ], [ 6.223105399737902, 43.814314479258499 ], [ 6.222857110963184, 43.814321488522843 ], [ 6.222837752469708, 43.813961907018026 ], [ 6.22234117762124, 43.813975923756239 ], [ 6.222350855338034, 43.814155714599821 ], [ 6.221357701594347, 43.814183741788931 ], [ 6.221367376430673, 43.814363532799966 ], [ 6.220870797535537, 43.814377543250785 ], [ 6.220880470976443, 43.814557334341877 ], [ 6.220383890237459, 43.814571342726012 ], [ 6.220393562282914, 43.814751133897104 ], [ 6.220145271036349, 43.814758137325057 ], [ 6.220154942428898, 43.814937928532473 ], [ 6.219906650350095, 43.814944931465611 ], [ 6.219877638669145, 43.814405557690193 ], [ 6.220125928520241, 43.814398554888129 ], [ 6.220096915418529, 43.813859181177357 ], [ 6.219600340081977, 43.813873185980789 ], [ 6.219590670712462, 43.813693394641703 ], [ 6.21834923451513, 43.813728397007871 ], [ 6.218368565918382, 43.814087980115374 ], [ 6.218616854822184, 43.814080980631864 ], [ 6.218626521400781, 43.814260772130886 ], [ 6.219123100424627, 43.814246771460887 ], [ 6.219142436820932, 43.814606354262089 ], [ 6.218645854826832, 43.81462035510679 ], [ 6.218665188611366, 43.814979938053149 ], [ 6.219161773575773, 43.814965937033747 ], [ 6.219171442087649, 43.815145728408531 ], [ 6.219419735177987, 43.815138727047305 ], [ 6.219429404522091, 43.815318518371036 ], [ 6.21992599191901, 43.815304513945605 ], [ 6.219916321089722, 43.815124722709299 ], [ 6.220164613911107, 43.81511771973247 ], [ 6.220174285482985, 43.815297510925106 ], [ 6.220670872341931, 43.815283503268446 ], [ 6.220680545488665, 43.815463294366296 ] ], [ [ 6.210242473057909, 43.81557721167588 ], [ 6.210490770113494, 43.815570229658988 ], [ 6.21048112750335, 43.815390436764808 ], [ 6.210977719861064, 43.815376471202484 ], [ 6.210968075855076, 43.81519667838807 ], [ 6.211464666369912, 43.815182710758613 ], [ 6.211455020968112, 43.815002918024 ], [ 6.211951609640034, 43.814988948327503 ], [ 6.211932316134306, 43.814629363010461 ], [ 6.212428901478096, 43.814615391334087 ], [ 6.212419253374209, 43.814435598751665 ], [ 6.212667545169349, 43.81442861214925 ], [ 6.212657896412333, 43.814248819603044 ], [ 6.21240960535977, 43.814255806161853 ], [ 6.212399957434779, 43.814076013564687 ], [ 6.212151667035344, 43.814082999541377 ], [ 6.21217096148962, 43.814442584815524 ], [ 6.211674377452132, 43.814456555327602 ], [ 6.211664731665436, 43.814276762607072 ], [ 6.21141644025513, 43.814283747011743 ], [ 6.211426085299244, 43.814463539775865 ], [ 6.210929500725217, 43.814477507056736 ], [ 6.21093914437357, 43.814657299900595 ], [ 6.210690851209852, 43.814664282776796 ], [ 6.210700494205015, 43.814844075656879 ], [ 6.210203906124181, 43.81485803988074 ], [ 6.210242473057909, 43.81557721167588 ] ], [ [ 6.227623050676924, 43.815087169889118 ], [ 6.22787134145808, 43.815080150173976 ], [ 6.227861646866419, 43.814900360337511 ], [ 6.227613356827822, 43.814907380008833 ], [ 6.227623050676924, 43.815087169889118 ] ], [ [ 6.215198740456244, 43.815257676945542 ], [ 6.215447034979956, 43.815250684201082 ], [ 6.215418063129647, 43.814711308090153 ], [ 6.215169770833721, 43.814718300703717 ], [ 6.215198740456244, 43.815257676945542 ] ], [ [ 6.227365066699358, 43.814914399141628 ], [ 6.227613356827822, 43.814907380008833 ], [ 6.227603663068592, 43.814727590121144 ], [ 6.227355373682679, 43.814734609210163 ], [ 6.227365066699358, 43.814914399141628 ] ], [ [ 6.217672017607138, 43.815007933629502 ], [ 6.21816860328847, 43.81499393691842 ], [ 6.218158937836557, 43.814814145361566 ], [ 6.217662353640394, 43.814828141985352 ], [ 6.217672017607138, 43.815007933629502 ] ], [ [ 6.223611658627087, 43.814480249724376 ], [ 6.223859947875099, 43.814473238800723 ], [ 6.223850265523564, 43.814293448234359 ], [ 6.224346842265199, 43.814279424858981 ], [ 6.224327474861274, 43.813919843879056 ], [ 6.22457576161236, 43.813912831471093 ], [ 6.224566077302536, 43.813733041013791 ], [ 6.225062649050315, 43.813719014669843 ], [ 6.22505296334524, 43.813539224292683 ], [ 6.225301248341925, 43.813532210356698 ], [ 6.225291561984138, 43.813352420015903 ], [ 6.225043277729959, 43.813359433908126 ], [ 6.225033592204473, 43.81317964351615 ], [ 6.224785308603001, 43.813186656826105 ], [ 6.22479499338599, 43.813366447261821 ], [ 6.22454670895223, 43.81337346007701 ], [ 6.224556393082492, 43.813553250549106 ], [ 6.223811537015037, 43.813574285894951 ], [ 6.223821219007528, 43.813754076490881 ], [ 6.223324646362045, 43.813768097449724 ], [ 6.22334400764618, 43.814127678794392 ], [ 6.223592295498863, 43.814120668496734 ], [ 6.223611658627087, 43.814480249724376 ] ], [ [ 6.212399957434779, 43.814076013564687 ], [ 6.212896537965309, 43.814062039995704 ], [ 6.212886888644634, 43.813882247478368 ], [ 6.212390309599231, 43.813896220960139 ], [ 6.212399957434779, 43.814076013564687 ] ], [ [ 6.212142019942362, 43.813903206893258 ], [ 6.212390309599231, 43.813896220960139 ], [ 6.212380661853128, 43.813716428348222 ], [ 6.212132372938814, 43.813723414237714 ], [ 6.212142019942362, 43.813903206893258 ] ], [ [ 6.228032377377128, 43.813455021520014 ], [ 6.228528945124501, 43.813440980185597 ], [ 6.228519249114213, 43.813261190413989 ], [ 6.228022682851831, 43.813275231660803 ], [ 6.228032377377128, 43.813455021520014 ] ], [ [ 6.220325859847742, 43.813492595544474 ], [ 6.220574145806812, 43.813485591883833 ], [ 6.220554801575853, 43.813126009518349 ], [ 6.220058232538116, 43.813140016126276 ], [ 6.220067903123736, 43.813319807400134 ], [ 6.220316188429947, 43.813312804321704 ], [ 6.220325859847742, 43.813492595544474 ] ], [ [ 6.221070717455937, 43.813471582947066 ], [ 6.221319003145978, 43.813464577670935 ], [ 6.221299654459935, 43.813104995567656 ], [ 6.221051370254921, 43.813112000756362 ], [ 6.221070717455937, 43.813471582947066 ] ], [ [ 6.222063859677933, 43.813443558611453 ], [ 6.222312145009172, 43.813436551181269 ], [ 6.222263759116727, 43.812537596741954 ], [ 6.22201547749798, 43.812544603953505 ], [ 6.221996125253943, 43.812185022038655 ], [ 6.223237525025767, 43.812149981033166 ], [ 6.223256884694527, 43.812509562510762 ], [ 6.223505165864647, 43.812502552606773 ], [ 6.223514846576114, 43.812682343290753 ], [ 6.223266564663516, 43.812689353238483 ], [ 6.223276244722246, 43.812869143958828 ], [ 6.22352452737733, 43.81286213396735 ], [ 6.223534208268295, 43.813041924636565 ], [ 6.224030774794193, 43.813027902950623 ], [ 6.224021092418246, 43.812848112368911 ], [ 6.224269374804062, 43.81284110076195 ], [ 6.224259691775393, 43.812661310216548 ], [ 6.224507973328958, 43.812654298114843 ], [ 6.224488606055977, 43.812294717089443 ], [ 6.224736886034825, 43.81228770453675 ], [ 6.224717517636021, 43.811928123569295 ], [ 6.224965796040175, 43.811921110565642 ], [ 6.224868952008515, 43.810123205722682 ], [ 6.223875867549935, 43.810151252756484 ], [ 6.223924273595519, 43.811050206145303 ], [ 6.223675998544479, 43.811057216776362 ], [ 6.223685679280425, 43.81123700747569 ], [ 6.223189127424262, 43.811251027209899 ], [ 6.223198806765093, 43.811430817989326 ], [ 6.222950529959977, 43.811437827092462 ], [ 6.222960208648103, 43.811617617908219 ], [ 6.222711931010819, 43.811624626516618 ], [ 6.222702253065131, 43.811444835657106 ], [ 6.221709144588622, 43.811472864531098 ], [ 6.221728494630142, 43.811832446592476 ], [ 6.221480215801868, 43.811839452552242 ], [ 6.221499564717241, 43.812199034671494 ], [ 6.221747845030441, 43.812192028624331 ], [ 6.221805898384086, 43.81327077454258 ], [ 6.222054183062526, 43.813263767694629 ], [ 6.222063859677933, 43.813443558611453 ] ], [ [ 6.211626149412891, 43.81355759165114 ], [ 6.211874437763514, 43.813550606882245 ], [ 6.211864791681386, 43.813370814168422 ], [ 6.211616504073309, 43.813377798893711 ], [ 6.211626149412891, 43.81355759165114 ] ], [ [ 6.21907476100241, 43.813347814328708 ], [ 6.219323046667199, 43.813340813404302 ], [ 6.219303710040685, 43.812981230587141 ], [ 6.219055425860923, 43.812988231424178 ], [ 6.21907476100241, 43.813347814328708 ] ], [ [ 6.219571332242355, 43.813333811941419 ], [ 6.21981961772787, 43.813326809940015 ], [ 6.219809947884764, 43.813147018622494 ], [ 6.219561663141765, 43.813154020580207 ], [ 6.219571332242355, 43.813333811941419 ] ], [ [ 6.222789357806343, 43.813062953126753 ], [ 6.223037641383398, 43.813055944168511 ], [ 6.22302796197742, 43.812876153411821 ], [ 6.22277967914286, 43.812883162326315 ], [ 6.222789357806343, 43.813062953126753 ] ], [ [ 6.229814955323132, 43.80962326202301 ], [ 6.230063222931717, 43.809616238237403 ], [ 6.230053523612459, 43.809436448617291 ], [ 6.229805256746221, 43.809443472359078 ], [ 6.229814955323132, 43.80962326202301 ] ], [ [ 6.229556989790071, 43.809450495562395 ], [ 6.229805256746221, 43.809443472359078 ], [ 6.229785859862119, 43.809083893008932 ], [ 6.230034125243691, 43.809076869354826 ], [ 6.230043824383118, 43.809256658989739 ], [ 6.230292090417105, 43.809249634753378 ], [ 6.230282390535351, 43.809069845162277 ], [ 6.230530655737092, 43.809062820431315 ], [ 6.23051125475871, 43.808703241314603 ], [ 6.230262991041603, 43.808710265957899 ], [ 6.230272690743519, 43.808890055563801 ], [ 6.230024426194181, 43.808897079712494 ], [ 6.230014727234579, 43.808717290062802 ], [ 6.229766463337644, 43.80872431362927 ], [ 6.229776161554929, 43.808904103322817 ], [ 6.22952789682577, 43.808911126394698 ], [ 6.229556989790071, 43.809450495562395 ] ], [ [ 6.223014914632642, 43.808014791917266 ], [ 6.223511439763623, 43.808000773757463 ], [ 6.223501760642944, 43.807820982925179 ], [ 6.223750022331546, 43.807813973081416 ], [ 6.223720983281011, 43.80727460067142 ], [ 6.223472723819264, 43.807281610383981 ], [ 6.223443687803109, 43.806742237776312 ], [ 6.223195430478436, 43.806749246819287 ], [ 6.223185752728082, 43.806569455891555 ], [ 6.223434009310502, 43.806562446892322 ], [ 6.223414652594446, 43.806202865102186 ], [ 6.222421631664466, 43.806230897519107 ], [ 6.222470009282429, 43.807129852813574 ], [ 6.222718268360755, 43.807122845298302 ], [ 6.222747298234728, 43.80766221825521 ], [ 6.222995559450198, 43.807655210070365 ], [ 6.223014914632642, 43.808014791917266 ] ], [ [ 6.220970781679743, 43.806992095292721 ], [ 6.221219040553871, 43.806985091051494 ], [ 6.221209368651912, 43.806805299781416 ], [ 6.221457626694108, 43.806798295045475 ], [ 6.221438281674655, 43.806438712570611 ], [ 6.221190025116971, 43.80644571721912 ], [ 6.221199696839612, 43.80662550850397 ], [ 6.220951439450015, 43.806632512657821 ], [ 6.220970781679743, 43.806992095292721 ] ] ] } },
{ "type": "Feature", "properties": { "surface_ha": 1.88 }, "geometry": { "type": "Polygon", "coordinates": [ [ [ 6.188123243050557, 43.806473552343355 ], [ 6.188113670588947, 43.806293755231671 ], [ 6.187865406532334, 43.806300687473495 ], [ 6.187855834901804, 43.806120890311227 ], [ 6.187607571498798, 43.806127821971373 ], [ 6.187598000699332, 43.805948024758479 ], [ 6.187101475111817, 43.805961886377013 ], [ 6.187063198739727, 43.805242697106053 ], [ 6.187311458608575, 43.805235766738946 ], [ 6.187292319470182, 43.804876172145818 ], [ 6.187540577765723, 43.804869241326834 ], [ 6.187521437497616, 43.804509646790819 ], [ 6.187769694219877, 43.804502715519902 ], [ 6.187740982256299, 43.803963323790526 ], [ 6.187989236663048, 43.803956392110976 ], [ 6.187970094313111, 43.80359679767448 ], [ 6.188218347146644, 43.803589865543053 ], [ 6.188199203667148, 43.803230271163677 ], [ 6.188447454927486, 43.803223338580366 ], [ 6.188485745210354, 43.803942527136705 ], [ 6.188237490981069, 43.803949459893033 ], [ 6.18826620739822, 43.804488851362898 ], [ 6.188017950853415, 43.804495783710578 ], [ 6.188084953736555, 43.8057543638525 ], [ 6.188581477129568, 43.805740498013122 ], [ 6.188600624578396, 43.806100092100188 ], [ 6.188352361441611, 43.806107025375638 ], [ 6.188371507760771, 43.806466619519838 ], [ 6.188123243050557, 43.806473552343355 ] ] ] } },
{ "type": "Feature", "properties": { "surface_ha": 65.44 }, "geometry": { "type": "Polygon", "coordinates": [ [ [ 6.234361457267547, 43.810935062235203 ], [ 6.234351744608317, 43.810755273419723 ], [ 6.233855201967201, 43.810769339372982 ], [ 6.23384549088276, 43.81058955046236 ], [ 6.233597220169536, 43.810596582587472 ], [ 6.233587509917487, 43.810416793625571 ], [ 6.233339239856615, 43.810423825168371 ], [ 6.233319821107293, 43.81006424713464 ], [ 6.233071552441129, 43.810071278051261 ], [ 6.233013302807345, 43.808992543509397 ], [ 6.23276503850519, 43.808999573624412 ], [ 6.232735917130168, 43.808460206122049 ], [ 6.232487654964936, 43.808467235567129 ], [ 6.23246824264943, 43.808107657107499 ], [ 6.232219981878797, 43.808114685926448 ], [ 6.232200571407748, 43.807755107349557 ], [ 6.231952312031697, 43.807762135542397 ], [ 6.231942607673392, 43.80758234619902 ], [ 6.231694348949645, 43.807589373809634 ], [ 6.231684645423561, 43.807409584415012 ], [ 6.231436387352121, 43.807416611443415 ], [ 6.231426684658246, 43.807236821997549 ], [ 6.229937138794524, 43.807278972599001 ], [ 6.229946837034857, 43.807458762307803 ], [ 6.229450319543123, 43.807472808288914 ], [ 6.229440622787314, 43.807293018492459 ], [ 6.228944106420543, 43.80730706223239 ], [ 6.228924716147604, 43.806947482441984 ], [ 6.229172972891424, 43.806940460928828 ], [ 6.229143885929361, 43.806401091319216 ], [ 6.22889563141225, 43.806408112700964 ], [ 6.22888593668021, 43.806228322772498 ], [ 6.229382444140107, 43.806214279558283 ], [ 6.229401836662962, 43.806573859232564 ], [ 6.229650091742537, 43.806566836730291 ], [ 6.229659788881025, 43.80674662651252 ], [ 6.229908044612942, 43.806739603428056 ], [ 6.229898346732218, 43.806559813689645 ], [ 6.230146601632001, 43.806552790110622 ], [ 6.230156300254957, 43.806732579805256 ], [ 6.230404555807062, 43.806725555644036 ], [ 6.230394856441874, 43.806545765993263 ], [ 6.230643111161838, 43.806538741337519 ], [ 6.230633411144336, 43.806358951723162 ], [ 6.232122933122217, 43.806316792746195 ], [ 6.232132637593037, 43.806496582097495 ], [ 6.232380891683412, 43.806489553673217 ], [ 6.232361481347308, 43.806129975050951 ], [ 6.231616723259592, 43.806151058445572 ], [ 6.231597317736554, 43.805791479530626 ], [ 6.230604311631355, 43.805819582835809 ], [ 6.230594611973527, 43.805639793191865 ], [ 6.230346360964615, 43.805646817628499 ], [ 6.230336662138893, 43.805467027933368 ], [ 6.230584912405617, 43.805460003540581 ], [ 6.23057521292762, 43.805280213881872 ], [ 6.230823462362246, 43.805273188994576 ], [ 6.230813762231987, 43.805093399372325 ], [ 6.23106201083452, 43.805086373990562 ], [ 6.231052310052014, 43.804906584404726 ], [ 6.231300557822454, 43.80489955852844 ], [ 6.231290856387713, 43.80471976897902 ], [ 6.231539103326063, 43.804712742608224 ], [ 6.231548805502963, 43.80489253211379 ], [ 6.231797053093534, 43.804885505160826 ], [ 6.231777647345368, 43.804525926230021 ], [ 6.232274139288054, 43.804511870884511 ], [ 6.232264435064604, 43.804332081495723 ], [ 6.231767944606201, 43.804346136753544 ], [ 6.231758241956975, 43.80416634726965 ], [ 6.231013507821229, 43.804187425987472 ], [ 6.230984407092317, 43.8036480570969 ], [ 6.231480892153335, 43.80363400541971 ], [ 6.23147119060598, 43.803454215862416 ], [ 6.231719432259487, 43.803447189260197 ], [ 6.23170973005996, 43.803267399739326 ], [ 6.230965007055966, 43.803288477799583 ], [ 6.230974707029185, 43.803468267451933 ], [ 6.230726465105907, 43.803475292439252 ], [ 6.230697367682301, 43.802935923328484 ], [ 6.230449127895412, 43.802942947645995 ], [ 6.230458826204613, 43.803122737400805 ], [ 6.230210585585727, 43.80312976122385 ], [ 6.230200888018621, 43.802949971425235 ], [ 6.229207927612595, 43.802978061159187 ], [ 6.229188538684745, 43.802618481189207 ], [ 6.228692060910858, 43.802632522651159 ], [ 6.228711446870355, 43.802992102796338 ], [ 6.228463206364454, 43.802999122807478 ], [ 6.228453514081874, 43.802819332694789 ], [ 6.228205274228221, 43.802826352123844 ], [ 6.228176200145787, 43.802286981610017 ], [ 6.228424437773199, 43.802279962312369 ], [ 6.228405054016625, 43.801920382020469 ], [ 6.228156817873344, 43.801927401230543 ], [ 6.228147126871869, 43.801747611029718 ], [ 6.228643597584488, 43.801733572158881 ], [ 6.228672675310766, 43.802272942476407 ], [ 6.228920912758486, 43.802265922102201 ], [ 6.228911219351148, 43.802086132047556 ], [ 6.229904165275154, 43.802058045343031 ], [ 6.229913861650742, 43.802237835222428 ], [ 6.230658572376189, 43.802216764410623 ], [ 6.230687668720915, 43.802756133610103 ], [ 6.230935907675812, 43.802749108798096 ], [ 6.230945607379284, 43.802928898472686 ], [ 6.2314420865035, 43.802914847146134 ], [ 6.231432385315862, 43.802735057559254 ], [ 6.231680624000999, 43.802728031132389 ], [ 6.231690325930719, 43.802907820675436 ], [ 6.231938565268003, 43.802900793666439 ], [ 6.231928862596204, 43.802721004167239 ], [ 6.232177101101469, 43.802713976663796 ], [ 6.232186804515347, 43.802893766119169 ], [ 6.232683282740179, 43.802879709409687 ], [ 6.232722103231954, 43.80359886680634 ], [ 6.231977376854627, 43.803619951589276 ], [ 6.231987079976142, 43.803799741051506 ], [ 6.231738836928353, 43.803806768279728 ], [ 6.231748539397695, 43.803986557778394 ], [ 6.231996783187607, 43.803979530506332 ], [ 6.232006486489017, 43.804159319953769 ], [ 6.232502975283247, 43.804145263707007 ], [ 6.232493270497583, 43.803965474347272 ], [ 6.233734487198081, 43.803930324529183 ], [ 6.233724778791794, 43.803750535381376 ], [ 6.234965989531848, 43.80371537232493 ], [ 6.234975701648692, 43.803895161253358 ], [ 6.235223944268754, 43.803888126983274 ], [ 6.235233657217745, 43.804067915860422 ], [ 6.235481900489884, 43.804060881008105 ], [ 6.235501328142233, 43.80442045865248 ], [ 6.236742550573343, 43.804385275877372 ], [ 6.236732832991519, 43.804205487278445 ], [ 6.236981076465402, 43.804198449152388 ], [ 6.236971358231545, 43.804018660589946 ], [ 6.236474872677927, 43.804032736215902 ], [ 6.236455439448888, 43.803673158893204 ], [ 6.235958956503415, 43.80368723219032 ], [ 6.235949241508194, 43.803507443430036 ], [ 6.235701000642465, 43.803514479227246 ], [ 6.235691286479397, 43.803334690415724 ], [ 6.235443046265716, 43.803341725630723 ], [ 6.235433332934776, 43.803161936767879 ], [ 6.235185093373142, 43.803168971400687 ], [ 6.235175380874324, 43.802989182486563 ], [ 6.235671858423392, 43.802975112770397 ], [ 6.235681572406371, 43.803154901596741 ], [ 6.236426290280851, 43.803133792853629 ], [ 6.236416574071639, 43.802954004158977 ], [ 6.236913050720153, 43.802939929059946 ], [ 6.236903333116873, 43.802760140445706 ], [ 6.23789628236463, 43.802731983963881 ], [ 6.237915723597818, 43.803091560833593 ], [ 6.238163962168643, 43.803084520279583 ], [ 6.238173683662475, 43.803264308659394 ], [ 6.238918401060452, 43.803243183635857 ], [ 6.238928124870645, 43.803422971876472 ], [ 6.238679885086033, 43.80343001413322 ], [ 6.238709054831153, 43.803969378942519 ], [ 6.238460812730126, 43.803976420792779 ], [ 6.238470535416656, 43.80415620909168 ], [ 6.238222292483395, 43.804163250447573 ], [ 6.2382417366426, 43.804522827111001 ], [ 6.238986469624712, 43.80450170116481 ], [ 6.239015643218668, 43.805041065709062 ], [ 6.238767396755028, 43.805048108361262 ], [ 6.238786844784089, 43.805407684774956 ], [ 6.238538596746003, 43.805414726976707 ], [ 6.23856776723915, 43.805954091673556 ], [ 6.238319516884415, 43.805961133468806 ], [ 6.238338962846156, 43.806320709984206 ], [ 6.238090710916912, 43.806327751328944 ], [ 6.238119878308902, 43.806867116178381 ], [ 6.238368132464766, 43.806860074701838 ], [ 6.238377855851239, 43.807039862926246 ], [ 6.238626110659186, 43.807032820867398 ], [ 6.238616386530494, 43.806853032686931 ], [ 6.23886464050608, 43.806845990133695 ], [ 6.238874365376989, 43.807025778270223 ], [ 6.239122620004644, 43.807018735134676 ], [ 6.239132345707928, 43.807198523219824 ], [ 6.239380600987647, 43.807191479501981 ], [ 6.239409780865166, 43.80773084358129 ], [ 6.239161523358736, 43.807737887430982 ], [ 6.239171249422663, 43.807917675486571 ], [ 6.239419507671341, 43.807910631592947 ], [ 6.239429234567686, 43.80809041959715 ], [ 6.23967749346845, 43.808083375121157 ], [ 6.239706676925318, 43.808622738957588 ], [ 6.239458415797744, 43.808629783565401 ], [ 6.239468143054774, 43.808809571540024 ], [ 6.239964666704309, 43.808795481698077 ], [ 6.239935480750079, 43.808256118015755 ], [ 6.240183740212744, 43.808249072419073 ], [ 6.240174010999446, 43.808069284554094 ], [ 6.240422269629661, 43.808062238463002 ], [ 6.2403736212048, 43.807163299246966 ], [ 6.240621876033623, 43.807156252837274 ], [ 6.240602415810606, 43.806796677186959 ], [ 6.240850669064803, 43.80678963032689 ], [ 6.240840938346388, 43.80660984253457 ], [ 6.241089190768179, 43.806602795180119 ], [ 6.241069728117572, 43.806243219661241 ], [ 6.240821477180165, 43.806250266927748 ], [ 6.240792286107338, 43.805710903462014 ], [ 6.240544037306258, 43.805717950058309 ], [ 6.240514849271682, 43.805178586394042 ], [ 6.24026660260688, 43.805185632320111 ], [ 6.240237417610408, 43.804646268457333 ], [ 6.240485662048805, 43.804639222663134 ], [ 6.240495391032911, 43.804819010580822 ], [ 6.240991881123394, 43.804804917289573 ], [ 6.240982150655031, 43.804625129459808 ], [ 6.241726882887864, 43.804603985617483 ], [ 6.241717150283349, 43.804424197912205 ], [ 6.241965393438411, 43.804417148932117 ], [ 6.241945927015824, 43.804057573587357 ], [ 6.242442410086853, 43.804043474188205 ], [ 6.242432675526706, 43.803863686592678 ], [ 6.243177397230177, 43.803842533588721 ], [ 6.2431871340166, 43.804022321052273 ], [ 6.243435375146008, 43.804015268930357 ], [ 6.243445112764785, 43.804195056342515 ], [ 6.243693354546025, 43.804188003638302 ], [ 6.243703092997166, 43.804367790999024 ], [ 6.243951335430233, 43.804360737712507 ], [ 6.243941596236991, 43.804180950395804 ], [ 6.245182803337501, 43.804145676108845 ], [ 6.245173060524079, 43.803965889004779 ], [ 6.245669541247961, 43.803951775609988 ], [ 6.245689029933482, 43.804311349634602 ], [ 6.244696062187732, 43.804339574623206 ], [ 6.244705803697574, 43.804519361800509 ], [ 6.244457560793262, 43.804526416745922 ], [ 6.244477042599623, 43.804885991166309 ], [ 6.243980553551652, 43.804900099618287 ], [ 6.244000032750683, 43.805259674185073 ], [ 6.243751786607005, 43.805266727691631 ], [ 6.243790743119883, 43.805985876912366 ], [ 6.243542493917313, 43.805992930056611 ], [ 6.243561971231093, 43.806352504710553 ], [ 6.243810221918012, 43.806345451478279 ], [ 6.243819961452503, 43.806525238750147 ], [ 6.244316464039844, 43.806511130582599 ], [ 6.244326205149, 43.806690917759028 ], [ 6.245319212208785, 43.806662694787775 ], [ 6.245328956377016, 43.806842481780706 ], [ 6.245080704005352, 43.806849538375076 ], [ 6.245119678612733, 43.807568686448775 ], [ 6.245367933953235, 43.807561629678325 ], [ 6.245387423283333, 43.807921203582694 ], [ 6.245635680017962, 43.807914146185809 ], [ 6.245655171193886, 43.808273719972469 ], [ 6.24615168736107, 43.808259603387448 ], [ 6.24616143456905, 43.80843939018159 ], [ 6.246657951859304, 43.808425271355006 ], [ 6.246667700642153, 43.808605058053658 ], [ 6.246419441299953, 43.808612117780172 ], [ 6.246448685963936, 43.809151477963795 ], [ 6.246200424304559, 43.809158537284041 ], [ 6.246239415485866, 43.809877684267995 ], [ 6.245494621058031, 43.809898859526918 ], [ 6.245504366852328, 43.810078646386494 ], [ 6.245256101120037, 43.810085703773368 ], [ 6.245246356068052, 43.809905916869781 ], [ 6.244998090987735, 43.809912973674223 ], [ 6.245007835297401, 43.810092760621806 ], [ 6.243518238464852, 43.810135090406121 ], [ 6.243508498609103, 43.809955303194407 ], [ 6.243260232896607, 43.809962356230017 ], [ 6.243231016098035, 43.809422994418384 ], [ 6.242982752522186, 43.809430046783575 ], [ 6.242973014512189, 43.809250259454224 ], [ 6.242724751588365, 43.809257311237062 ], [ 6.242734488856064, 43.809437098610388 ], [ 6.241741433288972, 43.809465300533624 ], [ 6.241751167677708, 43.809645088075541 ], [ 6.241254637868074, 43.809659185894702 ], [ 6.241264370862417, 43.809838973517159 ], [ 6.239774774814355, 43.809881254316764 ], [ 6.23975531782371, 43.809521678536875 ], [ 6.239258788055408, 43.809535767653657 ], [ 6.239278242076765, 43.809895343609355 ], [ 6.23828517551956, 43.809923515733587 ], [ 6.238265727436802, 43.809563939426333 ], [ 6.238017462056774, 43.809570981023505 ], [ 6.238007738892927, 43.809391192814878 ], [ 6.237511209347103, 43.80940527430608 ], [ 6.237501487758016, 43.80922548600217 ], [ 6.237749751833682, 43.809218445569691 ], [ 6.23774002959241, 43.809038657302288 ], [ 6.237988292835642, 43.809031616375322 ], [ 6.237978569942201, 43.808851828144476 ], [ 6.237482044850206, 43.808865909372138 ], [ 6.237462602302872, 43.80850633271249 ], [ 6.237214341106273, 43.808513372430902 ], [ 6.237185180187966, 43.807974007254209 ], [ 6.236936921128073, 43.807981046302459 ], [ 6.236956360165627, 43.808340623182168 ], [ 6.236459838806462, 43.808354699839157 ], [ 6.236450120727183, 43.808174911315206 ], [ 6.23620186065474, 43.808181948792217 ], [ 6.236192143407816, 43.808002160216937 ], [ 6.235943883987562, 43.808009197111652 ], [ 6.235963317086941, 43.808368774342625 ], [ 6.236211577991742, 43.808361737360094 ], [ 6.236231012935996, 43.808721314473672 ], [ 6.236975799563592, 43.808700200032284 ], [ 6.236995239321977, 43.809059776852763 ], [ 6.237243502835572, 43.80905273754103 ], [ 6.237253223592231, 43.809232525896256 ], [ 6.23675669499032, 43.809246604069223 ], [ 6.236766414352467, 43.809426392504889 ], [ 6.236021618546915, 43.809447505858017 ], [ 6.236041053087545, 43.809807082970622 ], [ 6.235296252017278, 43.809828191741474 ], [ 6.235325397822719, 43.810367557749977 ], [ 6.235573667163259, 43.810360521899732 ], [ 6.235583383354234, 43.810540310510561 ], [ 6.235831653347062, 43.810533274077983 ], [ 6.235841370370478, 43.810713062637497 ], [ 6.23509655789467, 43.810734170451589 ], [ 6.235106272781039, 43.810913959135377 ], [ 6.234361457267547, 43.810935062235203 ] ], [ [ 6.237710863409357, 43.808499292455743 ], [ 6.237959124425719, 43.808492251660553 ], [ 6.237949401802673, 43.808312463407503 ], [ 6.237701141528589, 43.808319504158746 ], [ 6.237710863409357, 43.808499292455743 ] ], [ [ 6.23893271649565, 43.808104506933972 ], [ 6.239180975576748, 43.808097463534736 ], [ 6.239171249422663, 43.807917675486571 ], [ 6.238922991083821, 43.807924718841825 ], [ 6.23893271649565, 43.808104506933972 ] ], [ [ 6.234950845405881, 43.808037339306757 ], [ 6.23544736487684, 43.808023269285961 ], [ 6.235427935106803, 43.807663691849797 ], [ 6.234683160218874, 43.807684795810061 ], [ 6.234692872832082, 43.807864584663506 ], [ 6.234941131960368, 43.807857550504579 ], [ 6.234950845405881, 43.808037339306757 ] ], [ [ 6.235695624477236, 43.808016233468003 ], [ 6.235943883987562, 43.808009197111652 ], [ 6.235924451248477, 43.807649619851077 ], [ 6.235676193222671, 43.807656656119633 ], [ 6.235695624477236, 43.808016233468003 ] ], [ [ 6.236411249310936, 43.807455757145298 ], [ 6.236659506324258, 43.807448719305526 ], [ 6.236649787953167, 43.80726893078846 ], [ 6.236898044134162, 43.807261892454235 ], [ 6.236878606177789, 43.806902315485729 ], [ 6.236382096694634, 43.806916391440161 ], [ 6.236391814143319, 43.807096180015932 ], [ 6.236143558524389, 43.807103217229511 ], [ 6.236153275320918, 43.807283005841782 ], [ 6.236401531682085, 43.807275968584307 ], [ 6.236411249310936, 43.807455757145298 ] ], [ [ 6.234654022919464, 43.807145429205285 ], [ 6.234902279078744, 43.807138395221912 ], [ 6.234892566083444, 43.806958606382736 ], [ 6.234644310666397, 43.806965640322268 ], [ 6.234654022919464, 43.807145429205285 ] ], [ [ 6.236878606177789, 43.806902315485729 ], [ 6.23712686078423, 43.80689527670097 ], [ 6.237117141198968, 43.806715488249516 ], [ 6.236868887334746, 43.80672252699037 ], [ 6.236878606177789, 43.806902315485729 ] ], [ [ 6.234376632407733, 43.806613095847318 ], [ 6.234624886430362, 43.806606062533952 ], [ 6.234595750751539, 43.806066695796034 ], [ 6.234099247069506, 43.806080761621125 ], [ 6.234108957388016, 43.80626055062892 ], [ 6.234357210016244, 43.806253517941684 ], [ 6.234376632407733, 43.806613095847318 ] ], [ [ 6.233115945975021, 43.806288675994395 ], [ 6.233364198963268, 43.806281645460565 ], [ 6.23335449087137, 43.806101856321156 ], [ 6.233106238625328, 43.806108886811131 ], [ 6.233115945975021, 43.806288675994395 ] ], [ [ 6.242797745767975, 43.806014086259353 ], [ 6.243045995241352, 43.806007034730072 ], [ 6.243036258204206, 43.805827247304016 ], [ 6.242788009472998, 43.805834298789264 ], [ 6.242797745767975, 43.806014086259353 ] ], [ [ 6.234089536841011, 43.805900972605947 ], [ 6.234337787984842, 43.805893940006456 ], [ 6.234308655612888, 43.80535457304812 ], [ 6.234060406695603, 43.805361605515984 ], [ 6.234089536841011, 43.805900972605947 ] ], [ [ 6.23632379389419, 43.805837659830125 ], [ 6.237068544624147, 43.805816545881342 ], [ 6.237058825579473, 43.8056367573855 ], [ 6.237307074900435, 43.805629718369829 ], [ 6.237297355203688, 43.805449929910502 ], [ 6.237793852090963, 43.805435850351969 ], [ 6.237774409999136, 43.80507627358682 ], [ 6.2365331745268, 43.80511146800648 ], [ 6.236542891816881, 43.805291256612342 ], [ 6.235798147226012, 43.805312366935929 ], [ 6.235817577623388, 43.805671944388862 ], [ 6.236314077076051, 43.805657871202527 ], [ 6.23632379389419, 43.805837659830125 ] ], [ [ 6.242033528759632, 43.805675662405598 ], [ 6.242530025188968, 43.805661562214731 ], [ 6.242510554534578, 43.805301987149541 ], [ 6.24201406107385, 43.805316087164478 ], [ 6.242033528759632, 43.805675662405598 ] ], [ [ 6.233335074957556, 43.805742278020155 ], [ 6.233583325629215, 43.805735247079546 ], [ 6.233573617065109, 43.805555457961802 ], [ 6.233325367135634, 43.805562488858541 ], [ 6.233335074957556, 43.805742278020155 ] ], [ [ 6.24350354037305, 43.805273780659832 ], [ 6.243751786607005, 43.805266727691631 ], [ 6.243742047704482, 43.805086940367921 ], [ 6.243493802212664, 43.805093993292154 ], [ 6.24350354037305, 43.805273780659832 ] ], [ [ 6.232799748533933, 43.805037181244657 ], [ 6.233792739525748, 43.805009059260811 ], [ 6.233783030579471, 43.804829270157356 ], [ 6.233534783708659, 43.804836301416941 ], [ 6.233525075594534, 43.80465651226222 ], [ 6.233276829375878, 43.804663542939643 ], [ 6.233267122093885, 43.804483753733649 ], [ 6.232770630870911, 43.804497813385737 ], [ 6.232799748533933, 43.805037181244657 ] ], [ [ 6.23723903891527, 43.804371198999178 ], [ 6.237487282951094, 43.804364159752595 ], [ 6.237467843424818, 43.804004582810776 ], [ 6.23721960087323, 43.804011621969522 ], [ 6.23723903891527, 43.804371198999178 ] ] ] } },
{ "type": "Feature", "properties": { "surface_ha": 100.23 }, "geometry": { "type": "Polygon", "coordinates": [ [ [ 6.20325163547481, 43.815053312820879 ], [ 6.20323239413054, 43.814693724442392 ], [ 6.20298409894123, 43.814700690579897 ], [ 6.202945620293424, 43.813981513560655 ], [ 6.202697327985354, 43.81398847898577 ], [ 6.202687709288949, 43.813808684669063 ], [ 6.202439417634296, 43.813815649512151 ], [ 6.202400946710713, 43.81309647199798 ], [ 6.202649235395075, 43.813089507328698 ], [ 6.202658853734784, 43.813269301674836 ], [ 6.203155432321111, 43.813255370633755 ], [ 6.20316505223513, 43.813435164885611 ], [ 6.20366163194985, 43.813421231603478 ], [ 6.203642389240744, 43.813061643266273 ], [ 6.202897523990266, 43.813082542120888 ], [ 6.20288790499717, 43.812902747810831 ], [ 6.20214304117176, 43.812923641688307 ], [ 6.202123807908375, 43.812564052785405 ], [ 6.201875521273347, 43.81257101624729 ], [ 6.201846674274514, 43.812031632707345 ], [ 6.202094958681949, 43.812024669375788 ], [ 6.202075726310092, 43.811665080399251 ], [ 6.201827443387683, 43.811672043643902 ], [ 6.201837058786526, 43.811851838179301 ], [ 6.201588775032463, 43.811858800928889 ], [ 6.201559931330868, 43.81131941717026 ], [ 6.201063368010378, 43.811333340793283 ], [ 6.201053755106432, 43.811153546105466 ], [ 6.200805474054993, 43.811160507065786 ], [ 6.200786249999426, 43.810800917581219 ], [ 6.200537970343847, 43.810807877916183 ], [ 6.200518748129658, 43.810448288315314 ], [ 6.200270469869919, 43.810455248024944 ], [ 6.200232029480552, 43.809736068561151 ], [ 6.200480304770485, 43.809729109025199 ], [ 6.200499526271874, 43.810088698684979 ], [ 6.200747802957598, 43.810081738523706 ], [ 6.20073819141991, 43.809901943740947 ], [ 6.200986467274081, 43.809894983084625 ], [ 6.200976855083058, 43.809715188337925 ], [ 6.200728579971324, 43.809722148950826 ], [ 6.200718968611844, 43.809542354153287 ], [ 6.200470694153438, 43.809549314184274 ], [ 6.200461083625489, 43.809369519335988 ], [ 6.200212809820412, 43.80937647878509 ], [ 6.200203200123977, 43.809196683886007 ], [ 6.20045147318663, 43.809189724480333 ], [ 6.200432252576199, 43.808830134746941 ], [ 6.200928795464585, 43.80881621449393 ], [ 6.200919183808212, 43.808636419703042 ], [ 6.201415724855382, 43.808622497383077 ], [ 6.201406111803332, 43.808442702671684 ], [ 6.201654381450856, 43.808435740747463 ], [ 6.201663995245291, 43.80861553541542 ], [ 6.201912265546076, 43.808608572909321 ], [ 6.201902651009255, 43.808428778284814 ], [ 6.202150920478521, 43.808421815283701 ], [ 6.202160535757728, 43.808601609864759 ], [ 6.202408805880243, 43.808594646281769 ], [ 6.202399189858649, 43.808414851744153 ], [ 6.202647459149634, 43.808407887666156 ], [ 6.20267630970902, 43.808947271126542 ], [ 6.20292458113802, 43.808940306379739 ], [ 6.202905345857823, 43.808580717500419 ], [ 6.203401885478766, 43.808566786565287 ], [ 6.203392266487644, 43.808386992201505 ], [ 6.203888804267135, 43.808373059199546 ], [ 6.20387918388044, 43.808193264915332 ], [ 6.203630915777658, 43.808200231642054 ], [ 6.203611676756545, 43.807840642964564 ], [ 6.203363410049312, 43.807847609065966 ], [ 6.20337302877292, 43.808027403451845 ], [ 6.203124761234151, 43.808034369058262 ], [ 6.203115143252906, 43.807854574628891 ], [ 6.202866876367339, 43.807861539653416 ], [ 6.202876493606222, 43.808041334126202 ], [ 6.202628225889137, 43.80804829865572 ], [ 6.202637842474808, 43.808228093164622 ], [ 6.202389573926204, 43.80823505719917 ], [ 6.202379958082901, 43.80805526264681 ], [ 6.201883422203006, 43.808069189013722 ], [ 6.201893036561565, 43.808248983652945 ], [ 6.201644767745547, 43.808255946072201 ], [ 6.201635154129359, 43.808076151389493 ], [ 6.201138617714712, 43.808090074525737 ], [ 6.201148229846147, 43.80826986929528 ], [ 6.200651691590309, 43.808283790364612 ], [ 6.200632470386036, 43.80792420064445 ], [ 6.200384202609218, 43.807931160284639 ], [ 6.200374592883088, 43.807751365370088 ], [ 6.200126325759548, 43.807758324428399 ], [ 6.200116716864862, 43.807578529463058 ], [ 6.200364983246041, 43.807571570448168 ], [ 6.200355373698085, 43.807391775518902 ], [ 6.200107108059253, 43.807398734490377 ], [ 6.200097499342726, 43.8072189395103 ], [ 6.200345764239209, 43.807211980582252 ], [ 6.200326545588708, 43.806852390686913 ], [ 6.200574808911443, 43.806845431307281 ], [ 6.200565198977492, 43.80666563639199 ], [ 6.200813461468816, 43.80665867651738 ], [ 6.200803850881637, 43.806478881638135 ], [ 6.201052112541553, 43.806471921268532 ], [ 6.20104250130116, 43.806292126425362 ], [ 6.203028585433888, 43.806236424433429 ], [ 6.203018968344224, 43.806056629930445 ], [ 6.202522449330414, 43.80607055857196 ], [ 6.202512833814475, 43.805890763974695 ], [ 6.202016315928685, 43.805904690375691 ], [ 6.202006701986448, 43.805724895684165 ], [ 6.201758443652146, 43.805731858033653 ], [ 6.201748830541306, 43.805552063291337 ], [ 6.201500572860166, 43.805559025058969 ], [ 6.201490960580713, 43.805379230265871 ], [ 6.201242703552735, 43.805386191451646 ], [ 6.201233092104655, 43.805206396607765 ], [ 6.201481348390368, 43.80519943546539 ], [ 6.201462124277, 43.804839845842338 ], [ 6.201710378989098, 43.804832884248434 ], [ 6.201681541260619, 43.804293499888949 ], [ 6.201929793656905, 43.804286537887023 ], [ 6.201920180516741, 43.804106743129203 ], [ 6.202168432081691, 43.804099780632356 ], [ 6.202178045964073, 43.804279575346705 ], [ 6.202922802350819, 43.804258684495522 ], [ 6.202903570221885, 43.803899095320197 ], [ 6.203648321353072, 43.803878199884487 ], [ 6.203629085127511, 43.803518610940415 ], [ 6.202636089378558, 43.803546470096954 ], [ 6.202626474368271, 43.803366675440081 ], [ 6.202874722697034, 43.803359711501933 ], [ 6.202865107033696, 43.803179916881106 ], [ 6.203113354531141, 43.803172952448037 ], [ 6.203103738214761, 43.80299315786332 ], [ 6.203848477945681, 43.802972261464461 ], [ 6.203858096488577, 43.803152055918815 ], [ 6.204851084516831, 43.803124186343041 ], [ 6.204841463005255, 43.802944392062592 ], [ 6.205089709047188, 43.802937423366274 ], [ 6.205070464807292, 43.80257783487022 ], [ 6.204822220249673, 43.802584803479562 ], [ 6.204812599005666, 43.802405009177015 ], [ 6.204564355101005, 43.802411977204578 ], [ 6.204573975602863, 43.802591771550595 ], [ 6.204077486041712, 43.802605706077664 ], [ 6.20408710514844, 43.802785500503276 ], [ 6.203838859491946, 43.802792467002767 ], [ 6.203829241127376, 43.802612672533677 ], [ 6.203332751031233, 43.802626603830753 ], [ 6.203323134240125, 43.802446809267373 ], [ 6.203074889800482, 43.802453774064951 ], [ 6.203065273840672, 43.802273979450781 ], [ 6.202320542213378, 43.802294870483159 ], [ 6.202291701547986, 43.801755486205359 ], [ 6.202043459720389, 43.801762448675866 ], [ 6.202024234539946, 43.801402859033658 ], [ 6.20177599410748, 43.801409820878945 ], [ 6.201766382393029, 43.801230026003331 ], [ 6.202014622083385, 43.801223064201473 ], [ 6.201985785248334, 43.800683679660864 ], [ 6.201737547784267, 43.800690641332388 ], [ 6.201718325157241, 43.800331051514952 ], [ 6.201470089088242, 43.800338012561312 ], [ 6.20146047865044, 43.800158217598117 ], [ 6.200964007729335, 43.800172137989122 ], [ 6.20095439886475, 43.799992342931695 ], [ 6.200457929071487, 43.800006261082679 ], [ 6.200448321780095, 43.799826465931062 ], [ 6.200200087491935, 43.799833424155707 ], [ 6.200209694041268, 43.800013219350731 ], [ 6.199961458921999, 43.800020177080512 ], [ 6.19998067080367, 43.80037976753534 ], [ 6.199732434111208, 43.800386724813649 ], [ 6.199742039443526, 43.800566520073403 ], [ 6.199493801919941, 43.800573476856819 ], [ 6.199503406599206, 43.800753272152619 ], [ 6.199255168244494, 43.800760228441149 ], [ 6.199264772270694, 43.800940023772995 ], [ 6.199016533084854, 43.800946979566604 ], [ 6.199006929800754, 43.800767184191351 ], [ 6.198758691267994, 43.800774139403231 ], [ 6.19874908881501, 43.800594343977231 ], [ 6.198500850935332, 43.800601298607411 ], [ 6.198491249313449, 43.800421503130657 ], [ 6.198243012086857, 43.800428457179152 ], [ 6.198233411296061, 43.800248661651629 ], [ 6.197985174722552, 43.800255615118459 ], [ 6.197965974892104, 43.79989602395456 ], [ 6.198214209981462, 43.799889070574515 ], [ 6.198195009022842, 43.799529479467949 ], [ 6.198443242539087, 43.799522525636384 ], [ 6.198433641451215, 43.799342730115477 ], [ 6.198681874136411, 43.799335775789025 ], [ 6.1986722723955, 43.799155980304107 ], [ 6.198920504249649, 43.799149025482777 ], [ 6.19890129955078, 43.798789434577699 ], [ 6.198404838721597, 43.798803343508531 ], [ 6.198395237989716, 43.798623547958186 ], [ 6.198147008183649, 43.798630501572788 ], [ 6.198137408282778, 43.798450705971675 ], [ 6.198385637346831, 43.798443752400445 ], [ 6.198376036792937, 43.798263956835342 ], [ 6.197134894292927, 43.798298719091981 ], [ 6.197125297538044, 43.798118923302667 ], [ 6.196628841399295, 43.798132824350731 ], [ 6.196619246217369, 43.797953028467326 ], [ 6.196371018756576, 43.797959978140604 ], [ 6.196351830143533, 43.797600386264946 ], [ 6.19610360407779, 43.797607335313266 ], [ 6.196094010646652, 43.79742753932107 ], [ 6.195845785233962, 43.797434487787775 ], [ 6.195836192633727, 43.797254691744818 ], [ 6.195587967874093, 43.797261639629944 ], [ 6.19557837610475, 43.79708184353629 ], [ 6.198805281396834, 43.79699147961071 ], [ 6.198814882811713, 43.797171275140514 ], [ 6.198566659119554, 43.797178229484523 ], [ 6.19858586073238, 43.797537820608895 ], [ 6.199330535993652, 43.797516955701759 ], [ 6.199340139159492, 43.797696751122693 ], [ 6.200581266524398, 43.797661965295518 ], [ 6.200562052862034, 43.797302374880381 ], [ 6.199817381162005, 43.79732324773093 ], [ 6.199807776690274, 43.797143452382073 ], [ 6.19955955335416, 43.797150408879041 ], [ 6.19954994971341, 43.796970613479417 ], [ 6.202776836491441, 43.796880137601022 ], [ 6.202786449777516, 43.797059932436113 ], [ 6.203034671955732, 43.797052968942111 ], [ 6.203025057927714, 43.796873174150463 ], [ 6.205755487843581, 43.796796540671473 ], [ 6.205765110032888, 43.79697633498499 ], [ 6.206013331141249, 43.79696936503224 ], [ 6.206022954161686, 43.797149159294911 ], [ 6.20627117592278, 43.797142188760454 ], [ 6.206280799774362, 43.79732198297225 ], [ 6.206529022188191, 43.797315011856078 ], [ 6.206557896504044, 43.797854394316737 ], [ 6.206806121054523, 43.797847422531845 ], [ 6.206815746746875, 43.798027216627176 ], [ 6.207063971950094, 43.79802024426052 ], [ 6.207073598473644, 43.798200038304969 ], [ 6.208066501362015, 43.798172143281974 ], [ 6.208076130942712, 43.798351937145007 ], [ 6.208324357183644, 43.798344962000115 ], [ 6.208343618096795, 43.798704549617021 ], [ 6.208591845732429, 43.798697573846844 ], [ 6.208611108486662, 43.799057161347235 ], [ 6.209107566458073, 43.799043208017999 ], [ 6.209126832537468, 43.799402795314805 ], [ 6.209623293119742, 43.799388839658384 ], [ 6.209642562524405, 43.799748426751556 ], [ 6.209890794165624, 43.799741448028868 ], [ 6.209919701168567, 43.800280828482684 ], [ 6.21016793494658, 43.800273849091106 ], [ 6.210177571534918, 43.800453642517411 ], [ 6.210425805965652, 43.80044666254399 ], [ 6.210454718492835, 43.800986042648049 ], [ 6.210702955060419, 43.80097906200568 ], [ 6.210712593490232, 43.801158855315414 ], [ 6.210960830710548, 43.801151874091197 ], [ 6.210970469971788, 43.80133166734997 ], [ 6.211218707844832, 43.801324685543918 ], [ 6.21123798811956, 43.801684271952269 ], [ 6.211734466565915, 43.801670306550996 ], [ 6.211744108321522, 43.801850099656939 ], [ 6.211992348152735, 43.801843116105282 ], [ 6.212001990739826, 43.802022909160307 ], [ 6.212250231223763, 43.802015925026744 ], [ 6.21226951815033, 43.802375511027535 ], [ 6.2125177600291, 43.802368526268509 ], [ 6.2125274043686, 43.802548319214267 ], [ 6.212775646900091, 43.802541333873357 ], [ 6.212794937331561, 43.802900919655556 ], [ 6.213043181257907, 43.802893933689134 ], [ 6.213052827349903, 43.803073726525611 ], [ 6.213301071928974, 43.803066739977275 ], [ 6.213320365865524, 43.803426325540883 ], [ 6.213072119802151, 43.803433312176402 ], [ 6.213091412612079, 43.803792897797685 ], [ 6.213587907618059, 43.803778923813958 ], [ 6.213597555641507, 43.803958716526346 ], [ 6.213101059151179, 43.803972690597291 ], [ 6.21312035249765, 43.80433227617435 ], [ 6.212375602638362, 43.804353233504649 ], [ 6.212365958146989, 43.804173440589047 ], [ 6.211869459278149, 43.804187409363692 ], [ 6.211859816360555, 43.804007616353559 ], [ 6.211611567534233, 43.80401459988979 ], [ 6.211601925448209, 43.803834806828704 ], [ 6.211353677274688, 43.803841789783021 ], [ 6.211324753779413, 43.803302410424855 ], [ 6.211076507743027, 43.803309392710112 ], [ 6.211057227344009, 43.802949806347378 ], [ 6.210808982702567, 43.802956788007172 ], [ 6.210818622115243, 43.803136581235812 ], [ 6.210322131079991, 43.80315054302757 ], [ 6.210331769097709, 43.803330336335954 ], [ 6.210580015402167, 43.803323355665668 ], [ 6.210599293189972, 43.803682942173182 ], [ 6.210351045401173, 43.803689922930552 ], [ 6.210370322062025, 43.804049509495698 ], [ 6.210866820519001, 43.804035547268391 ], [ 6.210876460467835, 43.804215340452771 ], [ 6.211124710304476, 43.804208358488033 ], [ 6.211134351084874, 43.804388151621474 ], [ 6.210886100506034, 43.804395133629804 ], [ 6.210895740633596, 43.80457492679944 ], [ 6.210647489223185, 43.804581908312954 ], [ 6.210657128697897, 43.804761701518771 ], [ 6.210905380850522, 43.804754719961736 ], [ 6.210943942611898, 43.805473892537115 ], [ 6.210447432279449, 43.805487855461365 ], [ 6.210466710727348, 43.805847441879052 ], [ 6.210218453942581, 43.805854422620726 ], [ 6.210208815416209, 43.805674629371985 ], [ 6.209960559284347, 43.805681609531753 ], [ 6.209979834941922, 43.806041196108922 ], [ 6.207248995266396, 43.806117943290516 ], [ 6.207258625064156, 43.80629773704689 ], [ 6.207010365633794, 43.806304710876567 ], [ 6.207000736578316, 43.806124917076666 ], [ 6.206752477800975, 43.806131890324437 ], [ 6.206742849577037, 43.805952096473689 ], [ 6.206494591452714, 43.805959069139554 ], [ 6.206475336757141, 43.805599481328912 ], [ 6.206227080028111, 43.805606453369386 ], [ 6.206217453556451, 43.805426659409491 ], [ 6.205969197480439, 43.805433630868087 ], [ 6.205988449028469, 43.8057932188675 ], [ 6.206236706589009, 43.80578624732189 ], [ 6.206246333239146, 43.805966041267027 ], [ 6.205749816544287, 43.805979983906809 ], [ 6.205759441799109, 43.806159777931583 ], [ 6.205262923262772, 43.80617371850478 ], [ 6.205272547122243, 43.806353512609128 ], [ 6.205520807177311, 43.806346542548262 ], [ 6.205540056648502, 43.806706130647939 ], [ 6.205291795108833, 43.806713100795825 ], [ 6.205301419235956, 43.806892894878075 ], [ 6.205053156864757, 43.806899864531012 ], [ 6.205043533479945, 43.806720070405248 ], [ 6.204547009954545, 43.806734008008959 ], [ 6.20455663185473, 43.806913802221679 ], [ 6.204308369215913, 43.806920770259353 ], [ 6.204317990462977, 43.807100564508211 ], [ 6.204566253844114, 43.807093596427023 ], [ 6.204575875922699, 43.807273390625021 ], [ 6.204824139956962, 43.807266421961941 ], [ 6.204833762867081, 43.807446216109085 ], [ 6.205330292152643, 43.8074322770807 ], [ 6.205339916636649, 43.807612071133498 ], [ 6.207574300685385, 43.807549318462492 ], [ 6.207583931939678, 43.807729112116412 ], [ 6.208080462230996, 43.807715161068757 ], [ 6.208070829492033, 43.807535367501885 ], [ 6.208815622032246, 43.807514437022775 ], [ 6.208805987155601, 43.807334643579168 ], [ 6.209054250414722, 43.807327665719519 ], [ 6.209063886033689, 43.807507459119599 ], [ 6.209312149945806, 43.80750048067803 ], [ 6.209321786396429, 43.807680274027177 ], [ 6.210066579823735, 43.807659335341242 ], [ 6.210076218590696, 43.807839128552416 ], [ 6.210324483630095, 43.807832147870023 ], [ 6.210314844120803, 43.807652354702419 ], [ 6.210811372446848, 43.80763839180954 ], [ 6.210801731542267, 43.807458598721645 ], [ 6.211049994828909, 43.807451616511159 ], [ 6.211078920037766, 43.807990995621985 ], [ 6.21033412322875, 43.808011941030287 ], [ 6.210343762916771, 43.808191734183183 ], [ 6.209350696284306, 43.808219654030552 ], [ 6.209360333092271, 43.808399447350261 ], [ 6.208863797755274, 43.808413404130455 ], [ 6.208873433167848, 43.808593197529859 ], [ 6.209866506453944, 43.808565281641577 ], [ 6.209876144925325, 43.808745074859438 ], [ 6.209627875995444, 43.808752054682707 ], [ 6.209637513813803, 43.808931847936762 ], [ 6.209389244052198, 43.808938827265152 ], [ 6.209418155816194, 43.809478207113713 ], [ 6.208425066967721, 43.809506119565256 ], [ 6.208434701431448, 43.809685913007527 ], [ 6.208186428253611, 43.809692889817804 ], [ 6.208205695964176, 43.810052476767297 ], [ 6.20845397062685, 43.810045499869965 ], [ 6.208482875089854, 43.81058488010828 ], [ 6.207986321220573, 43.810598833625697 ], [ 6.208005588339372, 43.810958420588541 ], [ 6.207757309785849, 43.810965396626599 ], [ 6.207738044151964, 43.810605809576685 ], [ 6.206993212410357, 43.810626734198799 ], [ 6.207002842955285, 43.810806527857963 ], [ 6.206506286529549, 43.810820475000675 ], [ 6.206515915678833, 43.811000268739519 ], [ 6.207012473589496, 43.810986321509795 ], [ 6.207022104312991, 43.811166115154229 ], [ 6.20727038387687, 43.811159140688112 ], [ 6.207280015432127, 43.811338934281679 ], [ 6.207031735125771, 43.81134590879131 ], [ 6.207050997019184, 43.811705496043345 ], [ 6.206802715138571, 43.81171247010149 ], [ 6.206831606420838, 43.812251851054839 ], [ 6.207328174547801, 43.812237902138932 ], [ 6.207337806638826, 43.812417695688289 ], [ 6.207089521877472, 43.812424670459009 ], [ 6.207118416458737, 43.812964051193376 ], [ 6.207366703447684, 43.812957076292093 ], [ 6.207357071088763, 43.81277728276487 ], [ 6.207853643313671, 43.812763331433793 ], [ 6.207815108830832, 43.812044157599345 ], [ 6.208063391839251, 43.812037181300155 ], [ 6.208073026068499, 43.812216974726283 ], [ 6.208321309730107, 43.812209997845059 ], [ 6.208330944791187, 43.812389791220305 ], [ 6.208082660387068, 43.812396768145071 ], [ 6.208121198554531, 43.813115941746439 ], [ 6.207872911090968, 43.813122918306789 ], [ 6.20788254511359, 43.813302711732263 ], [ 6.207385968433427, 43.813316663324457 ], [ 6.207395601060251, 43.81349645682959 ], [ 6.207147311843655, 43.813503431861413 ], [ 6.207156943817218, 43.81368322540267 ], [ 6.206660363631005, 43.813697173937776 ], [ 6.206669994208723, 43.813876967558727 ], [ 6.206173412180221, 43.8138909140267 ], [ 6.206183041362061, 43.814070707727275 ], [ 6.205934749471314, 43.814077680196945 ], [ 6.205954006617622, 43.814437267663031 ], [ 6.205457419597958, 43.814451211160744 ], [ 6.205467046819804, 43.814631004969698 ], [ 6.20521875243348, 43.814637975954234 ], [ 6.2052380056597, 43.814997563637085 ], [ 6.204741413648842, 43.815011504164417 ], [ 6.204722163393098, 43.814651916307632 ], [ 6.204970457957911, 43.814644946400222 ], [ 6.204941581015744, 43.814105564690237 ], [ 6.204693288678739, 43.814112534467171 ], [ 6.204683663952416, 43.813932740505635 ], [ 6.204931955546833, 43.813925770772151 ], [ 6.204922330167159, 43.813745976846711 ], [ 6.20566720218722, 43.813725064545537 ], [ 6.205657574669065, 43.813545270743219 ], [ 6.206154154084358, 43.813531326603403 ], [ 6.206144525170334, 43.813351532880716 ], [ 6.206392814001516, 43.813344560046531 ], [ 6.206383184434205, 43.813164766359982 ], [ 6.20687976034363, 43.813150819163042 ], [ 6.206860498506655, 43.812791231941866 ], [ 6.206612212081668, 43.812798205722565 ], [ 6.206592952086898, 43.812438618384931 ], [ 6.206344667057691, 43.812445591540111 ], [ 6.206335037936742, 43.812265797816707 ], [ 6.205838469095568, 43.812279742424529 ], [ 6.205828841548917, 43.812099948606772 ], [ 6.205332273835753, 43.812113890973563 ], [ 6.205361152288333, 43.812653272665742 ], [ 6.205112866070311, 43.812660243171855 ], [ 6.205122491657119, 43.812840037097992 ], [ 6.20487420460732, 43.812847007109056 ], [ 6.204903079675522, 43.813386388973747 ], [ 6.204654790308828, 43.813393358576754 ], [ 6.204664414767462, 43.813573152560423 ], [ 6.204416124568971, 43.81358012166838 ], [ 6.204425748374256, 43.813759915688124 ], [ 6.203929166224468, 43.813773852375398 ], [ 6.20393878863381, 43.813953646474744 ], [ 6.20443537226877, 43.813939709700549 ], [ 6.204444996252501, 43.814119503705584 ], [ 6.20419670373704, 43.814126472405448 ], [ 6.204215950486978, 43.814486060480355 ], [ 6.203719362218001, 43.814499996438336 ], [ 6.203738606354356, 43.81485958465769 ], [ 6.203490310600817, 43.814866551915784 ], [ 6.203499932060177, 43.815046346057883 ], [ 6.20325163547481, 43.815053312820879 ] ], [ [ 6.204377630240036, 43.812860945515652 ], [ 6.204625917468288, 43.812853976581621 ], [ 6.204616293366561, 43.812674182568514 ], [ 6.204368006880848, 43.812681151459053 ], [ 6.204377630240036, 43.812860945515652 ] ], [ [ 6.203613525846071, 43.812522260705194 ], [ 6.203861811856878, 43.812515293473687 ], [ 6.203852190161181, 43.812335499315395 ], [ 6.203603904892906, 43.812342466503452 ], [ 6.203613525846071, 43.812522260705194 ] ], [ [ 6.204090852991238, 43.812148737466686 ], [ 6.204587421596712, 43.812134800484941 ], [ 6.204568174196251, 43.811775212392426 ], [ 6.204071608560819, 43.81178914920023 ], [ 6.204090852991238, 43.812148737466686 ] ], [ [ 6.205828841548917, 43.812099948606772 ], [ 6.206325408905064, 43.812086004085955 ], [ 6.206315779962652, 43.811906210347829 ], [ 6.205819214091522, 43.811920154781646 ], [ 6.205828841548917, 43.812099948606772 ] ], [ [ 6.201559931330868, 43.81131941717026 ], [ 6.203049619152925, 43.811277633377266 ], [ 6.20302076288887, 43.810738250334445 ], [ 6.203269041653039, 43.810731284614583 ], [ 6.203278661061023, 43.810911078926097 ], [ 6.203775219806762, 43.810897145784004 ], [ 6.203765598913843, 43.810717351559425 ], [ 6.204510434136083, 43.810696447938057 ], [ 6.204500811104975, 43.810516653836522 ], [ 6.205245643296929, 43.810495745499274 ], [ 6.205236018127676, 43.810315951520806 ], [ 6.20573257099127, 43.810302010023904 ], [ 6.205742197645415, 43.810481803915337 ], [ 6.206238751636919, 43.810467860177532 ], [ 6.206229123497882, 43.810288066373104 ], [ 6.206725675647456, 43.810274120568387 ], [ 6.206706416667423, 43.809914533111424 ], [ 6.206458142122133, 43.809921506195984 ], [ 6.206438884984022, 43.809561918622556 ], [ 6.205694065267129, 43.809582834384472 ], [ 6.205684439059199, 43.809403040456189 ], [ 6.205932711645, 43.809396069117504 ], [ 6.205923084783906, 43.809216275225367 ], [ 6.206171356538055, 43.809209303391718 ], [ 6.206161729023809, 43.809029509535684 ], [ 6.20640999994631, 43.80902253720712 ], [ 6.2063907437008, 43.808662949559952 ], [ 6.20614247426307, 43.808669921801581 ], [ 6.206113592791333, 43.808130540145086 ], [ 6.206361860001955, 43.808123568033999 ], [ 6.20635223228085, 43.807943774177282 ], [ 6.205855699255069, 43.807957717774002 ], [ 6.205846073107913, 43.807777923822918 ], [ 6.204853008954945, 43.807805804381275 ], [ 6.204862632132694, 43.807985598506335 ], [ 6.204366098036208, 43.807999535641898 ], [ 6.204375719818444, 43.808179329846539 ], [ 6.204623987653651, 43.808172361504496 ], [ 6.204633610267455, 43.808352155658291 ], [ 6.204881878755824, 43.808345186734329 ], [ 6.20490112573581, 43.808704774932863 ], [ 6.205149395619721, 43.808697805383481 ], [ 6.205168644441351, 43.809057393465579 ], [ 6.204175558431301, 43.80908526878023 ], [ 6.204185180006343, 43.809265062984153 ], [ 6.204433452385073, 43.809258094919684 ], [ 6.204443074791722, 43.809437889072775 ], [ 6.203449981771993, 43.809465758273767 ], [ 6.203440362334995, 43.809285963946799 ], [ 6.203192089599513, 43.809292929857435 ], [ 6.203201708294098, 43.809472724227852 ], [ 6.202953434727031, 43.809479689643467 ], [ 6.203001525825357, 43.810378661602421 ], [ 6.202753248456939, 43.810385626696878 ], [ 6.202734013235001, 43.81002603784848 ], [ 6.202485737262317, 43.810033002317539 ], [ 6.202504970999356, 43.810392591252871 ], [ 6.202256693452617, 43.810399555270344 ], [ 6.202237461200481, 43.810039966248141 ], [ 6.201989185049492, 43.81004692964023 ], [ 6.202027646940536, 43.810766107829011 ], [ 6.201531088431477, 43.810780033345353 ], [ 6.201559931330868, 43.81131941717026 ] ], [ [ 6.205274519340077, 43.81103512739034 ], [ 6.205522798786324, 43.811028156737159 ], [ 6.205503546516729, 43.810668568904099 ], [ 6.205255268555412, 43.810675539470324 ], [ 6.205274519340077, 43.81103512739034 ] ], [ [ 6.201034529565895, 43.810793956707755 ], [ 6.201282809043247, 43.810786995295807 ], [ 6.201273195664183, 43.81060720062932 ], [ 6.201024916929303, 43.810614161997854 ], [ 6.201034529565895, 43.810793956707755 ] ], [ [ 6.207154812178239, 43.809001616990614 ], [ 6.207403082743665, 43.808994642508246 ], [ 6.20739345160673, 43.808814848862411 ], [ 6.207145181783691, 43.808821823301294 ], [ 6.207154812178239, 43.809001616990614 ] ], [ [ 6.207651353219805, 43.808987667487408 ], [ 6.208147893904199, 43.808973715830412 ], [ 6.208138260540114, 43.808793922315147 ], [ 6.207889990984952, 43.808800898369341 ], [ 6.207880358452547, 43.808621104803159 ], [ 6.208625164622993, 43.808600175155831 ], [ 6.208615529952786, 43.808420381712885 ], [ 6.208863797755274, 43.808413404130455 ], [ 6.208854162432025, 43.808233610723661 ], [ 6.206868023450514, 43.808289415958882 ], [ 6.206887282308484, 43.808649003461468 ], [ 6.207383820559084, 43.808635055209216 ], [ 6.20739345160673, 43.808814848862411 ], [ 6.207641721340488, 43.808807873885094 ], [ 6.207651353219805, 43.808987667487408 ] ], [ [ 6.202064386976759, 43.806803663722796 ], [ 6.202312649675733, 43.806796700574274 ], [ 6.202303034545547, 43.806616905963025 ], [ 6.202054772588888, 43.806623869068119 ], [ 6.202064386976759, 43.806803663722796 ] ], [ [ 6.209215790352723, 43.80570254678068 ], [ 6.209464046752598, 43.805695568236068 ], [ 6.209444774421391, 43.805335981455265 ], [ 6.209196519506018, 43.805342959912764 ], [ 6.209215790352723, 43.80570254678068 ] ], [ [ 6.206475336757141, 43.805599481328912 ], [ 6.206723593396928, 43.805592508750031 ], [ 6.206675454508577, 43.804693539312012 ], [ 6.20642720158001, 43.80470051167336 ], [ 6.206475336757141, 43.805599481328912 ] ], [ [ 6.209444774421391, 43.805335981455265 ], [ 6.209693029247435, 43.805329002459345 ], [ 6.209683392473585, 43.805149209101437 ], [ 6.209435138389779, 43.805156188053765 ], [ 6.209444774421391, 43.805335981455265 ] ], [ [ 6.209683392473585, 43.805149209101437 ], [ 6.210428154188976, 43.805128269014176 ], [ 6.210408876455919, 43.8047686825375 ], [ 6.209664119193886, 43.804789622363465 ], [ 6.209683392473585, 43.805149209101437 ] ], [ [ 6.205453436838626, 43.805087983967326 ], [ 6.205701691608595, 43.805081013672499 ], [ 6.205692066889127, 43.804901219603515 ], [ 6.205443812861399, 43.804908189854878 ], [ 6.205453436838626, 43.805087983967326 ] ], [ [ 6.204699050242954, 43.804929097378711 ], [ 6.205195558744458, 43.804915159567855 ], [ 6.205176312542116, 43.804555571233877 ], [ 6.204928059820427, 43.804562540321498 ], [ 6.204937682134766, 43.804742334535689 ], [ 6.20468942858165, 43.804749303128453 ], [ 6.204699050242954, 43.804929097378711 ] ], [ [ 6.208413222509207, 43.804644717708356 ], [ 6.208661474723591, 43.804637741040089 ], [ 6.208651841275921, 43.804457947478518 ], [ 6.20840358980375, 43.804464924103272 ], [ 6.208413222509207, 43.804644717708356 ] ], [ [ 6.207629943950726, 43.803946469496083 ], [ 6.208126442888299, 43.803932519199542 ], [ 6.20811681128221, 43.803752725521456 ], [ 6.207868562600254, 43.803759700895384 ], [ 6.207849301140287, 43.803400113430008 ], [ 6.208345795446196, 43.803386162317892 ], [ 6.208326531374674, 43.803026574997169 ], [ 6.207085302362014, 43.803061448304689 ], [ 6.207075674170967, 43.8028816544157 ], [ 6.206827428842807, 43.802888627418668 ], [ 6.206808174212767, 43.802529039531535 ], [ 6.20730466181124, 43.802515093161233 ], [ 6.207314290565929, 43.802694887021481 ], [ 6.207562534973428, 43.802687912985348 ], [ 6.207552905476595, 43.802508119168614 ], [ 6.207801149052686, 43.80250114463766 ], [ 6.20781077929166, 43.802680938410873 ], [ 6.208307267660304, 43.802666987646958 ], [ 6.208297635937045, 43.802487193960779 ], [ 6.208049392539505, 43.802494169568384 ], [ 6.208030130845104, 43.8021345820869 ], [ 6.208774856317091, 43.802113653910283 ], [ 6.208765223377449, 43.801933860289068 ], [ 6.208516982384856, 43.801940836842711 ], [ 6.208497718257671, 43.801581249491122 ], [ 6.208745957766046, 43.801574273024507 ], [ 6.20872669251182, 43.8012146857305 ], [ 6.208478454487633, 43.801221662110038 ], [ 6.20846882273654, 43.801041868408412 ], [ 6.208220585365155, 43.801048844206143 ], [ 6.208201323614971, 43.800689256693794 ], [ 6.207953087638462, 43.800696231866191 ], [ 6.207943457639346, 43.800516438055418 ], [ 6.207695222315635, 43.800523412645994 ], [ 6.207714480918991, 43.800883000347177 ], [ 6.207962717726843, 43.800876025669567 ], [ 6.207972347904494, 43.801055819465581 ], [ 6.207475872715367, 43.80106976836953 ], [ 6.207437358476937, 43.800350592793166 ], [ 6.207189123716772, 43.800357566263635 ], [ 6.207198751400437, 43.800537360212296 ], [ 6.206950515808966, 43.800544333188007 ], [ 6.206940888867363, 43.800364539195861 ], [ 6.206692653928716, 43.800371511589752 ], [ 6.20667340179733, 43.800011923496328 ], [ 6.206176934620565, 43.800025866495297 ], [ 6.20618655915754, 43.800205660632706 ], [ 6.205938324693277, 43.800212631368261 ], [ 6.20594794857741, 43.800392425541816 ], [ 6.205699713281875, 43.800399395782577 ], [ 6.205709336513149, 43.80057918999222 ], [ 6.205461100386344, 43.800586159738195 ], [ 6.205470722964749, 43.800765953983984 ], [ 6.204974248959394, 43.80077989194799 ], [ 6.205003112777268, 43.801319274902013 ], [ 6.20376191507184, 43.801354111043942 ], [ 6.20378115064192, 43.801713700077826 ], [ 6.204029391845569, 43.80170673383914 ], [ 6.204039010506465, 43.801886528301559 ], [ 6.204287252363073, 43.801879561481073 ], [ 6.204296871855265, 43.802059355892673 ], [ 6.204793356785214, 43.802045420549817 ], [ 6.204783735808769, 43.801865626225165 ], [ 6.205776701629883, 43.801837749253522 ], [ 6.205767077774149, 43.801657955095408 ], [ 6.206015318264298, 43.801650984550221 ], [ 6.206044192325503, 43.802190366871898 ], [ 6.2062924349528, 43.802183395657899 ], [ 6.206302060560445, 43.802363189706888 ], [ 6.205805573732361, 43.802377131683549 ], [ 6.205815197944948, 43.802556925812176 ], [ 6.205318709275716, 43.802570865722537 ], [ 6.205328332093219, 43.80275065993078 ], [ 6.205824822246754, 43.802736719933435 ], [ 6.205834446637775, 43.802916514047318 ], [ 6.206082692322878, 43.802909543197671 ], [ 6.206092317545281, 43.80308933726068 ], [ 6.20634056388332, 43.803082365829177 ], [ 6.206350189937118, 43.803262159841353 ], [ 6.207094930642316, 43.803241242186338 ], [ 6.207104559011868, 43.803421036060605 ], [ 6.207352806477273, 43.803414062388761 ], [ 6.207343177365547, 43.803234268558001 ], [ 6.207591423999517, 43.803227294391299 ], [ 6.207629943950726, 43.803946469496083 ] ], [ [ 6.209844912843486, 43.803524089449546 ], [ 6.210093160068796, 43.803517109812425 ], [ 6.210073885428347, 43.803157523115942 ], [ 6.209825639687365, 43.803164502666007 ], [ 6.209844912843486, 43.803524089449546 ] ], [ [ 6.210273942331544, 43.802251576375141 ], [ 6.21052218418315, 43.802244595966187 ], [ 6.210512545959364, 43.802064802657156 ], [ 6.210264304849876, 43.802071783022534 ], [ 6.210273942331544, 43.802251576375141 ] ], [ [ 6.209767822362892, 43.802085742138381 ], [ 6.210016063651048, 43.802078762849611 ], [ 6.21000642700083, 43.801898969446107 ], [ 6.210502907824921, 43.801885009340722 ], [ 6.210493269779821, 43.801705216016941 ], [ 6.210245030154548, 43.80171219629522 ], [ 6.210235392940888, 43.8015324029205 ], [ 6.209738914906539, 43.801546361775067 ], [ 6.209729279266399, 43.801366568305873 ], [ 6.209481040857332, 43.801373546882154 ], [ 6.20949067575538, 43.801553340394868 ], [ 6.208994197185127, 43.801567296019599 ], [ 6.209013464280742, 43.801926883197069 ], [ 6.209509945819418, 43.801912927398206 ], [ 6.209500310742741, 43.801733133900228 ], [ 6.209748550636001, 43.801726155236864 ], [ 6.209767822362892, 43.802085742138381 ] ], [ [ 6.210483631824062, 43.801525422685785 ], [ 6.210731870617897, 43.801518441912755 ], [ 6.210722232009391, 43.801338648617779 ], [ 6.210473993957646, 43.801345629347253 ], [ 6.210483631824062, 43.801525422685785 ] ], [ [ 6.204210299635623, 43.800441205923121 ], [ 6.204458535466279, 43.800434238912104 ], [ 6.204439296691942, 43.800074650035896 ], [ 6.204191062345413, 43.800081616959993 ], [ 6.204181443834048, 43.799901822467362 ], [ 6.20393321014041, 43.799908788809716 ], [ 6.203952445768183, 43.800268377874531 ], [ 6.204200680945934, 43.800261411445234 ], [ 6.204210299635623, 43.800441205923121 ] ], [ [ 6.203455975145219, 43.800282309118202 ], [ 6.203704210501275, 43.800275343765506 ], [ 6.203684976357619, 43.799915754613778 ], [ 6.203188508524605, 43.799929684607051 ], [ 6.203198124067746, 43.800109479273516 ], [ 6.20344635877088, 43.800102514502562 ], [ 6.203455975145219, 43.800282309118202 ] ], [ [ 6.20667340179733, 43.800011923496328 ], [ 6.206921635251873, 43.800004951189408 ], [ 6.206912008577982, 43.799825157175135 ], [ 6.206663775865483, 43.799832129438549 ], [ 6.20667340179733, 43.800011923496328 ] ], [ [ 6.204171825411846, 43.79972202796737 ], [ 6.204420058274277, 43.799715061130222 ], [ 6.204410439199194, 43.799535266666346 ], [ 6.204658671230421, 43.799528299334391 ], [ 6.204629812314088, 43.798988916028982 ], [ 6.204381582508932, 43.798995883230518 ], [ 6.204371963790506, 43.798816088737183 ], [ 6.204620192853648, 43.79880912157909 ], [ 6.204600954200273, 43.798449532657251 ], [ 6.20484918169025, 43.798442565047871 ], [ 6.204820322152982, 43.797903181740303 ], [ 6.204323871535762, 43.797917116159979 ], [ 6.204314253352287, 43.797737321622435 ], [ 6.20406602865191, 43.797744287981466 ], [ 6.204056411299551, 43.797564493393082 ], [ 6.203808187251991, 43.797571459170378 ], [ 6.203798570730738, 43.79739166453119 ], [ 6.203302123852121, 43.797405594384188 ], [ 6.203340584536216, 43.798124773244439 ], [ 6.203092357995332, 43.798131737537403 ], [ 6.20310197264719, 43.798311532277495 ], [ 6.20285374527519, 43.798318496075645 ], [ 6.202834517544568, 43.79795890650113 ], [ 6.202586291567425, 43.797965869674172 ], [ 6.202567065677212, 43.797606279983334 ], [ 6.20281529017041, 43.79759931689722 ], [ 6.202796063152705, 43.797239727263864 ], [ 6.202547840143426, 43.797246690263066 ], [ 6.202557452865768, 43.79742648512692 ], [ 6.202309229025428, 43.79743344763132 ], [ 6.202328453253496, 43.797793037423766 ], [ 6.201832002337654, 43.797806960991636 ], [ 6.20184161310138, 43.797986755963706 ], [ 6.202338065501177, 43.797972832308936 ], [ 6.202347677837961, 43.798152627186717 ], [ 6.201851223954192, 43.798166550928379 ], [ 6.201860834896094, 43.798346345885705 ], [ 6.201364379171979, 43.798360267561179 ], [ 6.201402817894396, 43.799079447664312 ], [ 6.201651048769046, 43.799072486921965 ], [ 6.201660659414376, 43.799252281885913 ], [ 6.202405353729853, 43.799231396298957 ], [ 6.202395740858439, 43.799051601465322 ], [ 6.202643971376699, 43.799044638569924 ], [ 6.202624744417161, 43.798685048967442 ], [ 6.202872973362279, 43.798678085620658 ], [ 6.202882587539501, 43.798857880382108 ], [ 6.203130817137509, 43.798850916453617 ], [ 6.203111587388171, 43.798491327010233 ], [ 6.203856271195378, 43.798470432255883 ], [ 6.203846654228411, 43.79829063765353 ], [ 6.204094881243872, 43.798283671702357 ], [ 6.204123734638201, 43.798823055356984 ], [ 6.203875505396743, 43.798830021438519 ], [ 6.203894739954698, 43.799189610591711 ], [ 6.20414297068019, 43.799182644423226 ], [ 6.204152588834916, 43.799362438945316 ], [ 6.203904357367399, 43.799369405157272 ], [ 6.203913974869251, 43.799549199715436 ], [ 6.204162207078801, 43.799542233460031 ], [ 6.204171825411846, 43.79972202796737 ] ], [ [ 6.206157685814262, 43.799666278198401 ], [ 6.206405917963175, 43.79965930705503 ], [ 6.206396292951815, 43.799479512939016 ], [ 6.206148061544933, 43.79948648403888 ], [ 6.206157685814262, 43.799666278198401 ] ], [ [ 6.205651598463543, 43.799500424623808 ], [ 6.205899830048841, 43.79949345460048 ], [ 6.205890206610752, 43.799313660390112 ], [ 6.205641975767479, 43.799320630369962 ], [ 6.205651598463543, 43.799500424623808 ] ], [ [ 6.205890206610752, 43.799313660390112 ], [ 6.206138437364817, 43.799306689872012 ], [ 6.206128813273913, 43.799126895697768 ], [ 6.205880583261863, 43.799133866172383 ], [ 6.205890206610752, 43.799313660390112 ] ], [ [ 6.198376036792937, 43.798263956835342 ], [ 6.198624265025989, 43.798257002769255 ], [ 6.198614663819091, 43.79807720724019 ], [ 6.19836643632804, 43.798084161262906 ], [ 6.198376036792937, 43.798263956835342 ] ], [ [ 6.200104026896184, 43.798035471800503 ], [ 6.200352253764099, 43.798028514010007 ], [ 6.200342647452274, 43.797848718777409 ], [ 6.200094421326344, 43.797855676524513 ], [ 6.200104026896184, 43.798035471800503 ] ], [ [ 6.203053900279119, 43.797412558503332 ], [ 6.203302123852121, 43.797405594384188 ], [ 6.203282894044832, 43.797046004909866 ], [ 6.203034671955732, 43.797052968942111 ], [ 6.203053900279119, 43.797412558503332 ] ] ] } }
]
}
