{
"type": "FeatureCollection",
"name": "perimetre",
"crs": { "type": "name", "properties": { "name": "urn:ogc:def:crs:OGC:1.3:CRS84" } },
"features": [
{ "type": "Feature", "properties": { "surface_ha": 1.32 }, "geometry": { "type": "Polygon", "coordinates": [ [ [ 3.503951466846248, 50.368275909997863 ], [ 3.503945751982592, 50.367736322050462 ], [ 3.504508168276848, 50.3677338838841 ], [ 3.504506261235288, 50.367554021239151 ], [ 3.50506867532633, 50.367551580368911 ], [ 3.505066766178454, 50.367371717733818 ], [ 3.505347972132039, 50.367370496286703 ], [ 3.505342241616314, 50.366830908370822 ], [ 3.506467052482594, 50.366826015877088 ], [ 3.506474710214303, 50.3675454662961 ], [ 3.50591229631739, 50.367547913964749 ], [ 3.505914208673232, 50.367727776570938 ], [ 3.505351792572891, 50.367730221535723 ], [ 3.505353702822426, 50.367910084151774 ], [ 3.505072493680273, 50.367911305622165 ], [ 3.505074402886339, 50.368091168240333 ], [ 3.504511982418092, 50.368093609157057 ], [ 3.504513889517778, 50.368273471785066 ], [ 3.503951466846248, 50.368275909997863 ] ] ] } },
{ "type": "Feature", "properties": { "surface_ha": 1.32 }, "geometry": { "type": "Polygon", "coordinates": [ [ [ 3.502258502635684, 50.367743620233213 ], [ 3.502254705577587, 50.367383894814054 ], [ 3.502535911724647, 50.367382680165285 ], [ 3.502532112618041, 50.367022954738985 ], [ 3.50281331662014, 50.36702173942583 ], [ 3.502811416032968, 50.366841876711916 ], [ 3.502530213093684, 50.366843092017369 ], [ 3.502526414102868, 50.366483366557169 ], [ 3.503088815710929, 50.366480935297318 ], [ 3.503085012546191, 50.366121209845424 ], [ 3.503928608436697, 50.366117557903387 ], [ 3.503930513197721, 50.366297420608994 ], [ 3.504211712851973, 50.366296201927639 ], [ 3.504215524557651, 50.366655927306418 ], [ 3.503934322777824, 50.366657146003227 ], [ 3.503936227596904, 50.366837008691888 ], [ 3.503655024734921, 50.366838226716624 ], [ 3.503656928510538, 50.367018089407367 ], [ 3.503375724566399, 50.367019306760021 ], [ 3.503381432820794, 50.367558894821542 ], [ 3.502819018497512, 50.367561327533686 ], [ 3.502820919161923, 50.36774119022504 ], [ 3.502258502635684, 50.367743620233213 ] ] ] } },
{ "type": "Feature", "properties": { "surface_ha": 1.08 }, "geometry": { "type": "Polygon", "coordinates": [ [ [ 3.471601339594991, 50.367332352343105 ], [ 3.471595991755693, 50.366792761711089 ], [ 3.471877195690241, 50.366791621194288 ], [ 3.471875412050542, 50.366611757646247 ], [ 3.472156614904147, 50.366610616456832 ], [ 3.47215483021976, 50.366430752910418 ], [ 3.472436031992422, 50.366429611048417 ], [ 3.472434246263365, 50.366249747503609 ], [ 3.472715446955088, 50.366248604969059 ], [ 3.472710086688439, 50.365709014322512 ], [ 3.472991284173677, 50.365707871129921 ], [ 3.472987708627839, 50.365348144018533 ], [ 3.473268903969413, 50.365347000160668 ], [ 3.473270692795994, 50.365526863711914 ], [ 3.47355188918214, 50.365525719166989 ], [ 3.473555469015347, 50.365885446238025 ], [ 3.47327427050368, 50.36588659079748 ], [ 3.473277848284062, 50.366246317860515 ], [ 3.472996647628657, 50.366247461754703 ], [ 3.473000223356129, 50.366607188809695 ], [ 3.472719020556952, 50.366608332038581 ], [ 3.472722594231429, 50.366968059085515 ], [ 3.472441389288446, 50.366969201649063 ], [ 3.472443175090073, 50.36714906517134 ], [ 3.472161969066104, 50.367150207062295 ], [ 3.472163753823021, 50.367330070586206 ], [ 3.471601339594991, 50.367332352343105 ] ] ] } },
{ "type": "Feature", "properties": { "surface_ha": 7.35 }, "geometry": { "type": "Polygon", "coordinates": [ [ [ 3.46481195392783, 50.363222654537985 ], [ 3.464806683845025, 50.362683062999515 ], [ 3.463963143966212, 50.362686431031058 ], [ 3.463961390495374, 50.362506567152238 ], [ 3.463117853643976, 50.36250992904484 ], [ 3.463121354227955, 50.362869656839521 ], [ 3.462840173116741, 50.362870776125135 ], [ 3.462836674657936, 50.36251104831625 ], [ 3.462555495654124, 50.362512166907905 ], [ 3.462553747513947, 50.362332302987909 ], [ 3.461991391578195, 50.362334538117857 ], [ 3.461994883626007, 50.362694265980601 ], [ 3.461432523369003, 50.362696498419972 ], [ 3.461429035571496, 50.362336770528891 ], [ 3.461710213583709, 50.362335654663219 ], [ 3.461708468648971, 50.362155790716308 ], [ 3.461989645580896, 50.362154674178015 ], [ 3.461987899601335, 50.361974810232553 ], [ 3.462550251286868, 50.361972575130984 ], [ 3.462546755130824, 50.361612847251514 ], [ 3.462827928821894, 50.361611728695365 ], [ 3.462829677953565, 50.361791592630809 ], [ 3.463110852689392, 50.361790473387821 ], [ 3.463109102495195, 50.361610609459483 ], [ 3.463390276150717, 50.361609489543909 ], [ 3.463388524911785, 50.361429625617042 ], [ 3.463669697487001, 50.361428505028869 ], [ 3.463667945203356, 50.361248641103458 ], [ 3.464230288175364, 50.361246397902221 ], [ 3.464232042584017, 50.361426261813385 ], [ 3.464513215105797, 50.361425139186103 ], [ 3.464514970594788, 50.361605003084456 ], [ 3.464796144161249, 50.36160387977035 ], [ 3.464797900730598, 50.36178374365597 ], [ 3.465079075341741, 50.361782619654996 ], [ 3.465077317709865, 50.361602755776502 ], [ 3.465358491240627, 50.361601631102943 ], [ 3.465356732564093, 50.361421767225991 ], [ 3.465919077446979, 50.361419515854038 ], [ 3.465920838248539, 50.361599379716729 ], [ 3.466202011725668, 50.361598253004033 ], [ 3.466200249861595, 50.361418389148504 ], [ 3.466762594637124, 50.361416133698341 ], [ 3.466759066712686, 50.361056405999001 ], [ 3.467040236948583, 50.361055277268683 ], [ 3.467038471950762, 50.36087541341773 ], [ 3.46731964110625, 50.360874284014891 ], [ 3.46732140716655, 50.361054147858674 ], [ 3.468164917712764, 50.36105075555048 ], [ 3.468166686978476, 50.361230619367113 ], [ 3.468447858187103, 50.361229487231128 ], [ 3.46844962853329, 50.361409351034915 ], [ 3.468730800786433, 50.361408218212063 ], [ 3.468732572213116, 50.361588082003017 ], [ 3.469013745510773, 50.361586948493247 ], [ 3.469017290543178, 50.361946676043878 ], [ 3.468736115120463, 50.361947809568044 ], [ 3.468739658099797, 50.362307537110517 ], [ 3.468458480533989, 50.362308669969323 ], [ 3.46845671009788, 50.362128806193731 ], [ 3.468175533576641, 50.362129938365641 ], [ 3.468179072341729, 50.362489665925594 ], [ 3.468741429616458, 50.362487400873285 ], [ 3.468744972703772, 50.362847128381929 ], [ 3.46790143038922, 50.362850524983919 ], [ 3.467899662024325, 50.362670661210842 ], [ 3.467337302516621, 50.362672922199145 ], [ 3.467335536294845, 50.362493058406088 ], [ 3.467054357576651, 50.362494187873459 ], [ 3.467056122735851, 50.362674051673658 ], [ 3.466493763120523, 50.362676308583538 ], [ 3.466497289242345, 50.363036036195723 ], [ 3.466216107282622, 50.36303716364538 ], [ 3.46621786930779, 50.363217027450169 ], [ 3.46481195392783, 50.363222654537985 ] ] ] } },
{ "type": "Feature", "properties": { "surface_ha": 2.57 }, "geometry": { "type": "Polygon", "coordinates": [ [ [ 3.542666141202729, 50.360007518901838 ], [ 3.542664090490208, 50.359827657112547 ], [ 3.542382930778472, 50.359828968635533 ], [ 3.54238088114914, 50.359649106832251 ], [ 3.542943198427068, 50.359646483123278 ], [ 3.542941146693864, 50.359466621330981 ], [ 3.544065776750147, 50.359461365790743 ], [ 3.544063720788446, 50.359281504026178 ], [ 3.545188346261233, 50.359276237645204 ], [ 3.545190406472266, 50.359456099376331 ], [ 3.5457527212078, 50.359453462091338 ], [ 3.545746534263556, 50.358913876931155 ], [ 3.54602768841294, 50.35891255729436 ], [ 3.54602562507779, 50.358732695571362 ], [ 3.546869084213241, 50.358728732608306 ], [ 3.546867017712187, 50.358548870904841 ], [ 3.54714816965308, 50.358547548566307 ], [ 3.547141967089066, 50.358007963447122 ], [ 3.547423115822159, 50.358006640454178 ], [ 3.54742518438475, 50.358186502157835 ], [ 3.547706334159086, 50.358185178476901 ], [ 3.547710473471848, 50.358544901850436 ], [ 3.547991625349701, 50.358543577473085 ], [ 3.54799783766342, 50.359083162465744 ], [ 3.547716682598672, 50.359084486868333 ], [ 3.547718752349663, 50.35926434852967 ], [ 3.546312971399173, 50.359270960390148 ], [ 3.546319164843172, 50.359810545466104 ], [ 3.54547568646005, 50.359814504502239 ], [ 3.545473625144808, 50.359634642790773 ], [ 3.544630149760293, 50.359638595685041 ], [ 3.544632207888473, 50.359818457421589 ], [ 3.543788729128731, 50.35982240422414 ], [ 3.54379078409072, 50.360002265980107 ], [ 3.542666141202729, 50.360007518901838 ] ] ] } },
{ "type": "Feature", "properties": { "surface_ha": 12.52 }, "geometry": { "type": "Polygon", "coordinates": [ [ [ 3.468720172604243, 50.360329035347846 ], [ 3.468718401303525, 50.360149171517421 ], [ 3.468999566101401, 50.360148038065205 ], [ 3.468996021429107, 50.359788310401825 ], [ 3.469558346721159, 50.359786041487204 ], [ 3.469554797871294, 50.359426313830078 ], [ 3.469273637359068, 50.359427448612799 ], [ 3.469270090706052, 50.359067720918695 ], [ 3.468707773877073, 50.359069988416408 ], [ 3.468702460406746, 50.358530396789774 ], [ 3.468421305152309, 50.358531529497547 ], [ 3.468415995030858, 50.357991937798623 ], [ 3.468697147098343, 50.357990805112387 ], [ 3.468695376031524, 50.357810941208669 ], [ 3.469819979872275, 50.357806403696294 ], [ 3.469818204574311, 50.357626539815726 ], [ 3.470942803877391, 50.357621991458402 ], [ 3.470941024348372, 50.357442127601054 ], [ 3.472065619113141, 50.357437568398822 ], [ 3.472069186687464, 50.357797296049974 ], [ 3.472350337457936, 50.357796154535897 ], [ 3.47234676775906, 50.357436426899262 ], [ 3.473190213587995, 50.357432998322892 ], [ 3.473188425578976, 50.357253134517904 ], [ 3.473750720582951, 50.357250845416822 ], [ 3.473748930467599, 50.357070981620687 ], [ 3.474030076880068, 50.357069836058017 ], [ 3.474031868057669, 50.357249699846861 ], [ 3.474313015514192, 50.357248553597316 ], [ 3.474311223274344, 50.357068689815755 ], [ 3.474592369650414, 50.357067542893866 ], [ 3.474590576366537, 50.356887679113939 ], [ 3.475434012198699, 50.356884234292622 ], [ 3.475435808669284, 50.357064098050671 ], [ 3.475716954972425, 50.357062948410423 ], [ 3.475722347680446, 50.357602539628871 ], [ 3.476003497152095, 50.357601389287105 ], [ 3.476008893211322, 50.358140980432886 ], [ 3.476290045851569, 50.3581398293896 ], [ 3.476295445262203, 50.358679420462707 ], [ 3.476576601071129, 50.358678268717846 ], [ 3.476580202894329, 50.35903799605709 ], [ 3.476861360809656, 50.359036843617957 ], [ 3.476864964830772, 50.359396570920005 ], [ 3.477146124852532, 50.359395417786601 ], [ 3.477153337364039, 50.360114872293742 ], [ 3.476872173092675, 50.360116025456442 ], [ 3.476873975203917, 50.360295889076433 ], [ 3.476311644481422, 50.360298193377446 ], [ 3.476309844495037, 50.360118329742818 ], [ 3.476028680168784, 50.360119480866508 ], [ 3.476025082375696, 50.359759753565712 ], [ 3.475743920155996, 50.359760903995102 ], [ 3.475740324560785, 50.359401176657144 ], [ 3.475459164447605, 50.359402326392271 ], [ 3.475453774378852, 50.358862735321132 ], [ 3.475172617434515, 50.358863884354726 ], [ 3.475169026271277, 50.358504156931161 ], [ 3.474887871433376, 50.358505305270569 ], [ 3.474882488012251, 50.357965714071049 ], [ 3.474039032950023, 50.357969154945877 ], [ 3.474040824218599, 50.35814901870652 ], [ 3.472916212965065, 50.35815359705402 ], [ 3.472918000002588, 50.358333460838089 ], [ 3.472636846081481, 50.358334603733162 ], [ 3.472635060106271, 50.358154739941817 ], [ 3.472353907229337, 50.358155882150022 ], [ 3.47235926202242, 50.358695473528854 ], [ 3.472640418086329, 50.358694331298899 ], [ 3.472645776229672, 50.359233922605235 ], [ 3.472926935462506, 50.359232779673903 ], [ 3.472935871376283, 50.360132098368709 ], [ 3.472654706831452, 50.360133241336314 ], [ 3.472656493006241, 50.36031310506565 ], [ 3.472094161737292, 50.360315388976375 ], [ 3.472092377687366, 50.360135525232558 ], [ 3.471811213088134, 50.360136666161196 ], [ 3.471812996075625, 50.360316529912225 ], [ 3.468720172604243, 50.360329035347846 ] ], [ [ 3.470118895382361, 50.359603906042601 ], [ 3.470962379889702, 50.359600493516865 ], [ 3.470960600161827, 50.359420629721555 ], [ 3.471241760565739, 50.359419490860894 ], [ 3.471239979793565, 50.359239627067176 ], [ 3.47039650171474, 50.359243041588542 ], [ 3.470398279299776, 50.359422905403939 ], [ 3.470117118841658, 50.359424042225641 ], [ 3.470118895382361, 50.359603906042601 ] ] ] } },
{ "type": "Feature", "properties": { "surface_ha": 1.81 }, "geometry": { "type": "Polygon", "coordinates": [ [ [ 3.540376014097394, 50.356420753932092 ], [ 3.540373972298678, 50.356240891963232 ], [ 3.540092833665809, 50.35624219788324 ], [ 3.540090792949978, 50.356062335900432 ], [ 3.539809655358523, 50.3560636411326 ], [ 3.539807615725553, 50.355883779135866 ], [ 3.539526479175514, 50.355885083680178 ], [ 3.539524440625383, 50.355705221669496 ], [ 3.54036784702697, 50.355701306022745 ], [ 3.540365805311214, 50.35552144403124 ], [ 3.540928074017707, 50.355518830218926 ], [ 3.540926030198488, 50.355338968238364 ], [ 3.541488296697742, 50.35533635172451 ], [ 3.541486250775106, 50.355156489754926 ], [ 3.54092398640003, 50.355159106252195 ], [ 3.540921942622333, 50.354979244260328 ], [ 3.541203073758179, 50.354977936359774 ], [ 3.541201028939173, 50.354798074370592 ], [ 3.540919898865394, 50.354799382262847 ], [ 3.540917855129215, 50.354619520259696 ], [ 3.54148011313189, 50.354616903812257 ], [ 3.541478067292379, 50.354437041820056 ], [ 3.541759195200505, 50.354435732585365 ], [ 3.541757148319741, 50.354255870595829 ], [ 3.542038275145043, 50.354254560689945 ], [ 3.542040323087841, 50.354434422671154 ], [ 3.542321450954375, 50.354433112077459 ], [ 3.542325549026478, 50.35479283600629 ], [ 3.542606678996297, 50.354791524716404 ], [ 3.542610779275794, 50.355151248605985 ], [ 3.542048515067056, 50.355153870539517 ], [ 3.542050563113867, 50.355333732492468 ], [ 3.542331696290732, 50.355332421857149 ], [ 3.542333745420444, 50.355512283796145 ], [ 3.542614879638592, 50.355510972472985 ], [ 3.542616929851227, 50.355690834397954 ], [ 3.542054659269899, 50.355693456381417 ], [ 3.542056707379121, 50.355873318317443 ], [ 3.541494434590339, 50.355875937599315 ], [ 3.541496480596101, 50.356055799546297 ], [ 3.540934205599925, 50.356058416126615 ], [ 3.540938293425209, 50.35641814003683 ], [ 3.540376014097394, 50.356420753932092 ] ], [ [ 3.540090792949978, 50.356062335900432 ], [ 3.540653068070689, 50.356059723397429 ], [ 3.540651025251321, 50.355879861425556 ], [ 3.540088752254875, 50.355882473911976 ], [ 3.540090792949978, 50.356062335900432 ] ], [ [ 3.540932161718425, 50.355878554163034 ], [ 3.541213298164767, 50.355877246220956 ], [ 3.541211253241906, 50.355697384260026 ], [ 3.540930117857685, 50.355698692193798 ], [ 3.540932161718425, 50.355878554163034 ] ], [ [ 3.541211253241906, 50.355697384260026 ], [ 3.541773523948025, 50.355694766353842 ], [ 3.541771476921716, 50.355514904403876 ], [ 3.541209208339819, 50.355517522293454 ], [ 3.541211253241906, 50.355697384260026 ] ], [ [ 3.541771476921716, 50.355514904403876 ], [ 3.542052611181481, 50.355513594439785 ], [ 3.542050563113867, 50.355333732492468 ], [ 3.5417694299162, 50.35533504244826 ], [ 3.541771476921716, 50.355514904403876 ] ], [ [ 3.541767382931479, 50.355155180486982 ], [ 3.542048515067056, 50.355153870539517 ], [ 3.542042371051441, 50.35461428464675 ], [ 3.541761242102061, 50.354615594569246 ], [ 3.541763289024409, 50.3547954565475 ], [ 3.541482158992181, 50.354796765798788 ], [ 3.541484204873253, 50.354976627779685 ], [ 3.541765335967548, 50.354975318520061 ], [ 3.541767382931479, 50.355155180486982 ] ] ] } },
{ "type": "Feature", "properties": { "surface_ha": 3.57 }, "geometry": { "type": "Polygon", "coordinates": [ [ [ 3.459686375982205, 50.356587800767322 ], [ 3.459684639050105, 50.356407936590529 ], [ 3.459122352878154, 50.356410157660562 ], [ 3.459120618088107, 50.356230293464009 ], [ 3.4588394760379, 50.356231402972597 ], [ 3.458837742327672, 50.356051538763388 ], [ 3.458275460298824, 50.356053755727729 ], [ 3.458273728730577, 50.355873891498803 ], [ 3.459117148560882, 50.35587056505404 ], [ 3.459115413823701, 50.355690700840583 ], [ 3.458834274960046, 50.355691810328047 ], [ 3.458832541302649, 50.355511946101927 ], [ 3.458551403483547, 50.355513054902758 ], [ 3.458547938345875, 50.355153326419554 ], [ 3.458829074040683, 50.355152217632771 ], [ 3.458827340436115, 50.354972353389748 ], [ 3.458546205803438, 50.354973462169475 ], [ 3.458544473278598, 50.354793597913762 ], [ 3.458263339690443, 50.354794706006921 ], [ 3.458261608245313, 50.354614841738531 ], [ 3.45798047570168, 50.354615949145099 ], [ 3.457978745336234, 50.354436084864041 ], [ 3.457416482320448, 50.354438297624483 ], [ 3.457414754096757, 50.354258433323757 ], [ 3.457695884551343, 50.354257327290334 ], [ 3.457694155283128, 50.354077462990993 ], [ 3.457975284658071, 50.354076356285034 ], [ 3.457977014988366, 50.354256220577355 ], [ 3.458258145407811, 50.354255113184855 ], [ 3.458259876817768, 50.354434977464507 ], [ 3.458822139728064, 50.354432760626828 ], [ 3.458823873279806, 50.354612624886776 ], [ 3.459105005770644, 50.354611515441576 ], [ 3.459106740402104, 50.354791379688841 ], [ 3.45966900745513, 50.354789158745731 ], [ 3.459667270699454, 50.354609294512564 ], [ 3.459948403137402, 50.354608183028709 ], [ 3.459944927554787, 50.354248454559595 ], [ 3.460226057850901, 50.354247342410353 ], [ 3.460224319023995, 50.354067478174393 ], [ 3.461067706620089, 50.354064137670655 ], [ 3.46106944863322, 50.354244001885412 ], [ 3.461350578858619, 50.354242887018017 ], [ 3.46135580819047, 50.354782479607209 ], [ 3.461074674778782, 50.354783594495835 ], [ 3.461076416862693, 50.354963458688026 ], [ 3.460795282371192, 50.354964572904194 ], [ 3.46079876446783, 50.355324301285826 ], [ 3.459955354514454, 50.355327639899329 ], [ 3.459957092402849, 50.355507504102896 ], [ 3.459675954654251, 50.355508615622014 ], [ 3.459677691498137, 50.355688479826981 ], [ 3.460239969102003, 50.355686256095083 ], [ 3.460241708087877, 50.355866120280311 ], [ 3.460522847925491, 50.355865007387941 ], [ 3.460524587991212, 50.356044871560471 ], [ 3.460805728873334, 50.356043757981467 ], [ 3.460809211182203, 50.35640348629547 ], [ 3.460528068175681, 50.356404599888592 ], [ 3.460529808294429, 50.356584464044218 ], [ 3.459686375982205, 50.356587800767322 ] ] ] } },
{ "type": "Feature", "properties": { "surface_ha": 8.35 }, "geometry": { "type": "Polygon", "coordinates": [ [ [ 3.474302262348183, 50.356169370823281 ], [ 3.474300470217564, 50.355989507007862 ], [ 3.474019330196545, 50.355990653206483 ], [ 3.474017539146302, 50.355810789378133 ], [ 3.471768426821484, 50.355819934444341 ], [ 3.47176664428673, 50.355640070552326 ], [ 3.471485506226697, 50.355641210620298 ], [ 3.471483724772203, 50.355461346715416 ], [ 3.471764861770081, 50.355460206654676 ], [ 3.47176307927154, 50.355280342751357 ], [ 3.472606486970077, 50.355276918513518 ], [ 3.472604701303251, 50.355097054626313 ], [ 3.473448105652154, 50.355093624294234 ], [ 3.473446316817109, 50.354913760423173 ], [ 3.474289717816126, 50.354910323996961 ], [ 3.474287925812931, 50.354730460142051 ], [ 3.4748501909304, 50.354728165808083 ], [ 3.474848396821215, 50.354548301962112 ], [ 3.475129528290524, 50.354547153783095 ], [ 3.475131323461805, 50.354727017621791 ], [ 3.475412455974975, 50.354725868755935 ], [ 3.475410659741599, 50.354546004924543 ], [ 3.476535185363338, 50.354541402694956 ], [ 3.476533384899872, 50.354361538887161 ], [ 3.477657905980664, 50.354356925814265 ], [ 3.4776561012872, 50.354177062030089 ], [ 3.477374972106542, 50.354178216310288 ], [ 3.477373168493469, 50.353998352513173 ], [ 3.478778808903032, 50.353992574353597 ], [ 3.478780617826408, 50.354172438114034 ], [ 3.479061746915302, 50.354171280436198 ], [ 3.479067176981921, 50.354710871661652 ], [ 3.479348309238673, 50.354709713282226 ], [ 3.479351931499229, 50.355069440722957 ], [ 3.479914200205965, 50.355067121896042 ], [ 3.479921453444961, 50.355786576650935 ], [ 3.478796898963661, 50.355791211704258 ], [ 3.47879870807079, 50.355971075408299 ], [ 3.477111869424753, 50.355978007645284 ], [ 3.477113672177184, 50.35615787138768 ], [ 3.474302262348183, 50.356169370823281 ] ], [ [ 3.477663320171052, 50.354896517132914 ], [ 3.478506720348042, 50.354893050127117 ], [ 3.478504912413271, 50.354713186381886 ], [ 3.477942647771164, 50.354715498383946 ], [ 3.477939036205064, 50.354355770847206 ], [ 3.477657905980664, 50.354356925814265 ], [ 3.477663320171052, 50.354896517132914 ] ] ] } },
{ "type": "Feature", "properties": { "surface_ha": 1.28 }, "geometry": { "type": "Polygon", "coordinates": [ [ [ 3.479912386942261, 50.35488725819323 ], [ 3.479910573696977, 50.35470739448477 ], [ 3.479629441477028, 50.354708554223272 ], [ 3.479624005037925, 50.354168963041936 ], [ 3.479342875985811, 50.354170122078841 ], [ 3.479337442898512, 50.353630530824674 ], [ 3.480461946251906, 50.353625890688306 ], [ 3.480465576788052, 50.35398561813782 ], [ 3.480746704704416, 50.353984456390208 ], [ 3.480748521062206, 50.354164320099116 ], [ 3.481029650022178, 50.354163157664587 ], [ 3.481031467460485, 50.354343021360478 ], [ 3.481312597464067, 50.354341858239046 ], [ 3.481314415982914, 50.354521721921934 ], [ 3.481033284917253, 50.354522885050727 ], [ 3.481035102392482, 50.354702748735342 ], [ 3.48075397024627, 50.354703911192011 ], [ 3.480755786677861, 50.35488377487836 ], [ 3.479912386942261, 50.35488725819323 ] ] ] } },
{ "type": "Feature", "properties": { "surface_ha": 1.44 }, "geometry": { "type": "Polygon", "coordinates": [ [ [ 3.54681536200738, 50.354052326479938 ], [ 3.546811230117639, 50.353692602773258 ], [ 3.546530106833455, 50.353693924205643 ], [ 3.546528041982046, 50.353514062335414 ], [ 3.546809164204245, 50.353512740911434 ], [ 3.546807098311834, 50.353332879043947 ], [ 3.547088219451076, 50.353331556948866 ], [ 3.547086152517685, 50.353151695084115 ], [ 3.547648392609243, 50.353149048872254 ], [ 3.547646323572941, 50.352969187018651 ], [ 3.547927442525251, 50.352967862901899 ], [ 3.547923302391818, 50.352608139194572 ], [ 3.54876665275093, 50.352604162817933 ], [ 3.548770799255976, 50.352963886474789 ], [ 3.549051918124116, 50.352962559640147 ], [ 3.549058141225511, 50.353502145057718 ], [ 3.548214775000266, 50.35350612359904 ], [ 3.548216846223587, 50.353685985418878 ], [ 3.547654599844247, 50.353688634399113 ], [ 3.547656668964613, 50.353868496230078 ], [ 3.547094420377215, 50.353871142509142 ], [ 3.547096487394584, 50.354051004351248 ], [ 3.54681536200738, 50.354052326479938 ] ] ] } },
{ "type": "Feature", "properties": { "surface_ha": 1.69 }, "geometry": { "type": "Polygon", "coordinates": [ [ [ 3.473113345597911, 50.349698849614711 ], [ 3.473111558369661, 50.349518985567194 ], [ 3.472549354626907, 50.349521271325841 ], [ 3.472547569540378, 50.349341407258152 ], [ 3.471985367848669, 50.349343690284613 ], [ 3.471983584903819, 50.349163826196843 ], [ 3.471140285415793, 50.349167245619235 ], [ 3.471138505674344, 50.348987381504088 ], [ 3.470857406870599, 50.348988519945507 ], [ 3.470853849565425, 50.348628791683829 ], [ 3.471416042907845, 50.348626514150496 ], [ 3.471414262158892, 50.348446650025664 ], [ 3.471695357741247, 50.34844551024716 ], [ 3.471697139551931, 50.348625374364758 ], [ 3.472540429375565, 50.348621950931083 ], [ 3.472542214389574, 50.348801815021339 ], [ 3.473385507235267, 50.348798385451346 ], [ 3.47338729545266, 50.348978249514161 ], [ 3.473668394093333, 50.348977104958088 ], [ 3.473670183390651, 50.349156969007986 ], [ 3.474232382740992, 50.349154677843117 ], [ 3.474235965637262, 50.349514405896912 ], [ 3.473954863847627, 50.349515551833633 ], [ 3.473956654261261, 50.349695415859344 ], [ 3.473113345597911, 50.349698849614711 ] ] ] } },
{ "type": "Feature", "properties": { "surface_ha": 1.0 }, "geometry": { "type": "Polygon", "coordinates": [ [ [ 3.553222717926207, 50.348985617089319 ], [ 3.553218538373319, 50.348625893454134 ], [ 3.552937445305849, 50.348627230277259 ], [ 3.552935356622919, 50.348447368442699 ], [ 3.552654264595913, 50.348448704577983 ], [ 3.55264800185937, 50.347909119014915 ], [ 3.552929090701407, 50.347907782905075 ], [ 3.552931179320698, 50.34808764475661 ], [ 3.553493359064411, 50.348084970481899 ], [ 3.553491268321829, 50.347905108647339 ], [ 3.554053445857317, 50.347902431672203 ], [ 3.554055538723187, 50.348082293489753 ], [ 3.554336628520697, 50.348080953974645 ], [ 3.554342910430843, 50.348620539367865 ], [ 3.554061817448338, 50.348621878908496 ], [ 3.554063910399233, 50.348801740703436 ], [ 3.55378281633378, 50.34880307957318 ], [ 3.553784908244235, 50.348982941370942 ], [ 3.553222717926207, 50.348985617089319 ] ] ] } },
{ "type": "Feature", "properties": { "surface_ha": 2.49 }, "geometry": { "type": "Polygon", "coordinates": [ [ [ 3.475356781223248, 50.349150087360449 ], [ 3.47535498555536, 50.348970223354229 ], [ 3.474792788474186, 50.348972519939792 ], [ 3.474785614478884, 50.348253063800172 ], [ 3.475066708781648, 50.348251915876233 ], [ 3.475061325291341, 50.347712323734164 ], [ 3.475342416390789, 50.347711175152718 ], [ 3.475337029879519, 50.347171582981765 ], [ 3.476461381354888, 50.34716698194984 ], [ 3.476463181087019, 50.347346845983267 ], [ 3.47702535883838, 50.347344541376515 ], [ 3.47702896260415, 50.347704269397177 ], [ 3.477310053575722, 50.347703116060124 ], [ 3.477313659538072, 50.348062844043575 ], [ 3.477032566443122, 50.348063997395279 ], [ 3.477034368390062, 50.348243861385853 ], [ 3.476753274215105, 50.348245014065505 ], [ 3.476755075118628, 50.34842487805777 ], [ 3.476473979863667, 50.348426030065326 ], [ 3.476475779723753, 50.348605894059283 ], [ 3.476194683388783, 50.348607045394765 ], [ 3.476196482205412, 50.348786909390356 ], [ 3.475915384790433, 50.348788060053757 ], [ 3.475917182563583, 50.348967924051038 ], [ 3.475636084068595, 50.348969074042323 ], [ 3.475637880798244, 50.34914893804126 ], [ 3.475356781223248, 50.349150087360449 ] ] ] } },
{ "type": "Feature", "properties": { "surface_ha": 4.82 }, "geometry": { "type": "Polygon", "coordinates": [ [ [ 3.442166862855679, 50.347122558457151 ], [ 3.442163522522828, 50.346762828642582 ], [ 3.441882435717282, 50.346763897016523 ], [ 3.441879097575546, 50.346404167165844 ], [ 3.441598012876311, 50.346405234846863 ], [ 3.44159134104265, 50.345685775050804 ], [ 3.441310260572876, 50.345686842025387 ], [ 3.441303593256474, 50.344967382112081 ], [ 3.441022517016, 50.34496844838025 ], [ 3.441024182758166, 50.345148313373812 ], [ 3.440743105439235, 50.345149378969424 ], [ 3.440738111448077, 50.344609783951597 ], [ 3.441019185582417, 50.344608718376278 ], [ 3.441014188558916, 50.34406912332804 ], [ 3.441576330407849, 50.344066990180089 ], [ 3.441577998188408, 50.34424685518826 ], [ 3.44185907014896, 50.344245787588555 ], [ 3.441857401306915, 50.34406592258717 ], [ 3.442138472189032, 50.344064854314944 ], [ 3.442140142092564, 50.344244719309565 ], [ 3.442421214019209, 50.344243650351267 ], [ 3.442422885001197, 50.344423515333474 ], [ 3.443266103863757, 50.344420304362416 ], [ 3.443271126465207, 50.344959899214018 ], [ 3.443552202569956, 50.344958827511334 ], [ 3.443557228509086, 50.34549842229184 ], [ 3.443838307781471, 50.345497349889406 ], [ 3.443843337058479, 50.346036944598772 ], [ 3.444124419498585, 50.346035871496575 ], [ 3.444131129686109, 50.346755331002953 ], [ 3.442444609311414, 50.346761759589292 ], [ 3.442447951767571, 50.347121489390297 ], [ 3.442166862855679, 50.347122558457151 ] ] ] } },
{ "type": "Feature", "properties": { "surface_ha": 1.04 }, "geometry": { "type": "Polygon", "coordinates": [ [ [ 3.520788441310512, 50.339242440006331 ], [ 3.520784508148334, 50.33888271385441 ], [ 3.52050347108997, 50.338883972109571 ], [ 3.520499540129894, 50.338524245919075 ], [ 3.520780575066035, 50.338522987679916 ], [ 3.520778608554839, 50.338343124584185 ], [ 3.522183777630314, 50.338336823241249 ], [ 3.52218574944698, 50.338516686296984 ], [ 3.522466784263142, 50.338515423982983 ], [ 3.522472703016621, 50.339055013092242 ], [ 3.521067512818957, 50.339061317990932 ], [ 3.521069480471168, 50.339241181056067 ], [ 3.520788441310512, 50.339242440006331 ] ] ] } },
{ "type": "Feature", "properties": { "surface_ha": 14.57 }, "geometry": { "type": "Polygon", "coordinates": [ [ [ 3.439608833640743, 50.344074444310237 ], [ 3.43960717330746, 50.343894579249117 ], [ 3.439326103334676, 50.34389564140092 ], [ 3.439324444079721, 50.343715776327429 ], [ 3.439043375151552, 50.343716837793217 ], [ 3.439038400672129, 50.343177242518685 ], [ 3.438757334911458, 50.343178303284979 ], [ 3.438754020798878, 50.342818573060327 ], [ 3.438472957144216, 50.342819633133921 ], [ 3.438469645221744, 50.342459902873273 ], [ 3.43818858367306, 50.342460962254101 ], [ 3.438185273940609, 50.342101231957486 ], [ 3.437904214497871, 50.342102290645634 ], [ 3.437900906955352, 50.34174256031303 ], [ 3.43761984961853, 50.341743618308492 ], [ 3.4376181969338, 50.341563753127041 ], [ 3.437337140641535, 50.341564810436552 ], [ 3.437338792264923, 50.341744675624717 ], [ 3.437057734894546, 50.341745732261721 ], [ 3.437061036068933, 50.342105462634571 ], [ 3.436779976559082, 50.342106518605696 ], [ 3.436783275677763, 50.342466248969465 ], [ 3.436502214028405, 50.342467304274749 ], [ 3.436503862551481, 50.34264716945485 ], [ 3.436222799823986, 50.342648224087597 ], [ 3.436224447302399, 50.342828089268764 ], [ 3.435381255835359, 50.342831249111448 ], [ 3.435379611541161, 50.342651383910209 ], [ 3.435098548746808, 50.342652435825876 ], [ 3.43509361914856, 50.342112840168348 ], [ 3.435374678758761, 50.342111788272689 ], [ 3.435371390320649, 50.341752057819534 ], [ 3.435652447791438, 50.341751005257983 ], [ 3.435645866870286, 50.341031544310788 ], [ 3.435926920079068, 50.341030491096745 ], [ 3.435921981379773, 50.340490895347244 ], [ 3.436203031387979, 50.340489841474067 ], [ 3.436196442444632, 50.339770380422642 ], [ 3.436477488191116, 50.339769325897009 ], [ 3.436472543475611, 50.339229730069363 ], [ 3.436753586021725, 50.339228674884652 ], [ 3.436748638273323, 50.338689079026381 ], [ 3.437310716948228, 50.338686966659601 ], [ 3.437309065609943, 50.338507101375683 ], [ 3.437871142095461, 50.338504986305665 ], [ 3.437872795556058, 50.338684851576176 ], [ 3.438996952570142, 50.338680613259299 ], [ 3.438998610292193, 50.338860478497281 ], [ 3.439279650564822, 50.33885941721342 ], [ 3.439277991781605, 50.338679551982175 ], [ 3.439559030976225, 50.33867849002587 ], [ 3.439560690820606, 50.33885835525038 ], [ 3.440965891846481, 50.338853035247595 ], [ 3.440967557013595, 50.33903290043267 ], [ 3.441529639428003, 50.339030767663864 ], [ 3.441536308755169, 50.339750228293745 ], [ 3.441255263311621, 50.339751295044856 ], [ 3.441260262301065, 50.340290890478421 ], [ 3.440979213656875, 50.340291956570617 ], [ 3.440990871128804, 50.34155101243249 ], [ 3.440147702807649, 50.341554206775811 ], [ 3.440151027298073, 50.341913937011903 ], [ 3.439307852456936, 50.341917125282585 ], [ 3.439304534334568, 50.341557395005999 ], [ 3.438742421934923, 50.341559517096627 ], [ 3.438744078865007, 50.341739382251212 ], [ 3.4384630215786, 50.34174044228439 ], [ 3.43846633336654, 50.342100172590094 ], [ 3.438747392775655, 50.342099112543451 ], [ 3.438749049756219, 50.342278977681119 ], [ 3.439030110209877, 50.342277916948511 ], [ 3.43903176826865, 50.342457782073808 ], [ 3.439312829766851, 50.342456720655193 ], [ 3.439316148057707, 50.342816450875425 ], [ 3.439597211661853, 50.34281538876408 ], [ 3.43959887189397, 50.342995253859009 ], [ 3.439879936542666, 50.342994191061621 ], [ 3.439884920524481, 50.343533786292348 ], [ 3.440165988340611, 50.343532722795473 ], [ 3.440169313202436, 50.343892452907625 ], [ 3.439888243263384, 50.343893516418007 ], [ 3.439889904658145, 50.344073381472391 ], [ 3.439608833640743, 50.344074444310237 ] ] ] } },
{ "type": "Feature", "properties": { "surface_ha": 4.13 }, "geometry": { "type": "Polygon", "coordinates": [ [ [ 3.511791312434482, 50.338922641160323 ], [ 3.511789379839199, 50.338742777822482 ], [ 3.511227306558417, 50.338745250172245 ], [ 3.511225376104987, 50.33856538681303 ], [ 3.510944340496299, 50.338566621961363 ], [ 3.510942411123575, 50.338386758588655 ], [ 3.509537238091994, 50.338392924103978 ], [ 3.50953531404433, 50.338213060686499 ], [ 3.507568078407481, 50.338221663829451 ], [ 3.507569995027478, 50.338401527301521 ], [ 3.506726890564817, 50.338405204199077 ], [ 3.506721150312985, 50.337865613695847 ], [ 3.508407339963609, 50.337858253928616 ], [ 3.508405420218807, 50.337678390462969 ], [ 3.510372633163283, 50.337669773222274 ], [ 3.510370706010617, 50.337489909805647 ], [ 3.512618939712956, 50.337480020845923 ], [ 3.512620875354016, 50.337659884199788 ], [ 3.512901905539521, 50.337658645015928 ], [ 3.512907715763848, 50.338198235019952 ], [ 3.513188749112897, 50.338196995133359 ], [ 3.513194562697532, 50.338736585062939 ], [ 3.512913526165179, 50.33873782497313 ], [ 3.51291546300496, 50.338917688279565 ], [ 3.511791312434482, 50.338922641160323 ] ] ] } },
{ "type": "Feature", "properties": { "surface_ha": 3.49 }, "geometry": { "type": "Polygon", "coordinates": [ [ [ 3.513756635703189, 50.338734103205084 ], [ 3.513754695699741, 50.338554239916633 ], [ 3.513473660267869, 50.338555481177252 ], [ 3.513467843558995, 50.338015891254358 ], [ 3.513186811290706, 50.338017131812201 ], [ 3.513179060198723, 50.337297678471089 ], [ 3.514022144211881, 50.337293954854687 ], [ 3.514024085138469, 50.3374738181748 ], [ 3.515148201124179, 50.337468843813767 ], [ 3.515150146314666, 50.337648707096669 ], [ 3.515712206311142, 50.337646215825629 ], [ 3.515710258998565, 50.337466352558565 ], [ 3.516553345661812, 50.337462610582364 ], [ 3.516555296157523, 50.337642473825682 ], [ 3.517398385825647, 50.337638725713674 ], [ 3.517396432146802, 50.337458862494124 ], [ 3.518520547182334, 50.337453855535529 ], [ 3.518522505105351, 50.337633718723275 ], [ 3.519084564625957, 50.337631211153358 ], [ 3.519082604580853, 50.337451347981514 ], [ 3.519363633250264, 50.337450093185858 ], [ 3.519367555482469, 50.337809819507932 ], [ 3.518805493879555, 50.33781232845201 ], [ 3.5188074529034, 50.337992191620508 ], [ 3.517121261251182, 50.337999702201451 ], [ 3.517123213928468, 50.338179565411963 ], [ 3.516561147763499, 50.338182063521757 ], [ 3.516563098338438, 50.338361926742493 ], [ 3.515157927274136, 50.338368160171733 ], [ 3.515159872563387, 50.338548023426398 ], [ 3.514316766504376, 50.338551755357955 ], [ 3.514318708630046, 50.338731618630646 ], [ 3.513756635703189, 50.338734103205084 ] ], [ [ 3.514314824398424, 50.338371892079607 ], [ 3.514595858710063, 50.338370648789464 ], [ 3.514591972435159, 50.338010922231646 ], [ 3.514029908036497, 50.338013408101261 ], [ 3.514031849041925, 50.338193271398765 ], [ 3.514312882312196, 50.338192028795646 ], [ 3.514314824398424, 50.338371892079607 ] ], [ [ 3.513748875807596, 50.338014650017357 ], [ 3.514029908036497, 50.338013408101261 ], [ 3.514026026084769, 50.337653681489257 ], [ 3.513744995977994, 50.337654923389614 ], [ 3.513748875807596, 50.338014650017357 ] ] ] } },
{ "type": "Feature", "properties": { "surface_ha": 3.25 }, "geometry": { "type": "Polygon", "coordinates": [ [ [ 3.513177122474918, 50.337117815121708 ], [ 3.513157746319039, 50.335319181317075 ], [ 3.513719779006118, 50.335316699758515 ], [ 3.513721718655006, 50.335496563148638 ], [ 3.514002736029926, 50.335495321342897 ], [ 3.514004676759439, 50.335675184719484 ], [ 3.515128750305658, 50.335670210674202 ], [ 3.515130695298633, 50.335850074013578 ], [ 3.515411714696779, 50.335848828796671 ], [ 3.515413660770452, 50.336028692122483 ], [ 3.515975701629348, 50.336026199635597 ], [ 3.515977649844702, 50.336206062939986 ], [ 3.51625867130544, 50.336204815669994 ], [ 3.516260620601544, 50.336384678960776 ], [ 3.516541643103458, 50.336383431003782 ], [ 3.516543593480336, 50.336563294281 ], [ 3.517105640546701, 50.336560796313911 ], [ 3.517107593065366, 50.336740659569635 ], [ 3.517388617629804, 50.336739409559506 ], [ 3.517390571229296, 50.336919272801637 ], [ 3.516828519958592, 50.336921772158654 ], [ 3.516830471455899, 50.337101635410981 ], [ 3.516268417983906, 50.337104132067452 ], [ 3.516266468608622, 50.336924268799244 ], [ 3.51458031408399, 50.336931742422578 ], [ 3.514582257093192, 50.337111605738208 ], [ 3.514301230208956, 50.337112848973121 ], [ 3.514299288260768, 50.336932985649597 ], [ 3.513456210672827, 50.336936711256037 ], [ 3.51345814943797, 50.337116574603215 ], [ 3.513177122474918, 50.337117815121708 ] ], [ [ 3.513735296748716, 50.33675560672139 ], [ 3.514016321550362, 50.336754364860468 ], [ 3.514010499066218, 50.336214774815396 ], [ 3.513729477447517, 50.336216016652678 ], [ 3.513731417194887, 50.336395880014557 ], [ 3.513450394495519, 50.336397121180639 ], [ 3.513452333201602, 50.336576984544749 ], [ 3.513733356961952, 50.336575743370801 ], [ 3.513735296748716, 50.33675560672139 ] ], [ [ 3.514289578815615, 50.336033668947259 ], [ 3.514570599333928, 50.33603242575969 ], [ 3.514568656443102, 50.33585256241016 ], [ 3.514287636985738, 50.335853805589828 ], [ 3.514289578815615, 50.336033668947259 ] ] ] } },
{ "type": "Feature", "properties": { "surface_ha": 1.08 }, "geometry": { "type": "Polygon", "coordinates": [ [ [ 3.545468316799135, 50.334632492049181 ], [ 3.545462138520038, 50.334092904547852 ], [ 3.545743146173997, 50.334091586066549 ], [ 3.545741085728641, 50.333911723563148 ], [ 3.546303098852158, 50.333909084580185 ], [ 3.546301036306123, 50.333729222087904 ], [ 3.547144052651901, 50.333725258545918 ], [ 3.547146118380337, 50.333905121013061 ], [ 3.547427124847794, 50.333903798465961 ], [ 3.547431258489226, 50.334263523366467 ], [ 3.547150249900137, 50.334264845930356 ], [ 3.547152315691499, 50.334444708380509 ], [ 3.546871306020603, 50.334446030273739 ], [ 3.546873370772099, 50.334625892726628 ], [ 3.545468316799135, 50.334632492049181 ] ] ] } },
{ "type": "Feature", "properties": { "surface_ha": 4.82 }, "geometry": { "type": "Polygon", "coordinates": [ [ [ 3.540135224943272, 50.335197002578717 ], [ 3.54013318558997, 50.3350171399427 ], [ 3.539571158820519, 50.335019749148017 ], [ 3.539567084419503, 50.334660023825933 ], [ 3.539286073125475, 50.334661327393434 ], [ 3.539284037016847, 50.33448146471563 ], [ 3.539003026762995, 50.334482767595851 ], [ 3.539000991735881, 50.334302904904128 ], [ 3.538719982522208, 50.33430420709702 ], [ 3.538713880747296, 50.333764618963116 ], [ 3.538432874695427, 50.333765920452215 ], [ 3.538430841872557, 50.333586057721334 ], [ 3.538149836860845, 50.333587358523161 ], [ 3.538143741698409, 50.333047770271854 ], [ 3.538705745336536, 50.33304516803873 ], [ 3.538703711535474, 50.332865305293495 ], [ 3.539546713655497, 50.332861396876105 ], [ 3.539544676692856, 50.332681534150041 ], [ 3.540387675444508, 50.332677619646503 ], [ 3.540389715589377, 50.332857482347727 ], [ 3.540670716192587, 50.332856176146947 ], [ 3.540674798665985, 50.333215901515857 ], [ 3.540955801369984, 50.333214594619491 ], [ 3.540957843698545, 50.333394457287163 ], [ 3.541238847442582, 50.333393149703454 ], [ 3.541242934283496, 50.333752875005281 ], [ 3.541523940128363, 50.333751566725965 ], [ 3.541528029173894, 50.334111291988535 ], [ 3.541809037119623, 50.334109983013612 ], [ 3.541811082734355, 50.334289845628085 ], [ 3.542092091720139, 50.334288535965818 ], [ 3.542100278630193, 50.335007986334013 ], [ 3.541819265400995, 50.335009296029547 ], [ 3.541817219703178, 50.334829433437669 ], [ 3.541536207514078, 50.334830742445845 ], [ 3.541538252151025, 50.335010605046023 ], [ 3.541257238880294, 50.335011913383468 ], [ 3.541259282477122, 50.33519177598631 ], [ 3.540978268124759, 50.335193083652982 ], [ 3.540976225588812, 50.335013221041855 ], [ 3.54069521227659, 50.33501452802119 ], [ 3.540693170822253, 50.334834665396116 ], [ 3.540412158550172, 50.334835971688094 ], [ 3.540416239357822, 50.335195696949199 ], [ 3.540135224943272, 50.335197002578717 ] ] ] } },
{ "type": "Feature", "properties": { "surface_ha": 1.93 }, "geometry": { "type": "Polygon", "coordinates": [ [ [ 3.552472722679194, 50.332800702579711 ], [ 3.552470636922684, 50.332620840238874 ], [ 3.552189638259955, 50.332622174949016 ], [ 3.552185468931896, 50.332262450233436 ], [ 3.551904472369431, 50.332263784247672 ], [ 3.551902388797849, 50.332083921872922 ], [ 3.551621393274924, 50.332085255199686 ], [ 3.551619310785185, 50.331905392810832 ], [ 3.551900305247421, 50.331904059492501 ], [ 3.551896138210034, 50.331544334714742 ], [ 3.553582091810772, 50.331536320648169 ], [ 3.553580001959884, 50.33135645830167 ], [ 3.554141984202519, 50.331353781531426 ], [ 3.554158720574822, 50.332792680009113 ], [ 3.553596721361135, 50.332795356915298 ], [ 3.553590451426515, 50.332255769977614 ], [ 3.553028458492254, 50.33225844411686 ], [ 3.553032634184594, 50.332618168781615 ], [ 3.552751635564233, 50.332619504849738 ], [ 3.552753722381473, 50.332799367182083 ], [ 3.552472722679194, 50.332800702579711 ] ] ] } },
{ "type": "Feature", "properties": { "surface_ha": 1.24 }, "geometry": { "type": "Polygon", "coordinates": [ [ [ 3.533904523920555, 50.330908845453131 ], [ 3.533902508397944, 50.330728982500219 ], [ 3.533621520028814, 50.330730272306802 ], [ 3.533619505587285, 50.33055040934002 ], [ 3.535024441925095, 50.330543953558767 ], [ 3.535016363151676, 50.329824501799123 ], [ 3.534735380167449, 50.329825794280453 ], [ 3.534739417391985, 50.330185520187996 ], [ 3.534458432266102, 50.330186812006787 ], [ 3.534448344661294, 50.329287497154546 ], [ 3.534729324484356, 50.329286205376761 ], [ 3.534733361585923, 50.329645931318211 ], [ 3.535295325412745, 50.329643345693036 ], [ 3.535297346115398, 50.329823208638885 ], [ 3.535578329058604, 50.329821914799687 ], [ 3.535580350842348, 50.330001777731667 ], [ 3.535861334825599, 50.330000483205353 ], [ 3.535867403481786, 50.330540071942671 ], [ 3.535586416316747, 50.330541366493648 ], [ 3.535590460068987, 50.330901092306704 ], [ 3.533904523920555, 50.330908845453131 ] ] ] } },
{ "type": "Feature", "properties": { "surface_ha": 2.77 }, "geometry": { "type": "Polygon", "coordinates": [ [ [ 3.545701941241607, 50.330494334924396 ], [ 3.545699881214623, 50.330314472307904 ], [ 3.544856925014422, 50.330318425187855 ], [ 3.544854868190114, 50.330138562540625 ], [ 3.544573883808852, 50.330139878801063 ], [ 3.544575939572574, 50.330319741456648 ], [ 3.544013968626269, 50.330322371957394 ], [ 3.544011914983722, 50.330142509285096 ], [ 3.543730930539876, 50.330143823508756 ], [ 3.543728877978755, 50.329963960822468 ], [ 3.544852811386687, 50.329958699887726 ], [ 3.544850754604144, 50.329778837229185 ], [ 3.545131736843381, 50.329777520306543 ], [ 3.545129679021167, 50.329597657650709 ], [ 3.544848697842483, 50.329598974564981 ], [ 3.544846641101707, 50.329419111895128 ], [ 3.545408601317094, 50.329416477404365 ], [ 3.545406542476132, 50.329236614745582 ], [ 3.544844584381811, 50.329239249219619 ], [ 3.544842527682796, 50.329059386538461 ], [ 3.545123505679882, 50.329058069649257 ], [ 3.545121447941237, 50.328878206970778 ], [ 3.545683401751699, 50.328875571172368 ], [ 3.545681341912947, 50.328695708504995 ], [ 3.545962317726313, 50.32869438959581 ], [ 3.545960256847987, 50.328514526931123 ], [ 3.546241231579941, 50.328513207351428 ], [ 3.546243293518757, 50.328693070007738 ], [ 3.546524269290265, 50.328691749740756 ], [ 3.546526332310514, 50.328871612383004 ], [ 3.546807309121575, 50.328870291428743 ], [ 3.54680937322328, 50.329050154056993 ], [ 3.54652839535171, 50.329051475019625 ], [ 3.546532521496939, 50.329411200275864 ], [ 3.547094481461224, 50.329408557638118 ], [ 3.547096546686344, 50.329588420241002 ], [ 3.547658508687838, 50.329585774870814 ], [ 3.547660576055028, 50.329765637451239 ], [ 3.547941558084848, 50.329764313739375 ], [ 3.547943626533591, 50.329944176305737 ], [ 3.547662643443209, 50.329945500025993 ], [ 3.547664710852379, 50.330125362595119 ], [ 3.547102742487509, 50.330128008015656 ], [ 3.547104807796501, 50.330307870595902 ], [ 3.545980866572873, 50.330313153323381 ], [ 3.545982927660453, 50.330493015931474 ], [ 3.545701941241607, 50.330494334924396 ] ], [ [ 3.545691641315845, 50.329595021785387 ], [ 3.546253603526864, 50.329592383204385 ], [ 3.546251541483371, 50.329412520576355 ], [ 3.545689581393436, 50.329415159140609 ], [ 3.545691641315845, 50.329595021785387 ] ], [ [ 3.545687521491944, 50.329235296490175 ], [ 3.546249479460814, 50.329232657942704 ], [ 3.546247417459193, 50.329052795303355 ], [ 3.545685461611365, 50.329055433834114 ], [ 3.545687521491944, 50.329235296490175 ] ] ] } },
{ "type": "Feature", "properties": { "surface_ha": 1.0 }, "geometry": { "type": "Polygon", "coordinates": [ [ [ 3.446499022992604, 50.329478595133658 ], [ 3.446497337509347, 50.329298729786039 ], [ 3.445935370283144, 50.329300886265862 ], [ 3.445933686938177, 50.329121020898938 ], [ 3.445652704360024, 50.329122098113601 ], [ 3.445651022092727, 50.328942232734185 ], [ 3.44537004055807, 50.328943309263089 ], [ 3.445368359368421, 50.328763443871203 ], [ 3.445649339842508, 50.328762367349164 ], [ 3.445642611012437, 50.328042905752632 ], [ 3.445923587227283, 50.328041828578982 ], [ 3.445921904001949, 50.327861963172609 ], [ 3.446483854259332, 50.32785980680228 ], [ 3.446495652043201, 50.3291188644328 ], [ 3.44677663457005, 50.329117785181332 ], [ 3.44678000764064, 50.329477515868497 ], [ 3.446499022992604, 50.329478595133658 ] ] ] } },
{ "type": "Feature", "properties": { "surface_ha": 2.77 }, "geometry": { "type": "Polygon", "coordinates": [ [ [ 3.546807309121575, 50.328870291428743 ], [ 3.546805245040828, 50.328690428794857 ], [ 3.546524269290265, 50.328691749740756 ], [ 3.546520143312601, 50.328332024439248 ], [ 3.546239169662059, 50.328333344689476 ], [ 3.546237107765112, 50.328153482021861 ], [ 3.545956135154103, 50.328154801584816 ], [ 3.545954074338545, 50.327974938903175 ], [ 3.545673102767069, 50.327976257778865 ], [ 3.54567104303288, 50.327796395083212 ], [ 3.546513954503193, 50.327792436444604 ], [ 3.546511891608612, 50.327612573768377 ], [ 3.547073830363249, 50.32760993129839 ], [ 3.547071765368766, 50.327430068633298 ], [ 3.547914670162188, 50.327426099861945 ], [ 3.547922942991178, 50.328145550387589 ], [ 3.548203915455424, 50.328144226072439 ], [ 3.548205984775633, 50.328324088681299 ], [ 3.548767931762016, 50.328321437997552 ], [ 3.548763788900772, 50.327961712807827 ], [ 3.548201846156225, 50.327964363457902 ], [ 3.548193569169517, 50.327244912943307 ], [ 3.549317437607659, 50.327239609062225 ], [ 3.549319511064466, 50.327419471665706 ], [ 3.54960047918181, 50.327418143989853 ], [ 3.549602553720089, 50.327598006579258 ], [ 3.549883522876792, 50.327596678216111 ], [ 3.54988767413741, 50.327956403361057 ], [ 3.549606702859833, 50.327957731741066 ], [ 3.54960462827943, 50.327777869162986 ], [ 3.549042687781984, 50.327780523869521 ], [ 3.549044760241503, 50.32796038646444 ], [ 3.549325731561195, 50.327959059442207 ], [ 3.549331952247392, 50.328498647167784 ], [ 3.548208054116852, 50.328503951284496 ], [ 3.548210123479079, 50.328683813882073 ], [ 3.547367196479072, 50.328687784866453 ], [ 3.547365130298306, 50.328507922243681 ], [ 3.547084155650154, 50.328509244538957 ], [ 3.54708828591168, 50.328868969795586 ], [ 3.546807309121575, 50.328870291428743 ] ] ] } },
{ "type": "Feature", "properties": { "surface_ha": 1.32 }, "geometry": { "type": "Polygon", "coordinates": [ [ [ 3.534159299344672, 50.32856933623713 ], [ 3.534157283027581, 50.328389473218927 ], [ 3.533876308466118, 50.328390763597945 ], [ 3.533874293229978, 50.328210900565885 ], [ 3.533593319708534, 50.328212190257844 ], [ 3.533595333884196, 50.328392053298067 ], [ 3.533314359281823, 50.328393342319309 ], [ 3.533312346166641, 50.328213479270893 ], [ 3.532750399021549, 50.328216055260327 ], [ 3.532746377094357, 50.327856329113828 ], [ 3.533308319997594, 50.327853753157093 ], [ 3.533306306943728, 50.32767389009171 ], [ 3.533587277304246, 50.327672601103203 ], [ 3.533585263210382, 50.32749273804037 ], [ 3.5344281709879, 50.327488867026133 ], [ 3.534426153733209, 50.327309003982215 ], [ 3.534988090028321, 50.3273064199281 ], [ 3.534986070673283, 50.32712655689491 ], [ 3.535267037729677, 50.327125263857759 ], [ 3.535269058145128, 50.327305126882756 ], [ 3.535550026241424, 50.327303833158538 ], [ 3.535552047737812, 50.327483696169651 ], [ 3.535833016874007, 50.327482401758353 ], [ 3.535837062049232, 50.327842127747189 ], [ 3.535275119514558, 50.327844715923774 ], [ 3.535273099037568, 50.32766485291576 ], [ 3.534992128799902, 50.327666145977524 ], [ 3.53499010940386, 50.32748628295564 ], [ 3.534709140206125, 50.327487575330309 ], [ 3.534711158541734, 50.3276674383604 ], [ 3.534149217963931, 50.327670021089553 ], [ 3.534153250454815, 50.328029747165544 ], [ 3.53443422287486, 50.328028456124009 ], [ 3.534438257568572, 50.328388182161021 ], [ 3.534719232089082, 50.328386890424184 ], [ 3.53472125052715, 50.32856675342601 ], [ 3.534159299344672, 50.32856933623713 ] ] ] } },
{ "type": "Feature", "properties": { "surface_ha": 18.02 }, "geometry": { "type": "Polygon", "coordinates": [ [ [ 3.463949812182633, 50.332468099501192 ], [ 3.463946309115856, 50.332108369857785 ], [ 3.46366530962201, 50.332109490645081 ], [ 3.463663559176045, 50.331929625807803 ], [ 3.463382560725173, 50.33193074590897 ], [ 3.463380811357716, 50.331750881058952 ], [ 3.46281881652417, 50.33175311921012 ], [ 3.462817069295927, 50.331573254340249 ], [ 3.46225507651287, 50.331575489761249 ], [ 3.462253331423799, 50.33139562487154 ], [ 3.461691340691297, 50.331397857562393 ], [ 3.461689597741356, 50.331217992652888 ], [ 3.461127609059477, 50.331220222613645 ], [ 3.461125868248621, 50.331040357684344 ], [ 3.460844874941859, 50.331041471639189 ], [ 3.460843135209362, 50.330861606697184 ], [ 3.460562142945621, 50.330862719965971 ], [ 3.460555188434904, 50.330143260113289 ], [ 3.460274200396142, 50.330144372674866 ], [ 3.460272462873224, 50.329964507690541 ], [ 3.459429501833022, 50.329967841280343 ], [ 3.459427767509609, 50.329787976269209 ], [ 3.459146781521596, 50.32978908610086 ], [ 3.459145048276404, 50.329609221077085 ], [ 3.458583078368818, 50.329611438689462 ], [ 3.458581347262423, 50.329431573645941 ], [ 3.458019379405731, 50.32943378852849 ], [ 3.458017650438091, 50.329253923465259 ], [ 3.457455684632363, 50.329256135618003 ], [ 3.457453957803437, 50.329076270535133 ], [ 3.457172975934848, 50.329077375586088 ], [ 3.457171250184022, 50.328897510490521 ], [ 3.45689026935848, 50.32889861485554 ], [ 3.456895443481781, 50.329438210146293 ], [ 3.456333475414693, 50.329440416881575 ], [ 3.45633519803628, 50.329620281981207 ], [ 3.456054212915893, 50.329621384337422 ], [ 3.456055934494356, 50.329801249438432 ], [ 3.455774948295877, 50.32980235112268 ], [ 3.455776668831194, 50.329982216225069 ], [ 3.455214694260592, 50.329984417570692 ], [ 3.455212975846523, 50.329804552454355 ], [ 3.45493198959567, 50.329805652101776 ], [ 3.454930272259661, 50.329625786972819 ], [ 3.454368301826884, 50.32962798421687 ], [ 3.454366586629519, 50.329448119068331 ], [ 3.454085602447607, 50.329449216664962 ], [ 3.454087316584368, 50.32962908182045 ], [ 3.453525346047135, 50.329631274990817 ], [ 3.453527058080069, 50.329811140154597 ], [ 3.453246071724759, 50.329812235728312 ], [ 3.453244360752439, 50.329632370557569 ], [ 3.45296337544037, 50.329633465445376 ], [ 3.452961665546027, 50.32945360026207 ], [ 3.452399696991029, 50.329455787986937 ], [ 3.452401404764162, 50.329635653184177 ], [ 3.451839434018598, 50.329637838207169 ], [ 3.451841139687839, 50.329817703412601 ], [ 3.450998180257781, 50.329820975875769 ], [ 3.450999882762456, 50.33000084109635 ], [ 3.450437907601381, 50.330003019357555 ], [ 3.450439608002065, 50.3301828845863 ], [ 3.449877630650654, 50.330185060145489 ], [ 3.4498793289473, 50.330364925382419 ], [ 3.449598339185074, 50.330366012150456 ], [ 3.449596641949077, 50.330186146906613 ], [ 3.449315653230268, 50.330187232988791 ], [ 3.449312260931241, 50.329827502470422 ], [ 3.449874234109088, 50.329825329654682 ], [ 3.449872535864169, 50.329645464400826 ], [ 3.450153521366616, 50.329644376981449 ], [ 3.450151822078332, 50.329464511728858 ], [ 3.450432806502918, 50.329463423637407 ], [ 3.450431106171292, 50.329283558386095 ], [ 3.450712089518018, 50.329282469622633 ], [ 3.45071038814307, 50.329102604372579 ], [ 3.451272352663518, 50.329100424822677 ], [ 3.451270649184696, 50.328920559580816 ], [ 3.450989667993689, 50.328921649688326 ], [ 3.450987965592724, 50.32874178443393 ], [ 3.450706985444995, 50.328742873855603 ], [ 3.45070528412187, 50.328563008588652 ], [ 3.451267242278937, 50.328560829080224 ], [ 3.451265538852001, 50.328380963821473 ], [ 3.452108472776239, 50.328377689487716 ], [ 3.452106766185005, 50.328197824244128 ], [ 3.452949696771709, 50.328194543820942 ], [ 3.452947987016246, 50.328014678592517 ], [ 3.454071889980034, 50.328010295218 ], [ 3.454073603977572, 50.328190160418607 ], [ 3.454635557476132, 50.328187964643959 ], [ 3.454633841357559, 50.3280080994573 ], [ 3.454352865677503, 50.328009197677112 ], [ 3.45435115063686, 50.327829332477819 ], [ 3.45463212525641, 50.327828234264999 ], [ 3.454630409172685, 50.327648369067049 ], [ 3.455192356238513, 50.327646170618664 ], [ 3.45519063805124, 50.327466305429034 ], [ 3.455471610497508, 50.327465205193448 ], [ 3.455473329745265, 50.327645070376086 ], [ 3.455754303234562, 50.327643969454627 ], [ 3.455756023560269, 50.327823834624638 ], [ 3.456036998092594, 50.327822733017292 ], [ 3.456038719496274, 50.328002598174656 ], [ 3.456600670629493, 50.32800039290926 ], [ 3.456602394171681, 50.32818025804702 ], [ 3.456883370772564, 50.328179154388955 ], [ 3.456885095392777, 50.328359019514053 ], [ 3.457447050663054, 50.32835681014717 ], [ 3.457448777421851, 50.328536675252629 ], [ 3.458010734743073, 50.328534463156039 ], [ 3.458012463640498, 50.32871432824178 ], [ 3.4585744230126, 50.328712113415484 ], [ 3.458576154048691, 50.32889197848155 ], [ 3.459138115471608, 50.32888976092547 ], [ 3.459139848646411, 50.32906962597184 ], [ 3.459701812120074, 50.329067405685947 ], [ 3.459703547433629, 50.329247270712571 ], [ 3.459984530204616, 50.329246159544191 ], [ 3.45998626659638, 50.329426024558131 ], [ 3.460548234206628, 50.329423800170403 ], [ 3.46054997273722, 50.329603665164598 ], [ 3.461392927201974, 50.329600323469776 ], [ 3.461394668932045, 50.329780188437098 ], [ 3.461675654778885, 50.329779073173867 ], [ 3.461677397587259, 50.329958938128492 ], [ 3.461958384477023, 50.32995782217921 ], [ 3.461956640608029, 50.329777957231691 ], [ 3.462237626419468, 50.329776840610556 ], [ 3.46224111629641, 50.330136570485791 ], [ 3.463646055693876, 50.330130977124902 ], [ 3.4636425552107, 50.329771247320672 ], [ 3.464204526602876, 50.329769005252103 ], [ 3.464206278956813, 50.3299488701428 ], [ 3.46504923909346, 50.329945501926446 ], [ 3.465050994647071, 50.330125366790163 ], [ 3.465612970103653, 50.330123117903547 ], [ 3.465614727796365, 50.330302982747341 ], [ 3.466176705302836, 50.330300731130627 ], [ 3.46617846513469, 50.330480595954498 ], [ 3.466459454921776, 50.330479469120554 ], [ 3.466462976760419, 50.330839198737017 ], [ 3.466181984852004, 50.330840325585264 ], [ 3.466183744737465, 50.331020190392195 ], [ 3.465902751750502, 50.331021316568609 ], [ 3.46590451059314, 50.33120118137704 ], [ 3.465623516527628, 50.331202306881636 ], [ 3.465627032145064, 50.331562036495882 ], [ 3.465346035940291, 50.331563161335779 ], [ 3.465347792715058, 50.331743026141588 ], [ 3.465066795431721, 50.331744150309625 ], [ 3.465072062680811, 50.332283744714616 ], [ 3.464510061696194, 50.332285991056494 ], [ 3.464511815360011, 50.332465855861123 ], [ 3.463949812182633, 50.332468099501192 ] ], [ [ 3.456047326776832, 50.328901923877019 ], [ 3.456609288515428, 50.328899718541628 ], [ 3.456607564903242, 50.328719853426421 ], [ 3.456045605285766, 50.328722058747822 ], [ 3.456047326776832, 50.328901923877019 ] ] ] } },
{ "type": "Feature", "properties": { "surface_ha": 1.81 }, "geometry": { "type": "Polygon", "coordinates": [ [ [ 3.520389505652709, 50.328451903410013 ], [ 3.520387541319867, 50.328272039989926 ], [ 3.519825592318183, 50.328274553521283 ], [ 3.519823630126245, 50.328094690079553 ], [ 3.519542656655998, 50.328095945818909 ], [ 3.519540695544453, 50.327916082363579 ], [ 3.519259723114764, 50.327917337416075 ], [ 3.519255803072317, 50.327557610472525 ], [ 3.51897483274364, 50.327558864830223 ], [ 3.518970914901658, 50.32719913784814 ], [ 3.519251883109467, 50.327197883506358 ], [ 3.519249923157891, 50.327018020014791 ], [ 3.519530890285384, 50.327016765002128 ], [ 3.519528929293301, 50.326836901512898 ], [ 3.519809895340479, 50.32683564582932 ], [ 3.519811857392969, 50.327015509310606 ], [ 3.521216692631874, 50.327009220669922 ], [ 3.521222594815273, 50.327548810960081 ], [ 3.520941624626118, 50.327550070069918 ], [ 3.520947523807914, 50.328089660333198 ], [ 3.520666550417416, 50.328090918788128 ], [ 3.520670481184133, 50.328450645618027 ], [ 3.520389505652709, 50.328451903410013 ] ] ] } },
{ "type": "Feature", "properties": { "surface_ha": 5.82 }, "geometry": { "type": "Polygon", "coordinates": [ [ [ 3.538371898986935, 50.328370036066474 ], [ 3.538367834600033, 50.32801031025982 ], [ 3.537805890314762, 50.328012910672761 ], [ 3.537801830252179, 50.327653184810458 ], [ 3.53723989012626, 50.327655782474885 ], [ 3.53723786224675, 50.327475919518804 ], [ 3.536956893213335, 50.327477217324429 ], [ 3.536958920032413, 50.32765708028878 ], [ 3.536396979782995, 50.327659673879921 ], [ 3.536399004501763, 50.327839536855087 ], [ 3.536118033285771, 50.327840832640582 ], [ 3.536113985989667, 50.327481106668181 ], [ 3.536394955084783, 50.327479810899113 ], [ 3.536392930407127, 50.327299947912692 ], [ 3.536673898421263, 50.327298651473008 ], [ 3.536671872703752, 50.327118788489116 ], [ 3.537233806549492, 50.327116193589617 ], [ 3.537231778731745, 50.326936330616547 ], [ 3.537512744563339, 50.326935032156747 ], [ 3.53751071570579, 50.326755169186292 ], [ 3.538072645186394, 50.326752570246612 ], [ 3.538070614228686, 50.326572707286964 ], [ 3.538632541506058, 50.326570105648386 ], [ 3.538634574584521, 50.326749968591514 ], [ 3.539196503900083, 50.326747364221028 ], [ 3.53920260962171, 50.327286952966858 ], [ 3.540607448454797, 50.327280430036502 ], [ 3.540605407891548, 50.327100567168252 ], [ 3.541729274343544, 50.327095336637598 ], [ 3.541727229559427, 50.326915473796909 ], [ 3.542289160540116, 50.326912854475061 ], [ 3.54228711365599, 50.326732991645343 ], [ 3.542849042432785, 50.326730369624691 ], [ 3.542846993448692, 50.326550506805958 ], [ 3.543408920021533, 50.326547882086565 ], [ 3.543410971126371, 50.326727744888643 ], [ 3.54397289973666, 50.326725117437192 ], [ 3.543974952983089, 50.326904980216916 ], [ 3.544255918317353, 50.32690366546457 ], [ 3.544260026993547, 50.327263390990375 ], [ 3.544540994427752, 50.327262075542492 ], [ 3.54454304985755, 50.327441938288558 ], [ 3.543138207175983, 50.327448508781139 ], [ 3.543140257324518, 50.327628371563286 ], [ 3.543421226962929, 50.327627058814159 ], [ 3.543423278192718, 50.327806921582273 ], [ 3.542861336774204, 50.327809546418308 ], [ 3.542859287665291, 50.327629683633504 ], [ 3.542297348284438, 50.327632305737346 ], [ 3.542295301317184, 50.327452442930252 ], [ 3.542014332656006, 50.327453752955563 ], [ 3.54201842449043, 50.327813478580744 ], [ 3.541175512019707, 50.327817404633286 ], [ 3.541177554786727, 50.327997267462287 ], [ 3.540615610914963, 50.327999881452847 ], [ 3.540617651581799, 50.328179744292818 ], [ 3.539212786237694, 50.328186267430198 ], [ 3.539214821622884, 50.328366130305909 ], [ 3.538371898986935, 50.328370036066474 ] ], [ [ 3.543415073398521, 50.327087470475817 ], [ 3.543977006250364, 50.327084842990999 ], [ 3.543974952983089, 50.326904980216916 ], [ 3.543413022252034, 50.326907607685058 ], [ 3.543415073398521, 50.327087470475817 ] ] ] } },
{ "type": "Feature", "properties": { "surface_ha": 2.61 }, "geometry": { "type": "Polygon", "coordinates": [ [ [ 3.544824018331302, 50.327440622153453 ], [ 3.544819905371756, 50.327080896672356 ], [ 3.544538939018823, 50.327082212790756 ], [ 3.544536883630761, 50.326902350033372 ], [ 3.544255918317353, 50.32690366546457 ], [ 3.544253864010541, 50.326723802693202 ], [ 3.544815792495725, 50.326721171168636 ], [ 3.544813736089026, 50.326541308408288 ], [ 3.546218551634579, 50.326534717758847 ], [ 3.546216489946958, 50.326354855034694 ], [ 3.547059375842124, 50.326350892524033 ], [ 3.54705731099439, 50.326171029819342 ], [ 3.547619232699007, 50.326168384768174 ], [ 3.547615098825104, 50.32580865937544 ], [ 3.547896057525279, 50.325807335848403 ], [ 3.547898125512063, 50.325987198539174 ], [ 3.548179085251569, 50.325985874324921 ], [ 3.548181154319684, 50.326165737001652 ], [ 3.548462115098519, 50.326164412100127 ], [ 3.548466255418471, 50.326524137419838 ], [ 3.548747218296993, 50.326522811822635 ], [ 3.548749289548864, 50.326702674465579 ], [ 3.548468325609975, 50.326704000071196 ], [ 3.548470395822496, 50.326883862716869 ], [ 3.54762750069863, 50.32688783548577 ], [ 3.547629567751, 50.327067698151041 ], [ 3.54622473682303, 50.327074305897426 ], [ 3.546226798594379, 50.327254168598976 ], [ 3.545945831285542, 50.327255488120059 ], [ 3.545947892017411, 50.327435350824317 ], [ 3.544824018331302, 50.327440622153453 ] ] ] } },
{ "type": "Feature", "properties": { "surface_ha": 1.53 }, "geometry": { "type": "Polygon", "coordinates": [ [ [ 3.53554800476556, 50.32712397014177 ], [ 3.535545983310219, 50.326944107119346 ], [ 3.535826949265178, 50.326942812732689 ], [ 3.535824926769969, 50.326762949712837 ], [ 3.536105891644002, 50.326761654655542 ], [ 3.536103868108947, 50.326581791638255 ], [ 3.535822904295293, 50.326583086687315 ], [ 3.535818859407542, 50.326223360619316 ], [ 3.536380782772851, 50.326220769875235 ], [ 3.53637875823908, 50.326040906849187 ], [ 3.536940679401476, 50.32603831340618 ], [ 3.536938652767586, 50.325858450390967 ], [ 3.53721961225759, 50.325857152659438 ], [ 3.53721758458395, 50.325677289646791 ], [ 3.537779501381542, 50.325674692163744 ], [ 3.537789650559067, 50.32657400708797 ], [ 3.537508686868839, 50.32657530621016 ], [ 3.53751071570579, 50.326755169186292 ], [ 3.537229750934586, 50.326756467637843 ], [ 3.537231778731745, 50.326936330616547 ], [ 3.536669847006805, 50.326938925499576 ], [ 3.536671872703752, 50.327118788489116 ], [ 3.53554800476556, 50.32712397014177 ] ] ] } },
{ "type": "Feature", "properties": { "surface_ha": 1.28 }, "geometry": { "type": "Polygon", "coordinates": [ [ [ 3.551275883256114, 50.326510850900036 ], [ 3.551269640997367, 50.325971263165016 ], [ 3.550988681489519, 50.325972594846455 ], [ 3.550990761160976, 50.326152457438901 ], [ 3.550709800571683, 50.326153788449922 ], [ 3.550711879203912, 50.326333651045182 ], [ 3.549588032394432, 50.326338968334689 ], [ 3.549585958003581, 50.326159105705713 ], [ 3.548743075856336, 50.326163086519777 ], [ 3.548741004667551, 50.325983223859865 ], [ 3.549864843247099, 50.325977914783806 ], [ 3.549862767838044, 50.325798052151924 ], [ 3.550143726369958, 50.325796723194259 ], [ 3.550141649921662, 50.325616860565198 ], [ 3.550422607372183, 50.325615530937128 ], [ 3.550420529884667, 50.325435668310817 ], [ 3.550701486253795, 50.325434338012386 ], [ 3.550703564801614, 50.325614200630248 ], [ 3.551265479597156, 50.325611537980045 ], [ 3.551263398928736, 50.325431675379065 ], [ 3.551544355234528, 50.325430343044211 ], [ 3.551542273526941, 50.325250480446037 ], [ 3.551823228751308, 50.325249147440807 ], [ 3.551831559949678, 50.325968597765694 ], [ 3.551550600484091, 50.325969930804781 ], [ 3.551556845923869, 50.326509518514449 ], [ 3.551275883256114, 50.326510850900036 ] ] ] } },
{ "type": "Feature", "properties": { "surface_ha": 3.61 }, "geometry": { "type": "Polygon", "coordinates": [ [ [ 3.456035276706393, 50.32764286785428 ], [ 3.456031833986418, 50.32728313751133 ], [ 3.456593776635726, 50.327280932301917 ], [ 3.45659205318103, 50.327101067135985 ], [ 3.457434963842344, 50.327097754251227 ], [ 3.457433237223792, 50.326917889100699 ], [ 3.457995175456135, 50.326915677130472 ], [ 3.457993446734236, 50.326735811988321 ], [ 3.458836350769771, 50.326732488962492 ], [ 3.458834618884138, 50.326552623835802 ], [ 3.459677519580143, 50.326549294721211 ], [ 3.459675784530843, 50.326369429610025 ], [ 3.460237716119287, 50.326367206820052 ], [ 3.460235978966792, 50.32618734171735 ], [ 3.461078873035941, 50.326184002462085 ], [ 3.4610771327199, 50.326004137374909 ], [ 3.461920023448852, 50.326000792031124 ], [ 3.461918279969332, 50.325820926959523 ], [ 3.46276116735783, 50.325817575527338 ], [ 3.462759420714898, 50.325637710471383 ], [ 3.463321343431176, 50.325635472803178 ], [ 3.463319594685256, 50.325455607755799 ], [ 3.464162475445413, 50.325452246183474 ], [ 3.464160723536203, 50.325272381151798 ], [ 3.465003600955241, 50.325269013491251 ], [ 3.465001845882805, 50.325089148475314 ], [ 3.465563761952418, 50.325086899988356 ], [ 3.465567276356471, 50.325446629986061 ], [ 3.465286316209896, 50.325447754583216 ], [ 3.465288072378325, 50.325627619580764 ], [ 3.464726149910983, 50.325629866752827 ], [ 3.464727903976505, 50.325809731758973 ], [ 3.463604054586732, 50.325814217985432 ], [ 3.463605804428541, 50.325994083014443 ], [ 3.463043877506258, 50.32599632206874 ], [ 3.463045625245049, 50.32617618710632 ], [ 3.462483696131005, 50.32617842345941 ], [ 3.462485441766735, 50.326358288505517 ], [ 3.461642544781567, 50.326361637964965 ], [ 3.461644287253775, 50.326541503026711 ], [ 3.46108235372103, 50.326543732619498 ], [ 3.461084094090078, 50.326723597689742 ], [ 3.459960222570936, 50.326728048757111 ], [ 3.459961958715905, 50.326907913849972 ], [ 3.459400020729657, 50.326910135324496 ], [ 3.459401754771355, 50.327090000425834 ], [ 3.458839814593789, 50.327092219198953 ], [ 3.458841546532174, 50.327272084308724 ], [ 3.45799863295259, 50.327275407397835 ], [ 3.458000361727144, 50.327455272523061 ], [ 3.45715744480818, 50.327458589523239 ], [ 3.457159170418839, 50.32763845466387 ], [ 3.456035276706393, 50.32764286785428 ] ] ] } },
{ "type": "Feature", "properties": { "surface_ha": 14.77 }, "geometry": { "type": "Polygon", "coordinates": [ [ [ 3.54311770683538, 50.325649880648868 ], [ 3.543115656915787, 50.325470017804548 ], [ 3.542834699980973, 50.325471329774849 ], [ 3.542832651142491, 50.325291466916518 ], [ 3.542551695247175, 50.325292778199696 ], [ 3.54254964748978, 50.325112915327423 ], [ 3.542268692633962, 50.325114225923436 ], [ 3.542264599302083, 50.324754500145261 ], [ 3.542545552037358, 50.324753189565847 ], [ 3.54254350434233, 50.3245733266766 ], [ 3.541981600971512, 50.324575947139962 ], [ 3.541983646546029, 50.324755810045851 ], [ 3.541702693769209, 50.324757119267638 ], [ 3.541700649254948, 50.324577256353429 ], [ 3.541419697517628, 50.3245785648881 ], [ 3.541417654084368, 50.324398701959964 ], [ 3.541136703386548, 50.324400009807526 ], [ 3.541134661034266, 50.324220146865422 ], [ 3.540853711375948, 50.324221454025903 ], [ 3.540851670104626, 50.324041591069836 ], [ 3.540570721485809, 50.324042897543244 ], [ 3.540566641125752, 50.323683171597573 ], [ 3.540847587624154, 50.323681865140742 ], [ 3.540843505226568, 50.323322139189024 ], [ 3.540562560848541, 50.323323445629278 ], [ 3.540564600976791, 50.323503308616246 ], [ 3.540283655517871, 50.323504614385989 ], [ 3.540287733716107, 50.323864340359556 ], [ 3.54000678611609, 50.323865645467109 ], [ 3.54000271003825, 50.323505919476972 ], [ 3.539721764537938, 50.323507223889173 ], [ 3.539723801506321, 50.323687086895347 ], [ 3.539442854925137, 50.323688390637038 ], [ 3.539440819016948, 50.323508527622593 ], [ 3.53915987347529, 50.323509830677239 ], [ 3.539157838647952, 50.323329967648881 ], [ 3.539719727590236, 50.32332736087735 ], [ 3.539717690663212, 50.323147497859871 ], [ 3.539155803841272, 50.323150104614868 ], [ 3.539153769055249, 50.322970241575149 ], [ 3.539434711416393, 50.322968938545337 ], [ 3.539432675590876, 50.32278907550829 ], [ 3.5397136168712, 50.322787771807953 ], [ 3.539707506338266, 50.322248182687652 ], [ 3.539988444417527, 50.322246878333424 ], [ 3.539986406554462, 50.32206701529028 ], [ 3.540548280530695, 50.322064404562113 ], [ 3.540550320513971, 50.322244267588665 ], [ 3.540831258531135, 50.322242961198199 ], [ 3.540833299595239, 50.322422824210811 ], [ 3.541114238651799, 50.322421517133286 ], [ 3.541116280796749, 50.322601380131943 ], [ 3.541678160967919, 50.322598763924034 ], [ 3.541674072458261, 50.322239037954283 ], [ 3.54195501039248, 50.322237728848812 ], [ 3.541952965108674, 50.322057865863748 ], [ 3.542233901962024, 50.322056556087865 ], [ 3.542231855638887, 50.321876693105487 ], [ 3.54251279141137, 50.321875382659165 ], [ 3.542508696707261, 50.321515656694032 ], [ 3.542789630338804, 50.321514345585641 ], [ 3.542787581957864, 50.321334482602907 ], [ 3.543068514508551, 50.321333170824111 ], [ 3.543066465088355, 50.32115330784405 ], [ 3.543347396558189, 50.321151995394843 ], [ 3.543343295660144, 50.320792269434435 ], [ 3.543624224989093, 50.320790956323187 ], [ 3.543628328007204, 50.321150682266925 ], [ 3.543909259435394, 50.321149368460297 ], [ 3.543911312035739, 50.321329231415362 ], [ 3.544192244503142, 50.321327916921675 ], [ 3.544194298184384, 50.321507779862728 ], [ 3.544756165176752, 50.321505148822474 ], [ 3.544760276842084, 50.321864874654231 ], [ 3.545041212427119, 50.321863558099317 ], [ 3.545043269351181, 50.322043420998341 ], [ 3.545324205975427, 50.322042103756324 ], [ 3.545330380053242, 50.322581692394415 ], [ 3.545611319836934, 50.322580374448584 ], [ 3.545615438113553, 50.322940100162285 ], [ 3.545896379996618, 50.322938781520946 ], [ 3.545900500477177, 50.323298507195304 ], [ 3.546181444459645, 50.323297187858472 ], [ 3.546183505791475, 50.323477050678804 ], [ 3.546464450813194, 50.323475730654799 ], [ 3.546466513226137, 50.323655593461091 ], [ 3.546747459287106, 50.323654272749941 ], [ 3.546749522781184, 50.323834135542185 ], [ 3.5470304698814, 50.323832814143884 ], [ 3.547034599052828, 50.324192539694643 ], [ 3.545629852740225, 50.32419913998212 ], [ 3.545638090129684, 50.324918591183327 ], [ 3.545357136563413, 50.324919909237927 ], [ 3.545363311644181, 50.325459497604527 ], [ 3.544239484446821, 50.325464763135095 ], [ 3.544241538607643, 50.325644625946076 ], [ 3.54311770683538, 50.325649880648868 ] ], [ [ 3.54254350434233, 50.3245733266766 ], [ 3.542824455996561, 50.324572015426732 ], [ 3.542822407262077, 50.324392152540156 ], [ 3.542541456668089, 50.324393463781703 ], [ 3.54254350434233, 50.3245733266766 ] ], [ [ 3.543099258308238, 50.324031114846299 ], [ 3.543380206740161, 50.324029802263823 ], [ 3.54337815594765, 50.323849939376935 ], [ 3.543097208575939, 50.323851251951083 ], [ 3.543099258308238, 50.324031114846299 ] ], [ [ 3.54337815594765, 50.323849939376935 ], [ 3.543659103298543, 50.323848626123997 ], [ 3.543657051466651, 50.323668763239787 ], [ 3.54337610517596, 50.323670076484376 ], [ 3.54337815594765, 50.323849939376935 ] ], [ [ 3.543935944865262, 50.323487586434879 ], [ 3.544216890054093, 50.323486271841062 ], [ 3.544214836143505, 50.323306408962225 ], [ 3.543933892014852, 50.323307723547693 ], [ 3.543935944865262, 50.323487586434879 ] ], [ [ 3.544214836143505, 50.323306408962225 ], [ 3.544495780251308, 50.323305093697989 ], [ 3.544493725301403, 50.323125230821837 ], [ 3.544212782253767, 50.323126546077738 ], [ 3.544214836143505, 50.323306408962225 ] ], [ [ 3.544493725301403, 50.323125230821837 ], [ 3.544774668328177, 50.323123914887177 ], [ 3.544772612338976, 50.322944052013725 ], [ 3.544491670372359, 50.322945367940015 ], [ 3.544493725301403, 50.323125230821837 ] ], [ [ 3.544772612338976, 50.322944052013725 ], [ 3.545053554284722, 50.322942735408681 ], [ 3.545051497256249, 50.322762872537929 ], [ 3.545332438120967, 50.322761555262474 ], [ 3.545330380053242, 50.322581692394415 ], [ 3.544768500423194, 50.322584326249853 ], [ 3.544772612338976, 50.322944052013725 ] ] ] } },
{ "type": "Feature", "properties": { "surface_ha": 2.13 }, "geometry": { "type": "Polygon", "coordinates": [ [ [ 3.527631132008737, 50.322663354616168 ], [ 3.527629140750212, 50.322483491224155 ], [ 3.527348200711204, 50.32248476572164 ], [ 3.527332279851466, 50.321045858317426 ], [ 3.52761321140974, 50.321044583884678 ], [ 3.527603256228865, 50.320145266613771 ], [ 3.528726961059293, 50.320140162257545 ], [ 3.528728956295045, 50.320320025690634 ], [ 3.529009883512042, 50.320318747896749 ], [ 3.5290178688977, 50.321038201540105 ], [ 3.528736937440598, 50.321039479366441 ], [ 3.528738932777626, 50.321219342771251 ], [ 3.528458000240215, 50.321220619927004 ], [ 3.528459994537434, 50.32140048333428 ], [ 3.528179060919713, 50.321401759819402 ], [ 3.528183047454726, 50.321761486633193 ], [ 3.528463983192607, 50.321760210131863 ], [ 3.528465977550564, 50.321940073522207 ], [ 3.528185040752585, 50.321941350031615 ], [ 3.528187034070679, 50.322121213424381 ], [ 3.528467971928766, 50.322119936906859 ], [ 3.528469966327215, 50.32229980028589 ], [ 3.52790808847057, 50.322302352658369 ], [ 3.527912073087671, 50.322662079431865 ], [ 3.527631132008737, 50.322663354616168 ] ] ] } },
{ "type": "Feature", "properties": { "surface_ha": 3.49 }, "geometry": { "type": "Polygon", "coordinates": [ [ [ 3.500932186338536, 50.321882081209516 ], [ 3.5009302958905, 50.321702217040055 ], [ 3.499525612650388, 50.321708260137257 ], [ 3.499523727522051, 50.321528395923771 ], [ 3.499242791876675, 50.321529602499318 ], [ 3.499240907827564, 50.321349738272531 ], [ 3.499521842412848, 50.321348531704665 ], [ 3.499519957322783, 50.32116866747991 ], [ 3.50008182431577, 50.321166252323252 ], [ 3.500079937124704, 50.320986388108167 ], [ 3.500360869532395, 50.320985179519397 ], [ 3.500362757783531, 50.321165043726815 ], [ 3.500643691232124, 50.32116383445166 ], [ 3.500639912628894, 50.320804106046531 ], [ 3.500358981300428, 50.320805315306366 ], [ 3.500357093087629, 50.320625451087651 ], [ 3.500638023356047, 50.320624241835532 ], [ 3.500636134102381, 50.320444377618863 ], [ 3.499793346419742, 50.320448003316073 ], [ 3.499791460365331, 50.320268139070741 ], [ 3.499510532159504, 50.320269346271409 ], [ 3.49950299237332, 50.319549889202996 ], [ 3.499783916339148, 50.319548682032973 ], [ 3.499782030380467, 50.319368817759418 ], [ 3.500624798983123, 50.319365192200237 ], [ 3.500626688121721, 50.319545056450806 ], [ 3.500907612010904, 50.31954384656602 ], [ 3.500905721812336, 50.319363982323154 ], [ 3.501467567413185, 50.319361560532911 ], [ 3.50147135206942, 50.319721288982251 ], [ 3.501752276960989, 50.319720077053709 ], [ 3.501754170377914, 50.319899941262236 ], [ 3.501473244426352, 50.319901153198479 ], [ 3.501477029197848, 50.32026088161394 ], [ 3.501757957269426, 50.32025966966232 ], [ 3.501769318405288, 50.321338854727067 ], [ 3.502050252817952, 50.321337642050551 ], [ 3.502052147467964, 50.321517506200578 ], [ 3.501771211995212, 50.321518718884775 ], [ 3.501774999232727, 50.321878447183224 ], [ 3.501494061620539, 50.321879659204072 ], [ 3.50149216905228, 50.321699795049973 ], [ 3.501211232480991, 50.32170100638438 ], [ 3.501213123989139, 50.321880870546174 ], [ 3.500932186338536, 50.321882081209516 ] ] ] } },
{ "type": "Feature", "properties": { "surface_ha": 1.32 }, "geometry": { "type": "Polygon", "coordinates": [ [ [ 3.49558688623339, 50.321185497558638 ], [ 3.495583145792517, 50.320825768878528 ], [ 3.495302214120666, 50.32082696592132 ], [ 3.495298475875831, 50.320467237203445 ], [ 3.495017546305096, 50.320468433552328 ], [ 3.495004470465832, 50.319209382808822 ], [ 3.495285392616578, 50.319208186513087 ], [ 3.495283523655434, 50.319028322106149 ], [ 3.495564444727253, 50.319027125139336 ], [ 3.4955700548475, 50.319566718320367 ], [ 3.495850979080231, 50.319565520652063 ], [ 3.495856592551324, 50.320105113759489 ], [ 3.496137519945054, 50.320103915389652 ], [ 3.496145009079254, 50.320823372756763 ], [ 3.496425940694116, 50.320822173677783 ], [ 3.496429687495392, 50.321181902312247 ], [ 3.496148753760396, 50.32118310140644 ], [ 3.49614688141032, 50.321003237084426 ], [ 3.49586594871639, 50.32100443549227 ], [ 3.49586782000639, 50.321184299821901 ], [ 3.49558688623339, 50.321185497558638 ] ] ] } },
{ "type": "Feature", "properties": { "surface_ha": 2.17 }, "geometry": { "type": "Polygon", "coordinates": [ [ [ 3.491640824096102, 50.319943143384876 ], [ 3.491637113600859, 50.319583414413827 ], [ 3.491356189084501, 50.31958460190171 ], [ 3.491350626662789, 50.319045008380158 ], [ 3.491069705307515, 50.319046195166791 ], [ 3.491065999240368, 50.318686466109149 ], [ 3.491627837692322, 50.318684091887377 ], [ 3.491625982567113, 50.318504227365167 ], [ 3.49331149111111, 50.318497088457065 ], [ 3.493318937163539, 50.31921654633085 ], [ 3.493599859427893, 50.319215354107214 ], [ 3.493603584687436, 50.319575082995108 ], [ 3.493322660303135, 50.319576275233871 ], [ 3.49332452190128, 50.319756139676905 ], [ 3.492481745455068, 50.319759712343689 ], [ 3.49248360389211, 50.319939576803762 ], [ 3.491640824096102, 50.319943143384876 ] ] ] } },
{ "type": "Feature", "properties": { "surface_ha": 3.17 }, "geometry": { "type": "Polygon", "coordinates": [ [ [ 3.53659693561158, 50.320463854110969 ], [ 3.536594910675395, 50.320283990912245 ], [ 3.53603305732274, 50.320286582471169 ], [ 3.53602294354985, 50.319387266310507 ], [ 3.536584786302797, 50.319384674833813 ], [ 3.536580736697644, 50.319024948362873 ], [ 3.536861655923426, 50.319023651622963 ], [ 3.536859630091763, 50.318843788387227 ], [ 3.537140548237065, 50.318842490976891 ], [ 3.537138521366061, 50.318662627743741 ], [ 3.537700355475118, 50.318660030903558 ], [ 3.537698326504901, 50.318480167681251 ], [ 3.537979242468646, 50.318478868251418 ], [ 3.537977212459141, 50.31829900503169 ], [ 3.538819957047044, 50.318295102695039 ], [ 3.538817923878532, 50.318115239494418 ], [ 3.539098837640032, 50.318113937366483 ], [ 3.539100871868416, 50.318293800558834 ], [ 3.539381786669136, 50.31829249774399 ], [ 3.539385857307627, 50.318652224095189 ], [ 3.539104940387133, 50.318653526926575 ], [ 3.539109008988451, 50.319013253271706 ], [ 3.538828089927487, 50.319014555440937 ], [ 3.538830123199198, 50.319194418613264 ], [ 3.53854920305767, 50.319195720112113 ], [ 3.538551235290084, 50.319375583287062 ], [ 3.538270314067988, 50.319376884115485 ], [ 3.538274376474803, 50.319736610464922 ], [ 3.537993453112185, 50.319737910631169 ], [ 3.537995483286552, 50.319917773805678 ], [ 3.537714558843355, 50.319919073301492 ], [ 3.537718617133947, 50.320278799650019 ], [ 3.537156763945825, 50.320281396638521 ], [ 3.537158791002016, 50.320461259820775 ], [ 3.53659693561158, 50.320463854110969 ] ] ] } },
{ "type": "Feature", "properties": { "surface_ha": 13.77 }, "geometry": { "type": "Polygon", "coordinates": [ [ [ 3.546716509389606, 50.320956330187528 ], [ 3.546714446230672, 50.320776467304803 ], [ 3.546433517131397, 50.320777787881816 ], [ 3.546431455053421, 50.320597924985016 ], [ 3.545869598912112, 50.32060056408622 ], [ 3.545865479058953, 50.320240838242192 ], [ 3.545584553076923, 50.320242156757992 ], [ 3.545580435427363, 50.319882430874614 ], [ 3.545018587640528, 50.319885065836679 ], [ 3.545016530967021, 50.319705202869763 ], [ 3.544735608102243, 50.319706519324427 ], [ 3.544733552509565, 50.319526656343491 ], [ 3.545014474314391, 50.319525339897204 ], [ 3.545010361071766, 50.319165613935134 ], [ 3.54472944138681, 50.319166930364709 ], [ 3.544727385856733, 50.318987067366834 ], [ 3.54444646721083, 50.318988383109399 ], [ 3.544442358333078, 50.318628657079977 ], [ 3.544161441786127, 50.318629972127177 ], [ 3.544159388438422, 50.318450109095643 ], [ 3.543878472930515, 50.318451423455855 ], [ 3.543880525218333, 50.318631286495723 ], [ 3.543318692020256, 50.318633913196869 ], [ 3.543316641852214, 50.318454050140318 ], [ 3.543035726281841, 50.318455362464562 ], [ 3.543029579082184, 50.317915773235981 ], [ 3.542467754238252, 50.317918395798586 ], [ 3.542473895078704, 50.318457985077124 ], [ 3.542754810690667, 50.318456674110188 ], [ 3.542756858738931, 50.31863653718338 ], [ 3.541352275171982, 50.318643085273152 ], [ 3.541358403542847, 50.31918267458353 ], [ 3.541077483587469, 50.319183982190403 ], [ 3.541075441836367, 50.319004119084298 ], [ 3.540513603983289, 50.319006732245469 ], [ 3.540503406137572, 50.318107416547186 ], [ 3.540784319775014, 50.318106110347401 ], [ 3.540780238661944, 50.317746384045066 ], [ 3.541061150158965, 50.317745077183233 ], [ 3.541063191764991, 50.317924940328929 ], [ 3.541344104301134, 50.317923632780136 ], [ 3.541342061635261, 50.317743769642753 ], [ 3.541622973090823, 50.317742461423613 ], [ 3.541620929385849, 50.317562598288887 ], [ 3.542182750115052, 50.317559979831344 ], [ 3.542184795939698, 50.317739842949472 ], [ 3.542746618705506, 50.317737221760765 ], [ 3.542742522837659, 50.317377495552137 ], [ 3.543304341280992, 50.317374871682212 ], [ 3.54330639132417, 50.317554734772685 ], [ 3.543587301574453, 50.317553421811454 ], [ 3.543589352698274, 50.317733284887964 ], [ 3.543870263987568, 50.317731971239745 ], [ 3.543866159641087, 50.317372245097758 ], [ 3.544427977917857, 50.31736961579881 ], [ 3.544425923656238, 50.317189752736027 ], [ 3.544706831703538, 50.317188437076958 ], [ 3.544708887024968, 50.317368300131392 ], [ 3.54583252324467, 50.31736303067548 ], [ 3.545830463683995, 50.317183167654484 ], [ 3.546392279548829, 50.317180528871532 ], [ 3.54639021788946, 50.317000665861627 ], [ 3.546952031550985, 50.316998024380958 ], [ 3.546954095329951, 50.317177887374079 ], [ 3.547235003189094, 50.317176565607426 ], [ 3.547237068048819, 50.317356428586521 ], [ 3.547517976946812, 50.317355106132858 ], [ 3.547520042887317, 50.317534969097892 ], [ 3.547800952824159, 50.317533645957191 ], [ 3.547803019845465, 50.317713508908199 ], [ 3.548083930821154, 50.317712185080481 ], [ 3.548088067046409, 50.318071910948674 ], [ 3.548368980120797, 50.318070586425499 ], [ 3.548371049324776, 50.31825044934272 ], [ 3.548932877530252, 50.318247798243632 ], [ 3.548937020240737, 50.318607524027449 ], [ 3.549498852601616, 50.318604870180089 ], [ 3.549509220344952, 50.319504184456378 ], [ 3.549790141793397, 50.319502856472589 ], [ 3.54979221646516, 50.319682719302449 ], [ 3.549511293956769, 50.319684047294679 ], [ 3.549513367589633, 50.31986391012731 ], [ 3.549232444000233, 50.319865237449278 ], [ 3.549234516594181, 50.320045100284666 ], [ 3.548672667232337, 50.320047752909417 ], [ 3.548674737727364, 50.320227615755975 ], [ 3.548393811954929, 50.320228941058716 ], [ 3.548395881410983, 50.320408803908073 ], [ 3.547834027683118, 50.32041145249427 ], [ 3.547836095040178, 50.32059131535474 ], [ 3.547555167084756, 50.320592638638203 ], [ 3.547557233402788, 50.320772501501445 ], [ 3.547276304366378, 50.320773824114603 ], [ 3.547278369645362, 50.32095368698058 ], [ 3.546716509389606, 50.320956330187528 ] ], [ [ 3.54107135839634, 50.318644392855127 ], [ 3.541352275171982, 50.318643085273152 ], [ 3.541350232423167, 50.318463222158393 ], [ 3.541069316707415, 50.318464529732083 ], [ 3.54107135839634, 50.318644392855127 ] ] ] } },
{ "type": "Feature", "properties": { "surface_ha": 1.36 }, "geometry": { "type": "Polygon", "coordinates": [ [ [ 3.445558523688489, 50.319049628188282 ], [ 3.445556842377329, 50.318869762493293 ], [ 3.444714075847873, 50.318872988896196 ], [ 3.444712397733678, 50.318693123175095 ], [ 3.443869634230803, 50.318696343449332 ], [ 3.443867959313509, 50.318516477702168 ], [ 3.444148879438195, 50.318515404962881 ], [ 3.444147203477958, 50.31833553921691 ], [ 3.444428122525686, 50.318334465805783 ], [ 3.444429799545869, 50.318514331544975 ], [ 3.444710719636517, 50.318513257448345 ], [ 3.444709041556392, 50.318333391715946 ], [ 3.444989960570061, 50.318332316947505 ], [ 3.444981565125388, 50.317432988235183 ], [ 3.445262478822455, 50.317431912822158 ], [ 3.445264158937192, 50.317611778569052 ], [ 3.445545073677093, 50.317610702470546 ], [ 3.445546754868785, 50.317790568204998 ], [ 3.446108586417181, 50.317788413958304 ], [ 3.446111953091429, 50.318148145382935 ], [ 3.445550117303366, 50.318150299656963 ], [ 3.445551798546258, 50.318330165374498 ], [ 3.446113636454183, 50.318328011086791 ], [ 3.446120370076091, 50.319047473845892 ], [ 3.445558523688489, 50.319049628188282 ] ] ] } },
{ "type": "Feature", "properties": { "surface_ha": 1.4 }, "geometry": { "type": "Polygon", "coordinates": [ [ [ 3.491624127460732, 50.318324362837295 ], [ 3.491622272373185, 50.318144498303781 ], [ 3.490779524206275, 50.318148058550612 ], [ 3.490777672317241, 50.317968193988854 ], [ 3.490496757283887, 50.317969379372968 ], [ 3.490489354155206, 50.317249921039426 ], [ 3.490770264949088, 50.317248735685425 ], [ 3.490772116762929, 50.317428600269764 ], [ 3.491053028597867, 50.317427414229577 ], [ 3.491051175724174, 50.317247549652791 ], [ 3.492174818636326, 50.317242798735826 ], [ 3.492176675749421, 50.317422663282464 ], [ 3.492457587490206, 50.317421473849059 ], [ 3.492461303892684, 50.317781202910325 ], [ 3.492742217734341, 50.317780012783189 ], [ 3.492745936332045, 50.318139741806768 ], [ 3.491903188391175, 50.318143310197527 ], [ 3.491905044538626, 50.318323174723481 ], [ 3.491624127460732, 50.318324362837295 ] ] ] } },
{ "type": "Feature", "properties": { "surface_ha": 22.52 }, "geometry": { "type": "Polygon", "coordinates": [ [ [ 3.529910658668639, 50.325530946601909 ], [ 3.529896658643616, 50.3242719038263 ], [ 3.529615708164759, 50.324273183835039 ], [ 3.529591723158537, 50.322114824049287 ], [ 3.529310785381502, 50.322116103281815 ], [ 3.529306790284734, 50.321756376555498 ], [ 3.529587725941567, 50.321755097339214 ], [ 3.529577733254197, 50.320855780465102 ], [ 3.529858663590426, 50.3208545006107 ], [ 3.529852665041398, 50.320314910442782 ], [ 3.530133592177269, 50.320313629934049 ], [ 3.530129591126087, 50.319953903143407 ], [ 3.530410516121664, 50.319952621972263 ], [ 3.530408514566559, 50.319772758576605 ], [ 3.530689438481843, 50.319771476734864 ], [ 3.530681428224805, 50.319052023128251 ], [ 3.53124326751478, 50.319049457473895 ], [ 3.531237253675981, 50.31850986725842 ], [ 3.531518170110717, 50.318508583437669 ], [ 3.531516164478593, 50.318328720029335 ], [ 3.531235249103745, 50.31833000384195 ], [ 3.531233244551859, 50.318150140419839 ], [ 3.531514158866828, 50.318148856615373 ], [ 3.531512153275421, 50.31796899319577 ], [ 3.531793066510163, 50.317967708720808 ], [ 3.531795073161437, 50.318147572132283 ], [ 3.532356901689536, 50.318145001130155 ], [ 3.532354892918528, 50.317965137734994 ], [ 3.532073979724535, 50.317966423567235 ], [ 3.532071972033775, 50.317786560158268 ], [ 3.53179105987926, 50.317787845303684 ], [ 3.531789053268724, 50.317607981880904 ], [ 3.531227231018287, 50.317610550119539 ], [ 3.531223222097644, 50.317250823224441 ], [ 3.530942313061559, 50.317252106309525 ], [ 3.530936303012607, 50.316712515900015 ], [ 3.531217208869279, 50.316711232839367 ], [ 3.531213200152101, 50.316351505887738 ], [ 3.531494103868876, 50.316350222164779 ], [ 3.531492098481045, 50.316170358688623 ], [ 3.531773001117704, 50.316169074295168 ], [ 3.531775007565294, 50.316348937763188 ], [ 3.532336814897018, 50.316346366924243 ], [ 3.532338823484518, 50.316526230370258 ], [ 3.532619728179573, 50.316524943924712 ], [ 3.53262173784724, 50.316704807356892 ], [ 3.532902643581676, 50.316703520224578 ], [ 3.532904654329535, 50.316883383642974 ], [ 3.53318556110335, 50.31688209582385 ], [ 3.533187572931423, 50.317061959228425 ], [ 3.533468480744618, 50.317060670722512 ], [ 3.533470493652925, 50.317240534113218 ], [ 3.533189584779917, 50.317241822627324 ], [ 3.53319360853817, 50.317601549408188 ], [ 3.534598163297048, 50.31759509996958 ], [ 3.534596146108545, 50.317415236622921 ], [ 3.534877055939101, 50.317413944707496 ], [ 3.534875037711252, 50.317234081363374 ], [ 3.534594128940518, 50.317235373270591 ], [ 3.534592111792966, 50.317055509912606 ], [ 3.535153927194327, 50.317052925435945 ], [ 3.535149888721474, 50.31669319873582 ], [ 3.53458807755929, 50.316695783179696 ], [ 3.53459009466589, 50.316875646548965 ], [ 3.533747374589707, 50.316879518149761 ], [ 3.533745360662476, 50.316699654755901 ], [ 3.534307171947478, 50.316697074383704 ], [ 3.534305155921132, 50.316517211000559 ], [ 3.53486696500472, 50.316514627930324 ], [ 3.534864946879303, 50.316334764557929 ], [ 3.535426753761414, 50.316332178789644 ], [ 3.535424733536968, 50.316152315427999 ], [ 3.53598653821754, 50.316149726961754 ], [ 3.53598451589411, 50.315969863610881 ], [ 3.536827219581745, 50.315965975846659 ], [ 3.536831270607633, 50.316325702493387 ], [ 3.537112173915237, 50.316324405198351 ], [ 3.537118253787603, 50.316863995101301 ], [ 3.53683734730067, 50.316865292421099 ], [ 3.536839372906138, 50.317045155719022 ], [ 3.536558465338846, 50.31704645236838 ], [ 3.536560489905066, 50.317226315668854 ], [ 3.536279581257412, 50.317227611647851 ], [ 3.536281604784364, 50.317407474950919 ], [ 3.536000695056351, 50.317408770259505 ], [ 3.536002717544013, 50.317588633565123 ], [ 3.535721806735638, 50.317589928203283 ], [ 3.53572584965286, 50.317949654814029 ], [ 3.53544493670427, 50.317950948789985 ], [ 3.535446957133796, 50.318130812095106 ], [ 3.535166043104833, 50.318132105400601 ], [ 3.535168062494995, 50.318311968708244 ], [ 3.534887147385658, 50.318313261343327 ], [ 3.534889165736432, 50.318493124653543 ], [ 3.534608249546721, 50.318494416618165 ], [ 3.534610266858088, 50.31867427993091 ], [ 3.534329349588, 50.318675571225057 ], [ 3.534331365859939, 50.318855434540367 ], [ 3.534050447509477, 50.318856725164054 ], [ 3.534054477994906, 50.319216451794084 ], [ 3.534335398465216, 50.319215161153998 ], [ 3.534339431152366, 50.319574887745006 ], [ 3.534058508562164, 50.319576178401462 ], [ 3.534060523876482, 50.319756041696678 ], [ 3.533779600205859, 50.319757331682638 ], [ 3.53378362877591, 50.320117058272501 ], [ 3.533502702964882, 50.320118347596136 ], [ 3.533504716220585, 50.320298210890776 ], [ 3.533223789329125, 50.320299499543893 ], [ 3.533227813781822, 50.320659226132555 ], [ 3.532946884749914, 50.320660514123318 ], [ 3.532948895946875, 50.320840377417362 ], [ 3.532667965834521, 50.320841664737571 ], [ 3.532669975991861, 50.321021528034116 ], [ 3.532389044799062, 50.321022814683801 ], [ 3.532395072213339, 50.32156240456402 ], [ 3.532114137819964, 50.321563690559465 ], [ 3.532116145938766, 50.321743553849728 ], [ 3.531554274970703, 50.321746123820766 ], [ 3.531552268972065, 50.321566260514189 ], [ 3.531833203406202, 50.3215649758762 ], [ 3.531829189349887, 50.321205249262398 ], [ 3.532110121643515, 50.321203963961999 ], [ 3.532104097531728, 50.32066437402338 ], [ 3.532665955697587, 50.320661801435378 ], [ 3.532661935484938, 50.320302074814052 ], [ 3.532381008532229, 50.320303361431073 ], [ 3.532383017568346, 50.320483224752756 ], [ 3.531821161481744, 50.320485795967024 ], [ 3.53182718235229, 50.321025385947038 ], [ 3.531546251098336, 50.32102667056057 ], [ 3.531550262993791, 50.321386397201984 ], [ 3.531269329599363, 50.321387681153084 ], [ 3.531275344415027, 50.321927271097259 ], [ 3.530994407819996, 50.32192855439407 ], [ 3.531002423618688, 50.322648007606389 ], [ 3.531283364454203, 50.322646724276971 ], [ 3.531279354393906, 50.32228699769842 ], [ 3.531560293088803, 50.322285713706556 ], [ 3.5315622991689, 50.32246557699051 ], [ 3.531843238903558, 50.322464292311736 ], [ 3.531845246064157, 50.322644155581898 ], [ 3.532407127592605, 50.322641584171798 ], [ 3.532405118311734, 50.322461720917971 ], [ 3.53268605798523, 50.322460434202938 ], [ 3.532688068326237, 50.322640297448601 ], [ 3.53353089040464, 50.322636433206505 ], [ 3.533536931091522, 50.323176022835995 ], [ 3.53325598723868, 50.32317731162 ], [ 3.53326403753327, 50.3238967644129 ], [ 3.532983089419218, 50.323898052550824 ], [ 3.532987112568652, 50.324257778929706 ], [ 3.532706162313726, 50.32425906640519 ], [ 3.532708172858833, 50.324438929594329 ], [ 3.532427221523252, 50.324440216399196 ], [ 3.532429231028516, 50.324620079590844 ], [ 3.532148278612279, 50.324621365725051 ], [ 3.532152295563471, 50.324981092107706 ], [ 3.531871341006302, 50.324982377579431 ], [ 3.531873348452198, 50.325162240770467 ], [ 3.531592392814362, 50.32516352557154 ], [ 3.531594399220339, 50.325343388765056 ], [ 3.531032485762973, 50.325345956347043 ], [ 3.531034490068702, 50.32552581955121 ], [ 3.529910658668639, 50.325530946601909 ] ], [ [ 3.532924762930772, 50.318682017515982 ], [ 3.533205680303088, 50.31868072961511 ], [ 3.533201656299755, 50.318321002902081 ], [ 3.532920741047224, 50.318322290786597 ], [ 3.53291873013607, 50.318142427413413 ], [ 3.532356901689536, 50.318145001130155 ], [ 3.532358910480936, 50.318324864519646 ], [ 3.532639825774281, 50.318323577992466 ], [ 3.53264183564596, 50.318503441368158 ], [ 3.53292275197879, 50.318502154154132 ], [ 3.532924762930772, 50.318682017515982 ] ], [ [ 3.535155946461501, 50.317232788777538 ], [ 3.535436855191252, 50.317231495513042 ], [ 3.53543483486427, 50.317051632179677 ], [ 3.535153927194327, 50.317052925435945 ], [ 3.535155946461501, 50.317232788777538 ] ] ] } },
{ "type": "Feature", "properties": { "surface_ha": 2.05 }, "geometry": { "type": "Polygon", "coordinates": [ [ [ 3.447232249308836, 50.317784097320946 ], [ 3.447228874223787, 50.317424365928595 ], [ 3.446947960646331, 50.317425446092209 ], [ 3.446944587749546, 50.317065714663563 ], [ 3.446382764782775, 50.317067872927439 ], [ 3.446379396193869, 50.316708141448864 ], [ 3.445817577398116, 50.316710296970804 ], [ 3.445810848904025, 50.315990833891284 ], [ 3.445529943719807, 50.315991910606947 ], [ 3.445528262698763, 50.315812044816163 ], [ 3.446090070930539, 50.315809890719862 ], [ 3.446095120403679, 50.316349488034341 ], [ 3.446376027673354, 50.316348409947757 ], [ 3.44637434343874, 50.316168544188727 ], [ 3.447778874231382, 50.316163143610559 ], [ 3.447780563765061, 50.316343009335299 ], [ 3.448342378081767, 50.316340844339926 ], [ 3.448340686428464, 50.316160978628908 ], [ 3.448621592501252, 50.316159895120165 ], [ 3.448624977944666, 50.316519626522755 ], [ 3.448344069752244, 50.316520710045275 ], [ 3.44834576143989, 50.316700575744996 ], [ 3.448064852170461, 50.316701658595747 ], [ 3.448069924156873, 50.317241255681715 ], [ 3.447789011690716, 50.31724233787444 ], [ 3.447792390981036, 50.317602069250647 ], [ 3.447511476377962, 50.317603150778446 ], [ 3.447513164988952, 50.317783016464972 ], [ 3.447232249308836, 50.317784097320946 ] ] ] } },
{ "type": "Feature", "properties": { "surface_ha": 1.08 }, "geometry": { "type": "Polygon", "coordinates": [ [ [ 3.484011964170725, 50.315658213749579 ], [ 3.484010137978775, 50.315478348929453 ], [ 3.483729237334959, 50.315479517921894 ], [ 3.483725587126137, 50.315119788249859 ], [ 3.483444688583263, 50.315120956548874 ], [ 3.483442864566357, 50.314941091696973 ], [ 3.483161967064687, 50.31494225930998 ], [ 3.483160144126005, 50.314762394445033 ], [ 3.482879247665538, 50.314763561372061 ], [ 3.482877425805057, 50.314583696494054 ], [ 3.482596530385794, 50.314584862735089 ], [ 3.482594709603491, 50.314404997844044 ], [ 3.482313815225433, 50.314406163399092 ], [ 3.482311995521288, 50.314226298495043 ], [ 3.48259288883967, 50.314225132947371 ], [ 3.48259106809433, 50.314045268045064 ], [ 3.482871960334566, 50.314044101826219 ], [ 3.482873782139571, 50.314223966721151 ], [ 3.483154675420979, 50.314222799816356 ], [ 3.483156498304151, 50.314402664698221 ], [ 3.483718286930797, 50.314400328838119 ], [ 3.483720111951845, 50.314580193699506 ], [ 3.484281902623763, 50.314577855110279 ], [ 3.484285556960238, 50.31493758478647 ], [ 3.484566454387783, 50.314936414459098 ], [ 3.484570110917893, 50.315296144097893 ], [ 3.4842892113709, 50.31529731444008 ], [ 3.484292865855754, 50.315657044071138 ], [ 3.484011964170725, 50.315658213749579 ] ] ] } },
{ "type": "Feature", "properties": { "surface_ha": 1.57 }, "geometry": { "type": "Polygon", "coordinates": [ [ [ 3.535687445252943, 50.314532251098925 ], [ 3.535685424173903, 50.314352387688942 ], [ 3.53540453242033, 50.314353681500677 ], [ 3.535400492443056, 50.313993954647358 ], [ 3.535119602788243, 50.31399524776409 ], [ 3.535115565012208, 50.313635520871749 ], [ 3.534834677456126, 50.313636813293535 ], [ 3.534830641881238, 50.313277086362177 ], [ 3.534549756423854, 50.313278378089024 ], [ 3.534545723050027, 50.312918651118665 ], [ 3.534826606388272, 50.312917359408203 ], [ 3.53482458867251, 50.312737495922704 ], [ 3.535386353168446, 50.312734910482632 ], [ 3.535384333354081, 50.312555047007933 ], [ 3.535665214511761, 50.312553753278323 ], [ 3.535671277195015, 50.313093343660881 ], [ 3.535952161510837, 50.313092049228104 ], [ 3.535956205521394, 50.313451776105104 ], [ 3.536237091935849, 50.313450480977373 ], [ 3.536239115031509, 50.313630344399201 ], [ 3.536800889917991, 50.313627752091676 ], [ 3.536802915153394, 50.313807615491363 ], [ 3.536241138147702, 50.313810207815337 ], [ 3.536249230817833, 50.314529661423371 ], [ 3.535687445252943, 50.314532251098925 ] ], [ [ 3.53539241273455, 50.313274500872858 ], [ 3.535673298130458, 50.313273207110406 ], [ 3.535671277195015, 50.313093343660881 ], [ 3.53539039285868, 50.313094637415119 ], [ 3.53539241273455, 50.313274500872858 ] ] ] } },
{ "type": "Feature", "properties": { "surface_ha": 4.33 }, "geometry": { "type": "Polygon", "coordinates": [ [ [ 3.531478061336183, 50.314911314197246 ], [ 3.531474050906555, 50.314551587148848 ], [ 3.5311931577869, 50.314552870790337 ], [ 3.531189149557981, 50.314193143703022 ], [ 3.530908258537278, 50.314194426649678 ], [ 3.530904252508983, 50.313834699523461 ], [ 3.530623363587198, 50.313835981775298 ], [ 3.530621361663157, 50.313656118195567 ], [ 3.530340473780665, 50.313657399760693 ], [ 3.53033647211273, 50.313297672568041 ], [ 3.530055586329119, 50.313298953438377 ], [ 3.530051586861565, 50.312939226206851 ], [ 3.5297707031768, 50.312940506382404 ], [ 3.529768704533029, 50.312760642750035 ], [ 3.530049587158235, 50.312759362582597 ], [ 3.530047587475202, 50.312579498952701 ], [ 3.530328469020565, 50.312578218114879 ], [ 3.530326468298294, 50.312398354487463 ], [ 3.53116910963389, 50.31239450792728 ], [ 3.531167105753353, 50.312214644318622 ], [ 3.531447985098365, 50.312213360783034 ], [ 3.531451994998835, 50.312573087978421 ], [ 3.531732876442553, 50.312571803748014 ], [ 3.531734882482859, 50.312751667329096 ], [ 3.53201576496576, 50.312750382412005 ], [ 3.532017772085984, 50.312930245979267 ], [ 3.532298655608067, 50.312928960375494 ], [ 3.532302672028773, 50.313288687476742 ], [ 3.532583557649617, 50.313287401178137 ], [ 3.532585566950132, 50.313467264712102 ], [ 3.532866453610167, 50.313465977726807 ], [ 3.532868463990676, 50.313645841246981 ], [ 3.533149351689901, 50.313644553574925 ], [ 3.533155386132723, 50.314184144076982 ], [ 3.533436276990386, 50.314182855701873 ], [ 3.5334342644294, 50.314002992215038 ], [ 3.533715154207006, 50.314001703169602 ], [ 3.533717167827622, 50.314181566648244 ], [ 3.533998058644419, 50.314180276916069 ], [ 3.534000073345114, 50.314360140380899 ], [ 3.5342809652011, 50.314358849961955 ], [ 3.534282980981895, 50.314538713412922 ], [ 3.534002088066259, 50.314540003840058 ], [ 3.534004102807853, 50.314719867293569 ], [ 3.533161420759302, 50.314723734528094 ], [ 3.533157397654497, 50.314364007566333 ], [ 3.532876505716776, 50.314365295271024 ], [ 3.532878516199317, 50.314545158762911 ], [ 3.532597623181537, 50.314546445797227 ], [ 3.53260164208851, 50.314906172780368 ], [ 3.532320746930996, 50.314907459152458 ], [ 3.532318738526985, 50.314727595655526 ], [ 3.532037844408758, 50.314728881340891 ], [ 3.532039851753097, 50.314908744845951 ], [ 3.531478061336183, 50.314911314197246 ] ] ] } },
{ "type": "Feature", "properties": { "surface_ha": 2.09 }, "geometry": { "type": "Polygon", "coordinates": [ [ [ 3.50085469370315, 50.314507645631316 ], [ 3.500850914399521, 50.314147916823714 ], [ 3.500570022304809, 50.314149126478164 ], [ 3.500571910887372, 50.314328990892442 ], [ 3.500010124521125, 50.314331408180983 ], [ 3.500004465188839, 50.313791814875117 ], [ 3.500285355202594, 50.31379060659318 ], [ 3.500281580290899, 50.313430877709699 ], [ 3.50000069239639, 50.313432085976359 ], [ 3.499996919680527, 50.313072357054949 ], [ 3.499716033886072, 50.313073564627722 ], [ 3.499714148616448, 50.312893700150894 ], [ 3.49887149429707, 50.312897318774979 ], [ 3.498869612225305, 50.31271745426956 ], [ 3.498588728473533, 50.312718659112868 ], [ 3.498586847480436, 50.312538794594147 ], [ 3.498867730172643, 50.312537589758477 ], [ 3.498865848139084, 50.312357725241725 ], [ 3.499708492922386, 50.312354106686534 ], [ 3.499710378134604, 50.312533971180315 ], [ 3.499991260750335, 50.312532763630529 ], [ 3.499989374478564, 50.312352899144415 ], [ 3.50083201903218, 50.312349272446994 ], [ 3.500833908482609, 50.312529136910072 ], [ 3.501114791021692, 50.312527926646219 ], [ 3.501120462666769, 50.313067519978553 ], [ 3.500839576948967, 50.313068730265449 ], [ 3.50084146647611, 50.313248594705946 ], [ 3.501122353253508, 50.313247384411362 ], [ 3.501128025128863, 50.313786977675925 ], [ 3.500847135172617, 50.313788187993545 ], [ 3.500849024776479, 50.313968052411468 ], [ 3.501129915792365, 50.313966842086138 ], [ 3.501135587898012, 50.314506435282958 ], [ 3.50085469370315, 50.314507645631316 ] ] ] } },
{ "type": "Feature", "properties": { "surface_ha": 4.5 }, "geometry": { "type": "Polygon", "coordinates": [ [ [ 3.485978275576039, 50.31565001174976 ], [ 3.485976441965844, 50.315470146981667 ], [ 3.485133740368559, 50.315473666173745 ], [ 3.485131909956191, 50.315293801377713 ], [ 3.484851010446327, 50.31529497307708 ], [ 3.484845522499849, 50.314755378632782 ], [ 3.485126418830565, 50.314754206955705 ], [ 3.485124588492513, 50.314574342137071 ], [ 3.484843693221494, 50.314575513806716 ], [ 3.484841863961707, 50.314395648975008 ], [ 3.484560969731804, 50.31439681995866 ], [ 3.48455731338727, 50.314037090263469 ], [ 3.484838205497836, 50.314035919294689 ], [ 3.484834547108234, 50.313676189591774 ], [ 3.485115437080938, 50.313675017959319 ], [ 3.485117267326098, 50.313854882806154 ], [ 3.485398158339866, 50.313853710487699 ], [ 3.485399989663255, 50.314033575321474 ], [ 3.485680881718086, 50.314032402316982 ], [ 3.485682714119726, 50.314212267137663 ], [ 3.48596360721562, 50.314211093447177 ], [ 3.485967274194055, 50.314570823056684 ], [ 3.486248169390696, 50.314569648672737 ], [ 3.486246334832489, 50.314389783878241 ], [ 3.486527228950823, 50.314388608823194 ], [ 3.486521722208945, 50.313849014428293 ], [ 3.486240831269597, 50.31385018946095 ], [ 3.486238996785874, 50.313670324643923 ], [ 3.487081666369096, 50.313666797532512 ], [ 3.487079828725107, 50.313486932732204 ], [ 3.486518051140851, 50.313489284803417 ], [ 3.486514380147283, 50.313129555156031 ], [ 3.485952606726958, 50.313131904483221 ], [ 3.485950773377313, 50.312952039636123 ], [ 3.485669887698829, 50.312953213274476 ], [ 3.48566622317453, 50.312593483548511 ], [ 3.485385339596612, 50.312594656493374 ], [ 3.485383508421923, 50.312414791614493 ], [ 3.485664390940276, 50.312413618677034 ], [ 3.485662558724621, 50.31223375379993 ], [ 3.485943440164823, 50.312232580191406 ], [ 3.485945273440032, 50.312412445061028 ], [ 3.486226155921181, 50.312411270766539 ], [ 3.486227990274564, 50.312591135623094 ], [ 3.485947106733851, 50.312592309925058 ], [ 3.485948940046277, 50.312772174783412 ], [ 3.487072478335675, 50.312767473474537 ], [ 3.487070640784946, 50.312587608645998 ], [ 3.487351524251117, 50.312586431629924 ], [ 3.487358878804307, 50.313305890880301 ], [ 3.48792065415738, 50.313303534752727 ], [ 3.487922494961569, 50.313483399536246 ], [ 3.488203383669701, 50.31348222044717 ], [ 3.488210751311888, 50.314201679494921 ], [ 3.487929858365181, 50.314202858613932 ], [ 3.487933540179099, 50.31456258811891 ], [ 3.487652645094352, 50.314563766574324 ], [ 3.48765632486362, 50.314923496071685 ], [ 3.487094530399315, 50.314925850976664 ], [ 3.487096368192533, 50.315105715731832 ], [ 3.486815469872679, 50.315106892173901 ], [ 3.486817306624828, 50.315286756930895 ], [ 3.487098206004407, 50.315285580481337 ], [ 3.487100043834937, 50.315465445225215 ], [ 3.486538242937659, 50.315467797460641 ], [ 3.486540078667348, 50.315647662213792 ], [ 3.485978275576039, 50.31565001174976 ] ], [ [ 3.485974608374264, 50.315290282207968 ], [ 3.486255507809744, 50.3152891077942 ], [ 3.486253673177048, 50.315109243022299 ], [ 3.485972774801295, 50.31511041742862 ], [ 3.485974608374264, 50.315290282207968 ] ], [ [ 3.485130079562403, 50.315113936576005 ], [ 3.485691876406927, 50.315111591156331 ], [ 3.485690043912287, 50.314931726363866 ], [ 3.485409146559034, 50.314932899405576 ], [ 3.4854073151427, 50.314753034600024 ], [ 3.485126418830565, 50.314754206955705 ], [ 3.485130079562403, 50.315113936576005 ] ], [ [ 3.486253673177048, 50.315109243022299 ], [ 3.486534571534181, 50.315108067937395 ], [ 3.486532735860391, 50.314928203167298 ], [ 3.486251838562975, 50.314929378244742 ], [ 3.486253673177048, 50.315109243022299 ] ], [ [ 3.487643445998001, 50.313664442732168 ], [ 3.487924335784445, 50.313663264314158 ], [ 3.487922494961569, 50.313483399536246 ], [ 3.487641606234753, 50.313484577946817 ], [ 3.487643445998001, 50.313664442732168 ] ] ] } },
{ "type": "Feature", "properties": { "surface_ha": 12.96 }, "geometry": { "type": "Polygon", "coordinates": [ [ [ 3.499482259539854, 50.317571381799013 ], [ 3.499476605532504, 50.317031788752097 ], [ 3.499195696386181, 50.317032995136195 ], [ 3.499193812815149, 50.31685313076828 ], [ 3.49891290470953, 50.316854336466115 ], [ 3.498901610043555, 50.315775150094098 ], [ 3.498620708277537, 50.315776355067413 ], [ 3.4986131831213, 50.315056897342565 ], [ 3.498051388009841, 50.315059305192264 ], [ 3.498053267150823, 50.315239169647214 ], [ 3.498334165775813, 50.315237966054021 ], [ 3.498336045995597, 50.315417830495697 ], [ 3.497774246607093, 50.315420237018806 ], [ 3.497776124726488, 50.315600101470082 ], [ 3.497495223943897, 50.315601303721365 ], [ 3.497497101022609, 50.315781168174674 ], [ 3.496935297280778, 50.315783570656698 ], [ 3.496931547381383, 50.315423841713965 ], [ 3.497212447142333, 50.315422640827506 ], [ 3.49720869519962, 50.31506291187744 ], [ 3.497770490425494, 50.315060508099236 ], [ 3.497768612363289, 50.314880643630985 ], [ 3.496645026074198, 50.314885448442553 ], [ 3.49664689989758, 50.315065312941307 ], [ 3.496366002218022, 50.315066512455331 ], [ 3.496371620623104, 50.315606105940518 ], [ 3.496090719745353, 50.31560730479881 ], [ 3.496086976242422, 50.315247575799127 ], [ 3.495806077465138, 50.315248773963596 ], [ 3.495800465532357, 50.314709180398907 ], [ 3.496081361130519, 50.314707982257239 ], [ 3.496075746189604, 50.314168388664541 ], [ 3.495794853770466, 50.314169586783393 ], [ 3.495792983221143, 50.313989722233615 ], [ 3.495231200445223, 50.313992116420444 ], [ 3.495225595268967, 50.313452522691598 ], [ 3.494944707031452, 50.313453718744405 ], [ 3.494933503548476, 50.312374531088757 ], [ 3.495214385428488, 50.312373335081496 ], [ 3.495212517188112, 50.312193470460073 ], [ 3.495493397989615, 50.312192273781868 ], [ 3.495489659446692, 50.311832544537261 ], [ 3.496613173986622, 50.311827751100182 ], [ 3.496611300505568, 50.311647886499806 ], [ 3.497173055542454, 50.311645485725478 ], [ 3.497171179961411, 50.311465621134694 ], [ 3.497452056391803, 50.311464419737391 ], [ 3.497468946842445, 50.313083200782486 ], [ 3.496626288886465, 50.31308680314465 ], [ 3.496631909843088, 50.313626396793296 ], [ 3.496912799026274, 50.313625196661583 ], [ 3.49691467377615, 50.313805061192234 ], [ 3.497195563999938, 50.313803860374364 ], [ 3.497201191542699, 50.31434345390953 ], [ 3.497762978291056, 50.314341050192382 ], [ 3.497759222338213, 50.313981321205077 ], [ 3.497478331092875, 50.313982523387679 ], [ 3.497476454204688, 50.313802658877933 ], [ 3.49803823455702, 50.313800253849422 ], [ 3.498036355568625, 50.313620389349296 ], [ 3.498317244656558, 50.313619185824834 ], [ 3.498315364627615, 50.313439321326683 ], [ 3.498596252636847, 50.313438117131327 ], [ 3.498594371567379, 50.31325825263518 ], [ 3.498875258497909, 50.313257047768921 ], [ 3.498873376387936, 50.313077183274785 ], [ 3.499154262239767, 50.313075977737647 ], [ 3.499156145409335, 50.313255842224116 ], [ 3.499717919174835, 50.313253429098914 ], [ 3.499723575155937, 50.313793022478556 ], [ 3.499442685103899, 50.313794229403406 ], [ 3.499444569409566, 50.313974093859677 ], [ 3.49888278712884, 50.313976505689048 ], [ 3.498884669334335, 50.314156370154969 ], [ 3.499165561543906, 50.314155164571893 ], [ 3.499169328131544, 50.314514893471475 ], [ 3.499450222441333, 50.314513687194541 ], [ 3.499448338078284, 50.314333822755223 ], [ 3.499729231309274, 50.314332615807373 ], [ 3.499731116731993, 50.314512480239046 ], [ 3.500573799489106, 50.314508855301099 ], [ 3.500575688110009, 50.314688719704122 ], [ 3.501137478638279, 50.314686299670591 ], [ 3.501139369397735, 50.314866164052575 ], [ 3.501420265692779, 50.314864953010286 ], [ 3.501425941265448, 50.315404546099337 ], [ 3.501145041791265, 50.315405757164712 ], [ 3.501146932627494, 50.315585621524129 ], [ 3.501427833161412, 50.315584410451066 ], [ 3.501433508964527, 50.316124003472368 ], [ 3.501152605251343, 50.316125214568466 ], [ 3.501154496164347, 50.316305078905266 ], [ 3.501435400937308, 50.31630386780148 ], [ 3.501444861089297, 50.317203189362495 ], [ 3.501163951017288, 50.317204400504707 ], [ 3.50116584204546, 50.317384264807643 ], [ 3.499761286098472, 50.317390310377611 ], [ 3.499763171846574, 50.317570174713275 ], [ 3.499482259539854, 50.317571381799013 ] ], [ [ 3.496085104519455, 50.315067711290808 ], [ 3.496366002218022, 50.315066512455331 ], [ 3.496364129454348, 50.314886647948988 ], [ 3.496083232815488, 50.314887846776841 ], [ 3.496085104519455, 50.315067711290808 ] ], [ [ 3.498049508887931, 50.314879440731637 ], [ 3.498330405393498, 50.3148782371537 ], [ 3.498326645087525, 50.31451850823084 ], [ 3.498045750701335, 50.314519711793487 ], [ 3.498049508887931, 50.314879440731637 ] ] ] } },
{ "type": "Feature", "properties": { "surface_ha": 1.12 }, "geometry": { "type": "Polygon", "coordinates": [ [ [ 3.456166464215449, 50.311993475420877 ], [ 3.456164743306779, 50.311813609768762 ], [ 3.456445623462288, 50.311812507426467 ], [ 3.456442179578286, 50.311452776119303 ], [ 3.456723057597254, 50.311451673112487 ], [ 3.456721334621955, 50.311271807457409 ], [ 3.457002211563919, 50.311270703779094 ], [ 3.457000487546603, 50.31109083812543 ], [ 3.458404866696211, 50.31108530959132 ], [ 3.458408325343426, 50.311445040822882 ], [ 3.45812744742955, 50.311446147900746 ], [ 3.458129175719962, 50.311626013515088 ], [ 3.457848296729021, 50.311627119921482 ], [ 3.457851751243391, 50.311986851147303 ], [ 3.456166464215449, 50.311993475420877 ] ] ] } },
{ "type": "Feature", "properties": { "surface_ha": 4.41 }, "geometry": { "type": "Polygon", "coordinates": [ [ [ 3.523880046899745, 50.313686688481191 ], [ 3.523874117540167, 50.313147097126055 ], [ 3.523593232352006, 50.313148362382087 ], [ 3.52359125699851, 50.312968498577732 ], [ 3.523310372849874, 50.312969763147194 ], [ 3.523312347143795, 50.313149626959571 ], [ 3.523031461915545, 50.313150890858523 ], [ 3.523027515466879, 50.31279116321204 ], [ 3.522746632337737, 50.312792426416429 ], [ 3.522744660203001, 50.31261256257671 ], [ 3.522463778113395, 50.312613825094552 ], [ 3.522457865007882, 50.312074233517393 ], [ 3.523019622809883, 50.312071707851253 ], [ 3.523023569098325, 50.312431435542941 ], [ 3.523304450088343, 50.312430171676063 ], [ 3.523298527507158, 50.311890580154113 ], [ 3.523017649695703, 50.311891843996925 ], [ 3.52301567660155, 50.311711980136948 ], [ 3.523577430085425, 50.311709451788886 ], [ 3.523573479719268, 50.31134972408406 ], [ 3.523854354312174, 50.311348458908334 ], [ 3.5238523780997, 50.311168595055477 ], [ 3.524133251613081, 50.311167329209312 ], [ 3.52413127436121, 50.310987465358835 ], [ 3.524412146795068, 50.310986198842208 ], [ 3.524410168503822, 50.310806334994126 ], [ 3.524691039858156, 50.310805067807053 ], [ 3.524693019208845, 50.310984931647113 ], [ 3.524973891602533, 50.31098366377352 ], [ 3.524975872032769, 50.311163527599874 ], [ 3.525256745465808, 50.311162259039769 ], [ 3.525260708505525, 50.3115219866594 ], [ 3.525541584037394, 50.311520717404697 ], [ 3.525543566646906, 50.311700581197982 ], [ 3.525824443218136, 50.311699311256731 ], [ 3.525830394345939, 50.312238902578493 ], [ 3.526111274075557, 50.312237631934558 ], [ 3.526117228563192, 50.312777223181264 ], [ 3.525836345654954, 50.3127784938494 ], [ 3.525838329464898, 50.312958357595051 ], [ 3.525276561468904, 50.312960896911882 ], [ 3.525278543179838, 50.31314076066802 ], [ 3.524997658092091, 50.313142029316701 ], [ 3.524999638763557, 50.313321893075212 ], [ 3.524718752596122, 50.313323161053404 ], [ 3.5247207322281, 50.313503024814338 ], [ 3.524439844980976, 50.313504292122026 ], [ 3.524441823573441, 50.313684155885348 ], [ 3.523880046899745, 50.313686688481191 ] ], [ [ 3.523872141127098, 50.312967233329744 ], [ 3.524153025235622, 50.312965967403208 ], [ 3.52415104778305, 50.312786103609248 ], [ 3.523870164734088, 50.31278736952774 ], [ 3.523872141127098, 50.312967233329744 ] ], [ [ 3.523589281665064, 50.312788634767685 ], [ 3.523870164734088, 50.31278736952774 ], [ 3.52386818836114, 50.312607505720088 ], [ 3.523587306351668, 50.312608770952032 ], [ 3.523589281665064, 50.312788634767685 ] ], [ [ 3.523581380531776, 50.312069179471074 ], [ 3.524143138173474, 50.312066648376927 ], [ 3.524141160821256, 50.311886784554687 ], [ 3.523860283069946, 50.311888050432991 ], [ 3.523858306797296, 50.311708186597102 ], [ 3.523577430085425, 50.311709451788886 ], [ 3.523581380531776, 50.312069179471074 ] ] ] } },
{ "type": "Feature", "properties": { "surface_ha": 2.09 }, "geometry": { "type": "Polygon", "coordinates": [ [ [ 3.502511620313562, 50.311802407447423 ], [ 3.502509724582793, 50.311622543007907 ], [ 3.501947970272795, 50.311624969565358 ], [ 3.501942289552857, 50.311085376166702 ], [ 3.502223163539013, 50.311084163250335 ], [ 3.502219374369565, 50.310724434305079 ], [ 3.502500246217573, 50.310723220725613 ], [ 3.50249835060225, 50.310543356252211 ], [ 3.502779221371574, 50.310542142001964 ], [ 3.502769738286504, 50.309642819588788 ], [ 3.503612334587777, 50.309639172882953 ], [ 3.503614234344457, 50.309819037353748 ], [ 3.504175967234359, 50.309816602808795 ], [ 3.50417977104318, 50.310176331702529 ], [ 3.503898902489068, 50.310177549329687 ], [ 3.503902704256256, 50.310537278216287 ], [ 3.503621833563999, 50.310538495180403 ], [ 3.503629433092068, 50.311257952916755 ], [ 3.503348558142697, 50.311259169233274 ], [ 3.503350457013438, 50.31143903366096 ], [ 3.503069580985307, 50.31144024930672 ], [ 3.503073376665607, 50.311799978160565 ], [ 3.502511620313562, 50.311802407447423 ] ] ] } },
{ "type": "Feature", "properties": { "surface_ha": 3.53 }, "geometry": { "type": "Polygon", "coordinates": [ [ [ 3.511488135136285, 50.310684027946181 ], [ 3.511486205618919, 50.310504163721504 ], [ 3.511767075766885, 50.310502927760119 ], [ 3.511763214672068, 50.310143199309529 ], [ 3.511482346642937, 50.310144435255225 ], [ 3.511478487745292, 50.309784706766358 ], [ 3.511197621815372, 50.309785942017896 ], [ 3.511195693455304, 50.309606077757152 ], [ 3.50951050382144, 50.309613474972032 ], [ 3.509508581837172, 50.309433610658687 ], [ 3.509227717889228, 50.309434841145418 ], [ 3.509223876097925, 50.30907511248617 ], [ 3.509504737927157, 50.309073882015028 ], [ 3.50950089409517, 50.308714153348788 ], [ 3.509781753786227, 50.308712922214838 ], [ 3.509779830840175, 50.308533057881078 ], [ 3.510060689452397, 50.308531826076504 ], [ 3.510056841500238, 50.308172097407635 ], [ 3.510899410863888, 50.308168397970363 ], [ 3.510901338008091, 50.308348262284134 ], [ 3.511182195482833, 50.308347027773706 ], [ 3.511184123705903, 50.308526892074006 ], [ 3.511745840715275, 50.308524421002204 ], [ 3.511747771076546, 50.308704285281173 ], [ 3.512309490126184, 50.30870181147997 ], [ 3.512311422625702, 50.308881675737595 ], [ 3.512592283180432, 50.308880437811496 ], [ 3.512594216758902, 50.309060302055613 ], [ 3.513436801483308, 50.309056584183125 ], [ 3.513438738259444, 50.309236448397996 ], [ 3.512596150356995, 50.309240166294074 ], [ 3.512603884945626, 50.309959623191432 ], [ 3.512323018034713, 50.309960861164647 ], [ 3.512328816004024, 50.310500453801929 ], [ 3.512047945895258, 50.310501691120251 ], [ 3.512049877531494, 50.310681555329253 ], [ 3.511488135136285, 50.310684027946181 ] ], [ [ 3.511195693455304, 50.309606077757152 ], [ 3.511476558325843, 50.30960484251343 ], [ 3.511474628925977, 50.30942497825486 ], [ 3.511193765114809, 50.309426213490752 ], [ 3.511195693455304, 50.309606077757152 ] ], [ [ 3.51063203743377, 50.309428681927166 ], [ 3.510912901284069, 50.309427448048176 ], [ 3.510909046780503, 50.309067719482762 ], [ 3.510628185048912, 50.309068953346085 ], [ 3.51063203743377, 50.309428681927166 ] ] ] } },
{ "type": "Feature", "properties": { "surface_ha": 1.36 }, "geometry": { "type": "Polygon", "coordinates": [ [ [ 3.4954634917711, 50.309314439192534 ], [ 3.495461622793694, 50.309134574482698 ], [ 3.495180760002833, 50.309135771031784 ], [ 3.495175156362454, 50.308596176845668 ], [ 3.494894296730662, 50.308597372693541 ], [ 3.494888696438831, 50.308057778433842 ], [ 3.495731265743541, 50.308054188923286 ], [ 3.495733135666434, 50.308234053659362 ], [ 3.496575707978233, 50.308230458020226 ], [ 3.49657758109803, 50.308410322727866 ], [ 3.496858439556597, 50.308409122817011 ], [ 3.496860313754727, 50.308588987511385 ], [ 3.49657945423684, 50.30859018742985 ], [ 3.496586946982198, 50.30930964618134 ], [ 3.49602521941463, 50.309312044043821 ], [ 3.496023348318499, 50.309132179349206 ], [ 3.495742485565586, 50.309133377255165 ], [ 3.495744355602356, 50.309313241957398 ], [ 3.4954634917711, 50.309314439192534 ] ] ] } },
{ "type": "Feature", "properties": { "surface_ha": 5.9 }, "geometry": { "type": "Polygon", "coordinates": [ [ [ 3.498566157816405, 50.310560284515482 ], [ 3.498552992869225, 50.309301232291531 ], [ 3.498833856491107, 50.309300027593487 ], [ 3.498828211479159, 50.308760433721453 ], [ 3.499109071903893, 50.308759228367904 ], [ 3.499107189212113, 50.308579363740257 ], [ 3.499388048558411, 50.308578157715949 ], [ 3.499384281113549, 50.308218428459021 ], [ 3.499665138322108, 50.308217221771585 ], [ 3.499663253569059, 50.30803735714229 ], [ 3.499944109699192, 50.308036149784101 ], [ 3.499942223905991, 50.307856285156845 ], [ 3.5002230789577, 50.307855077127904 ], [ 3.500217418515138, 50.307315483235229 ], [ 3.500498270369912, 50.307314274550905 ], [ 3.500496382534783, 50.307134409916387 ], [ 3.500777233311157, 50.30713320056131 ], [ 3.500775344435958, 50.306953335928817 ], [ 3.501056194133931, 50.306952125903038 ], [ 3.501054304218683, 50.306772261272592 ], [ 3.501335152838257, 50.30677105057611 ], [ 3.501337043812723, 50.306950915198854 ], [ 3.501898743112719, 50.306948491755357 ], [ 3.501896850019819, 50.306768627147967 ], [ 3.502458547124527, 50.30676620100629 ], [ 3.502456651932426, 50.30658633640865 ], [ 3.502737499396728, 50.306585122327931 ], [ 3.502741291918588, 50.306944851502145 ], [ 3.503022141482068, 50.306943636727631 ], [ 3.503024038831094, 50.307123501298584 ], [ 3.503585740018726, 50.307121069698944 ], [ 3.503583840551247, 50.306941205143453 ], [ 3.503864690056923, 50.306939988333788 ], [ 3.503866590583632, 50.307119852881549 ], [ 3.504147441129247, 50.307118635385748 ], [ 3.504156949348416, 50.308017958001301 ], [ 3.503876093506507, 50.308019175535712 ], [ 3.503877994148951, 50.308199040049601 ], [ 3.503597137228461, 50.308200256913352 ], [ 3.503599036830894, 50.308380121429309 ], [ 3.50331817883182, 50.308381337622336 ], [ 3.503316280288689, 50.308201473098642 ], [ 3.502754566351352, 50.308203903434041 ], [ 3.502752669946074, 50.308024038889258 ], [ 3.501910102073616, 50.308027679281089 ], [ 3.501915781813462, 50.308567272967721 ], [ 3.50163492263962, 50.308568485097929 ], [ 3.501636814865341, 50.308748349656518 ], [ 3.50135595461297, 50.30874956111596 ], [ 3.501357845798559, 50.308929425676631 ], [ 3.500796123117569, 50.308931846575568 ], [ 3.500794234050652, 50.308751981999549 ], [ 3.499951653063407, 50.308755608236702 ], [ 3.499949767193643, 50.308575743632005 ], [ 3.499668907885591, 50.308576951013187 ], [ 3.499670792696028, 50.308756815625529 ], [ 3.499389932309521, 50.308758022335951 ], [ 3.499393699869097, 50.309117751559008 ], [ 3.499674562374293, 50.309116544833287 ], [ 3.499682101960385, 50.309836003180997 ], [ 3.499401235217688, 50.309837209937349 ], [ 3.499405003006708, 50.310196939092641 ], [ 3.499124134126072, 50.310198145185844 ], [ 3.499126016989839, 50.310378009762687 ], [ 3.498845147030668, 50.310379215185073 ], [ 3.498847028854111, 50.310559079763919 ], [ 3.498566157816405, 50.310560284515482 ] ], [ [ 3.501069424077744, 50.308211178158075 ], [ 3.501631138245792, 50.308208755963747 ], [ 3.501629246077685, 50.308028891388183 ], [ 3.501067534028224, 50.308031313567156 ], [ 3.501069424077744, 50.308211178158075 ] ], [ [ 3.500782900051775, 50.307672794424896 ], [ 3.501344607902503, 50.307670373633457 ], [ 3.501340825819228, 50.307310644427453 ], [ 3.500779122205526, 50.307313065188161 ], [ 3.500782900051775, 50.307672794424896 ] ] ] } },
{ "type": "Feature", "properties": { "surface_ha": 4.7 }, "geometry": { "type": "Polygon", "coordinates": [ [ [ 3.457553608840204, 50.310189300464437 ], [ 3.457550156795312, 50.309829569111834 ], [ 3.457269288364083, 50.309830674091053 ], [ 3.457267563427333, 50.309650808399276 ], [ 3.456705828631198, 50.309653016308317 ], [ 3.456702383047827, 50.309293284879814 ], [ 3.45642151774233, 50.309294387802638 ], [ 3.456419796036258, 50.309114522072925 ], [ 3.456138931772673, 50.309115624310287 ], [ 3.456137211143451, 50.308935758567969 ], [ 3.455856347921778, 50.308936860119871 ], [ 3.455852908834444, 50.308577128604298 ], [ 3.455572047714037, 50.308578229463805 ], [ 3.455570329255893, 50.308398363690586 ], [ 3.455289469177387, 50.308399463864632 ], [ 3.45528603443208, 50.308039732287348 ], [ 3.4550051764548, 50.308040831769006 ], [ 3.455003460167602, 50.307860965964913 ], [ 3.454722603232215, 50.307862064761167 ], [ 3.454720888021738, 50.307682198944448 ], [ 3.454440032128244, 50.307683297055341 ], [ 3.454438317994467, 50.307503431226046 ], [ 3.455000027645464, 50.307501234339803 ], [ 3.454998311410524, 50.307321368518778 ], [ 3.455279165150621, 50.307320269065023 ], [ 3.455277447873829, 50.307140403245327 ], [ 3.45555830053723, 50.307139303120138 ], [ 3.45555658221861, 50.306959437301821 ], [ 3.45583743380531, 50.306958336505197 ], [ 3.455835714444884, 50.306778470688201 ], [ 3.456116564954889, 50.306777369220185 ], [ 3.456118285374562, 50.30695723503019 ], [ 3.45667998846067, 50.306955030044918 ], [ 3.456681711016319, 50.307134895835276 ], [ 3.456962563592411, 50.307133792318062 ], [ 3.456966010874703, 50.307493523867848 ], [ 3.457246865551848, 50.30749241965821 ], [ 3.457248590278523, 50.307672285417631 ], [ 3.457529445997451, 50.307671180522554 ], [ 3.457527720211487, 50.307491314770139 ], [ 3.458089429478208, 50.307489102958755 ], [ 3.45809115738275, 50.307668968697115 ], [ 3.457810301698863, 50.307670074949051 ], [ 3.457813755441947, 50.308029806422944 ], [ 3.457532897621928, 50.308030912010473 ], [ 3.457534623460439, 50.308210777745991 ], [ 3.457253764563581, 50.3082118826621 ], [ 3.457257214174481, 50.30857161413023 ], [ 3.457538075190012, 50.308570509200081 ], [ 3.457539801081074, 50.308750374918688 ], [ 3.457820663138442, 50.308749269303071 ], [ 3.457822390106384, 50.308929135009038 ], [ 3.458103253205587, 50.308928028707967 ], [ 3.458106709312816, 50.309287760088871 ], [ 3.458387574513238, 50.309286653095313 ], [ 3.458392761983843, 50.309826250103306 ], [ 3.458111893605202, 50.309827357117967 ], [ 3.458113621737745, 50.310007222783035 ], [ 3.457832752282136, 50.310008329126248 ], [ 3.457834479372781, 50.310188194792708 ], [ 3.457553608840204, 50.310189300464437 ] ] ] } },
{ "type": "Feature", "properties": { "surface_ha": 1.04 }, "geometry": { "type": "Polygon", "coordinates": [ [ [ 3.499084598401101, 50.306420987768057 ], [ 3.499082715957706, 50.306241123067011 ], [ 3.499363561533724, 50.306239917142186 ], [ 3.499361678050258, 50.306060052443115 ], [ 3.499642522547983, 50.306058845847566 ], [ 3.499640638024465, 50.305878981150563 ], [ 3.499359794585906, 50.305880187738438 ], [ 3.499357911140669, 50.305700323028098 ], [ 3.49907706874215, 50.30570152892998 ], [ 3.499075186375173, 50.305521664206317 ], [ 3.499636869034807, 50.305519251739526 ], [ 3.499634984568667, 50.305339387025562 ], [ 3.499915824810668, 50.305338179782289 ], [ 3.499913939304529, 50.305158315070322 ], [ 3.500475617612866, 50.305155898564074 ], [ 3.500477505237249, 50.305335763260693 ], [ 3.50075834542181, 50.305334553982384 ], [ 3.500762122846327, 50.305694283343342 ], [ 3.501042965129995, 50.305693073371309 ], [ 3.50104485493016, 50.30587293803562 ], [ 3.500483168225346, 50.305875357316701 ], [ 3.500486943646533, 50.306235086659136 ], [ 3.500206098147042, 50.306236295297438 ], [ 3.500204211486046, 50.306056430621375 ], [ 3.499923367026582, 50.306057638573662 ], [ 3.49992713824936, 50.306417367935481 ], [ 3.499084598401101, 50.306420987768057 ] ], [ [ 3.50019855161794, 50.305516836559313 ], [ 3.500479392880791, 50.305515627951657 ], [ 3.500477505237249, 50.305335763260693 ], [ 3.500196665033531, 50.305336971860669 ], [ 3.50019855161794, 50.305516836559313 ] ] ] } },
{ "type": "Feature", "properties": { "surface_ha": 3.21 }, "geometry": { "type": "Polygon", "coordinates": [ [ [ 3.504428291655563, 50.307117417211579 ], [ 3.504426389010402, 50.306937552679251 ], [ 3.504145539543313, 50.306938770845704 ], [ 3.504143637976679, 50.306758906300018 ], [ 3.503581941103044, 50.306761340582305 ], [ 3.503583840551247, 50.306941205143453 ], [ 3.503302991026291, 50.306942421274741 ], [ 3.503301092637305, 50.306762556705877 ], [ 3.503020244152298, 50.306763772151072 ], [ 3.503018346841784, 50.306583907568857 ], [ 3.502737499396728, 50.306585122327931 ], [ 3.502735603164666, 50.306405257732344 ], [ 3.50217391033522, 50.3064076852 ], [ 3.502168228109546, 50.30586809133316 ], [ 3.501887384843506, 50.305869304026302 ], [ 3.501885491865882, 50.305689439385077 ], [ 3.502166334072767, 50.305688226699587 ], [ 3.502162546056877, 50.305328497415495 ], [ 3.502443386126267, 50.305327284067062 ], [ 3.502439596069034, 50.304967554775793 ], [ 3.502720434000961, 50.304966340764437 ], [ 3.502724226176426, 50.305326070040287 ], [ 3.503847586184515, 50.305321207149667 ], [ 3.503849486537635, 50.30550107174826 ], [ 3.504411168544264, 50.305498636217372 ], [ 3.50441307103495, 50.305678500794905 ], [ 3.504693913068448, 50.305677282004211 ], [ 3.504695816637595, 50.305857146568322 ], [ 3.505257502764923, 50.305854706936373 ], [ 3.50525940847171, 50.306034571479337 ], [ 3.50554025256553, 50.306033350638067 ], [ 3.505542159350829, 50.306213215167674 ], [ 3.505261314197839, 50.306214436016695 ], [ 3.505265125708119, 50.306574165074416 ], [ 3.504984278417411, 50.306575385260551 ], [ 3.50498618314236, 50.306755249788679 ], [ 3.504705334773116, 50.30675646930419 ], [ 3.504709142162569, 50.307116198358997 ], [ 3.504428291655563, 50.307117417211579 ] ] ] } },
{ "type": "Feature", "properties": { "surface_ha": 1.08 }, "geometry": { "type": "Polygon", "coordinates": [ [ [ 3.463130834576523, 50.306030149448532 ], [ 3.463127340970013, 50.305670418118829 ], [ 3.462565653522215, 50.305672654211207 ], [ 3.462562164223257, 50.305312922830566 ], [ 3.462281322591114, 50.305314039845022 ], [ 3.46227783548126, 50.304954308427625 ], [ 3.462839514491283, 50.30495207374873 ], [ 3.46284126015563, 50.305131939446085 ], [ 3.463122100693207, 50.30513082108201 ], [ 3.463120353969726, 50.304950955391782 ], [ 3.463682032873419, 50.304948716642748 ], [ 3.463683781715165, 50.305128582318765 ], [ 3.464245462666127, 50.305126340842094 ], [ 3.46424721364391, 50.305306206498273 ], [ 3.464528055151883, 50.305305084735302 ], [ 3.46452980720659, 50.305484950378691 ], [ 3.464248964639461, 50.305486072148788 ], [ 3.464250715652784, 50.305665937793648 ], [ 3.463689028346898, 50.305668179312988 ], [ 3.463690777259642, 50.305848044966446 ], [ 3.463409932520891, 50.305849164715667 ], [ 3.463411680392199, 50.306029030370588 ], [ 3.463130834576523, 50.306030149448532 ] ] ] } },
{ "type": "Feature", "properties": { "surface_ha": 8.31 }, "geometry": { "type": "Polygon", "coordinates": [ [ [ 3.515699255776077, 50.31048555306117 ], [ 3.515687583737571, 50.309406368303172 ], [ 3.515968447234128, 50.309405122212169 ], [ 3.51596455459388, 50.309045393930134 ], [ 3.51568369321602, 50.30904664000532 ], [ 3.515681747984861, 50.30886677584791 ], [ 3.515120027288596, 50.308869265947187 ], [ 3.515118084195827, 50.308689401768326 ], [ 3.514556365539323, 50.308691889138082 ], [ 3.514546660964207, 50.307792568080124 ], [ 3.514827515005854, 50.307791324773895 ], [ 3.514825573090667, 50.307611460553254 ], [ 3.515106426053344, 50.307610216576535 ], [ 3.515102540163613, 50.307250488134066 ], [ 3.514821689319421, 50.307251732094997 ], [ 3.514819747463359, 50.307071867857395 ], [ 3.513977197990262, 50.307075595646175 ], [ 3.51397525933156, 50.306895731379271 ], [ 3.514256108116399, 50.306894489469272 ], [ 3.51425028908076, 50.306354896658313 ], [ 3.513688597846582, 50.306357379752619 ], [ 3.513684722824594, 50.305997651152197 ], [ 3.513403879296341, 50.305998891666064 ], [ 3.513401942873996, 50.305819027349507 ], [ 3.513121100385245, 50.305820267177126 ], [ 3.513119165041695, 50.305640402847068 ], [ 3.512838323592446, 50.305641641988466 ], [ 3.512836389327669, 50.305461777644865 ], [ 3.513398070088263, 50.305459298699446 ], [ 3.513396133724873, 50.305279434365957 ], [ 3.514238651540984, 50.305275710883819 ], [ 3.514236712019917, 50.305095846568292 ], [ 3.515360064596001, 50.305090872460148 ], [ 3.515358120858223, 50.304911008170549 ], [ 3.516200631905902, 50.30490727049061 ], [ 3.51619868501059, 50.304727406219044 ], [ 3.516760356825428, 50.304724911056574 ], [ 3.516764254872174, 50.305084639562338 ], [ 3.516202578820971, 50.305087134756484 ], [ 3.516204525755799, 50.305266999016702 ], [ 3.516766203925218, 50.305264503806718 ], [ 3.516770102090645, 50.305624232278582 ], [ 3.517050943263936, 50.305622983640205 ], [ 3.517054843626779, 50.305982712073614 ], [ 3.516774000335201, 50.305983960727815 ], [ 3.516775949487151, 50.306163824943987 ], [ 3.516495105116627, 50.306165072927747 ], [ 3.516499001361519, 50.306524801358925 ], [ 3.51621815485287, 50.306526048680141 ], [ 3.516220101945781, 50.30670591289519 ], [ 3.516500949513623, 50.306704665566052 ], [ 3.516502897685498, 50.306884529767508 ], [ 3.516783746292773, 50.306883281752057 ], [ 3.51680518914039, 50.308861787508192 ], [ 3.516524328881159, 50.308863035610791 ], [ 3.51652627729032, 50.309042899744462 ], [ 3.516807138608883, 50.309041651633954 ], [ 3.516812987133084, 50.309581243977291 ], [ 3.516532122636457, 50.309582492111552 ], [ 3.516537968160579, 50.310122084427817 ], [ 3.516257100466015, 50.310123331907363 ], [ 3.516259047954201, 50.310303196009414 ], [ 3.515978179180461, 50.310304442818435 ], [ 3.515980125628993, 50.31048430692271 ], [ 3.515699255776077, 50.31048555306117 ] ], [ [ 3.515660351745083, 50.306888269743531 ], [ 3.515941200411642, 50.306887023763259 ], [ 3.515939254358177, 50.306707159545965 ], [ 3.515658406750822, 50.306708405518357 ], [ 3.515660351745083, 50.306888269743531 ] ], [ [ 3.515377559123728, 50.30670965081238 ], [ 3.515658406750822, 50.306708405518357 ], [ 3.515654516821519, 50.306348677050991 ], [ 3.515373671312803, 50.306349922329218 ], [ 3.515377559123728, 50.30670965081238 ] ], [ [ 3.51593730832446, 50.306527295323036 ], [ 3.51621815485287, 50.306526048680141 ], [ 3.516212313692706, 50.305986456001158 ], [ 3.515931470341815, 50.305987702620278 ], [ 3.51593730832446, 50.306527295323036 ] ], [ [ 3.515646737199781, 50.305629220048488 ], [ 3.516208419684733, 50.305626727520242 ], [ 3.516206472710387, 50.305446863271285 ], [ 3.515925632536914, 50.305448109866695 ], [ 3.515921740765726, 50.305088381336049 ], [ 3.515360064596001, 50.305090872460148 ], [ 3.515362008353504, 50.305270736744134 ], [ 3.515642847507344, 50.305269491513336 ], [ 3.515646737199781, 50.305629220048488 ] ] ] } },
{ "type": "Feature", "properties": { "surface_ha": 1.08 }, "geometry": { "type": "Polygon", "coordinates": [ [ [ 3.488118677280528, 50.305208434907392 ], [ 3.488116836276451, 50.305028569871688 ], [ 3.487835997358705, 50.305029748609144 ], [ 3.487834157432423, 50.304849883560323 ], [ 3.488114995291059, 50.304848704830377 ], [ 3.488113154324351, 50.30466883978341 ], [ 3.48755148070661, 50.304671196550025 ], [ 3.487544125499205, 50.303951736245892 ], [ 3.488386623188902, 50.303948200168229 ], [ 3.488388465139936, 50.30412806523028 ], [ 3.488950132291067, 50.304125704438562 ], [ 3.488959352917544, 50.305025029589302 ], [ 3.488678514055882, 50.305026210361774 ], [ 3.488680357178203, 50.305206075382479 ], [ 3.488118677280528, 50.305208434907392 ] ] ] } },
{ "type": "Feature", "properties": { "surface_ha": 2.65 }, "geometry": { "type": "Polygon", "coordinates": [ [ [ 3.4850294365097, 50.305221363792107 ], [ 3.485023948504256, 50.304681768421993 ], [ 3.485585622457235, 50.304679423865494 ], [ 3.485583791041032, 50.304499558745718 ], [ 3.484741283260991, 50.304503074540655 ], [ 3.484743111499915, 50.304682939682735 ], [ 3.484462274477018, 50.304684110265136 ], [ 3.484454965868957, 50.303964649633201 ], [ 3.485859129616252, 50.303958790086533 ], [ 3.485855464833033, 50.30359905981107 ], [ 3.485574634238813, 50.303600233062156 ], [ 3.485569140380506, 50.303060637584302 ], [ 3.486130795196251, 50.303058290448504 ], [ 3.486128961829326, 50.302878425292825 ], [ 3.486409788150299, 50.302877250714936 ], [ 3.486407953742997, 50.302697385561054 ], [ 3.486969604211115, 50.302695034385302 ], [ 3.486971440736385, 50.302874899524234 ], [ 3.487252267001476, 50.30287372291145 ], [ 3.487254104604379, 50.303053588037301 ], [ 3.486973277280294, 50.303054764657546 ], [ 3.486982460279417, 50.303954090239394 ], [ 3.486701627641557, 50.303955266218686 ], [ 3.486705298853552, 50.304314996426832 ], [ 3.487266968346887, 50.304312643760106 ], [ 3.487270643869743, 50.304672373915828 ], [ 3.486708970140064, 50.304674726612404 ], [ 3.486707134487494, 50.304494861522457 ], [ 3.485864626930555, 50.3044983854574 ], [ 3.485868291899742, 50.304858115676417 ], [ 3.485587453892023, 50.304859288979614 ], [ 3.485591116817365, 50.30521901919095 ], [ 3.4850294365097, 50.305221363792107 ] ] ] } },
{ "type": "Feature", "properties": { "surface_ha": 1.77 }, "geometry": { "type": "Polygon", "coordinates": [ [ [ 3.515629234205538, 50.30401044146231 ], [ 3.515627289527082, 50.303830577146705 ], [ 3.51534645884581, 50.303831822314265 ], [ 3.51533674104457, 50.302932500612002 ], [ 3.515617566430836, 50.302931255483948 ], [ 3.51561562187079, 50.302751391134429 ], [ 3.516177270466175, 50.302748898859278 ], [ 3.51617532380795, 50.302569034519927 ], [ 3.516736970206397, 50.302566539547442 ], [ 3.516735021450034, 50.30238667521828 ], [ 3.517015843560652, 50.302385426722573 ], [ 3.517025592835079, 50.303284748272205 ], [ 3.517306420220745, 50.303283499058551 ], [ 3.517310322187043, 50.303643227623006 ], [ 3.517029492683367, 50.303644476852526 ], [ 3.517031442637196, 50.303824341134181 ], [ 3.516469781452444, 50.303826837574171 ], [ 3.516471729307995, 50.304006701866001 ], [ 3.515629234205538, 50.30401044146231 ] ] ] } },
{ "type": "Feature", "properties": { "surface_ha": 2.05 }, "geometry": { "type": "Polygon", "coordinates": [ [ [ 3.508598843986996, 50.303142044738451 ], [ 3.508595007796036, 50.3027823156526 ], [ 3.508314182978878, 50.302783543815586 ], [ 3.50831226597156, 50.302603679256386 ], [ 3.508031442193911, 50.302604906733308 ], [ 3.508029526265002, 50.302425042160692 ], [ 3.507748703526864, 50.302426268951535 ], [ 3.507746788676341, 50.302246404365448 ], [ 3.508027610355535, 50.302245177582385 ], [ 3.508025694465513, 50.302065312998458 ], [ 3.509148976752023, 50.302060399114652 ], [ 3.509147056645758, 50.301880534556247 ], [ 3.509708695554299, 50.301878073560324 ], [ 3.5097067733497, 50.301698209011917 ], [ 3.509987591715806, 50.301696977504356 ], [ 3.509985668471816, 50.301517112958102 ], [ 3.510547303027666, 50.301514647923874 ], [ 3.510545377685417, 50.301334783387603 ], [ 3.510826193875152, 50.301333549860949 ], [ 3.510824267493565, 50.301153685326867 ], [ 3.511385897696625, 50.301151216254418 ], [ 3.511383969216856, 50.300971351730368 ], [ 3.511664783230172, 50.300970116184601 ], [ 3.511668642327018, 50.301329845211427 ], [ 3.511387826195965, 50.301331080772862 ], [ 3.511389754714875, 50.301510945285628 ], [ 3.511108937505361, 50.30151218017663 ], [ 3.511110864984945, 50.301692044691592 ], [ 3.510830046696975, 50.301693278912175 ], [ 3.510831973137211, 50.301873143429319 ], [ 3.510551153770781, 50.301874376979498 ], [ 3.510553079171647, 50.302054241498794 ], [ 3.510272258726759, 50.302055474378506 ], [ 3.510274183088234, 50.302235338899983 ], [ 3.509993361564888, 50.302236571109269 ], [ 3.509995284886949, 50.302416435632921 ], [ 3.509714462285142, 50.302417667171731 ], [ 3.509716384567771, 50.30259753169755 ], [ 3.509435560887502, 50.302598762565886 ], [ 3.509439403393348, 50.302958491616231 ], [ 3.509158577575643, 50.302959721821892 ], [ 3.509160497798828, 50.30313958634639 ], [ 3.508598843986996, 50.303142044738451 ] ] ] } },
{ "type": "Feature", "properties": { "surface_ha": 2.33 }, "geometry": { "type": "Polygon", "coordinates": [ [ [ 3.47909565005573, 50.301648511751175 ], [ 3.479093843310457, 50.301468646365414 ], [ 3.47881302498085, 50.301469803248835 ], [ 3.478809413663106, 50.301110072445667 ], [ 3.47824778118453, 50.301112384148361 ], [ 3.478245977670912, 50.300932518723634 ], [ 3.47796516246305, 50.300933673550297 ], [ 3.477961557608455, 50.300573942669267 ], [ 3.478242370698581, 50.300572787857298 ], [ 3.478240567239868, 50.300392922415647 ], [ 3.477678943159027, 50.30039523134672 ], [ 3.477677141836299, 50.300215365884803 ], [ 3.477957952827023, 50.300214211765699 ], [ 3.477956150463743, 50.300034346305459 ], [ 3.478517770272649, 50.300032036047227 ], [ 3.478515965810021, 50.299852170596004 ], [ 3.479077583428042, 50.299849857639565 ], [ 3.479079390008307, 50.300029723076101 ], [ 3.479360199848643, 50.300028565573186 ], [ 3.479365622875962, 50.300568161826959 ], [ 3.479927248854628, 50.30056584474233 ], [ 3.479929058684812, 50.300745710134258 ], [ 3.480490686707733, 50.300743390321941 ], [ 3.480494310658711, 50.301103121059448 ], [ 3.480775126760348, 50.301101960121166 ], [ 3.480778752902675, 50.30146169082137 ], [ 3.480217116445419, 50.301464012049109 ], [ 3.480218927426353, 50.301643877405454 ], [ 3.479657288777755, 50.301646195934858 ], [ 3.479655479914652, 50.301466330563777 ], [ 3.479374661621726, 50.301467488803731 ], [ 3.479376469425917, 50.301647354182158 ], [ 3.47909565005573, 50.301648511751175 ] ] ] } },
{ "type": "Feature", "properties": { "surface_ha": 7.75 }, "geometry": { "type": "Polygon", "coordinates": [ [ [ 3.484724829945588, 50.302884288007867 ], [ 3.484723001892198, 50.30270442280932 ], [ 3.484442176518736, 50.302705593310009 ], [ 3.484440349542871, 50.302525728098431 ], [ 3.483878700858288, 50.302528067050083 ], [ 3.483876876018893, 50.302348201817985 ], [ 3.483596052707782, 50.302349370268978 ], [ 3.483592405202448, 50.301989639773048 ], [ 3.484434868726519, 50.301986132429775 ], [ 3.484436695646763, 50.302165997658285 ], [ 3.48471751784333, 50.302164827179887 ], [ 3.484715689864144, 50.301984961958802 ], [ 3.484996510983217, 50.301983790809544 ], [ 3.484991023980198, 50.301444195134671 ], [ 3.485271841903949, 50.301443023329448 ], [ 3.485268181876952, 50.301083292866188 ], [ 3.484706550246469, 50.301085635768615 ], [ 3.484701066698463, 50.300546039986799 ], [ 3.484981879346381, 50.300544868896999 ], [ 3.484980050475297, 50.30036500363255 ], [ 3.485260862045812, 50.300363831871941 ], [ 3.485259032134451, 50.300183966609282 ], [ 3.485539842627561, 50.300182794177864 ], [ 3.48554350458653, 50.300542524682697 ], [ 3.485824317178737, 50.300541351558159 ], [ 3.485816989099806, 50.299821890555727 ], [ 3.486097797438107, 50.299820716782769 ], [ 3.48609596440605, 50.299640851525496 ], [ 3.486938386132894, 50.299637326159633 ], [ 3.486936549943065, 50.299457460919093 ], [ 3.487217356089304, 50.299456284448169 ], [ 3.487215518859331, 50.299276419209455 ], [ 3.487496323928145, 50.299275242067793 ], [ 3.487498162216898, 50.299455107299032 ], [ 3.487778968325838, 50.299453929471653 ], [ 3.487780807692037, 50.29963379468979 ], [ 3.488061614841101, 50.299632616176751 ], [ 3.488063455284766, 50.299812481381743 ], [ 3.488344263473952, 50.299811302183009 ], [ 3.488346104995105, 50.299991167374898 ], [ 3.488626914224413, 50.299989987490441 ], [ 3.488628756823076, 50.300169852669185 ], [ 3.488909567092508, 50.300168672099005 ], [ 3.488913254463601, 50.300528402424582 ], [ 3.489194066831997, 50.300527221161175 ], [ 3.489195911604463, 50.300707086308002 ], [ 3.489476725012992, 50.300705904358864 ], [ 3.489478570863041, 50.300885769492552 ], [ 3.4897593853117, 50.300884586857663 ], [ 3.489761232239356, 50.301064451978192 ], [ 3.490042047728148, 50.301063268657551 ], [ 3.49004389573343, 50.30124313376492 ], [ 3.490324712262351, 50.301241949758492 ], [ 3.490328410446979, 50.301601679941285 ], [ 3.490047591800258, 50.301602863962728 ], [ 3.490051287942102, 50.301962594137997 ], [ 3.489489646356716, 50.301964960176093 ], [ 3.489491492337895, 50.302144825270261 ], [ 3.489210670458156, 50.302146007279411 ], [ 3.489208825535917, 50.301966142177754 ], [ 3.488085542065601, 50.301970863401621 ], [ 3.488080020118232, 50.301431267972845 ], [ 3.487237566849588, 50.301434801701568 ], [ 3.487235729414514, 50.301254936524948 ], [ 3.486393279154742, 50.301258464126931 ], [ 3.486395113413122, 50.301438329325954 ], [ 3.486956749056066, 50.301435978254638 ], [ 3.486960421864324, 50.301795708605887 ], [ 3.486679601934337, 50.301796884495616 ], [ 3.486677766579808, 50.301617019315323 ], [ 3.48555449090939, 50.301621716061689 ], [ 3.48555815316567, 50.301981446476226 ], [ 3.485277332083729, 50.301982618982002 ], [ 3.485286482754816, 50.302881944956738 ], [ 3.484724829945588, 50.302884288007867 ] ], [ [ 3.486389610693828, 50.300898733711961 ], [ 3.486670425347949, 50.300897558537805 ], [ 3.486668590086546, 50.300717693329283 ], [ 3.486387776491291, 50.300718868496006 ], [ 3.486389610693828, 50.300898733711961 ] ] ] } }
]
}
