{
"type": "FeatureCollection",
"name": "perimetre",
"crs": { "type": "name", "properties": { "name": "urn:ogc:def:crs:OGC:1.3:CRS84" } },
"features": [
{ "type": "Feature", "properties": { "surface_ha": 9.07 }, "geometry": { "type": "Polygon", "coordinates": [ [ [ 3.44738702098131, 50.364190339873041 ], [ 3.447385330065658, 50.364010475626692 ], [ 3.446541764617376, 50.364013717370845 ], [ 3.44654007690691, 50.363833853098257 ], [ 3.445977701980981, 50.36383601084848 ], [ 3.4459743308621, 50.363476282259022 ], [ 3.446255516208324, 50.363475203737501 ], [ 3.446252143032674, 50.363115475139189 ], [ 3.445689776573629, 50.36311763147512 ], [ 3.445688092136738, 50.362937767153824 ], [ 3.445406909944158, 50.362938844295307 ], [ 3.445400176618067, 50.362219386926441 ], [ 3.445681354560289, 50.362218309812299 ], [ 3.445677985874733, 50.361858581107747 ], [ 3.44595916167473, 50.361857503327556 ], [ 3.445955790932548, 50.361497774614158 ], [ 3.44567461725762, 50.361498852380649 ], [ 3.445676301557623, 50.361678716747022 ], [ 3.445395126803055, 50.361679793840636 ], [ 3.445391760345212, 50.361320065088599 ], [ 3.445672932974731, 50.361318988008648 ], [ 3.445664511816924, 50.360419666064139 ], [ 3.445945679116899, 50.360418588338696 ], [ 3.445942308648644, 50.360058859535144 ], [ 3.4462234738066, 50.360057781143688 ], [ 3.446221787535719, 50.359877916740295 ], [ 3.446502951614113, 50.359876837676033 ], [ 3.446506326297882, 50.360236566463485 ], [ 3.446225160094611, 50.360237645541446 ], [ 3.446230219061428, 50.360777238700884 ], [ 3.446511388452092, 50.360776159602374 ], [ 3.446508013665478, 50.360416430848758 ], [ 3.44678918091406, 50.360415351084242 ], [ 3.44678749248401, 50.360235486705825 ], [ 3.447068658652987, 50.360234406268496 ], [ 3.447070348145489, 50.360414270640042 ], [ 3.44763268255685, 50.360412107712605 ], [ 3.447634374191443, 50.360591972064782 ], [ 3.448196710658993, 50.360589806404853 ], [ 3.448198404435719, 50.360769670737653 ], [ 3.448479573706163, 50.360768586881271 ], [ 3.448481268562579, 50.360948451201558 ], [ 3.449043609176775, 50.360946281435929 ], [ 3.449045306175399, 50.361126145736797 ], [ 3.449326477519139, 50.361125059827536 ], [ 3.449328175597508, 50.361304924115899 ], [ 3.449609347986502, 50.36130383752004 ], [ 3.449612746320037, 50.361663566066028 ], [ 3.449331571805998, 50.361664652675671 ], [ 3.449340062629124, 50.362563973976563 ], [ 3.449058882785037, 50.362565059940984 ], [ 3.449062277109856, 50.36292478843567 ], [ 3.448781095123336, 50.362925873734113 ], [ 3.448784487391881, 50.36328560222006 ], [ 3.44850330326289, 50.363286686852526 ], [ 3.448506693475079, 50.363646415329704 ], [ 3.448225507203586, 50.363647499296192 ], [ 3.448228895359335, 50.364007227764574 ], [ 3.447947706945306, 50.364008311065064 ], [ 3.447949399986317, 50.364188175297677 ], [ 3.44738702098131, 50.364190339873041 ] ], [ [ 3.445954105587138, 50.361317910248999 ], [ 3.446235278182424, 50.361316831809617 ], [ 3.446231905417962, 50.360957103076103 ], [ 3.445950734947681, 50.360958181501772 ], [ 3.445954105587138, 50.361317910248999 ] ] ] } },
{ "type": "Feature", "properties": { "surface_ha": 19.15 }, "geometry": { "type": "Polygon", "coordinates": [ [ [ 3.546066895763461, 50.362329928956719 ], [ 3.546064832030028, 50.362150067341169 ], [ 3.545783658757404, 50.362151387128819 ], [ 3.54578159610743, 50.361971525499214 ], [ 3.546062768317559, 50.36197020571997 ], [ 3.546058640955513, 50.361610482460584 ], [ 3.546339811019724, 50.361609162018425 ], [ 3.546335681616623, 50.361249438753205 ], [ 3.546616849534948, 50.361248117648103 ], [ 3.546612718090876, 50.360888394377028 ], [ 3.546050386482992, 50.360891035873991 ], [ 3.54604832291727, 50.360711174213201 ], [ 3.546329487669281, 50.360709853812949 ], [ 3.546327423062114, 50.360529992154902 ], [ 3.545765095661942, 50.360532632259002 ], [ 3.5457692206476, 50.360892355602985 ], [ 3.545206888913969, 50.360894993021923 ], [ 3.545204828535502, 50.360715131336029 ], [ 3.54548599335037, 50.360713812974758 ], [ 3.545483931930424, 50.360533951291565 ], [ 3.544921604404577, 50.360536587317718 ], [ 3.544917485877078, 50.36017686390089 ], [ 3.544636324207556, 50.360178180877739 ], [ 3.544632207888473, 50.359818457421589 ], [ 3.544351048322786, 50.359819773702085 ], [ 3.544348991256959, 50.359639911957174 ], [ 3.544067832732731, 50.359641227549673 ], [ 3.544069888736201, 50.359821089302955 ], [ 3.543226409851175, 50.359825032027629 ], [ 3.543228462688432, 50.360004893800273 ], [ 3.542666141202729, 50.360007518901838 ], [ 3.542664090490208, 50.359827657112547 ], [ 3.542382930778472, 50.359828968635533 ], [ 3.54238088114914, 50.359649106832251 ], [ 3.542099722478939, 50.359650417667261 ], [ 3.542101771045914, 50.359830279478878 ], [ 3.541820611292546, 50.359831589642575 ], [ 3.541818563787928, 50.359651727822651 ], [ 3.541537405076119, 50.359653037298386 ], [ 3.541535358654647, 50.359473175464487 ], [ 3.542097673932775, 50.35947055585001 ], [ 3.542095625407418, 50.359290694027067 ], [ 3.542657938477635, 50.359288071710679 ], [ 3.54265588784844, 50.359108209898757 ], [ 3.542937043289982, 50.359106897729461 ], [ 3.542934991619304, 50.35892703592021 ], [ 3.542653837240074, 50.358928348081193 ], [ 3.542649736085834, 50.358568624429083 ], [ 3.543212040574263, 50.358565999460808 ], [ 3.543218198710685, 50.35910558488051 ], [ 3.543499354110534, 50.359104271351946 ], [ 3.543497300315229, 50.358924409559386 ], [ 3.544621917456639, 50.358919148682268 ], [ 3.544619859432991, 50.358739286917427 ], [ 3.545182165753704, 50.358736652417846 ], [ 3.545180105626381, 50.358556790664075 ], [ 3.544898953538774, 50.358558108245326 ], [ 3.544896894494656, 50.358378246477535 ], [ 3.544615743448412, 50.358379563370782 ], [ 3.54461368548748, 50.358199701588987 ], [ 3.544332535482599, 50.358201017794286 ], [ 3.544328421747954, 50.357841294197023 ], [ 3.544047273846683, 50.357842609706005 ], [ 3.544045218072939, 50.357662747890558 ], [ 3.543482924332236, 50.357665376853042 ], [ 3.543478817096274, 50.357305653171771 ], [ 3.542354237862401, 50.357310902875 ], [ 3.542358336600588, 50.357670626622919 ], [ 3.541796042609815, 50.357673247430306 ], [ 3.541793995354767, 50.357493385542519 ], [ 3.541512849390412, 50.357494694918508 ], [ 3.541510803218377, 50.357314833016773 ], [ 3.541229658295453, 50.357316141704857 ], [ 3.541225568138143, 50.356956417867806 ], [ 3.541506710936665, 50.356955109196342 ], [ 3.541504664826985, 50.356775247277646 ], [ 3.542348089911246, 50.356771317210693 ], [ 3.542346040635827, 50.356591455311303 ], [ 3.543470602874673, 50.356586205741387 ], [ 3.543468549371422, 50.356406343869665 ], [ 3.543749688816851, 50.356405029786607 ], [ 3.543747634272307, 50.356225167917565 ], [ 3.544028772634716, 50.356223853163293 ], [ 3.544026717048901, 50.356043991296936 ], [ 3.544588991586788, 50.356041359766444 ], [ 3.544586933897597, 50.355861497911121 ], [ 3.545430342361256, 50.355857545543813 ], [ 3.54543446413334, 50.356217269198595 ], [ 3.545996740586328, 50.35621463085581 ], [ 3.545994677565542, 50.356034769047994 ], [ 3.546275814698471, 50.356033448865659 ], [ 3.546277878781394, 50.356213310665076 ], [ 3.546559016955492, 50.356211989794801 ], [ 3.54656108212153, 50.356391851580199 ], [ 3.546842221336798, 50.356390530021969 ], [ 3.546846353856134, 50.356750253558992 ], [ 3.547127495174743, 50.356748931304423 ], [ 3.547129562528073, 50.356928793056056 ], [ 3.547410704887862, 50.356927470113511 ], [ 3.547416910260459, 50.357467055309307 ], [ 3.546854619146674, 50.35746970056519 ], [ 3.546856685521781, 50.357649562302598 ], [ 3.545450952059064, 50.357656163591464 ], [ 3.545455074249852, 50.358015887133142 ], [ 3.545736223108793, 50.358014568217797 ], [ 3.545740347507853, 50.358374291720104 ], [ 3.546021498470371, 50.358372972108427 ], [ 3.54602768841294, 50.35891255729436 ], [ 3.546308842541362, 50.358911236977889 ], [ 3.546306778143915, 50.358731375263304 ], [ 3.546869084213241, 50.358728732608306 ], [ 3.546867017712187, 50.358548870904841 ], [ 3.54714816965308, 50.358547548566307 ], [ 3.547144034589402, 50.358187825159177 ], [ 3.54742518438475, 50.358186502157835 ], [ 3.547427252968353, 50.358366363855843 ], [ 3.547708403804954, 50.358365040166497 ], [ 3.547710473471848, 50.358544901850436 ], [ 3.547991625349701, 50.358543577473085 ], [ 3.547995766871145, 50.358903300807185 ], [ 3.547714612868706, 50.358904625201347 ], [ 3.547720822121679, 50.359444210185309 ], [ 3.548001979311077, 50.359442885765922 ], [ 3.548004050166459, 50.359622747407535 ], [ 3.548847524795407, 50.359618770046296 ], [ 3.548845450753004, 50.359438908429929 ], [ 3.548564293626748, 50.359440234888233 ], [ 3.548562220667743, 50.359260373257797 ], [ 3.548281064582759, 50.359261699028053 ], [ 3.548278992707131, 50.359081837383563 ], [ 3.548560147729795, 50.359080511621734 ], [ 3.548558074812904, 50.358900649979986 ], [ 3.549120382670435, 50.358897996434294 ], [ 3.549118307650008, 50.358718134803745 ], [ 3.549399460484865, 50.358716807019896 ], [ 3.549389080387576, 50.357817498824488 ], [ 3.549670227890025, 50.357816170403197 ], [ 3.54967230492955, 50.357996032045165 ], [ 3.549953453473143, 50.357994702935827 ], [ 3.549959687905096, 50.358534287802463 ], [ 3.550240839614369, 50.358532957988231 ], [ 3.55024499813247, 50.358892681187477 ], [ 3.550526151945203, 50.358891350676728 ], [ 3.550532393067717, 50.359430935407872 ], [ 3.55137586393992, 50.359426939721821 ], [ 3.551380031167989, 50.359786662796878 ], [ 3.550817713024962, 50.359789327301073 ], [ 3.550821876088238, 50.360149050387371 ], [ 3.550259553611171, 50.360151712206772 ], [ 3.550257474193703, 50.359971850649572 ], [ 3.549976313985849, 50.359973180531334 ], [ 3.549972157338992, 50.359613457383055 ], [ 3.54940984110938, 50.359616115073941 ], [ 3.549413993506816, 50.359975838255977 ], [ 3.54913283323566, 50.359977166098822 ], [ 3.549134908403642, 50.360157027689795 ], [ 3.548853747049031, 50.360158354861433 ], [ 3.548855821175712, 50.360338216455155 ], [ 3.549136983592706, 50.360336889275111 ], [ 3.54913905880285, 50.360516750854757 ], [ 3.549701385698371, 50.360514094438834 ], [ 3.549705540431541, 50.360873817547436 ], [ 3.549424374869506, 50.360875146112079 ], [ 3.549426451205322, 50.361055007666351 ], [ 3.549145284559769, 50.361056335559788 ], [ 3.54914735985424, 50.361236197116817 ], [ 3.548303856603825, 50.36124017674431 ], [ 3.548305928732035, 50.361420038320965 ], [ 3.548024759877334, 50.361421363512541 ], [ 3.548028902071973, 50.361781086665673 ], [ 3.547747731071302, 50.361782411194383 ], [ 3.5477498011377, 50.361962272770874 ], [ 3.547468629053519, 50.3619635966283 ], [ 3.547470698078455, 50.362143458207555 ], [ 3.547189524910763, 50.36214478139366 ], [ 3.547191592894212, 50.362324642975651 ], [ 3.546066895763461, 50.362329928956719 ] ], [ [ 3.547456215345294, 50.360884427034058 ], [ 3.548018546743172, 50.360881778740406 ], [ 3.548016475740529, 50.3607019171384 ], [ 3.548859969492282, 50.360697939625659 ], [ 3.548855821175712, 50.360338216455155 ], [ 3.548293496278526, 50.360340868776305 ], [ 3.548295568301487, 50.360520730381218 ], [ 3.547452077610689, 50.360524703790745 ], [ 3.547456215345294, 50.360884427034058 ] ], [ [ 3.545190406472266, 50.359456099376331 ], [ 3.5457527212078, 50.359453462091338 ], [ 3.545750658872102, 50.359273600376923 ], [ 3.546031815146117, 50.359272280723353 ], [ 3.54602975176905, 50.35909241901166 ], [ 3.545186286071129, 50.3590963759084 ], [ 3.545190406472266, 50.359456099376331 ] ], [ [ 3.54884337673167, 50.359259046807942 ], [ 3.549405688796305, 50.359256391869302 ], [ 3.549403612671402, 50.359076530258484 ], [ 3.548841302731403, 50.359079185180271 ], [ 3.54884337673167, 50.359259046807942 ] ] ] } },
{ "type": "Feature", "properties": { "surface_ha": 1.73 }, "geometry": { "type": "Polygon", "coordinates": [ [ [ 3.462499563975789, 50.356756518671709 ], [ 3.462496068849533, 50.356396790465261 ], [ 3.462777211732022, 50.356395672115042 ], [ 3.462775463133318, 50.356215808010447 ], [ 3.463056604935843, 50.356214688987741 ], [ 3.463053105667348, 50.355854960775879 ], [ 3.463334245327727, 50.3558538410878 ], [ 3.463330744005992, 50.355494112867596 ], [ 3.463611881524258, 50.355492992514165 ], [ 3.463610129827916, 50.355313128402713 ], [ 3.463891266266241, 50.355312007376838 ], [ 3.463887760802672, 50.354952279151291 ], [ 3.464168895098929, 50.3549511574601 ], [ 3.464170648883938, 50.355131021568553 ], [ 3.464732919547252, 50.355128776133242 ], [ 3.4647416993611, 50.356028096519779 ], [ 3.464460558727565, 50.356029219612857 ], [ 3.464464068653571, 50.356388947742261 ], [ 3.463901783084247, 50.356391191918199 ], [ 3.463903535949564, 50.356571055988695 ], [ 3.463341248184595, 50.356573297460478 ], [ 3.46334299894327, 50.356753161539601 ], [ 3.462499563975789, 50.356756518671709 ] ] ] } },
{ "type": "Feature", "properties": { "surface_ha": 12.0 }, "geometry": { "type": "Polygon", "coordinates": [ [ [ 3.454672166309645, 50.361464026715858 ], [ 3.454667011511851, 50.360924434246215 ], [ 3.454385841560201, 50.360925533062819 ], [ 3.454382407240563, 50.360565804707619 ], [ 3.454101239396419, 50.360566902830556 ], [ 3.454104671591109, 50.360926631199732 ], [ 3.453542331600633, 50.36092882543447 ], [ 3.453540617619531, 50.360748961238762 ], [ 3.453259448660651, 50.360750057329625 ], [ 3.453257735759431, 50.360570193121333 ], [ 3.45297656784562, 50.36057128852557 ], [ 3.45297485602426, 50.360391424304694 ], [ 3.452412522269398, 50.360393613060154 ], [ 3.452410812590325, 50.360213748819753 ], [ 3.452129646749284, 50.360214842171033 ], [ 3.45213135536591, 50.360394706418369 ], [ 3.451569021506872, 50.360396891095732 ], [ 3.451567315015147, 50.360217026834498 ], [ 3.451286149122068, 50.36021811814674 ], [ 3.451284443710116, 50.360038253872972 ], [ 3.451565608540757, 50.360037162567664 ], [ 3.451563902083701, 50.359857298295168 ], [ 3.452126229568107, 50.3598551136594 ], [ 3.452122812456356, 50.359495385125264 ], [ 3.452966297178299, 50.359492103115777 ], [ 3.452964585461272, 50.359312238861079 ], [ 3.453245745938097, 50.35931114350555 ], [ 3.453244033176075, 50.359131279252161 ], [ 3.453525192573117, 50.359130183223932 ], [ 3.453528620239337, 50.359489911711123 ], [ 3.453809781743745, 50.359488814989312 ], [ 3.453811496665374, 50.359668679217492 ], [ 3.454092659214767, 50.359667581809035 ], [ 3.454094375216234, 50.359847446024645 ], [ 3.454656702387541, 50.359845249154787 ], [ 3.454658420531292, 50.360025113350794 ], [ 3.454939585153197, 50.36002401388938 ], [ 3.454941304376836, 50.360203878072745 ], [ 3.455503635693112, 50.360201677096931 ], [ 3.455500193013576, 50.359841948752511 ], [ 3.455781356520631, 50.359840847259093 ], [ 3.455779634144678, 50.359660983085384 ], [ 3.456060796571821, 50.359659880919281 ], [ 3.456059073150962, 50.359480016746971 ], [ 3.456340234498195, 50.359478913908205 ], [ 3.456336785584227, 50.35911918556063 ], [ 3.45661794478917, 50.359118082056227 ], [ 3.456616219296092, 50.35893821788099 ], [ 3.457740851690996, 50.358933797094878 ], [ 3.457742581433552, 50.359113661242013 ], [ 3.458023740550745, 50.359112554339347 ], [ 3.458020278958478, 50.35875282605344 ], [ 3.458301435933363, 50.358751718485159 ], [ 3.458296240489815, 50.358212126035156 ], [ 3.458577394260099, 50.358211017808337 ], [ 3.458573928594407, 50.357851289494199 ], [ 3.458011625285484, 50.357853505240058 ], [ 3.458009894603628, 50.357673641060472 ], [ 3.457728743985082, 50.35767474790692 ], [ 3.45772701438309, 50.357494883714693 ], [ 3.457445864809258, 50.357495989874515 ], [ 3.457444136287107, 50.357316125669605 ], [ 3.457162987757989, 50.357317231142787 ], [ 3.457159532890871, 50.356957502702024 ], [ 3.456878386468718, 50.356958607481594 ], [ 3.456874933796259, 50.356598879004252 ], [ 3.457156078093942, 50.356597774238729 ], [ 3.457154350721798, 50.356417909998605 ], [ 3.457435493939717, 50.35641680456051 ], [ 3.457433765522911, 50.356236940321764 ], [ 3.457714907661066, 50.356235834211105 ], [ 3.457713178199622, 50.356055969973774 ], [ 3.457994319258012, 50.356054863190543 ], [ 3.457992588751948, 50.35587499895459 ], [ 3.458273728730577, 50.355873891498803 ], [ 3.458271997179917, 50.355694027264228 ], [ 3.457990858263465, 50.355695134712988 ], [ 3.457989127792556, 50.355515270465759 ], [ 3.45770798992069, 50.355516377227929 ], [ 3.457706260529514, 50.35533651296803 ], [ 3.457425123702234, 50.355337619043588 ], [ 3.457423395390765, 50.355157754771049 ], [ 3.457142259608073, 50.355158860160017 ], [ 3.457138805162057, 50.354799131583981 ], [ 3.456857671486072, 50.354800236279381 ], [ 3.456855945351492, 50.354620371975898 ], [ 3.457137077965367, 50.354619267287504 ], [ 3.457135350786219, 50.354439402985392 ], [ 3.457416482320448, 50.354438297624483 ], [ 3.457414754096757, 50.354258433323757 ], [ 3.457695884551343, 50.354257327290334 ], [ 3.457697613837123, 50.354437191584033 ], [ 3.457978745336234, 50.354436084864041 ], [ 3.45798047570168, 50.354615949145099 ], [ 3.458261608245313, 50.354614841738531 ], [ 3.458263339690443, 50.354794706006921 ], [ 3.458825606849156, 50.354792489141055 ], [ 3.458830807662862, 50.355332081870174 ], [ 3.458549670905912, 50.35533319066397 ], [ 3.458554868691614, 50.355872783363466 ], [ 3.458836008635053, 50.355871674548538 ], [ 3.458837742327672, 50.356051538763388 ], [ 3.459118883315685, 50.356050429261849 ], [ 3.459120618088107, 50.356230293464009 ], [ 3.459401760120695, 50.35622918327585 ], [ 3.459403495972947, 50.356409047465327 ], [ 3.459684639050105, 50.356407936590529 ], [ 3.459686375982205, 50.356587800767322 ], [ 3.459967520103937, 50.356586689205884 ], [ 3.45996925811591, 50.356766553369972 ], [ 3.460250403282214, 50.35676544112188 ], [ 3.460253881483607, 50.357125169419071 ], [ 3.46053502875673, 50.357124056477232 ], [ 3.460540249378123, 50.357663648859507 ], [ 3.46082139982038, 50.357662535216889 ], [ 3.460826623787774, 50.358202127527228 ], [ 3.460545470158613, 50.358203241191063 ], [ 3.460547210454132, 50.358383105290287 ], [ 3.460266055744969, 50.358384218281586 ], [ 3.460267794995832, 50.358564082382237 ], [ 3.459705483399845, 50.358566306340016 ], [ 3.459707220543684, 50.358746170449173 ], [ 3.458863749830345, 50.358749501309717 ], [ 3.458865483804759, 50.358929365434363 ], [ 3.458584325802714, 50.358930474368968 ], [ 3.458587791679641, 50.359290202615441 ], [ 3.458306631535244, 50.35929131088448 ], [ 3.458308363437723, 50.359471175006306 ], [ 3.457746040971378, 50.35947338951943 ], [ 3.45774777076665, 50.359653253649689 ], [ 3.457185446105213, 50.359655465458218 ], [ 3.457187173793232, 50.359835329596876 ], [ 3.45690601037377, 50.359836434488649 ], [ 3.456907737016916, 50.360016298628693 ], [ 3.456626572517491, 50.360017402847802 ], [ 3.456628298115741, 50.360197266989211 ], [ 3.456347132536353, 50.360198370535663 ], [ 3.456350581660542, 50.360558098815574 ], [ 3.455788246199412, 50.360560303897451 ], [ 3.45578996866285, 50.360740168042959 ], [ 3.455508799843565, 50.360741269571349 ], [ 3.455513964151401, 50.361280861995041 ], [ 3.455232792127162, 50.361281962864702 ], [ 3.455234512535571, 50.361461827001662 ], [ 3.454672166309645, 50.361464026715858 ] ], [ [ 3.452691978413997, 50.360212654788796 ], [ 3.453254310009194, 50.360210464687867 ], [ 3.453249171514336, 50.359670871995391 ], [ 3.452968008912713, 50.359671967364832 ], [ 3.452971432433709, 50.36003169584604 ], [ 3.452690267689854, 50.36003279054971 ], [ 3.452691978413997, 50.360212654788796 ] ] ] } },
{ "type": "Feature", "properties": { "surface_ha": 7.43 }, "geometry": { "type": "Polygon", "coordinates": [ [ [ 3.438307778826638, 50.355411237925289 ], [ 3.438304466672984, 50.355051508439871 ], [ 3.438023330783972, 50.35505256761202 ], [ 3.438021675794514, 50.354872702854109 ], [ 3.437740540950829, 50.354873761339967 ], [ 3.437737233146587, 50.354514031793869 ], [ 3.437456100410343, 50.354515089586727 ], [ 3.437452794797498, 50.354155360004654 ], [ 3.438015056004789, 50.354153243766234 ], [ 3.438013401099382, 50.353973378980164 ], [ 3.438294530615737, 50.35397231984836 ], [ 3.438292874665069, 50.353792455063399 ], [ 3.438574003102529, 50.353791395258796 ], [ 3.43857234610662, 50.353611530474936 ], [ 3.439134600806918, 50.353609408840619 ], [ 3.43913294170374, 50.353429544064575 ], [ 3.439414067966567, 50.353428482234861 ], [ 3.439412407818202, 50.353248617459947 ], [ 3.439693533002128, 50.353247554957456 ], [ 3.439691871808597, 50.353067690183643 ], [ 3.440254120001762, 50.353065563153642 ], [ 3.440252456701073, 50.352885698387695 ], [ 3.440533579710302, 50.352884633860171 ], [ 3.440531915364501, 50.352704769095347 ], [ 3.440813037294821, 50.352703703895088 ], [ 3.440814702702626, 50.352883568653148 ], [ 3.443625931693704, 50.352872879210075 ], [ 3.443627607738574, 50.353052743894629 ], [ 3.443346483853882, 50.353053815903543 ], [ 3.443351508904533, 50.353593409943869 ], [ 3.443632635975329, 50.353592337914549 ], [ 3.443635988218291, 50.353952067232967 ], [ 3.443354859023369, 50.353953139275887 ], [ 3.443356534108308, 50.354133003933448 ], [ 3.443075403834293, 50.354134075303655 ], [ 3.443078751931027, 50.35449380461548 ], [ 3.442797619515818, 50.35449487531973 ], [ 3.44279929252758, 50.354674739973994 ], [ 3.442237025521968, 50.354676879357427 ], [ 3.44223869642648, 50.354856744019642 ], [ 3.441957561836086, 50.354857812698818 ], [ 3.441959231695438, 50.355037677362191 ], [ 3.44167809602595, 50.355038745368596 ], [ 3.441676427228733, 50.354858880698458 ], [ 3.441114157963182, 50.354861014659043 ], [ 3.441112491307162, 50.354681149969707 ], [ 3.440831357711111, 50.354682215923916 ], [ 3.440833023305006, 50.354862080620009 ], [ 3.440270753937911, 50.354864210503266 ], [ 3.440272417424456, 50.355044075207253 ], [ 3.439991281653424, 50.355045139136273 ], [ 3.439992944094719, 50.355225003841397 ], [ 3.439430670377711, 50.355227129674319 ], [ 3.439432330711579, 50.355406994387273 ], [ 3.438307778826638, 50.355411237925289 ] ], [ [ 3.440550224098141, 50.354683281198554 ], [ 3.440831357711111, 50.354682215923916 ], [ 3.440826361030933, 50.354142621801842 ], [ 3.441107491440678, 50.35414155586794 ], [ 3.441104158280998, 50.353781826438599 ], [ 3.439979645037158, 50.353786086042845 ], [ 3.439981307360254, 50.353965950787391 ], [ 3.439700177944985, 50.353967013996389 ], [ 3.439701839222884, 50.35414687874205 ], [ 3.439982969700234, 50.354145815526309 ], [ 3.4399846320571, 50.354325680259564 ], [ 3.440265763579659, 50.354324616357523 ], [ 3.440267427015513, 50.354504481078415 ], [ 3.440548559583277, 50.354503416490061 ], [ 3.440550224098141, 50.354683281198554 ] ], [ [ 3.442233683763862, 50.354317150016094 ], [ 3.442514815150945, 50.354316080677741 ], [ 3.442509799454836, 50.353776486643852 ], [ 3.442228671253989, 50.353777555961862 ], [ 3.442233683763862, 50.354317150016094 ] ] ] } },
{ "type": "Feature", "properties": { "surface_ha": 9.83 }, "geometry": { "type": "Polygon", "coordinates": [ [ [ 3.439678582867773, 50.351628771790303 ], [ 3.439676921826092, 50.351448906965807 ], [ 3.439395807261959, 50.351449969400839 ], [ 3.43939414729907, 50.351270104563945 ], [ 3.438831920244072, 50.351272227382125 ], [ 3.438830262421863, 50.35109236252611 ], [ 3.437986924898833, 50.351095541637179 ], [ 3.437985270279159, 50.350915676755342 ], [ 3.437141935790574, 50.350918849731102 ], [ 3.437140284373373, 50.350738984823522 ], [ 3.436578063420877, 50.350741096729948 ], [ 3.436576414144208, 50.350561231803326 ], [ 3.436014195248463, 50.350563340978546 ], [ 3.436012548112282, 50.350383476032903 ], [ 3.435450331273356, 50.350385582476953 ], [ 3.435448686277621, 50.350205717512281 ], [ 3.434886471495579, 50.350207821225197 ], [ 3.434884828640246, 50.350027956241561 ], [ 3.43460372228604, 50.350029007072152 ], [ 3.43460208050923, 50.349849142076209 ], [ 3.433477659173109, 50.349853338577624 ], [ 3.433469471775294, 50.34895401338018 ], [ 3.433750571825271, 50.348952965307262 ], [ 3.433747294859027, 50.348593235202159 ], [ 3.433466196932588, 50.348594283261782 ], [ 3.433458010116844, 50.347694957867226 ], [ 3.433739102734632, 50.347693909840849 ], [ 3.43374074112623, 50.347873774924388 ], [ 3.434302928435292, 50.347871676820191 ], [ 3.434304568966968, 50.348051541884772 ], [ 3.434585663658231, 50.348050491806923 ], [ 3.4345873052683, 50.348230356859183 ], [ 3.435149496724253, 50.348228254651985 ], [ 3.435151140474475, 50.348408119685281 ], [ 3.435713333987131, 50.348406014747127 ], [ 3.435714979877548, 50.348585879761416 ], [ 3.435996077670556, 50.348584826266531 ], [ 3.435997724639453, 50.348764691268535 ], [ 3.436559922298798, 50.348762582227202 ], [ 3.436561571407963, 50.348942447210149 ], [ 3.437123771123853, 50.34894033543776 ], [ 3.437125422373332, 50.3491202004017 ], [ 3.437406523267908, 50.349119143489659 ], [ 3.43740817559595, 50.349299008441228 ], [ 3.437970379458329, 50.349296892565498 ], [ 3.437972033926758, 50.349476757498017 ], [ 3.438534239845525, 50.349474638891174 ], [ 3.438535896454385, 50.349654503804601 ], [ 3.439098104429475, 50.349652382466559 ], [ 3.439099763178806, 50.349832247360894 ], [ 3.439661973210152, 50.34983012329166 ], [ 3.4396636341, 50.350009988166875 ], [ 3.439944740152209, 50.350008925106366 ], [ 3.439946402120769, 50.350188789969195 ], [ 3.440508616298222, 50.350186661796329 ], [ 3.440510280407372, 50.350366526640009 ], [ 3.441072496640924, 50.350364395735859 ], [ 3.441074162890706, 50.350544260560405 ], [ 3.441355272043968, 50.350543194082377 ], [ 3.441356939372547, 50.350723058894488 ], [ 3.441638049570749, 50.350721991730254 ], [ 3.441639717978151, 50.35090185652998 ], [ 3.441077495441042, 50.350903990192563 ], [ 3.441080828059077, 50.351263719802184 ], [ 3.440518601206658, 50.35126585077397 ], [ 3.440520265417224, 50.35144571558385 ], [ 3.440239150903737, 50.351446780057302 ], [ 3.440240814069277, 50.351626644868318 ], [ 3.439678582867773, 50.351628771790303 ] ], [ [ 3.434317693820236, 50.349490462198595 ], [ 3.434598797005638, 50.349489412067442 ], [ 3.434597155278853, 50.349309547054574 ], [ 3.434316053155256, 50.349310597179091 ], [ 3.434317693820236, 50.349490462198595 ] ], [ [ 3.435156071825311, 50.348947714751382 ], [ 3.435437171775275, 50.348946662601961 ], [ 3.435435526913197, 50.348766797592241 ], [ 3.435154428025005, 50.348767849734969 ], [ 3.435156071825311, 50.348947714751382 ] ], [ [ 3.433747294859027, 50.348593235202159 ], [ 3.434590588538456, 50.348590086946842 ], [ 3.434588946895041, 50.348410221905823 ], [ 3.434026753248913, 50.348412321408787 ], [ 3.434025113745652, 50.348232456348825 ], [ 3.433744017959346, 50.34823350507456 ], [ 3.433747294859027, 50.348593235202159 ] ] ] } },
{ "type": "Feature", "properties": { "surface_ha": 9.03 }, "geometry": { "type": "Polygon", "coordinates": [ [ [ 3.469451912581114, 50.348994201961503 ], [ 3.469450139228266, 50.348814337797428 ], [ 3.469169041378047, 50.348815472155202 ], [ 3.469167269104955, 50.348635607978267 ], [ 3.46944836589343, 50.348634473627698 ], [ 3.469443045996984, 50.348094881084698 ], [ 3.469161952393678, 50.348096015413681 ], [ 3.469154863697298, 50.347376558581914 ], [ 3.468873774322733, 50.347377692202741 ], [ 3.46887023220584, 50.347017963738644 ], [ 3.469151319457098, 50.34701683013224 ], [ 3.469149547363995, 50.346836965898909 ], [ 3.469430633535619, 50.346835831620325 ], [ 3.469428860398889, 50.3466559673886 ], [ 3.469709945490879, 50.346654832437864 ], [ 3.469708171310541, 50.346474968207673 ], [ 3.469989255322898, 50.346473832584827 ], [ 3.469987480098975, 50.346293968356207 ], [ 3.470549645946383, 50.346291695086855 ], [ 3.470551423293512, 50.346471559301037 ], [ 3.470832507251748, 50.346470421640142 ], [ 3.470834285678541, 50.34665028584147 ], [ 3.47111537068033, 50.346649147493991 ], [ 3.47111715018681, 50.346829011682445 ], [ 3.47139823623215, 50.346827872648404 ], [ 3.471400016818338, 50.347007736823997 ], [ 3.472243278030711, 50.347004315624005 ], [ 3.472241494259619, 50.346824451470113 ], [ 3.472522580232559, 50.346823309718673 ], [ 3.47252079541796, 50.3466434455664 ], [ 3.472801880311149, 50.346642303142829 ], [ 3.472800094453064, 50.346462438992177 ], [ 3.473081178266504, 50.346461295896532 ], [ 3.473079391364957, 50.346281431747485 ], [ 3.473360474098647, 50.346280287979738 ], [ 3.473358686153657, 50.34610042383234 ], [ 3.473920849443373, 50.346098134273355 ], [ 3.473924429597891, 50.34645786253347 ], [ 3.473362262061796, 50.346460152121516 ], [ 3.473365838042568, 50.346819880388139 ], [ 3.47392800982513, 50.346817590771039 ], [ 3.473926219702421, 50.346637726655061 ], [ 3.474207304504814, 50.346636580834755 ], [ 3.474205513338675, 50.346456716720432 ], [ 3.474767680765654, 50.346454423056322 ], [ 3.474765887494506, 50.346274558950931 ], [ 3.475328052725438, 50.34627226258403 ], [ 3.475329848119784, 50.346452126674833 ], [ 3.475610931769503, 50.346450977465096 ], [ 3.475614524736132, 50.346810705615226 ], [ 3.475333438963183, 50.346811854839572 ], [ 3.475337029879519, 50.347171582981765 ], [ 3.475899205653718, 50.347169283824535 ], [ 3.475901003262545, 50.347349147872549 ], [ 3.475619914322917, 50.347350297798144 ], [ 3.475625304073916, 50.347889889930308 ], [ 3.475344211931019, 50.347891039198416 ], [ 3.475338825365041, 50.347351447044375 ], [ 3.47505773638893, 50.347352595611241 ], [ 3.475063119769885, 50.347892187787167 ], [ 3.474782027590526, 50.347893335696526 ], [ 3.474787407950386, 50.348432927843554 ], [ 3.47450631256769, 50.348434075095369 ], [ 3.474508104995679, 50.348613939140371 ], [ 3.474227008533047, 50.348615085720084 ], [ 3.474225217166788, 50.34843522166782 ], [ 3.473944121747692, 50.348436367560858 ], [ 3.4739387509432, 50.347896775348332 ], [ 3.474219843177172, 50.347895629477122 ], [ 3.474216260608393, 50.347535901321784 ], [ 3.473935170497784, 50.347537047178491 ], [ 3.4739369607114, 50.347716911266218 ], [ 3.473655869520933, 50.347718056450809 ], [ 3.473659447879331, 50.348077784623946 ], [ 3.473378354547308, 50.348078929143675 ], [ 3.473380142692054, 50.348258793229057 ], [ 3.473099048280162, 50.348259937076634 ], [ 3.473100835381352, 50.348439801163671 ], [ 3.471695357741247, 50.34844551024716 ], [ 3.471693575948657, 50.348265646123913 ], [ 3.471412481428023, 50.348266785895184 ], [ 3.471414262158892, 50.348446650025664 ], [ 3.470852070939935, 50.348448927544538 ], [ 3.470853849565425, 50.348628791683829 ], [ 3.470572752867112, 50.348629929431404 ], [ 3.470576308048788, 50.348989657707492 ], [ 3.469451912581114, 50.348994201961503 ] ], [ [ 3.470289879648721, 50.348451202345842 ], [ 3.470570975303355, 50.348450065284887 ], [ 3.470569197757651, 50.348270201132721 ], [ 3.470288103164738, 50.348271338186457 ], [ 3.470289879648721, 50.348451202345842 ] ], [ [ 3.472527934785115, 50.34736290214159 ], [ 3.473090113046466, 50.347360616557097 ], [ 3.473086539080037, 50.347000888309815 ], [ 3.473367626060195, 50.346999744512992 ], [ 3.473365838042568, 50.346819880388139 ], [ 3.472803666187369, 50.346822167287833 ], [ 3.472807237994226, 50.347181895560929 ], [ 3.472526149916136, 50.347183038006257 ], [ 3.472527934785115, 50.34736290214159 ] ] ] } },
{ "type": "Feature", "properties": { "surface_ha": 5.66 }, "geometry": { "type": "Polygon", "coordinates": [ [ [ 3.478452490292297, 50.34949713531649 ], [ 3.478450682908342, 50.349317271402029 ], [ 3.477888481982411, 50.34931958296383 ], [ 3.477886676740352, 50.349139719029054 ], [ 3.477324477864619, 50.349142027858562 ], [ 3.477320871682519, 50.348782299942791 ], [ 3.476758676980548, 50.348784606025369 ], [ 3.476760477938945, 50.348964470000723 ], [ 3.476479379498768, 50.348965622030235 ], [ 3.476481179413696, 50.349145486007238 ], [ 3.47591898035499, 50.349147788042657 ], [ 3.475920778164659, 50.349327652028649 ], [ 3.475639677546141, 50.349328802034542 ], [ 3.475636084068595, 50.348969074042323 ], [ 3.475917182563583, 50.348967924051038 ], [ 3.475915384790433, 50.348788060053757 ], [ 3.476196482205412, 50.348786909390356 ], [ 3.476194683388783, 50.348607045394765 ], [ 3.476475779723753, 50.348605894059283 ], [ 3.476473979863667, 50.348426030065326 ], [ 3.476755075118628, 50.34842487805777 ], [ 3.476753274215105, 50.348245014065505 ], [ 3.477034368390062, 50.348243861385853 ], [ 3.477032566443122, 50.348063997395279 ], [ 3.477313659538072, 50.348062844043575 ], [ 3.477310053575722, 50.347703116060124 ], [ 3.476747871614279, 50.347705422054858 ], [ 3.476744269971845, 50.347345694019566 ], [ 3.476182092183916, 50.347347997267569 ], [ 3.476180293513437, 50.34716813322688 ], [ 3.476461381354888, 50.34716698194984 ], [ 3.476459581641036, 50.346987117910786 ], [ 3.476178494861226, 50.346988269180486 ], [ 3.476174897611604, 50.346628541070842 ], [ 3.475893812936778, 50.346629691646591 ], [ 3.475890217883431, 50.346269963499736 ], [ 3.476171300435051, 50.346268812938618 ], [ 3.476169501874174, 50.34608894886405 ], [ 3.476450583345939, 50.346087797630872 ], [ 3.476448783741752, 50.34590793355796 ], [ 3.477010944507289, 50.345905629068262 ], [ 3.477012746234629, 50.34608549312653 ], [ 3.477293827651532, 50.346084339855359 ], [ 3.477297433284291, 50.346444067940354 ], [ 3.477859600309525, 50.346441759330688 ], [ 3.477863210261976, 50.346801487363791 ], [ 3.478144295870327, 50.346800332025275 ], [ 3.478146101935679, 50.346980196026053 ], [ 3.4787082752206, 50.346977883296297 ], [ 3.478711891652913, 50.347337611251525 ], [ 3.478992980391121, 50.347336453852932 ], [ 3.478996599020226, 50.347696181770907 ], [ 3.479277689863389, 50.347695023678249 ], [ 3.479281310689373, 50.348054751558955 ], [ 3.479000217722835, 50.348055909666336 ], [ 3.479002027101704, 50.348235773605573 ], [ 3.479283121129947, 50.348234615490838 ], [ 3.479288552561993, 50.348774207252681 ], [ 3.479569649757023, 50.348773048436499 ], [ 3.479571461332895, 50.348952912338483 ], [ 3.479290363076119, 50.348954071162005 ], [ 3.479292173608634, 50.349133935065709 ], [ 3.478729974916412, 50.349136250689291 ], [ 3.478733591789512, 50.349495978509132 ], [ 3.478452490292297, 50.34949713531649 ] ] ] } },
{ "type": "Feature", "properties": { "surface_ha": 4.9 }, "geometry": { "type": "Polygon", "coordinates": [ [ [ 3.450858472411304, 50.344750860041643 ], [ 3.450855066705834, 50.344391130505358 ], [ 3.450573994231489, 50.344392219849475 ], [ 3.450572292466184, 50.344212355065928 ], [ 3.450291221036045, 50.344213443723866 ], [ 3.450289520349504, 50.344033578927785 ], [ 3.450008449963574, 50.34403466689951 ], [ 3.450010149588637, 50.344214531702512 ], [ 3.449448006642045, 50.344216705621896 ], [ 3.449449704161386, 50.344396570433055 ], [ 3.448606486427754, 50.344399826238075 ], [ 3.448603097775229, 50.344040096568797 ], [ 3.448884168247355, 50.344039011993523 ], [ 3.448885863626495, 50.344218876824094 ], [ 3.449166935142885, 50.344217791562649 ], [ 3.44916354227887, 50.343858061909664 ], [ 3.448882472885433, 50.343859147157318 ], [ 3.448880777540728, 50.343679282315485 ], [ 3.449161845872705, 50.343678197074695 ], [ 3.44916014948377, 50.343498332234105 ], [ 3.449722283973137, 50.343496159728495 ], [ 3.449720585478554, 50.343316294896056 ], [ 3.450282717776048, 50.343314119687115 ], [ 3.450281017175862, 50.343134254862861 ], [ 3.450843147281423, 50.343132076950646 ], [ 3.450841444575677, 50.342952212134577 ], [ 3.451965700333551, 50.342947848186604 ], [ 3.451963993399484, 50.342767983392605 ], [ 3.45308824463439, 50.342763608604137 ], [ 3.45308653347209, 50.342583743832265 ], [ 3.453648656862537, 50.342581552376402 ], [ 3.453650370147619, 50.342761417134341 ], [ 3.453369307399699, 50.342762513208875 ], [ 3.453371019640779, 50.342942377968143 ], [ 3.453652083450101, 50.342941281886667 ], [ 3.453655510107263, 50.343301011374386 ], [ 3.453374444175106, 50.343302107469796 ], [ 3.453384718195435, 50.344381295839526 ], [ 3.45310364587712, 50.344382391297351 ], [ 3.45310535721321, 50.344562256012864 ], [ 3.452262136969531, 50.344565538331445 ], [ 3.45226042881794, 50.344385673595099 ], [ 3.451979356430172, 50.344386766335724 ], [ 3.451977649357418, 50.34420690158683 ], [ 3.451696578013801, 50.344207993641227 ], [ 3.451698284025066, 50.344387858397084 ], [ 3.451417211602633, 50.344388949779137 ], [ 3.451420621554129, 50.344748679287783 ], [ 3.450858472411304, 50.344750860041643 ] ] ] } },
{ "type": "Feature", "properties": { "surface_ha": 23.4 }, "geometry": { "type": "Polygon", "coordinates": [ [ [ 3.439661973210152, 50.34983012329166 ], [ 3.439660312337175, 50.349650258410804 ], [ 3.439379208391753, 50.349651320778392 ], [ 3.439377548597456, 50.349471455885165 ], [ 3.439096445696991, 50.349472517566603 ], [ 3.439094786981352, 50.349292652660999 ], [ 3.43853258325349, 50.349294773972098 ], [ 3.438530926678283, 50.349114909047387 ], [ 3.437968725006703, 50.349117027627358 ], [ 3.43796707057188, 50.348937162683569 ], [ 3.437404870956649, 50.348939278532441 ], [ 3.43740321866217, 50.34875941356961 ], [ 3.437122119891147, 50.348760470468186 ], [ 3.437120468675208, 50.348580605493012 ], [ 3.436839370949174, 50.348581661705509 ], [ 3.436837720811758, 50.348401796717987 ], [ 3.437118817476043, 50.348400740512183 ], [ 3.437107259551434, 50.347141685488722 ], [ 3.436826170319093, 50.347142741647581 ], [ 3.436819570406249, 50.346423281483411 ], [ 3.436538485403737, 50.346424336936089 ], [ 3.436533538829884, 50.34588474173372 ], [ 3.436252456995455, 50.345885796486961 ], [ 3.43626069606084, 50.346785121829562 ], [ 3.435979608901574, 50.346786175936913 ], [ 3.435981255703206, 50.346966040995227 ], [ 3.436262343924125, 50.346964986881183 ], [ 3.436268935544626, 50.34768444703132 ], [ 3.436550027995528, 50.347683392211124 ], [ 3.436553326029625, 50.348043122239019 ], [ 3.435991136864233, 50.348045231226791 ], [ 3.435992783782948, 50.348225096245677 ], [ 3.435430592427195, 50.348227202529287 ], [ 3.435428947631937, 50.348047337497022 ], [ 3.434866758332819, 50.348049441049682 ], [ 3.434865115677705, 50.347869575998445 ], [ 3.434584022064834, 50.347870626749014 ], [ 3.434582380488111, 50.34769076168547 ], [ 3.43402019533578, 50.347692861135108 ], [ 3.434018555899125, 50.347512996052615 ], [ 3.433456372803584, 50.347515092771417 ], [ 3.433410534782893, 50.34247886780193 ], [ 3.433972658432103, 50.342476771455786 ], [ 3.433974297402625, 50.342656636695992 ], [ 3.435098548746808, 50.342652435825876 ], [ 3.435100191979599, 50.342832301033795 ], [ 3.436505511091299, 50.342827034629337 ], [ 3.436508808221159, 50.34318676496143 ], [ 3.436789874116157, 50.343185709629324 ], [ 3.436793173435873, 50.34354543992545 ], [ 3.437074241437002, 50.343544383900685 ], [ 3.437079193726633, 50.34408397928253 ], [ 3.437360264895405, 50.344082922558343 ], [ 3.437368524354318, 50.344982248048574 ], [ 3.437649600813873, 50.344981190611513 ], [ 3.437654559875206, 50.345520785817918 ], [ 3.437935639502635, 50.345519727681406 ], [ 3.437940601899825, 50.346059322816934 ], [ 3.438221684695216, 50.346058263980943 ], [ 3.438226650428459, 50.346597859045623 ], [ 3.438507736391897, 50.346596799510102 ], [ 3.438511049088074, 50.346956529511608 ], [ 3.43879213715798, 50.346955469283252 ], [ 3.438795452044781, 50.347315199248769 ], [ 3.440200902758259, 50.347309887849164 ], [ 3.440199239998082, 50.347130022902924 ], [ 3.442166862855679, 50.347122558457151 ], [ 3.442168533047548, 50.347302423355991 ], [ 3.44244962302111, 50.347301354282337 ], [ 3.442456308205005, 50.348020813794193 ], [ 3.442737402408378, 50.348019744013996 ], [ 3.442744092110828, 50.348739203408549 ], [ 3.441619698207697, 50.348743478561524 ], [ 3.441618030003628, 50.348563613694218 ], [ 3.439650347453547, 50.348571069007406 ], [ 3.439652008225315, 50.348750933922048 ], [ 3.439933106844916, 50.348749870908769 ], [ 3.439939754347807, 50.349469330484055 ], [ 3.440220857197667, 50.349468266764347 ], [ 3.440224183174022, 50.349827996504686 ], [ 3.439661973210152, 50.34983012329166 ] ], [ [ 3.434544628824613, 50.343553863669406 ], [ 3.435106765077649, 50.343551761809145 ], [ 3.435105121778103, 50.343371896623758 ], [ 3.434542987647967, 50.343373998470696 ], [ 3.434544628824613, 50.343553863669406 ] ] ] } },
{ "type": "Feature", "properties": { "surface_ha": 13.37 }, "geometry": { "type": "Polygon", "coordinates": [ [ [ 3.469985704893082, 50.346114104121945 ], [ 3.469983929705217, 50.345934239882041 ], [ 3.469702848877641, 50.345935375483286 ], [ 3.469701074769376, 50.34575551123055 ], [ 3.469419994985351, 50.345756646145247 ], [ 3.469418221956665, 50.345576781879672 ], [ 3.46885606445773, 50.345579049656706 ], [ 3.468854293570151, 50.345399185371065 ], [ 3.468573215855252, 50.345400318233402 ], [ 3.468571446047198, 50.345220453934978 ], [ 3.468290369375864, 50.345221586110782 ], [ 3.468286831936727, 50.344861857482584 ], [ 3.467724682786276, 50.344864119767564 ], [ 3.467726449373826, 50.345043984098858 ], [ 3.467445373710165, 50.345045114229563 ], [ 3.467443608184135, 50.3448652498911 ], [ 3.466600384270171, 50.344868636185836 ], [ 3.466598621946598, 50.344688771820259 ], [ 3.46631754833431, 50.344689899219389 ], [ 3.466314025863845, 50.34433017045702 ], [ 3.466032954356656, 50.344331297162547 ], [ 3.466034714521456, 50.344511161553697 ], [ 3.465753641934904, 50.344512287587101 ], [ 3.465748364678561, 50.343972694375239 ], [ 3.466029434080682, 50.34397156836328 ], [ 3.466031194209731, 50.344151432765727 ], [ 3.466312264655443, 50.344150306067348 ], [ 3.466310503464926, 50.343970441672049 ], [ 3.466872642179747, 50.343968186251729 ], [ 3.466874405493195, 50.344148050632732 ], [ 3.467155475885217, 50.344146921896453 ], [ 3.467151947153306, 50.343787193143214 ], [ 3.467714083637738, 50.343784933661503 ], [ 3.467712317175772, 50.34360506929076 ], [ 3.46799338432964, 50.343603938538166 ], [ 3.467995151853051, 50.343783802901726 ], [ 3.468557288229813, 50.343781539344334 ], [ 3.468555518583516, 50.343601674995142 ], [ 3.469117652765505, 50.343599408735024 ], [ 3.469115881014317, 50.343419544394564 ], [ 3.468834814993746, 50.343420677857075 ], [ 3.468833044321971, 50.343240813503776 ], [ 3.469114109281122, 50.34323968004847 ], [ 3.469112337565917, 50.343059815696733 ], [ 3.469393401445667, 50.34305868156936 ], [ 3.469391628687056, 50.342878817219194 ], [ 3.468829503032368, 50.342881084780288 ], [ 3.468827732414538, 50.342701220410085 ], [ 3.46910879418949, 50.34270008697635 ], [ 3.469107022528263, 50.342520222607739 ], [ 3.468544901083136, 50.342522488781512 ], [ 3.468543131562636, 50.342342624392842 ], [ 3.468824191232825, 50.342341491652753 ], [ 3.468822420668937, 50.342161627265632 ], [ 3.469103479259789, 50.342160493853484 ], [ 3.469105250885029, 50.342340358233436 ], [ 3.469667370135456, 50.342338089357021 ], [ 3.469665596387502, 50.342158224991486 ], [ 3.469946654924345, 50.342157089541608 ], [ 3.469948429733656, 50.342336953899945 ], [ 3.471634786943966, 50.342330126893309 ], [ 3.471636568139495, 50.342509991202647 ], [ 3.471917628672665, 50.342508850983627 ], [ 3.471921193240751, 50.342868579570911 ], [ 3.472202255878583, 50.342867438658125 ], [ 3.472205822641874, 50.343227167208383 ], [ 3.472486887384399, 50.343226025601858 ], [ 3.47248867185463, 50.34340588986128 ], [ 3.472769737640451, 50.34340474756825 ], [ 3.472773308758148, 50.343764476055647 ], [ 3.473054376648703, 50.343763333068829 ], [ 3.473056163296203, 50.343943197296831 ], [ 3.473337232230064, 50.343942053623458 ], [ 3.473340807702431, 50.344301782048021 ], [ 3.473621878741068, 50.344300637680838 ], [ 3.473623667565966, 50.344480501877378 ], [ 3.473904739647919, 50.344479356823634 ], [ 3.473902949761539, 50.34429949263437 ], [ 3.47418402076383, 50.344298346908595 ], [ 3.474187602677745, 50.344658075266999 ], [ 3.473906529552476, 50.344659221007284 ], [ 3.473910109416128, 50.345018949357637 ], [ 3.473629034149667, 50.345020094433195 ], [ 3.473630823047235, 50.345199958607196 ], [ 3.47334974670108, 50.345201103010666 ], [ 3.47335153455528, 50.345380967186266 ], [ 3.473070457129432, 50.345382110917711 ], [ 3.473072243940243, 50.345561975094938 ], [ 3.472791165434701, 50.345563118154352 ], [ 3.4727929512021, 50.345742982333199 ], [ 3.472230792013503, 50.345745266428466 ], [ 3.4722325756759, 50.34592513061618 ], [ 3.471670414291703, 50.345927412008642 ], [ 3.471668632752445, 50.34574754780644 ], [ 3.471387553094772, 50.345748687476451 ], [ 3.471385772635165, 50.345568823261395 ], [ 3.471104694020969, 50.345569962244831 ], [ 3.471106473419017, 50.345749826467127 ], [ 3.470825393725189, 50.345750964778468 ], [ 3.470827172079736, 50.345930829002334 ], [ 3.470546091306276, 50.345931966641572 ], [ 3.470547868617304, 50.346111830867045 ], [ 3.469985704893082, 50.346114104121945 ] ], [ [ 3.468569676257119, 50.345040589630862 ], [ 3.46885075184895, 50.345039456782921 ], [ 3.468847210199686, 50.344679728172196 ], [ 3.468566136730881, 50.34468086100577 ], [ 3.468569676257119, 50.345040589630862 ] ], [ [ 3.466596859640923, 50.344508907449033 ], [ 3.466877932173817, 50.34450777937775 ], [ 3.466876168824553, 50.344327915008044 ], [ 3.466595097353148, 50.344329043072186 ], [ 3.466596859640923, 50.344508907449033 ] ], [ [ 3.469964403828557, 50.343955732871024 ], [ 3.470245472961416, 50.343954596669796 ], [ 3.47024369692843, 50.343774732369461 ], [ 3.469962628857021, 50.343775868563483 ], [ 3.469964403828557, 50.343955732871024 ] ], [ [ 3.470522987905408, 50.343593731197373 ], [ 3.470804054879288, 50.343592593651998 ], [ 3.470802276759513, 50.34341272935481 ], [ 3.470521210847061, 50.343413866892966 ], [ 3.470522987905408, 50.343593731197373 ] ], [ [ 3.469676239145433, 50.343237411100048 ], [ 3.470238368937685, 50.343235139434533 ], [ 3.470234817034036, 50.342875410783094 ], [ 3.469953754269731, 50.342876546941056 ], [ 3.469955529151139, 50.343056411276812 ], [ 3.469674465307409, 50.343057546762715 ], [ 3.469676239145433, 50.343237411100048 ] ], [ [ 3.470519433806763, 50.343234002582896 ], [ 3.470800498657796, 50.343232865051974 ], [ 3.470796942508531, 50.342873136429397 ], [ 3.470515879780307, 50.342874273945874 ], [ 3.470519433806763, 50.343234002582896 ] ] ] } },
{ "type": "Feature", "properties": { "surface_ha": 3.21 }, "geometry": { "type": "Polygon", "coordinates": [ [ [ 3.446901483813968, 50.34242780559363 ], [ 3.446899796036611, 50.342247940658595 ], [ 3.444932375830476, 50.342255484656057 ], [ 3.444929015186215, 50.341895754673331 ], [ 3.445210073144223, 50.341894679010821 ], [ 3.445199985253073, 50.340815488968396 ], [ 3.445481036826106, 50.340814412667626 ], [ 3.445477672209767, 50.340454682622081 ], [ 3.446882919205718, 50.340449290998464 ], [ 3.446884606811685, 50.340629155989824 ], [ 3.447165657220772, 50.340628075620629 ], [ 3.447170723325364, 50.341167670540351 ], [ 3.447451776901167, 50.341166589471364 ], [ 3.447456846344063, 50.341706184319783 ], [ 3.447737903086669, 50.341705102550989 ], [ 3.447742975868071, 50.342244697328084 ], [ 3.447461915941409, 50.342245779117512 ], [ 3.447463605841515, 50.342425644038819 ], [ 3.446901483813968, 50.34242780559363 ] ] ] } },
{ "type": "Feature", "properties": { "surface_ha": 1.04 }, "geometry": { "type": "Polygon", "coordinates": [ [ [ 3.551078126431496, 50.333706681213748 ], [ 3.551076045873015, 50.333526818858878 ], [ 3.550795041800796, 50.333528150216303 ], [ 3.550792962324214, 50.333348287847357 ], [ 3.550511959291655, 50.333349618517374 ], [ 3.550509880896952, 50.333169756134303 ], [ 3.550228878904054, 50.333171086116835 ], [ 3.550226801591207, 50.33299122371966 ], [ 3.54994580063797, 50.332992553014769 ], [ 3.549943724406959, 50.332812690603504 ], [ 3.549662724493384, 50.33281401921117 ], [ 3.549658574216059, 50.332454294354811 ], [ 3.55106356296575, 50.332447644610909 ], [ 3.551065643397484, 50.332627506999714 ], [ 3.551346642144815, 50.332626175005522 ], [ 3.551359131543375, 50.333705349168852 ], [ 3.551078126431496, 50.333706681213748 ] ] ] } },
{ "type": "Feature", "properties": { "surface_ha": 1.12 }, "geometry": { "type": "Polygon", "coordinates": [ [ [ 3.462537819080779, 50.331754237267184 ], [ 3.462536072913264, 50.33157437239025 ], [ 3.46225507651287, 50.331575489761249 ], [ 3.462253331423799, 50.33139562487154 ], [ 3.461691340691297, 50.331397857562393 ], [ 3.461689597741356, 50.331217992652888 ], [ 3.461127609059477, 50.331220222613645 ], [ 3.461125868248621, 50.331040357684344 ], [ 3.460844874941859, 50.331041471639189 ], [ 3.460843135209362, 50.330861606697184 ], [ 3.460562142945621, 50.330862719965971 ], [ 3.460560404291462, 50.330682855011247 ], [ 3.460279413070741, 50.330683967594013 ], [ 3.460277675494899, 50.330504102626598 ], [ 3.460839655797363, 50.330501876796269 ], [ 3.46084139549453, 50.330681741749515 ], [ 3.461122386679934, 50.330680627808839 ], [ 3.461120645922104, 50.330500762862641 ], [ 3.46140163602917, 50.33049964825004 ], [ 3.461403377847664, 50.330679513189175 ], [ 3.461965360130056, 50.330677281912934 ], [ 3.461967104087582, 50.33085714683228 ], [ 3.462529088420491, 50.330854912825984 ], [ 3.462530834517091, 50.331034777725506 ], [ 3.462811827717641, 50.331033659696814 ], [ 3.462817069295927, 50.331573254340249 ], [ 3.463098065660851, 50.331572135611253 ], [ 3.46309981394982, 50.331752000474026 ], [ 3.462537819080779, 50.331754237267184 ] ] ] } },
{ "type": "Feature", "properties": { "surface_ha": 4.29 }, "geometry": { "type": "Polygon", "coordinates": [ [ [ 3.548243236132286, 50.331561614673618 ], [ 3.548239096756455, 50.331201889653869 ], [ 3.547958106262839, 50.331203214111916 ], [ 3.547956037667082, 50.331023351585138 ], [ 3.547675048213101, 50.331024675355813 ], [ 3.547670913205838, 50.330664950268506 ], [ 3.547389925852108, 50.330666273343454 ], [ 3.547385793050011, 50.330306548216697 ], [ 3.547104807796501, 50.330307870595902 ], [ 3.547102742487509, 50.330128008015656 ], [ 3.547945695003334, 50.330124038866444 ], [ 3.547943626533591, 50.329944176305737 ], [ 3.547381660331837, 50.329946823067338 ], [ 3.547379594004218, 50.329766960484193 ], [ 3.547098611932429, 50.329768282838209 ], [ 3.547096546686344, 50.329588420241002 ], [ 3.547658508687838, 50.329585774870814 ], [ 3.547654374016428, 50.329226049693013 ], [ 3.548216331691823, 50.329223401640789 ], [ 3.548218401138094, 50.329403264215692 ], [ 3.547937421250366, 50.329404588589675 ], [ 3.547939489657107, 50.329584451167349 ], [ 3.54850145153263, 50.329581801723641 ], [ 3.54850559265134, 50.329941526828414 ], [ 3.548786575678685, 50.329940201071359 ], [ 3.548788647330146, 50.330120063606849 ], [ 3.54906963139703, 50.330118737162444 ], [ 3.549071704130109, 50.330298599683843 ], [ 3.54935268923653, 50.33029727255208 ], [ 3.549354763051245, 50.330477135059404 ], [ 3.549635749197203, 50.330475807240305 ], [ 3.549633674321897, 50.330295944741401 ], [ 3.549914659386195, 50.330294616251791 ], [ 3.549912583471373, 50.33011475375568 ], [ 3.551036519275367, 50.330109433041649 ], [ 3.551034439139338, 50.329929570573647 ], [ 3.550753456280564, 50.329930901762097 ], [ 3.550749298192974, 50.329571176792243 ], [ 3.55131125964719, 50.329568513770212 ], [ 3.551329990796934, 50.331187275804297 ], [ 3.549925039276478, 50.331193928647544 ], [ 3.549927115317769, 50.331373791109712 ], [ 3.549365132440668, 50.33137644751119 ], [ 3.549367206381723, 50.331556309984556 ], [ 3.548243236132286, 50.331561614673618 ] ] ] } },
{ "type": "Feature", "properties": { "surface_ha": 1.12 }, "geometry": { "type": "Polygon", "coordinates": [ [ [ 3.5057997531239, 50.330494874818186 ], [ 3.505795934342975, 50.330135147278156 ], [ 3.505514948224334, 50.330136369158147 ], [ 3.505509223380118, 50.32959677778247 ], [ 3.505228240423877, 50.32959799896026 ], [ 3.505222518935712, 50.329058407510495 ], [ 3.506065458201266, 50.329054742010136 ], [ 3.506067368526269, 50.329234605809113 ], [ 3.506348349303225, 50.32923338261007 ], [ 3.506352172132548, 50.329593110175502 ], [ 3.506914137870484, 50.329590661709553 ], [ 3.506916051435415, 50.329770525468263 ], [ 3.506354083576321, 50.329772973949758 ], [ 3.5063559950395, 50.329952837718388 ], [ 3.506636980039348, 50.329951613809321 ], [ 3.506640805145142, 50.330311341314086 ], [ 3.50635981802408, 50.330312565238678 ], [ 3.506361729545484, 50.33049242899034 ], [ 3.5057997531239, 50.330494874818186 ] ] ] } },
{ "type": "Feature", "properties": { "surface_ha": 1.4 }, "geometry": { "type": "Polygon", "coordinates": [ [ [ 3.454935424319997, 50.330165382342777 ], [ 3.454933706949115, 50.329985517225097 ], [ 3.454371732273859, 50.329987714497008 ], [ 3.454370017041664, 50.329807849359753 ], [ 3.454089030738532, 50.329808946970317 ], [ 3.454087316584368, 50.32962908182045 ], [ 3.453806331324448, 50.32963017874512 ], [ 3.453804618248291, 50.329450313582647 ], [ 3.454085602447607, 50.329449216664962 ], [ 3.454083888328249, 50.329269351503804 ], [ 3.454364871449569, 50.329268253914158 ], [ 3.454366586629519, 50.329448119068331 ], [ 3.454647570794016, 50.329447020792763 ], [ 3.454651003327379, 50.329806751070237 ], [ 3.45493198959567, 50.329805652101776 ], [ 3.454930272259661, 50.329625786972819 ], [ 3.4552112574499, 50.329624687332405 ], [ 3.455209539070726, 50.329444822204785 ], [ 3.455490523182914, 50.329443721892396 ], [ 3.455488803760594, 50.329263856766111 ], [ 3.455769786794735, 50.329262755781777 ], [ 3.45576806632929, 50.329082890656878 ], [ 3.456611012145115, 50.329079583651186 ], [ 3.4566127357923, 50.32925944875511 ], [ 3.456893718756503, 50.329258345055003 ], [ 3.45689716822457, 50.32961807523192 ], [ 3.456616183139176, 50.329619178946039 ], [ 3.456617906838864, 50.329799044033052 ], [ 3.456055934494356, 50.329801249438432 ], [ 3.456057656090298, 50.329981114533794 ], [ 3.455776668831194, 50.329982216225069 ], [ 3.455778389383983, 50.330162081321781 ], [ 3.454935424319997, 50.330165382342777 ] ] ] } },
{ "type": "Feature", "properties": { "surface_ha": 5.14 }, "geometry": { "type": "Polygon", "coordinates": [ [ [ 3.449317349405615, 50.330367098239535 ], [ 3.449315653230268, 50.330187232988791 ], [ 3.448472686970555, 50.330190487161559 ], [ 3.448470993994352, 50.330010621884561 ], [ 3.448190006267363, 50.330011705244019 ], [ 3.44818831436898, 50.32983183995448 ], [ 3.447907327685443, 50.3298329226281 ], [ 3.447909018523194, 50.330012787924517 ], [ 3.447628030761859, 50.330013869926056 ], [ 3.447626340984737, 50.329834004622775 ], [ 3.447345354266874, 50.329835085938505 ], [ 3.44734197688533, 50.329475355301334 ], [ 3.447060992271552, 50.329476435924391 ], [ 3.447057617079776, 50.329116705250932 ], [ 3.44677663457005, 50.329117785181332 ], [ 3.446774948060441, 50.328937919829308 ], [ 3.44649396659417, 50.328938999073927 ], [ 3.446488910349748, 50.328399402963484 ], [ 3.44676988863435, 50.328398323739414 ], [ 3.446764829362362, 50.327858727598773 ], [ 3.447045804448271, 50.327857647716343 ], [ 3.447044116998016, 50.327677782331733 ], [ 3.447325091006291, 50.327676701777264 ], [ 3.447323402512678, 50.327496836393841 ], [ 3.447604375443318, 50.327495755167355 ], [ 3.447606064997422, 50.327675620543893 ], [ 3.447887038971398, 50.327674538631619 ], [ 3.447890420252082, 50.328034269354049 ], [ 3.447328468044946, 50.328036432527142 ], [ 3.44733015658999, 50.328216297893661 ], [ 3.447049179400178, 50.328217378468693 ], [ 3.44705086690183, 50.328397243836413 ], [ 3.448455757982012, 50.328391834137705 ], [ 3.448454065177692, 50.328211968804325 ], [ 3.449858950525533, 50.328206542167131 ], [ 3.449862346756745, 50.328566272759367 ], [ 3.450143325895708, 50.328565185381386 ], [ 3.450145025097728, 50.328745050662143 ], [ 3.450426005279993, 50.328743962598338 ], [ 3.45042770555983, 50.328923827866554 ], [ 3.450708686785396, 50.328922739116905 ], [ 3.450706985444995, 50.328742873855603 ], [ 3.45126894572317, 50.328740694333362 ], [ 3.451270649184696, 50.328920559580816 ], [ 3.450989667993689, 50.328921649688326 ], [ 3.450991370411936, 50.329101514937093 ], [ 3.450429405856928, 50.329103693129149 ], [ 3.450432806502918, 50.329463423637407 ], [ 3.450151822078332, 50.329464511728858 ], [ 3.450153521366616, 50.329644376981449 ], [ 3.449872535864169, 50.329645464400826 ], [ 3.449874234109088, 50.329825329654682 ], [ 3.44959324752878, 50.329826416402021 ], [ 3.449594944730313, 50.330006281657148 ], [ 3.450437907601381, 50.330003019357555 ], [ 3.450439608002065, 50.3301828845863 ], [ 3.449596641949077, 50.330186146906613 ], [ 3.449598339185074, 50.330366012150456 ], [ 3.449317349405615, 50.330367098239535 ] ], [ [ 3.448738430028584, 50.328570615482079 ], [ 3.449019409236449, 50.328569530819792 ], [ 3.449017714293852, 50.328389665505817 ], [ 3.448736736146531, 50.328390750161226 ], [ 3.448738430028584, 50.328570615482079 ] ] ] } },
{ "type": "Feature", "properties": { "surface_ha": 1.81 }, "geometry": { "type": "Polygon", "coordinates": [ [ [ 3.505207262485899, 50.327619496729397 ], [ 3.5052053555168, 50.327439632856354 ], [ 3.504924385267332, 50.327440853262246 ], [ 3.504922479378035, 50.327260989375802 ], [ 3.504641510169657, 50.327262209095082 ], [ 3.504639605360142, 50.327082345195265 ], [ 3.504358637192856, 50.327083564227934 ], [ 3.50435482975267, 50.326723836395836 ], [ 3.504073863686887, 50.326725054734183 ], [ 3.504071961056185, 50.326545190801937 ], [ 3.503790996031485, 50.32654640845368 ], [ 3.503785291436408, 50.326006816599872 ], [ 3.504066253279975, 50.326005598971328 ], [ 3.504062448192414, 50.325645871056018 ], [ 3.504624367580187, 50.325643433793296 ], [ 3.50462817690915, 50.326003161677676 ], [ 3.505190100460977, 50.326000721668649 ], [ 3.505193914108776, 50.326360449499433 ], [ 3.505474877976397, 50.326359228461165 ], [ 3.505480601774484, 50.326898820141778 ], [ 3.505761568803929, 50.326897598401374 ], [ 3.505763477835785, 50.327077462275852 ], [ 3.506044445906269, 50.327076239848836 ], [ 3.506048266148997, 50.327435967565357 ], [ 3.505767295957644, 50.327437190007899 ], [ 3.505769205047646, 50.327617053865417 ], [ 3.505207262485899, 50.327619496729397 ] ] ] } },
{ "type": "Feature", "properties": { "surface_ha": 2.57 }, "geometry": { "type": "Polygon", "coordinates": [ [ [ 3.490872142631726, 50.327141279441705 ], [ 3.490868436991971, 50.326781550876987 ], [ 3.490587470011126, 50.326782736629809 ], [ 3.490585618279876, 50.326602872331421 ], [ 3.490866584200309, 50.326601686586159 ], [ 3.490864731427459, 50.326421822289682 ], [ 3.490583766567426, 50.32642300802744 ], [ 3.490578211542873, 50.32588341508157 ], [ 3.491421096523124, 50.325879855899515 ], [ 3.4914192417048, 50.325699991595535 ], [ 3.491700202266878, 50.325698803851353 ], [ 3.491698346407039, 50.325518939549255 ], [ 3.492260265353971, 50.325516562039482 ], [ 3.492262123334502, 50.325696426326459 ], [ 3.492543083840025, 50.325695236545762 ], [ 3.492544942899773, 50.325875100819601 ], [ 3.492825904446776, 50.325873910352477 ], [ 3.492827764585766, 50.326053774613094 ], [ 3.493108727174253, 50.326052583459585 ], [ 3.493110588392503, 50.326232447706971 ], [ 3.493391552022469, 50.326231255867043 ], [ 3.493389689743842, 50.326051391627225 ], [ 3.493951614826289, 50.326049005925995 ], [ 3.493955343643978, 50.326408734369707 ], [ 3.493112449629652, 50.326412311948715 ], [ 3.493116172160639, 50.326772040415307 ], [ 3.492835205330581, 50.326773231599056 ], [ 3.492837065563998, 50.326953095831428 ], [ 3.492275129726398, 50.326955476177439 ], [ 3.492276987857839, 50.327135340419275 ], [ 3.491996018850303, 50.327136529581516 ], [ 3.491994161779293, 50.326956665332126 ], [ 3.491713193813335, 50.32695785380794 ], [ 3.491715049823914, 50.327137718064868 ], [ 3.491434080778681, 50.327138905869347 ], [ 3.491432225828533, 50.326959041604894 ], [ 3.491151257824899, 50.32696022872296 ], [ 3.491153111714614, 50.327140092994973 ], [ 3.490872142631726, 50.327141279441705 ] ] ] } },
{ "type": "Feature", "properties": { "surface_ha": 12.6 }, "geometry": { "type": "Polygon", "coordinates": [ [ [ 3.461954896756741, 50.329598092278509 ], [ 3.461953152923161, 50.329418227319699 ], [ 3.461391185489588, 50.32942045849682 ], [ 3.461389443794886, 50.3292405935182 ], [ 3.460827478411753, 50.329242821965394 ], [ 3.460825738855888, 50.329062956967007 ], [ 3.460263775523261, 50.32906518268436 ], [ 3.460262038106189, 50.328885317666177 ], [ 3.459700076824135, 50.328887540653668 ], [ 3.459698341545816, 50.328707675615796 ], [ 3.459417361938912, 50.328708786084071 ], [ 3.459415627738758, 50.328528921033531 ], [ 3.458853670593231, 50.328531139919271 ], [ 3.458851938531753, 50.32835127484897 ], [ 3.458289983436954, 50.328353491004997 ], [ 3.458288253514112, 50.328173625914992 ], [ 3.457726300470108, 50.328175839341306 ], [ 3.457724572685859, 50.327995974231598 ], [ 3.457443597198053, 50.327997079919371 ], [ 3.457441870491849, 50.327817214797015 ], [ 3.457160896047017, 50.327818319798872 ], [ 3.457159170418839, 50.32763845466387 ], [ 3.456597223597612, 50.327640662616886 ], [ 3.456595500107919, 50.327460797462209 ], [ 3.456876472466803, 50.327459693832168 ], [ 3.456874747934138, 50.327279828678876 ], [ 3.457717661724277, 50.327276513736443 ], [ 3.457715934027735, 50.327096648598562 ], [ 3.457996904195587, 50.327095542266967 ], [ 3.458000361727144, 50.327455272523061 ], [ 3.45771938943836, 50.327456378868689 ], [ 3.457721117169986, 50.327636243995286 ], [ 3.458564037165117, 50.327632922900698 ], [ 3.458562306252046, 50.327453057795168 ], [ 3.459124250706653, 50.327450840351652 ], [ 3.459122517690214, 50.327270975254585 ], [ 3.460246402146322, 50.327266532249098 ], [ 3.46024466490564, 50.327086667174555 ], [ 3.460806604906991, 50.327084441612641 ], [ 3.460801386928148, 50.326544846397567 ], [ 3.46108235372103, 50.326543732619498 ], [ 3.461085834476796, 50.326903462754359 ], [ 3.461366803372871, 50.326902348283248 ], [ 3.461365061925717, 50.326722483225723 ], [ 3.461646029743675, 50.326721368082801 ], [ 3.461642544781567, 50.326361637964965 ], [ 3.462204476122721, 50.326359405670878 ], [ 3.462202731547394, 50.326179540617666 ], [ 3.461921766946073, 50.326180657097062 ], [ 3.461920023448852, 50.326000792031124 ], [ 3.462762914018495, 50.325997440577623 ], [ 3.462766407393026, 50.326357170661311 ], [ 3.463328338592397, 50.326354932936297 ], [ 3.463324840976275, 50.325995202881018 ], [ 3.463605804428541, 50.325994083014443 ], [ 3.463604054586732, 50.325814217985432 ], [ 3.464446941655747, 50.325810854333881 ], [ 3.464443435663239, 50.325451124301679 ], [ 3.464724395863271, 50.325450001741046 ], [ 3.464726149910983, 50.325629866752827 ], [ 3.465007111153565, 50.325628743506222 ], [ 3.465003600955241, 50.325269013491251 ], [ 3.466127437264449, 50.325264513773455 ], [ 3.466129196596089, 50.325444378755193 ], [ 3.466410156689111, 50.325443252121495 ], [ 3.466411917098969, 50.325623117090458 ], [ 3.466692878234476, 50.325621989770738 ], [ 3.466694639722574, 50.325801854726905 ], [ 3.466975601900566, 50.325800726721198 ], [ 3.466977364466926, 50.325980591664567 ], [ 3.4672583276874, 50.325979462972846 ], [ 3.467260091332043, 50.326159327903405 ], [ 3.467541055594999, 50.326158198525668 ], [ 3.467542820317947, 50.326338063443437 ], [ 3.467823785623387, 50.326336933379636 ], [ 3.467825551424661, 50.326516798284572 ], [ 3.466420719416357, 50.326522441850628 ], [ 3.466422479933455, 50.326702306785734 ], [ 3.465860544884099, 50.326704559474386 ], [ 3.465862303298205, 50.326884424418161 ], [ 3.465300366056573, 50.326886674405557 ], [ 3.465302122367644, 50.327066539358015 ], [ 3.464740182933798, 50.327068786644162 ], [ 3.464741937141794, 50.327248651605217 ], [ 3.463618053818645, 50.327253138059461 ], [ 3.46362155380429, 50.327612868021596 ], [ 3.462778634762503, 50.327616225776602 ], [ 3.462780381600511, 50.327796090770505 ], [ 3.462499407490607, 50.327797208671491 ], [ 3.462502899098817, 50.328156938656605 ], [ 3.462783875329733, 50.328155820741443 ], [ 3.462785622220946, 50.328335685718422 ], [ 3.462504644929511, 50.328336803640703 ], [ 3.462509882527943, 50.328876398559146 ], [ 3.462228902037153, 50.328877515823777 ], [ 3.462230646878184, 50.329057380792392 ], [ 3.461949665309112, 50.329058497385184 ], [ 3.461951409107284, 50.329238362355255 ], [ 3.462232391736932, 50.329237245755401 ], [ 3.462234136613394, 50.329417110712754 ], [ 3.462515120285911, 50.329415993426871 ], [ 3.462516866240688, 50.329595858371505 ], [ 3.461954896756741, 50.329598092278509 ] ], [ [ 3.464729658059834, 50.325989596759484 ], [ 3.465291584768673, 50.325987349558915 ], [ 3.465288072378325, 50.325627619580764 ], [ 3.465007111153565, 50.325628743506222 ], [ 3.465008866279454, 50.325808608505248 ], [ 3.464727903976505, 50.325809731758973 ], [ 3.464729658059834, 50.325989596759484 ] ] ] } },
{ "type": "Feature", "properties": { "surface_ha": 2.09 }, "geometry": { "type": "Polygon", "coordinates": [ [ [ 3.499014587666588, 50.326567004667886 ], [ 3.499012704142233, 50.326387140591528 ], [ 3.497888846786953, 50.326391958216867 ], [ 3.497879450659243, 50.325492637597605 ], [ 3.498160409724901, 50.325491434247731 ], [ 3.498162289972627, 50.325671298375255 ], [ 3.499286130285622, 50.32566647815684 ], [ 3.499284245796538, 50.325486614059926 ], [ 3.499565204766645, 50.325485407315902 ], [ 3.499559548233237, 50.324945815014246 ], [ 3.500121459754108, 50.324943399535627 ], [ 3.500123347366714, 50.325123263626502 ], [ 3.500404304158716, 50.325122054861303 ], [ 3.500406192850801, 50.325301918938855 ], [ 3.500687150683946, 50.325300709487166 ], [ 3.500689040455534, 50.325480573551388 ], [ 3.500969999329819, 50.325479363413173 ], [ 3.50097189018093, 50.325659227464087 ], [ 3.501252850096354, 50.325658016639352 ], [ 3.501254742027011, 50.325837880676914 ], [ 3.500692820056267, 50.325840301662886 ], [ 3.500694709885414, 50.32602016571019 ], [ 3.500132785717205, 50.326022583996149 ], [ 3.500134673444798, 50.326202448053145 ], [ 3.499572747079188, 50.326204863639049 ], [ 3.499574632705182, 50.326384727705715 ], [ 3.499293668433275, 50.326385934488059 ], [ 3.499295553018022, 50.326565798556743 ], [ 3.499014587666588, 50.326567004667886 ] ], [ [ 3.50041185904211, 50.325841511137632 ], [ 3.500692820056267, 50.325840301662886 ], [ 3.500690930246307, 50.325660437609969 ], [ 3.500409970292499, 50.32566164707702 ], [ 3.50041185904211, 50.325841511137632 ] ] ] } },
{ "type": "Feature", "properties": { "surface_ha": 1.4 }, "geometry": { "type": "Polygon", "coordinates": [ [ [ 3.544210728384881, 50.322946683187567 ], [ 3.544204566903323, 50.322407094483189 ], [ 3.543923628075399, 50.322408409026934 ], [ 3.543919522645493, 50.322048683179005 ], [ 3.543638585916949, 50.322049997027349 ], [ 3.543632431108621, 50.321510408188054 ], [ 3.543351497539494, 50.321511721332648 ], [ 3.543349447038434, 50.32133185836657 ], [ 3.543068514508551, 50.321333170824111 ], [ 3.543066465088355, 50.32115330784405 ], [ 3.543347396558189, 50.321151995394843 ], [ 3.543345346098759, 50.320972132417467 ], [ 3.543907206855888, 50.320969505499612 ], [ 3.543909259435394, 50.321149368460297 ], [ 3.544190190842748, 50.321148053974952 ], [ 3.544196351886474, 50.321687642798153 ], [ 3.544758220998983, 50.321685011741188 ], [ 3.544760276842084, 50.321864874654231 ], [ 3.545041212427119, 50.321863558099317 ], [ 3.545043269351181, 50.322043420998341 ], [ 3.545324205975427, 50.322042103756324 ], [ 3.545326263980474, 50.322221966641351 ], [ 3.545045326296127, 50.322223283891731 ], [ 3.54504944024866, 50.322583009661514 ], [ 3.544768500423194, 50.322584326249853 ], [ 3.544770556370649, 50.322764189134617 ], [ 3.544489615464177, 50.322765505052573 ], [ 3.544491670372359, 50.322945367940015 ], [ 3.544210728384881, 50.322946683187567 ] ] ] } },
{ "type": "Feature", "properties": { "surface_ha": 6.26 }, "geometry": { "type": "Polygon", "coordinates": [ [ [ 3.439427956514451, 50.324469119486821 ], [ 3.439424639537962, 50.324109388130722 ], [ 3.439143686261954, 50.324110449541188 ], [ 3.439142028859247, 50.323930583847954 ], [ 3.438861076626696, 50.323931644572852 ], [ 3.438856107700316, 50.323392047439135 ], [ 3.438575158631731, 50.323393107465058 ], [ 3.438573503416807, 50.323213241735829 ], [ 3.43829255539166, 50.323214301076192 ], [ 3.438290901253767, 50.32303443533462 ], [ 3.438009954272057, 50.323035493989472 ], [ 3.438006648167079, 50.322675762475967 ], [ 3.438287593028364, 50.322674703834537 ], [ 3.438280976779061, 50.321955240766769 ], [ 3.438561917382833, 50.321954181473458 ], [ 3.438560262302332, 50.321774315699166 ], [ 3.438841201829148, 50.321773255733781 ], [ 3.438839545705307, 50.321593389960576 ], [ 3.439120484155166, 50.321592329323188 ], [ 3.439118826988007, 50.32141246355107 ], [ 3.439399764360913, 50.321411402241665 ], [ 3.439398106150456, 50.32123153647067 ], [ 3.439959978725513, 50.321229411829073 ], [ 3.439963299403763, 50.321589143338493 ], [ 3.440525176151901, 50.32158701595489 ], [ 3.440528501138163, 50.321946747414778 ], [ 3.440809441607214, 50.321945682691336 ], [ 3.440811105185823, 50.322125548406063 ], [ 3.441092046698149, 50.322124482997111 ], [ 3.44109371135382, 50.322304348699419 ], [ 3.441374653909419, 50.322303282604906 ], [ 3.441376319642175, 50.322483148294829 ], [ 3.441657263241047, 50.322482081514778 ], [ 3.441658930050906, 50.322661947192323 ], [ 3.441939874693051, 50.322660879726705 ], [ 3.441941542580037, 50.322840745391829 ], [ 3.442222488265454, 50.322839677240651 ], [ 3.442224157229588, 50.323019542893356 ], [ 3.442505103958277, 50.323018474056624 ], [ 3.44250677399958, 50.323198339696901 ], [ 3.442225826210665, 50.323199408540425 ], [ 3.442227495208685, 50.32337927418186 ], [ 3.441946546342591, 50.323380342353353 ], [ 3.441948214297307, 50.323560207995953 ], [ 3.441667264354032, 50.323561275495436 ], [ 3.441668931265423, 50.323741141139152 ], [ 3.441387980244965, 50.323742207966582 ], [ 3.441389646113011, 50.323922073611435 ], [ 3.44110869401537, 50.323923139766855 ], [ 3.441110358840047, 50.324103005412844 ], [ 3.439705592797132, 50.324108326041447 ], [ 3.439708911894217, 50.324468057384074 ], [ 3.439427956514451, 50.324469119486821 ] ] ] } },
{ "type": "Feature", "properties": { "surface_ha": 8.11 }, "geometry": { "type": "Polygon", "coordinates": [ [ [ 3.507133862956502, 50.323833793446248 ], [ 3.507131948972353, 50.323653929508964 ], [ 3.506851001125606, 50.32365515450374 ], [ 3.506849088221099, 50.32347529055302 ], [ 3.506568141415148, 50.323476514861227 ], [ 3.506566229590264, 50.323296650897085 ], [ 3.50600433804055, 50.323299097461614 ], [ 3.506000518689759, 50.322939369485312 ], [ 3.505719575006189, 50.322940591733918 ], [ 3.505715757853278, 50.322580863719516 ], [ 3.505434816270666, 50.322582085273822 ], [ 3.505432908783425, 50.322402221250407 ], [ 3.505151968241598, 50.322403442118208 ], [ 3.505146249076443, 50.32186384999082 ], [ 3.504865311695653, 50.321865070156633 ], [ 3.504863406406081, 50.321685206095125 ], [ 3.504582470066054, 50.321686425574427 ], [ 3.504578661665122, 50.321326697419011 ], [ 3.505140530085466, 50.321324257812591 ], [ 3.505138623793844, 50.321144393741925 ], [ 3.505419556914918, 50.321143172928352 ], [ 3.505415742269612, 50.320783444785498 ], [ 3.505696673251205, 50.320782223308726 ], [ 3.505694764897553, 50.320602359236588 ], [ 3.505975694799731, 50.320601137088843 ], [ 3.505969966674948, 50.320061544861815 ], [ 3.507655526600229, 50.320054197862234 ], [ 3.507653610904077, 50.319874333821879 ], [ 3.508215461937048, 50.319871879407984 ], [ 3.508219297588812, 50.320231607451845 ], [ 3.50793836996205, 50.320232835013741 ], [ 3.507944120405626, 50.320772427060575 ], [ 3.507663189579317, 50.320773653967116 ], [ 3.507665105372709, 50.32095351797922 ], [ 3.50794603725907, 50.320952291064913 ], [ 3.507947954131971, 50.321132155063566 ], [ 3.507667021185548, 50.321133381985682 ], [ 3.507668937017836, 50.321313245986488 ], [ 3.507388002991892, 50.321314472237653 ], [ 3.507389917783546, 50.321494336240598 ], [ 3.50710898267808, 50.32149556182079 ], [ 3.507112810199502, 50.321855289825301 ], [ 3.507674684631398, 50.321852837955028 ], [ 3.507676600541484, 50.322032701933239 ], [ 3.508519415223774, 50.322029019013868 ], [ 3.508521334333689, 50.322208882963047 ], [ 3.508802273582296, 50.322207653957953 ], [ 3.50880419377183, 50.322387517893731 ], [ 3.509366074330825, 50.322385057831674 ], [ 3.509377608599492, 50.323464241233829 ], [ 3.508815715318412, 50.323466701389584 ], [ 3.508817635644407, 50.323646565285799 ], [ 3.507693844607541, 50.323651477483054 ], [ 3.50769576071214, 50.323831341404812 ], [ 3.507133862956502, 50.323833793446248 ] ] ] } },
{ "type": "Feature", "properties": { "surface_ha": 2.89 }, "geometry": { "type": "Polygon", "coordinates": [ [ [ 3.443617171203866, 50.321755132472234 ], [ 3.443615497057634, 50.321575266814058 ], [ 3.443334558878239, 50.321576338311552 ], [ 3.443329539721866, 50.321036741282789 ], [ 3.44304860470584, 50.321037812081123 ], [ 3.443046932747781, 50.320857946386816 ], [ 3.442765998774875, 50.320859016499639 ], [ 3.442764327893875, 50.32067915079287 ], [ 3.441921529053689, 50.320682357038535 ], [ 3.441918193702993, 50.320322625567435 ], [ 3.442199124546526, 50.320321557511164 ], [ 3.442197455836518, 50.320141691773941 ], [ 3.443040245085271, 50.320138483553173 ], [ 3.443038573212076, 50.319958617830672 ], [ 3.443600430506316, 50.319956475636822 ], [ 3.443598756530029, 50.319776609922286 ], [ 3.443879684091634, 50.319775537814095 ], [ 3.44387800907232, 50.319595672100704 ], [ 3.444158935556902, 50.319594599320602 ], [ 3.444160611636235, 50.319774465027159 ], [ 3.444722466674383, 50.31977231741719 ], [ 3.444729179642242, 50.320491780132556 ], [ 3.445571974792215, 50.320488553545331 ], [ 3.445575337738837, 50.320848284828259 ], [ 3.445013470082261, 50.320850436592451 ], [ 3.445015149460988, 50.321030302239102 ], [ 3.444734214547026, 50.321031377109904 ], [ 3.444735892882697, 50.321211242757762 ], [ 3.444454956891592, 50.321212316956633 ], [ 3.444456634184184, 50.321392182605642 ], [ 3.443894760030668, 50.321394328980794 ], [ 3.443898110426404, 50.321754060289194 ], [ 3.443617171203866, 50.321755132472234 ] ] ] } },
{ "type": "Feature", "properties": { "surface_ha": 22.72 }, "geometry": { "type": "Polygon", "coordinates": [ [ [ 3.545373603863413, 50.326358811435753 ], [ 3.545363311644181, 50.325459497604527 ], [ 3.545082354876161, 50.325460815005393 ], [ 3.545076182976246, 50.324921226613696 ], [ 3.545357136563413, 50.324919909237927 ], [ 3.545346845180064, 50.324020595180457 ], [ 3.545065896894106, 50.324021912514439 ], [ 3.545061782607442, 50.323662186835129 ], [ 3.54478083642101, 50.323663503473625 ], [ 3.544778780369192, 50.323483640617127 ], [ 3.544497835222074, 50.323484956568471 ], [ 3.544493725301403, 50.323125230821837 ], [ 3.544774668328177, 50.323123914887177 ], [ 3.544772612338976, 50.322944052013725 ], [ 3.545053554284722, 50.322942735408681 ], [ 3.545051497256249, 50.322762872537929 ], [ 3.545332438120967, 50.322761555262474 ], [ 3.545330380053242, 50.322581692394415 ], [ 3.545611319836934, 50.322580374448584 ], [ 3.545607201643928, 50.322220648712239 ], [ 3.546169076908117, 50.322218010817771 ], [ 3.546164954558343, 50.321858285092304 ], [ 3.546445890038865, 50.321856965143724 ], [ 3.546443827835284, 50.321677102280866 ], [ 3.546724762234791, 50.321675781661931 ], [ 3.54672063577031, 50.32131605593603 ], [ 3.546439703490928, 50.321317376538218 ], [ 3.54643764135015, 50.3211375136584 ], [ 3.545594847566581, 50.321141471367483 ], [ 3.545592788626848, 50.320961608456905 ], [ 3.544749997835278, 50.320965560032441 ], [ 3.544745886378641, 50.320605834144153 ], [ 3.544184029986653, 50.320608465100911 ], [ 3.544179922853491, 50.320248739156575 ], [ 3.543898996746222, 50.320250053600212 ], [ 3.543896944270895, 50.320070190611233 ], [ 3.543616019202776, 50.32007150436781 ], [ 3.543611916434566, 50.319711778356208 ], [ 3.54333099346556, 50.319713091417441 ], [ 3.543328943172645, 50.319533228394825 ], [ 3.543048021242779, 50.319534540769055 ], [ 3.543052119729507, 50.319894266825315 ], [ 3.542771195658921, 50.319895578537533 ], [ 3.542773243873513, 50.320075441565471 ], [ 3.54249231872216, 50.320076752607307 ], [ 3.542490271567542, 50.319896889571012 ], [ 3.542209347455382, 50.319898199925838 ], [ 3.542207301381511, 50.319718336875574 ], [ 3.541926378308546, 50.319719646543412 ], [ 3.541922288343011, 50.319359920409283 ], [ 3.542484130228375, 50.319357300428223 ], [ 3.54248617732065, 50.319537163481471 ], [ 3.542767099292111, 50.31953585246459 ], [ 3.542763003008466, 50.319176126369072 ], [ 3.542482083156882, 50.319177437369312 ], [ 3.542477989076233, 50.318817711234537 ], [ 3.543039824518948, 50.318815088588678 ], [ 3.543035726281841, 50.318455362464562 ], [ 3.542754810690667, 50.318456674110188 ], [ 3.542748666670612, 50.317917084856589 ], [ 3.543591403842917, 50.317913147958812 ], [ 3.543595506194668, 50.318272874083533 ], [ 3.54387642066353, 50.318271560410317 ], [ 3.543878472930515, 50.318451423455855 ], [ 3.544159388438422, 50.318450109095643 ], [ 3.544161441786127, 50.318629972127177 ], [ 3.544442358333078, 50.318628657079977 ], [ 3.54444646721083, 50.318988383109399 ], [ 3.544727385856733, 50.318987067366834 ], [ 3.54472944138681, 50.319166930364709 ], [ 3.545010361071766, 50.319165613935134 ], [ 3.545014474314391, 50.319525339897204 ], [ 3.545295396098341, 50.319524022772235 ], [ 3.54529745381092, 50.319703885736416 ], [ 3.545578376633933, 50.319702567924423 ], [ 3.545584553076923, 50.320242156757992 ], [ 3.545865479058953, 50.320240838242192 ], [ 3.545867538975077, 50.320420701167038 ], [ 3.546148465996188, 50.320419381964172 ], [ 3.546150526993227, 50.320599244874956 ], [ 3.546431455053421, 50.320597924985016 ], [ 3.546433517131397, 50.320777787881816 ], [ 3.546714446230672, 50.320776467304803 ], [ 3.546718572569485, 50.321136193064611 ], [ 3.547561366101781, 50.321132227210946 ], [ 3.547559299741798, 50.320952364359037 ], [ 3.547840229817255, 50.32095104105877 ], [ 3.547838162418222, 50.320771178209583 ], [ 3.548119091412669, 50.320769854239018 ], [ 3.54811702297461, 50.320589991392588 ], [ 3.548397950888047, 50.320588666751746 ], [ 3.548400020386118, 50.320768529589763 ], [ 3.54896187826998, 50.320765878255095 ], [ 3.548963949909106, 50.320945741070645 ], [ 3.54924487987952, 50.320944414376832 ], [ 3.549249025340941, 50.32130413997411 ], [ 3.549529957410389, 50.321302812584726 ], [ 3.549532031232717, 50.321482675366447 ], [ 3.549812964341169, 50.321481347289918 ], [ 3.549815039244615, 50.32166121005757 ], [ 3.550095973392067, 50.32165988129389 ], [ 3.550098049376653, 50.321839744047445 ], [ 3.550378984563106, 50.321838414596613 ], [ 3.550381061628852, 50.322018277336049 ], [ 3.550661997854306, 50.322016947198023 ], [ 3.550672388799921, 50.322916260768224 ], [ 3.550391447273877, 50.322917590948443 ], [ 3.550397678913937, 50.323457179048006 ], [ 3.550116734186321, 50.323458508574781 ], [ 3.550125039094174, 50.324177959328765 ], [ 3.549844090104683, 50.324179288210502 ], [ 3.549850315826184, 50.324718876241874 ], [ 3.549569363634914, 50.324720204470147 ], [ 3.549575586365223, 50.325259792475897 ], [ 3.549294630972085, 50.325261120050619 ], [ 3.549298777443657, 50.325620845376363 ], [ 3.549579734957388, 50.325619517784794 ], [ 3.54958180928506, 50.325799380430745 ], [ 3.547896057525279, 50.325807335848403 ], [ 3.547898125512063, 50.325987198539174 ], [ 3.54705524616762, 50.325991167109024 ], [ 3.54705731099439, 50.326171029819342 ], [ 3.546495389205922, 50.326173672155193 ], [ 3.546497451932959, 50.326353534876631 ], [ 3.545373603863413, 50.326358811435753 ] ], [ [ 3.545018587640528, 50.319885065836679 ], [ 3.545299511544389, 50.319883748694984 ], [ 3.54529745381092, 50.319703885736416 ], [ 3.545016530967021, 50.319705202869763 ], [ 3.545018587640528, 50.319885065836679 ] ], [ [ 3.543886682206788, 50.319170875581456 ], [ 3.544167601954311, 50.319169561187877 ], [ 3.544165548544072, 50.318989698173297 ], [ 3.54388462985647, 50.318991012558548 ], [ 3.543886682206788, 50.319170875581456 ] ], [ [ 3.543320742209108, 50.318813776247772 ], [ 3.543601659878459, 50.318812463228198 ], [ 3.543597557401776, 50.318452737137406 ], [ 3.543316641852214, 50.318454050140318 ], [ 3.543320742209108, 50.318813776247772 ] ] ] } },
{ "type": "Feature", "properties": { "surface_ha": 5.94 }, "geometry": { "type": "Polygon", "coordinates": [ [ [ 3.493058481423297, 50.321196246646174 ], [ 3.493056620734037, 50.321016382240728 ], [ 3.491932889011602, 50.321021141935688 ], [ 3.491931032581494, 50.320841277494388 ], [ 3.491650100663808, 50.32084246571376 ], [ 3.491648245312598, 50.320662601259279 ], [ 3.491086383540847, 50.320664975646785 ], [ 3.491082677135087, 50.320305246690737 ], [ 3.491644534666683, 50.320302872333379 ], [ 3.491642679371977, 50.320123007861973 ], [ 3.491923607049504, 50.320121819672735 ], [ 3.491921750713621, 50.31994195520322 ], [ 3.491078970804579, 50.319945517712121 ], [ 3.491077117667543, 50.319765653214347 ], [ 3.489953415098845, 50.319770393694277 ], [ 3.4899497173611, 50.319410664621607 ], [ 3.489668793791949, 50.319411848029809 ], [ 3.489666946011198, 50.319231983477515 ], [ 3.490509713482421, 50.319228431239353 ], [ 3.490507862540549, 50.319048566703941 ], [ 3.491069705307515, 50.319046195166791 ], [ 3.491065999240368, 50.318686466109149 ], [ 3.491346918475757, 50.3186852793376 ], [ 3.491343210364007, 50.318325550272426 ], [ 3.491062293248464, 50.318326737028912 ], [ 3.491060440280724, 50.318146872480334 ], [ 3.491622272373185, 50.318144498303781 ], [ 3.491625982567113, 50.318504227365167 ], [ 3.492468736923998, 50.318500660965128 ], [ 3.492466878637875, 50.318320796459886 ], [ 3.493028712661669, 50.318318415481642 ], [ 3.493026852274601, 50.318138550985871 ], [ 3.494150515855873, 50.318133780915659 ], [ 3.494157974476154, 50.318853238743735 ], [ 3.494438894563851, 50.318852044499224 ], [ 3.494440760326189, 50.319031908934548 ], [ 3.494721681454893, 50.319030714003773 ], [ 3.494723548296125, 50.319210578425867 ], [ 3.494442626107467, 50.319211773364245 ], [ 3.494444491907684, 50.319391637788272 ], [ 3.493882645353625, 50.319394025644108 ], [ 3.493884509052827, 50.319573890077656 ], [ 3.493322660303135, 50.319576275233871 ], [ 3.49332452190128, 50.319756139676905 ], [ 3.492762670956018, 50.319758522133462 ], [ 3.49276453045306, 50.319938386585982 ], [ 3.493045456995135, 50.319937195689484 ], [ 3.49305103877959, 50.320476788990526 ], [ 3.493331968482841, 50.320475597392644 ], [ 3.493333830175478, 50.320655461807448 ], [ 3.493614760919874, 50.320654269523288 ], [ 3.493620349291373, 50.321193862711169 ], [ 3.493058481423297, 50.321196246646174 ] ], [ [ 3.491077117667543, 50.319765653214347 ], [ 3.491358043262716, 50.319764466397594 ], [ 3.491356189084501, 50.31958460190171 ], [ 3.491075264549319, 50.319585788710917 ], [ 3.491077117667543, 50.319765653214347 ] ] ] } },
{ "type": "Feature", "properties": { "surface_ha": 9.55 }, "geometry": { "type": "Polygon", "coordinates": [ [ [ 3.497839992130839, 50.321715489455329 ], [ 3.497838113363116, 50.321535625195992 ], [ 3.496995306026023, 50.321539230669089 ], [ 3.496989679378028, 50.320999637788503 ], [ 3.496708746741152, 50.321000838232536 ], [ 3.496703123444666, 50.32046124527831 ], [ 3.496422193968912, 50.320462445020766 ], [ 3.496412827488698, 50.319563123279366 ], [ 3.496693751664414, 50.31956192357498 ], [ 3.49669562598241, 50.319741787926915 ], [ 3.497257476396721, 50.319739386466821 ], [ 3.497251847139964, 50.319199793439758 ], [ 3.496690003085504, 50.319202194854142 ], [ 3.496676883658629, 50.317943144153311 ], [ 3.496115054366967, 50.317945542746394 ], [ 3.496111310370007, 50.317585813893473 ], [ 3.496392222905599, 50.3175846149515 ], [ 3.496390349875764, 50.317404750524183 ], [ 3.496671261332484, 50.317403550911159 ], [ 3.496669387261818, 50.317223686485818 ], [ 3.497231207998484, 50.317221285239086 ], [ 3.497229331827171, 50.317041420823315 ], [ 3.49891478722074, 50.31703420084169 ], [ 3.498918552300487, 50.3173939295759 ], [ 3.500042197326197, 50.317389102620893 ], [ 3.500040310537394, 50.317209238287241 ], [ 3.500321220686122, 50.31720802985955 ], [ 3.500319332856639, 50.317028165527923 ], [ 3.500038423767743, 50.317029373947946 ], [ 3.500032763573703, 50.316489780896184 ], [ 3.501156387096544, 50.31648494323646 ], [ 3.501160169018526, 50.316844671881874 ], [ 3.501441076970885, 50.316843460755024 ], [ 3.501442969020488, 50.317023325061569 ], [ 3.500881150976932, 50.317025746652021 ], [ 3.50088304092608, 50.317205610968294 ], [ 3.501163951017288, 50.317204400504707 ], [ 3.50116773309283, 50.317564129104944 ], [ 3.500605908651842, 50.317566549384217 ], [ 3.50060779759868, 50.317746413691204 ], [ 3.500326884289553, 50.317747622820555 ], [ 3.50032499640258, 50.317567758505866 ], [ 3.500044084134152, 50.317568966948897 ], [ 3.500045970961262, 50.317748831271246 ], [ 3.499484144247232, 50.317751246136687 ], [ 3.499487913719387, 50.318110974795111 ], [ 3.500049744672942, 50.318108559899024 ], [ 3.500051631557511, 50.318288424204439 ], [ 3.500894381023853, 50.318284796747356 ], [ 3.500892490959592, 50.318104932464962 ], [ 3.501173406350118, 50.318103721962963 ], [ 3.501182862162872, 50.319003043280055 ], [ 3.500901941472758, 50.319004253820466 ], [ 3.500900051331752, 50.31882438956066 ], [ 3.500338212013851, 50.318826808590089 ], [ 3.50033632401189, 50.318646944309322 ], [ 3.499212649385905, 50.318651774193469 ], [ 3.499222068388357, 50.319551095694308 ], [ 3.49950299237332, 50.319549889202996 ], [ 3.499508647184256, 50.320089482012762 ], [ 3.499789574330067, 50.320088274819781 ], [ 3.499791460365331, 50.320268139070741 ], [ 3.499229603934541, 50.320270552793339 ], [ 3.499235255794989, 50.320810145558347 ], [ 3.499516187200064, 50.320808939013453 ], [ 3.499518072251855, 50.320988803249492 ], [ 3.499237139786721, 50.32099000980206 ], [ 3.49923902379758, 50.32116987404013 ], [ 3.498958090253249, 50.321171079921633 ], [ 3.498963739220307, 50.321710672624917 ], [ 3.497839992130839, 50.321715489455329 ] ], [ [ 3.498394342276607, 50.320993625387437 ], [ 3.498675274799087, 50.320992420871058 ], [ 3.498673392927472, 50.320812556612026 ], [ 3.498392461465054, 50.32081376112076 ], [ 3.498394342276607, 50.320993625387437 ] ], [ [ 3.49810965025113, 50.320635100670856 ], [ 3.498390580672593, 50.320633896848463 ], [ 3.498388699899225, 50.320454032570531 ], [ 3.498107770537801, 50.320455236385278 ], [ 3.49810965025113, 50.320635100670856 ] ], [ [ 3.497544034183525, 50.320277777672118 ], [ 3.497824962523074, 50.320276575222429 ], [ 3.497821205311847, 50.319916846607754 ], [ 3.497540279092322, 50.319918049042187 ], [ 3.49753840157531, 50.319738184718723 ], [ 3.497257476396721, 50.319739386466821 ], [ 3.497261229329803, 50.32009911512332 ], [ 3.497542156628394, 50.320097913359966 ], [ 3.497544034183525, 50.320277777672118 ] ], [ [ 3.498948675690455, 50.320271758636586 ], [ 3.499229603934541, 50.320270552793339 ], [ 3.499225836123201, 50.319910824255125 ], [ 3.498944909999135, 50.319912030083046 ], [ 3.498948675690455, 50.320271758636586 ] ], [ [ 3.497251847139964, 50.319199793439758 ], [ 3.498094613078771, 50.319196186228055 ], [ 3.498092733518089, 50.319016321897308 ], [ 3.498654575262005, 50.319013913711366 ], [ 3.498652693600521, 50.318834049390254 ], [ 3.49893361338389, 50.318832844286895 ], [ 3.498924200063434, 50.317933522634881 ], [ 3.498362371076681, 50.317935932086428 ], [ 3.498364251582776, 50.318115796443401 ], [ 3.497521504779841, 50.318119405553716 ], [ 3.497523382125327, 50.318299269927969 ], [ 3.497242465426321, 50.318300471615046 ], [ 3.497244341730956, 50.318480335991282 ], [ 3.496963423952992, 50.318481537007322 ], [ 3.496969049801382, 50.319021130124995 ], [ 3.497249970759142, 50.319019929086096 ], [ 3.497251847139964, 50.319199793439758 ] ], [ [ 3.49949168326807, 50.318470703430975 ], [ 3.499772600874226, 50.318469496306925 ], [ 3.499770715030409, 50.318289631999484 ], [ 3.499489798484162, 50.318290839115853 ], [ 3.49949168326807, 50.318470703430975 ] ], [ [ 3.499208881918784, 50.318292045553576 ], [ 3.499489798484162, 50.318290839115853 ], [ 3.499487913719387, 50.318110974795111 ], [ 3.499206998213905, 50.318112181225189 ], [ 3.499208881918784, 50.318292045553576 ] ] ] } },
{ "type": "Feature", "properties": { "surface_ha": 1.0 }, "geometry": { "type": "Polygon", "coordinates": [ [ [ 3.502574190225063, 50.317737930783686 ], [ 3.502572293859183, 50.317558066530516 ], [ 3.502853205954746, 50.317556851979695 ], [ 3.502843719114934, 50.316657530667676 ], [ 3.503124625892089, 50.316656315476791 ], [ 3.503122727522108, 50.316476451205155 ], [ 3.503684538899, 50.316474018802921 ], [ 3.503682638428717, 50.316294154541069 ], [ 3.504806256711778, 50.316289281624165 ], [ 3.504808161421204, 50.316469145855073 ], [ 3.504527255819627, 50.316470365109957 ], [ 3.504529159488592, 50.316650229342962 ], [ 3.503967346107887, 50.316652665832351 ], [ 3.50396924767656, 50.316832530075175 ], [ 3.503688339897443, 50.316833747309673 ], [ 3.503692140973051, 50.317193475793836 ], [ 3.503411231054993, 50.317194692365135 ], [ 3.503415030088081, 50.317554420842129 ], [ 3.503134118031049, 50.317555636750235 ], [ 3.503136016516655, 50.317735500988015 ], [ 3.502574190225063, 50.317737930783686 ] ] ] } },
{ "type": "Feature", "properties": { "surface_ha": 4.9 }, "geometry": { "type": "Polygon", "coordinates": [ [ [ 3.505687131676668, 50.319882902891543 ], [ 3.505683315182457, 50.319523174685159 ], [ 3.505402391620934, 50.31952439610766 ], [ 3.505392856024123, 50.318625075454094 ], [ 3.505673774285917, 50.318623854070331 ], [ 3.505666141917343, 50.317904397476816 ], [ 3.505947055920177, 50.317903175445409 ], [ 3.505943237732374, 50.317543447130284 ], [ 3.506505061440435, 50.317541001062587 ], [ 3.506495505711789, 50.316641680253547 ], [ 3.506214599166585, 50.316642903587898 ], [ 3.506212689138851, 50.316463039401391 ], [ 3.505931783634054, 50.316464262049358 ], [ 3.505927965756303, 50.316104533643873 ], [ 3.506208869141542, 50.31610331101141 ], [ 3.506206959171971, 50.315923446807957 ], [ 3.507330568279893, 50.315918549523161 ], [ 3.507332482488513, 50.316098413695556 ], [ 3.508175192294755, 50.31609473358327 ], [ 3.50818094457524, 50.316634325996411 ], [ 3.508461850984421, 50.31663309791174 ], [ 3.508473362429901, 50.317712282538821 ], [ 3.507349711240501, 50.317717190992767 ], [ 3.507351625643438, 50.317897055108659 ], [ 3.50707071173761, 50.317898280533313 ], [ 3.507078365304116, 50.318617736971532 ], [ 3.50679744713928, 50.318618961748633 ], [ 3.506801271919216, 50.318978689949397 ], [ 3.50652035161511, 50.318979914063355 ], [ 3.50652608575075, 50.319519506345479 ], [ 3.506245162247375, 50.319520729804069 ], [ 3.506248982981518, 50.319880457979416 ], [ 3.505687131676668, 50.319882902891543 ] ] ] } },
{ "type": "Feature", "properties": { "surface_ha": 34.32 }, "geometry": { "type": "Polygon", "coordinates": [ [ [ 3.465268755506177, 50.323649104297765 ], [ 3.465266999533857, 50.323469239238214 ], [ 3.464705102513685, 50.323471486239129 ], [ 3.464703348679651, 50.323291621159676 ], [ 3.464422401203082, 50.323292743634816 ], [ 3.46442064844707, 50.323112878542616 ], [ 3.463858755560997, 50.323115121442278 ], [ 3.463851753196422, 50.322395660960062 ], [ 3.464132695407581, 50.322394539878054 ], [ 3.464127440640289, 50.321854944478517 ], [ 3.464408379653204, 50.321853822739136 ], [ 3.464406627039537, 50.321673957601803 ], [ 3.465249440791089, 50.321670588332445 ], [ 3.465247685014849, 50.321490723210857 ], [ 3.464966748175598, 50.321491846972279 ], [ 3.464964993477293, 50.321311981837894 ], [ 3.465245929256437, 50.321310858083628 ], [ 3.46523539508024, 50.320231667201824 ], [ 3.465516324481126, 50.320230542811636 ], [ 3.465514567787438, 50.320050677652063 ], [ 3.465233639446588, 50.320051802035117 ], [ 3.465231883830757, 50.319871936862775 ], [ 3.464950956532112, 50.319873060559978 ], [ 3.464954465661535, 50.320232790913295 ], [ 3.464673536225017, 50.320233913946034 ], [ 3.464680550457357, 50.320953374613502 ], [ 3.464399616762789, 50.320954496996066 ], [ 3.464404874443662, 50.321494092458821 ], [ 3.463562063712347, 50.321497455598028 ], [ 3.463560314314597, 50.32131759042808 ], [ 3.463279378428739, 50.321318710109885 ], [ 3.463275881806709, 50.320958979738826 ], [ 3.463556815572378, 50.320957860071239 ], [ 3.463549818301042, 50.320238399289906 ], [ 3.462987959232465, 50.320240637889519 ], [ 3.4629862120791, 50.320060772665883 ], [ 3.461581569397643, 50.320066357251882 ], [ 3.461579827562146, 50.319886491987148 ], [ 3.46017518973877, 50.319892059569931 ], [ 3.460173453221041, 50.319712194264262 ], [ 3.459049746885039, 50.319716636085509 ], [ 3.459048014624966, 50.319536770745948 ], [ 3.457924312247636, 50.319541201679776 ], [ 3.45792258424514, 50.3193613363065 ], [ 3.456798885827134, 50.319365756352973 ], [ 3.456800609589638, 50.319545621754308 ], [ 3.456519683881363, 50.319546725076208 ], [ 3.456521406601355, 50.319726590478915 ], [ 3.455959553012335, 50.319728795100545 ], [ 3.455957832412363, 50.319548929683833 ], [ 3.455676906651659, 50.319550030969609 ], [ 3.455675187129153, 50.319370165540299 ], [ 3.455113337675387, 50.319372366061749 ], [ 3.455111620290316, 50.3191925006128 ], [ 3.454549772886792, 50.319194698405497 ], [ 3.454548057639113, 50.319014832936993 ], [ 3.454267134971206, 50.319015930808327 ], [ 3.454265420800907, 50.318836065327218 ], [ 3.45398449917557, 50.318837162512892 ], [ 3.45398278608263, 50.318657297019186 ], [ 3.45342094489971, 50.318659489340554 ], [ 3.453419233944056, 50.318479623827287 ], [ 3.453138314386487, 50.318480718963023 ], [ 3.453134894647146, 50.318120987905651 ], [ 3.45369672950519, 50.318118796983335 ], [ 3.453698441486035, 50.318298662500929 ], [ 3.454260278394417, 50.318296468850022 ], [ 3.454261992512513, 50.318476334348063 ], [ 3.454542912000546, 50.318475236497633 ], [ 3.454537766518679, 50.317935640007484 ], [ 3.453975933884769, 50.317937834987895 ], [ 3.453972507890172, 50.317578103938423 ], [ 3.453691593666926, 50.317579200396736 ], [ 3.453689881755594, 50.317399334856582 ], [ 3.453970794918957, 50.317398238405275 ], [ 3.453969081965132, 50.317218372866442 ], [ 3.454249994051234, 50.317217275743424 ], [ 3.454251708064933, 50.317397141275308 ], [ 3.45509444739842, 50.317393845813449 ], [ 3.455091013029225, 50.317034114785905 ], [ 3.454810102055212, 50.317035213937899 ], [ 3.45480666987543, 50.316675482873883 ], [ 3.454525761003685, 50.316676581333276 ], [ 3.454524045999753, 50.316496715785824 ], [ 3.455085861606165, 50.316494518202347 ], [ 3.455084144500006, 50.316314652663209 ], [ 3.455645957917064, 50.316312452379172 ], [ 3.45564423870872, 50.316132586848369 ], [ 3.455925144331271, 50.316131485695394 ], [ 3.455923424080585, 50.315951620165933 ], [ 3.456204328625877, 50.315950518341339 ], [ 3.456206049936358, 50.316130383863808 ], [ 3.456767861094105, 50.31612817816476 ], [ 3.456769584541671, 50.316308043667568 ], [ 3.457050491154114, 50.316306939793115 ], [ 3.45705738935865, 50.317026401719993 ], [ 3.456776478506879, 50.317027505622477 ], [ 3.456781649164488, 50.317567102029464 ], [ 3.457624391206096, 50.317563788222962 ], [ 3.457620937724278, 50.317204057332681 ], [ 3.457901849583357, 50.317202951387237 ], [ 3.457898394051946, 50.316843220488437 ], [ 3.458179303773779, 50.316842113878408 ], [ 3.458177574974546, 50.316662248427569 ], [ 3.458739392245885, 50.316660033185642 ], [ 3.45874112316479, 50.316839898622419 ], [ 3.459022032833944, 50.316838789976451 ], [ 3.459023764830269, 50.31701865540056 ], [ 3.459304675541687, 50.317017546068925 ], [ 3.459306408615449, 50.317197411480308 ], [ 3.459868232105215, 50.317195190767038 ], [ 3.459869967316303, 50.317375056158731 ], [ 3.460150880094639, 50.31737394477706 ], [ 3.46015261638322, 50.317553810156063 ], [ 3.460714444006757, 50.317551585342649 ], [ 3.460719659337649, 50.318091181403453 ], [ 3.461000576302649, 50.31809006795757 ], [ 3.461002315841495, 50.318269933292825 ], [ 3.46184506981026, 50.318266588861924 ], [ 3.461846812546556, 50.318446454170314 ], [ 3.462970488496909, 50.318441985399353 ], [ 3.462972235490656, 50.318621850673736 ], [ 3.463534075479351, 50.318619612202006 ], [ 3.463535824610734, 50.31879947745653 ], [ 3.463816745638403, 50.318798357195547 ], [ 3.463818495847504, 50.318978222437323 ], [ 3.464661262003748, 50.318974857560882 ], [ 3.46466301541053, 50.319154722775671 ], [ 3.465505784586492, 50.319151351769605 ], [ 3.465507541191016, 50.319331216957394 ], [ 3.466350313386434, 50.319327839821668 ], [ 3.466352073188764, 50.31950770498235 ], [ 3.46663299827818, 50.319506577905926 ], [ 3.466634759158376, 50.319686443053833 ], [ 3.467196611403574, 50.319684186850502 ], [ 3.46719837442167, 50.319864051978428 ], [ 3.468041155835244, 50.319860662561659 ], [ 3.468042922051304, 50.320040527662471 ], [ 3.468604778357433, 50.320038264643358 ], [ 3.468606546711488, 50.320218129724154 ], [ 3.469449334216115, 50.320214730083578 ], [ 3.469451105768248, 50.320394595137152 ], [ 3.47001296613485, 50.320392325302123 ], [ 3.470011192462631, 50.320212460262972 ], [ 3.471134908739516, 50.320207912477152 ], [ 3.471142020497336, 50.320927372484498 ], [ 3.471422953761689, 50.320926233812344 ], [ 3.471426511869073, 50.321285963767743 ], [ 3.471145576484542, 50.321287102454328 ], [ 3.471149132543947, 50.321646832401591 ], [ 3.470868195021145, 50.321647970423925 ], [ 3.470869972017796, 50.321827835396313 ], [ 3.470308094797828, 50.321830109419118 ], [ 3.470309869692243, 50.322009974400316 ], [ 3.46778141177047, 50.322020173969314 ], [ 3.467784942530557, 50.322379904044226 ], [ 3.467504000551407, 50.322381033950215 ], [ 3.467507529262826, 50.322740764016942 ], [ 3.467226585145407, 50.322741893258495 ], [ 3.467233638542347, 50.323461353352926 ], [ 3.466952690166184, 50.323462481944347 ], [ 3.466954452499935, 50.323642346961037 ], [ 3.465268755506177, 50.323649104297765 ] ], [ [ 3.466657652227697, 50.322024689463319 ], [ 3.466938592140235, 50.322023561607949 ], [ 3.466936829967496, 50.321843696540533 ], [ 3.466655891115098, 50.32184482438872 ], [ 3.466657652227697, 50.322024689463319 ] ], [ [ 3.465532135526835, 50.321849328993977 ], [ 3.465813074450681, 50.321848203860796 ], [ 3.465811316536354, 50.321668338759117 ], [ 3.465530378672639, 50.321669463885172 ], [ 3.465532135526835, 50.321849328993977 ] ], [ [ 3.465231883830757, 50.319871936862775 ], [ 3.465512811111583, 50.319870812486855 ], [ 3.465509297813373, 50.319511082139499 ], [ 3.465228372652564, 50.319512206501152 ], [ 3.465231883830757, 50.319871936862775 ] ] ] } },
{ "type": "Feature", "properties": { "surface_ha": 1.53 }, "geometry": { "type": "Polygon", "coordinates": [ [ [ 3.499190045730444, 50.316493402015489 ], [ 3.499188162216772, 50.316313537630627 ], [ 3.498907257290556, 50.316314743305512 ], [ 3.49890537485578, 50.316134878907363 ], [ 3.499748086397723, 50.316131259869842 ], [ 3.49974620080275, 50.315951395489002 ], [ 3.49946529803433, 50.315952602505789 ], [ 3.499459644543493, 50.315413009306411 ], [ 3.499740544132673, 50.315411802312632 ], [ 3.49973865861426, 50.315231937909203 ], [ 3.500862252540578, 50.315227103178735 ], [ 3.500860362802448, 50.315047238800332 ], [ 3.501141260176386, 50.315046028428945 ], [ 3.501154496164347, 50.316305078905266 ], [ 3.500311781730336, 50.316308708144959 ], [ 3.500309893996667, 50.316128843785116 ], [ 3.500028990206769, 50.31613005216677 ], [ 3.500030876880663, 50.316309916534316 ], [ 3.499749972011835, 50.316311124245054 ], [ 3.499751857645087, 50.316490988614589 ], [ 3.499190045730444, 50.316493402015489 ] ] ] } },
{ "type": "Feature", "properties": { "surface_ha": 1.77 }, "geometry": { "type": "Polygon", "coordinates": [ [ [ 3.491041911637834, 50.31634822668412 ], [ 3.491036353411717, 50.315808632835164 ], [ 3.490755451115055, 50.315809818807594 ], [ 3.490753599470382, 50.315629954172486 ], [ 3.491034500707292, 50.315628768207581 ], [ 3.491032648021671, 50.315448903574314 ], [ 3.49159444831957, 50.315446529623799 ], [ 3.49159259353329, 50.315266664999974 ], [ 3.492154391636416, 50.315264288350136 ], [ 3.492152534749521, 50.315084423735755 ], [ 3.491871636767099, 50.315085612392423 ], [ 3.491866069398603, 50.314546018492777 ], [ 3.492146964201926, 50.31454482985874 ], [ 3.492148821032277, 50.314724694490053 ], [ 3.492429716876442, 50.314723505169887 ], [ 3.492433432713094, 50.315083234400511 ], [ 3.492995228583654, 50.315080853694234 ], [ 3.492993368536478, 50.314900989096849 ], [ 3.493274265383733, 50.314899797733389 ], [ 3.493276126490619, 50.315079662323207 ], [ 3.493557024378692, 50.315078470273633 ], [ 3.493558886564188, 50.315258334850228 ], [ 3.493277987616395, 50.31525952690739 ], [ 3.493279848761066, 50.31543939148591 ], [ 3.492718048689353, 50.315441773579579 ], [ 3.49271990773343, 50.31562163816757 ], [ 3.493281709924626, 50.315619256058774 ], [ 3.493283571107079, 50.315799120626011 ], [ 3.492721766796378, 50.315801502749913 ], [ 3.492723625878196, 50.315981367326629 ], [ 3.492442722634771, 50.315982557378234 ], [ 3.492444580675686, 50.316162421956847 ], [ 3.491320963274384, 50.316167175407351 ], [ 3.491322817095017, 50.316347040010477 ], [ 3.491041911637834, 50.31634822668412 ] ] ] } },
{ "type": "Feature", "properties": { "surface_ha": 1.97 }, "geometry": { "type": "Polygon", "coordinates": [ [ [ 3.503948331482739, 50.314854023093531 ], [ 3.503946430126378, 50.314674158788577 ], [ 3.501980164286715, 50.314682664531041 ], [ 3.501978270367408, 50.314502800166458 ], [ 3.502259164485439, 50.314501587103827 ], [ 3.502257269525686, 50.31432172274129 ], [ 3.502538162564813, 50.314320509007786 ], [ 3.502530578679579, 50.313601051532054 ], [ 3.504215911078426, 50.31359375506635 ], [ 3.504219715698119, 50.313953483722891 ], [ 3.504500606483002, 50.313952265254891 ], [ 3.504504413299232, 50.314311993873375 ], [ 3.504785306184097, 50.314310774711352 ], [ 3.504787210680858, 50.314490639004397 ], [ 3.505068104606058, 50.314489419156033 ], [ 3.505070010181831, 50.314669283435705 ], [ 3.504789115196954, 50.314670503291794 ], [ 3.504791019732382, 50.314850367573513 ], [ 3.503948331482739, 50.314854023093531 ] ] ] } },
{ "type": "Feature", "properties": { "surface_ha": 3.77 }, "geometry": { "type": "Polygon", "coordinates": [ [ [ 3.538227663775537, 50.315599756080829 ], [ 3.538209387861723, 50.313980986159777 ], [ 3.538490277290407, 50.313979685578985 ], [ 3.538488245676761, 50.313799822234415 ], [ 3.53876913402521, 50.313798520983354 ], [ 3.538767101372583, 50.313618657641385 ], [ 3.539047988640798, 50.313617355720041 ], [ 3.539045954949211, 50.313437492380686 ], [ 3.539326841137192, 50.313436189789066 ], [ 3.539322771696794, 50.313076463109894 ], [ 3.539603655744973, 50.313075159856325 ], [ 3.539601619996193, 50.312895296516508 ], [ 3.53988250296415, 50.312893992592656 ], [ 3.539880466176488, 50.31271412925549 ], [ 3.540161348064222, 50.312712824661382 ], [ 3.540159310237696, 50.312532961326852 ], [ 3.540440191045209, 50.312531656062539 ], [ 3.540444268838029, 50.31289138270941 ], [ 3.540163385911432, 50.312892687990292 ], [ 3.540165423779328, 50.313072551313532 ], [ 3.539884539772487, 50.313073855924181 ], [ 3.539886576601499, 50.313253719250028 ], [ 3.539605691514414, 50.313255023190443 ], [ 3.539609763115289, 50.313614749841769 ], [ 3.53932887588837, 50.313616053120164 ], [ 3.539334980265825, 50.314155643079538 ], [ 3.539054089839415, 50.314156945704227 ], [ 3.539058157408377, 50.314516672332061 ], [ 3.538777264842044, 50.314517974294731 ], [ 3.538779297597833, 50.314697837608421 ], [ 3.539341084829169, 50.314695232988036 ], [ 3.539339049954067, 50.314515369690859 ], [ 3.539900834983472, 50.314512762372765 ], [ 3.539896761056674, 50.31415303579454 ], [ 3.540458541764818, 50.31415042579534 ], [ 3.540460580837145, 50.31433028907071 ], [ 3.540741472219811, 50.314328983044987 ], [ 3.54074351237248, 50.314508846306403 ], [ 3.54102440479408, 50.314507539593848 ], [ 3.541028487280863, 50.314867266083155 ], [ 3.541590276300531, 50.314864650589158 ], [ 3.541588232927452, 50.314684787363923 ], [ 3.542711806479151, 50.314679548266341 ], [ 3.542713854090886, 50.314859411458329 ], [ 3.542432959674446, 50.314860722258878 ], [ 3.542435006247291, 50.315040585453524 ], [ 3.541592319694353, 50.315044513808708 ], [ 3.541594363108917, 50.315224377022624 ], [ 3.541313466490086, 50.315225685125519 ], [ 3.541315508865694, 50.315405548342078 ], [ 3.540472815705769, 50.31540946860418 ], [ 3.540474854922986, 50.315589331839952 ], [ 3.539632158397642, 50.315593246019681 ], [ 3.539630122359553, 50.31541338275904 ], [ 3.538506530941977, 50.315418592132062 ], [ 3.538508562741228, 50.315598455425764 ], [ 3.538227663775537, 50.315599756080829 ] ] ] } },
{ "type": "Feature", "properties": { "surface_ha": 1.44 }, "geometry": { "type": "Polygon", "coordinates": [ [ [ 3.489617063020404, 50.314375638431677 ], [ 3.489613368527878, 50.314015909005334 ], [ 3.49045604379571, 50.314012357420928 ], [ 3.49045234302033, 50.313652628017103 ], [ 3.490171453402438, 50.313653812542093 ], [ 3.490169604102547, 50.313473947824185 ], [ 3.490450492660812, 50.313472763306706 ], [ 3.490446791998124, 50.313113033869001 ], [ 3.48988501910126, 50.313115402195365 ], [ 3.489886867304004, 50.313295266932052 ], [ 3.489605979767823, 50.313296450084934 ], [ 3.489607826929713, 50.313476314823504 ], [ 3.489046049681881, 50.31347867910862 ], [ 3.489042359615294, 50.313118949595825 ], [ 3.489604132624684, 50.313116585340715 ], [ 3.489600438394649, 50.312756855835374 ], [ 3.489881322752048, 50.312755672705023 ], [ 3.489883170917274, 50.312935537453015 ], [ 3.491568483024844, 50.312928424376608 ], [ 3.491572192126758, 50.31328815376537 ], [ 3.491291304703298, 50.31328934098952 ], [ 3.491298718894501, 50.31400879972945 ], [ 3.491017827213706, 50.314009986305173 ], [ 3.491019679748885, 50.314189850983574 ], [ 3.489896108599133, 50.314194590530924 ], [ 3.489897956914441, 50.314374455233754 ], [ 3.489617063020404, 50.314375638431677 ] ] ] } },
{ "type": "Feature", "properties": { "surface_ha": 1.08 }, "geometry": { "type": "Polygon", "coordinates": [ [ [ 3.476692326796776, 50.314069601891568 ], [ 3.476685133010048, 50.313350141608126 ], [ 3.476404244604281, 50.313351292869257 ], [ 3.476406041963955, 50.313531157955886 ], [ 3.476125152480319, 50.313532308545774 ], [ 3.476123356180272, 50.313352443451841 ], [ 3.475561579277567, 50.31335474258136 ], [ 3.475554402736519, 50.312635282090859 ], [ 3.476677939515389, 50.312630681234403 ], [ 3.476679737861673, 50.312810546336308 ], [ 3.476960623070367, 50.312809394418558 ], [ 3.476964221936897, 50.313169124590779 ], [ 3.477245109246526, 50.313167971979858 ], [ 3.477250510862188, 50.313707567173957 ], [ 3.476969620373677, 50.313708719806833 ], [ 3.47697321942286, 50.31406844992263 ], [ 3.476692326796776, 50.314069601891568 ] ] ] } },
{ "type": "Feature", "properties": { "surface_ha": 1.77 }, "geometry": { "type": "Polygon", "coordinates": [ [ [ 3.500560579679533, 50.313249804321991 ], [ 3.500558691211986, 50.313069939873827 ], [ 3.500277805455835, 50.313071148803651 ], [ 3.500275918067039, 50.312891284342165 ], [ 3.499433263862444, 50.312894907037453 ], [ 3.499431379671528, 50.312715042547318 ], [ 3.498026960912722, 50.312721066763928 ], [ 3.498021324348033, 50.312181473144982 ], [ 3.49774044371768, 50.312182675929797 ], [ 3.497738565960458, 50.312002811371215 ], [ 3.498019445531278, 50.312001608594016 ], [ 3.498015687954978, 50.311641879475189 ], [ 3.49857744280133, 50.311639471915811 ], [ 3.498581204615697, 50.31199920100407 ], [ 3.499142963623752, 50.311996790700093 ], [ 3.499144846678637, 50.312176655220462 ], [ 3.499706607729303, 50.312174242187126 ], [ 3.499708492922386, 50.312354106686534 ], [ 3.500551137533472, 50.312350482024648 ], [ 3.500553025924349, 50.312530346495421 ], [ 3.501114791021692, 50.312527926646219 ], [ 3.50111857209922, 50.312887655540088 ], [ 3.500837687441003, 50.312888865819311 ], [ 3.50084146647611, 50.313248594705946 ], [ 3.500560579679533, 50.313249804321991 ] ] ] } },
{ "type": "Feature", "properties": { "surface_ha": 1.73 }, "geometry": { "type": "Polygon", "coordinates": [ [ [ 3.44071963343563, 50.312232925728324 ], [ 3.440717970785547, 50.312053059703679 ], [ 3.440156206415333, 50.312055187728838 ], [ 3.440154545901246, 50.311875321685051 ], [ 3.439873664750412, 50.311876384673091 ], [ 3.439872005312731, 50.311696518616912 ], [ 3.439591125204603, 50.311697580919706 ], [ 3.439589466843306, 50.311517714851156 ], [ 3.439308587777885, 50.311518776468674 ], [ 3.43930527322483, 50.311159044301199 ], [ 3.439867027100746, 50.311156920414625 ], [ 3.439865367730436, 50.310977054335922 ], [ 3.440707995239442, 50.310973863437475 ], [ 3.440709657788272, 50.311153729495906 ], [ 3.442114041929838, 50.311148397727941 ], [ 3.442117377673342, 50.311508129760291 ], [ 3.4418364987598, 50.311509197484447 ], [ 3.441838165597408, 50.311689063498932 ], [ 3.44155728560741, 50.311690130551341 ], [ 3.441560617214273, 50.312049862576956 ], [ 3.440998852945345, 50.31205199467329 ], [ 3.441000516655, 50.31223186069117 ], [ 3.44071963343563, 50.312232925728324 ] ] ] } },
{ "type": "Feature", "properties": { "surface_ha": 1.32 }, "geometry": { "type": "Polygon", "coordinates": [ [ [ 3.455322102735496, 50.311816912724538 ], [ 3.455318667327749, 50.311457181361455 ], [ 3.455599545416561, 50.311456081068684 ], [ 3.455597826679323, 50.311276215385654 ], [ 3.455878703691177, 50.311275114421363 ], [ 3.455876983911878, 50.311095248739697 ], [ 3.456157859846769, 50.31109414710388 ], [ 3.456156139025433, 50.310914281423564 ], [ 3.456437013883365, 50.310913179116234 ], [ 3.456433570174136, 50.310553447752689 ], [ 3.45699531559965, 50.310551241130554 ], [ 3.456993591652327, 50.310371375454345 ], [ 3.457274463279382, 50.310370271132548 ], [ 3.457276188286164, 50.31055013680178 ], [ 3.45755706095517, 50.310549031794487 ], [ 3.457560513140216, 50.310908763101992 ], [ 3.457279638352256, 50.310909868123311 ], [ 3.457284813582712, 50.311449465063333 ], [ 3.457003935598732, 50.311450569427166 ], [ 3.457005659651045, 50.311630435069553 ], [ 3.456163022415577, 50.311633744110992 ], [ 3.456164743306779, 50.311813609768762 ], [ 3.455322102735496, 50.311816912724538 ] ] ] } },
{ "type": "Feature", "properties": { "surface_ha": 1.36 }, "geometry": { "type": "Polygon", "coordinates": [ [ [ 3.488452945204796, 50.310423338846427 ], [ 3.488451102599342, 50.310243473981927 ], [ 3.487889363344697, 50.310245832569201 ], [ 3.487883841997024, 50.309706237896876 ], [ 3.488164708455453, 50.309705058964944 ], [ 3.488157342682568, 50.308985599352781 ], [ 3.488999929233172, 50.308982058576063 ], [ 3.489001773826435, 50.309161923465098 ], [ 3.48956350021863, 50.309159559540056 ], [ 3.489565346949352, 50.309339424408464 ], [ 3.490127075385309, 50.309337057754625 ], [ 3.490130773140522, 50.30969678744443 ], [ 3.489849906813151, 50.309697971125594 ], [ 3.489848058985551, 50.309518106276016 ], [ 3.489567193698817, 50.309519289271186 ], [ 3.489569040467027, 50.309699154128289 ], [ 3.489288174102157, 50.309700336452543 ], [ 3.489290019829709, 50.309880201311501 ], [ 3.489009152386707, 50.309881382964797 ], [ 3.48901099707358, 50.310061247825594 ], [ 3.488730128552442, 50.31006242880791 ], [ 3.488733815863503, 50.310422158527587 ], [ 3.488452945204796, 50.310423338846427 ] ] ] } },
{ "type": "Feature", "properties": { "surface_ha": 6.62 }, "geometry": { "type": "Polygon", "coordinates": [ [ [ 3.472749126558389, 50.313006467136567 ], [ 3.472747343028203, 50.312826601938426 ], [ 3.472185572047369, 50.312828884739275 ], [ 3.472183790654462, 50.312649019520997 ], [ 3.471902906196505, 50.312650159896386 ], [ 3.471904686529824, 50.312830025121883 ], [ 3.471342915440532, 50.312832303851486 ], [ 3.47134113722639, 50.312652438611494 ], [ 3.471060252714253, 50.31265357695127 ], [ 3.471058475577737, 50.312473711698431 ], [ 3.47077759210714, 50.312474849352455 ], [ 3.470770487979664, 50.311755388255804 ], [ 3.470208729460812, 50.311757661470509 ], [ 3.470205181743311, 50.311397930859513 ], [ 3.469924304575913, 50.311399066434696 ], [ 3.469922531803673, 50.311219201113502 ], [ 3.469641655677785, 50.311220336002975 ], [ 3.469639883983033, 50.311040470668928 ], [ 3.469359008898655, 50.31104160487272 ], [ 3.469357238281367, 50.310861739525862 ], [ 3.4690763642385, 50.310862873043938 ], [ 3.469071055672849, 50.310323276947933 ], [ 3.468790184790406, 50.310324409765954 ], [ 3.468788416363882, 50.31014454438214 ], [ 3.467945806787224, 50.310147938743789 ], [ 3.467947572035426, 50.310327804149146 ], [ 3.467666701081251, 50.310328934253242 ], [ 3.467664936892491, 50.310149068840708 ], [ 3.466541457134602, 50.310153582443654 ], [ 3.466537937286204, 50.30979385154442 ], [ 3.466818805133645, 50.309792724175708 ], [ 3.466817044176831, 50.30961285872479 ], [ 3.4665361773888, 50.309613986086347 ], [ 3.466532657647576, 50.309254255153263 ], [ 3.467094386968191, 50.309251999780301 ], [ 3.467092625005617, 50.309072134319607 ], [ 3.46737348857973, 50.309071005622613 ], [ 3.46737525160168, 50.309250871076152 ], [ 3.467936980814964, 50.309248611632462 ], [ 3.467938745973584, 50.309428477065978 ], [ 3.468219611612744, 50.30942734631931 ], [ 3.468217845394738, 50.309247480892928 ], [ 3.468498709956584, 50.309246349474975 ], [ 3.468502244529311, 50.309606080307695 ], [ 3.469063977836752, 50.309603815407634 ], [ 3.469065747268837, 50.309783680801196 ], [ 3.469346614955031, 50.309782547326257 ], [ 3.469344844463538, 50.309602681939893 ], [ 3.469625711072357, 50.309601547793712 ], [ 3.469627482623256, 50.309781413172878 ], [ 3.470189217905752, 50.309779142830699 ], [ 3.470190991593469, 50.309959008189807 ], [ 3.470471860267137, 50.309957871993817 ], [ 3.470477184616619, 50.310497468015598 ], [ 3.471038928266534, 50.310495193544902 ], [ 3.471042482160787, 50.310854924169028 ], [ 3.471323356077628, 50.310853785901514 ], [ 3.47132513411129, 50.311033651197889 ], [ 3.471606009069565, 50.311032512244658 ], [ 3.471607788180765, 50.311212377528165 ], [ 3.471888664180474, 50.311211237889182 ], [ 3.471890444369234, 50.311391103159821 ], [ 3.472171321410376, 50.311389962835115 ], [ 3.472173102676719, 50.311569828092871 ], [ 3.472453980759292, 50.311568687082413 ], [ 3.472455763103238, 50.311748552327295 ], [ 3.472736642227245, 50.311747410631085 ], [ 3.472738425648815, 50.311927275863084 ], [ 3.47330018596158, 50.311924990420607 ], [ 3.473301971520342, 50.312104855632455 ], [ 3.473582852709087, 50.312103711886181 ], [ 3.473589999363654, 50.31282317264813 ], [ 3.473309113936625, 50.312824316423445 ], [ 3.473310899586007, 50.313004181607077 ], [ 3.472749126558389, 50.313006467136567 ] ], [ [ 3.466820566108334, 50.309972589621019 ], [ 3.467101434997323, 50.309971461566661 ], [ 3.467099672963215, 50.309791596128541 ], [ 3.466818805133645, 50.309792724175708 ], [ 3.466820566108334, 50.309972589621019 ] ] ] } },
{ "type": "Feature", "properties": { "surface_ha": 1.0 }, "geometry": { "type": "Polygon", "coordinates": [ [ [ 3.50979136880925, 50.309612243798995 ], [ 3.509789445765609, 50.309432379493451 ], [ 3.509227717889228, 50.309434841145418 ], [ 3.509225796983829, 50.309254976818615 ], [ 3.509506659872412, 50.309253746339671 ], [ 3.50950089409517, 50.308714153348788 ], [ 3.509781753786227, 50.308712922214838 ], [ 3.509779830840175, 50.308533057881078 ], [ 3.510060689452397, 50.308531826076504 ], [ 3.510058765466554, 50.308351961744911 ], [ 3.510620480513791, 50.308349496116143 ], [ 3.510624332742253, 50.308709224742408 ], [ 3.510905192355178, 50.308707990894753 ], [ 3.51090711955806, 50.308887855191557 ], [ 3.510626258885806, 50.308889089047071 ], [ 3.510630111231565, 50.309248817639457 ], [ 3.510349248421075, 50.309250050832169 ], [ 3.510351173563917, 50.309429915127701 ], [ 3.51063203743377, 50.309428681927166 ], [ 3.510633963655522, 50.309608546209247 ], [ 3.50979136880925, 50.309612243798995 ] ] ] } },
{ "type": "Feature", "properties": { "surface_ha": 1.08 }, "geometry": { "type": "Polygon", "coordinates": [ [ [ 3.495744355602356, 50.309313241957398 ], [ 3.495742485565586, 50.309133377255165 ], [ 3.495461622793694, 50.309134574482698 ], [ 3.495459753835257, 50.308954709767221 ], [ 3.495178892103748, 50.308955906308725 ], [ 3.495177024223622, 50.308776041580025 ], [ 3.495457884895789, 50.308774845046131 ], [ 3.49545601597529, 50.30859498031937 ], [ 3.495175156362454, 50.308596176845668 ], [ 3.495171420696991, 50.308236447360024 ], [ 3.496575707978233, 50.308230458020226 ], [ 3.49657758109803, 50.308410322727866 ], [ 3.496858439556597, 50.308409122817011 ], [ 3.496862187971877, 50.308768852200117 ], [ 3.496581327394662, 50.308770052126192 ], [ 3.496586946982198, 50.30930964618134 ], [ 3.495744355602356, 50.309313241957398 ] ], [ [ 3.495742485565586, 50.309133377255165 ], [ 3.496023348318499, 50.309132179349206 ], [ 3.496021477241357, 50.308952314648941 ], [ 3.495740615547796, 50.308953512547305 ], [ 3.495742485565586, 50.309133377255165 ] ] ] } },
{ "type": "Feature", "properties": { "surface_ha": 2.05 }, "geometry": { "type": "Polygon", "coordinates": [ [ [ 3.479176972573943, 50.309742448270846 ], [ 3.479171549917152, 50.309202852858341 ], [ 3.478890686044473, 50.309204010057513 ], [ 3.478892492519012, 50.309383875207978 ], [ 3.478049897612871, 50.309387342756764 ], [ 3.478048094316466, 50.309207477584266 ], [ 3.477767230370511, 50.309208632069627 ], [ 3.477765428151777, 50.309028766884168 ], [ 3.478046291038363, 50.309027612406133 ], [ 3.478042684537066, 50.308667882032935 ], [ 3.478323545286647, 50.308666726891126 ], [ 3.478321741004117, 50.308486861703393 ], [ 3.47804088131387, 50.308488016837885 ], [ 3.478039078108975, 50.308308151637171 ], [ 3.479162512522745, 50.308303527058001 ], [ 3.479166127425473, 50.308663257395061 ], [ 3.480008709399194, 50.308659781793061 ], [ 3.480010520056109, 50.308839646931069 ], [ 3.480572243398745, 50.308837326456164 ], [ 3.48057043062314, 50.308657461332878 ], [ 3.480851291207522, 50.308656300085133 ], [ 3.480856732767598, 50.309195895415954 ], [ 3.480575869005153, 50.309197056685804 ], [ 3.480577681835955, 50.309376921792172 ], [ 3.480296816995735, 50.309378082390957 ], [ 3.480300440593753, 50.309737812601462 ], [ 3.479176972573943, 50.309742448270846 ] ], [ [ 3.479169742401581, 50.309022987709554 ], [ 3.479450605196548, 50.309021829839281 ], [ 3.479448796639965, 50.30884196469222 ], [ 3.479167934904354, 50.308843122555125 ], [ 3.479169742401581, 50.309022987709554 ] ] ] } },
{ "type": "Feature", "properties": { "surface_ha": 19.87 }, "geometry": { "type": "Polygon", "coordinates": [ [ [ 3.503075274534654, 50.311979842579014 ], [ 3.503063887609325, 50.310900655983588 ], [ 3.503344760459032, 50.310899440360963 ], [ 3.503342861646109, 50.310719575916359 ], [ 3.503623733417091, 50.31071835962296 ], [ 3.503621833563999, 50.310538495180403 ], [ 3.504183574929217, 50.310536060573668 ], [ 3.504181672976548, 50.310356196140923 ], [ 3.50361993373019, 50.310358630732225 ], [ 3.503618033915664, 50.310178766278383 ], [ 3.503898902489068, 50.310177549329687 ], [ 3.503897001634415, 50.309997684877928 ], [ 3.504177869129118, 50.309996467258493 ], [ 3.504175967234359, 50.309816602808795 ], [ 3.503614234344457, 50.309819037353748 ], [ 3.503612334587777, 50.309639172882953 ], [ 3.503050603739526, 50.309641604698626 ], [ 3.5030468085215, 50.309281875709239 ], [ 3.502765945187225, 50.309283090583975 ], [ 3.502769738286504, 50.309642819588788 ], [ 3.502488872814233, 50.309644033800481 ], [ 3.502490768333358, 50.309823898302128 ], [ 3.502209901782459, 50.309825111843068 ], [ 3.502213690759614, 50.310184840844812 ], [ 3.501932822070675, 50.310186053722688 ], [ 3.501938502502329, 50.310725647206056 ], [ 3.501657630615874, 50.310726859428542 ], [ 3.501663308042099, 50.311266452884148 ], [ 3.500539807590715, 50.311271295081525 ], [ 3.500537919334004, 50.311091430571246 ], [ 3.500257045232694, 50.311092639416692 ], [ 3.50025327089569, 50.310732910363818 ], [ 3.500534142878079, 50.310731701533761 ], [ 3.500530366498813, 50.310371972473646 ], [ 3.499687756850836, 50.310375596882494 ], [ 3.49968587186822, 50.310195732320956 ], [ 3.499124134126072, 50.310198145185844 ], [ 3.499120368455869, 50.309838416015253 ], [ 3.499401235217688, 50.309837209937349 ], [ 3.49939935135186, 50.309657345351233 ], [ 3.499680217035166, 50.309656138602534 ], [ 3.499676447242118, 50.309296409428669 ], [ 3.499114720093891, 50.309298822216995 ], [ 3.499112837344783, 50.309118957606287 ], [ 3.498831974801359, 50.309120162975127 ], [ 3.498830093130709, 50.308940298351111 ], [ 3.498268370105278, 50.308942707038199 ], [ 3.498274008818359, 50.309482300939123 ], [ 3.49799314409894, 50.309483504287918 ], [ 3.497996901217602, 50.30984323354226 ], [ 3.497716034360344, 50.309844436227863 ], [ 3.49771791188887, 50.310024300854195 ], [ 3.497998779805536, 50.310023098160968 ], [ 3.498000658412534, 50.310202962774 ], [ 3.497438920441318, 50.310205367497268 ], [ 3.497429538190928, 50.309306044299234 ], [ 3.497710401889095, 50.309304842314994 ], [ 3.497706647003542, 50.308945113011504 ], [ 3.497987508563943, 50.308943910364079 ], [ 3.497983751635941, 50.30858418105327 ], [ 3.49714117325359, 50.308587786914508 ], [ 3.497137422757727, 50.308228057535366 ], [ 3.497699137461093, 50.308225654336809 ], [ 3.497701014818124, 50.308405519013945 ], [ 3.497981873200538, 50.308404316389407 ], [ 3.497978116386925, 50.308044587044726 ], [ 3.496854691217405, 50.308049393411338 ], [ 3.496852817076341, 50.307869528700039 ], [ 3.496291106495982, 50.307871927797599 ], [ 3.496289234492491, 50.307692063065424 ], [ 3.497693505504321, 50.307686060271479 ], [ 3.497695382804193, 50.307865924965576 ], [ 3.499099658636065, 50.307859905173203 ], [ 3.499103423885873, 50.308219634468031 ], [ 3.499384281113549, 50.308218428459021 ], [ 3.499382397419796, 50.308038563822087 ], [ 3.499944109699192, 50.308036149784101 ], [ 3.499942223905991, 50.307856285156845 ], [ 3.49966136883514, 50.307857492507388 ], [ 3.499657599424687, 50.307497763220574 ], [ 3.499938452377001, 50.307496555885386 ], [ 3.499936566641216, 50.307316691241176 ], [ 3.500498270369912, 50.307314274550905 ], [ 3.500494494718814, 50.306954545276213 ], [ 3.501056194133931, 50.306952125903038 ], [ 3.501058084068359, 50.30713199052785 ], [ 3.50133893480638, 50.307130779815999 ], [ 3.501340825819228, 50.307310644427453 ], [ 3.501621677597297, 50.307309433029531 ], [ 3.501619785525208, 50.307129568425736 ], [ 3.501900636224835, 50.30712835635709 ], [ 3.501896850019819, 50.306768627147967 ], [ 3.502458547124527, 50.30676620100629 ], [ 3.502456651932426, 50.30658633640865 ], [ 3.503018346841784, 50.306583907568857 ], [ 3.503016449550526, 50.306404042980972 ], [ 3.503858988592532, 50.306400394656563 ], [ 3.503860889061375, 50.306580259221271 ], [ 3.504703431107371, 50.306576604768303 ], [ 3.504709142162569, 50.307116198358997 ], [ 3.504147441129247, 50.307118635385748 ], [ 3.504145539543313, 50.306938770845704 ], [ 3.503864690056923, 50.306939988333788 ], [ 3.503862789549505, 50.306760123780343 ], [ 3.503301092637305, 50.306762556705877 ], [ 3.503302991026291, 50.306942421274741 ], [ 3.503583840551247, 50.306941205143453 ], [ 3.503585740018726, 50.307121069698944 ], [ 3.503866590583632, 50.307119852881549 ], [ 3.503868491129628, 50.307299717423689 ], [ 3.50414934273448, 50.307298499920165 ], [ 3.504155047665982, 50.307838093489472 ], [ 3.50443590242931, 50.30783687528438 ], [ 3.504432097003814, 50.307477146259274 ], [ 3.505274654822308, 50.307473487619909 ], [ 3.505276560703175, 50.307653352112062 ], [ 3.505838267937321, 50.307650909611652 ], [ 3.505840175956067, 50.307830774082646 ], [ 3.506401885231289, 50.307828328853127 ], [ 3.506403795387957, 50.30800819330296 ], [ 3.506684651055771, 50.30800696966282 ], [ 3.506692296113536, 50.30872642737463 ], [ 3.506411436208502, 50.308727651045864 ], [ 3.5064152567351, 50.309087379883408 ], [ 3.506134394692004, 50.309088602891713 ], [ 3.506138213177438, 50.309448331722187 ], [ 3.505857348996247, 50.309449554067584 ], [ 3.505861165440433, 50.309809282890988 ], [ 3.505580299121111, 50.309810504573441 ], [ 3.505582206312859, 50.30999036898443 ], [ 3.505301338914783, 50.309991589996166 ], [ 3.50530324506648, 50.310171454409257 ], [ 3.505022376589649, 50.310172674750277 ], [ 3.50502999715217, 50.310892132377127 ], [ 3.505310869866744, 50.310890912005142 ], [ 3.505312776115179, 50.311070776389997 ], [ 3.504470154735074, 50.311074435493758 ], [ 3.504472057824438, 50.31125429989617 ], [ 3.50475293269661, 50.311253080865683 ], [ 3.504754836864775, 50.311432945254715 ], [ 3.504193084982147, 50.311435382652697 ], [ 3.504194987050648, 50.311615247051549 ], [ 3.503914110020876, 50.311616464740545 ], [ 3.503917912096774, 50.311976193536786 ], [ 3.503075274534654, 50.311979842579014 ] ], [ [ 3.504460639577987, 50.310175113396916 ], [ 3.504741508093482, 50.310173894412827 ], [ 3.504739604060601, 50.309994029984253 ], [ 3.504458736604516, 50.309995248960604 ], [ 3.504460639577987, 50.310175113396916 ] ], [ [ 3.499961082699339, 50.309654931175373 ], [ 3.500241948344372, 50.309653723069758 ], [ 3.500240061319522, 50.309473858500994 ], [ 3.49995919673387, 50.309475066598914 ], [ 3.499961082699339, 50.309654931175373 ] ], [ [ 3.500801790433358, 50.309471440269739 ], [ 3.501082654961521, 50.309470230136426 ], [ 3.501080764777715, 50.309290365585042 ], [ 3.501361628227323, 50.309289154780991 ], [ 3.501357845798559, 50.308929425676631 ], [ 3.500515261748308, 50.308933056007405 ], [ 3.500513373740729, 50.308753191423683 ], [ 3.499951653063407, 50.308755608236702 ], [ 3.499949767193643, 50.308575743632005 ], [ 3.499107189212113, 50.308579363740257 ], [ 3.499109071903893, 50.308759228367904 ], [ 3.499389932309521, 50.308758022335951 ], [ 3.49939181607975, 50.308937886950289 ], [ 3.499672677525596, 50.308936680232222 ], [ 3.499674562374293, 50.309116544833287 ], [ 3.499955424860356, 50.309115337429098 ], [ 3.49995353895231, 50.308935472835721 ], [ 3.500234400359885, 50.308934264760765 ], [ 3.500236287327279, 50.30911412934649 ], [ 3.500798012203659, 50.309111711145952 ], [ 3.500801790433358, 50.309471440269739 ] ], [ [ 3.500794234050652, 50.308751981999549 ], [ 3.501075094341402, 50.308750771896968 ], [ 3.501073204234333, 50.308570907323002 ], [ 3.500792345002909, 50.308572117417889 ], [ 3.500794234050652, 50.308751981999549 ] ], [ [ 3.50332197597589, 50.308741066652772 ], [ 3.503602836093599, 50.308739850444283 ], [ 3.503599036830894, 50.308380121429309 ], [ 3.50331817883182, 50.308381337622336 ], [ 3.50332197597589, 50.308741066652772 ] ], [ [ 3.503599036830894, 50.308380121429309 ], [ 3.503879894810686, 50.308378904557834 ], [ 3.503877994148951, 50.308199040049601 ], [ 3.504158851050152, 50.308197822507452 ], [ 3.504155047665982, 50.307838093489472 ], [ 3.503874192883353, 50.307839311016174 ], [ 3.503876093506507, 50.308019175535712 ], [ 3.503595237645307, 50.308020392391725 ], [ 3.503599036830894, 50.308380121429309 ] ], [ [ 3.501629246077685, 50.308028891388183 ], [ 3.502190958050332, 50.308026466495562 ], [ 3.502189063782865, 50.307846601929761 ], [ 3.501908208865431, 50.307847814707586 ], [ 3.50190631567646, 50.307667950128433 ], [ 3.501344607902503, 50.307670373633457 ], [ 3.501346498972931, 50.307850238228006 ], [ 3.501627353928782, 50.307849026806984 ], [ 3.501629246077685, 50.308028891388183 ] ], [ [ 3.501063753986731, 50.307671584368371 ], [ 3.501344607902503, 50.307670373633457 ], [ 3.50134271685127, 50.307490509033279 ], [ 3.501061863994758, 50.307491719760506 ], [ 3.501063753986731, 50.307671584368371 ] ], [ [ 3.500781011119065, 50.307492929809349 ], [ 3.501061863994758, 50.307491719760506 ], [ 3.501059974021968, 50.307311855147013 ], [ 3.500779122205526, 50.307313065188161 ], [ 3.500781011119065, 50.307492929809349 ] ], [ [ 3.502746980845723, 50.307484445221128 ], [ 3.503308686308853, 50.307482014947439 ], [ 3.503304889434543, 50.30712228583797 ], [ 3.502743188208387, 50.3071247160808 ], [ 3.502746980845723, 50.307484445221128 ] ] ] } },
{ "type": "Feature", "properties": { "surface_ha": 3.17 }, "geometry": { "type": "Polygon", "coordinates": [ [ [ 3.515681747984861, 50.30886677584791 ], [ 3.515679802773444, 50.308686911684852 ], [ 3.51483722487743, 50.30869064579241 ], [ 3.514835282863695, 50.308510781600013 ], [ 3.515116141122778, 50.308509537583816 ], [ 3.515114198069451, 50.308329673393658 ], [ 3.51455248365018, 50.308332160731844 ], [ 3.514550542735157, 50.308152296520248 ], [ 3.514831398895356, 50.308151053198259 ], [ 3.514825573090667, 50.307611460553254 ], [ 3.515106426053344, 50.307610216576535 ], [ 3.515108369027791, 50.307790080789282 ], [ 3.515389223030009, 50.307788836126257 ], [ 3.515385334982329, 50.307429107710888 ], [ 3.515104483098618, 50.307430352358132 ], [ 3.515100597248323, 50.307070623904359 ], [ 3.514819747463359, 50.307071867857395 ], [ 3.514817805627007, 50.306892003614145 ], [ 3.514536956881551, 50.306893246880897 ], [ 3.514535016124112, 50.30671338262411 ], [ 3.513973320692534, 50.306715867106703 ], [ 3.513969443473508, 50.306356138544636 ], [ 3.51425028908076, 50.306354896658313 ], [ 3.514252228739621, 50.306534760934291 ], [ 3.515094768620772, 50.30653103118135 ], [ 3.515098654352755, 50.306890759668988 ], [ 3.515660351745083, 50.306888269743531 ], [ 3.515654516821519, 50.306348677050991 ], [ 3.515373671312803, 50.306349922329218 ], [ 3.515371727436934, 50.306170058079154 ], [ 3.515652571886475, 50.306168812808849 ], [ 3.515648682075609, 50.305809084307604 ], [ 3.515929524387098, 50.305807838374733 ], [ 3.515927578452132, 50.305627974123546 ], [ 3.516489260897576, 50.305625480238575 ], [ 3.516493157023839, 50.305985208703653 ], [ 3.516212313692706, 50.305986456001158 ], [ 3.51621815485287, 50.306526048680141 ], [ 3.516499001361519, 50.306524801358925 ], [ 3.516516535442265, 50.3081435790196 ], [ 3.516235679400487, 50.308144826412068 ], [ 3.516243468602154, 50.308864283034922 ], [ 3.515681747984861, 50.30886677584791 ] ] ] } },
{ "type": "Feature", "properties": { "surface_ha": 1.08 }, "geometry": { "type": "Polygon", "coordinates": [ [ [ 3.483643477014883, 50.307025864661881 ], [ 3.483641652771664, 50.306845999563464 ], [ 3.483079953139204, 50.306848334801046 ], [ 3.483074486875914, 50.306308739427465 ], [ 3.482793640209578, 50.306309906006469 ], [ 3.482788177290259, 50.305770310559893 ], [ 3.483069020779051, 50.305769144003115 ], [ 3.483070842792846, 50.305949009150211 ], [ 3.483351687322318, 50.305947841907674 ], [ 3.483353510413786, 50.306127707041711 ], [ 3.48391520153557, 50.306125370506663 ], [ 3.483913376325742, 50.305945505387442 ], [ 3.484194220799674, 50.305944336109789 ], [ 3.484197873356224, 50.306304066327741 ], [ 3.484759566485213, 50.306301725707577 ], [ 3.484763223352729, 50.306661455873254 ], [ 3.484482374679096, 50.306662626537381 ], [ 3.484484202081468, 50.306842491619186 ], [ 3.483922502560127, 50.306844830927105 ], [ 3.483924327862578, 50.307024696018075 ], [ 3.483643477014883, 50.307025864661881 ] ] ] } },
{ "type": "Feature", "properties": { "surface_ha": 2.05 }, "geometry": { "type": "Polygon", "coordinates": [ [ [ 3.467345282661917, 50.306193157599104 ], [ 3.467343519944128, 50.306013292049713 ], [ 3.466781828793557, 50.306015548521778 ], [ 3.466780068212026, 50.30583568295242 ], [ 3.466499223669117, 50.305836810163747 ], [ 3.466497464164628, 50.305656944581564 ], [ 3.465935777143595, 50.305659196954807 ], [ 3.465934019775287, 50.305479331352714 ], [ 3.465653177297176, 50.305480456514637 ], [ 3.465651421005858, 50.305300590899776 ], [ 3.465370579569074, 50.305301715376174 ], [ 3.465363558818547, 50.304582252831736 ], [ 3.465082721600452, 50.304583376601265 ], [ 3.465080967516452, 50.304403510943914 ], [ 3.465923475939986, 50.304400137621677 ], [ 3.465926990480415, 50.304759868887921 ], [ 3.466207828704148, 50.304758743076221 ], [ 3.46620431204551, 50.304399011824266 ], [ 3.466765984203014, 50.304396758194422 ], [ 3.466767744641606, 50.30457662380892 ], [ 3.467048581752662, 50.304575495969303 ], [ 3.467050343268228, 50.304755361571011 ], [ 3.467331181420516, 50.304754233045919 ], [ 3.467338231898103, 50.305473695367638 ], [ 3.467619074269041, 50.305472566135528 ], [ 3.467626129269565, 50.306192028338344 ], [ 3.467345282661917, 50.306193157599104 ] ] ] } },
{ "type": "Feature", "properties": { "surface_ha": 4.45 }, "geometry": { "type": "Polygon", "coordinates": [ [ [ 3.486723656031321, 50.306113647128967 ], [ 3.486721820229706, 50.305933782084153 ], [ 3.486440975922973, 50.305934957467151 ], [ 3.486439141199156, 50.305755092409235 ], [ 3.48615829793297, 50.305756267106396 ], [ 3.486156464286929, 50.305576402035385 ], [ 3.486437306493959, 50.305575227345635 ], [ 3.486435471807382, 50.305395362276471 ], [ 3.486716312936646, 50.305394186915841 ], [ 3.486712641501095, 50.30503445677541 ], [ 3.486993480493469, 50.30503328075136 ], [ 3.486991643744527, 50.304853415680149 ], [ 3.487834157432423, 50.304849883560323 ], [ 3.487835997358705, 50.305029748609144 ], [ 3.488116836276451, 50.305028569871688 ], [ 3.488111313376325, 50.304488974730795 ], [ 3.487830477635881, 50.304490153445798 ], [ 3.487828637765619, 50.304310288380059 ], [ 3.487266968346887, 50.304312643760106 ], [ 3.487265130613437, 50.304132778673782 ], [ 3.486703463238241, 50.304135131325573 ], [ 3.486707134487494, 50.304494861522457 ], [ 3.486426298653796, 50.304496036845748 ], [ 3.48642079498507, 50.303956441519631 ], [ 3.486139962309965, 50.303957616142242 ], [ 3.486149129888861, 50.304856941694872 ], [ 3.485868291899742, 50.304858115676417 ], [ 3.485862794473856, 50.304318520339422 ], [ 3.485301124794391, 50.304320866222845 ], [ 3.485299294474432, 50.304141001084325 ], [ 3.484737626838805, 50.304143344239513 ], [ 3.484733970490835, 50.30378361391584 ], [ 3.48501480219982, 50.303782442692267 ], [ 3.485012972994626, 50.303602577529404 ], [ 3.485293803626007, 50.303601405634929 ], [ 3.485288312944752, 50.303061810134757 ], [ 3.485569140380506, 50.303060637584302 ], [ 3.485567309131573, 50.302880772413722 ], [ 3.486690614452657, 50.30287607545872 ], [ 3.48669244993757, 50.303055940599499 ], [ 3.486973277280294, 50.303054764657546 ], [ 3.486976950424026, 50.303414494907223 ], [ 3.487257779866134, 50.303413318272014 ], [ 3.487259617524985, 50.303593183380926 ], [ 3.48697878702385, 50.303594360023581 ], [ 3.486980623642313, 50.303774225134326 ], [ 3.487542286744005, 50.303771871155753 ], [ 3.487545964273064, 50.304131601330397 ], [ 3.488107631536325, 50.30412924460866 ], [ 3.488109472446983, 50.304309109672545 ], [ 3.48867114175365, 50.30430675022253 ], [ 3.488672984801151, 50.304486615265802 ], [ 3.488953820485512, 50.304485434515804 ], [ 3.488955664610805, 50.304665299545952 ], [ 3.488674827867356, 50.304666480303439 ], [ 3.488678514055882, 50.305026210361774 ], [ 3.488397675175514, 50.305027390455919 ], [ 3.488399517238712, 50.305207255484106 ], [ 3.488680357178203, 50.305206075382479 ], [ 3.488682200319228, 50.305385940397535 ], [ 3.488963041299146, 50.305384759610064 ], [ 3.488964885518021, 50.305564624611996 ], [ 3.488684043478961, 50.30556580540695 ], [ 3.488687729854546, 50.305925535408868 ], [ 3.48840688567846, 50.30592671554043 ], [ 3.488405043540479, 50.305746850534817 ], [ 3.488124200404863, 50.305748029980542 ], [ 3.488126041483678, 50.305927894993651 ], [ 3.48784519727021, 50.305929073768489 ], [ 3.487847037308534, 50.30610893878341 ], [ 3.486723656031321, 50.306113647128967 ] ], [ [ 3.485297464173048, 50.303961135940163 ], [ 3.485859129616252, 50.303958790086533 ], [ 3.485855464833033, 50.30359905981107 ], [ 3.485293803626007, 50.303601405634929 ], [ 3.485297464173048, 50.303961135940163 ] ] ] } },
{ "type": "Feature", "properties": { "surface_ha": 6.58 }, "geometry": { "type": "Polygon", "coordinates": [ [ [ 3.504136031903129, 50.306039448060751 ], [ 3.504134130432988, 50.305859583486829 ], [ 3.504414973544945, 50.305858365366753 ], [ 3.50441307103495, 50.305678500794905 ], [ 3.504132228982143, 50.305679718907243 ], [ 3.504130327550599, 50.305499854321994 ], [ 3.503849486537635, 50.30550107174826 ], [ 3.503843785536138, 50.304961477935535 ], [ 3.504124623371744, 50.304960260532425 ], [ 3.504122722017384, 50.304780395924631 ], [ 3.504403558774598, 50.304779177850932 ], [ 3.50440165638045, 50.304599313245198 ], [ 3.504682492059268, 50.304598094500896 ], [ 3.504678685210751, 50.304238365287958 ], [ 3.504959518752114, 50.304237145880805 ], [ 3.504957614297777, 50.3040572812736 ], [ 3.505238446760756, 50.304056061195865 ], [ 3.505236541266706, 50.303876196590757 ], [ 3.505517372651304, 50.303874975842483 ], [ 3.505515466117558, 50.303695111239449 ], [ 3.505796296423777, 50.303693889820572 ], [ 3.50579438885036, 50.303514025219663 ], [ 3.506075218078199, 50.303512803130261 ], [ 3.506073309465131, 50.30333293853144 ], [ 3.50635413761459, 50.303331715771485 ], [ 3.506352227961891, 50.303151851174789 ], [ 3.506633055032973, 50.303150627744294 ], [ 3.506631144340667, 50.302970763149723 ], [ 3.507192796306671, 50.302968314269364 ], [ 3.507190883515801, 50.302788449684684 ], [ 3.507471708410715, 50.302787224234841 ], [ 3.507469794580293, 50.302607359652278 ], [ 3.507750618396818, 50.302606133531924 ], [ 3.507748703526864, 50.302426268951535 ], [ 3.508310348983696, 50.302423814691551 ], [ 3.50831226597156, 50.302603679256386 ], [ 3.508593089729754, 50.30260245110118 ], [ 3.508596925881783, 50.30296218019835 ], [ 3.508877751738451, 50.30296095134927 ], [ 3.508881590086327, 50.303320680408241 ], [ 3.508600762111676, 50.303321909272917 ], [ 3.508602680255821, 50.303501773801713 ], [ 3.508321851202696, 50.303503001995878 ], [ 3.50832568543134, 50.303862731052149 ], [ 3.508044854240712, 50.303863958583612 ], [ 3.508046770325178, 50.30404382311103 ], [ 3.507765938056064, 50.30404504997194 ], [ 3.507767853100925, 50.304224914501532 ], [ 3.507487019753325, 50.304226140691917 ], [ 3.507490847783218, 50.304585869749708 ], [ 3.507210012298059, 50.304587095277306 ], [ 3.507211925283058, 50.304766959805505 ], [ 3.506931088719401, 50.304768184662571 ], [ 3.506934912629444, 50.30512791371757 ], [ 3.506654073928182, 50.305129137911834 ], [ 3.506655984853194, 50.305309002438619 ], [ 3.50637514507342, 50.305310225962309 ], [ 3.506378964863359, 50.30566995501448 ], [ 3.506098122945938, 50.305671177875325 ], [ 3.506100031810834, 50.305851042400697 ], [ 3.505819188814888, 50.30585226459096 ], [ 3.505821096639996, 50.306032129118435 ], [ 3.50525940847171, 50.306034571479337 ], [ 3.505257502764923, 50.305854706936373 ], [ 3.504695816637595, 50.305857146568322 ], [ 3.504697720226059, 50.30603701112679 ], [ 3.504136031903129, 50.306039448060751 ] ] ] } },
{ "type": "Feature", "properties": { "surface_ha": 1.4 }, "geometry": { "type": "Polygon", "coordinates": [ [ [ 3.464517543197048, 50.304225890756456 ], [ 3.464515791266808, 50.304046025073596 ], [ 3.463954123060639, 50.304048267821564 ], [ 3.463947123989884, 50.303328804976736 ], [ 3.463666294096366, 50.303329925304787 ], [ 3.463659299545764, 50.302610462341285 ], [ 3.463940125203246, 50.302609342041663 ], [ 3.463938375550978, 50.302429476293803 ], [ 3.465061673767308, 50.302424988340896 ], [ 3.465059919896912, 50.302245122615851 ], [ 3.465621566780385, 50.302242874583925 ], [ 3.465625078774877, 50.302602605999809 ], [ 3.465063427655501, 50.302604854060277 ], [ 3.465065181561496, 50.30278471977401 ], [ 3.464503528252939, 50.302786965135553 ], [ 3.464508783723637, 50.303326562285683 ], [ 3.464789613563851, 50.303325439922709 ], [ 3.464798378332546, 50.304224768357855 ], [ 3.464517543197048, 50.304225890756456 ] ] ] } },
{ "type": "Feature", "properties": { "surface_ha": 2.29 }, "geometry": { "type": "Polygon", "coordinates": [ [ [ 3.452710499806121, 50.303013356994626 ], [ 3.452707085168546, 50.302653624953741 ], [ 3.45242625880962, 50.30265471812141 ], [ 3.452422846359321, 50.302294986044117 ], [ 3.452142022101053, 50.302296078519625 ], [ 3.452135201644055, 50.301576614269656 ], [ 3.4518543816043, 50.30157770603914 ], [ 3.451849269619991, 50.30103810777171 ], [ 3.451568452739692, 50.30103919884214 ], [ 3.451559938406054, 50.300139868249026 ], [ 3.452402373111953, 50.300136593106807 ], [ 3.452405785146712, 50.300496325319401 ], [ 3.452686598798449, 50.300495232234979 ], [ 3.45269342731128, 50.301214696564777 ], [ 3.45297424518125, 50.301213602774332 ], [ 3.452979369924563, 50.301753200941661 ], [ 3.453260190953978, 50.301752106452113 ], [ 3.453267028423625, 50.302471570568493 ], [ 3.453547853671547, 50.302470475372864 ], [ 3.453552985132938, 50.303010073380115 ], [ 3.452710499806121, 50.303013356994626 ] ] ] } },
{ "type": "Feature", "properties": { "surface_ha": 1.89 }, "geometry": { "type": "Polygon", "coordinates": [ [ [ 3.479097456819339, 50.301828377131301 ], [ 3.479088423184644, 50.300929050174261 ], [ 3.478526792860472, 50.300931363218766 ], [ 3.478530402023791, 50.301291094047869 ], [ 3.478249584716452, 50.301292249567418 ], [ 3.47824778118453, 50.301112384148361 ], [ 3.477966964917785, 50.301113538982328 ], [ 3.47796516246305, 50.300933673550297 ], [ 3.477684347236895, 50.300934827698661 ], [ 3.477682545859326, 50.300754962253663 ], [ 3.478524988306283, 50.30075149779573 ], [ 3.47852137925284, 50.300391766932783 ], [ 3.478802191247502, 50.30039061077165 ], [ 3.478805802418658, 50.300750341619946 ], [ 3.479086616512709, 50.300749184765891 ], [ 3.479084809859107, 50.300569319351901 ], [ 3.479365622875962, 50.300568161826959 ], [ 3.479363815181845, 50.300388296414681 ], [ 3.479644627121505, 50.300387138218831 ], [ 3.479642818386892, 50.300207272808265 ], [ 3.479923629249356, 50.300206113941542 ], [ 3.479921819474268, 50.30002624853266 ], [ 3.480202629259539, 50.300025088995064 ], [ 3.480204440093456, 50.30020495439657 ], [ 3.480485250919178, 50.300203794173392 ], [ 3.480494310658711, 50.301103121059448 ], [ 3.480775126760348, 50.301101960121166 ], [ 3.480778752902675, 50.30146169082137 ], [ 3.479374661621726, 50.301467488803731 ], [ 3.479378277248452, 50.301827219554937 ], [ 3.479097456819339, 50.301828377131301 ] ] ] } },
{ "type": "Feature", "properties": { "surface_ha": 9.87 }, "geometry": { "type": "Polygon", "coordinates": [ [ [ 3.508891186296865, 50.304220002956789 ], [ 3.5088892670158, 50.304040138458355 ], [ 3.508608434805057, 50.30404136735423 ], [ 3.508606516602512, 50.303861502842381 ], [ 3.508887347754216, 50.303860273954307 ], [ 3.508883509289479, 50.303500544929229 ], [ 3.509164338303659, 50.30349931537846 ], [ 3.5091624180415, 50.303319450865246 ], [ 3.509443245977184, 50.303318220643966 ], [ 3.509439403393348, 50.302958491616231 ], [ 3.509720229191553, 50.302957260732256 ], [ 3.509718306869908, 50.302777396217735 ], [ 3.509999131589631, 50.302776164663278 ], [ 3.509997208228532, 50.302596300150931 ], [ 3.510278031869773, 50.302595067926042 ], [ 3.510276107469239, 50.302415203415833 ], [ 3.510556930031999, 50.302413970520469 ], [ 3.510553079171647, 50.302054241498794 ], [ 3.510272258726759, 50.302055474378506 ], [ 3.510274183088234, 50.302235338899983 ], [ 3.50971254002202, 50.302237802640235 ], [ 3.509714462285142, 50.302417667171731 ], [ 3.509152817023013, 50.3024201282145 ], [ 3.509147056645758, 50.301880534556247 ], [ 3.509427876109778, 50.301879304397438 ], [ 3.509425954964088, 50.301699439841187 ], [ 3.509987591715806, 50.301696977504356 ], [ 3.509985668471816, 50.301517112958102 ], [ 3.510266485759504, 50.301515880780109 ], [ 3.510264561476143, 50.301336016236029 ], [ 3.510545377685417, 50.301334783387603 ], [ 3.510543452362707, 50.301154918845704 ], [ 3.511105082604875, 50.301152451129759 ], [ 3.511103155183972, 50.300972586597879 ], [ 3.512226411198046, 50.300967643058399 ], [ 3.512224479561286, 50.300787778552213 ], [ 3.512505292456972, 50.300786540979594 ], [ 3.512503359780971, 50.300606676475624 ], [ 3.5127841715982, 50.300605438232616 ], [ 3.512782237882981, 50.300425573730855 ], [ 3.513063048621757, 50.300424334817478 ], [ 3.513061113867339, 50.300244470317899 ], [ 3.513622733168337, 50.300241990472216 ], [ 3.513620796315934, 50.300062125982734 ], [ 3.513901604878145, 50.300060885050421 ], [ 3.513899666986601, 50.299881020563184 ], [ 3.514180474470348, 50.299879778960516 ], [ 3.51417853553968, 50.299699914475518 ], [ 3.514459341944964, 50.299698672202517 ], [ 3.514457401975196, 50.299518807719728 ], [ 3.514738207302018, 50.299517564776423 ], [ 3.514736266293171, 50.299337700295879 ], [ 3.515297874770182, 50.299335212390403 ], [ 3.515295931663522, 50.299155347920006 ], [ 3.515576734813702, 50.299154102957864 ], [ 3.515578678979115, 50.299333967420367 ], [ 3.515859483168319, 50.299332721772124 ], [ 3.515861428412225, 50.299512586221063 ], [ 3.515580623164257, 50.299513831877235 ], [ 3.515582567369128, 50.299693696328418 ], [ 3.515301761042655, 50.299694941314272 ], [ 3.515309533824231, 50.300414399094187 ], [ 3.515590344385913, 50.300413154076736 ], [ 3.515598121718388, 50.301132611734658 ], [ 3.515036492104541, 50.301135101154514 ], [ 3.515038434369245, 50.301314965570661 ], [ 3.514195986624055, 50.301318694637267 ], [ 3.514197925731819, 50.301498559071412 ], [ 3.513074657560581, 50.301503521696148 ], [ 3.513076592452442, 50.301683386156164 ], [ 3.512514956131175, 50.301685863414747 ], [ 3.512516888924857, 50.301865727884824 ], [ 3.511674431119155, 50.301869438709247 ], [ 3.511676360755697, 50.302049303197244 ], [ 3.51195718110278, 50.302048066926169 ], [ 3.511959111817835, 50.302227931400679 ], [ 3.512239933204253, 50.302226694443483 ], [ 3.512241864997841, 50.302406558904494 ], [ 3.512522687423595, 50.302405321261162 ], [ 3.512526553187495, 50.302765050150477 ], [ 3.512807377711543, 50.302763811813179 ], [ 3.51280931168189, 50.302943676241519 ], [ 3.513090137245282, 50.302942437218071 ], [ 3.513094007362828, 50.30330216604203 ], [ 3.512813179681461, 50.303303405081209 ], [ 3.512815113710688, 50.303483269492581 ], [ 3.512253456171074, 50.303485745551761 ], [ 3.512255388101899, 50.303665609973187 ], [ 3.511974558243662, 50.303666846993167 ], [ 3.51197648913507, 50.303846711416824 ], [ 3.511695658198212, 50.303847947766343 ], [ 3.511697588050178, 50.304027812192167 ], [ 3.511416756034697, 50.304029047871225 ], [ 3.511414827241768, 50.303849183437542 ], [ 3.511133996265751, 50.303850418430436 ], [ 3.511130140856658, 50.303490689530449 ], [ 3.510568483082027, 50.303493157449957 ], [ 3.51057040865876, 50.303673021918456 ], [ 3.51028957868311, 50.303674254868589 ], [ 3.510291503220357, 50.303854119339235 ], [ 3.50972984109242, 50.30385658322021 ], [ 3.509731763531122, 50.304036447700852 ], [ 3.509450931378844, 50.30403767863168 ], [ 3.509452852778006, 50.304217543114483 ], [ 3.508891186296865, 50.304220002956789 ] ], [ [ 3.511680220087531, 50.302409032156262 ], [ 3.511961042552482, 50.302407795869499 ], [ 3.511959111817835, 50.302227931400679 ], [ 3.511678290411824, 50.302229167679577 ], [ 3.511680220087531, 50.302409032156262 ] ], [ [ 3.510553079171647, 50.302054241498794 ], [ 3.510833899596996, 50.302053007940806 ], [ 3.510831973137211, 50.301873143429319 ], [ 3.510551153770781, 50.301874376979498 ], [ 3.510553079171647, 50.302054241498794 ] ], [ [ 3.510831973137211, 50.301873143429319 ], [ 3.51111279248409, 50.301871909200891 ], [ 3.511110864984945, 50.301692044691592 ], [ 3.510830046696975, 50.301693278912175 ], [ 3.510831973137211, 50.301873143429319 ] ], [ [ 3.511110864984945, 50.301692044691592 ], [ 3.511672501502194, 50.301689574215644 ], [ 3.511670571904816, 50.301509709716342 ], [ 3.511108937505361, 50.30151218017663 ], [ 3.511110864984945, 50.301692044691592 ] ] ] } },
{ "type": "Feature", "properties": { "surface_ha": 2.33 }, "geometry": { "type": "Polygon", "coordinates": [ [ [ 3.483028941153471, 50.301812109339245 ], [ 3.483027119564919, 50.301632244062361 ], [ 3.482184662116963, 50.301635741187113 ], [ 3.482182843723632, 50.301455875882382 ], [ 3.481902025596304, 50.301457040226708 ], [ 3.481900208280331, 50.301277174908947 ], [ 3.482181025348757, 50.301276010572003 ], [ 3.482179206992333, 50.301096145255997 ], [ 3.482460022983414, 50.301094980248195 ], [ 3.482458203586564, 50.300915114933943 ], [ 3.482177388654363, 50.300916279934341 ], [ 3.482173752033781, 50.300556549274098 ], [ 3.482454564848252, 50.300555384288486 ], [ 3.482449106879257, 50.30001578827796 ], [ 3.482168297241297, 50.300016953241411 ], [ 3.482164660805233, 50.299657222524736 ], [ 3.482445468325571, 50.299656057576072 ], [ 3.482443649076421, 50.299476192216652 ], [ 3.483005261944115, 50.299473860299493 ], [ 3.483003440595859, 50.299293994949231 ], [ 3.483284245943204, 50.2992928279807 ], [ 3.483287890775774, 50.299652558660775 ], [ 3.484130313059531, 50.299649053641495 ], [ 3.484133964318934, 50.300008784254501 ], [ 3.483853154791909, 50.300009953287315 ], [ 3.483851330211759, 50.299830087976233 ], [ 3.483570521725032, 50.29983125632338 ], [ 3.483585110413872, 50.301270178713459 ], [ 3.483304293437819, 50.301271346441688 ], [ 3.483309761324756, 50.301810942267075 ], [ 3.483028941153471, 50.301812109339245 ] ] ] } },
{ "type": "Feature", "properties": { "surface_ha": 4.66 }, "geometry": { "type": "Polygon", "coordinates": [ [ [ 3.497073675974255, 50.302112654634406 ], [ 3.497066177798677, 50.301393195040482 ], [ 3.496785360664185, 50.301394395332643 ], [ 3.496768500411559, 50.299775610847448 ], [ 3.496487692787673, 50.299776810392821 ], [ 3.496483948391556, 50.299417080429926 ], [ 3.495922337321946, 50.299419477455587 ], [ 3.495920467269927, 50.299239612450442 ], [ 3.496201271755456, 50.299238414284289 ], [ 3.496199400663654, 50.299058549281121 ], [ 3.497041810829987, 50.29905495073632 ], [ 3.497039936580926, 50.298875085750318 ], [ 3.498163145634716, 50.298870278226254 ], [ 3.498161267169722, 50.29869041326512 ], [ 3.499003670583736, 50.298686800523939 ], [ 3.49900931556464, 50.299226395321625 ], [ 3.498728511269472, 50.299227600269816 ], [ 3.498737914658928, 50.300126924857935 ], [ 3.498457105050722, 50.300128129166119 ], [ 3.498468383394798, 50.301207318531375 ], [ 3.498187567414416, 50.30120852220719 ], [ 3.498195082456374, 50.30192798170166 ], [ 3.497914262221309, 50.301929184729758 ], [ 3.497916139970533, 50.302109049596865 ], [ 3.497073675974255, 50.302112654634406 ] ] ] } },
{ "type": "Feature", "properties": { "surface_ha": 13.44 }, "geometry": { "type": "Polygon", "coordinates": [ [ [ 3.523755568254579, 50.302355259342349 ], [ 3.523751617854847, 50.301995531065813 ], [ 3.523189978804993, 50.301998059904101 ], [ 3.523188005753008, 50.301818195741312 ], [ 3.522345550204804, 50.30182198388772 ], [ 3.522343580349536, 50.301642119695231 ], [ 3.521501127798111, 50.301645901713286 ], [ 3.521493261283392, 50.300926444790861 ], [ 3.521212447961808, 50.300927704075065 ], [ 3.521208516941871, 50.300567975563943 ], [ 3.520646894474234, 50.300570492065702 ], [ 3.520648857856559, 50.30075035634006 ], [ 3.520368045534016, 50.300751613581561 ], [ 3.520370007877419, 50.300931477858228 ], [ 3.519808381054906, 50.300933990322491 ], [ 3.519810341300508, 50.301113854609454 ], [ 3.518967897740997, 50.301117618242905 ], [ 3.518965940671965, 50.300937753932061 ], [ 3.518685127171251, 50.300939007112106 ], [ 3.518683171180927, 50.300759142787633 ], [ 3.518402358719211, 50.300760395281486 ], [ 3.518396494043813, 50.300220802250365 ], [ 3.517273256704589, 50.30022580534817 ], [ 3.517275207341286, 50.300405669729287 ], [ 3.516994396898149, 50.300406918816094 ], [ 3.517002195407513, 50.301126376315743 ], [ 3.516721380709217, 50.30112762475602 ], [ 3.51670774093736, 50.299868574016855 ], [ 3.516988548223863, 50.299867325632043 ], [ 3.516990497762174, 50.300047190032373 ], [ 3.51811373094542, 50.300042189679218 ], [ 3.518111777171928, 50.299862325310599 ], [ 3.517550162737507, 50.299864826827765 ], [ 3.517548211101409, 50.299684962437624 ], [ 3.516986598705335, 50.299687461226043 ], [ 3.516984649206591, 50.299507596814408 ], [ 3.516703844037647, 50.299508845183382 ], [ 3.516701895617449, 50.299328980758176 ], [ 3.516421091487496, 50.299330228441043 ], [ 3.516417196823912, 50.298970499557825 ], [ 3.516136394791694, 50.298971746546641 ], [ 3.516134448548275, 50.298791882088672 ], [ 3.516415249521761, 50.29879063510775 ], [ 3.516413302239371, 50.298610770652033 ], [ 3.515851702390089, 50.298613263919847 ], [ 3.515849757244881, 50.298433399442629 ], [ 3.516130556120685, 50.29843215315573 ], [ 3.516128609936514, 50.298252288680793 ], [ 3.516409407733871, 50.298251041723631 ], [ 3.516407460510759, 50.298071177250932 ], [ 3.516688257229668, 50.298069929623516 ], [ 3.51668630896764, 50.297890065153112 ], [ 3.5169671046081, 50.297888816855426 ], [ 3.516965155307175, 50.297708952387296 ], [ 3.517245949869187, 50.297707703419363 ], [ 3.517243999529387, 50.297527838953492 ], [ 3.517524793012954, 50.297526589315339 ], [ 3.517522841634299, 50.297346724851764 ], [ 3.517803634039421, 50.29734547454337 ], [ 3.517801681621934, 50.297165610082068 ], [ 3.518082472948609, 50.297164359103455 ], [ 3.518080519492313, 50.296984494644462 ], [ 3.518361309740542, 50.296983242995658 ], [ 3.518359355245456, 50.296803378538918 ], [ 3.51864014441524, 50.296802126219923 ], [ 3.51864405554248, 50.297161855111824 ], [ 3.518924846809654, 50.297160602098749 ], [ 3.518930716825274, 50.297700195370375 ], [ 3.519211511248523, 50.29769894165532 ], [ 3.519221300298437, 50.298598263621884 ], [ 3.519502099995248, 50.298597009188839 ], [ 3.519511894835552, 50.299496330974321 ], [ 3.519792699806183, 50.299495075823295 ], [ 3.519794659892652, 50.299674940155455 ], [ 3.519513853863252, 50.299676195314461 ], [ 3.519515812910831, 50.299856059648967 ], [ 3.52260468978506, 50.299842215510473 ], [ 3.522602719090891, 50.299662351263862 ], [ 3.524568359340402, 50.299653498686268 ], [ 3.524574293717478, 50.300193091240679 ], [ 3.524293484851318, 50.300194357953373 ], [ 3.524303370587109, 50.30109367880457 ], [ 3.524022556406727, 50.30109494487921 ], [ 3.524032437349712, 50.301994265629276 ], [ 3.524313256824521, 50.301992999514475 ], [ 3.524315234132202, 50.302172863639491 ], [ 3.524034413598474, 50.302174129762328 ], [ 3.524036389867292, 50.302353993889746 ], [ 3.523755568254579, 50.302355259342349 ] ] ] } },
{ "type": "Feature", "properties": { "surface_ha": 6.06 }, "geometry": { "type": "Polygon", "coordinates": [ [ [ 3.509670255168329, 50.298280781518507 ], [ 3.50966641155881, 50.297921052190048 ], [ 3.50938561540782, 50.297922282855311 ], [ 3.509381773993643, 50.297562553488653 ], [ 3.509100979940499, 50.297563783460113 ], [ 3.509097140721576, 50.297204054055236 ], [ 3.508816348766248, 50.297205283332964 ], [ 3.508810593259815, 50.29666568915988 ], [ 3.509091382039283, 50.296664459905578 ], [ 3.509089462517476, 50.296484595177716 ], [ 3.50965103790077, 50.296482134650269 ], [ 3.509649116281265, 50.296302269932347 ], [ 3.510210689469387, 50.296299806708006 ], [ 3.510208765752229, 50.296119942000104 ], [ 3.510770336745117, 50.296117476078862 ], [ 3.510768410930349, 50.295937611380971 ], [ 3.511329979727942, 50.2959351427629 ], [ 3.511328051815606, 50.295755278074978 ], [ 3.511889618417839, 50.295752806760078 ], [ 3.511887688407983, 50.295572942082224 ], [ 3.512449252814795, 50.295570468070572 ], [ 3.512453117088282, 50.295930197389232 ], [ 3.512733901379379, 50.29592895935054 ], [ 3.512741634395946, 50.296648417888662 ], [ 3.513022422901741, 50.296647179140379 ], [ 3.513026291644954, 50.297006908359819 ], [ 3.513307082248343, 50.297005668917663 ], [ 3.513310953187337, 50.297365398098783 ], [ 3.513030160466681, 50.297366637556678 ], [ 3.51303209490699, 50.297546502146602 ], [ 3.512470507289504, 50.297548979043633 ], [ 3.512472439632123, 50.297728843643661 ], [ 3.511910849818885, 50.297731317843734 ], [ 3.511912780063769, 50.297911182453781 ], [ 3.51135118805484, 50.297913653956876 ], [ 3.511353116201948, 50.298093518576984 ], [ 3.510791521997388, 50.298095987383071 ], [ 3.510793448046675, 50.298275852013184 ], [ 3.509670255168329, 50.298280781518507 ] ] ] } },
{ "type": "Feature", "properties": { "surface_ha": 26.65 }, "geometry": { "type": "Polygon", "coordinates": [ [ [ 3.472103646684253, 50.304555078860155 ], [ 3.472100085579503, 50.304195347899018 ], [ 3.471819250910057, 50.30419648793427 ], [ 3.471817471443859, 50.304016622438006 ], [ 3.472098305054233, 50.304015482409973 ], [ 3.472094744057904, 50.303655751414951 ], [ 3.471813912565642, 50.30365689142851 ], [ 3.471810353759659, 50.303297160396468 ], [ 3.471529524367407, 50.303298299717255 ], [ 3.471531302702339, 50.303478165243334 ], [ 3.471250472233011, 50.303479303893049 ], [ 3.471243363237616, 50.30275984172598 ], [ 3.470962536986306, 50.30276097966847 ], [ 3.470946552332244, 50.301142189397645 ], [ 3.470665735593404, 50.301143326596893 ], [ 3.470649761928842, 50.299524535804174 ], [ 3.470930569138056, 50.299523398669855 ], [ 3.470927017515361, 50.299163667334952 ], [ 3.470084602186431, 50.299167076659941 ], [ 3.470081056988421, 50.298807345259192 ], [ 3.470361859998532, 50.298806209510182 ], [ 3.470360086367758, 50.298626343808579 ], [ 3.470921690216473, 50.298624070290316 ], [ 3.470919914486217, 50.298444204597487 ], [ 3.47120071532481, 50.298443066828277 ], [ 3.471198938553846, 50.298263201137019 ], [ 3.47147973831568, 50.298262062696843 ], [ 3.471477960504025, 50.298082197007197 ], [ 3.471758759189101, 50.298081057896063 ], [ 3.471756980336781, 50.297901192207974 ], [ 3.472318575535355, 50.297898911965625 ], [ 3.472316794583695, 50.297719046286382 ], [ 3.472597591097183, 50.297717905155167 ], [ 3.472595809104911, 50.297538039477516 ], [ 3.47287660454163, 50.297536897675386 ], [ 3.472874821508767, 50.297357031999319 ], [ 3.47315561586872, 50.297355889526258 ], [ 3.473153831795288, 50.297176023851819 ], [ 3.473715418343546, 50.297173736885703 ], [ 3.473713632170914, 50.296993871220138 ], [ 3.473994424359208, 50.29699272672709 ], [ 3.473992637146061, 50.296812861063152 ], [ 3.47427342825758, 50.296811715899231 ], [ 3.474271640003936, 50.296631850236906 ], [ 3.474833220055269, 50.296629557889133 ], [ 3.474829639367968, 50.296269826576648 ], [ 3.475110427249162, 50.296268679400079 ], [ 3.475112218642335, 50.296448545051859 ], [ 3.475393007563959, 50.296447397189858 ], [ 3.475394800033929, 50.296627262828764 ], [ 3.475675589995981, 50.296626114281331 ], [ 3.475680970690944, 50.297165711142164 ], [ 3.475961763810712, 50.297164561894725 ], [ 3.475967147845491, 50.297704158682905 ], [ 3.475686351549709, 50.297705307952214 ], [ 3.47568455791192, 50.297525442354527 ], [ 3.475403762656618, 50.297526590938361 ], [ 3.475405555235726, 50.297706456543374 ], [ 3.47512475890355, 50.297707604456335 ], [ 3.475126550442155, 50.297887470062982 ], [ 3.475407347833023, 50.29788632214273 ], [ 3.475409140448512, 50.29806618773646 ], [ 3.476532334064781, 50.298061589244448 ], [ 3.476534130933315, 50.298241454803325 ], [ 3.476814930350539, 50.298240303477584 ], [ 3.476813132423289, 50.298060437925983 ], [ 3.479340316827575, 50.29805004554153 ], [ 3.479331279824398, 50.297150718028703 ], [ 3.479612072706583, 50.29714955996517 ], [ 3.479610264302323, 50.296969694453011 ], [ 3.48017184789434, 50.296967376306121 ], [ 3.480170037391158, 50.296787510803057 ], [ 3.480731618792416, 50.296785189958271 ], [ 3.480729806190358, 50.296605324464281 ], [ 3.481010595804778, 50.296604163032043 ], [ 3.481008782162501, 50.296424297539751 ], [ 3.481289570699905, 50.296423135436747 ], [ 3.48128775601743, 50.29624326994621 ], [ 3.48184933091978, 50.296240943720505 ], [ 3.481847514138538, 50.296061078239092 ], [ 3.482128300503473, 50.296059914116412 ], [ 3.482126482682085, 50.295880048636739 ], [ 3.48268805323945, 50.295877718371756 ], [ 3.48268623331937, 50.295697852901235 ], [ 3.482967017511789, 50.295696686758966 ], [ 3.482965196551619, 50.295516821290192 ], [ 3.484088328902181, 50.295512149969461 ], [ 3.484091979309498, 50.295871880842057 ], [ 3.483811194132487, 50.295873049704248 ], [ 3.483822139447322, 50.296952242231136 ], [ 3.484945305450707, 50.296947562535394 ], [ 3.484947133969204, 50.297127427907107 ], [ 3.482981585858374, 50.297135610305979 ], [ 3.482983406984853, 50.297315475723934 ], [ 3.482702613264932, 50.297316641932817 ], [ 3.482704433351226, 50.297496507352569 ], [ 3.481862048904695, 50.297500001932399 ], [ 3.481863865833429, 50.297679867368672 ], [ 3.481302273992849, 50.297682193712475 ], [ 3.481304088822647, 50.297862059157858 ], [ 3.481023291816041, 50.297863221319879 ], [ 3.481025105605555, 50.298043086767024 ], [ 3.480463509419737, 50.298045409071243 ], [ 3.480465321110237, 50.298225274527454 ], [ 3.480184521931037, 50.298226434669658 ], [ 3.4801863325812, 50.298406300127596 ], [ 3.479624732050245, 50.29840861839218 ], [ 3.479630157758526, 50.298948214776253 ], [ 3.479910961209414, 50.298947055961001 ], [ 3.479914580557574, 50.299306786840802 ], [ 3.480195386107637, 50.299305627332629 ], [ 3.480199007646837, 50.29966535817514 ], [ 3.478514161365704, 50.299672305139119 ], [ 3.478512356939698, 50.299492439676619 ], [ 3.478231550220823, 50.299493595122826 ], [ 3.478233353588029, 50.299673460592686 ], [ 3.477671737977791, 50.299675769465139 ], [ 3.477669936728179, 50.299495903980613 ], [ 3.476827516352151, 50.29949936218069 ], [ 3.476834708754492, 50.300218824172617 ], [ 3.476553897690712, 50.300219975578756 ], [ 3.476559289007507, 50.300759572035389 ], [ 3.476278474748931, 50.300760722785206 ], [ 3.476271290598404, 50.300041260802537 ], [ 3.475709670497369, 50.300043560209048 ], [ 3.475711464389997, 50.300223425727772 ], [ 3.475430653253337, 50.300224574420973 ], [ 3.475432446105326, 50.300404439941353 ], [ 3.474309197141473, 50.300409027960882 ], [ 3.474305619926396, 50.300049296856258 ], [ 3.473463189365919, 50.300052730705822 ], [ 3.473461403962076, 50.29987286512327 ], [ 3.472899785615462, 50.299875150950626 ], [ 3.472901568901657, 50.300055016547681 ], [ 3.472620758642377, 50.300056158451255 ], [ 3.472618976415005, 50.299876292846967 ], [ 3.472338167196461, 50.299877434065067 ], [ 3.472345291979102, 50.300596896477437 ], [ 3.47206447850712, 50.300598037046264 ], [ 3.472071599343443, 50.301317499397335 ], [ 3.47235241705096, 50.301316358799561 ], [ 3.472354198364116, 50.30149622436597 ], [ 3.472635017112467, 50.301495083082671 ], [ 3.472640364337197, 50.302034679726383 ], [ 3.472921186244253, 50.302033537743085 ], [ 3.472922969747627, 50.302213403272447 ], [ 3.472642146781617, 50.302214545262977 ], [ 3.472645711724727, 50.302574276319305 ], [ 3.472926536808675, 50.302573134314287 ], [ 3.472933671147974, 50.303292596330188 ], [ 3.472652841828019, 50.303293738364246 ], [ 3.472659972220761, 50.304013200318892 ], [ 3.472940805776892, 50.304012058255864 ], [ 3.472944373199963, 50.30437178918487 ], [ 3.472663537525678, 50.304372931262392 ], [ 3.472665320205274, 50.304552796725666 ], [ 3.472103646684253, 50.304555078860155 ] ], [ [ 3.471495739432425, 50.299880853650009 ], [ 3.472057357959843, 50.299878574604953 ], [ 3.472055577868185, 50.299698708980493 ], [ 3.471774769672316, 50.299699848834948 ], [ 3.471772990657528, 50.299519983197605 ], [ 3.471492183502409, 50.299521122366578 ], [ 3.471495739432425, 50.299880853650009 ] ], [ [ 3.475702495108898, 50.299324098077747 ], [ 3.476264106739489, 50.299321798729615 ], [ 3.476258719036666, 50.298782202115632 ], [ 3.475697113758681, 50.298784501419988 ], [ 3.475702495108898, 50.299324098077747 ] ], [ [ 3.474014084900859, 50.298971248658169 ], [ 3.474294888716771, 50.298970103407029 ], [ 3.474291311792093, 50.298610372212153 ], [ 3.474010510093685, 50.298611517448748 ], [ 3.474014084900859, 50.298971248658169 ] ], [ [ 3.474284158160517, 50.297890909754678 ], [ 3.474564955605893, 50.297889763868959 ], [ 3.474563166184673, 50.29770989824776 ], [ 3.474282369797993, 50.29771104412621 ], [ 3.474284158160517, 50.297890909754678 ] ], [ [ 3.474563166184673, 50.29770989824776 ], [ 3.474843962553197, 50.297708751691154 ], [ 3.474842172091455, 50.297528886071568 ], [ 3.474561376781614, 50.297530032620905 ], [ 3.474563166184673, 50.29770989824776 ] ] ] } },
{ "type": "Feature", "properties": { "surface_ha": 2.57 }, "geometry": { "type": "Polygon", "coordinates": [ [ [ 3.47623896552952, 50.296803680763368 ], [ 3.476235374219654, 50.29644394953506 ], [ 3.47595458535263, 50.29644509943148 ], [ 3.475952790783635, 50.29626523380157 ], [ 3.475672002957006, 50.296266383012544 ], [ 3.475670209464819, 50.296086517369709 ], [ 3.475389422678587, 50.296087665895257 ], [ 3.475387630263182, 50.295907800239476 ], [ 3.476510773064531, 50.295903202097634 ], [ 3.476508976433017, 50.295723336465386 ], [ 3.47678976102923, 50.295722185241907 ], [ 3.47678616570378, 50.295362453975102 ], [ 3.477066948164637, 50.295361302088111 ], [ 3.477065149470732, 50.295181436453554 ], [ 3.477907493568127, 50.295177976745805 ], [ 3.477905691716883, 50.294998111127541 ], [ 3.478186471987598, 50.294996956542725 ], [ 3.478184669096119, 50.294817090926166 ], [ 3.478465448290021, 50.294815935670584 ], [ 3.478463644358329, 50.294636070055695 ], [ 3.479025200574194, 50.294633757524871 ], [ 3.479030618775294, 50.295173354308524 ], [ 3.478749837500966, 50.295174510935013 ], [ 3.478751642546114, 50.295354376525609 ], [ 3.479032424878981, 50.295353219891787 ], [ 3.479034231000995, 50.295533085469401 ], [ 3.4781918807718, 50.295536553358559 ], [ 3.478193683736457, 50.295716418952559 ], [ 3.47847446822306, 50.295715263660291 ], [ 3.478476272264584, 50.295895129241302 ], [ 3.47819548671941, 50.295896284540873 ], [ 3.478197289720657, 50.296076150123582 ], [ 3.477916503098603, 50.296077304752366 ], [ 3.477918305059553, 50.296257170336759 ], [ 3.47763751736062, 50.296258324294726 ], [ 3.47763931828125, 50.296438189880789 ], [ 3.47707774071136, 50.296440495776935 ], [ 3.477079539533033, 50.296620361372007 ], [ 3.476798749662086, 50.296621513310164 ], [ 3.476800547443385, 50.296801378906885 ], [ 3.47623896552952, 50.296803680763368 ] ] ] } },
{ "type": "Feature", "properties": { "surface_ha": 1.81 }, "geometry": { "type": "Polygon", "coordinates": [ [ [ 3.514139761057925, 50.296102623588737 ], [ 3.514137822540398, 50.295922758985107 ], [ 3.513857038347493, 50.295924000414431 ], [ 3.513853163488539, 50.295564271174406 ], [ 3.513572381393065, 50.295565511909871 ], [ 3.513564636145122, 50.294846053330495 ], [ 3.513283858264058, 50.294847293356369 ], [ 3.51327805270983, 50.294307699338951 ], [ 3.514120376767787, 50.294303977297886 ], [ 3.514118438446952, 50.294124112637725 ], [ 3.514679985603694, 50.294121627902385 ], [ 3.51468386649887, 50.294481357185511 ], [ 3.514964642164631, 50.294480113784964 ], [ 3.514974350039628, 50.295379436854461 ], [ 3.514693569081385, 50.2953806802945 ], [ 3.514699390867187, 50.295920274092076 ], [ 3.514418606713633, 50.295921516877648 ], [ 3.514420546289723, 50.296101381473413 ], [ 3.514139761057925, 50.296102623588737 ] ] ] } },
{ "type": "Feature", "properties": { "surface_ha": 1.61 }, "geometry": { "type": "Polygon", "coordinates": [ [ [ 3.470331710722972, 50.295748491815488 ], [ 3.470329937398136, 50.295568626017975 ], [ 3.470049153443902, 50.295569761637275 ], [ 3.470047381195618, 50.295389895826922 ], [ 3.469766598281959, 50.295391030760911 ], [ 3.469764827110204, 50.295211164937712 ], [ 3.470045608965318, 50.295210030010942 ], [ 3.470043836752999, 50.295030164189264 ], [ 3.470324617531594, 50.295029028591593 ], [ 3.470322844278732, 50.294849162771506 ], [ 3.470603623980807, 50.294848026502898 ], [ 3.470601849687426, 50.294668160684402 ], [ 3.470882628312983, 50.294667023744928 ], [ 3.4708808529791, 50.294487157927982 ], [ 3.471161630528139, 50.294486020317613 ], [ 3.471159854153778, 50.294306154502245 ], [ 3.4714406306263, 50.294305016221017 ], [ 3.471438853211483, 50.294125150407247 ], [ 3.471719628607489, 50.294124011455118 ], [ 3.471721407080786, 50.294303877261662 ], [ 3.472002183517225, 50.294302737624221 ], [ 3.472003963067061, 50.294482603417897 ], [ 3.472284740543935, 50.294481463095131 ], [ 3.472286521170331, 50.294661328875925 ], [ 3.47256729968764, 50.294660187867827 ], [ 3.472570863111673, 50.295019919398008 ], [ 3.471728521154443, 50.295023340431442 ], [ 3.471730299717975, 50.295203206209806 ], [ 3.471449517970921, 50.295204345205278 ], [ 3.471451295493954, 50.295384210985212 ], [ 3.471170512670318, 50.295385349309782 ], [ 3.471172289152832, 50.295565215091315 ], [ 3.470891505252612, 50.295566352744991 ], [ 3.470893280694584, 50.295746218528073 ], [ 3.470331710722972, 50.295748491815488 ] ], [ [ 3.47116695975937, 50.295025617729841 ], [ 3.471728521154443, 50.295023340431442 ], [ 3.471726742608958, 50.294843474647465 ], [ 3.471165183330934, 50.294845751931391 ], [ 3.47116695975937, 50.295025617729841 ] ] ] } },
{ "type": "Feature", "properties": { "surface_ha": 2.57 }, "geometry": { "type": "Polygon", "coordinates": [ [ [ 3.484086503726302, 50.295332284524669 ], [ 3.484082853430106, 50.294972553618209 ], [ 3.483802073545826, 50.294973722443324 ], [ 3.483798425440725, 50.294613991499432 ], [ 3.484359980956734, 50.294611653200782 ], [ 3.484358154814963, 50.294431787735192 ], [ 3.484919708139869, 50.294429446739009 ], [ 3.484917879899665, 50.294249581282635 ], [ 3.485198655475817, 50.294248409774845 ], [ 3.485196826195696, 50.294068544320275 ], [ 3.485758375175362, 50.294066199285275 ], [ 3.485756543796884, 50.293886333839936 ], [ 3.486318090585302, 50.293883986107474 ], [ 3.486316257108513, 50.293704120671421 ], [ 3.486597029416373, 50.293702945795516 ], [ 3.486595194899752, 50.293523080361233 ], [ 3.486875966130561, 50.293521904814739 ], [ 3.486874130574128, 50.293342039382281 ], [ 3.487435670863012, 50.293339686269981 ], [ 3.487433833208376, 50.293159820846824 ], [ 3.487995371305847, 50.29315746503719 ], [ 3.487993531553051, 50.292977599623327 ], [ 3.488555067459047, 50.292975241116416 ], [ 3.488560593123919, 50.293514837296136 ], [ 3.488279822005021, 50.293516016911077 ], [ 3.488281662872255, 50.29369588230054 ], [ 3.488000890676243, 50.293697061244906 ], [ 3.488002730503712, 50.293876926636173 ], [ 3.487441183938802, 50.2938792825056 ], [ 3.487443021668026, 50.294059147906189 ], [ 3.486881472911613, 50.294061501078218 ], [ 3.486883308542548, 50.294241366488087 ], [ 3.486602533077928, 50.294242542064438 ], [ 3.486604367669012, 50.294422407476112 ], [ 3.486042814566979, 50.294424756609473 ], [ 3.486044647059697, 50.29460462203042 ], [ 3.485763869422293, 50.294605795587394 ], [ 3.485765700875104, 50.294785661010138 ], [ 3.485204143427554, 50.294788006104675 ], [ 3.485205972781924, 50.29496787153667 ], [ 3.484925192971787, 50.294969043074218 ], [ 3.484927021286197, 50.295148908508004 ], [ 3.48436545949323, 50.295151249563624 ], [ 3.484367285709122, 50.295331115006604 ], [ 3.484086503726302, 50.295332284524669 ] ] ] } },
{ "type": "Feature", "properties": { "surface_ha": 19.46 }, "geometry": { "type": "Polygon", "coordinates": [ [ [ 3.457755051342644, 50.301914368299457 ], [ 3.457753325058115, 50.301734502373627 ], [ 3.45747250430754, 50.301735607715607 ], [ 3.457470779099465, 50.301555741777108 ], [ 3.45690913966367, 50.301557950412253 ], [ 3.456907416590949, 50.301378084454093 ], [ 3.456626597905742, 50.301379187747251 ], [ 3.456624875909418, 50.301199321776465 ], [ 3.456344058265648, 50.301200424384362 ], [ 3.456342337345702, 50.30102055840095 ], [ 3.456061520743369, 50.301021660323578 ], [ 3.456051201943625, 50.299942464262713 ], [ 3.455770391677031, 50.299943565465149 ], [ 3.455756642724998, 50.298504637012343 ], [ 3.455475840911283, 50.298505737480681 ], [ 3.45546725367665, 50.297606406979504 ], [ 3.454905660584152, 50.297608605811796 ], [ 3.454907375878824, 50.297788471937267 ], [ 3.453222589831728, 50.297795052199604 ], [ 3.453219171964127, 50.297435319859531 ], [ 3.45349996756467, 50.297434224858492 ], [ 3.453494837717324, 50.296894626326946 ], [ 3.452933252850909, 50.296896815609145 ], [ 3.452928129511544, 50.296357216985186 ], [ 3.45348970802614, 50.296355027744653 ], [ 3.453493127802912, 50.296714760138471 ], [ 3.45377391915145, 50.296713664487079 ], [ 3.453772208195754, 50.296533798299933 ], [ 3.454895369181641, 50.296529408940621 ], [ 3.454890223715352, 50.295989810428935 ], [ 3.455171010742498, 50.295988711414644 ], [ 3.455162430020574, 50.295089380483915 ], [ 3.45460086653458, 50.295091577764616 ], [ 3.454597438601839, 50.294731845324989 ], [ 3.454035879280411, 50.294734039865368 ], [ 3.454029032091634, 50.294014574862707 ], [ 3.453186705681266, 50.294017861504024 ], [ 3.45318499710292, 50.293837995218439 ], [ 3.452904222656584, 50.293839089402404 ], [ 3.452902515154038, 50.2936592231042 ], [ 3.453183288541911, 50.293658128927163 ], [ 3.453181579998238, 50.293478262630273 ], [ 3.453462352310319, 50.293477167782122 ], [ 3.453464061912445, 50.293657034072041 ], [ 3.453744835265633, 50.293655938538834 ], [ 3.453746545943571, 50.29383580481619 ], [ 3.454588869074333, 50.293832514127196 ], [ 3.454587155221004, 50.293652647870701 ], [ 3.454867928504696, 50.29365154962516 ], [ 3.454862783873725, 50.293111950842828 ], [ 3.454301243639604, 50.293114146614052 ], [ 3.454299530914255, 50.292934280328048 ], [ 3.454018761829541, 50.292935377189579 ], [ 3.45402047349647, 50.293115243482504 ], [ 3.453458933158108, 50.293117435185316 ], [ 3.453457223608023, 50.29293756887845 ], [ 3.453176454471238, 50.292938663705762 ], [ 3.453169620677935, 50.292219198394157 ], [ 3.453731150467003, 50.292217008117021 ], [ 3.453736282136311, 50.292756607067496 ], [ 3.454297818206285, 50.292754414036409 ], [ 3.45429439284248, 50.292394681436257 ], [ 3.454575158734617, 50.292393583917551 ], [ 3.454573445020403, 50.292213717615951 ], [ 3.454854209836775, 50.292212619426166 ], [ 3.454855924609367, 50.292392485720789 ], [ 3.455136690466715, 50.292391386845964 ], [ 3.455138406315093, 50.292571253127967 ], [ 3.455419173213421, 50.292570153568093 ], [ 3.455422607079215, 50.292929886101227 ], [ 3.455703376076927, 50.292928785849355 ], [ 3.455705094094377, 50.293108652100486 ], [ 3.455985864133077, 50.293107551163565 ], [ 3.455984145057208, 50.292927684919434 ], [ 3.456264914020045, 50.292926583311427 ], [ 3.456261473803833, 50.292566850820229 ], [ 3.456823007443524, 50.292564645597992 ], [ 3.456819563063599, 50.292204913112215 ], [ 3.457942621666157, 50.292200494587163 ], [ 3.457944348080884, 50.292380360804849 ], [ 3.45822511374613, 50.292379254471427 ], [ 3.458226841236759, 50.292559120676437 ], [ 3.457946074513127, 50.292560227016878 ], [ 3.457949527430166, 50.292919959424005 ], [ 3.458791833898878, 50.292916638326417 ], [ 3.458795293236527, 50.293276370668849 ], [ 3.458514522314315, 50.293277478393527 ], [ 3.458519708277072, 50.293817076885958 ], [ 3.459362030517088, 50.293813751614458 ], [ 3.459363762381834, 50.293993617746224 ], [ 3.459082987260917, 50.293994726855175 ], [ 3.459084718084755, 50.294174592988348 ], [ 3.46020782269686, 50.294170152455798 ], [ 3.460209557772228, 50.294350018555157 ], [ 3.460771112089671, 50.294347794206182 ], [ 3.460772849299646, 50.294527660285773 ], [ 3.460492071091232, 50.29452877280638 ], [ 3.460493807260322, 50.294708638887386 ], [ 3.461055365776549, 50.294706413153961 ], [ 3.461057104080301, 50.294886279215213 ], [ 3.460776323772479, 50.294887392428045 ], [ 3.460778061035338, 50.295067258490732 ], [ 3.460497279651355, 50.295068371032499 ], [ 3.460499015873299, 50.295248237096608 ], [ 3.459937450935402, 50.295250460159913 ], [ 3.459935716830547, 50.295070594081693 ], [ 3.460216498249755, 50.295069482896153 ], [ 3.460213027975778, 50.294709750736942 ], [ 3.459932248673628, 50.294710861908385 ], [ 3.459933982743291, 50.29489072799786 ], [ 3.459653202365021, 50.294891838498231 ], [ 3.459651469353882, 50.294711972401714 ], [ 3.459370690016552, 50.29471308221693 ], [ 3.459374153939355, 50.295072814418425 ], [ 3.458812590977864, 50.295075032042703 ], [ 3.458814320848536, 50.295254898149061 ], [ 3.458533538282909, 50.295256005951046 ], [ 3.458531809470782, 50.295076139837647 ], [ 3.458251027946158, 50.295077246954463 ], [ 3.458249300210111, 50.294897380828417 ], [ 3.457968519726492, 50.29489848726012 ], [ 3.457965066424027, 50.29453875497704 ], [ 3.458245844790608, 50.294537648559377 ], [ 3.458244117107153, 50.294357782416398 ], [ 3.458524894397699, 50.294356675327656 ], [ 3.458523165673283, 50.294176809186077 ], [ 3.457680836924541, 50.294180128396924 ], [ 3.457679111393111, 50.294000262228622 ], [ 3.457398336166981, 50.294001367269018 ], [ 3.457400060639928, 50.294181233444327 ], [ 3.456838508018218, 50.294183441504877 ], [ 3.456836785662237, 50.294003575315585 ], [ 3.455432909094722, 50.2940090835653 ], [ 3.455434626158285, 50.294188949789579 ], [ 3.455996178954603, 50.294186748509986 ], [ 3.455999617368, 50.294546480913681 ], [ 3.456280395856997, 50.294545379242756 ], [ 3.456282116148377, 50.294725245429156 ], [ 3.456001336600865, 50.294726347107066 ], [ 3.456008213706784, 50.295445811824251 ], [ 3.456288997488467, 50.295444710118375 ], [ 3.456290717867132, 50.295624576276587 ], [ 3.45600993302688, 50.295625677989456 ], [ 3.456020249313831, 50.29670487486225 ], [ 3.456581831680163, 50.296702670674463 ], [ 3.456583553239676, 50.296882536786185 ], [ 3.456864345455288, 50.296881433668062 ], [ 3.456869513414646, 50.297421031948453 ], [ 3.457431104145409, 50.297418823635674 ], [ 3.457438003472246, 50.298138287874544 ], [ 3.457718803046188, 50.298137182672832 ], [ 3.457732611010174, 50.299576110823807 ], [ 3.45801341903674, 50.299575004887757 ], [ 3.458030691156813, 50.301373664498804 ], [ 3.458311509754484, 50.301372557814318 ], [ 3.458316694909112, 50.301912155566598 ], [ 3.457755051342644, 50.301914368299457 ] ], [ [ 3.455441494586772, 50.294908414630292 ], [ 3.455722275227691, 50.294907314301611 ], [ 3.455720557035908, 50.294727448106869 ], [ 3.455439777453515, 50.29472854842858 ], [ 3.455441494586772, 50.294908414630292 ] ], [ [ 3.454878218236469, 50.294730747037633 ], [ 3.4551589978537, 50.294729648072156 ], [ 3.455157281796382, 50.294549781857789 ], [ 3.454876503237671, 50.29455088081631 ], [ 3.454878218236469, 50.294730747037633 ] ], [ [ 3.454874788256272, 50.294371014589359 ], [ 3.455155565756479, 50.29436991563783 ], [ 3.455152133728907, 50.294010183180959 ], [ 3.454871358345681, 50.294011282118532 ], [ 3.454869643416488, 50.293831415874685 ], [ 3.454588869074333, 50.293832514127196 ], [ 3.454592296833163, 50.294192246623226 ], [ 3.454873073292275, 50.294191148356752 ], [ 3.454874788256272, 50.294371014589359 ] ], [ [ 3.457394887273582, 50.293641634901483 ], [ 3.457675660382779, 50.293640529875113 ], [ 3.45767220944248, 50.29328079749903 ], [ 3.457110667440366, 50.293283006845684 ], [ 3.457112390784883, 50.293462873050544 ], [ 3.457393162853128, 50.293461768709236 ], [ 3.457394887273582, 50.293641634901483 ] ] ] } },
{ "type": "Feature", "properties": { "surface_ha": 1.0 }, "geometry": { "type": "Polygon", "coordinates": [ [ [ 3.502877999281674, 50.293273912812772 ], [ 3.502876103414644, 50.293094047806974 ], [ 3.502595335379421, 50.293095261988064 ], [ 3.502593440590018, 50.292915396968922 ], [ 3.5034357414628, 50.292911752414675 ], [ 3.503430047684636, 50.292372157392762 ], [ 3.503149283921389, 50.292373372899085 ], [ 3.503145490282247, 50.292013642840836 ], [ 3.503987775164164, 50.292009994334023 ], [ 3.503989675149118, 50.292189859342827 ], [ 3.504270437796216, 50.292188641810107 ], [ 3.504272338858792, 50.292368506805531 ], [ 3.504833866211801, 50.292366069690516 ], [ 3.504835769410378, 50.292545934664844 ], [ 3.504555004685169, 50.292547153569103 ], [ 3.50455690684469, 50.292727018545499 ], [ 3.504276141041815, 50.292728236779475 ], [ 3.50427804216226, 50.292908101757952 ], [ 3.503997275281716, 50.292909319321595 ], [ 3.503999175363064, 50.29308918430214 ], [ 3.503156871430631, 50.29309283294787 ], [ 3.503158768356061, 50.293272697945945 ], [ 3.502877999281674, 50.293273912812772 ] ] ] } },
{ "type": "Feature", "properties": { "surface_ha": 16.53 }, "geometry": { "type": "Polygon", "coordinates": [ [ [ 3.496197529590841, 50.298878684272275 ], [ 3.496195658537014, 50.298698819257801 ], [ 3.496757261098596, 50.298696420936572 ], [ 3.4967553879463, 50.298516555931684 ], [ 3.497878588606371, 50.29851175118138 ], [ 3.497876711238217, 50.298331886201311 ], [ 3.498438309336556, 50.29832947977232 ], [ 3.498436429870041, 50.298149614801865 ], [ 3.498155631889107, 50.298150818347835 ], [ 3.498151875130671, 50.297791088374751 ], [ 3.497871079248055, 50.297792291227267 ], [ 3.497867324683197, 50.297432561216333 ], [ 3.497586530898866, 50.297433763375388 ], [ 3.497582778527501, 50.297074033326595 ], [ 3.497301986841425, 50.297075234792281 ], [ 3.49730011174293, 50.296895369751788 ], [ 3.497019321096457, 50.296896570531679 ], [ 3.497015573073779, 50.296536840418526 ], [ 3.49673478452552, 50.296538040505041 ], [ 3.496731038696093, 50.296178310354072 ], [ 3.496450252246016, 50.296179509747212 ], [ 3.496446508609754, 50.295819779558435 ], [ 3.496165724257827, 50.295820978258234 ], [ 3.496161982814643, 50.295461248031678 ], [ 3.495881200560837, 50.29546244603813 ], [ 3.495879330926252, 50.29528258090879 ], [ 3.49559854971201, 50.295283778229539 ], [ 3.495594812616795, 50.294924047938679 ], [ 3.495314033500631, 50.294925244566137 ], [ 3.495312166039968, 50.294745379404667 ], [ 3.494750609867811, 50.294747770610066 ], [ 3.494752475211468, 50.294927635786728 ], [ 3.494471696038489, 50.294928830379881 ], [ 3.494469831753337, 50.294748965195637 ], [ 3.494189053619944, 50.29475015910311 ], [ 3.494183464053439, 50.294210563493763 ], [ 3.493902689076592, 50.29421175670042 ], [ 3.49389896491036, 50.293852026250818 ], [ 3.493618192031532, 50.293853218764241 ], [ 3.493614470057748, 50.293493488276937 ], [ 3.493333699276908, 50.293494680097155 ], [ 3.493331839376759, 50.293314814837466 ], [ 3.493051069635465, 50.293316005972066 ], [ 3.493047352008592, 50.292956275420636 ], [ 3.492766584365245, 50.292957465862052 ], [ 3.492762868930579, 50.292597735272928 ], [ 3.492482103385147, 50.292598925021174 ], [ 3.492478390142603, 50.292239194394398 ], [ 3.492197626695053, 50.292240383449503 ], [ 3.492195771160384, 50.292060518120095 ], [ 3.493318820604127, 50.292055757861547 ], [ 3.493324399964886, 50.292595353742243 ], [ 3.493605165453738, 50.292594161959826 ], [ 3.493607026336775, 50.292774027234536 ], [ 3.493887792865122, 50.292772834766524 ], [ 3.493891516804629, 50.293132565283877 ], [ 3.494172285430866, 50.293131372122645 ], [ 3.494177874657081, 50.29367096783362 ], [ 3.494458646439672, 50.293669773971601 ], [ 3.494462374801896, 50.294029504402197 ], [ 3.495023922544099, 50.294027114613634 ], [ 3.495029521580137, 50.294566710171686 ], [ 3.495310298598252, 50.294565514237512 ], [ 3.495308431175486, 50.294385649064736 ], [ 3.495589207116171, 50.294384452460058 ], [ 3.495587338653883, 50.294204587289215 ], [ 3.495306563771669, 50.294205783886319 ], [ 3.495300961673907, 50.293666188317154 ], [ 3.495581733380771, 50.293664991742837 ], [ 3.495585470210553, 50.294024722112745 ], [ 3.495866244015346, 50.294023524845166 ], [ 3.495869983037896, 50.29438325517728 ], [ 3.496150758940651, 50.294382057216424 ], [ 3.496154500156055, 50.294741787510752 ], [ 3.496435278156804, 50.294740588856577 ], [ 3.49643714985148, 50.294920453987693 ], [ 3.496998707912994, 50.294918054629804 ], [ 3.496996834101312, 50.294738189513971 ], [ 3.497839167875448, 50.294734585414297 ], [ 3.497837290907308, 50.294554720315666 ], [ 3.498398844544539, 50.29455231420733 ], [ 3.498396965478483, 50.294372449118299 ], [ 3.498677741210025, 50.294371245054634 ], [ 3.498675861104568, 50.294191379967621 ], [ 3.498956635758562, 50.294190175233503 ], [ 3.498954754613726, 50.294010310148465 ], [ 3.499516301747528, 50.294007898661256 ], [ 3.499514418504885, 50.293828033585903 ], [ 3.500356735886906, 50.293824411292505 ], [ 3.500354849488067, 50.293644546234496 ], [ 3.500635620852038, 50.293643337454881 ], [ 3.500643170796042, 50.294362797622441 ], [ 3.500923946374662, 50.294361588134045 ], [ 3.50093527821628, 50.295440778169912 ], [ 3.501216060126761, 50.295439567957366 ], [ 3.501227399009725, 50.296518757743868 ], [ 3.501508187252438, 50.296517546807095 ], [ 3.501519533177576, 50.297596736344175 ], [ 3.501800327752894, 50.297595524683125 ], [ 3.501802219866248, 50.297775389578518 ], [ 3.50152142423226, 50.297776601247264 ], [ 3.501523315306133, 50.297956466144697 ], [ 3.500400128343665, 50.297961306068629 ], [ 3.500402015201961, 50.298141170991123 ], [ 3.49955962160295, 50.298144793836236 ], [ 3.499561505304282, 50.298324658776089 ], [ 3.498999907358607, 50.298327070630592 ], [ 3.499001788961626, 50.298506935580072 ], [ 3.498159388723788, 50.298510548298331 ], [ 3.498161267169722, 50.29869041326512 ], [ 3.497038062350882, 50.298695220758681 ], [ 3.497039936580926, 50.298875085750318 ], [ 3.496197529590841, 50.298878684272275 ] ] ] } }
]
}
