{
"type": "FeatureCollection",
"name": "perimetre",
"crs": { "type": "name", "properties": { "name": "urn:ogc:def:crs:OGC:1.3:CRS84" } },
"features": [
{ "type": "Feature", "properties": { "surface_ha": 2.89 }, "geometry": { "type": "Polygon", "coordinates": [ [ [ 3.558431200208792, 50.433499849727028 ], [ 3.558429084413243, 50.433319990698458 ], [ 3.558147490416194, 50.433321341746726 ], [ 3.558145375708931, 50.43314148270391 ], [ 3.557863782757141, 50.433142833062199 ], [ 3.557861669138143, 50.432962974005157 ], [ 3.556735301383143, 50.432968368589968 ], [ 3.556728973455962, 50.432428791282156 ], [ 3.556447384663759, 50.432430138199202 ], [ 3.556445276464321, 50.432250279076733 ], [ 3.55672686418981, 50.432248932168243 ], [ 3.556722645721865, 50.431889213923441 ], [ 3.557004231292506, 50.431887866350699 ], [ 3.557002121024031, 50.431708007228387 ], [ 3.557283705506525, 50.431706658982819 ], [ 3.557281594192843, 50.431526799863398 ], [ 3.557563177587193, 50.431525450945053 ], [ 3.557561065228325, 50.43134559182856 ], [ 3.55784264753453, 50.431344242237408 ], [ 3.557844760960058, 50.431524101345332 ], [ 3.558126344311428, 50.43152275106425 ], [ 3.558128458825121, 50.431702610157949 ], [ 3.558410043221655, 50.431701259186916 ], [ 3.558412158823534, 50.431881118266354 ], [ 3.558693744265229, 50.431879766605398 ], [ 3.558695860955318, 50.432059625670597 ], [ 3.559259033907495, 50.432056920287359 ], [ 3.559261152752515, 50.432236779329742 ], [ 3.559542740262982, 50.432235425607452 ], [ 3.559546980151112, 50.432595143658062 ], [ 3.55926539050721, 50.432596497397519 ], [ 3.55927174730089, 50.433136074456833 ], [ 3.558708561547972, 50.433138779943178 ], [ 3.558712795251099, 50.433498497988786 ], [ 3.558431200208792, 50.433499849727028 ] ] ] } },
{ "type": "Feature", "properties": { "surface_ha": 1.53 }, "geometry": { "type": "Polygon", "coordinates": [ [ [ 3.54517555351174, 50.431764018266115 ], [ 3.545171422639579, 50.431404299293014 ], [ 3.544608256094048, 50.431406936471518 ], [ 3.544606192822801, 50.431227076959743 ], [ 3.544324610585214, 50.431228394518548 ], [ 3.544320486238967, 50.430868675461319 ], [ 3.543757325967464, 50.430871308501438 ], [ 3.543759385996819, 50.431051168049606 ], [ 3.543196223508225, 50.431053798381043 ], [ 3.543200339363164, 50.431413517493823 ], [ 3.54291875595415, 50.431414831654202 ], [ 3.542914642232526, 50.431055112524739 ], [ 3.542633060935908, 50.431056425987045 ], [ 3.542637172524216, 50.431416145133213 ], [ 3.542355589073371, 50.43141745793087 ], [ 3.542347370246982, 50.430698019582572 ], [ 3.543473686858504, 50.43069276443731 ], [ 3.54346956903778, 50.43033304529601 ], [ 3.543751146005109, 50.430331729823024 ], [ 3.54375526595906, 50.43069144894762 ], [ 3.544036845038663, 50.430690132776604 ], [ 3.544034783984593, 50.430510273225487 ], [ 3.544316361976615, 50.43050895638148 ], [ 3.544318424097304, 50.430688815924221 ], [ 3.544600003134971, 50.430687498390505 ], [ 3.544604129572539, 50.431047217442298 ], [ 3.544885710722492, 50.431045899210488 ], [ 3.544875389452861, 50.430146601580468 ], [ 3.54515696524873, 50.430145282709205 ], [ 3.545163161147342, 50.430684861279019 ], [ 3.545444740122024, 50.430683541701271 ], [ 3.545455072373087, 50.431582839162736 ], [ 3.545736656660002, 50.431581518861698 ], [ 3.545738724239951, 50.431761378328659 ], [ 3.54517555351174, 50.431764018266115 ] ] ] } },
{ "type": "Feature", "properties": { "surface_ha": 6.38 }, "geometry": { "type": "Polygon", "coordinates": [ [ [ 3.597277530159186, 50.432227721638519 ], [ 3.597273004442152, 50.431868005959167 ], [ 3.596991420984294, 50.431869450975896 ], [ 3.59698689749261, 50.431509735255538 ], [ 3.597268478817178, 50.43150829025717 ], [ 3.597266216039213, 50.431328432397656 ], [ 3.596984635781273, 50.431329877386851 ], [ 3.59698237409294, 50.431150019512515 ], [ 3.597263953284263, 50.431148574532507 ], [ 3.597261690552326, 50.430968716661674 ], [ 3.597824846732704, 50.430965824675994 ], [ 3.597822581890588, 50.430785966817872 ], [ 3.598104158879635, 50.430784519812228 ], [ 3.598101892993971, 50.430604661957631 ], [ 3.59782031707151, 50.43060610895408 ], [ 3.597818052275463, 50.430426251084619 ], [ 3.597536477396541, 50.430427697390577 ], [ 3.597534213690092, 50.430247839506286 ], [ 3.597252639854708, 50.430249285121711 ], [ 3.597254902494593, 50.430429143015182 ], [ 3.596973327569636, 50.43043058795849 ], [ 3.596966542918676, 50.429891014233526 ], [ 3.597248114643978, 50.429889569317744 ], [ 3.597245852073128, 50.42970971140727 ], [ 3.598090563911323, 50.429705372599663 ], [ 3.598088298163928, 50.429525514711081 ], [ 3.598369867664067, 50.429524067088465 ], [ 3.598367600873204, 50.429344209203421 ], [ 3.598649169283782, 50.429342760908689 ], [ 3.598646901449478, 50.429162903027155 ], [ 3.598928468770492, 50.429161454060349 ], [ 3.598923931038119, 50.428801738298716 ], [ 3.59948706134499, 50.428798838358055 ], [ 3.59948933233259, 50.428978696223282 ], [ 3.599770898517861, 50.428977245221823 ], [ 3.59977317059504, 50.429157103072143 ], [ 3.600054737823688, 50.429155651380178 ], [ 3.600063830629545, 50.429875082688049 ], [ 3.60034540210112, 50.429873630277889 ], [ 3.600349950775855, 50.43023334587938 ], [ 3.600631524357388, 50.430231892769442 ], [ 3.600642901781946, 50.431131181627919 ], [ 3.600924480673243, 50.431129727790477 ], [ 3.600926757294198, 50.431309585535956 ], [ 3.601208337228953, 50.431308131007967 ], [ 3.601212892673592, 50.431667846463412 ], [ 3.601494474718439, 50.431666391235602 ], [ 3.601496753542154, 50.431846248945575 ], [ 3.600652004138184, 50.431850612612713 ], [ 3.600647452913776, 50.431490897131646 ], [ 3.598957966280909, 50.431499605958656 ], [ 3.59896023548172, 50.431679463757341 ], [ 3.598678653228764, 50.431680912853004 ], [ 3.59867638509459, 50.431501055045118 ], [ 3.598394803885201, 50.431502503450226 ], [ 3.598401605156982, 50.432042076884478 ], [ 3.597838436269146, 50.432044971705814 ], [ 3.597840701272515, 50.432224829524287 ], [ 3.597277530159186, 50.432227721638519 ] ], [ [ 3.597534213690092, 50.430247839506286 ], [ 3.597815787502452, 50.430246393209515 ], [ 3.597813522752475, 50.430066535328727 ], [ 3.597531950006668, 50.430067981616311 ], [ 3.597534213690092, 50.430247839506286 ] ] ] } },
{ "type": "Feature", "properties": { "surface_ha": 5.02 }, "geometry": { "type": "Polygon", "coordinates": [ [ [ 3.590541843592854, 50.434060794670877 ], [ 3.590537368620862, 50.433701078666623 ], [ 3.59025577394672, 50.433702507421486 ], [ 3.590249064859679, 50.433162933345393 ], [ 3.589967473363059, 50.433164361391633 ], [ 3.589960767680902, 50.432624787237387 ], [ 3.589397591019805, 50.432627641231306 ], [ 3.589390891942405, 50.43208806697173 ], [ 3.589672477084239, 50.432086640342632 ], [ 3.589670243037194, 50.431906782253833 ], [ 3.589951827089638, 50.431905354952455 ], [ 3.589947356930405, 50.431545638776029 ], [ 3.589665775011267, 50.43154706605926 ], [ 3.58965907314279, 50.431007491724948 ], [ 3.589377494400808, 50.431008918299668 ], [ 3.589370795936598, 50.430469343887204 ], [ 3.588807644784081, 50.430472194938304 ], [ 3.58880541414124, 50.430292336771402 ], [ 3.588523839597519, 50.430293761265908 ], [ 3.588521610043927, 50.430113903084283 ], [ 3.588240036544092, 50.430115326888426 ], [ 3.588237808079727, 50.429935468692086 ], [ 3.587956235623778, 50.429936891805909 ], [ 3.587954008248618, 50.429757033594846 ], [ 3.587672436836557, 50.429758456018284 ], [ 3.587670210550582, 50.429578597792556 ], [ 3.587388640182408, 50.429580019525659 ], [ 3.587386414985597, 50.429400161285265 ], [ 3.586541706944891, 50.429404422369657 ], [ 3.586532819181867, 50.428684989243095 ], [ 3.586814384285407, 50.428683569598995 ], [ 3.58681216133468, 50.428503711312231 ], [ 3.587093725349147, 50.428502290995858 ], [ 3.587091501354573, 50.428322432712463 ], [ 3.587654627182728, 50.428319590053889 ], [ 3.587656853310211, 50.428499448319286 ], [ 3.588219981180715, 50.428496602917591 ], [ 3.58822220946377, 50.428676461159228 ], [ 3.588503774431498, 50.428675037427404 ], [ 3.588510462616101, 50.429214612091194 ], [ 3.588792030760612, 50.429213187650959 ], [ 3.588796491796745, 50.429572904047099 ], [ 3.589078062051598, 50.429571478907462 ], [ 3.589080293670221, 50.429751337087964 ], [ 3.589361864968907, 50.429749911257957 ], [ 3.589368563160613, 50.430289485738378 ], [ 3.589650137636241, 50.43028805919991 ], [ 3.589654605344075, 50.430647775473744 ], [ 3.589936181930138, 50.430646348235804 ], [ 3.589945121884889, 50.4313657806793 ], [ 3.590226702714657, 50.431364352723769 ], [ 3.590219994514654, 50.430824778426846 ], [ 3.590501572121837, 50.430823349817182 ], [ 3.590503809232365, 50.431003207912745 ], [ 3.591066966511669, 50.431000348631244 ], [ 3.591073684379525, 50.431539922829465 ], [ 3.590792102551382, 50.431541352838124 ], [ 3.590794340819572, 50.431721210901962 ], [ 3.590512757902019, 50.431722640238341 ], [ 3.590519469643178, 50.432262214423112 ], [ 3.590801055760738, 50.432260785059469 ], [ 3.590807770906797, 50.432800359166031 ], [ 3.591089360201694, 50.432798929093785 ], [ 3.591091599695971, 50.432978787108901 ], [ 3.59137319003481, 50.432977356346186 ], [ 3.591377671225174, 50.433337072341246 ], [ 3.591096078752857, 50.433338503122123 ], [ 3.591100557900861, 50.433698219112692 ], [ 3.590818963272246, 50.43369964923037 ], [ 3.590823440377803, 50.43405936521647 ], [ 3.590541843592854, 50.434060794670877 ] ], [ [ 3.587100397468585, 50.429041865812145 ], [ 3.587381964659864, 50.429040444787418 ], [ 3.587379739530944, 50.42886058653 ], [ 3.587098173406153, 50.428862007545703 ], [ 3.587100397468585, 50.429041865812145 ] ] ] } },
{ "type": "Feature", "properties": { "surface_ha": 6.58 }, "geometry": { "type": "Polygon", "coordinates": [ [ [ 3.557836307386918, 50.430804664879709 ], [ 3.557834194047371, 50.430624805749162 ], [ 3.556707881759807, 50.430630199888583 ], [ 3.556705772708174, 50.430450340718124 ], [ 3.555579464343825, 50.430455723921874 ], [ 3.555577359580027, 50.430275864711582 ], [ 3.555295783501991, 50.430277208800639 ], [ 3.555291576171776, 50.429917490345986 ], [ 3.556136297942173, 50.429913456086062 ], [ 3.556138404796306, 50.430093315290577 ], [ 3.556419979743504, 50.430091969166071 ], [ 3.556422087685649, 50.430271828356382 ], [ 3.556985239648887, 50.430269134046284 ], [ 3.556983129573573, 50.430089274873062 ], [ 3.55726470445642, 50.430087926704573 ], [ 3.557249927064313, 50.428828912393712 ], [ 3.556686792208728, 50.428831607929546 ], [ 3.556684683371587, 50.428651748702549 ], [ 3.55583998412687, 50.428655786870891 ], [ 3.555844195423575, 50.429015505370529 ], [ 3.555562626832817, 50.429016850081133 ], [ 3.555558417669118, 50.428657131564421 ], [ 3.555276851189964, 50.428658475576654 ], [ 3.555274747706708, 50.428478616301248 ], [ 3.555837878510638, 50.428475927612581 ], [ 3.555835772915823, 50.428296068348637 ], [ 3.556117337219195, 50.428294722990898 ], [ 3.556115230579329, 50.428114863729839 ], [ 3.556678356988853, 50.428112170987603 ], [ 3.55667203079914, 50.42757259322179 ], [ 3.556953590772408, 50.427571245854438 ], [ 3.556957810343647, 50.427930964353529 ], [ 3.55892874448524, 50.427921513586512 ], [ 3.558930861768216, 50.428101372767557 ], [ 3.558649298746049, 50.428102724929552 ], [ 3.558653531243664, 50.428462443291828 ], [ 3.559216661532338, 50.428459738252208 ], [ 3.559218779946399, 50.428639597407681 ], [ 3.559500346124909, 50.428638243857364 ], [ 3.559502465627009, 50.428818102998591 ], [ 3.560347167232639, 50.428814038234002 ], [ 3.560349289955812, 50.428993897343773 ], [ 3.560067721709006, 50.428995252955197 ], [ 3.560069843387253, 50.429175112067909 ], [ 3.560351412700576, 50.429173756447867 ], [ 3.560353535466929, 50.429353615546304 ], [ 3.560916676161846, 50.429350902245091 ], [ 3.56092092602549, 50.42971062039053 ], [ 3.561202498473622, 50.429709262700719 ], [ 3.56120462450442, 50.429889121756332 ], [ 3.561486197997487, 50.42988776337657 ], [ 3.561488325116478, 50.430067622417916 ], [ 3.561769899654478, 50.430066263348202 ], [ 3.561776284341028, 50.43060584041239 ], [ 3.561494706603256, 50.43060719950801 ], [ 3.561496833808786, 50.430787058526725 ], [ 3.561215254982766, 50.430788416949625 ], [ 3.561208876630888, 50.430248839850613 ], [ 3.560927300983048, 50.430250197566316 ], [ 3.560925175975583, 50.430070338513367 ], [ 3.560643601372712, 50.430071695539134 ], [ 3.56064147745343, 50.429891836471917 ], [ 3.560359903895525, 50.429893192807718 ], [ 3.560357781064402, 50.429713333726234 ], [ 3.559513063460871, 50.429717398619907 ], [ 3.559517302745316, 50.430077116828848 ], [ 3.559798877434531, 50.430075762528404 ], [ 3.559800998175673, 50.430255621615757 ], [ 3.560082573909899, 50.430254266625404 ], [ 3.560086817590086, 50.430613984766026 ], [ 3.559805239722666, 50.430615339773595 ], [ 3.559803118938384, 50.430435480697525 ], [ 3.559521542115998, 50.430436835015158 ], [ 3.559519422419878, 50.430256975924799 ], [ 3.559237846642525, 50.430258329552537 ], [ 3.559235728034546, 50.430078470447953 ], [ 3.55867257854837, 50.430081175642201 ], [ 3.558676811519527, 50.430440893880075 ], [ 3.558395234610968, 50.430442245472378 ], [ 3.558399465535011, 50.430801963704802 ], [ 3.557836307386918, 50.430804664879709 ] ], [ [ 3.558949918284041, 50.429720105142408 ], [ 3.559513063460871, 50.429717398619907 ], [ 3.559510943850983, 50.429537539506946 ], [ 3.559792515340519, 50.429536185232323 ], [ 3.55979039468565, 50.42935632612231 ], [ 3.559508824262655, 50.42935768038835 ], [ 3.559506704695882, 50.429177821264076 ], [ 3.559225135317857, 50.429179174840208 ], [ 3.559227253818102, 50.429359033973071 ], [ 3.558945683352002, 50.429360386876475 ], [ 3.558949918284041, 50.429720105142408 ] ], [ [ 3.558382542355206, 50.429363090639377 ], [ 3.558945683352002, 50.429360386876475 ], [ 3.558943565918285, 50.429180527735028 ], [ 3.558380427054546, 50.429183231480756 ], [ 3.558382542355206, 50.429363090639377 ] ], [ [ 3.557810948730896, 50.428646354939978 ], [ 3.558655647524756, 50.428642302464489 ], [ 3.558653531243664, 50.428462443291828 ], [ 3.558371966067038, 50.428463794789714 ], [ 3.558369850873942, 50.428283935602792 ], [ 3.558088286742277, 50.428285286410798 ], [ 3.558086172637158, 50.428105427209672 ], [ 3.557804609550456, 50.428106777327834 ], [ 3.557806722589111, 50.428286636537528 ], [ 3.557525158414455, 50.428287985982962 ], [ 3.557527270408126, 50.428467845195598 ], [ 3.557808835649258, 50.428466495741581 ], [ 3.557810948730896, 50.428646354939978 ] ], [ [ 3.556119443880487, 50.428474582246324 ], [ 3.556401009228909, 50.428473236198748 ], [ 3.55639890150114, 50.428293376951871 ], [ 3.556117337219195, 50.428294722990898 ], [ 3.556119443880487, 50.428474582246324 ] ] ] } },
{ "type": "Feature", "properties": { "surface_ha": 1.77 }, "geometry": { "type": "Polygon", "coordinates": [ [ [ 3.56485009940855, 50.4286123969556 ], [ 3.56483726127284, 50.427533242974405 ], [ 3.565118820619458, 50.427531875850356 ], [ 3.565116679939923, 50.427352016842363 ], [ 3.565398238198357, 50.427350649045742 ], [ 3.565396096474191, 50.427170790040797 ], [ 3.565959210792901, 50.427168052421145 ], [ 3.565957066957735, 50.426988193427903 ], [ 3.566520179056449, 50.426985453100642 ], [ 3.566522325024398, 50.427165312076475 ], [ 3.566240767919556, 50.427166682589416 ], [ 3.566242912842928, 50.427346541568276 ], [ 3.566806029163587, 50.427343799843676 ], [ 3.566808176241596, 50.427523658799473 ], [ 3.567089735435588, 50.427522286906587 ], [ 3.567094031789971, 50.427882004783761 ], [ 3.566530909114439, 50.427884747923123 ], [ 3.566533055191514, 50.428064606870691 ], [ 3.566251492754558, 50.428065977427174 ], [ 3.566255782841266, 50.428425695322666 ], [ 3.56512952434371, 50.428431170805389 ], [ 3.565131665153877, 50.428611029779447 ], [ 3.56485009940855, 50.4286123969556 ] ] ] } },
{ "type": "Feature", "properties": { "surface_ha": 3.53 }, "geometry": { "type": "Polygon", "coordinates": [ [ [ 3.540647653638183, 50.429806583547837 ], [ 3.540645605487717, 50.429626723868438 ], [ 3.540364032556979, 50.429628031813458 ], [ 3.5403619854939, 50.429448172120104 ], [ 3.540080413608898, 50.429449479375478 ], [ 3.540078367633186, 50.42926961966819 ], [ 3.539796796793923, 50.429270926233968 ], [ 3.539792707037985, 50.428911206785799 ], [ 3.54035584442958, 50.428908593006142 ], [ 3.540351750490796, 50.42854887356858 ], [ 3.54007018393842, 50.428550180782452 ], [ 3.540059954788129, 50.427650882048162 ], [ 3.540341516008152, 50.427649574875801 ], [ 3.540339469174075, 50.427469715120282 ], [ 3.54005790902049, 50.427471022284351 ], [ 3.540055863273658, 50.427291162514898 ], [ 3.540618981427156, 50.427288547522096 ], [ 3.540614885730263, 50.426928827999433 ], [ 3.541177999534811, 50.426926210314839 ], [ 3.541184149509886, 50.427465789540456 ], [ 3.541465709580139, 50.427464479651334 ], [ 3.541467760679966, 50.427644339373593 ], [ 3.541749321795796, 50.42764302879484 ], [ 3.541755478419814, 50.428182607902762 ], [ 3.542037042714148, 50.428181296617758 ], [ 3.542032936144337, 50.427821577234795 ], [ 3.542877622503218, 50.427817639342109 ], [ 3.542885848524058, 50.428537077985375 ], [ 3.543167414867763, 50.428535763958536 ], [ 3.543169472491763, 50.428715623596879 ], [ 3.542887905081557, 50.428716937632068 ], [ 3.542894074879554, 50.429256516538224 ], [ 3.542612504248865, 50.429257829917113 ], [ 3.542614559823486, 50.429437689549538 ], [ 3.542332988105348, 50.429439002255464 ], [ 3.54233093359727, 50.429259142614718 ], [ 3.542049362924779, 50.429260454630985 ], [ 3.542045256104367, 50.428900735315835 ], [ 3.541200550360805, 50.428904667226867 ], [ 3.541208751286689, 50.429624105934451 ], [ 3.540927178397625, 50.429625415242107 ], [ 3.540929227614658, 50.429805274913178 ], [ 3.540647653638183, 50.429806583547837 ] ], [ [ 3.54063536504784, 50.428727425386697 ], [ 3.540916932625072, 50.428726116801933 ], [ 3.540914883533083, 50.42854625709694 ], [ 3.540633317022356, 50.428547565673419 ], [ 3.54063536504784, 50.428727425386697 ] ], [ [ 3.540349703552633, 50.428369013841333 ], [ 3.540912834461936, 50.428366397386299 ], [ 3.540910785411626, 50.428186537670015 ], [ 3.541192349768543, 50.428185228428873 ], [ 3.541184149509886, 50.427465789540456 ], [ 3.540902589418784, 50.427467098748352 ], [ 3.540904638385736, 50.427646958487223 ], [ 3.540623077207358, 50.42764826702215 ], [ 3.5406251251287, 50.427828126763707 ], [ 3.540343562863046, 50.427829434625657 ], [ 3.540349703552633, 50.428369013841333 ] ] ] } },
{ "type": "Feature", "properties": { "surface_ha": 1.2 }, "geometry": { "type": "Polygon", "coordinates": [ [ [ 3.554993182272649, 50.428479959623672 ], [ 3.554988977503263, 50.42812024103889 ], [ 3.554707414180765, 50.42812158366295 ], [ 3.554703211629809, 50.427761865038498 ], [ 3.554984772819405, 50.427760522431498 ], [ 3.554982670509547, 50.427580663119294 ], [ 3.555264230611328, 50.427579319839545 ], [ 3.555257920610802, 50.427039741894681 ], [ 3.554976363708259, 50.427041085148822 ], [ 3.554972159280967, 50.426681366473595 ], [ 3.555816823526103, 50.426677334718569 ], [ 3.555821034351706, 50.427037053342588 ], [ 3.556102591190045, 50.427035708044663 ], [ 3.55610680423411, 50.427395426629026 ], [ 3.555825245262958, 50.427396771944018 ], [ 3.555829456259862, 50.427756490522825 ], [ 3.556392578446453, 50.42775379917736 ], [ 3.556394686109912, 50.427933658441184 ], [ 3.555831561790436, 50.427936349803744 ], [ 3.555835772915823, 50.428296068348637 ], [ 3.555272644244848, 50.428298757020244 ], [ 3.555274747706708, 50.428478616301248 ], [ 3.554993182272649, 50.428479959623672 ] ], [ [ 3.554988977503263, 50.42812024103889 ], [ 3.55527054080438, 50.428118897733547 ], [ 3.555268437385303, 50.427939038441203 ], [ 3.554986875150642, 50.42794038173799 ], [ 3.554988977503263, 50.42812024103889 ] ] ] } },
{ "type": "Feature", "properties": { "surface_ha": 3.69 }, "geometry": { "type": "Polygon", "coordinates": [ [ [ 3.56033867655583, 50.428094601738415 ], [ 3.560336553940596, 50.427914742600379 ], [ 3.560054992092657, 50.427916098160161 ], [ 3.560052870565453, 50.427736239007871 ], [ 3.559771309762376, 50.427737593877765 ], [ 3.559769189323177, 50.427557734711201 ], [ 3.560332308774895, 50.427555024307367 ], [ 3.560334431346953, 50.427734883456715 ], [ 3.560615992106865, 50.427733527224269 ], [ 3.560613868468379, 50.427553668083533 ], [ 3.561176987790543, 50.42755095359211 ], [ 3.56117486204082, 50.427371094462949 ], [ 3.56089330345696, 50.427372452040672 ], [ 3.560889054155171, 50.427012733748178 ], [ 3.56117061060623, 50.4270113761877 ], [ 3.561168484921363, 50.42683151704157 ], [ 3.56088692953669, 50.426832874593437 ], [ 3.560882680364548, 50.426473156266994 ], [ 3.560601127091004, 50.426474513120375 ], [ 3.560599003603697, 50.426294653940062 ], [ 3.560880555810888, 50.426293297095306 ], [ 3.560878431278834, 50.426113437917934 ], [ 3.560596880137983, 50.426114794754092 ], [ 3.560594756693867, 50.425934935562466 ], [ 3.560876306768387, 50.425933578734934 ], [ 3.560874182279544, 50.425753719546272 ], [ 3.561155731266136, 50.425752362046133 ], [ 3.561153605732593, 50.425572502860426 ], [ 3.561716701508299, 50.425569785833758 ], [ 3.561714573863777, 50.425389926659683 ], [ 3.561996120652881, 50.425388567133112 ], [ 3.562000378096172, 50.42574828545839 ], [ 3.562281926996234, 50.425746925233383 ], [ 3.562288316522526, 50.426286502652964 ], [ 3.563132972689668, 50.42628241781275 ], [ 3.563135105774138, 50.426462276915359 ], [ 3.563416658852829, 50.426460913930818 ], [ 3.563420927219584, 50.426820632101744 ], [ 3.563702482409302, 50.426819268418662 ], [ 3.563704617691619, 50.426999127486994 ], [ 3.563423061435518, 50.427000491178731 ], [ 3.563425195673159, 50.427180350250069 ], [ 3.563143638328959, 50.427181713269214 ], [ 3.563145771521901, 50.427361572343514 ], [ 3.562582654635619, 50.427364296355385 ], [ 3.562584785717424, 50.427544155441353 ], [ 3.562303226175353, 50.42754551643403 ], [ 3.562305356212405, 50.427725375522996 ], [ 3.561460674256972, 50.427729454439337 ], [ 3.561462801116373, 50.427909313548547 ], [ 3.560618115766951, 50.427913386359329 ], [ 3.560620239448632, 50.428093245488753 ], [ 3.56033867655583, 50.428094601738415 ] ] ] } },
{ "type": "Feature", "properties": { "surface_ha": 1.16 }, "geometry": { "type": "Polygon", "coordinates": [ [ [ 3.53778505582198, 50.425682856459623 ], [ 3.537783018813752, 50.425502996567396 ], [ 3.536656824248302, 50.425508196247002 ], [ 3.536654791526032, 50.425328336316099 ], [ 3.536091696251852, 50.425330932052063 ], [ 3.536085604606817, 50.424791352176037 ], [ 3.535804060137616, 50.424792648997432 ], [ 3.535802030696842, 50.424612789019228 ], [ 3.537209747504895, 50.42460629814115 ], [ 3.537213817069823, 50.424966018009528 ], [ 3.537495362501943, 50.424964717773776 ], [ 3.537497398381735, 50.425144577691199 ], [ 3.537778944859441, 50.425143276765994 ], [ 3.537774870987993, 50.424783556941996 ], [ 3.538337959616114, 50.424780953080997 ], [ 3.538339998674036, 50.424960812979293 ], [ 3.538058453304062, 50.424962115258673 ], [ 3.5380666054779, 50.425681554828394 ], [ 3.53778505582198, 50.425682856459623 ] ], [ [ 3.536654791526032, 50.425328336316099 ], [ 3.536936339132119, 50.425327037426278 ], [ 3.536934305364223, 50.425147177497983 ], [ 3.536652758824435, 50.425148476379547 ], [ 3.536654791526032, 50.425328336316099 ] ] ] } },
{ "type": "Feature", "properties": { "surface_ha": 9.35 }, "geometry": { "type": "Polygon", "coordinates": [ [ [ 3.598901243760692, 50.427003159150701 ], [ 3.598898975159849, 50.426823301204742 ], [ 3.598617421702305, 50.426824750051921 ], [ 3.598601549606586, 50.425565744207212 ], [ 3.597756911488209, 50.425570086468284 ], [ 3.597752383208837, 50.425210370406504 ], [ 3.59747083925584, 50.425211816446115 ], [ 3.597464050208184, 50.424672242283421 ], [ 3.597182509430888, 50.424673687614238 ], [ 3.597177985646608, 50.424313971459121 ], [ 3.596896446978731, 50.42431541609043 ], [ 3.596889664673381, 50.423775841787716 ], [ 3.597171200142704, 50.423774397183912 ], [ 3.597168938354071, 50.42359453908086 ], [ 3.597450472734231, 50.423593093805096 ], [ 3.59744820990245, 50.423413235705546 ], [ 3.597729743193446, 50.423411789757786 ], [ 3.597727479318535, 50.423231931661768 ], [ 3.59800901152037, 50.423230485042055 ], [ 3.59801127646142, 50.423410343128886 ], [ 3.598574342928258, 50.423407447827628 ], [ 3.598576610024642, 50.423587305890415 ], [ 3.599139678531559, 50.423584407846121 ], [ 3.599137409302875, 50.423404549801766 ], [ 3.599982008691702, 50.423400197654274 ], [ 3.599984281118834, 50.423580055671046 ], [ 3.600265815268387, 50.423578603583699 ], [ 3.600258994857908, 50.423039029544142 ], [ 3.60054052578593, 50.423037576803331 ], [ 3.600549623977376, 50.423757008807819 ], [ 3.600831159146836, 50.423755555348926 ], [ 3.600828883498121, 50.423575697365528 ], [ 3.60111041757828, 50.423574243234704 ], [ 3.601112694293156, 50.423754101208864 ], [ 3.601957299593146, 50.423749734701744 ], [ 3.60195957952968, 50.423929592642523 ], [ 3.601678043386686, 50.423931048835286 ], [ 3.601687159099902, 50.424650480578698 ], [ 3.602250239892266, 50.424647567437965 ], [ 3.602257083317924, 50.425187141130493 ], [ 3.602538626878013, 50.425185683510591 ], [ 3.602543191410301, 50.425545399258795 ], [ 3.601698554262891, 50.425549770130438 ], [ 3.601693996128162, 50.425190054326748 ], [ 3.601412452498511, 50.425191509903051 ], [ 3.601417008500718, 50.425551225725279 ], [ 3.600290825220461, 50.425557041292492 ], [ 3.600293098991203, 50.425736899232028 ], [ 3.600574645912258, 50.425735446352803 ], [ 3.600586020444391, 50.426634735919386 ], [ 3.600304468191783, 50.426636188844739 ], [ 3.600306742101274, 50.426816046750311 ], [ 3.59946208200571, 50.426820401466664 ], [ 3.59945981129525, 50.426640543533459 ], [ 3.599178258950206, 50.426641993733909 ], [ 3.599182798261519, 50.42700170961308 ], [ 3.598901243760692, 50.427003159150701 ] ], [ [ 3.59944845808934, 50.425741253782462 ], [ 3.600011552047025, 50.425738351430049 ], [ 3.600009279342562, 50.42555849348129 ], [ 3.599446187517434, 50.425561395815286 ], [ 3.59944845808934, 50.425741253782462 ] ], [ [ 3.599164641570227, 50.425562845960464 ], [ 3.599446187517434, 50.425561395815286 ], [ 3.599443916968618, 50.425381537842412 ], [ 3.599162372087681, 50.425382987978367 ], [ 3.599164641570227, 50.425562845960464 ] ], [ [ 3.600563271958496, 50.424836156644616 ], [ 3.600844813525135, 50.424834703130344 ], [ 3.600842537737561, 50.42465484518091 ], [ 3.600560997237145, 50.424656298685967 ], [ 3.600563271958496, 50.424836156644616 ] ], [ [ 3.600279456713597, 50.424657751509841 ], [ 3.600560997237145, 50.424656298685967 ], [ 3.600558722538928, 50.424476440721669 ], [ 3.600277183081591, 50.424477893536313 ], [ 3.600279456713597, 50.424657751509841 ] ] ] } },
{ "type": "Feature", "properties": { "surface_ha": 1.41 }, "geometry": { "type": "Polygon", "coordinates": [ [ [ 3.549320251821163, 50.424909492740881 ], [ 3.549314009957065, 50.424369914006867 ], [ 3.549032468602631, 50.424371242828038 ], [ 3.549024150678261, 50.423651804403129 ], [ 3.548742613567552, 50.423653132509372 ], [ 3.548740535205518, 50.423473272880564 ], [ 3.54930360727341, 50.42347061600379 ], [ 3.549301526800154, 50.423290756386223 ], [ 3.549864596651055, 50.423288096801656 ], [ 3.549866679256673, 50.42346795640232 ], [ 3.55014821521654, 50.423466625579842 ], [ 3.550154466359066, 50.424006204322623 ], [ 3.550436005496346, 50.424004872793581 ], [ 3.550433920694768, 50.423825013226775 ], [ 3.550715458744635, 50.423823681025013 ], [ 3.550721716411638, 50.424363259683126 ], [ 3.551003257638955, 50.424361926774807 ], [ 3.551005344636625, 50.424541786307742 ], [ 3.550160717692311, 50.424545783014523 ], [ 3.550162801512442, 50.424725642567175 ], [ 3.549599714644413, 50.424728303649289 ], [ 3.549601796353206, 50.424908163213196 ], [ 3.549320251821163, 50.424909492740881 ] ], [ [ 3.549314009957065, 50.424369914006867 ], [ 3.54959555129034, 50.424368584504506 ], [ 3.54959346964506, 50.424188724923646 ], [ 3.549875009890932, 50.424187394748536 ], [ 3.549872927200597, 50.42400753517046 ], [ 3.549309848820128, 50.4240101948226 ], [ 3.549314009957065, 50.424369914006867 ] ] ] } },
{ "type": "Feature", "properties": { "surface_ha": 9.31 }, "geometry": { "type": "Polygon", "coordinates": [ [ [ 3.611580439873876, 50.427656685585369 ], [ 3.611573489902228, 50.427117113054187 ], [ 3.6121365989141, 50.427114151967601 ], [ 3.612134280171301, 50.426934294464672 ], [ 3.611852726743502, 50.426935775339189 ], [ 3.611850409090624, 50.426755917821183 ], [ 3.611568856705595, 50.426757398005051 ], [ 3.611564223603202, 50.426397682933271 ], [ 3.611282673327267, 50.426399162417098 ], [ 3.611280357877718, 50.426219304863309 ], [ 3.610717259387832, 50.426222261768551 ], [ 3.610721886045217, 50.426581976908025 ], [ 3.61100343743456, 50.426580498777255 ], [ 3.611005751864873, 50.426760356329098 ], [ 3.6107241994092, 50.426761834469261 ], [ 3.610726512796709, 50.426941692024862 ], [ 3.610444959251166, 50.426943169493192 ], [ 3.610442646929998, 50.426763311928212 ], [ 3.610161094427284, 50.426764788705917 ], [ 3.610158783195964, 50.426584931125944 ], [ 3.609877231736074, 50.426586407213051 ], [ 3.609874921594585, 50.426406549618008 ], [ 3.610156471988151, 50.426405073540288 ], [ 3.610149538505741, 50.425865500749261 ], [ 3.609867991311072, 50.425866976798872 ], [ 3.609865681263555, 50.425687119181148 ], [ 3.610147227391945, 50.425685643140909 ], [ 3.610137983171791, 50.424966212650887 ], [ 3.610701066828041, 50.424963258601814 ], [ 3.610696440594107, 50.424603543360341 ], [ 3.609570281717346, 50.424609448658671 ], [ 3.609567972900475, 50.424429590991913 ], [ 3.610131050253451, 50.424426639723841 ], [ 3.610128739327673, 50.424246782070171 ], [ 3.610691814454264, 50.424243828096174 ], [ 3.610689501419626, 50.42406397045557 ], [ 3.611252574319767, 50.42406101377567 ], [ 3.611250259176313, 50.423881156148198 ], [ 3.611813329849941, 50.423878196762431 ], [ 3.611815647125731, 50.424058054371137 ], [ 3.611534110734525, 50.424059534413978 ], [ 3.611536426967703, 50.424239392026394 ], [ 3.611817964425085, 50.424237911974132 ], [ 3.611820281748006, 50.424417769571477 ], [ 3.612664897177286, 50.42441332529944 ], [ 3.612657935683615, 50.423873752575098 ], [ 3.612094865151414, 50.423876716047815 ], [ 3.612090228538228, 50.423517000832256 ], [ 3.612653294805825, 50.423514037397176 ], [ 3.612648654022425, 50.423154322196574 ], [ 3.612367123032677, 50.423155804235876 ], [ 3.612360165232855, 50.422616231364252 ], [ 3.61207863741783, 50.422617712694169 ], [ 3.61207400113469, 50.422257997399264 ], [ 3.611792475428242, 50.42225947802924 ], [ 3.611790158388092, 50.422079620363874 ], [ 3.61150863372414, 50.422081100303366 ], [ 3.611506317773602, 50.421901242622923 ], [ 3.612069364945846, 50.421898282081685 ], [ 3.612071683028482, 50.422078139743306 ], [ 3.612353207645297, 50.422076658441604 ], [ 3.612350888496613, 50.421896800789384 ], [ 3.612913935527389, 50.421893836161466 ], [ 3.612916256808167, 50.42207369379485 ], [ 3.613197781354199, 50.422072210449798 ], [ 3.613202426118704, 50.422431925680741 ], [ 3.613483952773246, 50.422430441635726 ], [ 3.613488599764387, 50.422790156825123 ], [ 3.614614714674843, 50.422784213758348 ], [ 3.614617042470257, 50.422964071306801 ], [ 3.614898572204817, 50.422962583827832 ], [ 3.614900901090015, 50.423142441361158 ], [ 3.615182431867002, 50.423140953191592 ], [ 3.615189421863095, 50.42368052572926 ], [ 3.615470955814784, 50.423679036850203 ], [ 3.615473286927023, 50.423858894341947 ], [ 3.614628681802423, 50.423863358964049 ], [ 3.614624025998539, 50.42350364391816 ], [ 3.61434249304194, 50.423505130744317 ], [ 3.614347146713527, 50.423864845809099 ], [ 3.613784076464761, 50.423867817455736 ], [ 3.613793375562439, 50.42458724759279 ], [ 3.614356454340662, 50.424584275870664 ], [ 3.614363435309484, 50.425123848357273 ], [ 3.61267417949923, 50.425132755519265 ], [ 3.612676500138716, 50.425312613060036 ], [ 3.611550324861427, 50.425318537581838 ], [ 3.611554957681121, 50.425678252721646 ], [ 3.611836503668326, 50.425676772594173 ], [ 3.611838821179785, 50.425856630146193 ], [ 3.611557274126305, 50.425858110283066 ], [ 3.611559590595045, 50.426037967838795 ], [ 3.612122686811015, 50.42603500686505 ], [ 3.6121203682097, 50.425855149328108 ], [ 3.612401915216032, 50.425853667828854 ], [ 3.61239959557202, 50.425673810295656 ], [ 3.612962687381356, 50.425670845272315 ], [ 3.612971974629281, 50.426390275295745 ], [ 3.612690424471249, 50.426391758185687 ], [ 3.612699707831644, 50.427111188156076 ], [ 3.61241815338467, 50.427112670402458 ], [ 3.612420473217413, 50.427292527890309 ], [ 3.612138917680482, 50.427294009464866 ], [ 3.612143555283993, 50.427653724442372 ], [ 3.611580439873876, 50.427656685585369 ] ], [ [ 3.610996494284843, 50.426040926087694 ], [ 3.611278042451718, 50.42603944730385 ], [ 3.611275727049263, 50.4258595897387 ], [ 3.610994179948677, 50.42586106851315 ], [ 3.610996494284843, 50.426040926087694 ] ], [ [ 3.612671858883345, 50.424952897972801 ], [ 3.612953400511218, 50.424951415158191 ], [ 3.612948757217815, 50.42459170006714 ], [ 3.612667217722373, 50.424593182862907 ], [ 3.612671858883345, 50.424952897972801 ] ], [ [ 3.610696440594107, 50.424603543360341 ], [ 3.610977980254515, 50.424602065332806 ], [ 3.61097566610663, 50.424422207712951 ], [ 3.610694127512422, 50.424423685731064 ], [ 3.610696440594107, 50.424603543360341 ] ], [ [ 3.611257204677303, 50.424420729013633 ], [ 3.611538743224433, 50.424419249633139 ], [ 3.611536426967703, 50.424239392026394 ], [ 3.611254889486763, 50.42424087139748 ], [ 3.611257204677303, 50.424420729013633 ] ], [ [ 3.613218683538422, 50.423690928810451 ], [ 3.613500217655749, 50.423689444699455 ], [ 3.613497894030217, 50.423509587135932 ], [ 3.613216360979035, 50.423511071237492 ], [ 3.613218683538422, 50.423690928810451 ] ] ] } },
{ "type": "Feature", "properties": { "surface_ha": 2.17 }, "geometry": { "type": "Polygon", "coordinates": [ [ [ 3.608146458684124, 50.423357810841289 ], [ 3.608141852063779, 50.422998095329213 ], [ 3.607860321764079, 50.422999566460867 ], [ 3.607855717369629, 50.42263985090743 ], [ 3.60757418917872, 50.422641321339277 ], [ 3.607569587010079, 50.422281605744494 ], [ 3.607006534822393, 50.422284544527443 ], [ 3.607004235905301, 50.422104686702873 ], [ 3.606722710842451, 50.422106155063346 ], [ 3.606718115210498, 50.42174643937858 ], [ 3.606436592256378, 50.421747907039283 ], [ 3.606434295541485, 50.421568049179108 ], [ 3.606152773630042, 50.421569516149361 ], [ 3.606150478004527, 50.421389658274173 ], [ 3.606431998849946, 50.421388191313227 ], [ 3.606427405536935, 50.421028475564469 ], [ 3.606708924226989, 50.421027007941063 ], [ 3.606706626539524, 50.420847150067502 ], [ 3.606988144140225, 50.420845681772313 ], [ 3.606990442893676, 50.421025539636545 ], [ 3.607271961536989, 50.42102407065093 ], [ 3.607274261379817, 50.421203928500162 ], [ 3.607555781065741, 50.421202458824133 ], [ 3.607558081997968, 50.421382316658367 ], [ 3.607839602726505, 50.421380846291889 ], [ 3.60784190474815, 50.421560704111101 ], [ 3.608123426519296, 50.42155923305419 ], [ 3.608125729630381, 50.421739090858402 ], [ 3.60840725244414, 50.421737619111042 ], [ 3.608418773681203, 50.422636908000364 ], [ 3.608700301801846, 50.42263543552513 ], [ 3.608707218023597, 50.423175008762662 ], [ 3.608988749319116, 50.423173535578229 ], [ 3.608991055839383, 50.423353393303373 ], [ 3.608146458684124, 50.423357810841289 ] ] ] } },
{ "type": "Feature", "properties": { "surface_ha": 2.41 }, "geometry": { "type": "Polygon", "coordinates": [ [ [ 3.601385118431169, 50.423033214493977 ], [ 3.601382840742788, 50.422853356506394 ], [ 3.60081978113467, 50.422856265375273 ], [ 3.60081750560166, 50.422676407363568 ], [ 3.600535976828989, 50.422677860767074 ], [ 3.600531427964564, 50.422318144708186 ], [ 3.60024990130094, 50.422319597412098 ], [ 3.600247627969495, 50.422139739364916 ], [ 3.599403051038174, 50.422144093362277 ], [ 3.599407591327715, 50.42250380950626 ], [ 3.598844535660407, 50.422506708802374 ], [ 3.598839999635183, 50.422146992621528 ], [ 3.599121525348216, 50.422145543332469 ], [ 3.599119256304137, 50.421965685242775 ], [ 3.599963830106558, 50.421961333316439 ], [ 3.599959285691345, 50.42160161717532 ], [ 3.599677763245721, 50.421603068480117 ], [ 3.59967322105498, 50.421243352297893 ], [ 3.599110180358556, 50.421246252827316 ], [ 3.599105642524205, 50.420886536585627 ], [ 3.599387160751954, 50.420885086679867 ], [ 3.5993848908034, 50.420705228559719 ], [ 3.599666407942079, 50.420703777982126 ], [ 3.599664136950632, 50.420523919865509 ], [ 3.599945653000241, 50.420522468615999 ], [ 3.599943380965925, 50.420342610502949 ], [ 3.600224895926466, 50.4203411585816 ], [ 3.600222622849301, 50.420161300472124 ], [ 3.600785650569124, 50.42015839460462 ], [ 3.600783375383188, 50.419978536507919 ], [ 3.601064888142459, 50.4199770825618 ], [ 3.601062611913727, 50.419797224468653 ], [ 3.601344123583922, 50.419795769850701 ], [ 3.601348678196402, 50.420155486012824 ], [ 3.601067164394335, 50.420156940649264 ], [ 3.60106944066936, 50.420336798731043 ], [ 3.600787925778195, 50.420338252695636 ], [ 3.600790201010405, 50.420518110781025 ], [ 3.600508685030138, 50.420519564073764 ], [ 3.60051095921951, 50.420699422162699 ], [ 3.600229442150145, 50.420700874783606 ], [ 3.600233988466284, 50.421060590962917 ], [ 3.599952469241822, 50.421062042921157 ], [ 3.599954741368557, 50.421241901011541 ], [ 3.600236261659027, 50.42124044904407 ], [ 3.600238534874887, 50.421420307119583 ], [ 3.60052005620826, 50.421418854461784 ], [ 3.600517781926381, 50.421238996395509 ], [ 3.600799302170608, 50.421237543065843 ], [ 3.600801577518504, 50.421417401122888 ], [ 3.601083098805611, 50.421415947102894 ], [ 3.601080822391697, 50.421236089055071 ], [ 3.601362342589637, 50.421234634363223 ], [ 3.601364620069567, 50.421414492401787 ], [ 3.601646141310365, 50.421413037019569 ], [ 3.601648419879483, 50.42159289504324 ], [ 3.601366897572657, 50.421594350434702 ], [ 3.601369175098907, 50.421774208461933 ], [ 3.600524604841397, 50.421778570577317 ], [ 3.600529153567048, 50.422138286670219 ], [ 3.600810679141472, 50.422136833294417 ], [ 3.60081523009179, 50.422496549346178 ], [ 3.601096757775228, 50.422495095270776 ], [ 3.601099034351191, 50.422674953278928 ], [ 3.601380563077571, 50.422673498513149 ], [ 3.601378285435516, 50.422493640514226 ], [ 3.60165981307264, 50.422492185076571 ], [ 3.601664370512109, 50.42285190105023 ], [ 3.601945900258258, 50.422850444912953 ], [ 3.601948180078867, 50.423030302882047 ], [ 3.601385118431169, 50.423033214493977 ] ] ] } },
{ "type": "Feature", "properties": { "surface_ha": 2.17 }, "geometry": { "type": "Polygon", "coordinates": [ [ [ 3.582225531977432, 50.421871577811309 ], [ 3.582223326942506, 50.421691719165693 ], [ 3.581941803063052, 50.42169312756036 ], [ 3.581939599116597, 50.421513268900107 ], [ 3.581376553422561, 50.421516083628184 ], [ 3.581374351630596, 50.421336224944397 ], [ 3.580811307979074, 50.421339036930164 ], [ 3.580809108341556, 50.421159178222887 ], [ 3.580527587548266, 50.421160583185191 ], [ 3.580518793485869, 50.420441148263748 ], [ 3.580237276934225, 50.42044255250925 ], [ 3.580235079540491, 50.420262693755824 ], [ 3.579953564032479, 50.420264097311339 ], [ 3.579949171443962, 50.419904379769676 ], [ 3.580230684820058, 50.419902976231981 ], [ 3.580232882169103, 50.420082834996734 ], [ 3.580795910986156, 50.420080025860308 ], [ 3.580798110489471, 50.420259884601563 ], [ 3.581079625930415, 50.420258479002804 ], [ 3.581081826522071, 50.420438337729436 ], [ 3.581363343006613, 50.420436931440683 ], [ 3.58136554468663, 50.420616790152728 ], [ 3.581928579720504, 50.420613975514058 ], [ 3.581930783554902, 50.420793834202577 ], [ 3.582212302104221, 50.420792425852653 ], [ 3.582214507027033, 50.420972284526577 ], [ 3.582777546190407, 50.420969465765538 ], [ 3.582779753267673, 50.4211493244159 ], [ 3.583061273881715, 50.421147914004798 ], [ 3.583063482047451, 50.42132777264051 ], [ 3.583345003705063, 50.421326361539315 ], [ 3.58334721295929, 50.421506220160467 ], [ 3.583628735660471, 50.4215048083692 ], [ 3.583630946003213, 50.421684666975708 ], [ 3.583349422235983, 50.42168607877592 ], [ 3.583351631535143, 50.421865937385718 ], [ 3.582225531977432, 50.421871577811309 ] ] ] } },
{ "type": "Feature", "properties": { "surface_ha": 2.05 }, "geometry": { "type": "Polygon", "coordinates": [ [ [ 3.586446182437463, 50.42167051151192 ], [ 3.586443961434272, 50.421490652995331 ], [ 3.586162438958348, 50.421492071597726 ], [ 3.586160219043772, 50.421312213066443 ], [ 3.585878697611307, 50.42131363097873 ], [ 3.585869822442777, 50.420594196761023 ], [ 3.586151339611217, 50.420592778884775 ], [ 3.586149119809511, 50.420412920325191 ], [ 3.586430635889399, 50.420411501776854 ], [ 3.586421752644494, 50.419692067517985 ], [ 3.586703264437993, 50.419690648324604 ], [ 3.586707708147159, 50.420050365447331 ], [ 3.586989222049946, 50.420048945554889 ], [ 3.586984776208896, 50.419689228450167 ], [ 3.587266287957198, 50.41968780789469 ], [ 3.587268511932354, 50.41986766644083 ], [ 3.587550024723974, 50.419866245195223 ], [ 3.587552249787692, 50.420046103726712 ], [ 3.58783376362263, 50.420044681791026 ], [ 3.58783598977493, 50.420224540307792 ], [ 3.587554474874036, 50.420225962252516 ], [ 3.587558925114602, 50.420585679287171 ], [ 3.587840442147441, 50.420584257324379 ], [ 3.587844894610505, 50.420943974318277 ], [ 3.58756337544568, 50.420945396299153 ], [ 3.587567825867267, 50.421305113288476 ], [ 3.587286304547782, 50.421306534606281 ], [ 3.587288528726488, 50.421486393101496 ], [ 3.587007006318352, 50.421487813747227 ], [ 3.587009229453634, 50.421667672245782 ], [ 3.586446182437463, 50.42167051151192 ] ] ] } },
{ "type": "Feature", "properties": { "surface_ha": 7.55 }, "geometry": { "type": "Polygon", "coordinates": [ [ [ 3.567856978296911, 50.421043242423366 ], [ 3.567854827740734, 50.420863383298808 ], [ 3.567573308062277, 50.420864756912671 ], [ 3.567569009147539, 50.420505038629102 ], [ 3.567287491579233, 50.420506411544402 ], [ 3.567285343220638, 50.420326552385447 ], [ 3.567003826696473, 50.420327924610973 ], [ 3.566999532176766, 50.419968206258574 ], [ 3.56671801776271, 50.419969577785579 ], [ 3.566713725462244, 50.419609859393134 ], [ 3.566432213158266, 50.419611230221662 ], [ 3.566430068106702, 50.419431371008265 ], [ 3.565867045565188, 50.419434110604662 ], [ 3.565871331426367, 50.419793829060602 ], [ 3.565589817991037, 50.419795197854597 ], [ 3.565594101807456, 50.420154916305322 ], [ 3.565312586218419, 50.420156284435599 ], [ 3.565310445365289, 50.419976425204382 ], [ 3.565028930820452, 50.4199777926449 ], [ 3.565026791055047, 50.419797933399337 ], [ 3.564463764032022, 50.419800666219786 ], [ 3.564465901665509, 50.4199805254827 ], [ 3.564184387055427, 50.419981890879946 ], [ 3.564182250487899, 50.419802031608356 ], [ 3.563900736922048, 50.419803396315885 ], [ 3.563898601442193, 50.419623537029977 ], [ 3.564180113942094, 50.419622172331131 ], [ 3.564177977418018, 50.419442313048236 ], [ 3.56474100022076, 50.419439581624658 ], [ 3.564738861586557, 50.419259722353452 ], [ 3.565583392429763, 50.419255620136106 ], [ 3.565581250619564, 50.419075760885285 ], [ 3.565862759791174, 50.419074392126078 ], [ 3.565860616936852, 50.418894532878312 ], [ 3.566705141123189, 50.418890422540407 ], [ 3.566702995092982, 50.418710563313063 ], [ 3.567547515885248, 50.418706446871838 ], [ 3.567545366679223, 50.418526587664971 ], [ 3.567826872500405, 50.418525214164511 ], [ 3.567824722250367, 50.418345354960728 ], [ 3.568106226983814, 50.418343980787952 ], [ 3.568110529637503, 50.418703699172404 ], [ 3.56839203648082, 50.418702324301123 ], [ 3.568394188906368, 50.418882183476121 ], [ 3.568675696793688, 50.418880807915052 ], [ 3.568677850307024, 50.419060667075655 ], [ 3.568959359238346, 50.419059290824784 ], [ 3.568948586561259, 50.418159995008864 ], [ 3.569511593699389, 50.41815724055143 ], [ 3.569509437098005, 50.417977381388759 ], [ 3.569790939568337, 50.417976003147231 ], [ 3.569793097235562, 50.418155862301134 ], [ 3.570074600749798, 50.418154483369818 ], [ 3.570081077080722, 50.418694060771337 ], [ 3.570362583770602, 50.418692681132704 ], [ 3.57036906349679, 50.419232258457022 ], [ 3.570650573362401, 50.419230878111044 ], [ 3.570657056484055, 50.419770455358112 ], [ 3.570938569525482, 50.41976907430476 ], [ 3.570940731675936, 50.419948933367046 ], [ 3.570659217568557, 50.419950314429165 ], [ 3.570661378675035, 50.420130173494556 ], [ 3.569816833023194, 50.420134312620753 ], [ 3.569818990953726, 50.420314171706785 ], [ 3.56953747462657, 50.420315550062107 ], [ 3.569539631513059, 50.420495409151194 ], [ 3.569258114097985, 50.420496786834178 ], [ 3.569262425804761, 50.420856505012949 ], [ 3.568980906235758, 50.42085788203233 ], [ 3.568983061056012, 50.421037741121964 ], [ 3.567856978296911, 50.421043242423366 ] ] ] } },
{ "type": "Feature", "properties": { "surface_ha": 24.93 }, "geometry": { "type": "Polygon", "coordinates": [ [ [ 3.588472565601359, 50.426157021655946 ], [ 3.588470336569234, 50.425977163344086 ], [ 3.588188787597338, 50.425978586940275 ], [ 3.588179875960671, 50.425259153600059 ], [ 3.588461420667425, 50.425257730040045 ], [ 3.588459191748642, 50.425077871699877 ], [ 3.58874073536647, 50.425076447467703 ], [ 3.588736275464421, 50.424716730788482 ], [ 3.589017816927087, 50.424715305893208 ], [ 3.589015585943855, 50.424535447554142 ], [ 3.588734045547415, 50.424536872440392 ], [ 3.588731815653085, 50.424357014086603 ], [ 3.589013354983311, 50.424355589209434 ], [ 3.589011124045453, 50.424175730859055 ], [ 3.589292662286786, 50.424174305309748 ], [ 3.589288198346761, 50.423814588610121 ], [ 3.588725126106155, 50.423817438991321 ], [ 3.588722896302532, 50.423637580614894 ], [ 3.589004431368007, 50.423636155773934 ], [ 3.588997738894741, 50.423096580637853 ], [ 3.589279270739081, 50.423095155142882 ], [ 3.589274807071422, 50.422735438375298 ], [ 3.589556336760822, 50.42273401221729 ], [ 3.589554103894931, 50.422554153834049 ], [ 3.589835632495518, 50.422552727003968 ], [ 3.589833398586239, 50.422372868624137 ], [ 3.590114926098015, 50.422371441121975 ], [ 3.590110456215451, 50.42201172436345 ], [ 3.590391981572344, 50.422010296198323 ], [ 3.590387509648579, 50.421650579435294 ], [ 3.589824463176289, 50.421653435048171 ], [ 3.589822229380592, 50.421473576640018 ], [ 3.58954070717641, 50.421475003415729 ], [ 3.589538474469457, 50.421295144992882 ], [ 3.5892569533086, 50.421296571078415 ], [ 3.589254721690371, 50.421116712640838 ], [ 3.58897320157284, 50.421118138036235 ], [ 3.588970971043314, 50.420938279583915 ], [ 3.588689451969106, 50.420939704289147 ], [ 3.58868722252826, 50.420759845822147 ], [ 3.588405704497382, 50.420761269837243 ], [ 3.588399019508796, 50.420221694375108 ], [ 3.588680534341745, 50.420220270387127 ], [ 3.588678304991579, 50.420040411897475 ], [ 3.588959818735905, 50.420038987237461 ], [ 3.588957588342466, 50.419859128751192 ], [ 3.589239100998167, 50.419857703419154 ], [ 3.589236869561476, 50.419677844936274 ], [ 3.589518381128554, 50.419676418932248 ], [ 3.589516148648632, 50.419496560452743 ], [ 3.590079169582828, 50.419493706419587 ], [ 3.590072465883876, 50.418954131001513 ], [ 3.589790958625831, 50.418955558331419 ], [ 3.589788725170837, 50.418775699838342 ], [ 3.589507218955958, 50.418777126478155 ], [ 3.589502754245823, 50.418417409456865 ], [ 3.589221250139969, 50.418418835397496 ], [ 3.589216787652313, 50.418059118335457 ], [ 3.588935285655449, 50.418060543576964 ], [ 3.588933055511478, 50.4178806850284 ], [ 3.589214556442516, 50.417879259795939 ], [ 3.58921232525541, 50.417699401250765 ], [ 3.589775324917786, 50.417696548760922 ], [ 3.589773091621761, 50.417516690228169 ], [ 3.590336089061696, 50.417513835032373 ], [ 3.590338324489325, 50.417693693546966 ], [ 3.590619824241004, 50.417692264918465 ], [ 3.590615351276889, 50.417332547901772 ], [ 3.590052356013983, 50.417335404441488 ], [ 3.590050121697596, 50.417155545906489 ], [ 3.591176107869326, 50.417149830139351 ], [ 3.591180585051096, 50.417509547131054 ], [ 3.591462083668718, 50.417508116468603 ], [ 3.591459844000662, 50.417328257984671 ], [ 3.591741341529722, 50.417326826650253 ], [ 3.591745823020196, 50.417686543594293 ], [ 3.592027322658057, 50.417685111560694 ], [ 3.592029564503282, 50.417864970015138 ], [ 3.592311065184159, 50.417863537291424 ], [ 3.59232003705637, 50.418582971016093 ], [ 3.592601541977787, 50.418581537574966 ], [ 3.592603786068725, 50.418761395982862 ], [ 3.592885292033185, 50.41875996185157 ], [ 3.592889782415277, 50.419119678632192 ], [ 3.593171290488666, 50.41911824380162 ], [ 3.593175783093886, 50.41947796054135 ], [ 3.593457293276236, 50.419476525011518 ], [ 3.593461788104668, 50.419836241710343 ], [ 3.59374330039601, 50.419834805481216 ], [ 3.593747797447746, 50.420194522139163 ], [ 3.594029311848109, 50.420193085210698 ], [ 3.594033811123235, 50.420552801827732 ], [ 3.594315327632654, 50.420551364199923 ], [ 3.594322079914897, 50.421090939055617 ], [ 3.594040560207502, 50.421092376710824 ], [ 3.59404280994801, 50.421272234993829 ], [ 3.593761289151724, 50.421273671977069 ], [ 3.59375904047723, 50.421093813684905 ], [ 3.593477520724089, 50.421095249977903 ], [ 3.593475273138466, 50.42091539167096 ], [ 3.592912235695638, 50.420918262195407 ], [ 3.592909990264854, 50.420738403864597 ], [ 3.592628472575178, 50.420739838096061 ], [ 3.592626228233212, 50.420559979750443 ], [ 3.592344711586696, 50.420561413291736 ], [ 3.592342468333524, 50.42038155493136 ], [ 3.591779437104014, 50.420384419952462 ], [ 3.59178167822524, 50.420564278331028 ], [ 3.592063194917368, 50.420562846151938 ], [ 3.592065437127369, 50.420742704515767 ], [ 3.59234695486268, 50.420741271646449 ], [ 3.592349198161476, 50.420921129995492 ], [ 3.592630716939968, 50.420919696436023 ], [ 3.592632961327581, 50.421099554770286 ], [ 3.592914481149255, 50.42109812052059 ], [ 3.592916726625706, 50.421277978840088 ], [ 3.593198247490561, 50.421276543900184 ], [ 3.593202740644031, 50.421636260504009 ], [ 3.592921217647114, 50.421637695462138 ], [ 3.59292346319207, 50.421817553764647 ], [ 3.592641939106268, 50.421818988050795 ], [ 3.592644183608001, 50.421998846356772 ], [ 3.592362658433317, 50.422000279970881 ], [ 3.592364901891805, 50.422180138280282 ], [ 3.592083375628238, 50.422181571222389 ], [ 3.592085618043457, 50.422361429535236 ], [ 3.591804090691005, 50.422362861805304 ], [ 3.591806332062937, 50.422542720121584 ], [ 3.591243275157479, 50.422545582636523 ], [ 3.591245514419998, 50.422725440965316 ], [ 3.590963984867001, 50.422726871210173 ], [ 3.590968461328115, 50.42308658786893 ], [ 3.590686929620117, 50.423088017450794 ], [ 3.590691404039994, 50.423447734105068 ], [ 3.59040987017696, 50.423449163023953 ], [ 3.590412106354866, 50.423629021351644 ], [ 3.589849036428268, 50.423631877164055 ], [ 3.589851270496576, 50.423811735504252 ], [ 3.589569734433024, 50.423813162397771 ], [ 3.589576433575685, 50.424352737411567 ], [ 3.589857972837815, 50.424351310490856 ], [ 3.589860206997002, 50.424531168808414 ], [ 3.590141747302624, 50.42452974119746 ], [ 3.590146217821621, 50.424889457797441 ], [ 3.590427760236969, 50.42488802948715 ], [ 3.590434469384725, 50.425427604317406 ], [ 3.5907160149761, 50.425426175298718 ], [ 3.590711540055663, 50.425066458769017 ], [ 3.590993083491762, 50.425065029087278 ], [ 3.59099084499943, 50.424885170823003 ], [ 3.590709302629576, 50.424886600495682 ], [ 3.590707065226242, 50.424706742216678 ], [ 3.590425523899871, 50.424708171199065 ], [ 3.590423287585515, 50.424528312905323 ], [ 3.59098636808306, 50.424525454277507 ], [ 3.590984129659021, 50.42434559599625 ], [ 3.591547207933083, 50.424342734661877 ], [ 3.591544967399406, 50.424162876393119 ], [ 3.591826505436064, 50.42416144471327 ], [ 3.59182426385898, 50.423981586447937 ], [ 3.592105800806652, 50.423980154096 ], [ 3.592103558186186, 50.423800295834134 ], [ 3.592385094044873, 50.423798862810123 ], [ 3.592378363121842, 50.42325928801781 ], [ 3.592096830461626, 50.423260721014529 ], [ 3.592094587932383, 50.423080862729982 ], [ 3.592376119526464, 50.423079429742394 ], [ 3.592373875953901, 50.422899571461294 ], [ 3.592655406459043, 50.422898137801646 ], [ 3.592653161843184, 50.422718279523991 ], [ 3.592934691259385, 50.422716845192312 ], [ 3.59293244560025, 50.422536986918111 ], [ 3.593213973927515, 50.422535551914407 ], [ 3.593211727225122, 50.422355693643659 ], [ 3.593493254463448, 50.422354257967939 ], [ 3.593491006717826, 50.422174399700637 ], [ 3.594054058993734, 50.422171526324064 ], [ 3.594058558772176, 50.422531242816504 ], [ 3.594340087007985, 50.422529805088253 ], [ 3.594342337997628, 50.422709663316859 ], [ 3.593779279370928, 50.42271253811046 ], [ 3.593783777154416, 50.423072254587169 ], [ 3.593502245674522, 50.423073690980502 ], [ 3.593506741417214, 50.423433407452819 ], [ 3.593225207782182, 50.423434843183244 ], [ 3.593227454621662, 50.423614701420007 ], [ 3.592945919897625, 50.423616136478401 ], [ 3.592948165693786, 50.423795994718638 ], [ 3.593229701483991, 50.423794559651121 ], [ 3.593231948369168, 50.423974417876558 ], [ 3.5935134852027, 50.423972982118777 ], [ 3.593515733176916, 50.424152840329455 ], [ 3.593797271053774, 50.424151403881382 ], [ 3.593799520117051, 50.424331262077253 ], [ 3.594081059037236, 50.424329824938873 ], [ 3.594083309189592, 50.424509683119993 ], [ 3.594364849153104, 50.424508245291292 ], [ 3.594367100394564, 50.424688103457591 ], [ 3.5946486414014, 50.424686664938584 ], [ 3.594653146085476, 50.425046381235909 ], [ 3.595216232295363, 50.425043502117788 ], [ 3.595222995890846, 50.425583076466438 ], [ 3.594941449598575, 50.425584516393549 ], [ 3.594943703109976, 50.425764374507573 ], [ 3.594662155728502, 50.425765813762581 ], [ 3.594664408196524, 50.425945671880093 ], [ 3.594382859725849, 50.425947110463056 ], [ 3.594385111150474, 50.426126968584036 ], [ 3.593822012007828, 50.426129843724596 ], [ 3.593819762715817, 50.425949985585326 ], [ 3.593256665614287, 50.425952857982722 ], [ 3.593254418477742, 50.425772999819579 ], [ 3.592409775852965, 50.425777303279212 ], [ 3.592412019790617, 50.425957161469697 ], [ 3.591848922460717, 50.425960027054927 ], [ 3.591846680655661, 50.425780168846273 ], [ 3.591565133022807, 50.425781600607948 ], [ 3.591560651613653, 50.425421884155405 ], [ 3.591279106090576, 50.425423315217735 ], [ 3.591281345717481, 50.425603173455904 ], [ 3.59071825247045, 50.425606033555084 ], [ 3.590720489987556, 50.425785891805766 ], [ 3.590157394516926, 50.425788749198269 ], [ 3.590155159132399, 50.425608890929411 ], [ 3.589592065703416, 50.425611745578912 ], [ 3.589594298955363, 50.425791603865882 ], [ 3.589312751140508, 50.425793030177857 ], [ 3.589314983348868, 50.425972888468237 ], [ 3.589033434445011, 50.425974314108075 ], [ 3.58903566560976, 50.426154172401844 ], [ 3.588472565601359, 50.426157021655946 ] ], [ [ 3.59149792145507, 50.420385851441395 ], [ 3.591779437104014, 50.420384419952462 ], [ 3.591777196005577, 50.420204561568234 ], [ 3.591495681422594, 50.420205993048071 ], [ 3.59149792145507, 50.420385851441395 ] ], [ [ 3.591214166816834, 50.420207423846833 ], [ 3.591495681422594, 50.420205993048071 ], [ 3.591493441412897, 50.420026134649071 ], [ 3.591211927873088, 50.420027565438744 ], [ 3.591214166816834, 50.420207423846833 ] ], [ [ 3.592612762660669, 50.419480829557848 ], [ 3.592894272888693, 50.419479395390141 ], [ 3.59289202764057, 50.419299537013998 ], [ 3.592610518478453, 50.419300971172618 ], [ 3.592612762660669, 50.419480829557848 ] ] ] } },
{ "type": "Feature", "properties": { "surface_ha": 2.97 }, "geometry": { "type": "Polygon", "coordinates": [ [ [ 3.571213593027691, 50.419228115375873 ], [ 3.571204940645994, 50.418508679037402 ], [ 3.571767951696164, 50.418505913648247 ], [ 3.571770116890345, 50.418685772723798 ], [ 3.572051623448286, 50.418684388998848 ], [ 3.572042958540226, 50.417964952697886 ], [ 3.571761456245721, 50.417966336387664 ], [ 3.57175496099342, 50.417426759076164 ], [ 3.572036460090465, 50.417425375412734 ], [ 3.572032127900756, 50.417065657194343 ], [ 3.57287661866493, 50.417061502170753 ], [ 3.572880957249399, 50.417421220336358 ], [ 3.573162456258275, 50.417419833948884 ], [ 3.573166797062604, 50.417779552074236 ], [ 3.573448298181038, 50.417778164988121 ], [ 3.573452641205318, 50.418137883073229 ], [ 3.573734144433341, 50.418136495288458 ], [ 3.573738489677662, 50.418496213333313 ], [ 3.574019995015304, 50.418494824849866 ], [ 3.574024342479751, 50.418854542854461 ], [ 3.573742835010352, 50.418855931355544 ], [ 3.573745007709837, 50.419035790358166 ], [ 3.573463499152449, 50.419037178187011 ], [ 3.573465670808122, 50.419217037192794 ], [ 3.572339632094223, 50.419222581732832 ], [ 3.572337464702175, 50.41904272269182 ], [ 3.572055956034482, 50.41904410711539 ], [ 3.572058122360623, 50.419223966165184 ], [ 3.571213593027691, 50.419228115375873 ] ] ] } },
{ "type": "Feature", "properties": { "surface_ha": 8.31 }, "geometry": { "type": "Polygon", "coordinates": [ [ [ 3.577686125188514, 50.419016289243423 ], [ 3.577683937566534, 50.418836430364657 ], [ 3.577402430385332, 50.418837827719415 ], [ 3.577398057339855, 50.418478109927122 ], [ 3.577116552268169, 50.41847950658309 ], [ 3.577112181443332, 50.418119788750431 ], [ 3.57683067848113, 50.418121184707623 ], [ 3.576826309876846, 50.417761466834591 ], [ 3.576544809024095, 50.417762862093021 ], [ 3.576538259481663, 50.417223285214469 ], [ 3.576819757136997, 50.417221889982621 ], [ 3.576817572934802, 50.417042031020614 ], [ 3.577099069502144, 50.417040635116635 ], [ 3.577096884256385, 50.416860776157868 ], [ 3.577378379735736, 50.41685937958173 ], [ 3.577376193446437, 50.416679520626161 ], [ 3.577657687837795, 50.416678123377878 ], [ 3.577655500504978, 50.416498264425542 ], [ 3.578499980348316, 50.416494068621404 ], [ 3.578495599355005, 50.416134350753026 ], [ 3.579058581542951, 50.41613155018085 ], [ 3.579056388948273, 50.415951691255941 ], [ 3.580463838699214, 50.415944677952872 ], [ 3.580466036622465, 50.416124536833237 ], [ 3.580747527571364, 50.416123132120738 ], [ 3.58074972658269, 50.41630299098653 ], [ 3.581031218574954, 50.416301585584129 ], [ 3.581033418674375, 50.416481444435327 ], [ 3.581314911710004, 50.416480038343039 ], [ 3.58131711289754, 50.416659897179635 ], [ 3.581598606976532, 50.416658490397381 ], [ 3.581600809252209, 50.416838349219418 ], [ 3.582163799474513, 50.416835533594075 ], [ 3.582168208356137, 50.417195251185326 ], [ 3.582449705565216, 50.417193842333276 ], [ 3.582451911105438, 50.417373701111472 ], [ 3.582733409357878, 50.41737229156945 ], [ 3.582740029310536, 50.417911867843188 ], [ 3.58245852786067, 50.417913277412097 ], [ 3.5824607334906, 50.418093136167663 ], [ 3.582179230952474, 50.418094545064449 ], [ 3.582181435538992, 50.418274403823283 ], [ 3.581618428263811, 50.418277219591673 ], [ 3.581616225808977, 50.418097360814954 ], [ 3.5810532205759, 50.418100173841346 ], [ 3.581051020275127, 50.41792031504108 ], [ 3.580769518690854, 50.417921720523815 ], [ 3.580767319478279, 50.417741861708954 ], [ 3.580485818937466, 50.417743266501745 ], [ 3.580483620813062, 50.417563407672318 ], [ 3.58020212131571, 50.417564811775151 ], [ 3.58019992427946, 50.417384952931165 ], [ 3.579918425825568, 50.417386356344068 ], [ 3.579920621796017, 50.417566215196963 ], [ 3.579639122253994, 50.417567617937756 ], [ 3.57964131718096, 50.41774747679392 ], [ 3.579359816550806, 50.417748878862596 ], [ 3.579366398268119, 50.418288455423799 ], [ 3.579084894418152, 50.418289856838165 ], [ 3.579089280209516, 50.418649574535131 ], [ 3.57852626817925, 50.418652375356309 ], [ 3.578528458976622, 50.418832234214086 ], [ 3.578246951862189, 50.418833633611975 ], [ 3.57824914161595, 50.419013492473006 ], [ 3.577686125188514, 50.419016289243423 ] ] ] } },
{ "type": "Feature", "properties": { "surface_ha": 1.97 }, "geometry": { "type": "Polygon", "coordinates": [ [ [ 3.6094664081984, 50.416515848043922 ], [ 3.609464100437797, 50.416335990122128 ], [ 3.608901118926763, 50.41633893782295 ], [ 3.608898813321038, 50.41615907987677 ], [ 3.608617323596054, 50.41616055269639 ], [ 3.608615019079465, 50.41598069473519 ], [ 3.608333530396744, 50.415982166864438 ], [ 3.608331226969272, 50.415802308888232 ], [ 3.608049739328813, 50.415803780327181 ], [ 3.608038227871024, 50.414904490314392 ], [ 3.608882674737354, 50.414900074094838 ], [ 3.608884980178982, 50.415079932080708 ], [ 3.609447946770604, 50.415076984510911 ], [ 3.609450254366953, 50.41525684247236 ], [ 3.609731738693215, 50.41525536765667 ], [ 3.609734047378679, 50.415435225603105 ], [ 3.610297018092066, 50.41543227391012 ], [ 3.610299328932324, 50.415612131832134 ], [ 3.610580815319439, 50.415610654954826 ], [ 3.610585439201798, 50.415970370763134 ], [ 3.610022462141367, 50.415973323874269 ], [ 3.61002708185497, 50.416333039697371 ], [ 3.609745591158122, 50.416334515250234 ], [ 3.609747899984439, 50.41651437316267 ], [ 3.6094664081984, 50.416515848043922 ] ] ] } },
{ "type": "Feature", "properties": { "surface_ha": 4.5 }, "geometry": { "type": "Polygon", "coordinates": [ [ [ 3.583863823948914, 50.41772636404103 ], [ 3.583861613034792, 50.417546505318953 ], [ 3.583580113806371, 50.417547917594 ], [ 3.58357790398053, 50.417368058857299 ], [ 3.583296405795434, 50.417369470442353 ], [ 3.583294197057849, 50.417189611691022 ], [ 3.583012699916082, 50.41719102258611 ], [ 3.583010492266732, 50.417011163820156 ], [ 3.582728996168295, 50.417012574025293 ], [ 3.582726789607159, 50.416832715244723 ], [ 3.582445294552049, 50.416834124759895 ], [ 3.582443089079105, 50.416654265964716 ], [ 3.582161595067326, 50.416655674789943 ], [ 3.582159390682552, 50.416475815980142 ], [ 3.581877897714102, 50.41647722411544 ], [ 3.581875694417478, 50.416297365291051 ], [ 3.581594202492357, 50.41629877273639 ], [ 3.58159200028386, 50.416118913897385 ], [ 3.581310509402074, 50.416120320652851 ], [ 3.58130830828168, 50.415940461799266 ], [ 3.580745328582398, 50.415943273249304 ], [ 3.580743129615793, 50.415763414372215 ], [ 3.580461640798311, 50.415764819066844 ], [ 3.580455047229692, 50.415225242374824 ], [ 3.58073653285013, 50.415223837706932 ], [ 3.58073433397296, 50.415043978807205 ], [ 3.58101581850538, 50.415042573467282 ], [ 3.581013618584918, 50.414862714570809 ], [ 3.581576585451344, 50.414859901865967 ], [ 3.581578787503102, 50.415039760744577 ], [ 3.581860271968383, 50.415038353361808 ], [ 3.58186247510819, 50.415218212225817 ], [ 3.582143960616729, 50.415216804153147 ], [ 3.582146164844606, 50.415396663002547 ], [ 3.5824276513964, 50.415395254239961 ], [ 3.582429856712371, 50.415575113074766 ], [ 3.582992831880036, 50.415572293488765 ], [ 3.582995039349812, 50.415752152300009 ], [ 3.58327652796567, 50.4157507414766 ], [ 3.583278736523592, 50.415930600273221 ], [ 3.583560226182693, 50.415929188759854 ], [ 3.583562435828783, 50.416109047541859 ], [ 3.583843926531128, 50.416107635338548 ], [ 3.583846137265407, 50.416287494105923 ], [ 3.584127629010995, 50.416286081212675 ], [ 3.584129840833484, 50.416465939965413 ], [ 3.584411333622314, 50.416464526382178 ], [ 3.58441575946626, 50.416824243852709 ], [ 3.584978749239396, 50.416821414607384 ], [ 3.584983179436428, 50.417181132019294 ], [ 3.585546173382545, 50.417178300013987 ], [ 3.585552825241796, 50.417717876035468 ], [ 3.583863823948914, 50.41772636404103 ] ] ] } },
{ "type": "Feature", "properties": { "surface_ha": 2.33 }, "geometry": { "type": "Polygon", "coordinates": [ [ [ 3.576813204597038, 50.416682313079676 ], [ 3.57681102046147, 50.416502454100709 ], [ 3.576529527069202, 50.416503849297122 ], [ 3.576525160996161, 50.416144131304513 ], [ 3.576243669713164, 50.416145525802222 ], [ 3.576237123967204, 50.415605948744265 ], [ 3.57651861205308, 50.415604554273145 ], [ 3.576514246202006, 50.415244836223927 ], [ 3.576795732134323, 50.415243441089558 ], [ 3.576793548176417, 50.415063582065308 ], [ 3.577075033020863, 50.415062186258815 ], [ 3.57707284801951, 50.414882327237791 ], [ 3.577354331776085, 50.414880930759189 ], [ 3.577352145731309, 50.414701071741376 ], [ 3.577633628400017, 50.414699674590729 ], [ 3.577635815510436, 50.414879533599674 ], [ 3.577917299222545, 50.414878135759189 ], [ 3.577919487420855, 50.415057994753596 ], [ 3.578200972176368, 50.415056596223259 ], [ 3.578205350771072, 50.415416314177357 ], [ 3.57848683763566, 50.415414914948308 ], [ 3.578489028032087, 50.415594773907969 ], [ 3.578770515940087, 50.41559337398904 ], [ 3.578772707424482, 50.415773232934164 ], [ 3.578491218450787, 50.415774632861968 ], [ 3.578493408891759, 50.415954491810318 ], [ 3.578211918830088, 50.415955891066034 ], [ 3.578216297647408, 50.416315608963529 ], [ 3.577653313194402, 50.416318405467536 ], [ 3.577655500504978, 50.416498264425542 ], [ 3.577374007179368, 50.416499661664915 ], [ 3.577376193446437, 50.416679520626161 ], [ 3.576813204597038, 50.416682313079676 ] ] ] } },
{ "type": "Feature", "properties": { "surface_ha": 4.01 }, "geometry": { "type": "Polygon", "coordinates": [ [ [ 3.574264532334364, 50.415435831882455 ], [ 3.574260183578414, 50.41507611368047 ], [ 3.573978698512392, 50.415077502677342 ], [ 3.573976525233236, 50.414897643559065 ], [ 3.573695041210772, 50.414899031866142 ], [ 3.573692869019359, 50.414719172733363 ], [ 3.573411386040453, 50.414720560350709 ], [ 3.573409214936762, 50.414540701203457 ], [ 3.573127733001415, 50.414542088131014 ], [ 3.573123392991494, 50.414182369801935 ], [ 3.572841913165322, 50.414183756030937 ], [ 3.572839744259062, 50.414003896849131 ], [ 3.573121223019631, 50.414002510628904 ], [ 3.573119053069831, 50.413822651450218 ], [ 3.573400530742747, 50.413821264557875 ], [ 3.57339835974943, 50.41364140538235 ], [ 3.573961312897865, 50.413638629572482 ], [ 3.573959139795483, 50.413458770408923 ], [ 3.574803566155684, 50.413454601613658 ], [ 3.574801389878723, 50.41327474247089 ], [ 3.575645812843103, 50.413270567573882 ], [ 3.575647992316735, 50.413450426690119 ], [ 3.575929467659446, 50.41344903368708 ], [ 3.575933828804337, 50.413808751884893 ], [ 3.576496783685523, 50.413805963800669 ], [ 3.576498966422404, 50.413985822873393 ], [ 3.576780444895301, 50.413984427801033 ], [ 3.57678481256685, 50.414344145911755 ], [ 3.576503331962746, 50.41434554100185 ], [ 3.576505514766207, 50.414525400057585 ], [ 3.576224033074287, 50.414526794475591 ], [ 3.576228396616521, 50.414886512587771 ], [ 3.57566542890359, 50.414889299416352 ], [ 3.575667608576676, 50.41506915848165 ], [ 3.575104638643784, 50.415071942604058 ], [ 3.575106816207703, 50.415251801681393 ], [ 3.574825330142373, 50.415253192729978 ], [ 3.574827506662757, 50.415433051810481 ], [ 3.574264532334364, 50.415435831882455 ] ] ] } },
{ "type": "Feature", "properties": { "surface_ha": 1.28 }, "geometry": { "type": "Polygon", "coordinates": [ [ [ 3.595067485386279, 50.413172853550762 ], [ 3.595058473630021, 50.412453419511316 ], [ 3.595339942089933, 50.412451979570733 ], [ 3.595337688142655, 50.412272121055864 ], [ 3.595619155514171, 50.412270680443555 ], [ 3.595616900524337, 50.412090821932154 ], [ 3.595898366807457, 50.412089380648098 ], [ 3.595893854765662, 50.411729663626609 ], [ 3.596456783001261, 50.411726779052515 ], [ 3.596459041141584, 50.411906637547759 ], [ 3.596740506290398, 50.411905194230229 ], [ 3.596747284045535, 50.412444769654478 ], [ 3.596465815700313, 50.412446212999519 ], [ 3.596470332187603, 50.412805929939054 ], [ 3.596188861688428, 50.412807372621515 ], [ 3.596193376136524, 50.413167089556701 ], [ 3.595067485386279, 50.413172853550762 ] ] ] } },
{ "type": "Feature", "properties": { "surface_ha": 11.52 }, "geometry": { "type": "Polygon", "coordinates": [ [ [ 3.561599713183899, 50.415677522859191 ], [ 3.561597586729019, 50.415497663374019 ], [ 3.562160563026298, 50.415494944589589 ], [ 3.562149920419542, 50.414595647165171 ], [ 3.561868437610062, 50.414597006854706 ], [ 3.561866310219275, 50.414417147344246 ], [ 3.562429273685322, 50.41441442730148 ], [ 3.562427144184916, 50.41423456780263 ], [ 3.563834547142808, 50.414227755822438 ], [ 3.563832412335989, 50.414047896361161 ], [ 3.564676850653497, 50.414043801027752 ], [ 3.564659747406836, 50.412604925342045 ], [ 3.564941218278042, 50.412603558938443 ], [ 3.564934801722696, 50.412063980489016 ], [ 3.566060672203915, 50.412058508169828 ], [ 3.566058529133704, 50.411878648710122 ], [ 3.567465861417483, 50.411871793034592 ], [ 3.567463713041718, 50.411691933612765 ], [ 3.56774517836752, 50.411690560443738 ], [ 3.56774732780875, 50.411870419856818 ], [ 3.568310260525712, 50.411867671458651 ], [ 3.568312412119754, 50.412047530848653 ], [ 3.568593879510903, 50.412046155619493 ], [ 3.568596032192309, 50.412226014995092 ], [ 3.569158969039912, 50.41222326247663 ], [ 3.569163278730402, 50.412582981175909 ], [ 3.569444749252354, 50.412581603877847 ], [ 3.569449061161535, 50.412941322537009 ], [ 3.569730533792614, 50.41293994454054 ], [ 3.569732690845626, 50.413119803852865 ], [ 3.570014164520315, 50.413118425166715 ], [ 3.570020639007636, 50.41365800304353 ], [ 3.57030211585707, 50.413656623650198 ], [ 3.570304275128983, 50.413836482922392 ], [ 3.570585753022044, 50.413835102839357 ], [ 3.570587913381505, 50.414014962097134 ], [ 3.569743476439682, 50.414019100329682 ], [ 3.569741319277004, 50.413839241045636 ], [ 3.56945984131811, 50.41384061908586 ], [ 3.569464153534196, 50.414200337665825 ], [ 3.569182673422176, 50.414201715042601 ], [ 3.569184828497487, 50.414381574332815 ], [ 3.568903347297938, 50.414382951037396 ], [ 3.568899039300454, 50.414023232433799 ], [ 3.568054601964114, 50.414027358409477 ], [ 3.568052451195015, 50.413847499072986 ], [ 3.566082104104508, 50.413857102455751 ], [ 3.566084247414424, 50.41403696185322 ], [ 3.565239809423159, 50.414041067400767 ], [ 3.565241949558036, 50.414220926818651 ], [ 3.56467898865715, 50.414223660462987 ], [ 3.564687540889158, 50.414943098147454 ], [ 3.564406056143548, 50.414944463982884 ], [ 3.564408193190235, 50.415124323398537 ], [ 3.565534136304853, 50.415118855936228 ], [ 3.565531994995506, 50.414938996555328 ], [ 3.566094964290893, 50.414936258755766 ], [ 3.566092820872012, 50.414756399386562 ], [ 3.566655787948914, 50.414753658880578 ], [ 3.566653642420543, 50.414573799523126 ], [ 3.568342536733481, 50.414565561714518 ], [ 3.568344688655698, 50.414745421019653 ], [ 3.567500238400623, 50.414749543014423 ], [ 3.567502387147768, 50.41492940234005 ], [ 3.566939418070487, 50.414932146949205 ], [ 3.566941564708153, 50.415112006286648 ], [ 3.566378593412239, 50.415114748189367 ], [ 3.566380737940385, 50.415294607538549 ], [ 3.565536277635973, 50.415298715311494 ], [ 3.565538418988867, 50.41547857468111 ], [ 3.565256931111481, 50.415479942585506 ], [ 3.565259071420451, 50.415659801958135 ], [ 3.56469609346901, 50.415662535741383 ], [ 3.564691817135603, 50.415302816955709 ], [ 3.56441033025865, 50.415304182808534 ], [ 3.564412467348796, 50.415484042212853 ], [ 3.563849491398335, 50.415486771892894 ], [ 3.563847356439565, 50.415306912471223 ], [ 3.563284382533648, 50.41530963941004 ], [ 3.563286515361041, 50.41548949884902 ], [ 3.562442051142475, 50.41549358417592 ], [ 3.562444180794457, 50.415673443635171 ], [ 3.561599713183899, 50.415677522859191 ] ], [ [ 3.56635500504174, 50.413136294975061 ], [ 3.566917952894249, 50.41313355326384 ], [ 3.566913660120899, 50.412773834458889 ], [ 3.566350716530545, 50.412776576135258 ], [ 3.56635500504174, 50.413136294975061 ] ] ] } },
{ "type": "Feature", "properties": { "surface_ha": 8.11 }, "geometry": { "type": "Polygon", "coordinates": [ [ [ 3.60716849281047, 50.412930461570404 ], [ 3.607166194043118, 50.412750603460523 ], [ 3.606884724424078, 50.412752072017049 ], [ 3.60688242674559, 50.41257221389214 ], [ 3.606319489568418, 50.41257514894388 ], [ 3.606317194044251, 50.412395290794663 ], [ 3.605754258904678, 50.412398223104226 ], [ 3.605751965534794, 50.412218364930723 ], [ 3.60518903243289, 50.412221294498124 ], [ 3.605186741217241, 50.412041436300377 ], [ 3.604623810153075, 50.412044363125673 ], [ 3.604621521091621, 50.41186450490364 ], [ 3.603777127517196, 50.411868890007163 ], [ 3.603781699270646, 50.412228606501237 ], [ 3.603218765842982, 50.412231526536303 ], [ 3.603216482085558, 50.412051668273527 ], [ 3.602935016402352, 50.412053127260478 ], [ 3.6029327337336, 50.411873268982802 ], [ 3.602651269092638, 50.411874727279624 ], [ 3.602648987512536, 50.411694868987006 ], [ 3.602367523913816, 50.411696326593677 ], [ 3.602360682508952, 50.411156751654083 ], [ 3.602642142911414, 50.411155294075186 ], [ 3.6026398614241, 50.410975435759923 ], [ 3.603202780028627, 50.410972518578085 ], [ 3.603205063646735, 50.411152376874824 ], [ 3.603486523979574, 50.411150917253337 ], [ 3.60348880868631, 50.41133077553517 ], [ 3.604051731413103, 50.411327854231089 ], [ 3.604047157761256, 50.410968137698923 ], [ 3.604328616958977, 50.410966676044154 ], [ 3.604319465672809, 50.410247242948941 ], [ 3.604882375475511, 50.410244317671165 ], [ 3.604877795710644, 50.409884601126713 ], [ 3.605159248446408, 50.409883137485153 ], [ 3.605163830341948, 50.410242854011031 ], [ 3.606571104324515, 50.410235525497832 ], [ 3.606573400633978, 50.41041538370574 ], [ 3.607417767939495, 50.410410978399852 ], [ 3.607420067468386, 50.410590836574102 ], [ 3.607982981019238, 50.410587896280639 ], [ 3.607985282702251, 50.410767754430573 ], [ 3.60826674050795, 50.410766283253231 ], [ 3.608271346074951, 50.41112599951736 ], [ 3.607989886138478, 50.411127470713382 ], [ 3.607996791468341, 50.411667045095129 ], [ 3.608278254601052, 50.41166557387109 ], [ 3.608280557489913, 50.411845431977653 ], [ 3.608843485815953, 50.411842487468235 ], [ 3.608852706129243, 50.412561919763029 ], [ 3.608571237716089, 50.412563392395562 ], [ 3.608575845882368, 50.41292310852765 ], [ 3.608294375314799, 50.412924580498007 ], [ 3.608287466296987, 50.412385006263335 ], [ 3.608005998902471, 50.412386477524748 ], [ 3.608012904723814, 50.412926051787466 ], [ 3.60716849281047, 50.412930461570404 ] ], [ [ 3.607724531484549, 50.412387948105277 ], [ 3.608005998902471, 50.412386477524748 ], [ 3.608003697008831, 50.412206619425845 ], [ 3.607722230656378, 50.412208089997009 ], [ 3.607724531484549, 50.412387948105277 ] ], [ [ 3.60349566294589, 50.411870350346582 ], [ 3.603777127517196, 50.411868890007163 ], [ 3.603774841675331, 50.411689031751635 ], [ 3.603493378169466, 50.411690492081789 ], [ 3.60349566294589, 50.411870350346582 ] ] ] } },
{ "type": "Feature", "properties": { "surface_ha": 22.0 }, "geometry": { "type": "Polygon", "coordinates": [ [ [ 3.619912104228278, 50.418798971828238 ], [ 3.619909756726135, 50.418619114329601 ], [ 3.619628253002791, 50.41862061384046 ], [ 3.619623560201768, 50.418260898807105 ], [ 3.619905061793456, 50.418259399315303 ], [ 3.619898019573461, 50.417719826751359 ], [ 3.620179517943876, 50.417718326607115 ], [ 3.620170124388328, 50.416998896480571 ], [ 3.620451618471812, 50.416997395693436 ], [ 3.62044691970585, 50.416637680615217 ], [ 3.619883935777926, 50.416640681470348 ], [ 3.619881588562205, 50.41646082390367 ], [ 3.6187556246829, 50.416466817404086 ], [ 3.618753281753865, 50.416286959793659 ], [ 3.618471791790157, 50.416288456456812 ], [ 3.618467108134934, 50.41592874119997 ], [ 3.618748595967262, 50.415927244555824 ], [ 3.618741567466026, 50.415387671656532 ], [ 3.619023052077549, 50.415386174359952 ], [ 3.619011333057158, 50.414486886128621 ], [ 3.619292812316758, 50.414485388198671 ], [ 3.61928577799377, 50.413945815220359 ], [ 3.618722825844186, 50.413948810342312 ], [ 3.618720483248645, 50.413768952652518 ], [ 3.61759458292595, 50.413774934687389 ], [ 3.617592244616399, 50.413595076953925 ], [ 3.616184874005889, 50.413602539129556 ], [ 3.616180208113395, 50.413242823550881 ], [ 3.615617263965186, 50.413245803616888 ], [ 3.615614933185545, 50.413065945800106 ], [ 3.615333462141403, 50.413067434802308 ], [ 3.615328802784211, 50.412707719132847 ], [ 3.615047333847375, 50.412709207435235 ], [ 3.61504500526979, 50.412529349582563 ], [ 3.61476353737476, 50.412530837194623 ], [ 3.614761209886322, 50.412350979326789 ], [ 3.6144797430331, 50.412352466248528 ], [ 3.614477416633786, 50.412172608365616 ], [ 3.614758882421549, 50.412171121453326 ], [ 3.614756554980439, 50.411991263574194 ], [ 3.615038019679091, 50.411989775990442 ], [ 3.615035691196208, 50.41180991811509 ], [ 3.615598618391596, 50.411806940923938 ], [ 3.615596287801532, 50.411627083061809 ], [ 3.616159212771285, 50.411624103166112 ], [ 3.616154547400605, 50.411264387462673 ], [ 3.615873087058401, 50.411265877732063 ], [ 3.615870755474031, 50.41108601986236 ], [ 3.615589296173517, 50.411087509441401 ], [ 3.615584635206645, 50.410727793666126 ], [ 3.615866092376404, 50.410726304106007 ], [ 3.615863760863148, 50.410546446219328 ], [ 3.616145216943842, 50.410544955987824 ], [ 3.616140551857755, 50.410185240216379 ], [ 3.616422005784042, 50.410183749322961 ], [ 3.616412671635194, 50.409464317749901 ], [ 3.616694121276508, 50.409462826213549 ], [ 3.616687117718157, 50.408923252502639 ], [ 3.617531456912184, 50.408918773894058 ], [ 3.617529119244447, 50.408738916007515 ], [ 3.617810564529687, 50.408737421785887 ], [ 3.617812903262673, 50.408917279662944 ], [ 3.618375795892312, 50.408914289158311 ], [ 3.618380477690686, 50.409274004857416 ], [ 3.618099029257229, 50.409275500469143 ], [ 3.618101369126833, 50.409455358319661 ], [ 3.618664268100513, 50.409452366396451 ], [ 3.618666610124494, 50.409632224222328 ], [ 3.619229511133517, 50.409629229556835 ], [ 3.619231855311919, 50.40980908735802 ], [ 3.619513306845989, 50.409807588994546 ], [ 3.619515652113536, 50.409987446780534 ], [ 3.620078557240762, 50.409984447992088 ], [ 3.620080904662804, 50.410164305753383 ], [ 3.620362358255947, 50.410162805328383 ], [ 3.620371752444184, 50.410882236278709 ], [ 3.620090294589637, 50.410883736741816 ], [ 3.620097337285372, 50.411423309923613 ], [ 3.620660259362923, 50.41142030825938 ], [ 3.620662609106725, 50.411600165956244 ], [ 3.620944071175081, 50.411598664093312 ], [ 3.620951123746131, 50.412138237121226 ], [ 3.62066965848148, 50.412139739012822 ], [ 3.620667308666004, 50.41195988133294 ], [ 3.620385844442904, 50.411961382534095 ], [ 3.620383495716753, 50.411781524839064 ], [ 3.61982056932979, 50.411784525179677 ], [ 3.619825262544224, 50.412144240602231 ], [ 3.620106727880517, 50.412142740753303 ], [ 3.620109075588976, 50.412322598446536 ], [ 3.619827609187229, 50.412324098304985 ], [ 3.619829955854095, 50.412503956002091 ], [ 3.620111423321307, 50.412502456134114 ], [ 3.620113771077508, 50.412682313816028 ], [ 3.620958176532302, 50.41267781009816 ], [ 3.621038123146218, 50.418792966936444 ], [ 3.619912104228278, 50.418798971828238 ] ], [ [ 3.619283433267123, 50.4137659575496 ], [ 3.619564908240609, 50.413764458976758 ], [ 3.61956256247226, 50.413584601309822 ], [ 3.619281088564316, 50.41358609987315 ], [ 3.619283433267123, 50.4137659575496 ] ], [ [ 3.618155192694253, 50.413592087317319 ], [ 3.618718140676922, 50.413589094957047 ], [ 3.618715798129017, 50.413409237255912 ], [ 3.61843432521512, 50.413410733766995 ], [ 3.618431983756552, 50.413230876050704 ], [ 3.618150511884367, 50.413232371871366 ], [ 3.618155192694253, 50.413592087317319 ] ], [ [ 3.615321813926072, 50.412168145586122 ], [ 3.615884745335853, 50.412165166995386 ], [ 3.615882413632948, 50.411985309154034 ], [ 3.615319484354066, 50.411988287725862 ], [ 3.615321813926072, 50.412168145586122 ] ], [ [ 3.61642667300082, 50.410543465075484 ], [ 3.617271041029349, 50.410538988253464 ], [ 3.617268704213049, 50.410359130408452 ], [ 3.616424339380566, 50.410363607202044 ], [ 3.61642667300082, 50.410543465075484 ] ], [ [ 3.617266367420507, 50.410179272557798 ], [ 3.617547821251827, 50.410177778941069 ], [ 3.617545483417716, 50.409997921094217 ], [ 3.617264030651725, 50.409999414701446 ], [ 3.617266367420507, 50.410179272557798 ] ], [ [ 3.617817580799984, 50.409276995400035 ], [ 3.618099029257229, 50.409275500469143 ], [ 3.618096689411413, 50.409095642612904 ], [ 3.617815242019439, 50.40909713753431 ], [ 3.617817580799984, 50.409276995400035 ] ] ] } },
{ "type": "Feature", "properties": { "surface_ha": 2.69 }, "geometry": { "type": "Polygon", "coordinates": [ [ [ 3.61330047219478, 50.408221673517595 ], [ 3.613298150600262, 50.408041815466568 ], [ 3.613016709196975, 50.408043298757804 ], [ 3.613014388691263, 50.407863440691692 ], [ 3.612732948329587, 50.407864923292721 ], [ 3.612730628912657, 50.407685065211538 ], [ 3.612167750248957, 50.407688028352474 ], [ 3.61215848133836, 50.406968595895712 ], [ 3.613002786516567, 50.406964150276082 ], [ 3.613000466152401, 50.406784292175949 ], [ 3.613844767922888, 50.406779840457794 ], [ 3.613842444386932, 50.406599982380285 ], [ 3.61440530998558, 50.406597011183287 ], [ 3.614402984343018, 50.406417153118959 ], [ 3.614684416041769, 50.406415666508806 ], [ 3.614691396235759, 50.406955240656451 ], [ 3.614972831106229, 50.406953753337227 ], [ 3.614975158950015, 50.407133611365651 ], [ 3.615256594861965, 50.407132123356234 ], [ 3.615261252750858, 50.407491839377172 ], [ 3.614979814708585, 50.407493327405511 ], [ 3.614982142623371, 50.407673185416961 ], [ 3.614700703492254, 50.407674672773965 ], [ 3.614703030365518, 50.407854530789173 ], [ 3.614140149901942, 50.407857503479775 ], [ 3.614142474668463, 50.408037361508192 ], [ 3.614423915977273, 50.408035875493837 ], [ 3.61442624183264, 50.40821573350712 ], [ 3.61330047219478, 50.408221673517595 ] ] ] } },
{ "type": "Feature", "properties": { "surface_ha": 1.12 }, "geometry": { "type": "Polygon", "coordinates": [ [ [ 3.560934791501974, 50.407046976440455 ], [ 3.560926298483536, 50.406327537310837 ], [ 3.560644864595681, 50.406328893880215 ], [ 3.560642742460175, 50.406149034075042 ], [ 3.560361309615884, 50.406150389955059 ], [ 3.560359188567081, 50.405970530135612 ], [ 3.561203483839832, 50.405966460479199 ], [ 3.561205608084021, 50.406146320272775 ], [ 3.561768473621482, 50.406143603747516 ], [ 3.56177060001754, 50.406323463518206 ], [ 3.562333467598805, 50.406320744252646 ], [ 3.562337724716393, 50.406680463742497 ], [ 3.562900596471712, 50.406677741719385 ], [ 3.562904857936561, 50.407037461152022 ], [ 3.562341981920543, 50.407040183209716 ], [ 3.562339853307649, 50.406860323478931 ], [ 3.56177697933543, 50.406863042796289 ], [ 3.561779105817963, 50.407042902544333 ], [ 3.560934791501974, 50.407046976440455 ] ], [ [ 3.561491291547006, 50.406504681903485 ], [ 3.561772726435218, 50.406503323283211 ], [ 3.56177060001754, 50.406323463518206 ], [ 3.561489166194475, 50.406324822129839 ], [ 3.561491291547006, 50.406504681903485 ] ] ] } },
{ "type": "Feature", "properties": { "surface_ha": 1.24 }, "geometry": { "type": "Polygon", "coordinates": [ [ [ 3.61411922806681, 50.406238780968948 ], [ 3.614114579030074, 50.405879064793083 ], [ 3.61439600755719, 50.40587757889196 ], [ 3.6143936820092, 50.405697720804959 ], [ 3.614675109447602, 50.405696234232536 ], [ 3.614672782858193, 50.405516376149308 ], [ 3.614954209207884, 50.405514888905621 ], [ 3.614949553969939, 50.40515517274104 ], [ 3.615512402338148, 50.40515219624934 ], [ 3.615507742934768, 50.404792480099893 ], [ 3.615789164953312, 50.404790990851886 ], [ 3.615784503514671, 50.404431274698645 ], [ 3.616065923379521, 50.404429784788881 ], [ 3.616063591630759, 50.404249926713213 ], [ 3.616345010406922, 50.404248436132221 ], [ 3.616340344850581, 50.40388871998281 ], [ 3.616621761473098, 50.403887228740075 ], [ 3.616628763038098, 50.404426802927254 ], [ 3.616347343220667, 50.404428294198425 ], [ 3.616352008919302, 50.40478801031378 ], [ 3.61607058694816, 50.404789500923172 ], [ 3.616072918768038, 50.404969358981816 ], [ 3.616354341804195, 50.404967868362959 ], [ 3.616356674712803, 50.40514772640649 ], [ 3.616638098790269, 50.405146235097433 ], [ 3.61664043278763, 50.405326093125808 ], [ 3.615514732075364, 50.405332054315579 ], [ 3.615517061836265, 50.405511912376127 ], [ 3.615235635533911, 50.405513400981235 ], [ 3.615242621763517, 50.406052975157266 ], [ 3.614398333128823, 50.406057436973292 ], [ 3.6144006587241, 50.406237295048967 ], [ 3.61411922806681, 50.406238780968948 ] ] ] } },
{ "type": "Feature", "properties": { "surface_ha": 4.58 }, "geometry": { "type": "Polygon", "coordinates": [ [ [ 3.541217680387358, 50.405701411545543 ], [ 3.541215631830414, 50.405521551133809 ], [ 3.540934201784158, 50.40552286000846 ], [ 3.540932154313144, 50.405342999582736 ], [ 3.540369296288408, 50.405345615273198 ], [ 3.540367250968397, 50.405165754825241 ], [ 3.539522966970651, 50.405169673230489 ], [ 3.539520924866685, 50.404989812751985 ], [ 3.538958070894536, 50.404992421601918 ], [ 3.538956030941476, 50.404812561101217 ], [ 3.538674604989362, 50.404813864496809 ], [ 3.538670527275574, 50.404454143461848 ], [ 3.538389103432848, 50.404455446160171 ], [ 3.538387065672086, 50.404275585625953 ], [ 3.538105642873686, 50.404276887635305 ], [ 3.538101569544365, 50.403917166533375 ], [ 3.538382990212713, 50.403915864540551 ], [ 3.5383809525141, 50.403736003989401 ], [ 3.538662372096723, 50.403734701324169 ], [ 3.538660333353827, 50.403554840775591 ], [ 3.538941751850727, 50.403553537437936 ], [ 3.538939712063568, 50.403373676892038 ], [ 3.539502546865173, 50.403371068191213 ], [ 3.539506630720196, 50.403730789244271 ], [ 3.540350889156842, 50.403726871038067 ], [ 3.540348844023959, 50.403547010539235 ], [ 3.54006742563085, 50.403548317280368 ], [ 3.540065381583745, 50.403368456767616 ], [ 3.5406282162192, 50.403365842621234 ], [ 3.540630262396276, 50.403545703117409 ], [ 3.541193099078496, 50.403543086231686 ], [ 3.541195147406367, 50.403722946705578 ], [ 3.542039405468481, 50.403719016246797 ], [ 3.542041457012193, 50.4038988766901 ], [ 3.542604297746019, 50.403896252964074 ], [ 3.542610458892461, 50.404435834210076 ], [ 3.5423290353409, 50.40443714643844 ], [ 3.54233108803309, 50.404617006850799 ], [ 3.541768238737277, 50.40461962928201 ], [ 3.541766188175187, 50.404439768852995 ], [ 3.541203340926088, 50.404442388544673 ], [ 3.541205389358079, 50.404622248990336 ], [ 3.540923964637237, 50.404623557823442 ], [ 3.540926012024991, 50.404803418271733 ], [ 3.541488863575972, 50.40480079990823 ], [ 3.541495012254618, 50.405340381169339 ], [ 3.541776441194107, 50.405339070941551 ], [ 3.541780542547607, 50.405698791737393 ], [ 3.541217680387358, 50.405701411545543 ] ] ] } },
{ "type": "Feature", "properties": { "surface_ha": 3.77 }, "geometry": { "type": "Polygon", "coordinates": [ [ [ 3.610742058339118, 50.406256558911423 ], [ 3.61073743486452, 50.405896842509755 ], [ 3.611300292460967, 50.405893886364254 ], [ 3.611297978628774, 50.405714028173684 ], [ 3.61186083400098, 50.40571106932407 ], [ 3.611858518062181, 50.405531211146616 ], [ 3.612139944647911, 50.405529730710107 ], [ 3.612137627667606, 50.405349872536412 ], [ 3.612419053164729, 50.405348391428589 ], [ 3.612416735142938, 50.405168533258625 ], [ 3.612698159551455, 50.405167051479538 ], [ 3.612695840488199, 50.404987193313282 ], [ 3.613258687104436, 50.404984227731738 ], [ 3.61325636593472, 50.404804369578692 ], [ 3.61353778814243, 50.404802885776284 ], [ 3.61353314374379, 50.404443169471996 ], [ 3.613251723666082, 50.404444653255538 ], [ 3.613247081491829, 50.404084936909726 ], [ 3.61409133526424, 50.40408048357353 ], [ 3.614089011017617, 50.403900625420412 ], [ 3.613807594182057, 50.403902110537054 ], [ 3.613800624778782, 50.403362536015344 ], [ 3.613519211114429, 50.403364020423027 ], [ 3.613512245118427, 50.402824445822006 ], [ 3.613793655588054, 50.402822961442631 ], [ 3.613795978628013, 50.403002819639205 ], [ 3.614077390138921, 50.403001334569701 ], [ 3.614086686794622, 50.403720767261611 ], [ 3.614930933964638, 50.40371630785593 ], [ 3.614926279199922, 50.403356591577939 ], [ 3.615207692746085, 50.403355103766927 ], [ 3.615205364334298, 50.403175245628866 ], [ 3.615486776791871, 50.403173757146618 ], [ 3.615484447338848, 50.402993899012394 ], [ 3.615765858707835, 50.402992409858946 ], [ 3.615761197743046, 50.402632693592317 ], [ 3.616042606958561, 50.402631203777148 ], [ 3.616037943958799, 50.402271487506781 ], [ 3.616319351020875, 50.402269997029883 ], [ 3.616312353504464, 50.401730422610186 ], [ 3.616593757348305, 50.401728931481074 ], [ 3.616591423825438, 50.401549073339289 ], [ 3.616872826580739, 50.401547581539056 ], [ 3.616879830414997, 50.402087155918906 ], [ 3.616598424465207, 50.402088647747597 ], [ 3.616603091676995, 50.402448363991454 ], [ 3.61632168357377, 50.402449855158451 ], [ 3.616326348750692, 50.402809571398578 ], [ 3.616044938493995, 50.402811061903854 ], [ 3.616049601635967, 50.403170778140193 ], [ 3.615768189225767, 50.403172267983756 ], [ 3.615772850332704, 50.403531984216372 ], [ 3.615491435768965, 50.403533473398163 ], [ 3.615498424412213, 50.404073047732915 ], [ 3.61521700662994, 50.404074536262392 ], [ 3.615221663713896, 50.404434252476136 ], [ 3.614940243777995, 50.404435740343843 ], [ 3.61494722638646, 50.404975314650244 ], [ 3.614384380053651, 50.404978288400237 ], [ 3.614386705507076, 50.405158146509912 ], [ 3.614668129750334, 50.405156659965826 ], [ 3.614672782858193, 50.405516376149308 ], [ 3.613828503667249, 50.405520833796039 ], [ 3.613826180296642, 50.405340975678826 ], [ 3.614107605652207, 50.405339490486739 ], [ 3.614100632487015, 50.404799916129399 ], [ 3.613819210326533, 50.404801401293184 ], [ 3.613821533626282, 50.404981259427394 ], [ 3.613540110377162, 50.40498274391993 ], [ 3.613542432635504, 50.405162602057921 ], [ 3.613261008297749, 50.40516408587915 ], [ 3.61326332951466, 50.405343944020878 ], [ 3.612981904088265, 50.405345427170836 ], [ 3.612984224263724, 50.405525285316294 ], [ 3.612421371210085, 50.405528249592919 ], [ 3.612423689279006, 50.405708107751536 ], [ 3.61214226165177, 50.405709588878175 ], [ 3.612144578679186, 50.405889447040536 ], [ 3.611863149963322, 50.405890927495854 ], [ 3.611865465949208, 50.406070785661939 ], [ 3.611302606316685, 50.406073744549147 ], [ 3.611304920195927, 50.40625360272837 ], [ 3.610742058339118, 50.406256558911423 ] ] ] } },
{ "type": "Feature", "properties": { "surface_ha": 2.29 }, "geometry": { "type": "Polygon", "coordinates": [ [ [ 3.613793655588054, 50.402822961442631 ], [ 3.613786686609862, 50.402283386818873 ], [ 3.614068093861242, 50.402281901787084 ], [ 3.614063445864157, 50.401922185361769 ], [ 3.614344850962215, 50.401920699668246 ], [ 3.614340200929971, 50.401560983239108 ], [ 3.614621603874741, 50.401559496883799 ], [ 3.614619277829261, 50.401379638670193 ], [ 3.61405647404571, 50.401382610681267 ], [ 3.614054150153477, 50.401202752443076 ], [ 3.61489835259894, 50.401198293433858 ], [ 3.614896025535961, 50.401018435218297 ], [ 3.614614625809238, 50.401019922225913 ], [ 3.614609973883793, 50.40066020575896 ], [ 3.614891371480971, 50.400658718770238 ], [ 3.61489369849664, 50.400838576997117 ], [ 3.61517509713493, 50.400837089318358 ], [ 3.615170440997727, 50.400477372877852 ], [ 3.615451837482831, 50.400475884537386 ], [ 3.615449508384982, 50.400296026318088 ], [ 3.615730903781664, 50.400294537306493 ], [ 3.61572624352754, 50.39993482086976 ], [ 3.615444850260313, 50.399936309862454 ], [ 3.61544717931081, 50.400116168093092 ], [ 3.615165784955187, 50.400117656414665 ], [ 3.615161129007303, 50.399757939928804 ], [ 3.615442521233492, 50.399756451626146 ], [ 3.615435534295076, 50.39921687688318 ], [ 3.615998312288276, 50.399213898292878 ], [ 3.616000643373432, 50.399393756527303 ], [ 3.615719253323995, 50.399395246172169 ], [ 3.615723913436005, 50.399754962642923 ], [ 3.616005305614834, 50.3997534729791 ], [ 3.616007636771078, 50.3999333311965 ], [ 3.616289029990922, 50.399931840842655 ], [ 3.616298359111827, 50.400651273617719 ], [ 3.616016961633031, 50.400652764009415 ], [ 3.616021624206197, 50.401012480381873 ], [ 3.615740224574157, 50.401013970111869 ], [ 3.6157425548315, 50.40119382829905 ], [ 3.615461154110987, 50.401195317357917 ], [ 3.615468141830719, 50.401734891913804 ], [ 3.615186737892098, 50.401736380320415 ], [ 3.615189066114533, 50.40191623850383 ], [ 3.614626256036637, 50.401919213294043 ], [ 3.61463323445683, 50.402458787866898 ], [ 3.614351826187845, 50.402460274269401 ], [ 3.614356476456446, 50.402819990641845 ], [ 3.613793655588054, 50.402822961442631 ] ] ] } },
{ "type": "Feature", "properties": { "surface_ha": 1.2 }, "geometry": { "type": "Polygon", "coordinates": [ [ [ 3.516109673845859, 50.400239538514576 ], [ 3.516107720700845, 50.400059677204979 ], [ 3.515544922996024, 50.400062172609189 ], [ 3.515541021024708, 50.399702449941344 ], [ 3.515259624272119, 50.399703696606693 ], [ 3.51525767438098, 50.399523835256396 ], [ 3.516101861384925, 50.399520093242309 ], [ 3.516099908319327, 50.399340231910116 ], [ 3.516944091950309, 50.399336483794364 ], [ 3.51693822328999, 50.398796899835332 ], [ 3.517501005889476, 50.398794397736168 ], [ 3.517506880938221, 50.39933398164753 ], [ 3.51778827540232, 50.399332729553208 ], [ 3.517792194330548, 50.399692452116675 ], [ 3.517229401123385, 50.3996949556565 ], [ 3.51722744377885, 50.399515094361696 ], [ 3.516946048210188, 50.399516345102775 ], [ 3.516948004489952, 50.399696206405487 ], [ 3.516666607836632, 50.399697456473874 ], [ 3.516668563071502, 50.399877317778916 ], [ 3.516949960789603, 50.3998760677026 ], [ 3.51695191710914, 50.400055928994036 ], [ 3.516389119523478, 50.400058428481948 ], [ 3.516391073733298, 50.400238289783609 ], [ 3.516109673845859, 50.400239538514576 ] ] ] } },
{ "type": "Feature", "properties": { "surface_ha": 9.07 }, "geometry": { "type": "Polygon", "coordinates": [ [ [ 3.619705615381123, 50.402971490242031 ], [ 3.619703269978373, 50.402791632244394 ], [ 3.619421860006943, 50.402793130917495 ], [ 3.619419515692914, 50.402613272904659 ], [ 3.619138106762534, 50.402614770887602 ], [ 3.619135763537208, 50.402434912859597 ], [ 3.618854355647876, 50.402436410152362 ], [ 3.618849671398395, 50.40207669406032 ], [ 3.618568265614962, 50.402078190653441 ], [ 3.618565924590773, 50.401898332589433 ], [ 3.618284519848384, 50.401899828492439 ], [ 3.618279840001044, 50.401540112328355 ], [ 3.617998437364511, 50.401541607531733 ], [ 3.617993759741919, 50.401181891325983 ], [ 3.617712359211214, 50.401183385829768 ], [ 3.617705346149959, 50.40064381145018 ], [ 3.617423948789816, 50.400645305244872 ], [ 3.617416939136656, 50.400105730785782 ], [ 3.617135544946989, 50.400107223871451 ], [ 3.617130874093069, 50.399747507518072 ], [ 3.616849482009092, 50.399748999904205 ], [ 3.616842479100331, 50.399209425303205 ], [ 3.616561090186693, 50.39921091698033 ], [ 3.616554090685453, 50.398671342299856 ], [ 3.616835476405121, 50.398669850651146 ], [ 3.61683314222084, 50.398489992422448 ], [ 3.617395911459713, 50.398487007102339 ], [ 3.617393575169911, 50.398307148886921 ], [ 3.617956342184545, 50.398304160863596 ], [ 3.617954003789265, 50.398124302661508 ], [ 3.61936091558663, 50.398116820741159 ], [ 3.619363259304967, 50.398296678895747 ], [ 3.619644642657623, 50.398295180460551 ], [ 3.619649332295019, 50.398654896733689 ], [ 3.619930717753092, 50.398653397598935 ], [ 3.619942447587026, 50.399552688134918 ], [ 3.620223838344572, 50.399551188271957 ], [ 3.620226185447597, 50.399731046352628 ], [ 3.619944793625353, 50.399732546225103 ], [ 3.619947139687531, 50.399912404309617 ], [ 3.618821567901356, 50.399918397031783 ], [ 3.618823909728507, 50.400098255148698 ], [ 3.619105303775505, 50.400096757979505 ], [ 3.619107646691191, 50.400276616081236 ], [ 3.619670436843184, 50.400273619682096 ], [ 3.619672781912167, 50.4004534777591 ], [ 3.620235574098289, 50.400450478618581 ], [ 3.620237921320612, 50.400630336670893 ], [ 3.620519318442636, 50.400628836070197 ], [ 3.620545151176014, 50.402607274166485 ], [ 3.620263742341025, 50.402608774871993 ], [ 3.620268437382228, 50.402968490834859 ], [ 3.619705615381123, 50.402971490242031 ] ] ] } },
{ "type": "Feature", "properties": { "surface_ha": 1.12 }, "geometry": { "type": "Polygon", "coordinates": [ [ [ 3.602189715184053, 50.397667361591076 ], [ 3.60218515783949, 50.397307644086432 ], [ 3.601903779417827, 50.397309100272253 ], [ 3.601896946768359, 50.396769523945046 ], [ 3.603022447541354, 50.396763695229545 ], [ 3.603020165779706, 50.3965838364795 ], [ 3.604145661923481, 50.396577996912917 ], [ 3.604147947943252, 50.396757855625886 ], [ 3.603866572877606, 50.396759316547566 ], [ 3.603873427882685, 50.397298892680332 ], [ 3.603310671294412, 50.397301812537798 ], [ 3.603312954213411, 50.397481671255925 ], [ 3.603031574819888, 50.397483130173129 ], [ 3.603029292965462, 50.397303271445729 ], [ 3.602466536237991, 50.397306187220046 ], [ 3.602471095711715, 50.397665904706209 ], [ 3.602189715184053, 50.397667361591076 ] ] ] } },
{ "type": "Feature", "properties": { "surface_ha": 2.41 }, "geometry": { "type": "Polygon", "coordinates": [ [ [ 3.517495131019893, 50.398254813773967 ], [ 3.517491214539702, 50.397895091104274 ], [ 3.516928442587157, 50.397897593123986 ], [ 3.516926486506243, 50.397717731764779 ], [ 3.516645101564802, 50.397718981745854 ], [ 3.516647056581053, 50.397898843113012 ], [ 3.516365670555078, 50.397900092421473 ], [ 3.516363716603487, 50.397720231046371 ], [ 3.515800946621285, 50.397722727605718 ], [ 3.515795091273531, 50.397183143399033 ], [ 3.516076473080635, 50.397181895483413 ], [ 3.516080378755235, 50.3975416182777 ], [ 3.51636176267176, 50.397540369665649 ], [ 3.516357854867888, 50.39718064688725 ], [ 3.516639236635281, 50.397179397610529 ], [ 3.516641191591915, 50.397359258994641 ], [ 3.516922574404064, 50.397358009029425 ], [ 3.5169206183828, 50.397178147653257 ], [ 3.517483381818181, 50.397175645697097 ], [ 3.517481423687562, 50.396995784331196 ], [ 3.517762804310785, 50.396994532340223 ], [ 3.517760845135462, 50.396814670976624 ], [ 3.518604983691774, 50.396810910944353 ], [ 3.518606946060914, 50.396990772284099 ], [ 3.518888326604412, 50.396989517570944 ], [ 3.518890290058117, 50.397169378897068 ], [ 3.519171671646272, 50.397168123495412 ], [ 3.519177565321057, 50.397707707415961 ], [ 3.519458950083157, 50.397706451309823 ], [ 3.51946288142886, 50.398066173879322 ], [ 3.51918149453743, 50.398067430001426 ], [ 3.519179529919258, 50.397887568711511 ], [ 3.518898144072528, 50.397888824145049 ], [ 3.51890207119949, 50.398248546735154 ], [ 3.518620683203447, 50.398249801504051 ], [ 3.518618720694668, 50.398069940203875 ], [ 3.518055946772111, 50.398072447684051 ], [ 3.518057907151527, 50.398252309000178 ], [ 3.517495131019893, 50.398254813773967 ] ] ] } },
{ "type": "Feature", "properties": { "surface_ha": 2.17 }, "geometry": { "type": "Polygon", "coordinates": [ [ [ 3.572644632966668, 50.397816547310455 ], [ 3.572638132330812, 50.39727696820303 ], [ 3.572919512037656, 50.397275582801264 ], [ 3.572900001738565, 50.395656845252617 ], [ 3.573181371842501, 50.395655459249497 ], [ 3.57317052823632, 50.394756160457298 ], [ 3.573451892995883, 50.394754773817702 ], [ 3.573449723276346, 50.394574914051084 ], [ 3.573168359581216, 50.394576300681862 ], [ 3.573164022337135, 50.394216581114023 ], [ 3.57344538390343, 50.394215194500873 ], [ 3.573434535857068, 50.393315895526321 ], [ 3.573997248279705, 50.393313120346704 ], [ 3.574014622448837, 50.394751998497135 ], [ 3.573733257733393, 50.394753386497648 ], [ 3.57375062479952, 50.396192264356372 ], [ 3.573469251546159, 50.396193651746891 ], [ 3.573473591404286, 50.396553371172608 ], [ 3.573192215999798, 50.396554757900219 ], [ 3.573194384897394, 50.396734617613404 ], [ 3.573475761366435, 50.396733230876961 ], [ 3.573482271385226, 50.3972728099561 ], [ 3.573200891722465, 50.397274196718939 ], [ 3.57320739874596, 50.397813775773542 ], [ 3.572644632966668, 50.397816547310455 ] ] ] } },
{ "type": "Feature", "properties": { "surface_ha": 2.61 }, "geometry": { "type": "Polygon", "coordinates": [ [ [ 3.509862917422445, 50.39505085310013 ], [ 3.509860988271939, 50.394870991453438 ], [ 3.509016883007796, 50.394874687937119 ], [ 3.509014957070354, 50.394694826261336 ], [ 3.508733589674291, 50.394696057053757 ], [ 3.508735514547249, 50.394875918737377 ], [ 3.508454146067135, 50.394877148857105 ], [ 3.508452222258664, 50.394697287165691 ], [ 3.507608119894496, 50.39470097341853 ], [ 3.507606199299005, 50.394521111698062 ], [ 3.5073248328697, 50.394522339080225 ], [ 3.507319074393719, 50.393982753861565 ], [ 3.507600437629661, 50.39398152650277 ], [ 3.507602358166589, 50.394161388240185 ], [ 3.507883722447451, 50.394160160193131 ], [ 3.507881800846082, 50.393980298463511 ], [ 3.508163164042971, 50.393979069743772 ], [ 3.508161241396701, 50.393799208016333 ], [ 3.507879879264243, 50.393800436728256 ], [ 3.507877957701938, 50.393620574987366 ], [ 3.508722040847407, 50.393616886833556 ], [ 3.508723965602977, 50.393796748551047 ], [ 3.509568051765634, 50.393793054249599 ], [ 3.509569979734062, 50.393972915937972 ], [ 3.510132705873395, 50.393970449652322 ], [ 3.510134635990303, 50.394150311319414 ], [ 3.510978728245461, 50.394146606763869 ], [ 3.510980661575342, 50.394326468401744 ], [ 3.511262026685558, 50.39432523218111 ], [ 3.511265895533205, 50.394684955424268 ], [ 3.510703161035251, 50.394687427216482 ], [ 3.510705093359602, 50.394867288845283 ], [ 3.510142356654117, 50.394869757931232 ], [ 3.510144286869119, 50.395049619570081 ], [ 3.509862917422445, 50.39505085310013 ] ] ] } },
{ "type": "Feature", "properties": { "surface_ha": 15.17 }, "geometry": { "type": "Polygon", "coordinates": [ [ [ 3.606986962176345, 50.398721653426662 ], [ 3.606968587455137, 50.397282784806912 ], [ 3.607249965458227, 50.397281316371654 ], [ 3.607247667658577, 50.397101457777978 ], [ 3.6089359287989, 50.397092632931489 ], [ 3.608938232985899, 50.397272491469089 ], [ 3.609219610825266, 50.397271018270175 ], [ 3.60921730557371, 50.397091159741919 ], [ 3.609498682325086, 50.397089685871848 ], [ 3.609484844920706, 50.39601053463943 ], [ 3.608922104168748, 50.396013481586792 ], [ 3.608919800145693, 50.395833623009473 ], [ 3.608357061429021, 50.395836567216193 ], [ 3.608354759558325, 50.395656708614545 ], [ 3.608073391229361, 50.395658179687814 ], [ 3.608066488951009, 50.395118603820848 ], [ 3.607785123792005, 50.39512007418562 ], [ 3.607782824143755, 50.394940215542618 ], [ 3.607501460025806, 50.394941685217631 ], [ 3.607499161465348, 50.394761826559595 ], [ 3.607217798388454, 50.394763295544799 ], [ 3.607215500915766, 50.394583436871812 ], [ 3.606934138879928, 50.394584905167221 ], [ 3.606924953480218, 50.39386547038125 ], [ 3.607487669013501, 50.393862533184581 ], [ 3.607489967457144, 50.394042391870933 ], [ 3.608052685025708, 50.394039451933843 ], [ 3.608054985621463, 50.394219310595851 ], [ 3.60861770522524, 50.39421636791829 ], [ 3.608620007973148, 50.394396226555919 ], [ 3.608901368804318, 50.394394754187125 ], [ 3.608903672640029, 50.39457461280977 ], [ 3.609466396360893, 50.394571666012105 ], [ 3.609468702348831, 50.394751524610349 ], [ 3.609750065238517, 50.394750050181479 ], [ 3.609752372314309, 50.394929908764688 ], [ 3.610033736244961, 50.394928433645994 ], [ 3.610031428104754, 50.394748575072136 ], [ 3.610312790947528, 50.394747099282341 ], [ 3.610310481766378, 50.394567240712178 ], [ 3.610591843521277, 50.394565764251283 ], [ 3.610589533299203, 50.39438590568485 ], [ 3.610870893966228, 50.394384428552883 ], [ 3.610868582703252, 50.394204569990144 ], [ 3.610587223100611, 50.394206047112718 ], [ 3.6105849129255, 50.39402618853493 ], [ 3.610022195778523, 50.394029140720029 ], [ 3.610019887755617, 50.393849282117813 ], [ 3.610301245276478, 50.393847806374879 ], [ 3.610298936212679, 50.393667947776379 ], [ 3.610017579756168, 50.393669423509955 ], [ 3.610008347992956, 50.39294998902178 ], [ 3.610289700192175, 50.392948513325699 ], [ 3.610285082322735, 50.392588796066342 ], [ 3.610566432369905, 50.392587319708582 ], [ 3.610564122406111, 50.392407461079785 ], [ 3.611408169213886, 50.392403027952199 ], [ 3.6114104823705, 50.392582886552837 ], [ 3.611691832323691, 50.392581407473443 ], [ 3.611696460836028, 50.392941124638973 ], [ 3.611977812894275, 50.392939644860384 ], [ 3.611975497562051, 50.39275978628983 ], [ 3.61225684853247, 50.392758305840253 ], [ 3.612266114259809, 50.393477740050734 ], [ 3.61198475903215, 50.393479220537962 ], [ 3.611989389908403, 50.393838937627983 ], [ 3.6111453176982, 50.393843375063391 ], [ 3.611147629978551, 50.394023233628111 ], [ 3.611710346937592, 50.39402027599948 ], [ 3.611712661370184, 50.394200134539723 ], [ 3.611994020878795, 50.394198654695344 ], [ 3.611998651943328, 50.394558371740032 ], [ 3.612842736714214, 50.394553928067829 ], [ 3.61284505547499, 50.394733786553438 ], [ 3.613126418082564, 50.394732303959053 ], [ 3.613131057803657, 50.395092020894459 ], [ 3.613412422516485, 50.395090537600765 ], [ 3.613410101579727, 50.394910679145312 ], [ 3.61369146520454, 50.394909195180574 ], [ 3.613703075446469, 50.395808487354017 ], [ 3.613421706499436, 50.39580997136585 ], [ 3.613419385468311, 50.395630112933105 ], [ 3.613138017562151, 50.395631596255043 ], [ 3.613142657519051, 50.395991313133756 ], [ 3.612861287460366, 50.395992795794072 ], [ 3.612863606409701, 50.396172654234306 ], [ 3.612300864092654, 50.396175617532272 ], [ 3.612303180936562, 50.396355475985679 ], [ 3.61202180867821, 50.396356956623322 ], [ 3.6120194928988, 50.396177098160486 ], [ 3.611738121681407, 50.39617857810822 ], [ 3.611735806990026, 50.395998719630335 ], [ 3.611454436813594, 50.396000198888203 ], [ 3.611459064090897, 50.396359915857104 ], [ 3.611740436396317, 50.396358436580442 ], [ 3.611742751134755, 50.396538295046994 ], [ 3.612024124481159, 50.396536815080474 ], [ 3.612031072031239, 50.397076390417894 ], [ 3.611749695491241, 50.397077870412616 ], [ 3.611752010323794, 50.397257728856481 ], [ 3.611189255044108, 50.397260686823181 ], [ 3.611196193295495, 50.397800262177121 ], [ 3.610633431534318, 50.397803217478028 ], [ 3.610635742202601, 50.397983075936779 ], [ 3.609510214140083, 50.39798897840965 ], [ 3.609512520573415, 50.398168836900211 ], [ 3.609231137434536, 50.398170310826437 ], [ 3.609233442826691, 50.398350169320679 ], [ 3.608952058599756, 50.398351642575747 ], [ 3.608954362950714, 50.398531501073656 ], [ 3.608672977635721, 50.398532973657524 ], [ 3.608670674349398, 50.398353115150243 ], [ 3.608107905778454, 50.39835605825759 ], [ 3.608110206935512, 50.398535916783565 ], [ 3.607547436141734, 50.398538857187411 ], [ 3.607549735192891, 50.398718715726389 ], [ 3.606986962176345, 50.398721653426662 ] ], [ [ 3.610626499670389, 50.397263642067763 ], [ 3.611189255044108, 50.397260686823181 ], [ 3.611186942340664, 50.397080828360522 ], [ 3.610624189096054, 50.397083783586368 ], [ 3.610626499670389, 50.397263642067763 ] ], [ [ 3.609482538768689, 50.395830676080841 ], [ 3.609763908045031, 50.395829201595788 ], [ 3.609759293682389, 50.395469484480351 ], [ 3.609477926534976, 50.395470958946682 ], [ 3.609482538768689, 50.395830676080841 ] ], [ [ 3.611733492322171, 50.395818861146779 ], [ 3.612014861410596, 50.395817381217853 ], [ 3.612012545701804, 50.395637522738035 ], [ 3.611731177677846, 50.395639002657575 ], [ 3.611733492322171, 50.395818861146779 ] ], [ [ 3.612296230475486, 50.395815900608412 ], [ 3.612577599516825, 50.395814419318505 ], [ 3.612575281679097, 50.395634560857502 ], [ 3.612293913702224, 50.395636042137994 ], [ 3.612296230475486, 50.395815900608412 ] ], [ [ 3.612575281679097, 50.395634560857502 ], [ 3.612856649632409, 50.395633078896516 ], [ 3.612854330753785, 50.395453220439251 ], [ 3.61257296386493, 50.395454702390808 ], [ 3.612575281679097, 50.395634560857502 ] ], [ [ 3.612570646074319, 50.395274843918443 ], [ 3.612852011898733, 50.395273361976294 ], [ 3.612849693067248, 50.395093503507681 ], [ 3.61256832830727, 50.395094985440437 ], [ 3.612570646074319, 50.395274843918443 ] ], [ [ 3.611422048506237, 50.393482179471086 ], [ 3.611703403780955, 50.393480700344725 ], [ 3.611701089442457, 50.393300841781823 ], [ 3.611419735232066, 50.393302320898783 ], [ 3.611422048506237, 50.393482179471086 ] ] ] } },
{ "type": "Feature", "properties": { "surface_ha": 7.19 }, "geometry": { "type": "Polygon", "coordinates": [ [ [ 3.581336695974949, 50.395255250158961 ], [ 3.581334496384333, 50.395075390657624 ], [ 3.581053130117491, 50.39507679636823 ], [ 3.581050931613679, 50.394896936852312 ], [ 3.580769566388937, 50.394898341873542 ], [ 3.580767368971908, 50.394718482343045 ], [ 3.580486004789267, 50.394719886674856 ], [ 3.580483808458998, 50.394540027129764 ], [ 3.579358355762999, 50.394545637616787 ], [ 3.579353971684712, 50.394185918438367 ], [ 3.579072610583804, 50.394187319341178 ], [ 3.579068228723418, 50.393827600122322 ], [ 3.579349587695548, 50.393826199237317 ], [ 3.579345203795504, 50.393466480013608 ], [ 3.57962656061662, 50.393465078465937 ], [ 3.579624367635665, 50.393285218854494 ], [ 3.57990572337014, 50.393283816635304 ], [ 3.579903529347136, 50.393103957027122 ], [ 3.580184883994973, 50.393102554136384 ], [ 3.580189274191972, 50.393462273329305 ], [ 3.580470630946186, 50.393460869740359 ], [ 3.58046843477218, 50.393281010155611 ], [ 3.581031146084931, 50.393278200954192 ], [ 3.581033344387634, 50.393458060521077 ], [ 3.581314701074849, 50.393456654890777 ], [ 3.581316900464258, 50.393636514443067 ], [ 3.580754184938765, 50.393639325041072 ], [ 3.580758579527143, 50.39399904416436 ], [ 3.581039939429812, 50.393997639187752 ], [ 3.581042137821895, 50.394177498731992 ], [ 3.581604859688976, 50.394174686719538 ], [ 3.58160265916811, 50.393994827193154 ], [ 3.581884019003713, 50.393993420175178 ], [ 3.581890623826623, 50.394532998710538 ], [ 3.582171986833056, 50.394531590985295 ], [ 3.582174189549871, 50.394711450476827 ], [ 3.582455553598339, 50.394710042062187 ], [ 3.582453349817099, 50.394530182579565 ], [ 3.582734712778744, 50.394528773493398 ], [ 3.58273250795549, 50.39434891401411 ], [ 3.583013869830313, 50.394347504256416 ], [ 3.583009458122246, 50.393987785298769 ], [ 3.583572177547033, 50.393984963777854 ], [ 3.583569969597874, 50.393805104308441 ], [ 3.583851328212229, 50.393803692536281 ], [ 3.583842492382598, 50.39308425463787 ], [ 3.583561138025649, 50.393085666374184 ], [ 3.583556722374183, 50.392725947373052 ], [ 3.584682131152674, 50.392720296416982 ], [ 3.584679919103392, 50.39254043694384 ], [ 3.584961270177531, 50.392539022512743 ], [ 3.584959057086439, 50.392359163042919 ], [ 3.585240407073795, 50.392357747940409 ], [ 3.585235978830544, 50.391998029001698 ], [ 3.586080022271892, 50.39199377966564 ], [ 3.586084456900789, 50.392353498550392 ], [ 3.586365806798058, 50.392352080726241 ], [ 3.586368025210602, 50.392531940151102 ], [ 3.58608667424904, 50.39253335798427 ], [ 3.586091109013158, 50.392893076835037 ], [ 3.585809755900447, 50.392894494005787 ], [ 3.58581197225199, 50.393074353431679 ], [ 3.585530618052429, 50.393075769930981 ], [ 3.585532833362166, 50.393255629360191 ], [ 3.585251478075755, 50.393257045188072 ], [ 3.585258120947001, 50.393796623468724 ], [ 3.585539479426478, 50.393795207613898 ], [ 3.585541694826283, 50.393975067020449 ], [ 3.58582305434762, 50.393973650476148 ], [ 3.585825270834332, 50.394153509868076 ], [ 3.586106631397525, 50.394152092634343 ], [ 3.586104413846426, 50.393972233251432 ], [ 3.586385773322695, 50.393970815346229 ], [ 3.586387991938181, 50.394150674720159 ], [ 3.587232073424797, 50.394146416894863 ], [ 3.587234295256024, 50.394326276236065 ], [ 3.586952933718657, 50.394327696200634 ], [ 3.586955154508059, 50.394507555545196 ], [ 3.586673791883713, 50.394508974838317 ], [ 3.58667601163127, 50.394688834186212 ], [ 3.586394647919943, 50.394690252807905 ], [ 3.586396866625632, 50.394870112159161 ], [ 3.586115501827323, 50.394871530109356 ], [ 3.586113284186063, 50.394691670749118 ], [ 3.585831920429642, 50.394693088009859 ], [ 3.58582748734357, 50.394333369254326 ], [ 3.585546125693448, 50.394334785816596 ], [ 3.585543910248608, 50.394154926421365 ], [ 3.585262549640365, 50.394156342294181 ], [ 3.58526033528243, 50.393976482884284 ], [ 3.584978975716068, 50.393977898067668 ], [ 3.584976762445018, 50.393798038643133 ], [ 3.584695403920537, 50.393799453137092 ], [ 3.584697616127212, 50.393979312570615 ], [ 3.584416256515869, 50.393980726393103 ], [ 3.584418467680639, 50.394160585829958 ], [ 3.584699828356371, 50.394159171998488 ], [ 3.584704252882147, 50.394518890837212 ], [ 3.584141527250587, 50.394521717855596 ], [ 3.584145947608602, 50.394881436707585 ], [ 3.583864582630266, 50.394882849214042 ], [ 3.583866791778527, 50.395062708640495 ], [ 3.583304059625614, 50.395065531629861 ], [ 3.58330185260624, 50.394885672185467 ], [ 3.582457757401979, 50.394889901539081 ], [ 3.582462165076461, 50.395249620475937 ], [ 3.581336695974949, 50.395255250158961 ] ] ] } },
{ "type": "Feature", "properties": { "surface_ha": 1.53 }, "geometry": { "type": "Polygon", "coordinates": [ [ [ 3.512930810010942, 50.392519184484378 ], [ 3.51292692886312, 50.392159461200094 ], [ 3.512645576643717, 50.392160701409153 ], [ 3.51264363716371, 50.391980839750651 ], [ 3.512362285988913, 50.391982079271379 ], [ 3.512356470860065, 50.391442494238404 ], [ 3.512075122858462, 50.391443733055141 ], [ 3.512071248332946, 50.39108400965587 ], [ 3.512915285893012, 50.391080291211708 ], [ 3.512913345467026, 50.390900429527228 ], [ 3.513476034946634, 50.390897947178196 ], [ 3.513479920075371, 50.391257670510015 ], [ 3.513761266914083, 50.391256428299108 ], [ 3.513767097948131, 50.39179601323081 ], [ 3.514048447959945, 50.391794770315833 ], [ 3.514052337543382, 50.392154493559644 ], [ 3.513489633242741, 50.392156978740729 ], [ 3.513493518647907, 50.392516701993472 ], [ 3.512930810010942, 50.392519184484378 ] ] ] } },
{ "type": "Feature", "properties": { "surface_ha": 2.77 }, "geometry": { "type": "Polygon", "coordinates": [ [ [ 3.505910343790768, 50.393809018658622 ], [ 3.505906515587524, 50.393449295062197 ], [ 3.505625155427952, 50.393450518314829 ], [ 3.505617503512467, 50.392731071023157 ], [ 3.505336147590996, 50.392732293564272 ], [ 3.505334235725092, 50.392552431719473 ], [ 3.504771525952582, 50.392554874744853 ], [ 3.504773435689765, 50.392734736605178 ], [ 3.504492079710029, 50.392735957104954 ], [ 3.504490171037202, 50.392556095236898 ], [ 3.503927461148259, 50.392558534179628 ], [ 3.503908396772968, 50.390759915033797 ], [ 3.504752429648283, 50.390756255831405 ], [ 3.504750520124601, 50.390576393909015 ], [ 3.505313206482641, 50.390573951054272 ], [ 3.505315118134802, 50.390753812961108 ], [ 3.505596462348922, 50.390752590505407 ], [ 3.505600287840046, 50.391112314286708 ], [ 3.50503759513535, 50.391114758548817 ], [ 3.505045237836584, 50.391834206105756 ], [ 3.505326588455802, 50.391832984283894 ], [ 3.505332323878623, 50.392372569869039 ], [ 3.505613677671387, 50.392371347343463 ], [ 3.505615590582206, 50.392551209186124 ], [ 3.505896945419876, 50.39254998597233 ], [ 3.505898859414497, 50.39272984780159 ], [ 3.506461571160181, 50.392727399317145 ], [ 3.506473068309202, 50.393806570080869 ], [ 3.505910343790768, 50.393809018658622 ] ], [ [ 3.504478719407641, 50.391476923910062 ], [ 3.504760067937089, 50.391475703464536 ], [ 3.504758158335775, 50.39129584156472 ], [ 3.504476810870611, 50.391297062002479 ], [ 3.504478719407641, 50.391476923910062 ] ] ] } },
{ "type": "Feature", "properties": { "surface_ha": 2.85 }, "geometry": { "type": "Polygon", "coordinates": [ [ [ 3.607460089511888, 50.391704228506413 ], [ 3.607457791371922, 50.391524369746378 ], [ 3.606613759544242, 50.391528774157138 ], [ 3.606611464620272, 50.391348915363473 ], [ 3.607174150400309, 50.39134597978866 ], [ 3.607169556365557, 50.390986262221595 ], [ 3.606888215615599, 50.390987730330565 ], [ 3.606883623802581, 50.390628012722225 ], [ 3.607164962424185, 50.390626544631893 ], [ 3.60716266548852, 50.390446685828557 ], [ 3.60659999035029, 50.390449621310161 ], [ 3.606597695566266, 50.390269762482482 ], [ 3.60631635902631, 50.390271229193459 ], [ 3.606314065329746, 50.390091370350831 ], [ 3.606595400805564, 50.390089903649155 ], [ 3.606590811354129, 50.389730185965497 ], [ 3.606309478006553, 50.389731652648514 ], [ 3.606307184379924, 50.389551793788854 ], [ 3.606869848923542, 50.389548859761121 ], [ 3.606867553192034, 50.389369000914407 ], [ 3.607711546640158, 50.389364594798252 ], [ 3.607713845563946, 50.389544453616971 ], [ 3.607995177730698, 50.389542983541581 ], [ 3.607997477741955, 50.389722842345272 ], [ 3.608278810949434, 50.389721371580229 ], [ 3.608281112048183, 50.389901230368913 ], [ 3.608843780521199, 50.389898286779079 ], [ 3.608852993663195, 50.390617721802435 ], [ 3.608008978148889, 50.3906221362788 ], [ 3.608013578475306, 50.390981853812534 ], [ 3.608294919131814, 50.390980382982093 ], [ 3.608304124322017, 50.391699817944193 ], [ 3.607460089511888, 50.391704228506413 ] ] ] } },
{ "type": "Feature", "properties": { "surface_ha": 8.59 }, "geometry": { "type": "Polygon", "coordinates": [ [ [ 3.575968920207428, 50.393483245511113 ], [ 3.575966741063058, 50.393303385784336 ], [ 3.575685385017511, 50.3933047784774 ], [ 3.575683206959633, 50.393124918736092 ], [ 3.575401851956292, 50.393126310739888 ], [ 3.575399674984885, 50.392946450984091 ], [ 3.575681028923893, 50.39294505898912 ], [ 3.5756744949495, 50.39240547971427 ], [ 3.575955845673434, 50.392404087065415 ], [ 3.575953666661953, 50.392224227304652 ], [ 3.576235016299453, 50.392222833984221 ], [ 3.576230656214386, 50.391863114463426 ], [ 3.576512003701182, 50.391861720480264 ], [ 3.576509822627628, 50.391681860720212 ], [ 3.576791169027998, 50.391680466065523 ], [ 3.576788986912367, 50.391500606308682 ], [ 3.577070332226314, 50.39149921098246 ], [ 3.577068149068625, 50.39131935122878 ], [ 3.573973361103782, 50.391334662298419 ], [ 3.573975532554874, 50.391514522149293 ], [ 3.572850150193299, 50.391520069434478 ], [ 3.572841481548906, 50.390800629856145 ], [ 3.573122822915477, 50.390799244090644 ], [ 3.573118486597058, 50.390439524285114 ], [ 3.573399825813215, 50.390438137856819 ], [ 3.573393318308368, 50.389898558132494 ], [ 3.57367465430999, 50.389897171050293 ], [ 3.573670313955386, 50.389537451223362 ], [ 3.573951647806681, 50.38953606347841 ], [ 3.573949476598345, 50.389356203565292 ], [ 3.574230809363454, 50.389354815148785 ], [ 3.574232981635908, 50.389534675053099 ], [ 3.574795649228118, 50.389531896161451 ], [ 3.574797823650909, 50.389711756042473 ], [ 3.575079158477997, 50.389710365567289 ], [ 3.575081333987027, 50.38989022543381 ], [ 3.575644005703142, 50.389887442424744 ], [ 3.57564618336258, 50.390067302267923 ], [ 3.576208857118461, 50.390064516519715 ], [ 3.576211036928354, 50.39024437633956 ], [ 3.576492374837226, 50.390242982436085 ], [ 3.576494555733444, 50.390422842241406 ], [ 3.577057233613023, 50.390420052375639 ], [ 3.577059416659767, 50.39059991215759 ], [ 3.577340756630459, 50.39059851619529 ], [ 3.577342940763583, 50.390778375962725 ], [ 3.577624281776268, 50.39077697931117 ], [ 3.577628652237526, 50.391136698811309 ], [ 3.577909995356415, 50.391135301461667 ], [ 3.577905622766743, 50.390775581979241 ], [ 3.578186963734998, 50.390774183966975 ], [ 3.578182589105841, 50.390414464479676 ], [ 3.578745266718909, 50.390411666449516 ], [ 3.578747456150729, 50.39059152617822 ], [ 3.579028795988068, 50.390590126133681 ], [ 3.579030986506331, 50.390769985847825 ], [ 3.579312327385595, 50.390768585114031 ], [ 3.579314518990321, 50.390948444813624 ], [ 3.578751835081129, 50.390951245618616 ], [ 3.578758403643631, 50.391490824736806 ], [ 3.578477058462984, 50.391492224145409 ], [ 3.578481435487424, 50.39185194354701 ], [ 3.578200088156035, 50.391853342292933 ], [ 3.578204463140911, 50.39221306168966 ], [ 3.577923113658747, 50.39221445977298 ], [ 3.577925300120248, 50.392394319471713 ], [ 3.577643949551571, 50.392395716883499 ], [ 3.577648320412636, 50.392755436281725 ], [ 3.577366967693139, 50.392756833030816 ], [ 3.57736915209267, 50.392936692730324 ], [ 3.577087798286651, 50.392938088807874 ], [ 3.577092165023648, 50.393297808207613 ], [ 3.576810809066761, 50.393299203622448 ], [ 3.576812991404194, 50.393479063322694 ], [ 3.575968920207428, 50.393483245511113 ] ] ] } },
{ "type": "Feature", "properties": { "surface_ha": 10.4 }, "geometry": { "type": "Polygon", "coordinates": [ [ [ 3.521379321488723, 50.393201106885108 ], [ 3.52137734889464, 50.393021245506638 ], [ 3.521095991949939, 50.393022506168563 ], [ 3.52109402044027, 50.392842644776451 ], [ 3.520531308619495, 50.392845164042903 ], [ 3.520529339258575, 50.392665302629148 ], [ 3.520247984382512, 50.392666561233717 ], [ 3.520246016105955, 50.392486699806327 ], [ 3.519964662274232, 50.392487957722473 ], [ 3.519962695082013, 50.392308096281418 ], [ 3.51968134229463, 50.392309353509148 ], [ 3.519661682114858, 50.390510738708308 ], [ 3.519380339950244, 50.390511995175842 ], [ 3.519382304814076, 50.390691856689294 ], [ 3.518819618296494, 50.390694367599103 ], [ 3.518815692845689, 50.390334644534633 ], [ 3.518534351685413, 50.390335898953005 ], [ 3.518520620685171, 50.389076867993651 ], [ 3.518239286954175, 50.389078121675922 ], [ 3.518237326526587, 50.388898260079756 ], [ 3.518518659193454, 50.388897006405443 ], [ 3.518514736269824, 50.388537283212074 ], [ 3.519358727766086, 50.388533518154844 ], [ 3.519360692410258, 50.388713379730426 ], [ 3.519642023933199, 50.388712123342707 ], [ 3.519643989661458, 50.388891984904667 ], [ 3.520769319809802, 50.388886952518348 ], [ 3.520771289814554, 50.389066814042707 ], [ 3.52105262336574, 50.389065554237241 ], [ 3.521054594454653, 50.389245415747972 ], [ 3.521617263625191, 50.389242894079992 ], [ 3.521621210119737, 50.389602617052482 ], [ 3.521902546803238, 50.389601355181952 ], [ 3.521906495506357, 50.389961078115782 ], [ 3.522750511821471, 50.389957288373829 ], [ 3.522752489395706, 50.390137149808226 ], [ 3.523315168967018, 50.390134619895619 ], [ 3.523317148689757, 50.390314481308323 ], [ 3.523598489509438, 50.390313215323403 ], [ 3.523608393746122, 50.391212522261924 ], [ 3.523327047605272, 50.391213788287018 ], [ 3.523329027448741, 50.391393649665801 ], [ 3.522484985712695, 50.391397443682749 ], [ 3.522481032431446, 50.391037720871324 ], [ 3.522199687274425, 50.391038984166791 ], [ 3.522195736202018, 50.390679261316734 ], [ 3.52135170699597, 50.390683047072621 ], [ 3.521353679329429, 50.390862908524518 ], [ 3.521072335156402, 50.390864169090356 ], [ 3.521074306445661, 50.391044030544606 ], [ 3.520792961188353, 50.391045290438065 ], [ 3.52079493143339, 50.391225151894652 ], [ 3.521076277754955, 50.391223891993192 ], [ 3.521082191803058, 50.391763476305115 ], [ 3.521363541297425, 50.391762215699245 ], [ 3.521367486224957, 50.392121938529613 ], [ 3.521648837827888, 50.392120677227311 ], [ 3.521646864289787, 50.391940815822949 ], [ 3.521928214808349, 50.391939553848239 ], [ 3.521926240226006, 50.39175969244625 ], [ 3.522207589660197, 50.391758429799125 ], [ 3.52220956530684, 50.391938291193078 ], [ 3.523053616681787, 50.39193449914513 ], [ 3.523051637842245, 50.391754637775236 ], [ 3.52333298719605, 50.391753372406455 ], [ 3.523331007312335, 50.391573511038942 ], [ 3.523612355581728, 50.391572244997789 ], [ 3.523614336529732, 50.391752106357281 ], [ 3.524177035136681, 50.391749572217563 ], [ 3.524175052060101, 50.391569710874201 ], [ 3.524456400269062, 50.391568442791808 ], [ 3.524458384409928, 50.39174830412712 ], [ 3.524739733663007, 50.391747035356232 ], [ 3.524747674685399, 50.392466480608796 ], [ 3.524466321175064, 50.392467749411885 ], [ 3.524464336953529, 50.392287888099155 ], [ 3.524182984487357, 50.392289156213792 ], [ 3.524179018233417, 50.391929433555276 ], [ 3.523897667875717, 50.39193070097339 ], [ 3.5238996499283, 50.392110562313505 ], [ 3.523618298486146, 50.392111829059196 ], [ 3.523620279494553, 50.392291690401713 ], [ 3.523338926967943, 50.392292956475075 ], [ 3.523340906932155, 50.39247281781995 ], [ 3.52277819968991, 50.392475347941385 ], [ 3.522780177545564, 50.39265520929672 ], [ 3.522217468094221, 50.392657736712465 ], [ 3.522219443841268, 50.392837598078167 ], [ 3.521938088021114, 50.392838860773409 ], [ 3.52194006272388, 50.393018722141505 ], [ 3.521658705819291, 50.393019984164305 ], [ 3.521660679477752, 50.393199845534767 ], [ 3.521379321488723, 50.393201106885108 ] ], [ [ 3.521066421408841, 50.39032458469373 ], [ 3.521629103349496, 50.390322062929663 ], [ 3.521627130011972, 50.390142201468855 ], [ 3.521064450199723, 50.390144723216892 ], [ 3.521066421408841, 50.39032458469373 ] ], [ [ 3.521627130011972, 50.390142201468855 ], [ 3.521908469888016, 50.390140939574252 ], [ 3.521906495506357, 50.389961078115782 ], [ 3.521625156694505, 50.38996234000237 ], [ 3.521627130011972, 50.390142201468855 ] ] ] } },
{ "type": "Feature", "properties": { "surface_ha": 3.41 }, "geometry": { "type": "Polygon", "coordinates": [ [ [ 3.546658027177055, 50.389307785521616 ], [ 3.546649755521416, 50.388588342451506 ], [ 3.546931085056098, 50.388587020070851 ], [ 3.546929016130647, 50.388407159297586 ], [ 3.546366359168433, 50.388409803361753 ], [ 3.546360158902607, 50.387870220957652 ], [ 3.546641484202042, 50.387868899290915 ], [ 3.546639416424739, 50.387689038486627 ], [ 3.546920740639121, 50.387687716147973 ], [ 3.546918671818804, 50.387507855346435 ], [ 3.54663734866845, 50.387509177676698 ], [ 3.546635280933175, 50.387329316861091 ], [ 3.548604535095632, 50.387320046321655 ], [ 3.548602459933339, 50.387140185559275 ], [ 3.549165101662098, 50.387137530727848 ], [ 3.549167178952398, 50.387317391473381 ], [ 3.549448500849118, 50.387316063028777 ], [ 3.549450579224545, 50.387495923760241 ], [ 3.54916925626381, 50.387497252213265 ], [ 3.549179643137561, 50.388396555827768 ], [ 3.54889831483548, 50.388397883642646 ], [ 3.548900391209492, 50.388577744357001 ], [ 3.548619061822229, 50.38857907149999 ], [ 3.548621137153254, 50.388758932217144 ], [ 3.54805847618728, 50.388761584478935 ], [ 3.548060549411194, 50.388941445207273 ], [ 3.547779217832495, 50.388942770326068 ], [ 3.547781290013366, 50.389122631057148 ], [ 3.547499957349493, 50.38912395550404 ], [ 3.547502028487302, 50.389303816237884 ], [ 3.546658027177055, 50.389307785521616 ] ] ] } },
{ "type": "Feature", "properties": { "surface_ha": 3.29 }, "geometry": { "type": "Polygon", "coordinates": [ [ [ 3.571692325729723, 50.388827706420365 ], [ 3.571690163122265, 50.388647846414258 ], [ 3.571127505686407, 50.388650610250494 ], [ 3.571123184793676, 50.388290890186141 ], [ 3.570560531526236, 50.388293651266025 ], [ 3.5705583732409, 50.388113791207836 ], [ 3.570277047638317, 50.388115170718535 ], [ 3.57027057610599, 50.387575590483699 ], [ 3.570551898516497, 50.387574210999283 ], [ 3.570547582143234, 50.387214490831944 ], [ 3.570828902403813, 50.387213110684755 ], [ 3.5708267431861, 50.387033250601377 ], [ 3.571108062360752, 50.387031869782639 ], [ 3.571105902101012, 50.386852009702366 ], [ 3.571668538256501, 50.386849246041578 ], [ 3.571670700644179, 50.387029106104322 ], [ 3.572514657904469, 50.387024955484677 ], [ 3.572516823506064, 50.387204815515389 ], [ 3.572798143612803, 50.387203430606164 ], [ 3.572800310300398, 50.387383290622431 ], [ 3.573362952575785, 50.387380518745452 ], [ 3.573371628058504, 50.388099958683512 ], [ 3.573090302675759, 50.388101344997366 ], [ 3.573092470537502, 50.388281204976536 ], [ 3.572811144068682, 50.388282590618871 ], [ 3.572813310888403, 50.388462450601182 ], [ 3.572531983333506, 50.388463835571983 ], [ 3.572536314910873, 50.388823555537222 ], [ 3.571692325729723, 50.388827706420365 ] ] ] } },
{ "type": "Feature", "properties": { "surface_ha": 3.49 }, "geometry": { "type": "Polygon", "coordinates": [ [ [ 3.568861811911247, 50.387402617567986 ], [ 3.568859660119541, 50.387222757429008 ], [ 3.568297019269913, 50.387225507518998 ], [ 3.568292720008021, 50.386865787189151 ], [ 3.568011401678388, 50.386867161196278 ], [ 3.568009253144174, 50.386687301014113 ], [ 3.567446618547336, 50.38669004697006 ], [ 3.567444472162864, 50.386510186764802 ], [ 3.567725788408243, 50.386508814135709 ], [ 3.567721493576864, 50.386149093725663 ], [ 3.568284121746396, 50.386146346461508 ], [ 3.568286271279033, 50.386326206651901 ], [ 3.568848901489043, 50.386323456649222 ], [ 3.568844598189916, 50.385963736297676 ], [ 3.569125911134278, 50.385962360293405 ], [ 3.569121605794814, 50.3856026399367 ], [ 3.569402916589496, 50.385601263269635 ], [ 3.569400762888695, 50.38542140309157 ], [ 3.570244691949712, 50.385417269035088 ], [ 3.570246848842169, 50.385597129186927 ], [ 3.571090780897558, 50.385592988981912 ], [ 3.571101581647399, 50.386492289524817 ], [ 3.57138289760822, 50.386490908052124 ], [ 3.571385058887996, 50.386670768134934 ], [ 3.570822424816507, 50.386673530417603 ], [ 3.570824583990332, 50.386853390512314 ], [ 3.570261947703147, 50.386856150091369 ], [ 3.570266261860723, 50.38721587029886 ], [ 3.56998494155629, 50.387217249085474 ], [ 3.569987097603968, 50.387397109189486 ], [ 3.56970577621363, 50.387398487304566 ], [ 3.569703621229944, 50.3872186271918 ], [ 3.569140980511558, 50.387221381363567 ], [ 3.569143133367258, 50.387401241493819 ], [ 3.568861811911247, 50.387402617567986 ] ] ] } },
{ "type": "Feature", "properties": { "surface_ha": 9.15 }, "geometry": { "type": "Polygon", "coordinates": [ [ [ 3.615028474274218, 50.389506010548033 ], [ 3.61502614768411, 50.389326151973407 ], [ 3.614744817169082, 50.389327639047721 ], [ 3.614737840732824, 50.388788063261515 ], [ 3.614456513386356, 50.388789549627191 ], [ 3.614430946643709, 50.386811104537422 ], [ 3.614712262286305, 50.386809618275571 ], [ 3.614709937114776, 50.386629759606464 ], [ 3.614991251669819, 50.386628272673804 ], [ 3.61499357790527, 50.386808131333453 ], [ 3.616118840144612, 50.386802176762323 ], [ 3.61611650965347, 50.386622318140461 ], [ 3.616397824090197, 50.386620827806453 ], [ 3.616393161051155, 50.386261110564661 ], [ 3.614986599269838, 50.386268555337466 ], [ 3.614984273105307, 50.386088696660785 ], [ 3.614421650355002, 50.386091669789238 ], [ 3.614412354444193, 50.385372234950324 ], [ 3.614693661575705, 50.385370748763975 ], [ 3.614691336593209, 50.385190890049529 ], [ 3.615535254654422, 50.385186427437382 ], [ 3.61553292650408, 50.385006568745581 ], [ 3.615814231413353, 50.38500507985718 ], [ 3.615809573056029, 50.384645362475482 ], [ 3.616372178548319, 50.384642382695908 ], [ 3.616374509842751, 50.384822241370664 ], [ 3.616655813617166, 50.384820750451041 ], [ 3.616667475763891, 50.385720043692523 ], [ 3.617230093879947, 50.385717059717948 ], [ 3.617232428508137, 50.385896918330289 ], [ 3.617513738594446, 50.385895425313144 ], [ 3.617518410049773, 50.386255142501867 ], [ 3.617237097835698, 50.38625663553794 ], [ 3.617239432535069, 50.386436494133257 ], [ 3.617520745813042, 50.386435001087676 ], [ 3.617525417410798, 50.386794718242363 ], [ 3.617244102004994, 50.386796211306887 ], [ 3.617248771569831, 50.38715592845783 ], [ 3.617530089103508, 50.387154435374363 ], [ 3.617527753245283, 50.386974576811191 ], [ 3.617809069691277, 50.386973083056915 ], [ 3.617804395918195, 50.386613365932561 ], [ 3.618367024483225, 50.386610376421167 ], [ 3.618369363485731, 50.386790234967201 ], [ 3.618650678796514, 50.386788739181611 ], [ 3.618653018886719, 50.38696859771246 ], [ 3.61893433523765, 50.386967101237111 ], [ 3.618936676415579, 50.387146959752805 ], [ 3.61949931117393, 50.387143964742265 ], [ 3.619501654503555, 50.38732382323326 ], [ 3.619782972910961, 50.387322324698076 ], [ 3.619785317328363, 50.387502183173893 ], [ 3.620066636775905, 50.387500683948907 ], [ 3.620068982281104, 50.387680542409505 ], [ 3.62035030276878, 50.387679042494717 ], [ 3.6203526493618, 50.387858900940152 ], [ 3.619790006234644, 50.387861900108497 ], [ 3.619794695236235, 50.388221617020434 ], [ 3.619513371508916, 50.388223115603211 ], [ 3.619511028060209, 50.388043257140566 ], [ 3.618948382662137, 50.388046252246198 ], [ 3.618946041365236, 50.387866393758856 ], [ 3.618664719694495, 50.387867890281726 ], [ 3.618662379485374, 50.387688031779227 ], [ 3.618381058854833, 50.387689527612295 ], [ 3.618383397999973, 50.387869386124301 ], [ 3.618102076281674, 50.387870881286588 ], [ 3.61809740014313, 50.387511164237914 ], [ 3.616972121544262, 50.387517138008249 ], [ 3.616974455345757, 50.387696996573361 ], [ 3.617255776095053, 50.387695504141718 ], [ 3.617258110984252, 50.387875362691673 ], [ 3.617820754539615, 50.387872375768573 ], [ 3.617823091580536, 50.388052234293895 ], [ 3.616416477194198, 50.38805969654684 ], [ 3.616421140707171, 50.388419413675216 ], [ 3.61613981563074, 50.38842090410386 ], [ 3.616144477110436, 50.388780621228506 ], [ 3.615863149882246, 50.388782110995727 ], [ 3.615865479593575, 50.388961969558999 ], [ 3.615584151277658, 50.388963458655368 ], [ 3.61558880864321, 50.389323175783815 ], [ 3.615307478175489, 50.389324664218776 ], [ 3.615309805829682, 50.389504522783959 ], [ 3.615028474274218, 50.389506010548033 ] ] ] } },
{ "type": "Feature", "properties": { "surface_ha": 3.25 }, "geometry": { "type": "Polygon", "coordinates": [ [ [ 3.581235537942195, 50.386981707237524 ], [ 3.581233339379719, 50.386801847475766 ], [ 3.580670704730383, 50.386804657395665 ], [ 3.580668508318149, 50.386624797610388 ], [ 3.579824559368605, 50.386629007361456 ], [ 3.57982236617051, 50.386449147543786 ], [ 3.579541050873341, 50.386450549424673 ], [ 3.579534474604547, 50.385910969910995 ], [ 3.578971850326895, 50.385913771578622 ], [ 3.5789740402664, 50.386093631439962 ], [ 3.577848787188479, 50.386099226647602 ], [ 3.577846601504608, 50.385919366750727 ], [ 3.577565289243477, 50.385920763843117 ], [ 3.577563104645717, 50.385740903931705 ], [ 3.577281793426283, 50.385742300334961 ], [ 3.577279609914612, 50.385562440409004 ], [ 3.576998299736877, 50.385563836123161 ], [ 3.577000482184659, 50.385743696057965 ], [ 3.576719170920855, 50.385745091100695 ], [ 3.57671698953696, 50.385565231157074 ], [ 3.576435679314875, 50.385566625510705 ], [ 3.57643349901703, 50.38538676555256 ], [ 3.576714808175236, 50.385385371207754 ], [ 3.576708264223071, 50.384845791325844 ], [ 3.576989570167541, 50.384844396327409 ], [ 3.576991752526607, 50.385024256284829 ], [ 3.577835673418438, 50.385020067181465 ], [ 3.577837858991247, 50.385199927106633 ], [ 3.578119166974639, 50.38519852936949 ], [ 3.578121353633525, 50.385378389280149 ], [ 3.578683971661359, 50.385375591747369 ], [ 3.578686160470222, 50.385555451634595 ], [ 3.578967470514653, 50.38555405183893 ], [ 3.578969660409646, 50.385733911711597 ], [ 3.580938837544108, 50.385724094032774 ], [ 3.580941034908629, 50.385903953837442 ], [ 3.581503658874017, 50.385901142646226 ], [ 3.581505858388681, 50.386081002427353 ], [ 3.582068484392466, 50.386078188497237 ], [ 3.582077291186116, 50.386797627493799 ], [ 3.58179597393968, 50.386799034834731 ], [ 3.581798174630074, 50.38697889457864 ], [ 3.581235537942195, 50.386981707237524 ] ] ] } },
{ "type": "Feature", "properties": { "surface_ha": 3.65 }, "geometry": { "type": "Polygon", "coordinates": [ [ [ 3.586864120648929, 50.387133317774442 ], [ 3.586859680943154, 50.386773598615321 ], [ 3.586297047191466, 50.386776435746356 ], [ 3.586294829500303, 50.386596576140278 ], [ 3.586857461124105, 50.386593739027212 ], [ 3.586855241327617, 50.386413879433512 ], [ 3.587136556041753, 50.386412459865596 ], [ 3.587129893595912, 50.385872881077439 ], [ 3.586285958961034, 50.385877137659286 ], [ 3.586290394185593, 50.386236856911111 ], [ 3.586009080467735, 50.386238274429182 ], [ 3.586011297049899, 50.38641813405561 ], [ 3.585448667418766, 50.386420967069029 ], [ 3.585442024123325, 50.385881388118818 ], [ 3.585723335758414, 50.38587997197925 ], [ 3.585714474090726, 50.385160533335664 ], [ 3.585151859309036, 50.385163364862684 ], [ 3.585149646076094, 50.384983505169664 ], [ 3.584868339715352, 50.384984919903843 ], [ 3.584863915444608, 50.384625200482816 ], [ 3.585145219677687, 50.384623785766614 ], [ 3.58514300651222, 50.384443926056591 ], [ 3.584580400151211, 50.384446754790815 ], [ 3.584578189135847, 50.384266895057173 ], [ 3.585703397512681, 50.384261234903803 ], [ 3.585705612783264, 50.384441094601492 ], [ 3.585986915885023, 50.384439677853607 ], [ 3.58598913224193, 50.384619537536651 ], [ 3.586551740505492, 50.384616701982232 ], [ 3.586547303558965, 50.38425698264647 ], [ 3.587109907477111, 50.384254144407201 ], [ 3.587112128066706, 50.384434004059869 ], [ 3.586830825055109, 50.384435423528629 ], [ 3.586837483767828, 50.384975002479734 ], [ 3.587118789970898, 50.384973582983939 ], [ 3.587121010650763, 50.385153442613962 ], [ 3.587402317895109, 50.385152022428898 ], [ 3.5874045396614, 50.385331882044255 ], [ 3.587967156210056, 50.385329039615407 ], [ 3.587973828027665, 50.385868618373301 ], [ 3.587692516573002, 50.385870039954931 ], [ 3.587696962436608, 50.386229759116624 ], [ 3.588259589578948, 50.386226915236975 ], [ 3.588264039788625, 50.386586634339885 ], [ 3.587982724100905, 50.386588056637891 ], [ 3.587984948175722, 50.386767916189896 ], [ 3.587703631401457, 50.386769337816652 ], [ 3.587701408390581, 50.386589478255651 ], [ 3.587420092657668, 50.386590899193095 ], [ 3.587426758566213, 50.387130477886252 ], [ 3.586864120648929, 50.387133317774442 ] ] ] } },
{ "type": "Feature", "properties": { "surface_ha": 1.2 }, "geometry": { "type": "Polygon", "coordinates": [ [ [ 3.612173473935505, 50.386283393863934 ], [ 3.612166527429277, 50.385743817534255 ], [ 3.611885217957886, 50.385745297617298 ], [ 3.611869017713743, 50.384486285917149 ], [ 3.611587715665638, 50.384487765254228 ], [ 3.611580776247973, 50.383948188698092 ], [ 3.611299477367686, 50.38394966732676 ], [ 3.611294853334273, 50.383589949575558 ], [ 3.612138743522117, 50.383585511705292 ], [ 3.612141058718303, 50.383765370555544 ], [ 3.612984951885619, 50.383760926535352 ], [ 3.612987270296592, 50.383940785351719 ], [ 3.612705971533947, 50.383942267381393 ], [ 3.612708288904717, 50.384122126201497 ], [ 3.612426989054757, 50.384123607560376 ], [ 3.612424672747752, 50.383943748730864 ], [ 3.611862075104754, 50.383946709389207 ], [ 3.611866703487229, 50.384306427080197 ], [ 3.612148004448031, 50.38430494707233 ], [ 3.612154950389523, 50.384844523538064 ], [ 3.612436254518183, 50.384843042821792 ], [ 3.612452469985512, 50.386102054310939 ], [ 3.612733781537584, 50.386100572848598 ], [ 3.612736099190978, 50.386280431600682 ], [ 3.612173473935505, 50.386283393863934 ] ] ] } },
{ "type": "Feature", "properties": { "surface_ha": 13.21 }, "geometry": { "type": "Polygon", "coordinates": [ [ [ 3.608534821886235, 50.387741453187765 ], [ 3.608532520004126, 50.387561594340404 ], [ 3.60825119958856, 50.387563065673675 ], [ 3.608246598022461, 50.387203347943256 ], [ 3.608527916310091, 50.387201876628616 ], [ 3.608521010944491, 50.386662300018479 ], [ 3.608802326016904, 50.386660828051646 ], [ 3.608797720428973, 50.386301110301865 ], [ 3.607953781525048, 50.386305524105559 ], [ 3.60795148195788, 50.386125665194157 ], [ 3.60823279388534, 50.386124194615839 ], [ 3.608225892132426, 50.385584617875651 ], [ 3.608507200844878, 50.385583146645111 ], [ 3.608504899243478, 50.385403287729716 ], [ 3.607660976227559, 50.385407699352591 ], [ 3.607656379477964, 50.385047981448764 ], [ 3.607937685045632, 50.385046511606703 ], [ 3.607930786904982, 50.384506934736457 ], [ 3.608212089257846, 50.384505464242189 ], [ 3.60820748848668, 50.384145746319007 ], [ 3.608488788688597, 50.384144275163209 ], [ 3.608481884515906, 50.38360469826398 ], [ 3.608763181503165, 50.383603226455989 ], [ 3.608760879095307, 50.38342336748758 ], [ 3.608198287224873, 50.383426310404651 ], [ 3.608195986967863, 50.383246451411885 ], [ 3.607352102178098, 50.383250860658073 ], [ 3.607349805135609, 50.383071001631649 ], [ 3.606505923326899, 50.38307540472821 ], [ 3.606503629498867, 50.38289554566817 ], [ 3.606784922394723, 50.382894078658815 ], [ 3.606782627526307, 50.38271421960242 ], [ 3.606501335694145, 50.382715686602459 ], [ 3.606494454419839, 50.382176109371301 ], [ 3.605369299622279, 50.382181970458085 ], [ 3.605364720731794, 50.381822252201232 ], [ 3.605646007338815, 50.381820787968358 ], [ 3.605641426414141, 50.381461069707392 ], [ 3.605922710870637, 50.381459604812981 ], [ 3.605920419379602, 50.381279745683315 ], [ 3.606482986095507, 50.381276813872653 ], [ 3.606480692500564, 50.381096954755911 ], [ 3.606761974759965, 50.381095487839701 ], [ 3.606764269418503, 50.38127534694712 ], [ 3.607326835994528, 50.381272411055647 ], [ 3.607324539208797, 50.381092551966873 ], [ 3.607887103564272, 50.381089613373476 ], [ 3.607891701413482, 50.381449331508065 ], [ 3.608454269929913, 50.381446390156825 ], [ 3.608456571016794, 50.381626249196906 ], [ 3.608737856303558, 50.38162477749173 ], [ 3.60874246067474, 50.38198449553623 ], [ 3.6093050354326, 50.381981550048053 ], [ 3.609309644151979, 50.382341268032491 ], [ 3.609590933623095, 50.382339794249432 ], [ 3.60959323908158, 50.382519653223795 ], [ 3.609874529592938, 50.382518178751219 ], [ 3.60988606255531, 50.383417473491178 ], [ 3.610167358361736, 50.383415998291618 ], [ 3.610174281611684, 50.383955575039458 ], [ 3.61045558058589, 50.383954099131586 ], [ 3.610462507238241, 50.3844936758003 ], [ 3.610743809380314, 50.384492199184095 ], [ 3.610750739435275, 50.385031775773648 ], [ 3.611032044745297, 50.385030298449095 ], [ 3.611038978203067, 50.385569874959508 ], [ 3.611320286681126, 50.385568396926594 ], [ 3.611331848233257, 50.38646769095029 ], [ 3.611613162007234, 50.386466212190165 ], [ 3.611624729466566, 50.387365506025198 ], [ 3.610499452950932, 50.387371417171749 ], [ 3.610497143667881, 50.387191558378554 ], [ 3.610215825544232, 50.38719303445513 ], [ 3.610218133763322, 50.387372893257684 ], [ 3.609655495317739, 50.38737584338871 ], [ 3.609653189226571, 50.387195984567398 ], [ 3.609090552815161, 50.387198931958572 ], [ 3.609092856778406, 50.387378790798593 ], [ 3.608811537473612, 50.387380263483109 ], [ 3.608816143342392, 50.387739981164863 ], [ 3.608534821886235, 50.387741453187765 ] ], [ [ 3.608502597665469, 50.385223428808651 ], [ 3.608783904226834, 50.385221956916574 ], [ 3.60877929901333, 50.384862239076114 ], [ 3.608497994579621, 50.384863710949517 ], [ 3.608502597665469, 50.385223428808651 ] ], [ [ 3.60877929901333, 50.384862239076114 ], [ 3.609341907810536, 50.38485929328867 ], [ 3.609330384548389, 50.383959998681867 ], [ 3.609049085480436, 50.383961471868922 ], [ 3.609051389022256, 50.384141330810991 ], [ 3.608770088867125, 50.384142803327201 ], [ 3.60877929901333, 50.384862239076114 ] ] ] } },
{ "type": "Feature", "properties": { "surface_ha": 1.73 }, "geometry": { "type": "Polygon", "coordinates": [ [ [ 3.583123158510445, 50.380317038385208 ], [ 3.583120953329586, 50.380137178476495 ], [ 3.583683508858413, 50.380134356974473 ], [ 3.58368130157287, 50.379954497078032 ], [ 3.583962578240099, 50.379953085315819 ], [ 3.583955953327473, 50.379413505619368 ], [ 3.583674679850818, 50.379414917354715 ], [ 3.583672472654991, 50.379235057435615 ], [ 3.58339120021941, 50.379236468481878 ], [ 3.583388994109504, 50.379056608548161 ], [ 3.583107722714999, 50.379058018905397 ], [ 3.583105517690994, 50.378878158957043 ], [ 3.583386788022018, 50.378876748608789 ], [ 3.583384581956948, 50.378696888663733 ], [ 3.583947120424791, 50.378694065944856 ], [ 3.583949328616803, 50.378873925871964 ], [ 3.584511869121834, 50.378871100414841 ], [ 3.584514079463245, 50.379050960318366 ], [ 3.585357893242749, 50.379046717005039 ], [ 3.585360106797094, 50.379226576875958 ], [ 3.585641379075446, 50.379225161069009 ], [ 3.585643593715786, 50.379405020925269 ], [ 3.585924867035135, 50.379403604429257 ], [ 3.585929298510362, 50.379763324106776 ], [ 3.585648023063978, 50.379764740620828 ], [ 3.585650237771833, 50.379944600460092 ], [ 3.585368961239412, 50.379946016302995 ], [ 3.585366747595091, 50.379766156454707 ], [ 3.584522921053501, 50.37977039987581 ], [ 3.584525131507222, 50.379950259751013 ], [ 3.584243854884885, 50.379951672873474 ], [ 3.584246064297521, 50.380131532751982 ], [ 3.583964786589187, 50.380132945203279 ], [ 3.583966994960718, 50.380312805085133 ], [ 3.583123158510445, 50.380317038385208 ] ] ] } },
{ "type": "Feature", "properties": { "surface_ha": 3.81 }, "geometry": { "type": "Polygon", "coordinates": [ [ [ 3.601692064131093, 50.380582210413877 ], [ 3.60168978870984, 50.380402351116814 ], [ 3.601408510286868, 50.380403805753666 ], [ 3.601406235952285, 50.380223946441689 ], [ 3.601124958569749, 50.3802254003892 ], [ 3.60112723184078, 50.380405259710408 ], [ 3.600845953371593, 50.380406712987011 ], [ 3.600843681164112, 50.380226853656566 ], [ 3.599999848808704, 50.380231209378032 ], [ 3.59999757981493, 50.380051350014298 ], [ 3.599435026923101, 50.380054250409614 ], [ 3.599425959686667, 50.379334812824276 ], [ 3.599144687460247, 50.379336261964959 ], [ 3.599142421772212, 50.379156402545263 ], [ 3.598579879377285, 50.379159298767973 ], [ 3.598577615839223, 50.378979439324212 ], [ 3.598015075479246, 50.378982332808185 ], [ 3.598010552725968, 50.378622613866916 ], [ 3.598573088832104, 50.378619720419671 ], [ 3.598568561916986, 50.378260001492507 ], [ 3.598849827808683, 50.378258553767147 ], [ 3.598852092318175, 50.378438413224394 ], [ 3.59941462615939, 50.378435515715097 ], [ 3.599416892818778, 50.378615375148264 ], [ 3.599979428694749, 50.378612474900237 ], [ 3.599981697504077, 50.378792334309331 ], [ 3.600544235414735, 50.378789431322573 ], [ 3.600546506374045, 50.378969290707595 ], [ 3.601390316257321, 50.378964931099198 ], [ 3.601392590430129, 50.37914479045083 ], [ 3.60195513236373, 50.379141880626356 ], [ 3.60196196140178, 50.379681458591847 ], [ 3.602243235524372, 50.379680002631737 ], [ 3.602245512980167, 50.379859861933014 ], [ 3.60252678814313, 50.379858405283528 ], [ 3.602533623839986, 50.380397983125569 ], [ 3.602252345486413, 50.380399439802765 ], [ 3.602254623034781, 50.380579299081347 ], [ 3.601692064131093, 50.380582210413877 ] ] ] } },
{ "type": "Feature", "properties": { "surface_ha": 4.9 }, "geometry": { "type": "Polygon", "coordinates": [ [ [ 3.588722015091752, 50.37813038364478 ], [ 3.588719788911278, 50.377950523848021 ], [ 3.587313465755138, 50.377957633171093 ], [ 3.587311244914342, 50.377777773323508 ], [ 3.586748717620666, 50.377780612274272 ], [ 3.586746498929243, 50.37760075240304 ], [ 3.585621448325049, 50.377606422107789 ], [ 3.585619233909741, 50.377426562194884 ], [ 3.585900495531174, 50.377425145797766 ], [ 3.585898280074985, 50.377245285888215 ], [ 3.586179540610526, 50.377243868820045 ], [ 3.586177324113478, 50.37706400891382 ], [ 3.586458583563125, 50.377062591174585 ], [ 3.58645636602524, 50.376882731271706 ], [ 3.586737624388994, 50.376881312861464 ], [ 3.586735405810292, 50.37670145296191 ], [ 3.587016663088157, 50.376700033880631 ], [ 3.58701444346866, 50.376520173984439 ], [ 3.58757695583004, 50.376517333799804 ], [ 3.587574734106446, 50.37633747391596 ], [ 3.588418499289196, 50.37633320856586 ], [ 3.588416274398232, 50.376153348703447 ], [ 3.588697528350635, 50.376151925569069 ], [ 3.588695302418973, 50.37597206571003 ], [ 3.588976555285456, 50.375970641904672 ], [ 3.588974328313121, 50.375790782048966 ], [ 3.589536831851603, 50.375787932416316 ], [ 3.58953906095052, 50.375967792253888 ], [ 3.590382819278214, 50.3759635126776 ], [ 3.590385051589688, 50.376143372482353 ], [ 3.590666305383538, 50.376141944587836 ], [ 3.590668538781006, 50.376321804377845 ], [ 3.590387283923846, 50.376323232281429 ], [ 3.590391748660207, 50.376682951862598 ], [ 3.590110491653706, 50.376684379104297 ], [ 3.590114954354103, 50.377044098680912 ], [ 3.589833695198229, 50.377045525260684 ], [ 3.589838155862576, 50.377405244832779 ], [ 3.589556894557295, 50.377406670750624 ], [ 3.589561353185508, 50.377766390318151 ], [ 3.589280089730785, 50.377767815574039 ], [ 3.589282318015461, 50.377947675358349 ], [ 3.589001053474684, 50.37794909994323 ], [ 3.589003280718582, 50.378128959730937 ], [ 3.588722015091752, 50.37813038364478 ] ] ] } },
{ "type": "Feature", "properties": { "surface_ha": 1.4 }, "geometry": { "type": "Polygon", "coordinates": [ [ [ 3.595737880067181, 50.376835564673442 ], [ 3.595733374878674, 50.376475845449605 ], [ 3.59488960827905, 50.376480163868976 ], [ 3.594887358909084, 50.376300304221125 ], [ 3.594324849855006, 50.37630317974898 ], [ 3.59432260263451, 50.376123320077212 ], [ 3.593760095615711, 50.376126192866764 ], [ 3.593757850544642, 50.375946333171086 ], [ 3.594039103002157, 50.37594489712545 ], [ 3.594036856890614, 50.375765037433204 ], [ 3.595724364776319, 50.375756406933888 ], [ 3.595726617267575, 50.375936266571316 ], [ 3.596007869565101, 50.375934825765583 ], [ 3.596010123142541, 50.376114685388188 ], [ 3.596291376480464, 50.376113243893293 ], [ 3.596295885830663, 50.376472963103211 ], [ 3.596577141272295, 50.37647152090998 ], [ 3.596574885522426, 50.376291661316998 ], [ 3.596856139877822, 50.376290218452908 ], [ 3.59686291038618, 50.376829797187327 ], [ 3.595737880067181, 50.376835564673442 ] ] ] } },
{ "type": "Feature", "properties": { "surface_ha": 1.04 }, "geometry": { "type": "Polygon", "coordinates": [ [ [ 3.598550455176484, 50.376821125557129 ], [ 3.598548191937414, 50.376641266039684 ], [ 3.59911070455698, 50.376638370074431 ], [ 3.599106173894551, 50.376278651059351 ], [ 3.598262411310617, 50.376282993932101 ], [ 3.59826467344038, 50.376462853470031 ], [ 3.597702162809514, 50.376465745336773 ], [ 3.59769990280638, 50.376285885780483 ], [ 3.59741864851981, 50.376287330684633 ], [ 3.597416389602946, 50.376107471113514 ], [ 3.597135136356727, 50.376108915328473 ], [ 3.597130620718432, 50.375749196150849 ], [ 3.597693122934762, 50.375746307077598 ], [ 3.597690863023484, 50.375566447498642 ], [ 3.597972113033938, 50.375565001951152 ], [ 3.597974374008487, 50.375744861520936 ], [ 3.598255625059239, 50.375743415284269 ], [ 3.598257887120048, 50.375923274839217 ], [ 3.598820391279149, 50.375920380307498 ], [ 3.598822655489525, 50.376100239838394 ], [ 3.599666414745477, 50.376095892913135 ], [ 3.599668682168768, 50.37627575241077 ], [ 3.599387428043173, 50.376277202075066 ], [ 3.599394227261318, 50.376816780561569 ], [ 3.598550455176484, 50.376821125557129 ] ] ] } },
{ "type": "Feature", "properties": { "surface_ha": 3.17 }, "geometry": { "type": "Polygon", "coordinates": [ [ [ 3.559180542521738, 50.377556667070237 ], [ 3.559176313676031, 50.377196945575363 ], [ 3.558895052092015, 50.377198297349743 ], [ 3.558892938764778, 50.377018436585224 ], [ 3.558611678222677, 50.377019787670967 ], [ 3.55860956598029, 50.376839926892231 ], [ 3.558047046958464, 50.376842627006397 ], [ 3.558042826791527, 50.376482905397651 ], [ 3.55776156937517, 50.376484254417541 ], [ 3.55775946038721, 50.376304393596129 ], [ 3.55747820401277, 50.376305741927418 ], [ 3.557473988227796, 50.375946020250495 ], [ 3.557192733958599, 50.375947367884628 ], [ 3.557190627161554, 50.375767507029138 ], [ 3.558034386714941, 50.375763462112339 ], [ 3.558032276749394, 50.375583601276844 ], [ 3.558313528827689, 50.375582251619761 ], [ 3.558311417820291, 50.375402390787201 ], [ 3.558592668813843, 50.375401040458684 ], [ 3.558590556764614, 50.37522117962903 ], [ 3.558871806673427, 50.375219828629092 ], [ 3.558869693582389, 50.375039967802365 ], [ 3.559150942406461, 50.375038616130965 ], [ 3.559153056560768, 50.375218476949115 ], [ 3.559434306426628, 50.375217124589135 ], [ 3.55943219120905, 50.375037263779582 ], [ 3.559994688749742, 50.375034557036798 ], [ 3.559992571427143, 50.374854696238771 ], [ 3.560273819101967, 50.374853341855967 ], [ 3.560275937487823, 50.375033202645412 ], [ 3.560557186204379, 50.375031847574007 ], [ 3.560559305675027, 50.37521170834917 ], [ 3.560278055895204, 50.375213063429172 ], [ 3.560282292774542, 50.375572784979752 ], [ 3.560001040846627, 50.375574139396939 ], [ 3.560005275685457, 50.375933860942098 ], [ 3.559724021609414, 50.375935214696455 ], [ 3.55972613799778, 50.376115075469151 ], [ 3.559444882836909, 50.376116428552088 ], [ 3.559449113551479, 50.376476150097673 ], [ 3.559730370839029, 50.376474796997549 ], [ 3.55973248729191, 50.376654657753249 ], [ 3.560013745621309, 50.37665330396451 ], [ 3.560015863159062, 50.376833164705985 ], [ 3.559453344352029, 50.376835871620614 ], [ 3.559455459784547, 50.377015732373607 ], [ 3.560017980718333, 50.377013025441769 ], [ 3.560022215901427, 50.37737274689642 ], [ 3.559740953318502, 50.377374100719543 ], [ 3.559743069878917, 50.377553961446971 ], [ 3.559180542521738, 50.377556667070237 ] ], [ [ 3.55832197307179, 50.376301694893471 ], [ 3.558603229381909, 50.376300344522079 ], [ 3.558601117225372, 50.376120483720698 ], [ 3.558319861978589, 50.37612183408352 ], [ 3.55832197307179, 50.376301694893471 ] ], [ [ 3.557757351420678, 50.376124532769076 ], [ 3.558319861978589, 50.37612183408352 ], [ 3.558317750906838, 50.375941973267928 ], [ 3.557755242475577, 50.375944671936345 ], [ 3.557757351420678, 50.376124532769076 ] ] ] } },
{ "type": "Feature", "properties": { "surface_ha": 2.41 }, "geometry": { "type": "Polygon", "coordinates": [ [ [ 3.599936325697506, 50.375195145050924 ], [ 3.599929520721759, 50.37465556646665 ], [ 3.600210765231937, 50.374654115525203 ], [ 3.60020622657028, 50.374294396459113 ], [ 3.600487468931001, 50.37429294485613 ], [ 3.600482928235222, 50.373933225785819 ], [ 3.600764168446522, 50.373931773521299 ], [ 3.600761897070074, 50.373751913986858 ], [ 3.601043136195133, 50.373750461051607 ], [ 3.601038591385184, 50.37339074198416 ], [ 3.601319828360867, 50.373389288387422 ], [ 3.601313008129761, 50.372849709771451 ], [ 3.601594241892994, 50.372848255522428 ], [ 3.601591967465727, 50.37266839598167 ], [ 3.602154432796666, 50.372665485462313 ], [ 3.602149879759148, 50.372305766400764 ], [ 3.602712340745255, 50.372302853198676 ], [ 3.602714619378593, 50.372482712713797 ], [ 3.602995850899994, 50.372481255083606 ], [ 3.602998130619567, 50.372661114583792 ], [ 3.60327936318089, 50.372659656264432 ], [ 3.603283924815724, 50.373019375229276 ], [ 3.603565159480067, 50.373017916211474 ], [ 3.603569723333839, 50.373377635135135 ], [ 3.603850960101236, 50.373376175418827 ], [ 3.603855526174034, 50.373735894301298 ], [ 3.604136765044518, 50.373734433886526 ], [ 3.604139049178869, 50.373914293309973 ], [ 3.6044202890893, 50.373912832205946 ], [ 3.604427144821142, 50.37445241041447 ], [ 3.604145901721177, 50.374453871546336 ], [ 3.604143617517198, 50.3742740121399 ], [ 3.603862375457212, 50.374275472582511 ], [ 3.60385780924523, 50.373915753734032 ], [ 3.603576569288393, 50.373917213478144 ], [ 3.603572005295505, 50.373557494588468 ], [ 3.603290767441784, 50.373558953634095 ], [ 3.603288486543256, 50.373379094171504 ], [ 3.603007249729497, 50.373380552527919 ], [ 3.603004969917269, 50.373200693050393 ], [ 3.602723734143472, 50.373202150717589 ], [ 3.602721455417522, 50.373022291225148 ], [ 3.601877751146599, 50.373026660119322 ], [ 3.601880026683201, 50.373206519639531 ], [ 3.601598790816855, 50.37320797458694 ], [ 3.601607888941902, 50.373927412647959 ], [ 3.601045408634742, 50.373930320576818 ], [ 3.601054498624074, 50.374649758621011 ], [ 3.600773254183106, 50.374651211602405 ], [ 3.600777797189878, 50.375010930608937 ], [ 3.600215303985828, 50.375013834568648 ], [ 3.600217573397363, 50.375193694081837 ], [ 3.599936325697506, 50.375195145050924 ] ] ] } },
{ "type": "Feature", "properties": { "surface_ha": 3.33 }, "geometry": { "type": "Polygon", "coordinates": [ [ [ 3.57462393963846, 50.375322947675286 ], [ 3.57460873151183, 50.374063925219552 ], [ 3.574889973800185, 50.374062535512245 ], [ 3.574876932745012, 50.372983373239514 ], [ 3.575439404497525, 50.372980591890951 ], [ 3.575437228939378, 50.372800731509976 ], [ 3.575999698477225, 50.372797947459283 ], [ 3.575997520814961, 50.372618087090345 ], [ 3.576559988138079, 50.372615300337564 ], [ 3.576562167926568, 50.372795160688781 ], [ 3.576843402618022, 50.372793766283635 ], [ 3.576836860129702, 50.372254185239512 ], [ 3.577399323067529, 50.372251394442493 ], [ 3.577397140156251, 50.372071534100833 ], [ 3.577678370528822, 50.372070137691324 ], [ 3.57768710655939, 50.372789578988503 ], [ 3.577405871934444, 50.372790975433475 ], [ 3.577416787156248, 50.373690276971878 ], [ 3.577135547193409, 50.373691672781248 ], [ 3.577131183164461, 50.373331952165131 ], [ 3.576849945305771, 50.373333347276827 ], [ 3.576847764387695, 50.373153486951416 ], [ 3.576566527569987, 50.373154881374262 ], [ 3.576570887302002, 50.373514602037133 ], [ 3.576289648335848, 50.373515995797753 ], [ 3.576302721684327, 50.374595157703503 ], [ 3.575740230927308, 50.374597943290944 ], [ 3.575735877308779, 50.374238222642958 ], [ 3.575454634023516, 50.374239614399031 ], [ 3.575461161294827, 50.374779195389046 ], [ 3.575179914797795, 50.374780586491624 ], [ 3.575182089535873, 50.374960446819131 ], [ 3.575463337096145, 50.374959055707698 ], [ 3.575465512919573, 50.375138916020724 ], [ 3.575184264296047, 50.375140307140953 ], [ 3.575186439078321, 50.375320167457147 ], [ 3.57462393963846, 50.375322947675286 ] ], [ [ 3.575727170337136, 50.373518781279067 ], [ 3.576008409347555, 50.37351738887839 ], [ 3.576004053868136, 50.373157668180156 ], [ 3.575722816984015, 50.373159060563168 ], [ 3.575727170337136, 50.373518781279067 ] ] ] } },
{ "type": "Feature", "properties": { "surface_ha": 1.0 }, "geometry": { "type": "Polygon", "coordinates": [ [ [ 3.577111546131601, 50.371713209112443 ], [ 3.577098455773926, 50.370634046822559 ], [ 3.577379677664446, 50.370632651163852 ], [ 3.577377494952769, 50.370452790771253 ], [ 3.577658715758131, 50.370451394441503 ], [ 3.577652164567285, 50.369911813256337 ], [ 3.578214599733689, 50.3699090186104 ], [ 3.578223343202901, 50.370628460108328 ], [ 3.577942121378943, 50.37062985780674 ], [ 3.577953045900109, 50.371529159596157 ], [ 3.577390591555487, 50.371531953041938 ], [ 3.57739277440023, 50.371711813400566 ], [ 3.577111546131601, 50.371713209112443 ] ] ] } },
{ "type": "Feature", "properties": { "surface_ha": 1.36 }, "geometry": { "type": "Polygon", "coordinates": [ [ [ 3.575967035866346, 50.370100041330922 ], [ 3.575962681227657, 50.369740320417584 ], [ 3.575681464541216, 50.369741712632624 ], [ 3.575679288317982, 50.369561852158625 ], [ 3.575398072672358, 50.369563243684965 ], [ 3.575395897534153, 50.369383383196464 ], [ 3.575677112116857, 50.369381991678942 ], [ 3.575674935937844, 50.369202131193624 ], [ 3.575956149435535, 50.369200739005088 ], [ 3.575953972215734, 50.369020878522946 ], [ 3.57567275978094, 50.369022270702636 ], [ 3.575670583646146, 50.368842410205993 ], [ 3.575389372252127, 50.368843801697011 ], [ 3.575385022174601, 50.368484080669056 ], [ 3.575666231442882, 50.368482689195702 ], [ 3.57566840753346, 50.368662549703672 ], [ 3.575949617842495, 50.368661157541652 ], [ 3.575951795018054, 50.368841018035127 ], [ 3.576514217695504, 50.368838231653861 ], [ 3.576518576364541, 50.369197952588429 ], [ 3.577924643299383, 50.369190974649278 ], [ 3.577922458639324, 50.369011114229124 ], [ 3.578484883132177, 50.369008318312211 ], [ 3.578487069918023, 50.369188178714623 ], [ 3.578205856619807, 50.369189577021878 ], [ 3.578208042364966, 50.369369437427501 ], [ 3.577645613576115, 50.369372232020197 ], [ 3.577647797217653, 50.369552092437907 ], [ 3.577085366214229, 50.369554884328856 ], [ 3.577087547752099, 50.369734744758631 ], [ 3.576806331154208, 50.369736139693174 ], [ 3.576808511651306, 50.369916000126139 ], [ 3.576246076263198, 50.369918787973312 ], [ 3.576248254656553, 50.370098648418313 ], [ 3.575967035866346, 50.370100041330922 ] ], [ [ 3.575962681227657, 50.369740320417584 ], [ 3.576525114534165, 50.369737533947834 ], [ 3.576522935122147, 50.36955767350036 ], [ 3.575960503941495, 50.369560459952403 ], [ 3.575962681227657, 50.369740320417584 ] ] ] } },
{ "type": "Feature", "properties": { "surface_ha": 2.13 }, "geometry": { "type": "Polygon", "coordinates": [ [ [ 3.57792027400146, 50.368831253803314 ], [ 3.577915904792319, 50.368471532934656 ], [ 3.577634695701209, 50.368472929846746 ], [ 3.577625961800599, 50.367753488006088 ], [ 3.577344756938641, 50.367754884202853 ], [ 3.577342574581754, 50.367575023719667 ], [ 3.577061370760432, 50.367576419227753 ], [ 3.577054827011159, 50.367036837717663 ], [ 3.576773626356034, 50.367038232519356 ], [ 3.576771446213362, 50.366858371995818 ], [ 3.576490246598852, 50.366859766108867 ], [ 3.57649242567876, 50.367039626641272 ], [ 3.575648823514151, 50.36704380492813 ], [ 3.575650999427866, 50.36722366548139 ], [ 3.575088595748691, 50.367226447624596 ], [ 3.575086421960529, 50.367046587053672 ], [ 3.575367622748387, 50.367045196330785 ], [ 3.575363273112794, 50.36668547518962 ], [ 3.575082074450458, 50.366686865894835 ], [ 3.575079900728548, 50.366507005306921 ], [ 3.574798703106873, 50.366508395323514 ], [ 3.574796530469781, 50.366328534721141 ], [ 3.577889691401763, 50.366313207247323 ], [ 3.577891875728916, 50.366493067752415 ], [ 3.577329480906029, 50.366495860701647 ], [ 3.577336027644123, 50.367035442236151 ], [ 3.577898428843527, 50.367032649233707 ], [ 3.577900613259449, 50.367212509716126 ], [ 3.577619411608064, 50.367213906566128 ], [ 3.577621594983392, 50.36739376705178 ], [ 3.577902797697563, 50.36739237019291 ], [ 3.577911535671957, 50.368111812043381 ], [ 3.578192742615184, 50.368110414469228 ], [ 3.578194928227107, 50.368290274908851 ], [ 3.578476136210967, 50.368288876645948 ], [ 3.578478322907945, 50.368468737071005 ], [ 3.578197113861235, 50.368470135342747 ], [ 3.578201485196108, 50.368829856193642 ], [ 3.57792027400146, 50.368831253803314 ] ] ] } },
{ "type": "Feature", "properties": { "surface_ha": 16.9 }, "geometry": { "type": "Polygon", "coordinates": [ [ [ 3.594579126495516, 50.374143425999499 ], [ 3.594576878485831, 50.373963566268856 ], [ 3.593733156268442, 50.37396787614481 ], [ 3.593730911471099, 50.373788016381148 ], [ 3.593168432005116, 50.373790886213754 ], [ 3.593166189356898, 50.373611026426197 ], [ 3.592322473176517, 50.373615326048061 ], [ 3.59232023374053, 50.373435466227562 ], [ 3.591757758299451, 50.373438329224143 ], [ 3.591755521012492, 50.373258469379813 ], [ 3.590911810869824, 50.373262758747813 ], [ 3.590909576794979, 50.373082898870571 ], [ 3.590628341098471, 50.37308432729094 ], [ 3.590626108109441, 50.372904467398975 ], [ 3.590344873453363, 50.372905895130316 ], [ 3.590338177811696, 50.372366315393208 ], [ 3.590056946322229, 50.372367742417431 ], [ 3.59006140793448, 50.372727462265956 ], [ 3.589217706951574, 50.37273173931338 ], [ 3.589208796574702, 50.372012299485064 ], [ 3.589490026005993, 50.372010874518715 ], [ 3.589487797405305, 50.371831014556506 ], [ 3.5897690257509, 50.371829588919304 ], [ 3.589766796109811, 50.371649728960513 ], [ 3.590048023369711, 50.371648302652439 ], [ 3.590045792688245, 50.371468442697008 ], [ 3.590327018862447, 50.371467015718096 ], [ 3.590320323765002, 50.370927435845033 ], [ 3.590601546727501, 50.370926008213395 ], [ 3.590597081316611, 50.370566288287819 ], [ 3.59087830213046, 50.370564859994424 ], [ 3.590873834684385, 50.370205140064336 ], [ 3.591155053349619, 50.370203711109184 ], [ 3.591150583868447, 50.369843991174577 ], [ 3.591431800385096, 50.369842561557711 ], [ 3.591429564615645, 50.36966270159099 ], [ 3.59171078004666, 50.369661271303357 ], [ 3.591708543237011, 50.369481411340026 ], [ 3.591989757582388, 50.369479980381577 ], [ 3.591985281905481, 50.369120260456171 ], [ 3.591704069685892, 50.369121691396423 ], [ 3.591701832944421, 50.368941831416116 ], [ 3.591420621764986, 50.368943261667461 ], [ 3.591418386109107, 50.36876340167241 ], [ 3.591137175969828, 50.368764831234834 ], [ 3.59113494139952, 50.368584971225047 ], [ 3.590853732300394, 50.36858640009855 ], [ 3.590851498815637, 50.368406540074034 ], [ 3.590570290756668, 50.368407968258623 ], [ 3.590568058357437, 50.368228108219377 ], [ 3.590286851338623, 50.368229535715074 ], [ 3.590282388733846, 50.367869815601445 ], [ 3.590563593627019, 50.367868388123881 ], [ 3.590561361295828, 50.36768852806761 ], [ 3.590842565103517, 50.367687099919308 ], [ 3.590840331732216, 50.367507239866462 ], [ 3.59112153445442, 50.36750581104738 ], [ 3.59111706565433, 50.367146090942846 ], [ 3.591398266228283, 50.367144661462113 ], [ 3.591393795393482, 50.366784941353067 ], [ 3.591112596945042, 50.366786370815639 ], [ 3.591110362624447, 50.366606510743544 ], [ 3.590829165216044, 50.366607939517266 ], [ 3.590826931980878, 50.36642807943042 ], [ 3.590545735612515, 50.366429507515278 ], [ 3.590543503462755, 50.366249647413724 ], [ 3.595605015484289, 50.366223838042806 ], [ 3.595611769388808, 50.366763417838925 ], [ 3.595330571282156, 50.366764857498431 ], [ 3.595332821566662, 50.366944717428275 ], [ 3.595051622374404, 50.366946156417143 ], [ 3.595053871619016, 50.36712601635044 ], [ 3.594772671341151, 50.367127454668619 ], [ 3.594774919545846, 50.367307314605412 ], [ 3.595056120886478, 50.36730587627811 ], [ 3.595058370176794, 50.367485736200095 ], [ 3.59449596534713, 50.367488612193164 ], [ 3.594502706978389, 50.36802819197991 ], [ 3.59506511818485, 50.368025315932073 ], [ 3.595069616971152, 50.368385035725048 ], [ 3.595632032337507, 50.368382156921349 ], [ 3.595634283890622, 50.368562016791081 ], [ 3.595915492602336, 50.368560576360352 ], [ 3.595917745241177, 50.368740436215262 ], [ 3.596198954992856, 50.368738995095541 ], [ 3.59620120871745, 50.368918854935622 ], [ 3.596482419509094, 50.368917413126894 ], [ 3.596486929152731, 50.369277132771785 ], [ 3.59620571623533, 50.36927857459883 ], [ 3.596212477683887, 50.369818154051103 ], [ 3.594806396810018, 50.369825353125542 ], [ 3.594804148285522, 50.36964549326806 ], [ 3.59424171790182, 50.369648368120515 ], [ 3.594237225172973, 50.369288648352082 ], [ 3.593956012072689, 50.369290084740278 ], [ 3.593953766805385, 50.369110224838458 ], [ 3.593672554745176, 50.369111660537683 ], [ 3.59367479894959, 50.369291520448634 ], [ 3.593393585803693, 50.3692929554771 ], [ 3.593391342662165, 50.36911309555704 ], [ 3.593110130556366, 50.369114529896571 ], [ 3.593112372635006, 50.36929438982574 ], [ 3.592831159443539, 50.369295823494504 ], [ 3.592833400482057, 50.369475683427112 ], [ 3.592552186204923, 50.369477116425124 ], [ 3.592554426203303, 50.369656976361171 ], [ 3.5922732108405, 50.369658408688423 ], [ 3.592275449798717, 50.369838268627902 ], [ 3.591994233350243, 50.369839700284352 ], [ 3.591996471268276, 50.37001956022727 ], [ 3.591715253734134, 50.370020991212968 ], [ 3.591719727512515, 50.370380711099912 ], [ 3.591438507829748, 50.370382141423882 ], [ 3.591445215478848, 50.370921721239064 ], [ 3.591163992584435, 50.370923150910393 ], [ 3.591170697248963, 50.371462730701843 ], [ 3.590889471142818, 50.371464159720503 ], [ 3.590891705013379, 50.371644019648727 ], [ 3.590610477821506, 50.371645447996542 ], [ 3.590612710651721, 50.371825307928155 ], [ 3.591175167138853, 50.371822450534466 ], [ 3.591177402117862, 50.372002310442305 ], [ 3.590614943504622, 50.37200516785412 ], [ 3.590621642199452, 50.37254474759802 ], [ 3.590902874706642, 50.372543319204865 ], [ 3.590905108713389, 50.37272317909909 ], [ 3.591467575785853, 50.372720320254849 ], [ 3.59146981194151, 50.372900180125242 ], [ 3.593438453420605, 50.372890152688626 ], [ 3.593440697040792, 50.373070012489706 ], [ 3.59372193250982, 50.373068577269891 ], [ 3.593724177215928, 50.373248437056205 ], [ 3.59484912311636, 50.373242689340977 ], [ 3.594846874157755, 50.373062829591156 ], [ 3.594284403379445, 50.373065704790406 ], [ 3.594282156569917, 50.372885845016683 ], [ 3.594563390907379, 50.372884407766136 ], [ 3.594552151886757, 50.371985108858077 ], [ 3.595114609862345, 50.371982232408484 ], [ 3.595121359584621, 50.372521811715544 ], [ 3.595402591727338, 50.372520372443468 ], [ 3.595407093782683, 50.37288009193491 ], [ 3.595125859513772, 50.372881531225254 ], [ 3.59513485964641, 50.373600970176653 ], [ 3.595978575142056, 50.37359665015606 ], [ 3.595985335050082, 50.374136229227879 ], [ 3.595704093384917, 50.374137669942137 ], [ 3.595699588883012, 50.373777950548309 ], [ 3.595418349321306, 50.373779390564316 ], [ 3.595422851696866, 50.374139109976412 ], [ 3.594579126495516, 50.374143425999499 ] ], [ [ 3.595366578577844, 50.369642615696172 ], [ 3.595929008778702, 50.36963973540481 ], [ 3.59592450329503, 50.369280015745979 ], [ 3.595362077345778, 50.369282896000769 ], [ 3.595366578577844, 50.369642615696172 ] ], [ [ 3.592824436464586, 50.36875624366273 ], [ 3.593105646467423, 50.368754810021237 ], [ 3.593103404457119, 50.368574950075079 ], [ 3.592822195517138, 50.368576383707449 ], [ 3.592824436464586, 50.36875624366273 ] ], [ [ 3.59338461337432, 50.368573515762876 ], [ 3.594228239989148, 50.368569208747218 ], [ 3.594225993750246, 50.36838934883184 ], [ 3.593382370323951, 50.368393655820135 ], [ 3.59338461337432, 50.368573515762876 ] ] ] } }
]
}
