{
"type": "FeatureCollection",
"name": "perimetre",
"crs": { "type": "name", "properties": { "name": "urn:ogc:def:crs:OGC:1.3:CRS84" } },
"features": [
{ "type": "Feature", "properties": { "surface_ha": 12.28 }, "geometry": { "type": "Polygon", "coordinates": [ [ [ 2.142107018012339, 48.221722559168917 ], [ 2.142113030946169, 48.22136272601184 ], [ 2.141843794575622, 48.22136071665188 ], [ 2.141852816584783, 48.22082096691063 ], [ 2.141583583073451, 48.220818956958126 ], [ 2.141592607646612, 48.220279207202523 ], [ 2.14132337699442, 48.220277196657491 ], [ 2.141332404131425, 48.219737446887585 ], [ 2.141063176338296, 48.219735435750039 ], [ 2.141072206038986, 48.219195685965772 ], [ 2.140802981104843, 48.219193674235775 ], [ 2.140805991889128, 48.21901375764206 ], [ 2.14107521588014, 48.219015769359451 ], [ 2.141078225691757, 48.21883585274729 ], [ 2.141616671876138, 48.21883987426574 ], [ 2.141619679771992, 48.218659957622563 ], [ 2.142158124188219, 48.218663976594385 ], [ 2.142161130168347, 48.218484059920151 ], [ 2.142968794184591, 48.218490083612515 ], [ 2.142971797305932, 48.218310166894689 ], [ 2.143510238244607, 48.218314179512674 ], [ 2.143513239450302, 48.218134262763847 ], [ 2.144320898249917, 48.218140276925581 ], [ 2.144323896596919, 48.217960360133191 ], [ 2.145131552832113, 48.217966368584193 ], [ 2.145122566190635, 48.218506119057153 ], [ 2.145391787823776, 48.218508120651201 ], [ 2.145385798468702, 48.218867954295966 ], [ 2.145655022017457, 48.218869955284809 ], [ 2.145646040593839, 48.219409705746159 ], [ 2.145915267001388, 48.21941170614231 ], [ 2.145906288142841, 48.219951456589158 ], [ 2.146175517409256, 48.219953456392624 ], [ 2.146169533243074, 48.22031329001998 ], [ 2.146438764425233, 48.220315289218171 ], [ 2.146435773241298, 48.2204952060357 ], [ 2.146166541115937, 48.220493206824941 ], [ 2.146163548959438, 48.220673123624152 ], [ 2.146432782028012, 48.220675122847432 ], [ 2.146420816881299, 48.221394790036378 ], [ 2.14561310644486, 48.22138879032466 ], [ 2.145610112255017, 48.221568707069721 ], [ 2.143725448996093, 48.221554685590206 ], [ 2.143722448174004, 48.221734602241433 ], [ 2.142107018012339, 48.221722559168917 ] ] ] } },
{ "type": "Feature", "properties": { "surface_ha": 1.24 }, "geometry": { "type": "Polygon", "coordinates": [ [ [ 2.14566400317666, 48.218330204771277 ], [ 2.14567897118777, 48.217430620466061 ], [ 2.145409755183703, 48.217428619577717 ], [ 2.145421732835935, 48.216708952079451 ], [ 2.145690945067876, 48.216710952917509 ], [ 2.145687951641914, 48.216890869813348 ], [ 2.146226378079951, 48.216894869623722 ], [ 2.146220394912023, 48.217254703448226 ], [ 2.145951179792257, 48.217252703833083 ], [ 2.145948187221212, 48.217432620724061 ], [ 2.146486619376189, 48.217436619349137 ], [ 2.146483628661886, 48.217616536259449 ], [ 2.146214411626663, 48.217614537249517 ], [ 2.146211419939946, 48.217794454141469 ], [ 2.147019073962847, 48.217800449317927 ], [ 2.14702206282037, 48.217620532388324 ], [ 2.147560497096177, 48.217624525995902 ], [ 2.147563484038256, 48.217444609035461 ], [ 2.147832700277076, 48.217446604881246 ], [ 2.147829714278052, 48.217626521854243 ], [ 2.148098931489231, 48.217628517082225 ], [ 2.148095946403972, 48.217808434061958 ], [ 2.147288292029156, 48.217802446449411 ], [ 2.147285304085376, 48.217982363385751 ], [ 2.146746866095942, 48.217978368467335 ], [ 2.146743876236672, 48.218158285372795 ], [ 2.146205436478436, 48.218154287907986 ], [ 2.146202444703643, 48.218334204782536 ], [ 2.14566400317666, 48.218330204771277 ] ] ] } },
{ "type": "Feature", "properties": { "surface_ha": 2.68 }, "geometry": { "type": "Polygon", "coordinates": [ [ [ 2.098094567044759, 48.213288437877971 ], [ 2.098100886565681, 48.212928608441224 ], [ 2.097562508651619, 48.212924383517304 ], [ 2.097568831819562, 48.212564554110358 ], [ 2.097299644794579, 48.212562440729648 ], [ 2.097290157167838, 48.213102184791545 ], [ 2.097020967345598, 48.213100070740822 ], [ 2.09703045780063, 48.21256032671873 ], [ 2.096761270837723, 48.21255821207766 ], [ 2.096764435203396, 48.212378297405273 ], [ 2.097033621223559, 48.212380412033092 ], [ 2.097036784615447, 48.212200497341591 ], [ 2.097575154863413, 48.212204724680134 ], [ 2.097578316338805, 48.212024809956304 ], [ 2.098116684825403, 48.212029034747594 ], [ 2.098119844384338, 48.21184911999142 ], [ 2.098927394518575, 48.211855452412273 ], [ 2.098930551218375, 48.211675537610546 ], [ 2.099468916244001, 48.211679756047083 ], [ 2.099465761429625, 48.211859670875327 ], [ 2.1000041284645, 48.21186388681766 ], [ 2.100000975504608, 48.212043801666525 ], [ 2.100270160011179, 48.212045908705683 ], [ 2.100260703774096, 48.212585653257101 ], [ 2.099991516439304, 48.212583546178287 ], [ 2.099994669492012, 48.212403631346838 ], [ 2.099725483130908, 48.212401523651067 ], [ 2.099716021051692, 48.21294126808823 ], [ 2.099446831893262, 48.212939159722545 ], [ 2.099443676862184, 48.21311907451004 ], [ 2.099174486791935, 48.213116965500959 ], [ 2.099177642765791, 48.212937050726673 ], [ 2.09890845366929, 48.212934941100606 ], [ 2.098902139805046, 48.213294770616862 ], [ 2.098094567044759, 48.213288437877971 ] ], [ [ 2.098100886565681, 48.212928608441224 ], [ 2.098370075569224, 48.212930719957868 ], [ 2.098373234340411, 48.212750805217517 ], [ 2.098104046279634, 48.212748693714119 ], [ 2.098100886565681, 48.212928608441224 ] ], [ [ 2.098645580229622, 48.2125730013313 ], [ 2.098914767409623, 48.212575111561094 ], [ 2.098917924233325, 48.212395196782602 ], [ 2.09864873799607, 48.212393086566067 ], [ 2.098645580229622, 48.2125730013313 ] ] ] } },
{ "type": "Feature", "properties": { "surface_ha": 41.19 }, "geometry": { "type": "Polygon", "coordinates": [ [ [ 2.147031029216957, 48.217080781564768 ], [ 2.147037006668032, 48.216720947653407 ], [ 2.146767794289307, 48.216718949966818 ], [ 2.146770783913862, 48.216539033014989 ], [ 2.146232361130451, 48.216535035776019 ], [ 2.146229369619878, 48.216714952702787 ], [ 2.145690945067876, 48.216710952917509 ], [ 2.145693938464466, 48.21653103601588 ], [ 2.145963149782775, 48.216533036211111 ], [ 2.14596614220699, 48.216353119291128 ], [ 2.145427721485743, 48.216349118295504 ], [ 2.14542472717553, 48.216529035190369 ], [ 2.144617093485065, 48.216523028932002 ], [ 2.144623087734064, 48.216163195211898 ], [ 2.144353878448705, 48.216161191890329 ], [ 2.144359874466008, 48.215801358172179 ], [ 2.144090667096015, 48.215799354245483 ], [ 2.144096664881549, 48.215439520529287 ], [ 2.144365870365633, 48.215441524430823 ], [ 2.144371866147583, 48.215081690666274 ], [ 2.14464106977521, 48.215083693912369 ], [ 2.144644066679134, 48.214903777008807 ], [ 2.144913269393249, 48.214905779612074 ], [ 2.14491626532485, 48.214725862690152 ], [ 2.145185467125448, 48.214727864650591 ], [ 2.145188462084747, 48.214547947710294 ], [ 2.145457662971828, 48.214549949027919 ], [ 2.145460656958841, 48.214370032069255 ], [ 2.145729856932406, 48.214372032744038 ], [ 2.145732849947153, 48.214192115767034 ], [ 2.1460020490072, 48.214194115799017 ], [ 2.146005041049698, 48.214014198803653 ], [ 2.146274239196228, 48.214016198192844 ], [ 2.146277230266495, 48.213836281179127 ], [ 2.146546427499505, 48.213838279925518 ], [ 2.146549417597562, 48.213658362893469 ], [ 2.147087810265874, 48.213662358470451 ], [ 2.147093786602576, 48.213302524338765 ], [ 2.147362981095025, 48.213304521156815 ], [ 2.147368955428778, 48.212944686976869 ], [ 2.147638148064881, 48.212946683139641 ], [ 2.147635161855484, 48.213126600245054 ], [ 2.147904355463714, 48.213128595790138 ], [ 2.147913311175546, 48.212588844418931 ], [ 2.148182501984619, 48.212590839296205 ], [ 2.148185486220513, 48.212410922148365 ], [ 2.148454676116071, 48.212412916382917 ], [ 2.148457659379891, 48.212232999216752 ], [ 2.148726848361934, 48.212234992808568 ], [ 2.148729830653701, 48.212055075624086 ], [ 2.150614147747405, 48.212069013033627 ], [ 2.150617123410498, 48.211889095755858 ], [ 2.150886310740839, 48.211891084281078 ], [ 2.150901183904606, 48.210991497742796 ], [ 2.151439549225376, 48.210995472777853 ], [ 2.151442521885127, 48.210815555427843 ], [ 2.151980885437132, 48.210819527917245 ], [ 2.151983856182293, 48.210639610536511 ], [ 2.152522217965477, 48.21064358048028 ], [ 2.152519249105739, 48.210823497885947 ], [ 2.152788430983744, 48.210825481925028 ], [ 2.152779527057928, 48.211365234144594 ], [ 2.153048711793249, 48.211367217590869 ], [ 2.153039810433598, 48.211906969795621 ], [ 2.15330899802631, 48.211908952649054 ], [ 2.153303065526529, 48.212268787448139 ], [ 2.15357225503391, 48.212270769696225 ], [ 2.153563358894354, 48.212810521888755 ], [ 2.153832551259252, 48.212812503543979 ], [ 2.153826622239712, 48.213172338334871 ], [ 2.154095816519359, 48.213174319384756 ], [ 2.15410174365324, 48.212814484568973 ], [ 2.154640128528446, 48.212818444728327 ], [ 2.154643090166133, 48.212638527286877 ], [ 2.155181473271952, 48.212642484900513 ], [ 2.155184432994964, 48.212462567428425 ], [ 2.155722814331339, 48.212466522496342 ], [ 2.15572577213971, 48.212286604993622 ], [ 2.156264151706581, 48.212290557515885 ], [ 2.156267107600349, 48.212110639982548 ], [ 2.156805485397657, 48.212114589959164 ], [ 2.156808439376855, 48.211934672395252 ], [ 2.157077627376211, 48.211936646425869 ], [ 2.15708058038365, 48.211756728843781 ], [ 2.157618954583737, 48.211760674989584 ], [ 2.157621905676669, 48.2115807573769 ], [ 2.158160278107057, 48.211584700977191 ], [ 2.15816322728552, 48.211404783333975 ], [ 2.158701597946151, 48.211408724388718 ], [ 2.158704545210181, 48.211228806714956 ], [ 2.163011499569497, 48.211260244207914 ], [ 2.163005635180689, 48.211620079944367 ], [ 2.163274821958615, 48.211622039455655 ], [ 2.163260165197021, 48.21252162875696 ], [ 2.163529356717668, 48.21252358769955 ], [ 2.163532287184706, 48.212343669838589 ], [ 2.163801477791298, 48.212345628138671 ], [ 2.16379854826707, 48.212525546011939 ], [ 2.16460612308772, 48.212531417167746 ], [ 2.164614903088953, 48.211991663420001 ], [ 2.165422469682848, 48.211997528793376 ], [ 2.165416622034201, 48.212357364704651 ], [ 2.165147431255269, 48.212355410185857 ], [ 2.165144506445096, 48.212535328120552 ], [ 2.165413698166838, 48.212537282651603 ], [ 2.16540492639261, 48.213077036457676 ], [ 2.164866537320841, 48.213073126691704 ], [ 2.164863611453017, 48.213253044590928 ], [ 2.164056025232172, 48.213247175178388 ], [ 2.164053096507063, 48.213427093034973 ], [ 2.162976311510234, 48.213419258279103 ], [ 2.162973378984924, 48.213599176080699 ], [ 2.161358196695967, 48.213587404965878 ], [ 2.161355258484646, 48.213767322687779 ], [ 2.16027846709704, 48.21375946262372 ], [ 2.160275525085364, 48.213939380290498 ], [ 2.158660333212951, 48.213927571212956 ], [ 2.158657385515082, 48.214107488799797 ], [ 2.157311388369, 48.214097630508178 ], [ 2.157308435927729, 48.214277548027319 ], [ 2.156231634960728, 48.214269649999935 ], [ 2.156228678718877, 48.214449567463703 ], [ 2.155151874444418, 48.214441659302615 ], [ 2.155154834457875, 48.214261741888478 ], [ 2.154885634404754, 48.214259763285 ], [ 2.154891556230301, 48.213899928464173 ], [ 2.154622358092008, 48.213897949255283 ], [ 2.154628281687073, 48.21353811443614 ], [ 2.154359085463576, 48.213536134621847 ], [ 2.154356122737713, 48.213716052021915 ], [ 2.153817728492224, 48.213712090477763 ], [ 2.153814763851547, 48.213892007847136 ], [ 2.153007169872911, 48.213886060766782 ], [ 2.153004202374503, 48.214065978093025 ], [ 2.152465804648571, 48.214062010196663 ], [ 2.152462835235268, 48.214241927492196 ], [ 2.151655236036269, 48.214235970883415 ], [ 2.151652263765138, 48.214415888135726 ], [ 2.151113862559165, 48.214411913887012 ], [ 2.151110888373058, 48.214591831108592 ], [ 2.150303283954301, 48.214585864971141 ], [ 2.150300306910269, 48.214765782149492 ], [ 2.149492699925696, 48.214759810302233 ], [ 2.149489720023689, 48.214939727437248 ], [ 2.148951313627661, 48.214935743029422 ], [ 2.148954295415507, 48.214755825919404 ], [ 2.148685093204298, 48.21475383278262 ], [ 2.148679127713493, 48.21511366697186 ], [ 2.148948331810553, 48.215115660133669 ], [ 2.148942368088553, 48.215475494324764 ], [ 2.148673162105609, 48.215473501137915 ], [ 2.14866123053859, 48.216193169400455 ], [ 2.149199650077502, 48.216197155243954 ], [ 2.149193687890353, 48.216556989390483 ], [ 2.148924476220269, 48.216554996758852 ], [ 2.148921494139801, 48.216734913810924 ], [ 2.148383069001409, 48.216730926631712 ], [ 2.148380085005634, 48.216910843652961 ], [ 2.147303231308233, 48.216902861680794 ], [ 2.147300243511058, 48.217082778646123 ], [ 2.147031029216957, 48.217080781564768 ] ], [ [ 2.147037006668032, 48.216720947653407 ], [ 2.147306219076086, 48.216722944709694 ], [ 2.147309206814622, 48.216543027732754 ], [ 2.147039995349578, 48.216541030689001 ], [ 2.147037006668032, 48.216720947653407 ] ], [ [ 2.14596614220699, 48.216353119291128 ], [ 2.147312194523837, 48.216363110750052 ], [ 2.147318169854312, 48.216003276767246 ], [ 2.146779752611498, 48.215999282124699 ], [ 2.146776763074958, 48.216179199093936 ], [ 2.14596913460184, 48.216173202365326 ], [ 2.14596614220699, 48.216353119291128 ] ], [ [ 2.147862558655727, 48.215647434832462 ], [ 2.148131765493785, 48.215649429922678 ], [ 2.148134750227545, 48.215469512873355 ], [ 2.147865544332442, 48.215467517795688 ], [ 2.147862558655727, 48.215647434832462 ] ], [ [ 2.148403956151937, 48.215471507320785 ], [ 2.148673162105609, 48.215473501137915 ], [ 2.148676144924187, 48.215293584057783 ], [ 2.148406939913461, 48.215291590253166 ], [ 2.148403956151937, 48.215471507320785 ] ] ] } },
{ "type": "Feature", "properties": { "surface_ha": 15.59 }, "geometry": { "type": "Polygon", "coordinates": [ [ [ 2.103174636701258, 48.215307513682788 ], [ 2.103193489451679, 48.21422802417927 ], [ 2.102924293291962, 48.214225923913872 ], [ 2.102952578821659, 48.212606689384927 ], [ 2.102145015983173, 48.212600385163569 ], [ 2.102154452422674, 48.212060640334691 ], [ 2.101885267699794, 48.212058537706795 ], [ 2.101916729918833, 48.210259388031339 ], [ 2.102455080541794, 48.210263592393012 ], [ 2.102458224708644, 48.210083677367088 ], [ 2.102727399123772, 48.210085778589516 ], [ 2.102730542317147, 48.209905863544606 ], [ 2.103538062919672, 48.209912163391536 ], [ 2.10354120325436, 48.209732248301243 ], [ 2.104079548591562, 48.20973644502218 ], [ 2.104082687010222, 48.20955652989975 ], [ 2.104621030585387, 48.20956072407386 ], [ 2.104624167088056, 48.209380808919256 ], [ 2.105162508901126, 48.20938500054654 ], [ 2.105165643487839, 48.20920508535982 ], [ 2.105973153610323, 48.209211368035398 ], [ 2.105976285338536, 48.209031452803444 ], [ 2.106245454498251, 48.209033545755254 ], [ 2.106217276321649, 48.210652782751943 ], [ 2.105948098678359, 48.210650689681884 ], [ 2.105944966673573, 48.210830604861535 ], [ 2.106214145259531, 48.210832697944717 ], [ 2.106211014166687, 48.211012613131714 ], [ 2.105941834638056, 48.21101052003538 ], [ 2.105932438347108, 48.211550265522035 ], [ 2.105663256021129, 48.211548171756085 ], [ 2.105660122919969, 48.211728086893537 ], [ 2.105929306188659, 48.211730180672632 ], [ 2.105901115379525, 48.213349416766476 ], [ 2.105631923626015, 48.213347322869076 ], [ 2.105628790217403, 48.213527237948405 ], [ 2.105897982913717, 48.21352933185895 ], [ 2.105894850417171, 48.213709246945605 ], [ 2.105625656778044, 48.213707153021915 ], [ 2.10560685549617, 48.214786643341007 ], [ 2.105337656230719, 48.214784548708224 ], [ 2.10533452163324, 48.21496446372791 ], [ 2.10479612130887, 48.214960272545262 ], [ 2.104792984794859, 48.215140187532832 ], [ 2.104254582707832, 48.215135993802896 ], [ 2.104251444277252, 48.215315908758328 ], [ 2.103174636701258, 48.215307513682788 ] ] ] } },
{ "type": "Feature", "properties": { "surface_ha": 3.48 }, "geometry": { "type": "Polygon", "coordinates": [ [ [ 2.080671302477976, 48.209011815877957 ], [ 2.080677743104848, 48.20865198791374 ], [ 2.081216073713035, 48.208656291620116 ], [ 2.081219292094022, 48.208476377602274 ], [ 2.082565114454309, 48.208487125774084 ], [ 2.082568328091116, 48.208307211682914 ], [ 2.08418331030878, 48.208320088615274 ], [ 2.084186518258982, 48.208140174437432 ], [ 2.085532332926805, 48.208150887819748 ], [ 2.085535536133002, 48.207970973568855 ], [ 2.086881346874024, 48.207981671131876 ], [ 2.0868845453363, 48.20780175680801 ], [ 2.087961190724063, 48.207810303463326 ], [ 2.087964385384995, 48.207630389079974 ], [ 2.089579348751861, 48.207643190080226 ], [ 2.089582537726547, 48.207463275610699 ], [ 2.09092833668039, 48.207473925716968 ], [ 2.090921968124631, 48.207833754783927 ], [ 2.089845321359093, 48.207825235852084 ], [ 2.089842133264329, 48.208005150323352 ], [ 2.088765483229271, 48.207996621256711 ], [ 2.08876229133318, 48.208176535668606 ], [ 2.087147311565261, 48.208163723085711 ], [ 2.087144113982735, 48.208343637411367 ], [ 2.085798293659582, 48.208332942864452 ], [ 2.08579509133305, 48.208512857117157 ], [ 2.08444926708279, 48.20850214675081 ], [ 2.084446060012168, 48.20868206093045 ], [ 2.08310023183593, 48.208671334744444 ], [ 2.083097020021136, 48.208851248850955 ], [ 2.081751187920048, 48.208840506845149 ], [ 2.081747971360997, 48.209020420878389 ], [ 2.080671302477976, 48.209011815877957 ] ] ] } },
{ "type": "Feature", "properties": { "surface_ha": 32.11 }, "geometry": { "type": "Polygon", "coordinates": [ [ [ 2.115344541471442, 48.212162897129097 ], [ 2.11536313636004, 48.211083403462695 ], [ 2.115093955792001, 48.21108133179181 ], [ 2.115100155730292, 48.210721500549184 ], [ 2.115369334412964, 48.210723572194091 ], [ 2.115375532344255, 48.210363740902245 ], [ 2.115106355546911, 48.21036166928338 ], [ 2.115124954266784, 48.209282175346459 ], [ 2.114855783155623, 48.209280103175509 ], [ 2.114874386436007, 48.208200609107536 ], [ 2.115681882894421, 48.208206823495942 ], [ 2.115684980507055, 48.208026907758608 ], [ 2.116492474411387, 48.208033116437157 ], [ 2.116495569166032, 48.207853200655016 ], [ 2.117033896702365, 48.207857336597591 ], [ 2.117030803832785, 48.208037252405695 ], [ 2.117299968589009, 48.208039319444843 ], [ 2.117296876631627, 48.208219235260081 ], [ 2.117835208120167, 48.20822336747397 ], [ 2.117838298192463, 48.208043451632783 ], [ 2.117569133375572, 48.208041385853846 ], [ 2.117575315314268, 48.20768155417997 ], [ 2.118651967223468, 48.20768981341137 ], [ 2.118655054377258, 48.207509897513873 ], [ 2.120000865232643, 48.207520207311376 ], [ 2.1200039476436, 48.207340291343357 ], [ 2.121349754542538, 48.207350585324058 ], [ 2.121352832210744, 48.20717066928556 ], [ 2.121891153296761, 48.207174782441435 ], [ 2.121894229049783, 48.206994866371332 ], [ 2.122163388695571, 48.206996921991255 ], [ 2.122160313885043, 48.20717683807424 ], [ 2.122698635152106, 48.20718094744965 ], [ 2.122701708077644, 48.207001031340823 ], [ 2.124047507060302, 48.207011293688431 ], [ 2.124038302330809, 48.20755104219068 ], [ 2.12430746504521, 48.207553092808595 ], [ 2.124298262872371, 48.208092841297209 ], [ 2.12456742844447, 48.20809489132364 ], [ 2.124542895533263, 48.20953422047414 ], [ 2.124812068676136, 48.209536269973384 ], [ 2.12479673934191, 48.210435850568146 ], [ 2.125065917228095, 48.210437899501549 ], [ 2.125056722094605, 48.21097764782732 ], [ 2.124249180042165, 48.210971499020765 ], [ 2.124246112109414, 48.211151415079144 ], [ 2.123438567499804, 48.211145260562468 ], [ 2.123435496708822, 48.211325176576381 ], [ 2.122358767213731, 48.211316961680197 ], [ 2.122355692621747, 48.211496877636741 ], [ 2.12074059362807, 48.211484536309818 ], [ 2.120737513349569, 48.211664452183101 ], [ 2.1196607775206, 48.211656211976567 ], [ 2.119657693440946, 48.211836127792303 ], [ 2.11858095432525, 48.211827877451121 ], [ 2.118577866444375, 48.21200779320926 ], [ 2.116962753023574, 48.211995398714251 ], [ 2.116959659455917, 48.212175314388759 ], [ 2.115344541471442, 48.212162897129097 ] ], [ [ 2.119187208060823, 48.207873855164145 ], [ 2.120533028644021, 48.207884158790158 ], [ 2.120536109230409, 48.207704242807871 ], [ 2.119190293359851, 48.207693939246546 ], [ 2.119187208060823, 48.207873855164145 ] ], [ [ 2.120805272495237, 48.207706301629855 ], [ 2.12242025271843, 48.207718641329841 ], [ 2.122423326676948, 48.207538725251347 ], [ 2.12080835210888, 48.20752638562886 ], [ 2.120805272495237, 48.207706301629855 ] ], [ [ 2.122423326676948, 48.207538725251347 ], [ 2.123769139646515, 48.207548990942684 ], [ 2.1237722088623, 48.207369074793945 ], [ 2.1224264006053, 48.207358809167097 ], [ 2.122423326676948, 48.207538725251347 ] ] ] } },
{ "type": "Feature", "properties": { "surface_ha": 5.2 }, "geometry": { "type": "Polygon", "coordinates": [ [ [ 2.081764053840646, 48.208120850654055 ], [ 2.081770486611592, 48.207761022523592 ], [ 2.082039647313635, 48.207763172103974 ], [ 2.082042862709286, 48.20758325801652 ], [ 2.082850342177221, 48.207589702936765 ], [ 2.082853554713902, 48.20740978880302 ], [ 2.08339187263186, 48.207414082239225 ], [ 2.083395083252088, 48.207234168072702 ], [ 2.083933399411119, 48.20723845896169 ], [ 2.083936608114932, 48.207058544762425 ], [ 2.084744079762202, 48.207064976330052 ], [ 2.084747285607184, 48.206885062084567 ], [ 2.085554754710196, 48.206891487941313 ], [ 2.085557957696398, 48.206711573649685 ], [ 2.086096268704007, 48.20671585437703 ], [ 2.086099469773918, 48.20653594005271 ], [ 2.086637779022287, 48.206540218232973 ], [ 2.08664097817594, 48.206360303875989 ], [ 2.087179285665015, 48.206364579509213 ], [ 2.087182482902449, 48.206184665119558 ], [ 2.08772078863217, 48.206188938205784 ], [ 2.087723983953419, 48.206009023783473 ], [ 2.088800592019367, 48.206017562341785 ], [ 2.088797400467754, 48.206197476817692 ], [ 2.089066553504959, 48.206199609895563 ], [ 2.089063362864449, 48.206379524379038 ], [ 2.089332516875378, 48.206381656840243 ], [ 2.089329327145992, 48.206561571331285 ], [ 2.089598482130647, 48.206563703175838 ], [ 2.089595293312403, 48.206743617674455 ], [ 2.089864449270782, 48.206745748902335 ], [ 2.089858073425336, 48.207105577908862 ], [ 2.088512284521889, 48.207094915335027 ], [ 2.08850909183992, 48.207274829762603 ], [ 2.087432457511107, 48.207266288308801 ], [ 2.08742926102792, 48.207446202676969 ], [ 2.08608346411028, 48.207435511616104 ], [ 2.086080262883326, 48.207615425911321 ], [ 2.084734462038528, 48.207604719031508 ], [ 2.084731256067724, 48.207784633253709 ], [ 2.083385451296897, 48.207773910554771 ], [ 2.083382240582161, 48.207953824703829 ], [ 2.082036431886433, 48.207943086185622 ], [ 2.082033216427684, 48.208123000261445 ], [ 2.081764053840646, 48.208120850654055 ] ] ] } },
{ "type": "Feature", "properties": { "surface_ha": 1.04 }, "geometry": { "type": "Polygon", "coordinates": [ [ [ 2.164433528359849, 48.206592167058815 ], [ 2.164439381712695, 48.206232330875004 ], [ 2.164170223098682, 48.206230374253046 ], [ 2.164181933229684, 48.205510701865101 ], [ 2.163912778414287, 48.205508744662211 ], [ 2.163921563538264, 48.20496899034729 ], [ 2.164190715526339, 48.204970947513317 ], [ 2.164187788122844, 48.205150865636369 ], [ 2.164456941082074, 48.205152822184637 ], [ 2.164459867543139, 48.204972904049299 ], [ 2.16472901958865, 48.204974859955236 ], [ 2.164726094070017, 48.205154778102852 ], [ 2.164995247086664, 48.205156733391007 ], [ 2.164971849444019, 48.206596078461608 ], [ 2.164433528359849, 48.206592167058815 ] ] ] } },
{ "type": "Feature", "properties": { "surface_ha": 9.0 }, "geometry": { "type": "Polygon", "coordinates": [ [ [ 2.096577536332453, 48.207698398969448 ], [ 2.096580700802405, 48.207518484153319 ], [ 2.096311540294951, 48.207516368623779 ], [ 2.09631470567634, 48.207336453815138 ], [ 2.096045546142431, 48.207334337668797 ], [ 2.096051878696976, 48.206974508060611 ], [ 2.095782721079075, 48.206972391310771 ], [ 2.09578905539426, 48.206612561705931 ], [ 2.095519899692337, 48.206610444352613 ], [ 2.095526235768093, 48.206250614751063 ], [ 2.095257081982121, 48.206248496794316 ], [ 2.095263419818369, 48.205888667196099 ], [ 2.094994267948319, 48.20588654863586 ], [ 2.094997437762206, 48.205706633841338 ], [ 2.094728286865655, 48.205704514664397 ], [ 2.094734628284903, 48.205344685084505 ], [ 2.094465479304232, 48.205342565304122 ], [ 2.094474994026874, 48.204802820930588 ], [ 2.094744140180458, 48.20480494067106 ], [ 2.094747310750093, 48.204625025854938 ], [ 2.095285601265882, 48.204629263419221 ], [ 2.095288769919739, 48.204449348570684 ], [ 2.095827058675213, 48.204453583588332 ], [ 2.095830225413327, 48.204273668707394 ], [ 2.096368512408425, 48.204277901178443 ], [ 2.096371677230834, 48.204097986265118 ], [ 2.097448247824291, 48.20410644359405 ], [ 2.09744508677116, 48.204286358560459 ], [ 2.097714230439404, 48.204288471330962 ], [ 2.097711070297588, 48.204468386304804 ], [ 2.097980214939166, 48.204470498458569 ], [ 2.097970737154734, 48.205010243385033 ], [ 2.098239884654355, 48.205012354948529 ], [ 2.098236726273253, 48.205192269925632 ], [ 2.098505874746228, 48.205194380872392 ], [ 2.098496402244145, 48.205734125808611 ], [ 2.098765553575262, 48.205736236165045 ], [ 2.098762396955013, 48.205916151145416 ], [ 2.099031549259506, 48.205918260885085 ], [ 2.099025237810932, 48.206278090854838 ], [ 2.099294392031226, 48.20628019999095 ], [ 2.099288082343679, 48.206640029963935 ], [ 2.099557238479806, 48.206642138496449 ], [ 2.099554084532053, 48.206822053487464 ], [ 2.099284927453473, 48.206819944941714 ], [ 2.099281772532313, 48.20699985991368 ], [ 2.098743456583105, 48.206995640905483 ], [ 2.098740299746049, 48.207175555845133 ], [ 2.098201982035798, 48.207171334290194 ], [ 2.098198823282807, 48.207351249197544 ], [ 2.097660503811571, 48.207347025095778 ], [ 2.097657343142613, 48.207526939970784 ], [ 2.097119021910448, 48.207522713322213 ], [ 2.097115859325487, 48.207702628164867 ], [ 2.096577536332453, 48.207698398969448 ] ] ] } },
{ "type": "Feature", "properties": { "surface_ha": 9.52 }, "geometry": { "type": "Polygon", "coordinates": [ [ [ 2.129681580020586, 48.208133722105984 ], [ 2.129684628590687, 48.207953805692277 ], [ 2.129415463391042, 48.207951767650613 ], [ 2.129427661142435, 48.207232101988886 ], [ 2.129158499742821, 48.207230063368328 ], [ 2.129173750971296, 48.206330481224576 ], [ 2.12944290765848, 48.206332519781157 ], [ 2.129445956871933, 48.206152603322188 ], [ 2.129715112646579, 48.206154641235912 ], [ 2.129718160887666, 48.205974724758313 ], [ 2.129987315749768, 48.205976762029202 ], [ 2.129990363018509, 48.205796845533037 ], [ 2.130259516968071, 48.205798882161069 ], [ 2.130262563264478, 48.205618965646309 ], [ 2.130800869368397, 48.205623036986616 ], [ 2.130803913750072, 48.205443120440499 ], [ 2.131073065904419, 48.205445155152816 ], [ 2.131076109313809, 48.205265238588133 ], [ 2.131345260555601, 48.205267272657615 ], [ 2.131348302992727, 48.205087356074344 ], [ 2.131886603681045, 48.205091422297649 ], [ 2.131889644203528, 48.204911505683064 ], [ 2.132158793650042, 48.204913537836923 ], [ 2.132161833200304, 48.204733621203765 ], [ 2.132430981734254, 48.204735652714803 ], [ 2.132434020312315, 48.204555736063099 ], [ 2.132703167933698, 48.20455776693138 ], [ 2.132706205539578, 48.204377850261118 ], [ 2.133244498987004, 48.20438191008207 ], [ 2.133247534678358, 48.204201993380536 ], [ 2.133785826360198, 48.204206050655927 ], [ 2.133782792553568, 48.204385967382926 ], [ 2.134051939381505, 48.204387995088325 ], [ 2.134048906487481, 48.204567911822259 ], [ 2.134318054287546, 48.204569938910346 ], [ 2.134315022306148, 48.204749855651237 ], [ 2.134584171078342, 48.204751882121997 ], [ 2.13457810891109, 48.205111715611764 ], [ 2.134847259597816, 48.20511374147793 ], [ 2.13484422941199, 48.205293658226843 ], [ 2.135113381070858, 48.205295683475697 ], [ 2.135107322494862, 48.205655516981508 ], [ 2.134838168951147, 48.205653491707231 ], [ 2.134835138676127, 48.205833408438721 ], [ 2.134565984219706, 48.205831382521687 ], [ 2.134562952972508, 48.206011299234625 ], [ 2.134293797603382, 48.206009272674812 ], [ 2.134290765383986, 48.206189189369248 ], [ 2.133752452850084, 48.206185134333936 ], [ 2.133749418716009, 48.206365050997121 ], [ 2.133480261551246, 48.206363022521636 ], [ 2.133477226444925, 48.206542939166283 ], [ 2.133208068367468, 48.206540910047991 ], [ 2.133205032288887, 48.206720826674115 ], [ 2.132666714338385, 48.206716766521787 ], [ 2.132663676345034, 48.206896683116618 ], [ 2.132394516471999, 48.206894652082603 ], [ 2.132391477506339, 48.207074568658854 ], [ 2.132122316720624, 48.207072536982011 ], [ 2.132119276782639, 48.207252453539731 ], [ 2.131580953415682, 48.207248388270266 ], [ 2.131577911562836, 48.207428304796622 ], [ 2.131308748981606, 48.207426271203992 ], [ 2.131305706156387, 48.207606187711797 ], [ 2.131036542662487, 48.207604153476311 ], [ 2.131033498864878, 48.207784069965541 ], [ 2.130495170081616, 48.207779999578712 ], [ 2.130492124369054, 48.2079599160366 ], [ 2.130222959079701, 48.207957879885264 ], [ 2.130219912394705, 48.20813779632455 ], [ 2.129681580020586, 48.208133722105984 ] ] ] } },
{ "type": "Feature", "properties": { "surface_ha": 3.24 }, "geometry": { "type": "Polygon", "coordinates": [ [ [ 2.081312611407728, 48.203258868552439 ], [ 2.081315828841542, 48.203078954359995 ], [ 2.081046692735718, 48.203076803240535 ], [ 2.081053129393119, 48.202716974865126 ], [ 2.080783995203344, 48.202714823142699 ], [ 2.080787214426905, 48.202534908959791 ], [ 2.081594614264278, 48.202541362196648 ], [ 2.081597830629616, 48.202361447967398 ], [ 2.082674360418995, 48.202370043409822 ], [ 2.082677572983954, 48.202190129120787 ], [ 2.083484967830344, 48.202196569047651 ], [ 2.08348817753719, 48.202016654712388 ], [ 2.084564700671072, 48.202025232408324 ], [ 2.084567906577668, 48.20184531801339 ], [ 2.086182686568742, 48.20185816557818 ], [ 2.086176286030454, 48.202217994523558 ], [ 2.085907154069, 48.202215854810753 ], [ 2.085903952810547, 48.20239576926128 ], [ 2.085634819938289, 48.202393628905092 ], [ 2.085631617706208, 48.202573543336371 ], [ 2.085093350171513, 48.202569260707243 ], [ 2.085090146023557, 48.202749175105787 ], [ 2.084013607562557, 48.202740602234165 ], [ 2.08401039961422, 48.202920516573094 ], [ 2.083202993272198, 48.202914080264357 ], [ 2.083199782465651, 48.203093994557051 ], [ 2.082123237348375, 48.203085403938566 ], [ 2.082120022741315, 48.203265318171511 ], [ 2.081312611407728, 48.203258868552439 ] ] ] } },
{ "type": "Feature", "properties": { "surface_ha": 13.72 }, "geometry": { "type": "Polygon", "coordinates": [ [ [ 2.143968417815203, 48.206981417580778 ], [ 2.143986407824501, 48.205901914733182 ], [ 2.144793874387344, 48.205907924437795 ], [ 2.144796869791909, 48.205728007238484 ], [ 2.145873488517307, 48.205736011306811 ], [ 2.145876480122711, 48.205556094051488 ], [ 2.146145633935022, 48.20555809348086 ], [ 2.146142643272061, 48.205738010748753 ], [ 2.146411798056159, 48.205740009560621 ], [ 2.146420767129707, 48.205200257701918 ], [ 2.146689919115833, 48.205202255846096 ], [ 2.146692907805931, 48.205022338535706 ], [ 2.147500361112962, 48.205028329150331 ], [ 2.147521261332622, 48.203768907552053 ], [ 2.147790405896899, 48.203770903075828 ], [ 2.147802344465784, 48.203051233413433 ], [ 2.147533203670829, 48.203049237939773 ], [ 2.147542160116919, 48.202509485669687 ], [ 2.147273022178148, 48.202507489603654 ], [ 2.147276008543876, 48.202327572181211 ], [ 2.147814282566146, 48.202331563658277 ], [ 2.147817267018035, 48.202151646204982 ], [ 2.148086403130825, 48.202153640986005 ], [ 2.14808043608232, 48.202513475911822 ], [ 2.148349574108934, 48.202515470087903 ], [ 2.148343608827929, 48.202875305015567 ], [ 2.149151028737081, 48.202881283838941 ], [ 2.149154008565316, 48.202701366340463 ], [ 2.149961425910689, 48.202707339456332 ], [ 2.149955471878816, 48.203067174522467 ], [ 2.15022461293698, 48.203069164326095 ], [ 2.150218660672921, 48.203428999394021 ], [ 2.150487803644935, 48.203430988592601 ], [ 2.150472927185568, 48.204330576223406 ], [ 2.149934631847169, 48.204326597071315 ], [ 2.149931654582951, 48.204506514555106 ], [ 2.14966250601518, 48.204504524021544 ], [ 2.149659527779355, 48.204684441487011 ], [ 2.150197826828897, 48.204688421949122 ], [ 2.150185921132721, 48.205408091853108 ], [ 2.15045507447097, 48.205410081189065 ], [ 2.150434244975569, 48.206669503385228 ], [ 2.150165085040043, 48.206667513961854 ], [ 2.15016210833855, 48.206847431382769 ], [ 2.148277983010635, 48.206833487689259 ], [ 2.148274999682344, 48.207013405016816 ], [ 2.147736676538368, 48.207009415408557 ], [ 2.14773966175168, 48.206829498106032 ], [ 2.147470501166134, 48.206827502369308 ], [ 2.147467515010309, 48.207007419659313 ], [ 2.143968417815203, 48.206981417580778 ] ] ] } },
{ "type": "Feature", "properties": { "surface_ha": 2.16 }, "geometry": { "type": "Polygon", "coordinates": [ [ [ 2.129812641528821, 48.200397311075299 ], [ 2.129830924785676, 48.199317811008527 ], [ 2.130100044783648, 48.199319847806215 ], [ 2.130106137079256, 48.198960014378642 ], [ 2.12983701896547, 48.198957977606518 ], [ 2.12983397189052, 48.199137894310439 ], [ 2.12956485286454, 48.199135856895616 ], [ 2.129570948868714, 48.198776023507577 ], [ 2.129840066010527, 48.198778060896807 ], [ 2.12984311302569, 48.198598144181297 ], [ 2.130112229255326, 48.198600180927841 ], [ 2.130109183182232, 48.198780097656147 ], [ 2.130647417615285, 48.198784169285126 ], [ 2.130650461804236, 48.198604252531261 ], [ 2.130919578123494, 48.198606287388117 ], [ 2.130922621340516, 48.198426370615685 ], [ 2.131191736747567, 48.198428404829869 ], [ 2.1311856521678, 48.198788238394499 ], [ 2.131723886839702, 48.198792304984259 ], [ 2.131717805908893, 48.199152138576729 ], [ 2.131448686673849, 48.199150105571277 ], [ 2.131433479114214, 48.200049689387079 ], [ 2.130895231312468, 48.200045621358733 ], [ 2.130892187826729, 48.200225538078932 ], [ 2.130623063028493, 48.200223503107125 ], [ 2.130620018570741, 48.200403419808751 ], [ 2.129812641528821, 48.200397311075299 ] ], [ [ 2.131179567468644, 48.199148071935895 ], [ 2.131448686673849, 48.199150105571277 ], [ 2.131451728096259, 48.19897018879071 ], [ 2.131182609833145, 48.19896815516811 ], [ 2.131179567468644, 48.199148071935895 ] ] ] } },
{ "type": "Feature", "properties": { "surface_ha": 6.24 }, "geometry": { "type": "Polygon", "coordinates": [ [ [ 2.07949312731636, 48.199645514329056 ], [ 2.079496350713375, 48.199465600114763 ], [ 2.078958116661833, 48.199461288967598 ], [ 2.078977467684209, 48.19838180372205 ], [ 2.078708356358077, 48.198379647284852 ], [ 2.078714808329737, 48.19801981885017 ], [ 2.078983917771885, 48.198021975260303 ], [ 2.078987142768265, 48.197842061020694 ], [ 2.080332685743496, 48.197852833555785 ], [ 2.080335905998382, 48.197672919242741 ], [ 2.083026984897339, 48.197694416938774 ], [ 2.083023774062192, 48.197874331386792 ], [ 2.083292883067462, 48.197876477705684 ], [ 2.083267202788409, 48.199315793188021 ], [ 2.082998086246999, 48.19931364676134 ], [ 2.082994875128342, 48.199493561156956 ], [ 2.082725757676374, 48.199491414086921 ], [ 2.08272896973709, 48.19931149970477 ], [ 2.082459853258695, 48.199309352018297 ], [ 2.08245664025592, 48.199489266386983 ], [ 2.080034584891408, 48.199469908742365 ], [ 2.080031363378521, 48.199649822983702 ], [ 2.07949312731636, 48.199645514329056 ] ] ] } },
{ "type": "Feature", "properties": { "surface_ha": 13.88 }, "geometry": { "type": "Polygon", "coordinates": [ [ [ 2.152156109538005, 48.200204392535817 ], [ 2.152167985466997, 48.199484721610091 ], [ 2.151898863049142, 48.199482736465761 ], [ 2.151910742280557, 48.19876306549714 ], [ 2.151641623660297, 48.198761079772758 ], [ 2.151644594337403, 48.198581162028582 ], [ 2.151913712015574, 48.198583147740507 ], [ 2.151916681721454, 48.198403229978062 ], [ 2.15272403210449, 48.198409183296988 ], [ 2.152726998955014, 48.198229265491371 ], [ 2.153265230805105, 48.198233231196234 ], [ 2.153274125529712, 48.197693477669958 ], [ 2.153005012416285, 48.197691495169778 ], [ 2.153010943971322, 48.197331659481485 ], [ 2.153280055200681, 48.19733364195676 ], [ 2.153285984755307, 48.19697380622037 ], [ 2.153016875409977, 48.196971823770006 ], [ 2.153034669027686, 48.195892316496447 ], [ 2.153303772721151, 48.19589429887214 ], [ 2.15330970181043, 48.195534463043039 ], [ 2.153040600000846, 48.195532480692222 ], [ 2.153043565443789, 48.195352562781395 ], [ 2.153312666311446, 48.195354545119777 ], [ 2.153315630783381, 48.195174627190731 ], [ 2.154122930735054, 48.19518057038951 ], [ 2.154125892352181, 48.195000652417349 ], [ 2.15493318973961, 48.195006589910371 ], [ 2.154930230948215, 48.1951865079198 ], [ 2.155199331077332, 48.195188485836887 ], [ 2.15519637319883, 48.195368403852918 ], [ 2.155734575427948, 48.195372357822443 ], [ 2.155728663351629, 48.195732193886805 ], [ 2.155997766393562, 48.195734169951606 ], [ 2.155985945660777, 48.196453842060372 ], [ 2.156255052499551, 48.196455817544944 ], [ 2.156252098185863, 48.196635735570055 ], [ 2.156521205995607, 48.196637710437166 ], [ 2.156515299165281, 48.196997546494792 ], [ 2.155977079806778, 48.1969935960811 ], [ 2.155971169092481, 48.197353432065945 ], [ 2.156509392219058, 48.197357382529219 ], [ 2.15650053158241, 48.197897136537449 ], [ 2.156769646015293, 48.197899110861414 ], [ 2.156763740663444, 48.198258946862708 ], [ 2.157032857009427, 48.198260920581589 ], [ 2.15702990523213, 48.198440838585917 ], [ 2.157299022549151, 48.198442811687272 ], [ 2.157290169869803, 48.198982565702671 ], [ 2.15755929004207, 48.198984538211292 ], [ 2.15755634003317, 48.199164456217211 ], [ 2.157018097833353, 48.19916051054534 ], [ 2.15701514591126, 48.199340428520678 ], [ 2.156476901943035, 48.199336480304311 ], [ 2.156473948107711, 48.199516398249088 ], [ 2.155935702371133, 48.199512447488203 ], [ 2.155932746622542, 48.199692365402377 ], [ 2.154856251728867, 48.199684456271818 ], [ 2.154859211246027, 48.19950453840729 ], [ 2.15405184320703, 48.199498599982384 ], [ 2.154048880863448, 48.199678517809616 ], [ 2.153510633765135, 48.199674555685156 ], [ 2.153507669508191, 48.199854473481729 ], [ 2.153238545060504, 48.199852491462167 ], [ 2.153235579832321, 48.200032409240521 ], [ 2.152966454471567, 48.200030426578557 ], [ 2.152963488272124, 48.200210344338664 ], [ 2.152156109538005, 48.200204392535817 ] ], [ [ 2.153809388848791, 48.197877358653365 ], [ 2.154078502991498, 48.197879339276277 ], [ 2.15408146504447, 48.197699421391071 ], [ 2.153812351843813, 48.19769744078058 ], [ 2.153809388848791, 48.197877358653365 ] ], [ [ 2.154353539356061, 48.197521483468236 ], [ 2.155160876393353, 48.197527419593449 ], [ 2.155163834620088, 48.197347501646931 ], [ 2.154356500408886, 48.197341565558986 ], [ 2.154353539356061, 48.197521483468236 ] ] ] } },
{ "type": "Feature", "properties": { "surface_ha": 20.19 }, "geometry": { "type": "Polygon", "coordinates": [ [ [ 2.125258952521958, 48.199103172591151 ], [ 2.12527120470328, 48.198383506612558 ], [ 2.125002089955182, 48.198381458540759 ], [ 2.12501740921586, 48.19748187600117 ], [ 2.124748299207952, 48.197479827363793 ], [ 2.124760557843411, 48.19676016127908 ], [ 2.124491451633507, 48.196758112063286 ], [ 2.124512909681625, 48.195498696281561 ], [ 2.12424381009533, 48.195496646525974 ], [ 2.124249942579359, 48.195136813418941 ], [ 2.124519040281871, 48.195138863148784 ], [ 2.124522105536887, 48.194958946573728 ], [ 2.125060299148357, 48.194963044118204 ], [ 2.125063362489565, 48.194783127511606 ], [ 2.125870650306521, 48.194789269066192 ], [ 2.125873710792096, 48.194609352415242 ], [ 2.12614280584928, 48.194611398327652 ], [ 2.126145865362978, 48.194431481658015 ], [ 2.126953147889014, 48.194437615577868 ], [ 2.126956204547168, 48.194257698863943 ], [ 2.12776348451754, 48.194263827077101 ], [ 2.127766538320201, 48.194083910318895 ], [ 2.130188371371489, 48.194102260833951 ], [ 2.130185326045371, 48.19428217770735 ], [ 2.130454419697958, 48.194284213517271 ], [ 2.130442241862191, 48.195003881003942 ], [ 2.130711339312097, 48.195005916235161 ], [ 2.130702208447358, 48.195545666827563 ], [ 2.130971308752811, 48.195547701467284 ], [ 2.130959137616184, 48.196267368893658 ], [ 2.131228241719201, 48.19626940295462 ], [ 2.131206947674685, 48.197528820816743 ], [ 2.130668726310789, 48.197524751886206 ], [ 2.130665682301022, 48.197704668674859 ], [ 2.129858347653125, 48.197698560516642 ], [ 2.129855300787421, 48.19787847726117 ], [ 2.12904796358247, 48.197872363395668 ], [ 2.129044913860776, 48.198052280096014 ], [ 2.128506687322991, 48.198048201010664 ], [ 2.128503635687297, 48.198228117679612 ], [ 2.127696293279055, 48.198221994289028 ], [ 2.127693238787274, 48.198401910913738 ], [ 2.127155008780829, 48.19839782547826 ], [ 2.127151952374966, 48.1985777420715 ], [ 2.126613720604346, 48.198573654090815 ], [ 2.126610662284367, 48.198753570652563 ], [ 2.125803312027292, 48.198747433918804 ], [ 2.125800250851085, 48.19892735043625 ], [ 2.125531133216703, 48.198925303585668 ], [ 2.125528071068379, 48.199105220084469 ], [ 2.125258952521958, 48.199103172591151 ] ] ] } },
{ "type": "Feature", "properties": { "surface_ha": 1.28 }, "geometry": { "type": "Polygon", "coordinates": [ [ [ 2.150077506184189, 48.195690551031753 ], [ 2.150083457821606, 48.195330715490229 ], [ 2.149814357303653, 48.195328725593846 ], [ 2.149817334020486, 48.195148807826897 ], [ 2.149548234473647, 48.195146817313173 ], [ 2.149554189703505, 48.194786981786855 ], [ 2.149285092069674, 48.194784990668282 ], [ 2.149291049066452, 48.194425155143755 ], [ 2.149021953345599, 48.194423163420396 ], [ 2.149024932742025, 48.194243245661937 ], [ 2.14983221716663, 48.194249218905128 ], [ 2.149829240595802, 48.194429136701068 ], [ 2.150367432241953, 48.194433115739102 ], [ 2.150364457525678, 48.194613033554234 ], [ 2.150633554334409, 48.194615022141022 ], [ 2.150630580530838, 48.194794939962833 ], [ 2.150899678310628, 48.194796927932302 ], [ 2.150884813564735, 48.195696517016799 ], [ 2.150077506184189, 48.195690551031753 ] ] ] } },
{ "type": "Feature", "properties": { "surface_ha": 3.64 }, "geometry": { "type": "Polygon", "coordinates": [ [ [ 2.07688922384936, 48.194766251090925 ], [ 2.07689568774055, 48.194406422613127 ], [ 2.077164778123201, 48.194408583160957 ], [ 2.077168009079446, 48.194228668899761 ], [ 2.076898919638587, 48.194226508365468 ], [ 2.076905383339552, 48.193866679852711 ], [ 2.077712646106537, 48.193873159484887 ], [ 2.077719104030129, 48.193513330867511 ], [ 2.07825727559947, 48.193517647419277 ], [ 2.078260502630261, 48.193337733074742 ], [ 2.078798672442733, 48.193342047080399 ], [ 2.07880189755839, 48.193162132702966 ], [ 2.079609149689137, 48.193168598947665 ], [ 2.079612371947967, 48.192988684523833 ], [ 2.080150538309731, 48.192992992177821 ], [ 2.080153758653511, 48.192813077721119 ], [ 2.080422840940061, 48.192815230589986 ], [ 2.080426060310535, 48.19263531611395 ], [ 2.08096422309494, 48.192639619935434 ], [ 2.080967440550427, 48.192459705426558 ], [ 2.082043762731082, 48.192468305458618 ], [ 2.082030907787275, 48.193187963675165 ], [ 2.081492739100103, 48.193183664810647 ], [ 2.08148952340185, 48.19336357932324 ], [ 2.080951352957371, 48.19335927791272 ], [ 2.080948135344071, 48.193539192392478 ], [ 2.080409963142345, 48.193534888435941 ], [ 2.08040674361396, 48.19371480288288 ], [ 2.079868569655045, 48.193710496380241 ], [ 2.079865348211542, 48.193890410794317 ], [ 2.079327172495497, 48.193886101745555 ], [ 2.079323949136836, 48.194066016126776 ], [ 2.078785771663721, 48.19406170453189 ], [ 2.07878254638987, 48.194241618880227 ], [ 2.078513456758981, 48.194239462124571 ], [ 2.078510230511698, 48.194419376453503 ], [ 2.077972049461288, 48.194415061025836 ], [ 2.077968821298752, 48.194594975321891 ], [ 2.077430638491407, 48.19459065734798 ], [ 2.07742740841358, 48.194770571611073 ], [ 2.07688922384936, 48.194766251090925 ] ] ] } },
{ "type": "Feature", "properties": { "surface_ha": 10.72 }, "geometry": { "type": "Polygon", "coordinates": [ [ [ 2.15970048240031, 48.199719967987761 ], [ 2.159703424958864, 48.1995400499003 ], [ 2.159434301728937, 48.199538082393971 ], [ 2.159437245200761, 48.199358164313047 ], [ 2.159168122941849, 48.199356196189193 ], [ 2.159174011683112, 48.198996360034677 ], [ 2.158904891337337, 48.198994391305575 ], [ 2.158913727058889, 48.198454637067456 ], [ 2.15864460956831, 48.198452667745528 ], [ 2.15865050178903, 48.198092831582542 ], [ 2.158381386211508, 48.198090861655423 ], [ 2.158384333220577, 48.197910943577632 ], [ 2.15811521861403, 48.197908973033002 ], [ 2.158121114429532, 48.197549136884717 ], [ 2.157852001736003, 48.197547165734925 ], [ 2.157857899319885, 48.197187329588211 ], [ 2.157588788539344, 48.197185357833312 ], [ 2.157594687891534, 48.196825521688183 ], [ 2.158132905713495, 48.196829464518601 ], [ 2.15813585346219, 48.196649546412587 ], [ 2.158404961474554, 48.196651516870652 ], [ 2.158407908252341, 48.196471598746434 ], [ 2.159215229636884, 48.196477506304277 ], [ 2.159221117453876, 48.196117669964366 ], [ 2.158952012180755, 48.196115701433008 ], [ 2.158957901766141, 48.195755865094661 ], [ 2.158688798405825, 48.195753895958148 ], [ 2.158694689759535, 48.195394059621293 ], [ 2.158425588311992, 48.195392089879697 ], [ 2.158434427951576, 48.194852335368104 ], [ 2.158165329358685, 48.194850365033751 ], [ 2.158174171563781, 48.194310610507095 ], [ 2.157905075825465, 48.194308639580044 ], [ 2.157910972368023, 48.193948803224707 ], [ 2.157641878542358, 48.1939468316926 ], [ 2.157647776852917, 48.193586995338826 ], [ 2.157378684939872, 48.193585023201685 ], [ 2.157390484981095, 48.19286535047415 ], [ 2.157659573126872, 48.192867322561789 ], [ 2.157665471090272, 48.192507486138481 ], [ 2.158741816428254, 48.192515368092273 ], [ 2.158744761599456, 48.192335449822423 ], [ 2.159013847064427, 48.192337418724087 ], [ 2.159010902835001, 48.192517337006258 ], [ 2.159279989270632, 48.192519305290489 ], [ 2.15927115923445, 48.193059060139319 ], [ 2.159540248524342, 48.193061027830844 ], [ 2.159534363572824, 48.193420864392451 ], [ 2.15980345477522, 48.19342283147887 ], [ 2.159788746600532, 48.194322422843285 ], [ 2.160057842541047, 48.194324389361618 ], [ 2.160051960952937, 48.194684225891521 ], [ 2.160321058806072, 48.194686191804735 ], [ 2.160318118910643, 48.194866110073335 ], [ 2.160587217734518, 48.194868075369044 ], [ 2.160572522534386, 48.19576766668682 ], [ 2.1611107296879, 48.195771595512113 ], [ 2.161104855173857, 48.196131432047963 ], [ 2.160566644252502, 48.196127503173351 ], [ 2.160563705068311, 48.196307421407944 ], [ 2.160025492378348, 48.196303489989234 ], [ 2.160022551281356, 48.196483408193323 ], [ 2.15948433682284, 48.1964794742305 ], [ 2.159481393813013, 48.196659392404122 ], [ 2.159212285685067, 48.196657424465556 ], [ 2.159203453656325, 48.197197178914571 ], [ 2.159741675593144, 48.197201114235973 ], [ 2.159735791197699, 48.19756095055574 ], [ 2.160004904093475, 48.197562917296324 ], [ 2.159999021466676, 48.197922753617604 ], [ 2.160268136275408, 48.197924719752983 ], [ 2.16026519586079, 48.198104637917275 ], [ 2.160534311640435, 48.1981066034351 ], [ 2.160525493049749, 48.198646357930258 ], [ 2.160794611684487, 48.198648322855171 ], [ 2.160791673038684, 48.198828241020969 ], [ 2.161060792644355, 48.198830205328299 ], [ 2.161051979360328, 48.199369959827941 ], [ 2.160513734525086, 48.19936603050936 ], [ 2.160510794821819, 48.199545948639646 ], [ 2.159972548217659, 48.199542016776682 ], [ 2.159969606601255, 48.199721934876479 ], [ 2.15970048240031, 48.199719967987761 ] ] ] } },
{ "type": "Feature", "properties": { "surface_ha": 7.12 }, "geometry": { "type": "Polygon", "coordinates": [ [ [ 2.139322473423509, 48.195070711089308 ], [ 2.139325486845105, 48.194890793806778 ], [ 2.138787291956921, 48.194886763048352 ], [ 2.138790307232713, 48.194706845785362 ], [ 2.138521210774865, 48.194704829474063 ], [ 2.138527243121442, 48.194344994955969 ], [ 2.138258148576914, 48.19434297804019 ], [ 2.138267199700395, 48.193803226257543 ], [ 2.137998108010988, 48.19380120874996 ], [ 2.138007161693544, 48.193261456953088 ], [ 2.137738072859182, 48.193259438853701 ], [ 2.137747129100656, 48.19271968704264 ], [ 2.137478043121264, 48.192717668351506 ], [ 2.137487101921498, 48.192177916526234 ], [ 2.137218018797, 48.192175897243338 ], [ 2.137224059732518, 48.19181606268949 ], [ 2.136954978521118, 48.191814042802221 ], [ 2.136961021221552, 48.191454208250533 ], [ 2.137230100549521, 48.191456228112443 ], [ 2.137233120913578, 48.19127631081524 ], [ 2.13830943475484, 48.191284383914841 ], [ 2.138312451322498, 48.191104466561114 ], [ 2.13858152891512, 48.191106483249015 ], [ 2.138578513289156, 48.191286400615375 ], [ 2.138847591853053, 48.191288416686199 ], [ 2.138841562395798, 48.191648251426855 ], [ 2.139110642872686, 48.191650266893213 ], [ 2.13910461518059, 48.192010101635937 ], [ 2.139373697570497, 48.192012116497878 ], [ 2.139370684621844, 48.192192033873198 ], [ 2.139639767983049, 48.192194048117997 ], [ 2.139633743880585, 48.19255388287651 ], [ 2.139902829154848, 48.192555896516843 ], [ 2.139896806817741, 48.192915731277445 ], [ 2.140165894005093, 48.192917744313284 ], [ 2.140162883734019, 48.193097661697522 ], [ 2.140431971892692, 48.193099674116198 ], [ 2.14042595314556, 48.193459508892531 ], [ 2.140695043217358, 48.193461520706713 ], [ 2.140689026235783, 48.193821355485085 ], [ 2.140958118220738, 48.19382336669473 ], [ 2.140952103004793, 48.194183201475184 ], [ 2.141221196902932, 48.194185212080264 ], [ 2.14121217668332, 48.194724964245275 ], [ 2.140404886600649, 48.194718930426973 ], [ 2.140401876976139, 48.194898847765842 ], [ 2.140132779399071, 48.194896835220788 ], [ 2.140129768803146, 48.195076752541247 ], [ 2.139322473423509, 48.195070711089308 ] ] ] } },
{ "type": "Feature", "properties": { "surface_ha": 1.8 }, "geometry": { "type": "Polygon", "coordinates": [ [ [ 2.15418511859393, 48.191402291757093 ], [ 2.154191040579039, 48.191042455563526 ], [ 2.153921962227659, 48.191040475413033 ], [ 2.153924924118342, 48.190860557320008 ], [ 2.153655846737712, 48.190858576552195 ], [ 2.15366177231528, 48.190498740373592 ], [ 2.153392696847078, 48.190496759000929 ], [ 2.153401587820438, 48.189957004726885 ], [ 2.153939733135946, 48.189960966767885 ], [ 2.153942694852306, 48.189781048640079 ], [ 2.154749910218515, 48.189786986941392 ], [ 2.154746951327079, 48.189966905106502 ], [ 2.15501602411552, 48.18996888329324 ], [ 2.155010108128885, 48.190328719630891 ], [ 2.155279182829656, 48.190330697212751 ], [ 2.155273268610305, 48.190690533552015 ], [ 2.155542345223433, 48.190692510529018 ], [ 2.155539389011935, 48.190872428702356 ], [ 2.155270311457119, 48.190870451712975 ], [ 2.155267354274924, 48.191050369868115 ], [ 2.154998275807417, 48.191048392236596 ], [ 2.154992359472576, 48.191408228504677 ], [ 2.15418511859393, 48.191402291757093 ] ], [ [ 2.154474918705551, 48.190144844436873 ], [ 2.154743992406618, 48.190146823265778 ], [ 2.154746951327079, 48.189966905106502 ], [ 2.154477878567663, 48.189964926289996 ], [ 2.154474918705551, 48.190144844436873 ] ] ] } },
{ "type": "Feature", "properties": { "surface_ha": 3.76 }, "geometry": { "type": "Polygon", "coordinates": [ [ [ 2.123782305505467, 48.19099463026209 ], [ 2.123788440252373, 48.190634796916278 ], [ 2.123519366184277, 48.190632745618942 ], [ 2.123534707233132, 48.189733162217152 ], [ 2.123265637903269, 48.189731110354487 ], [ 2.123274844996198, 48.189191360282408 ], [ 2.123005778521208, 48.189189307828691 ], [ 2.123024197543554, 48.188109807605038 ], [ 2.122755136747966, 48.188107754598974 ], [ 2.122764348677151, 48.187568004447392 ], [ 2.123033406648221, 48.187570057414796 ], [ 2.123036476289557, 48.187390140673116 ], [ 2.123843647558926, 48.187396295758766 ], [ 2.123837513895105, 48.187756129313605 ], [ 2.124106572928058, 48.187758179775251 ], [ 2.124088176863781, 48.188837680377695 ], [ 2.124357241575995, 48.188839730286915 ], [ 2.124351111197105, 48.189199563800329 ], [ 2.124620177822522, 48.189201613105595 ], [ 2.124610984853456, 48.1897413633708 ], [ 2.124880054333708, 48.189743412084951 ], [ 2.124870863918969, 48.190283162336478 ], [ 2.12513993625413, 48.190285210459507 ], [ 2.125130748393876, 48.190824960697327 ], [ 2.124861673233772, 48.190822912535737 ], [ 2.124858609611935, 48.191002829257215 ], [ 2.123782305505467, 48.19099463026209 ] ] ] } },
{ "type": "Feature", "properties": { "surface_ha": 1.08 }, "geometry": { "type": "Polygon", "coordinates": [ [ [ 2.114173113361409, 48.186422479063175 ], [ 2.114179314386506, 48.186062646359019 ], [ 2.114717413359167, 48.186066791753433 ], [ 2.114720511943294, 48.185886875366613 ], [ 2.117410999214667, 48.185907564431986 ], [ 2.117414088354449, 48.185727647909509 ], [ 2.118221232302946, 48.185733842312835 ], [ 2.118215059641494, 48.186093675429781 ], [ 2.116869810464797, 48.186083348146553 ], [ 2.116866719381584, 48.186263264631492 ], [ 2.114445264301705, 48.18624463573903 ], [ 2.114442164715371, 48.186424552101236 ], [ 2.114173113361409, 48.186422479063175 ] ] ] } },
{ "type": "Feature", "properties": { "surface_ha": 19.31 }, "geometry": { "type": "Polygon", "coordinates": [ [ [ 2.089116400688982, 48.18820600042978 ], [ 2.089125965861662, 48.187666255239279 ], [ 2.088856909875405, 48.187664122910547 ], [ 2.088866477590968, 48.187124377707832 ], [ 2.088597424460339, 48.187122244789649 ], [ 2.088613374734364, 48.186222669402397 ], [ 2.08834432634208, 48.186220535921528 ], [ 2.088357089763569, 48.185500875560599 ], [ 2.088088045168061, 48.185498741503714 ], [ 2.088100811854129, 48.184779081103223 ], [ 2.087831771055254, 48.184776946470379 ], [ 2.087844541005625, 48.184057286030409 ], [ 2.091072987473936, 48.184082859430802 ], [ 2.09106980632871, 48.184262774710064 ], [ 2.091338844678718, 48.184264901747959 ], [ 2.091342024882659, 48.184084986455382 ], [ 2.094301438435263, 48.184108342174802 ], [ 2.094298268585493, 48.184288257614014 ], [ 2.094567307309204, 48.184290377097192 ], [ 2.094548293205583, 48.185369869690163 ], [ 2.094817337608313, 48.185371988623565 ], [ 2.09479832803393, 48.186451481086955 ], [ 2.095067378116009, 48.186453599470561 ], [ 2.095051540656546, 48.187353176429959 ], [ 2.09478248586732, 48.187351057979868 ], [ 2.094779317340761, 48.187530973340969 ], [ 2.09424120597264, 48.187526734525292 ], [ 2.09423803553207, 48.187706649854015 ], [ 2.093699922405412, 48.187702408493138 ], [ 2.09370309472891, 48.187522493191068 ], [ 2.092895928096717, 48.187516126467443 ], [ 2.092899103213465, 48.187336211199501 ], [ 2.092091939685931, 48.18732983884918 ], [ 2.09209511759587, 48.187149923615436 ], [ 2.091557010616243, 48.187145672260421 ], [ 2.091550650999401, 48.187505502668728 ], [ 2.091281595673472, 48.187503376020075 ], [ 2.091278414876804, 48.187683291202148 ], [ 2.091547471144195, 48.187685417864145 ], [ 2.091541111340211, 48.188045248237565 ], [ 2.0907339369828, 48.188038866282525 ], [ 2.090730754209555, 48.188218781420453 ], [ 2.089116400688982, 48.18820600042978 ] ] ] } },
{ "type": "Feature", "properties": { "surface_ha": 4.04 }, "geometry": { "type": "Polygon", "coordinates": [ [ [ 2.104199421916544, 48.187424829100877 ], [ 2.104208828457978, 48.186885081593324 ], [ 2.103939775441903, 48.186882984590326 ], [ 2.103964865730409, 48.18544365775309 ], [ 2.103695820276305, 48.18544156022579 ], [ 2.103724052969551, 48.183822317207728 ], [ 2.104531164008424, 48.183828607545422 ], [ 2.104534297996671, 48.183648691585979 ], [ 2.104803334129842, 48.183650787092958 ], [ 2.104797068005174, 48.18401061903235 ], [ 2.10506610605164, 48.184012713936063 ], [ 2.105050444908751, 48.184912293748575 ], [ 2.105319487692513, 48.184914388088458 ], [ 2.105297567391682, 48.186173799673881 ], [ 2.105566616795753, 48.186175893476168 ], [ 2.105550963223658, 48.187075473071403 ], [ 2.104743800982215, 48.18706918957843 ], [ 2.104737533689665, 48.187429021296957 ], [ 2.104199421916544, 48.187424829100877 ] ] ] } },
{ "type": "Feature", "properties": { "surface_ha": 1.68 }, "geometry": { "type": "Polygon", "coordinates": [ [ [ 2.083543160200857, 48.1838431322331 ], [ 2.083552782420921, 48.183303387469358 ], [ 2.083283749685795, 48.183301242241548 ], [ 2.083293374446391, 48.182761497465791 ], [ 2.083562404357861, 48.182763642653207 ], [ 2.083568818825201, 48.182403812746692 ], [ 2.083837846885734, 48.182405957277687 ], [ 2.083831434300787, 48.182765787211132 ], [ 2.084369494280975, 48.182770074438352 ], [ 2.084366289823751, 48.182949989423257 ], [ 2.085173382853365, 48.182956415582971 ], [ 2.085176584486955, 48.182776500557743 ], [ 2.085445614618431, 48.182778641338487 ], [ 2.085442413926055, 48.182958556377166 ], [ 2.0859804761656, 48.182962836076932 ], [ 2.085983674975549, 48.182782921011388 ], [ 2.086521735458167, 48.182787198166189 ], [ 2.086518538530644, 48.182967113258591 ], [ 2.087325632313358, 48.182973524309574 ], [ 2.087319244011617, 48.183333354557391 ], [ 2.087050210836914, 48.183331218143117 ], [ 2.087053405944682, 48.183151303035508 ], [ 2.086515341571765, 48.183147028345168 ], [ 2.08651214458153, 48.183326943425918 ], [ 2.085705045433657, 48.183320526628599 ], [ 2.08570184558834, 48.183500441663249 ], [ 2.085432811660566, 48.183498301458307 ], [ 2.085436012447123, 48.18331838643708 ], [ 2.085166979491981, 48.183316245616027 ], [ 2.085170181188375, 48.183136330602409 ], [ 2.084632117254772, 48.183132047098574 ], [ 2.084628913675918, 48.183311962085284 ], [ 2.083821815187505, 48.183305532067649 ], [ 2.083818608753515, 48.183485447008181 ], [ 2.084356676263499, 48.183489734343055 ], [ 2.084353471680553, 48.183669649304676 ], [ 2.084084436968592, 48.183667505938544 ], [ 2.084081231412959, 48.183847420880909 ], [ 2.083543160200857, 48.1838431322331 ] ] ] } },
{ "type": "Feature", "properties": { "surface_ha": 27.75 }, "geometry": { "type": "Polygon", "coordinates": [ [ [ 2.138647865202844, 48.187148299721294 ], [ 2.138650880148525, 48.186968382221501 ], [ 2.138381824212319, 48.186966365824759 ], [ 2.138387855897898, 48.186606530833103 ], [ 2.138118801874211, 48.18660451383203 ], [ 2.138130868656155, 48.185884843829719 ], [ 2.137861818427814, 48.185882826249689 ], [ 2.137870871027804, 48.185343073725029 ], [ 2.137601823653284, 48.18534105555338 ], [ 2.137607860454724, 48.18498122053326 ], [ 2.137338814992576, 48.184979201757351 ], [ 2.137344853558321, 48.184619366739369 ], [ 2.136268679536883, 48.184611285441186 ], [ 2.136262633440226, 48.184971120357687 ], [ 2.136531678783858, 48.184973141651987 ], [ 2.136525634451355, 48.185332976570706 ], [ 2.135987540028216, 48.18532893330169 ], [ 2.135984515934708, 48.185508850726961 ], [ 2.134639275689136, 48.185498731472826 ], [ 2.134636246858949, 48.185678648828734 ], [ 2.133560051431583, 48.185670542041578 ], [ 2.133557018806043, 48.185850459340813 ], [ 2.13248082008897, 48.185842342428849 ], [ 2.132477783668009, 48.186022259671319 ], [ 2.1314015816618, 48.186014132634462 ], [ 2.131398541445348, 48.186194049820145 ], [ 2.130860438738279, 48.186189982498433 ], [ 2.130863480837581, 48.186010065338323 ], [ 2.130325380132716, 48.186005995523701 ], [ 2.130322336150565, 48.186185912658281 ], [ 2.129784233682282, 48.186181840299604 ], [ 2.129802508424144, 48.185102337558426 ], [ 2.129533462883213, 48.185100300511372 ], [ 2.12955174219768, 48.184020797637977 ], [ 2.129282702334701, 48.184018760038064 ], [ 2.129310127760941, 48.182399505451279 ], [ 2.130117222025072, 48.182405616017022 ], [ 2.130120266321526, 48.182225698773337 ], [ 2.130658327431131, 48.182229769310574 ], [ 2.130661369815283, 48.182049852035519 ], [ 2.131737488627613, 48.182057985504493 ], [ 2.131740527217073, 48.181878068172601 ], [ 2.132816642741391, 48.181886191518046 ], [ 2.132819677536229, 48.181706274129347 ], [ 2.133626761668421, 48.181712359990144 ], [ 2.1336297936099, 48.181532442557433 ], [ 2.134436875186135, 48.181538522714355 ], [ 2.134439904274311, 48.181358605237648 ], [ 2.135516009693752, 48.181366703249367 ], [ 2.135519034987492, 48.181186785716058 ], [ 2.136057085992919, 48.181190830919391 ], [ 2.136029874222976, 48.182810088738869 ], [ 2.136298908241154, 48.182812110510483 ], [ 2.136280771374385, 48.183891615538528 ], [ 2.136818850795152, 48.18389565734531 ], [ 2.136821871797777, 48.183715739829772 ], [ 2.137359949454443, 48.183719779092904 ], [ 2.137362968544828, 48.183539861546201 ], [ 2.13870815849802, 48.183549948623202 ], [ 2.138699115257749, 48.184089701435852 ], [ 2.13896815616107, 48.184091717000484 ], [ 2.138959115478726, 48.184631469798887 ], [ 2.139228159235637, 48.184633484771901 ], [ 2.139219121111378, 48.185173237556015 ], [ 2.139488167721954, 48.185175251937373 ], [ 2.139482144040818, 48.185535087123085 ], [ 2.139751192563727, 48.185537100900106 ], [ 2.13974215964471, 48.186076853673072 ], [ 2.140011211021409, 48.186078866858388 ], [ 2.140002180660921, 48.186618619617072 ], [ 2.139733126459883, 48.186616606393834 ], [ 2.139730115339204, 48.18679652395582 ], [ 2.139461060226233, 48.186794510090316 ], [ 2.139458048134545, 48.186974427633842 ], [ 2.138919936114304, 48.186970397988603 ], [ 2.138916922110105, 48.187150315501043 ], [ 2.138647865202844, 48.187148299721294 ] ], [ [ 2.130328424085009, 48.185826078383315 ], [ 2.130597473481102, 48.185828113592642 ], [ 2.130600516462132, 48.185648196433704 ], [ 2.130331468007446, 48.185646161237123 ], [ 2.130328424085009, 48.185826078383315 ] ], [ [ 2.130337555762749, 48.185286326927312 ], [ 2.130606602334651, 48.185288362098348 ], [ 2.130609645226141, 48.185108444921951 ], [ 2.130340599595617, 48.185106409763705 ], [ 2.130337555762749, 48.185286326927312 ] ], [ [ 2.130080688138498, 48.184564622488573 ], [ 2.130618773721532, 48.184568693358003 ], [ 2.130621816493638, 48.184388776158414 ], [ 2.130352774628535, 48.184386741051263 ], [ 2.13035581831213, 48.184206823858638 ], [ 2.130086777418212, 48.184204788134693 ], [ 2.130080688138498, 48.184564622488573 ] ] ] } },
{ "type": "Feature", "properties": { "surface_ha": 1.76 }, "geometry": { "type": "Polygon", "coordinates": [ [ [ 2.084116490795762, 48.181868356194954 ], [ 2.084119696005571, 48.18168844118857 ], [ 2.083850671678266, 48.181686297340931 ], [ 2.083857083885857, 48.181326467337662 ], [ 2.08358806147228, 48.181324322887448 ], [ 2.08358485444307, 48.181504237878542 ], [ 2.08331583111981, 48.181502092785372 ], [ 2.083322247029038, 48.181142262824288 ], [ 2.083591268470034, 48.181144407890535 ], [ 2.083604096146522, 48.18042474784469 ], [ 2.083335078469938, 48.18042260283233 ], [ 2.08333828625151, 48.180242687819764 ], [ 2.083607302987012, 48.180244832818687 ], [ 2.083610509796051, 48.180064917786844 ], [ 2.083879525621932, 48.18006706214284 ], [ 2.083876319753965, 48.180246977188148 ], [ 2.084145336552362, 48.180249120928103 ], [ 2.084142131594032, 48.180429035981035 ], [ 2.084411149364944, 48.180431179104971 ], [ 2.084407945316272, 48.180611094165556 ], [ 2.084676964059699, 48.180613236673473 ], [ 2.084670557750293, 48.180973066804029 ], [ 2.084939578407346, 48.18097520870937 ], [ 2.084936376146639, 48.181155123779376 ], [ 2.085205397776217, 48.181157265068677 ], [ 2.085195793629062, 48.181697010284061 ], [ 2.085733842629241, 48.181701291054807 ], [ 2.085730643066372, 48.181881206141846 ], [ 2.084116490795762, 48.181868356194954 ] ] ] } },
{ "type": "Feature", "properties": { "surface_ha": 1.76 }, "geometry": { "type": "Polygon", "coordinates": [ [ [ 2.13012635482486, 48.181865864268531 ], [ 2.130135487355925, 48.181326112467801 ], [ 2.130673539053503, 48.181330182877275 ], [ 2.130703960060411, 48.179531009575449 ], [ 2.131241993054655, 48.179535077211526 ], [ 2.131238952970412, 48.179714994593354 ], [ 2.130969935517283, 48.1797129610773 ], [ 2.130966894462122, 48.179892878440562 ], [ 2.131235912856353, 48.179894911969384 ], [ 2.131223752101941, 48.180614581415476 ], [ 2.13149277429049, 48.180616614365867 ], [ 2.131486695616681, 48.180976449079608 ], [ 2.132024743847815, 48.180980513142885 ], [ 2.132018668819455, 48.181340347884444 ], [ 2.13228769486206, 48.181342378997336 ], [ 2.132284658244378, 48.181522296372144 ], [ 2.132015631260588, 48.181520265246512 ], [ 2.132012593671927, 48.181700182602796 ], [ 2.13093648227, 48.181692051754027 ], [ 2.13093344088673, 48.181871969053468 ], [ 2.13012635482486, 48.181865864268531 ] ], [ [ 2.130670496788707, 48.181510100175558 ], [ 2.130939523623441, 48.181512134448788 ], [ 2.130942564947053, 48.181332217137772 ], [ 2.130673539053503, 48.181330182877275 ], [ 2.130670496788707, 48.181510100175558 ] ] ] } },
{ "type": "Feature", "properties": { "surface_ha": 11.48 }, "geometry": { "type": "Polygon", "coordinates": [ [ [ 2.074943750550577, 48.18323442792942 ], [ 2.074969649364534, 48.181795111766242 ], [ 2.075507697848015, 48.181799440406124 ], [ 2.075510933174594, 48.181619525832367 ], [ 2.076587026757694, 48.181628175503789 ], [ 2.076590258288005, 48.181448260869914 ], [ 2.074976123750509, 48.181435282667223 ], [ 2.075024677597463, 48.178736563682101 ], [ 2.07610071069867, 48.178745217520344 ], [ 2.07610394360389, 48.178565302820417 ], [ 2.076910965939788, 48.178571786549348 ], [ 2.076920655996496, 48.178032042292578 ], [ 2.077189660682255, 48.178034202236006 ], [ 2.077192889696852, 48.177854287458537 ], [ 2.077461893473328, 48.177856446759016 ], [ 2.077458665399684, 48.178036361550014 ], [ 2.077727670148771, 48.178038520234637 ], [ 2.077708306687953, 48.17911800893976 ], [ 2.077977317114598, 48.179120167076206 ], [ 2.077954731557439, 48.180379570395459 ], [ 2.078223748603042, 48.180381727997279 ], [ 2.078210845638564, 48.181101386962915 ], [ 2.077941824828576, 48.18109922930693 ], [ 2.077938598067243, 48.181279144020252 ], [ 2.076862511379393, 48.181270507047181 ], [ 2.076859280821904, 48.181450421700454 ], [ 2.078473416690367, 48.181463373464418 ], [ 2.078447616265868, 48.182902691131474 ], [ 2.07737149544283, 48.18289405870663 ], [ 2.077368266482581, 48.183073973334629 ], [ 2.075754080551051, 48.183061005730231 ], [ 2.07575084591182, 48.183240920271018 ], [ 2.074943750550577, 48.18323442792942 ] ] ] } },
{ "type": "Feature", "properties": { "surface_ha": 6.28 }, "geometry": { "type": "Polygon", "coordinates": [ [ [ 2.079623586272627, 48.17733395377094 ], [ 2.079636467761849, 48.176614294045663 ], [ 2.079367470318785, 48.176612139875161 ], [ 2.079396460289614, 48.174992905274387 ], [ 2.079127471345734, 48.174990750596237 ], [ 2.079140358719047, 48.174271090676427 ], [ 2.079678329112122, 48.174275399295183 ], [ 2.079681548994938, 48.174095484273622 ], [ 2.081295455287143, 48.174108394944767 ], [ 2.081292241048901, 48.174288310047373 ], [ 2.081561226482077, 48.174290459636701 ], [ 2.081545159521991, 48.175190035129845 ], [ 2.081814149690638, 48.175192184157304 ], [ 2.08178844844254, 48.176631504751555 ], [ 2.08205744616951, 48.176633653257554 ], [ 2.082047810504304, 48.177173398424813 ], [ 2.081778809954626, 48.177171249878363 ], [ 2.0817755970623, 48.177351164908998 ], [ 2.079623586272627, 48.17733395377094 ] ] ] } },
{ "type": "Feature", "properties": { "surface_ha": 6.32 }, "geometry": { "type": "Polygon", "coordinates": [ [ [ 2.077740578489646, 48.177318860981416 ], [ 2.077747032470191, 48.176959031319903 ], [ 2.076940035254629, 48.176952553621824 ], [ 2.07694326502012, 48.176772638822982 ], [ 2.076674266952499, 48.176770478345063 ], [ 2.07670011146299, 48.175331159853265 ], [ 2.076431120953883, 48.175328998854454 ], [ 2.076460202071584, 48.173709765227834 ], [ 2.078612059295089, 48.173727034620498 ], [ 2.078589493552776, 48.174986439351905 ], [ 2.078858482433453, 48.174988595288738 ], [ 2.078832698643434, 48.176427914740735 ], [ 2.079101695082423, 48.176430070156464 ], [ 2.079085583890859, 48.177329644692392 ], [ 2.077740578489646, 48.177318860981416 ] ] ] } },
{ "type": "Feature", "properties": { "surface_ha": 7.88 }, "geometry": { "type": "Polygon", "coordinates": [ [ [ 2.105472887666231, 48.176098499015772 ], [ 2.105476017510409, 48.175918582766961 ], [ 2.104669030417356, 48.175912299830834 ], [ 2.10467529565883, 48.175552467394603 ], [ 2.106558252800153, 48.175567118583537 ], [ 2.106570756570917, 48.174847453273465 ], [ 2.105494795930897, 48.174839085151888 ], [ 2.105491666270882, 48.175019001435565 ], [ 2.10495368425334, 48.175014813572325 ], [ 2.104956815795005, 48.174834897314916 ], [ 2.104687825773121, 48.174832802452393 ], [ 2.104690958224892, 48.174652886202288 ], [ 2.104152980154925, 48.174648694615456 ], [ 2.104159248729516, 48.174288862150476 ], [ 2.104428235867532, 48.174290958232241 ], [ 2.104431369167934, 48.174111041977888 ], [ 2.104162382970705, 48.174108945909254 ], [ 2.104165517181158, 48.173929029662233 ], [ 2.103896531955443, 48.173926932977416 ], [ 2.103899667075926, 48.173747016737742 ], [ 2.106320526746166, 48.173765864126381 ], [ 2.106317400092614, 48.173945780484345 ], [ 2.106586385594626, 48.173947871505085 ], [ 2.106589511307404, 48.173767955133961 ], [ 2.107127480521834, 48.173772135261125 ], [ 2.1071243566906, 48.173952051658482 ], [ 2.107662327909116, 48.173956229294546 ], [ 2.107665449858803, 48.173776312870949 ], [ 2.107934434573217, 48.173778400731855 ], [ 2.107931313564305, 48.17395831716852 ], [ 2.10981421400711, 48.173972914664908 ], [ 2.109811099553084, 48.174152831187421 ], [ 2.110080086393661, 48.174154914039754 ], [ 2.110073859275579, 48.174514747093447 ], [ 2.109804870553404, 48.17451266421498 ], [ 2.109807985068516, 48.174332747704099 ], [ 2.109538997317689, 48.17433066420935 ], [ 2.109535881861771, 48.17451058070715 ], [ 2.109266893200692, 48.174508496569977 ], [ 2.109273125963572, 48.174148663594735 ], [ 2.109004139214654, 48.174146578854362 ], [ 2.108994787202079, 48.174686328269239 ], [ 2.109532766375301, 48.174690497199151 ], [ 2.109529650858275, 48.174870413685341 ], [ 2.10926066031556, 48.174868329521971 ], [ 2.10925754382715, 48.175048245989259 ], [ 2.109526535310696, 48.175050330165675 ], [ 2.109523419732565, 48.17523024664024 ], [ 2.110330397189019, 48.175236495432536 ], [ 2.110324171586223, 48.175596328442651 ], [ 2.109786182821287, 48.1755921631582 ], [ 2.109783068092358, 48.175772079628423 ], [ 2.108707087165643, 48.175763741454581 ], [ 2.108703968642657, 48.17594365786664 ], [ 2.106820996612603, 48.17592904173943 ], [ 2.106817871472837, 48.176108958053923 ], [ 2.105472887666231, 48.176098499015772 ] ], [ [ 2.106827246800186, 48.175569209092998 ], [ 2.107365234892189, 48.175573388223825 ], [ 2.107368358058296, 48.175393471865661 ], [ 2.106830371848007, 48.175389292761082 ], [ 2.106827246800186, 48.175569209092998 ] ] ] } },
{ "type": "Feature", "properties": { "surface_ha": 14.87 }, "geometry": { "type": "Polygon", "coordinates": [ [ [ 2.086070030986064, 48.177925212041991 ], [ 2.086073228917688, 48.177745296813512 ], [ 2.085804225073661, 48.177743157667827 ], [ 2.085810622724699, 48.177383327220269 ], [ 2.085541620793927, 48.177381187472022 ], [ 2.085548020201323, 48.177021357028053 ], [ 2.085279020183775, 48.17701921667728 ], [ 2.085288621882217, 48.176479471007958 ], [ 2.085826616303298, 48.176483750999495 ], [ 2.085829814924908, 48.176303835737919 ], [ 2.086098811241627, 48.176305974776156 ], [ 2.086095613560898, 48.176485890051197 ], [ 2.086364610849859, 48.176488028473486 ], [ 2.086386987370433, 48.175228621332096 ], [ 2.08611799666745, 48.175226483003733 ], [ 2.086137180964397, 48.174146991021829 ], [ 2.085868195937534, 48.174144852144678 ], [ 2.085877790484961, 48.173605106115453 ], [ 2.087222701821449, 48.17361579400653 ], [ 2.087225895237527, 48.173435878584712 ], [ 2.087763858109937, 48.173440149309059 ], [ 2.087760666575332, 48.173620064757657 ], [ 2.088029648999224, 48.173622199189261 ], [ 2.088032839593094, 48.17344228372724 ], [ 2.089646729148787, 48.17345507702057 ], [ 2.089637174206756, 48.173994823630068 ], [ 2.089906158730988, 48.173996953683101 ], [ 2.089883869358562, 48.175256362328547 ], [ 2.090152860499586, 48.175258491845803 ], [ 2.09012739258429, 48.176697815769892 ], [ 2.090396391283447, 48.176699944764692 ], [ 2.090377294681218, 48.177779437543606 ], [ 2.090646299057162, 48.1777815659892 ], [ 2.090643117121833, 48.177961481445344 ], [ 2.090105106519236, 48.177957223898048 ], [ 2.090108290336488, 48.177777308468606 ], [ 2.089839286022984, 48.177775178764207 ], [ 2.089836101264771, 48.177955094180263 ], [ 2.087953065358592, 48.177940168531975 ], [ 2.087956256703519, 48.177760253209577 ], [ 2.087418248608079, 48.177755983100667 ], [ 2.087415055381237, 48.177935898396214 ], [ 2.087146050439531, 48.177933762384228 ], [ 2.087149244607329, 48.177753847102068 ], [ 2.086611236699819, 48.177749573216609 ], [ 2.086608040650107, 48.17792948847196 ], [ 2.086070030986064, 48.177925212041991 ] ] ] } },
{ "type": "Feature", "properties": { "surface_ha": 13.92 }, "geometry": { "type": "Polygon", "coordinates": [ [ [ 2.159246349951947, 48.178123856120614 ], [ 2.159249291871963, 48.177943937374849 ], [ 2.158980281719261, 48.177941969461727 ], [ 2.158986167354783, 48.177582131977545 ], [ 2.158717159112993, 48.177580163459673 ], [ 2.158725990172821, 48.177040407226997 ], [ 2.158456984782903, 48.177038438116767 ], [ 2.158465818405824, 48.176498681869013 ], [ 2.158196815867706, 48.17649671216644 ], [ 2.158205652053564, 48.175956955903615 ], [ 2.157936652367167, 48.17595498560874 ], [ 2.15794843730756, 48.175235310559991 ], [ 2.157679441413709, 48.17523333968515 ], [ 2.157682388517461, 48.175053420920847 ], [ 2.157413393593402, 48.175051449428999 ], [ 2.157422237553856, 48.174511693138449 ], [ 2.157153245481318, 48.174509721054363 ], [ 2.157162092004103, 48.173969964748771 ], [ 2.15877602793762, 48.173981787589987 ], [ 2.15877897107576, 48.173801868735644 ], [ 2.15958593660982, 48.173807771622712 ], [ 2.15958299629416, 48.173987690514117 ], [ 2.159851985804023, 48.173989656896715 ], [ 2.159837288497452, 48.174889251328459 ], [ 2.159299300098011, 48.174885317810379 ], [ 2.159296358668449, 48.175065236654632 ], [ 2.159834348949653, 48.175069170197418 ], [ 2.159831409373025, 48.1752490890606 ], [ 2.159562413277113, 48.175247122591529 ], [ 2.159559472730756, 48.175427041436578 ], [ 2.16332543386629, 48.175454514900352 ], [ 2.163322506463871, 48.175634433912045 ], [ 2.163053508112077, 48.175632475600587 ], [ 2.163050579740025, 48.175812394594196 ], [ 2.163588578354171, 48.175816310612255 ], [ 2.163585651835267, 48.175996229624658 ], [ 2.163854652126329, 48.175998186701847 ], [ 2.163845875220263, 48.176537943741103 ], [ 2.164114878362878, 48.176539900225741 ], [ 2.164106104021512, 48.177079657249728 ], [ 2.164375110015754, 48.177081613141759 ], [ 2.164366338239247, 48.177621370150433 ], [ 2.164635347085193, 48.177623325449844 ], [ 2.164626577873705, 48.178163082443191 ], [ 2.163550531369589, 48.178155257321457 ], [ 2.163553458232935, 48.177975338378594 ], [ 2.162208405453956, 48.177965542875015 ], [ 2.162205473885391, 48.17814546175638 ], [ 2.161398439739822, 48.178139576863806 ], [ 2.161401374131514, 48.177959658019361 ], [ 2.161132363748246, 48.177957695141913 ], [ 2.161138234327349, 48.177597857460299 ], [ 2.160869225854925, 48.177595893978008 ], [ 2.160872162042308, 48.177415975140832 ], [ 2.160603154539694, 48.177414011041435 ], [ 2.160600217411298, 48.177593929866298 ], [ 2.160331208996475, 48.177591965125131 ], [ 2.160334147065886, 48.177412046312597 ], [ 2.159796132204722, 48.177408114966589 ], [ 2.159793192253288, 48.177588033754439 ], [ 2.159524183924941, 48.177586067124913 ], [ 2.159515361074542, 48.178125823416622 ], [ 2.159246349951947, 48.178123856120614 ] ], [ [ 2.158480540533142, 48.175599088006855 ], [ 2.159287534206674, 48.175604993152668 ], [ 2.159290475722779, 48.175425074325801 ], [ 2.158752481793381, 48.175421138216024 ], [ 2.15876425509642, 48.174701462949379 ], [ 2.158495261938557, 48.17469949399981 ], [ 2.158480540533142, 48.175599088006855 ] ], [ [ 2.15904207513478, 48.174163674721612 ], [ 2.159311065527799, 48.174165642375328 ], [ 2.159314006813132, 48.173985723502085 ], [ 2.159045017360948, 48.173983755860725 ], [ 2.15904207513478, 48.174163674721612 ] ] ] } },
{ "type": "Feature", "properties": { "surface_ha": 1.56 }, "geometry": { "type": "Polygon", "coordinates": [ [ [ 2.155814192671855, 48.174140013785866 ], [ 2.155858492373246, 48.17144123249173 ], [ 2.155589516467554, 48.171439256842206 ], [ 2.155592470489981, 48.1712593380553 ], [ 2.155861445454978, 48.171261313692433 ], [ 2.155873257492318, 48.170541638437243 ], [ 2.15641119998382, 48.170545587724398 ], [ 2.156375785058689, 48.172704613509289 ], [ 2.156106802509975, 48.17270263903162 ], [ 2.156103850137321, 48.17288255779696 ], [ 2.156372833626801, 48.172884532287021 ], [ 2.156355124427625, 48.173964044831706 ], [ 2.156086135293347, 48.173962070267272 ], [ 2.156083182718009, 48.174141988992041 ], [ 2.155814192671855, 48.174140013785866 ] ] ] } },
{ "type": "Feature", "properties": { "surface_ha": 13.32 }, "geometry": { "type": "Polygon", "coordinates": [ [ [ 2.14932867770948, 48.175891603843553 ], [ 2.14933165409738, 48.175711685487926 ], [ 2.148255663124334, 48.175703717499914 ], [ 2.148258643246665, 48.17552379918849 ], [ 2.147989646517351, 48.175521805630488 ], [ 2.14799262755135, 48.1753418873258 ], [ 2.147723631792167, 48.175339893150905 ], [ 2.147720649817274, 48.175519811443095 ], [ 2.147451653146442, 48.175517816626304 ], [ 2.147457618948761, 48.175157980061186 ], [ 2.147726613737816, 48.175159974852932 ], [ 2.1477415230274, 48.174260383276021 ], [ 2.14801051314141, 48.174262377375804 ], [ 2.148022436283449, 48.173542703959846 ], [ 2.148291422663427, 48.173544697380173 ], [ 2.148294402435063, 48.173364778999172 ], [ 2.14856338790347, 48.173366771777658 ], [ 2.148566366705098, 48.173186853378375 ], [ 2.148297382177477, 48.173184860612395 ], [ 2.148327177994474, 48.171385676425494 ], [ 2.14859615311476, 48.171387669066384 ], [ 2.148599131595071, 48.171207750603308 ], [ 2.148330157415468, 48.171205757974924 ], [ 2.148333136807245, 48.171025839518542 ], [ 2.148602110046173, 48.171027832134421 ], [ 2.148611045224232, 48.170488076692969 ], [ 2.150493838960258, 48.170502007121378 ], [ 2.150490867181311, 48.170681925695121 ], [ 2.151028810392468, 48.17068590017886 ], [ 2.151034750158639, 48.17032606297569 ], [ 2.151303719926617, 48.17032804924871 ], [ 2.151241366326463, 48.174106338986938 ], [ 2.151510355878952, 48.17410832489243 ], [ 2.151501449995999, 48.174648080397994 ], [ 2.151232457620978, 48.17464609445512 ], [ 2.151223548653384, 48.175185849871127 ], [ 2.150954553484876, 48.175183863261459 ], [ 2.150948612145736, 48.175543700151529 ], [ 2.150679615124572, 48.175541712887508 ], [ 2.150676643470395, 48.17572163131139 ], [ 2.149869649759081, 48.175715665705525 ], [ 2.149866675253011, 48.175895584086142 ], [ 2.14932867770948, 48.175891603843553 ] ] ] } },
{ "type": "Feature", "properties": { "surface_ha": 1.72 }, "geometry": { "type": "Polygon", "coordinates": [ [ [ 2.084805063862932, 48.173416629173751 ], [ 2.084837080962793, 48.171617475843895 ], [ 2.084568109262635, 48.171615334008322 ], [ 2.084590525948674, 48.170355926425238 ], [ 2.084321560864135, 48.170353784054491 ], [ 2.084331170365918, 48.169814037900508 ], [ 2.08486909492306, 48.169818321932063 ], [ 2.08485628971568, 48.170537983566639 ], [ 2.085125255803589, 48.170540124692309 ], [ 2.085106052694349, 48.171619617050233 ], [ 2.08537502445729, 48.171621757627257 ], [ 2.085355825862105, 48.172701249856274 ], [ 2.085624803300405, 48.172703389884624 ], [ 2.085612007372197, 48.173423051307971 ], [ 2.084805063862932, 48.173416629173751 ] ] ] } },
{ "type": "Feature", "properties": { "surface_ha": 19.31 }, "geometry": { "type": "Polygon", "coordinates": [ [ [ 2.140484815348393, 48.173846468688446 ], [ 2.140487822461866, 48.1736665506835 ], [ 2.13618404249811, 48.173634288214224 ], [ 2.136187064634718, 48.173454370406006 ], [ 2.135918079579299, 48.173452348664888 ], [ 2.135921102627046, 48.17327243086357 ], [ 2.136190086741688, 48.173274452592004 ], [ 2.136205196831992, 48.172374863434918 ], [ 2.136474176272523, 48.172376884470594 ], [ 2.136489280918424, 48.171477295105028 ], [ 2.136758255685065, 48.171479315447961 ], [ 2.136770335105898, 48.170759643800324 ], [ 2.137039306139501, 48.170761663463239 ], [ 2.137051381324014, 48.170041991672072 ], [ 2.137320348624719, 48.170044010655005 ], [ 2.137332419573228, 48.169324338720322 ], [ 2.137601383141168, 48.169326357023301 ], [ 2.13761043322016, 48.168786602973348 ], [ 2.138148354801432, 48.168790637615572 ], [ 2.138145340019113, 48.16897055566335 ], [ 2.13949014919224, 48.168980631320366 ], [ 2.139487139083154, 48.16916054942557 ], [ 2.140831953697029, 48.169170609414479 ], [ 2.140828948261276, 48.169350527577038 ], [ 2.141904804245213, 48.169358564292011 ], [ 2.141901802542311, 48.169538482499227 ], [ 2.14217076755249, 48.169540490117406 ], [ 2.142158764208942, 48.170260162938661 ], [ 2.141889795436346, 48.170258155270055 ], [ 2.141874785891546, 48.171157746103091 ], [ 2.141605812445154, 48.171155737742168 ], [ 2.141590797460917, 48.172055328367158 ], [ 2.141321819340514, 48.172053319313896 ], [ 2.141300790540433, 48.17331274585699 ], [ 2.14210774474568, 48.173318771393596 ], [ 2.142110746126036, 48.173138853295569 ], [ 2.142379729979223, 48.173140860536492 ], [ 2.142373729070641, 48.173500696751901 ], [ 2.142642714834816, 48.173502703388642 ], [ 2.142639715277182, 48.173682621500255 ], [ 2.142370728572212, 48.173680614850909 ], [ 2.142367728044357, 48.173860532944104 ], [ 2.140484815348393, 48.173846468688446 ] ] ] } },
{ "type": "Feature", "properties": { "surface_ha": 4.96 }, "geometry": { "type": "Polygon", "coordinates": [ [ [ 2.133261586032088, 48.171453001904233 ], [ 2.133264618160479, 48.171273084166181 ], [ 2.133533591630346, 48.171275112048022 ], [ 2.133539653916606, 48.170915276529108 ], [ 2.133808625534883, 48.170917303756177 ], [ 2.133811655692782, 48.170737385975308 ], [ 2.134887538700368, 48.170745488539858 ], [ 2.134905696449047, 48.169665981427485 ], [ 2.13517466163148, 48.169668005419176 ], [ 2.135186762441472, 48.168948333844035 ], [ 2.135455723891297, 48.168950357155666 ], [ 2.13546782046452, 48.168230685436889 ], [ 2.134123032322746, 48.168220562840396 ], [ 2.134129089836458, 48.167860727073283 ], [ 2.134398045524443, 48.167862752825606 ], [ 2.134395017722935, 48.168042670724795 ], [ 2.136008758117026, 48.168054812101261 ], [ 2.136005735928876, 48.168234730070871 ], [ 2.136274693705512, 48.168236751444013 ], [ 2.136265629784825, 48.168776505356007 ], [ 2.136534590412673, 48.168778526137984 ], [ 2.136531569987067, 48.16895844410972 ], [ 2.136800531585082, 48.168960464275102 ], [ 2.136803551070139, 48.168780546290691 ], [ 2.137072511757215, 48.168782565814155 ], [ 2.137063456034881, 48.16932231978808 ], [ 2.136794492526137, 48.169320300226573 ], [ 2.136779394360579, 48.1702198900037 ], [ 2.136510426178478, 48.170217869749521 ], [ 2.136501364101908, 48.170757623508116 ], [ 2.13623239312754, 48.170755602586624 ], [ 2.13622030618141, 48.171475274132803 ], [ 2.134068509352873, 48.171459083700015 ], [ 2.134071538659247, 48.171279165923799 ], [ 2.134340512218263, 48.171281191917743 ], [ 2.134343540554266, 48.171101274123025 ], [ 2.133805595347269, 48.171097221531284 ], [ 2.133799534882892, 48.171457057064039 ], [ 2.133261586032088, 48.171453001904233 ] ] ] } },
{ "type": "Feature", "properties": { "surface_ha": 15.67 }, "geometry": { "type": "Polygon", "coordinates": [ [ [ 2.141907805918678, 48.169178646079004 ], [ 2.141910807562709, 48.168998727860178 ], [ 2.140565997062116, 48.168988680519469 ], [ 2.140569003379477, 48.168808762357905 ], [ 2.139493159271809, 48.16880071320935 ], [ 2.139496169321859, 48.168620795092536 ], [ 2.139227209309253, 48.168618781244916 ], [ 2.139224198318662, 48.168798699349075 ], [ 2.13895523739504, 48.168796684859586 ], [ 2.138958249326174, 48.168616766768054 ], [ 2.137882409689303, 48.168608702568179 ], [ 2.137885425353024, 48.168428784521453 ], [ 2.137616466458244, 48.168426766911054 ], [ 2.137619483032915, 48.168246848871192 ], [ 2.137888440987174, 48.168248866468929 ], [ 2.137903518714356, 48.16734927611931 ], [ 2.13817247199572, 48.167351293024495 ], [ 2.138187544281422, 48.166451702466539 ], [ 2.138456492890108, 48.166453718679222 ], [ 2.13847457301514, 48.165374209742275 ], [ 2.13874351601099, 48.165376225249879 ], [ 2.138752552853545, 48.164836470665108 ], [ 2.139828313847952, 48.164844526252132 ], [ 2.139825305358027, 48.165024444503423 ], [ 2.140632129234662, 48.165030479625408 ], [ 2.140629123536313, 48.165210397908758 ], [ 2.141973835288498, 48.165220443925193 ], [ 2.141970834262519, 48.1654003622658 ], [ 2.143315551452233, 48.165410392615954 ], [ 2.143312555098726, 48.165590311013759 ], [ 2.143850444061108, 48.165594318774744 ], [ 2.143841460466693, 48.166134074008767 ], [ 2.143572513149617, 48.166132070405141 ], [ 2.143560530850903, 48.166851743918983 ], [ 2.143291579801473, 48.166849739635822 ], [ 2.143282589947608, 48.167389494672577 ], [ 2.143013636106173, 48.167387489722458 ], [ 2.142998647726185, 48.168287081271444 ], [ 2.142729689211644, 48.168285075629193 ], [ 2.142714695394016, 48.169184666970203 ], [ 2.141907805918678, 48.169178646079004 ] ] ] } },
{ "type": "Feature", "properties": { "surface_ha": 49.06 }, "geometry": { "type": "Polygon", "coordinates": [ [ [ 2.122790019739788, 48.170293919644628 ], [ 2.122793088373519, 48.170114002371264 ], [ 2.120910322599153, 48.170099618322709 ], [ 2.120913397786929, 48.169919701133821 ], [ 2.120644432308876, 48.169917643765601 ], [ 2.12064135618051, 48.170097560941535 ], [ 2.116337897591034, 48.170064557263181 ], [ 2.116353353176639, 48.169164972361131 ], [ 2.116622314408698, 48.169167039745631 ], [ 2.116637764533924, 48.168267454633465 ], [ 2.116906721093689, 48.168269521323836 ], [ 2.116928343413158, 48.16701010183202 ], [ 2.117197293419964, 48.167012167802383 ], [ 2.11720964460308, 48.166292499341687 ], [ 2.11747859087851, 48.166294564631009 ], [ 2.117490937815677, 48.165574896025504 ], [ 2.117759880359864, 48.165576960633835 ], [ 2.117766051766143, 48.165217126270306 ], [ 2.118034992459889, 48.165219190223539 ], [ 2.118031907712223, 48.165399107421152 ], [ 2.118300849376561, 48.165401170758187 ], [ 2.11831626811078, 48.164501584647255 ], [ 2.118585205103719, 48.164503647290367 ], [ 2.118597535785677, 48.16378397824527 ], [ 2.119135402339932, 48.163788101540604 ], [ 2.119138483054326, 48.163608184238917 ], [ 2.119407415436506, 48.163610244929949 ], [ 2.119404335662375, 48.163790162244581 ], [ 2.119673269015017, 48.163792222319394 ], [ 2.119676347848881, 48.163612304991865 ], [ 2.122634606375479, 48.163634924150706 ], [ 2.122631537884552, 48.163814841620223 ], [ 2.122900471598859, 48.163816894145548 ], [ 2.122903539149516, 48.163636976663142 ], [ 2.12666860114008, 48.163665645778863 ], [ 2.126671655496977, 48.163485728110714 ], [ 2.128285249649773, 48.163497977050071 ], [ 2.128276103414205, 48.164037730267808 ], [ 2.128007168159785, 48.164035690312311 ], [ 2.128004118414512, 48.164215608027128 ], [ 2.127735182249703, 48.164213567429691 ], [ 2.12773213153422, 48.164393485125899 ], [ 2.12746319445902, 48.164391443886501 ], [ 2.12745403931212, 48.164931196901847 ], [ 2.127185099445879, 48.164929154994866 ], [ 2.127169835567423, 48.165828743173599 ], [ 2.126900891029322, 48.165826700573362 ], [ 2.126882567744848, 48.166906206119364 ], [ 2.12661361759424, 48.166904162812976 ], [ 2.126604452726375, 48.167443915469107 ], [ 2.125259688316126, 48.167433689306677 ], [ 2.125262748004328, 48.167253771824619 ], [ 2.123649037344981, 48.167241479742955 ], [ 2.123652102645863, 48.167061562332258 ], [ 2.122576299902454, 48.167053355078579 ], [ 2.122579368935024, 48.166873437713562 ], [ 2.121772520014734, 48.166867275705378 ], [ 2.121766376276866, 48.167227110352187 ], [ 2.123111134032232, 48.167237377348748 ], [ 2.123108066820381, 48.167417294727912 ], [ 2.124183877327932, 48.167425497050978 ], [ 2.124180813847861, 48.167605414475801 ], [ 2.125525582360465, 48.167615653286695 ], [ 2.12552252355273, 48.167795570769975 ], [ 2.12632938784173, 48.167801706544459 ], [ 2.126323275779219, 48.168161541570647 ], [ 2.126054319105259, 48.168159496916019 ], [ 2.126042090858542, 48.168879166847404 ], [ 2.125773130452484, 48.168877121512196 ], [ 2.125757839766767, 48.169776708731568 ], [ 2.1254888746879, 48.169774662702913 ], [ 2.125479697094808, 48.170314414926345 ], [ 2.122790019739788, 48.170293919644628 ] ], [ [ 2.120919548072013, 48.169559866738652 ], [ 2.12118851169907, 48.169561923451809 ], [ 2.121191585855817, 48.169382006232581 ], [ 2.120922623169323, 48.169379949532363 ], [ 2.120919548072013, 48.169559866738652 ] ], [ [ 2.120925698236476, 48.169200032320248 ], [ 2.121194659982419, 48.169202089007584 ], [ 2.121197734078874, 48.169022171776781 ], [ 2.120928773273475, 48.169020115102349 ], [ 2.120925698236476, 48.169200032320248 ] ], [ [ 2.121200808145185, 48.168842254540138 ], [ 2.121469768040194, 48.168844310572418 ], [ 2.121478987236709, 48.168304558788975 ], [ 2.121210030163251, 48.168302502795406 ], [ 2.121200808145185, 48.168842254540138 ] ], [ [ 2.121482060241946, 48.168124641516215 ], [ 2.121751016405041, 48.168126696867631 ], [ 2.121754088439654, 48.167946779576177 ], [ 2.121485133217047, 48.167944724237621 ], [ 2.121482060241946, 48.168124641516215 ] ], [ [ 2.121488206162016, 48.167764806953265 ], [ 2.121757160444143, 48.167766862278874 ], [ 2.121763304362749, 48.167407027666918 ], [ 2.121494351961555, 48.167404972367073 ], [ 2.121488206162016, 48.167764806953265 ] ] ] } },
{ "type": "Feature", "properties": { "surface_ha": 6.52 }, "geometry": { "type": "Polygon", "coordinates": [ [ [ 2.135274479120583, 48.163730712147682 ], [ 2.135277503388787, 48.163550794071114 ], [ 2.134739637002792, 48.163546746322382 ], [ 2.134742663121878, 48.163366828265424 ], [ 2.133935866586254, 48.163360751962031 ], [ 2.133938895496442, 48.163180833937403 ], [ 2.133401033168357, 48.163176779948301 ], [ 2.133410125362152, 48.162637025915927 ], [ 2.133679053690626, 48.162639053186858 ], [ 2.133685113124143, 48.162279217110822 ], [ 2.133954039601892, 48.162281243727207 ], [ 2.133969182964904, 48.161381653371933 ], [ 2.134238104771433, 48.161383679295632 ], [ 2.134256270186292, 48.160304170601492 ], [ 2.134525186381707, 48.16030619581985 ], [ 2.13453729230424, 48.159586523190157 ], [ 2.13534402978744, 48.159592594918415 ], [ 2.135341006171541, 48.159772513122661 ], [ 2.136147746741781, 48.15977857922762 ], [ 2.136144725916489, 48.159958497464117 ], [ 2.136682554991595, 48.15996253841422 ], [ 2.136679536016875, 48.160142456670293 ], [ 2.13641062052442, 48.160140436497088 ], [ 2.13639552050618, 48.161040027626981 ], [ 2.136126600342726, 48.161038006761302 ], [ 2.136102431252237, 48.162477352165929 ], [ 2.13583350359695, 48.162475330569663 ], [ 2.135818392251412, 48.16337492119554 ], [ 2.135549459924552, 48.163372898906694 ], [ 2.135543413298345, 48.163732735091038 ], [ 2.135274479120583, 48.163730712147682 ] ], [ [ 2.133938895496442, 48.163180833937403 ], [ 2.134207826705038, 48.163182859988282 ], [ 2.134210854645278, 48.163002941945123 ], [ 2.133941924376928, 48.163000915906991 ], [ 2.133938895496442, 48.163180833937403 ] ], [ [ 2.135017645628424, 48.16300901628491 ], [ 2.135286576015477, 48.163011039806591 ], [ 2.135289600165066, 48.162831121706802 ], [ 2.135020670718253, 48.162829098197811 ], [ 2.135017645628424, 48.16300901628491 ] ] ] } },
{ "type": "Feature", "properties": { "surface_ha": 22.19 }, "geometry": { "type": "Polygon", "coordinates": [ [ [ 2.12049237312535, 48.163078729269074 ], [ 2.120495449017775, 48.162898811879529 ], [ 2.11888187701883, 48.162886453705745 ], [ 2.118897284234584, 48.161986867058772 ], [ 2.119166208124592, 48.161988928262488 ], [ 2.119184690145569, 48.160909424016793 ], [ 2.119453608424885, 48.160911484513832 ], [ 2.119465925407748, 48.160191814848822 ], [ 2.119734839956843, 48.160193874665062 ], [ 2.119744074556767, 48.159654122316553 ], [ 2.120012986315829, 48.159656181464946 ], [ 2.120022217823994, 48.159116429025381 ], [ 2.120291126793094, 48.159118487506007 ], [ 2.120297279100974, 48.158758652491407 ], [ 2.123255259069151, 48.158781253978852 ], [ 2.1232521932705, 48.158961171630914 ], [ 2.126748004686912, 48.158987784519873 ], [ 2.126738843772245, 48.159527537942346 ], [ 2.126469932201724, 48.159525494532694 ], [ 2.126454658711384, 48.160425083389953 ], [ 2.126185742470407, 48.16042303928711 ], [ 2.126176575196432, 48.160962792493287 ], [ 2.125907656165065, 48.16096074772291 ], [ 2.125904599407013, 48.161140665433877 ], [ 2.125635679465482, 48.161138620021582 ], [ 2.12563873716367, 48.16095870232347 ], [ 2.125100899250829, 48.160954609637372 ], [ 2.125094780063917, 48.161314444976384 ], [ 2.125632621737313, 48.161318537713861 ], [ 2.125614274738682, 48.162398043745789 ], [ 2.12534534824593, 48.162395997614496 ], [ 2.125333112552949, 48.163115668134949 ], [ 2.121299162352794, 48.163084899901769 ], [ 2.121302235424531, 48.162904982473485 ], [ 2.121033306592135, 48.162902926237948 ], [ 2.121030232580168, 48.163082843653321 ], [ 2.12049237312535, 48.163078729269074 ] ], [ [ 2.122408642508268, 48.161114026006587 ], [ 2.12402216044622, 48.161126334337354 ], [ 2.124025223785212, 48.160946416716349 ], [ 2.12294954880017, 48.160938213730283 ], [ 2.122952615869617, 48.160758296154974 ], [ 2.122683698138637, 48.16075624384866 ], [ 2.122680630129068, 48.160936161411115 ], [ 2.122411711488049, 48.160934108462847 ], [ 2.122408642508268, 48.161114026006587 ] ], [ [ 2.124291080207728, 48.161128383524066 ], [ 2.124828919820811, 48.161132480010281 ], [ 2.124831980339403, 48.160952562350701 ], [ 2.124294142606585, 48.160948465890193 ], [ 2.124291080207728, 48.161128383524066 ] ], [ [ 2.120553885243908, 48.159480380374802 ], [ 2.120822796153401, 48.15948243762319 ], [ 2.120825870502654, 48.159302520104575 ], [ 2.120556960533206, 48.159300462869098 ], [ 2.120553885243908, 48.159480380374802 ] ] ] } },
{ "type": "Feature", "properties": { "surface_ha": 21.87 }, "geometry": { "type": "Polygon", "coordinates": [ [ [ 2.139831322308376, 48.164664607995036 ], [ 2.1398343307393, 48.16448468973217 ], [ 2.139027515591217, 48.164478649061465 ], [ 2.139030526813603, 48.16429873083068 ], [ 2.13876158943027, 48.164296716028126 ], [ 2.138758577267564, 48.164476634246277 ], [ 2.138489638973447, 48.164474618801904 ], [ 2.138492652076472, 48.164294700596443 ], [ 2.13795477745752, 48.164290667845584 ], [ 2.137957792411619, 48.164110749659621 ], [ 2.137419919791538, 48.164106714417507 ], [ 2.137431986834586, 48.163387041716938 ], [ 2.137700919368699, 48.163389059601897 ], [ 2.137712982177472, 48.162669386757848 ], [ 2.137981910980161, 48.162671403963024 ], [ 2.137993969554979, 48.161951730975503 ], [ 2.138262894626378, 48.161953747500924 ], [ 2.138271935426584, 48.16141399266138 ], [ 2.13854085770699, 48.161416008519765 ], [ 2.138552907932998, 48.160696335268526 ], [ 2.13882182648235, 48.160698350447248 ], [ 2.13883086102136, 48.160158595409946 ], [ 2.138561945292358, 48.160156580269167 ], [ 2.138564957686405, 48.159976661924439 ], [ 2.137489298826236, 48.159968595121491 ], [ 2.137492314951097, 48.159788676821606 ], [ 2.136685573936716, 48.159782620152342 ], [ 2.136688592852237, 48.15960270188468 ], [ 2.13641968018004, 48.159600681749517 ], [ 2.136425719802406, 48.159240845222101 ], [ 2.136694630594477, 48.159242865331919 ], [ 2.136706705723773, 48.158523192156785 ], [ 2.136975612785301, 48.158525211586841 ], [ 2.136984666001487, 48.157985456606525 ], [ 2.137253570272592, 48.15798747536958 ], [ 2.137256587012161, 48.157807557018536 ], [ 2.139138911157668, 48.157821670658954 ], [ 2.139132890808832, 48.158181507532412 ], [ 2.139939607239747, 48.158187546876185 ], [ 2.139936599841078, 48.158367465342138 ], [ 2.141281132515585, 48.15837751839792 ], [ 2.141284135214213, 48.158197599868892 ], [ 2.142359758123765, 48.158205630940792 ], [ 2.142350761219791, 48.158745386661749 ], [ 2.142081852628215, 48.158743379799482 ], [ 2.142072852639457, 48.159283135430421 ], [ 2.141803941257153, 48.159281127901366 ], [ 2.141791937100014, 48.160000801944321 ], [ 2.141523021986822, 48.159998793735781 ], [ 2.141514015739668, 48.160538549169317 ], [ 2.141245097835574, 48.16053654029389 ], [ 2.141239091643358, 48.160896377195371 ], [ 2.141776931241515, 48.160900394367538 ], [ 2.141773929981535, 48.161080312834777 ], [ 2.142580692419897, 48.161086333912763 ], [ 2.142574695452626, 48.161446170905435 ], [ 2.142305772730102, 48.161444164483328 ], [ 2.142293774681986, 48.162163838348668 ], [ 2.142024848228109, 48.162161831247083 ], [ 2.142015846562535, 48.162701586547385 ], [ 2.141746917317414, 48.162699578778877 ], [ 2.141737912566295, 48.163239333989161 ], [ 2.141468980529854, 48.163237325553752 ], [ 2.141456970021851, 48.163956999035832 ], [ 2.141188034253728, 48.163954989920811 ], [ 2.141179023242635, 48.164494744933627 ], [ 2.140910084683025, 48.16449273515164 ], [ 2.140907080013424, 48.16467265346504 ], [ 2.139831322308376, 48.164664607995036 ] ] ] } },
{ "type": "Feature", "properties": { "surface_ha": 7.12 }, "geometry": { "type": "Polygon", "coordinates": [ [ [ 2.130509689884088, 48.15919624366083 ], [ 2.130512730331841, 48.159016325668389 ], [ 2.128899275767083, 48.159004108844208 ], [ 2.128902321825205, 48.158824190922644 ], [ 2.12836450575584, 48.158820113641312 ], [ 2.128361457817661, 48.159000031537282 ], [ 2.128092548887772, 48.158997991940282 ], [ 2.128104744221243, 48.15827832037273 ], [ 2.128373649391075, 48.158280359918528 ], [ 2.128379744998483, 48.157920524074314 ], [ 2.128648648318223, 48.157922562965517 ], [ 2.128651695137132, 48.157742645021905 ], [ 2.130534012631422, 48.15775689955872 ], [ 2.130530972392339, 48.157936817591796 ], [ 2.131068779539071, 48.157940884681139 ], [ 2.131071817898202, 48.157760966622547 ], [ 2.13241633158631, 48.157771123274564 ], [ 2.132413297927067, 48.15795104139692 ], [ 2.132682201693935, 48.157953070853061 ], [ 2.1326852344132, 48.157773152717958 ], [ 2.132954137269822, 48.157775181532372 ], [ 2.132951105490538, 48.157955099680201 ], [ 2.135640145089951, 48.157975353356242 ], [ 2.135637122680844, 48.158155271625411 ], [ 2.135368217647408, 48.158153249075632 ], [ 2.135365194268666, 48.158333167326283 ], [ 2.135096288324873, 48.158331144134806 ], [ 2.13509023959843, 48.158690980593342 ], [ 2.134821331804261, 48.158688956747412 ], [ 2.13481830645653, 48.158868874955274 ], [ 2.134549397751994, 48.158866850467639 ], [ 2.134543345087464, 48.159226686840498 ], [ 2.131047510191006, 48.159200310928888 ], [ 2.131050548758677, 48.159020392910897 ], [ 2.130781639530357, 48.159018359604168 ], [ 2.130778600022647, 48.159198277609384 ], [ 2.130509689884088, 48.15919624366083 ] ], [ [ 2.129180365079832, 48.158286474781868 ], [ 2.12944927036914, 48.158288511811627 ], [ 2.129452314427816, 48.158108593841263 ], [ 2.129183410078501, 48.158106556824286 ], [ 2.129180365079832, 48.158286474781868 ] ] ] } },
{ "type": "Feature", "properties": { "surface_ha": 24.47 }, "geometry": { "type": "Polygon", "coordinates": [ [ [ 2.150783604662985, 48.169244564399705 ], [ 2.150786575268225, 48.169064645767108 ], [ 2.149710722941093, 48.169056692214589 ], [ 2.149713697279465, 48.168876773626124 ], [ 2.148906811162032, 48.168870801892027 ], [ 2.148909788292903, 48.168690883335266 ], [ 2.148371866241679, 48.168686899057946 ], [ 2.148389739700095, 48.167607387745626 ], [ 2.148658695067975, 48.167609380123864 ], [ 2.148661672934982, 48.167429461539022 ], [ 2.148392718507592, 48.16742746917329 ], [ 2.148395697285878, 48.16724755059515 ], [ 2.148664650772788, 48.167249542948369 ], [ 2.148676561832013, 48.166529868527775 ], [ 2.148945511586294, 48.166531860201765 ], [ 2.148951465059851, 48.166172022931697 ], [ 2.149220412962462, 48.16617401395149 ], [ 2.149229340132658, 48.16563425796538 ], [ 2.149498285243226, 48.165636248318535 ], [ 2.149510183966818, 48.164916573539216 ], [ 2.149779125345053, 48.164918563213241 ], [ 2.1497910198406, 48.164198888291182 ], [ 2.150059957486638, 48.164200877286085 ], [ 2.150068875231224, 48.163661120996231 ], [ 2.15033781008549, 48.163663109324531 ], [ 2.150346724746911, 48.163123352945064 ], [ 2.150615656809472, 48.163125340606783 ], [ 2.150618627364745, 48.162945421789551 ], [ 2.150887558516175, 48.162947408809679 ], [ 2.150890528102065, 48.162767489974193 ], [ 2.150083737555927, 48.162761527063843 ], [ 2.150086709933429, 48.162581608259963 ], [ 2.149817780749903, 48.162579619377439 ], [ 2.149820754038494, 48.162399700580245 ], [ 2.149013969483576, 48.16239373019544 ], [ 2.149016945563681, 48.162213811429929 ], [ 2.148748018377282, 48.16221182005593 ], [ 2.148750995368421, 48.162031901297112 ], [ 2.148482069151424, 48.162029909306519 ], [ 2.14848802492653, 48.161670071796522 ], [ 2.148756949263129, 48.161672063762119 ], [ 2.148765879886271, 48.161132307416096 ], [ 2.14903480143153, 48.161134298715105 ], [ 2.149040753154044, 48.160774461097098 ], [ 2.149309672848175, 48.160776451742031 ], [ 2.149321572182565, 48.160056776386483 ], [ 2.149590488145358, 48.160058766352392 ], [ 2.149605356956654, 48.159159171965022 ], [ 2.149874268248181, 48.159161161239425 ], [ 2.149880213688493, 48.158801323418935 ], [ 2.150418032598764, 48.158805300030672 ], [ 2.150421003395122, 48.158625381086779 ], [ 2.150152094865458, 48.158623393107881 ], [ 2.150155066572719, 48.15844347417066 ], [ 2.150423974162352, 48.15844546213706 ], [ 2.150426944900453, 48.158265543181543 ], [ 2.150695851579194, 48.158267530506485 ], [ 2.150692881781112, 48.158447449474451 ], [ 2.150961789428992, 48.158449436182792 ], [ 2.150967727116, 48.158089598216122 ], [ 2.151236632912952, 48.158091584270501 ], [ 2.15123960077279, 48.157911665266006 ], [ 2.152046315518189, 48.157917619617727 ], [ 2.152043350478367, 48.158097538659618 ], [ 2.151774444594146, 48.158095554492242 ], [ 2.151762580384024, 48.158815230552001 ], [ 2.151493670768771, 48.158813245705801 ], [ 2.151484769485639, 48.159353002652352 ], [ 2.151215857079298, 48.159351017139734 ], [ 2.15121288898666, 48.159530936097852 ], [ 2.151481802333077, 48.159532921622954 ], [ 2.151478835151425, 48.159712840587709 ], [ 2.151747749467023, 48.159714825496209 ], [ 2.151744783196373, 48.159894744467671 ], [ 2.152282613795011, 48.159898712422418 ], [ 2.152279649375489, 48.160078631412965 ], [ 2.152817481970605, 48.160082596876357 ], [ 2.1528056315229, 48.160802272880211 ], [ 2.152536711450291, 48.160800290413263 ], [ 2.152530784171827, 48.161160128355505 ], [ 2.152261862247962, 48.161158145234594 ], [ 2.15225296829178, 48.161697902067132 ], [ 2.151984043576439, 48.16169591827979 ], [ 2.151966249237858, 48.162775431713634 ], [ 2.151697318910265, 48.162773447222456 ], [ 2.151694352145133, 48.162953366095344 ], [ 2.151425420906377, 48.162951380962596 ], [ 2.151422453171892, 48.163131299817238 ], [ 2.151960317559021, 48.163135269478545 ], [ 2.15195735167598, 48.163315188352314 ], [ 2.152495218059981, 48.163319155522011 ], [ 2.152504109980275, 48.162779398808659 ], [ 2.152773040395082, 48.162781381412486 ], [ 2.152781929233106, 48.162241624609607 ], [ 2.153050856856253, 48.162243606546994 ], [ 2.153053818803939, 48.162063687588649 ], [ 2.153322745515912, 48.162065668884502 ], [ 2.153319784508446, 48.162245587855281 ], [ 2.153857639899921, 48.162249548584491 ], [ 2.153854680743881, 48.162429467574313 ], [ 2.154123609423376, 48.162431447007691 ], [ 2.154126567639187, 48.162251528005427 ], [ 2.154395495407459, 48.162253506797271 ], [ 2.154398452654045, 48.162073587776796 ], [ 2.154667379511092, 48.162075565927118 ], [ 2.154670335788468, 48.161895646888425 ], [ 2.154939261734291, 48.161897624397234 ], [ 2.154933351030982, 48.162257462493614 ], [ 2.154664423204727, 48.162255484960006 ], [ 2.154658510505034, 48.162615323008382 ], [ 2.154389580827296, 48.162613344820805 ], [ 2.154383666131145, 48.162973182821176 ], [ 2.154114734601899, 48.162971203979659 ], [ 2.154105859519356, 48.163510960899451 ], [ 2.153836925198292, 48.163508981391523 ], [ 2.153831006450956, 48.163868819284225 ], [ 2.153562070278315, 48.163866839122328 ], [ 2.153556149534273, 48.16422667696699 ], [ 2.153287211510027, 48.164224696151038 ], [ 2.153278327355233, 48.164764452837254 ], [ 2.153009386539007, 48.164762471354862 ], [ 2.153003461743227, 48.165122309091807 ], [ 2.152734519075327, 48.16512032695536 ], [ 2.152728592282593, 48.165480164644237 ], [ 2.15245964776299, 48.16547818185375 ], [ 2.152450754534742, 48.166017938306211 ], [ 2.152181807223001, 48.166015954849186 ], [ 2.152178841815027, 48.166195873642643 ], [ 2.151909893591943, 48.166193889543955 ], [ 2.15190099437223, 48.166733645852176 ], [ 2.15163204335692, 48.166731661086935 ], [ 2.151626108517412, 48.167091498571835 ], [ 2.150012391751411, 48.167079576617354 ], [ 2.150015364828502, 48.166899657952627 ], [ 2.148939557995978, 48.166891697448662 ], [ 2.148924673509346, 48.167791290464457 ], [ 2.148655717171765, 48.167789298702921 ], [ 2.148652739246355, 48.167969217276173 ], [ 2.149728568533827, 48.167977180596885 ], [ 2.149725594341287, 48.168157099214326 ], [ 2.150532469434714, 48.168163065135346 ], [ 2.150523555146937, 48.168702821065274 ], [ 2.151061477664824, 48.168706795274581 ], [ 2.151058508058401, 48.168886713931244 ], [ 2.151596432573886, 48.168890685648513 ], [ 2.151593464819477, 48.169070604324283 ], [ 2.151324501606611, 48.169068618767824 ], [ 2.151321532882522, 48.169248537425339 ], [ 2.150783604662985, 48.169244564399705 ] ] ] } }
]
}
