{
"type": "FeatureCollection",
"name": "perimetre",
"crs": { "type": "name", "properties": { "name": "urn:ogc:def:crs:OGC:1.3:CRS84" } },
"features": [
{ "type": "Feature", "properties": { "surface_ha": 2.44 }, "geometry": { "type": "Polygon", "coordinates": [ [ [ 0.532593867610201, 49.507919672906318 ], [ 0.532580922446603, 49.507740118699196 ], [ 0.532305190176185, 49.507748548097439 ], [ 0.532201641567402, 49.506312113723737 ], [ 0.533028813864475, 49.506286824836216 ], [ 0.533015867854939, 49.506107270662483 ], [ 0.533843035971826, 49.506081976029861 ], [ 0.533855984996961, 49.506261530044128 ], [ 0.534407431771491, 49.506244663569142 ], [ 0.534459237208107, 49.506962879119868 ], [ 0.534183509864681, 49.506971312898088 ], [ 0.534222362285652, 49.507509974635532 ], [ 0.533395170431418, 49.507535272512165 ], [ 0.533408118481472, 49.50771482656792 ], [ 0.532856654587633, 49.507731688644867 ], [ 0.532869600756524, 49.507911242798819 ], [ 0.532593867610201, 49.507919672906318 ] ] ] } },
{ "type": "Feature", "properties": { "surface_ha": 1.08 }, "geometry": { "type": "Polygon", "coordinates": [ [ [ 0.512323416661891, 49.506558159298748 ], [ 0.512259066161499, 49.505660368395368 ], [ 0.513637697276616, 49.505618455011138 ], [ 0.513676322270026, 49.506157128784672 ], [ 0.513952051122832, 49.506148743980994 ], [ 0.513977803772485, 49.506507859683872 ], [ 0.512323416661891, 49.506558159298748 ] ] ] } },
{ "type": "Feature", "properties": { "surface_ha": 2.76 }, "geometry": { "type": "Polygon", "coordinates": [ [ [ 0.538423136095852, 49.508281162091095 ], [ 0.538371270220469, 49.507562949779135 ], [ 0.538646999641956, 49.507554505946949 ], [ 0.538621065471392, 49.507195399848761 ], [ 0.538896792752781, 49.50718695546697 ], [ 0.538870857090204, 49.5068278494428 ], [ 0.538595131819262, 49.506836293718131 ], [ 0.538556232313103, 49.50629763446134 ], [ 0.538280509928156, 49.506306077920904 ], [ 0.538228649754996, 49.505587865252039 ], [ 0.537952931261124, 49.50559630784263 ], [ 0.53790107718181, 49.504878094831092 ], [ 0.538176791655173, 49.504869652453387 ], [ 0.53815086338273, 49.504510546005378 ], [ 0.538426575716329, 49.504502103078096 ], [ 0.538439540792853, 49.50468165625292 ], [ 0.538715254001955, 49.504673212616403 ], [ 0.538728220213163, 49.504852765729872 ], [ 0.539003934297767, 49.504844321384105 ], [ 0.539016901643678, 49.505023874436233 ], [ 0.539292616603781, 49.50501542938121 ], [ 0.539422307243231, 49.506810958923964 ], [ 0.539146582231529, 49.506819404511425 ], [ 0.539185488935501, 49.507358063375769 ], [ 0.539461216962876, 49.507349617628591 ], [ 0.539526069088443, 49.50824738197403 ], [ 0.538423136095852, 49.508281162091095 ] ], [ [ 0.538228649754996, 49.505587865252039 ], [ 0.538504368119285, 49.505579422005376 ], [ 0.538491402394819, 49.505399868871123 ], [ 0.53821568503567, 49.505408312064525 ], [ 0.538228649754996, 49.505587865252039 ] ] ] } },
{ "type": "Feature", "properties": { "surface_ha": 11.76 }, "geometry": { "type": "Polygon", "coordinates": [ [ [ 0.552722046597314, 49.507302550876261 ], [ 0.552709028051588, 49.50712300055968 ], [ 0.552157582324392, 49.507139954486306 ], [ 0.552144565919116, 49.506960404054723 ], [ 0.54993878584847, 49.507028193091934 ], [ 0.549925777614602, 49.506848642224845 ], [ 0.549374333306886, 49.50686558281695 ], [ 0.54936132721336, 49.506686031834938 ], [ 0.549085605869665, 49.506694501093506 ], [ 0.549072600911291, 49.50651495004999 ], [ 0.548796880442765, 49.506523418599151 ], [ 0.548783876619521, 49.506343867494117 ], [ 0.548508157026167, 49.506352335333837 ], [ 0.548495154338034, 49.506172784167298 ], [ 0.54794371677173, 49.506189717771917 ], [ 0.547930716223819, 49.506010166490519 ], [ 0.547654998250882, 49.506018632255397 ], [ 0.547641998838036, 49.505839080912459 ], [ 0.547366281740292, 49.505847545967967 ], [ 0.547353283462488, 49.505667994563581 ], [ 0.547077567239945, 49.505676458909676 ], [ 0.547064570097163, 49.505496907443806 ], [ 0.546513139272582, 49.505513834061247 ], [ 0.546500144269903, 49.505334282480504 ], [ 0.546224429667881, 49.505342744751871 ], [ 0.546211435800177, 49.505163193109695 ], [ 0.545935722073376, 49.50517165467167 ], [ 0.545909736737734, 49.504812551256222 ], [ 0.546461160041158, 49.504795627689617 ], [ 0.54643517120472, 49.504436524455045 ], [ 0.546710880651509, 49.504428061794449 ], [ 0.546697885423064, 49.504248510218353 ], [ 0.546422176981315, 49.504256972825601 ], [ 0.546409182887783, 49.504077421188022 ], [ 0.546684890324504, 49.5040689586341 ], [ 0.546671895355822, 49.503889407041733 ], [ 0.547223307829571, 49.50387248007268 ], [ 0.547236304808288, 49.504052031558338 ], [ 0.547787718772468, 49.504035101858626 ], [ 0.547800717891131, 49.504214653229432 ], [ 0.548076425683365, 49.504206187342263 ], [ 0.548089425936984, 49.504385738651543 ], [ 0.548916551549132, 49.504360336893924 ], [ 0.5489295549478, 49.504539888034969 ], [ 0.549480973382826, 49.504522950143183 ], [ 0.549493978921546, 49.504702501169319 ], [ 0.550321108614282, 49.504677089251508 ], [ 0.550334117298141, 49.504856640109338 ], [ 0.550609827940743, 49.504848168104687 ], [ 0.550622837759676, 49.505027718900941 ], [ 0.551449971922423, 49.505002298790771 ], [ 0.551462984886577, 49.505181849418626 ], [ 0.552014409021567, 49.505164899291692 ], [ 0.552027424125921, 49.505344449804596 ], [ 0.552578849750713, 49.505327496946784 ], [ 0.552591866995301, 49.505507047344672 ], [ 0.553143294109818, 49.505490091755952 ], [ 0.553156313494676, 49.505669642038804 ], [ 0.553432027861828, 49.505661163206987 ], [ 0.553445048381905, 49.50584071342827 ], [ 0.553996478735961, 49.505823753689711 ], [ 0.55400950139637, 49.50600330379595 ], [ 0.554560933239974, 49.505986341326398 ], [ 0.554573958040751, 49.506165891317579 ], [ 0.555125391373831, 49.506148926117042 ], [ 0.555138418315013, 49.506328475993101 ], [ 0.554862700708459, 49.506336958974863 ], [ 0.554875726774724, 49.506516508896283 ], [ 0.554324289160804, 49.506533472998662 ], [ 0.554337313347003, 49.506713023018897 ], [ 0.554061593339638, 49.506721504139506 ], [ 0.55407461665087, 49.506901054205066 ], [ 0.553523174235355, 49.50691801458516 ], [ 0.553536195666443, 49.507097564749493 ], [ 0.553260473258296, 49.50710604400895 ], [ 0.553273493814367, 49.507285594218601 ], [ 0.552722046597314, 49.507302550876261 ] ] ] } },
{ "type": "Feature", "properties": { "surface_ha": 2.88 }, "geometry": { "type": "Polygon", "coordinates": [ [ [ 0.50389733778494, 49.504654585563877 ], [ 0.503871660598529, 49.504295465866576 ], [ 0.503595939182483, 49.504303826417733 ], [ 0.503557427380911, 49.503765146653144 ], [ 0.504384582197212, 49.503740063505859 ], [ 0.504358902273283, 49.503380943938765 ], [ 0.504083186139868, 49.503389305538477 ], [ 0.504096025032489, 49.503568865378782 ], [ 0.503544590370339, 49.503585586715481 ], [ 0.503506080108452, 49.503046906854145 ], [ 0.504057508739598, 49.503030185833694 ], [ 0.504044670231946, 49.502850625969195 ], [ 0.504596096339519, 49.502833902429991 ], [ 0.504583255949917, 49.502654342662865 ], [ 0.505410391133314, 49.502629252591966 ], [ 0.505448921733396, 49.5031679313946 ], [ 0.505724636219881, 49.503159566567355 ], [ 0.505776016171241, 49.503877804647004 ], [ 0.506051734550024, 49.503869438952762 ], [ 0.506077427306432, 49.504228557838694 ], [ 0.505525986399675, 49.504245288782087 ], [ 0.505538830960053, 49.504424848318443 ], [ 0.505263109308876, 49.5044332128588 ], [ 0.505275952992407, 49.504612772439785 ], [ 0.50389733778494, 49.504654585563877 ] ] ] } },
{ "type": "Feature", "properties": { "surface_ha": 2.6 }, "geometry": { "type": "Polygon", "coordinates": [ [ [ 0.506693111890009, 49.505109620817244 ], [ 0.506680262795069, 49.504930061524128 ], [ 0.506404538641794, 49.504938428846998 ], [ 0.506353147567213, 49.504220191382885 ], [ 0.506628867699581, 49.504211824271025 ], [ 0.50661601924677, 49.504032264937557 ], [ 0.506891738245515, 49.504023897222403 ], [ 0.506827492881896, 49.503126100697955 ], [ 0.506551778909003, 49.503134468149355 ], [ 0.506487541781557, 49.502236671159466 ], [ 0.506763250728851, 49.502228303971783 ], [ 0.506750402683493, 49.502048744602398 ], [ 0.507577525739587, 49.502023639261544 ], [ 0.507590376800206, 49.502203198472692 ], [ 0.507866085233782, 49.502194828660961 ], [ 0.507891789750552, 49.502553946953519 ], [ 0.507616079306779, 49.502562316870794 ], [ 0.507628930752736, 49.502741876057748 ], [ 0.507904642201622, 49.502733506087701 ], [ 0.507968906383902, 49.503631301637576 ], [ 0.5076931899093, 49.503639671871468 ], [ 0.507706042125981, 49.503819231010013 ], [ 0.507430324517745, 49.503827600640626 ], [ 0.507443175857699, 49.504007159823843 ], [ 0.507167457115827, 49.504015528851134 ], [ 0.507180307579036, 49.504195088079072 ], [ 0.507456027326104, 49.504186718999001 ], [ 0.507520286594957, 49.505084514753825 ], [ 0.506693111890009, 49.505109620817244 ] ] ] } },
{ "type": "Feature", "properties": { "surface_ha": 38.64 }, "geometry": { "type": "Polygon", "coordinates": [ [ [ 0.556241287439076, 49.506294537505916 ], [ 0.556228256477475, 49.506114987843816 ], [ 0.555676824186099, 49.50613195829245 ], [ 0.555663795364926, 49.50595240851522 ], [ 0.555112364562854, 49.505969376232848 ], [ 0.555099337882077, 49.505789826340489 ], [ 0.554547908569377, 49.50580679132711 ], [ 0.554534884028961, 49.505627241319701 ], [ 0.553983456205711, 49.505644203575358 ], [ 0.553970433805619, 49.505464653452876 ], [ 0.553694720703828, 49.505473133543241 ], [ 0.553681699438958, 49.505293583359148 ], [ 0.553130274855085, 49.505310541464958 ], [ 0.553117255730477, 49.505130991165828 ], [ 0.552841544248409, 49.505139469181273 ], [ 0.552828526258975, 49.504959918820589 ], [ 0.552277104914617, 49.504976872776631 ], [ 0.552264089065383, 49.504797322300924 ], [ 0.551712669210754, 49.504814273526137 ], [ 0.551699655501681, 49.504634722935435 ], [ 0.550872527759364, 49.504660144693041 ], [ 0.550859517195455, 49.504480593933934 ], [ 0.550308100060443, 49.504497538385614 ], [ 0.550295091636619, 49.504317987511548 ], [ 0.550570799264112, 49.504309515667124 ], [ 0.550557789965286, 49.504129964838341 ], [ 0.551109202820162, 49.504113019288368 ], [ 0.551096191641353, 49.503933468558316 ], [ 0.551371896868729, 49.503924994852774 ], [ 0.551358884814969, 49.503745444167983 ], [ 0.552737403975955, 49.503703066067956 ], [ 0.552724387027365, 49.5035235156422 ], [ 0.553275791771193, 49.503506559917334 ], [ 0.553223717238224, 49.502788358560537 ], [ 0.552948018951144, 49.502796836537179 ], [ 0.552961036384286, 49.502976386942002 ], [ 0.552409637409965, 49.502993341034319 ], [ 0.552422652963324, 49.503172891537893 ], [ 0.55187125145878, 49.503189843113283 ], [ 0.551884265132314, 49.503369393715616 ], [ 0.550781456542693, 49.503403289208606 ], [ 0.550768446889001, 49.503223738392592 ], [ 0.55049274542147, 49.503232210572548 ], [ 0.550505754070198, 49.503411761441953 ], [ 0.550230051467686, 49.503420233019341 ], [ 0.550243059241454, 49.50359978393405 ], [ 0.550518762848942, 49.503591312303257 ], [ 0.550544780796484, 49.503950414001451 ], [ 0.550269075179014, 49.503958885739053 ], [ 0.55028208334281, 49.504138436629361 ], [ 0.549730669707826, 49.504155378243468 ], [ 0.549717663554048, 49.503975827246357 ], [ 0.549166251409118, 49.503992766129755 ], [ 0.549153247395335, 49.503813215017708 ], [ 0.548877542132911, 49.503821683422068 ], [ 0.548864539254093, 49.503642132248544 ], [ 0.548588834866707, 49.503650599943512 ], [ 0.548601836740529, 49.50383015117044 ], [ 0.548326131218197, 49.503838618262833 ], [ 0.548313130349374, 49.503659066982557 ], [ 0.5480374257021, 49.503667533365608 ], [ 0.547998426890187, 49.503128879315824 ], [ 0.54827412852252, 49.503120413092915 ], [ 0.548261128173438, 49.502940861780083 ], [ 0.548812529038381, 49.502923927473113 ], [ 0.548799526809335, 49.502744376258939 ], [ 0.549350925144585, 49.502727439434906 ], [ 0.54933792103562, 49.502547888319398 ], [ 0.549613619003365, 49.502539418976859 ], [ 0.549626624117259, 49.502718970038991 ], [ 0.549902322959956, 49.50271049998711 ], [ 0.549876310852293, 49.502351397961519 ], [ 0.550427704128018, 49.502334456103533 ], [ 0.550414696259352, 49.50215490518535 ], [ 0.551517477231039, 49.502121013811795 ], [ 0.551504465472808, 49.501941463099136 ], [ 0.551780159385756, 49.501932988669346 ], [ 0.551767146752691, 49.50175343800197 ], [ 0.55204283953071, 49.501744962969688 ], [ 0.552029826022829, 49.501565412347638 ], [ 0.552581209178946, 49.501548460422171 ], [ 0.552568193791416, 49.501368909898837 ], [ 0.553119574417515, 49.501351955456613 ], [ 0.553106557150383, 49.50117240503203 ], [ 0.553933624099262, 49.501146968609724 ], [ 0.553920603947747, 49.500967418337368 ], [ 0.554196291665646, 49.500958938271594 ], [ 0.554183270639443, 49.500779388044549 ], [ 0.554734643675208, 49.500762426052233 ], [ 0.554721620769535, 49.500582875923996 ], [ 0.555272991275095, 49.500565911415066 ], [ 0.55525996649, 49.500386361385608 ], [ 0.555535650542743, 49.500377878200808 ], [ 0.555522624883042, 49.500198328216705 ], [ 0.556349673245847, 49.500172874887447 ], [ 0.55636270191986, 49.500352424711082 ], [ 0.55663838545183, 49.500343938902766 ], [ 0.556651415260831, 49.500523488664754 ], [ 0.557478468089704, 49.500498027143976 ], [ 0.55746543526638, 49.500318477542486 ], [ 0.558016801158183, 49.50030150002295 ], [ 0.558003766455587, 49.500121950520324 ], [ 0.558830811301983, 49.500096479482529 ], [ 0.558817773715416, 49.499916930132322 ], [ 0.559369134285395, 49.499899946268201 ], [ 0.559356094819657, 49.499720397016937 ], [ 0.559631773904448, 49.499711904154609 ], [ 0.559710018682158, 49.500789199218794 ], [ 0.559434333568841, 49.500797692402358 ], [ 0.559460414194477, 49.501156790799016 ], [ 0.559184726941243, 49.501165283433771 ], [ 0.559262965917041, 49.50224257874963 ], [ 0.559814352351201, 49.502225592181745 ], [ 0.559801310186374, 49.502046043089855 ], [ 0.56007700220308, 49.502037548875577 ], [ 0.56006395916375, 49.50185799982912 ], [ 0.560615340796397, 49.501841009539973 ], [ 0.56060229587775, 49.501661460592445 ], [ 0.560877985493685, 49.501652964517561 ], [ 0.560864939700589, 49.501473415615479 ], [ 0.561140628181321, 49.501464918938247 ], [ 0.561127581513793, 49.501285370081597 ], [ 0.561678956074458, 49.501268374866619 ], [ 0.561731151565504, 49.501986569815863 ], [ 0.562006842669511, 49.501978071010249 ], [ 0.562019892873153, 49.502157619673625 ], [ 0.562571276699567, 49.5021406199875 ], [ 0.562558224486239, 49.501961071431289 ], [ 0.562833915198939, 49.50195257065797 ], [ 0.56287307524482, 49.502491216141365 ], [ 0.562597381517566, 49.502499717075466 ], [ 0.562623486857368, 49.502858814130875 ], [ 0.562072094992007, 49.50287581424567 ], [ 0.562085145847802, 49.503055362868331 ], [ 0.561533751450913, 49.503072360466582 ], [ 0.561546800427331, 49.503251909188236 ], [ 0.561271102028348, 49.503260407057049 ], [ 0.561310246725324, 49.503799053333886 ], [ 0.56103454518114, 49.503807550707464 ], [ 0.561047592669339, 49.503987099503675 ], [ 0.560771889989803, 49.503995596274855 ], [ 0.560784936603442, 49.504175145116513 ], [ 0.560233528843267, 49.504192136798132 ], [ 0.560246573577352, 49.504371685738747 ], [ 0.559970868496718, 49.504380180649171 ], [ 0.559983912356194, 49.504559729635211 ], [ 0.559432499793853, 49.504576717595285 ], [ 0.559445541773698, 49.504756266680275 ], [ 0.558894126679955, 49.504773252123513 ], [ 0.558907166780122, 49.504952801307446 ], [ 0.558631458032733, 49.504961293098653 ], [ 0.558644497258211, 49.505140842327961 ], [ 0.558368787375472, 49.505149333516719 ], [ 0.558381825726235, 49.50532888279141 ], [ 0.557830403559743, 49.505345863308015 ], [ 0.557843440030722, 49.505525412681628 ], [ 0.557567727746975, 49.505533902009454 ], [ 0.55758076334319, 49.505713451428448 ], [ 0.557305049924091, 49.505721940153798 ], [ 0.55731808464552, 49.505901489618154 ], [ 0.556766655406341, 49.50591846520787 ], [ 0.55677968824788, 49.506098014771119 ], [ 0.556503972427803, 49.506106501635486 ], [ 0.556517004394505, 49.506286051244089 ], [ 0.556241287439076, 49.506294537505916 ] ] ] } },
{ "type": "Feature", "properties": { "surface_ha": 4.32 }, "geometry": { "type": "Polygon", "coordinates": [ [ [ 0.517317415609528, 49.502987208737416 ], [ 0.517304528599187, 49.502807651424028 ], [ 0.517028819513388, 49.502816043804543 ], [ 0.516964391418971, 49.501918256851809 ], [ 0.51668868722967, 49.501926648311745 ], [ 0.516637151092319, 49.501208418392537 ], [ 0.516912851261565, 49.501200027144179 ], [ 0.516899966544161, 49.501020469697075 ], [ 0.517727063264233, 49.500995292174927 ], [ 0.51771417566068, 49.500815734878472 ], [ 0.518541268206588, 49.500790551611324 ], [ 0.518554158825053, 49.500970108749051 ], [ 0.518829857087668, 49.500961712961825 ], [ 0.518842748839945, 49.501141270038516 ], [ 0.519118447978692, 49.501132873542367 ], [ 0.519157127023601, 49.501671544565149 ], [ 0.519708530944464, 49.501654749287304 ], [ 0.519760112848651, 49.502372976780926 ], [ 0.520035818635866, 49.50236457794626 ], [ 0.520048715439181, 49.502544134746501 ], [ 0.519773008646918, 49.502552533634137 ], [ 0.519798800630121, 49.50291164731626 ], [ 0.517317415609528, 49.502987208737416 ] ] ] } },
{ "type": "Feature", "properties": { "surface_ha": 1.52 }, "geometry": { "type": "Polygon", "coordinates": [ [ [ 0.511187440669521, 49.502273898267653 ], [ 0.511148848289798, 49.501735222693057 ], [ 0.510873143408454, 49.501743600271332 ], [ 0.510834555200973, 49.501204924465625 ], [ 0.510558853206172, 49.501213301229456 ], [ 0.510545991732475, 49.50103374255859 ], [ 0.510821692722259, 49.501025365847561 ], [ 0.510795968150495, 49.500666248587237 ], [ 0.5113473657244, 49.500649493408488 ], [ 0.511334501621381, 49.500469934871845 ], [ 0.5116101992105, 49.500461556351325 ], [ 0.5116230643185, 49.50064111483514 ], [ 0.511898762784019, 49.500632735605819 ], [ 0.511988829175515, 49.501889644396677 ], [ 0.51226453454756, 49.501881264141574 ], [ 0.512277402694372, 49.502060822455142 ], [ 0.51255310894286, 49.502052441491195 ], [ 0.512565978223351, 49.502231999743856 ], [ 0.511187440669521, 49.502273898267653 ] ] ] } },
{ "type": "Feature", "properties": { "surface_ha": 3.08 }, "geometry": { "type": "Polygon", "coordinates": [ [ [ 0.56602461196352, 49.500234579117944 ], [ 0.566011547993072, 49.500055031177226 ], [ 0.565735868894152, 49.500063539284952 ], [ 0.565722806058974, 49.499883991282445 ], [ 0.565447127834217, 49.499892498680708 ], [ 0.565421004564894, 49.49953340254396 ], [ 0.565145328218999, 49.499541909179143 ], [ 0.565132267784821, 49.499362361044909 ], [ 0.564856592313088, 49.499370866970608 ], [ 0.56483047384564, 49.499011770570498 ], [ 0.565381820639902, 49.49899475827776 ], [ 0.565368759592632, 49.498815210172694 ], [ 0.564266069500696, 49.498849231920396 ], [ 0.564253012602539, 49.498669683592738 ], [ 0.564528684316629, 49.498661179193135 ], [ 0.564515626544317, 49.498481630910966 ], [ 0.565066967571728, 49.498464620251575 ], [ 0.565053907920656, 49.49828507206847 ], [ 0.565329577233973, 49.498276565808673 ], [ 0.565355698675888, 49.498635662059513 ], [ 0.565631369867937, 49.498627155036637 ], [ 0.565618308077085, 49.498447606968931 ], [ 0.565893978133968, 49.498439099343869 ], [ 0.565907040929451, 49.498618647357958 ], [ 0.566734053330684, 49.498593120386992 ], [ 0.566720987521319, 49.498413572533849 ], [ 0.566996657055969, 49.498405062285521 ], [ 0.567009723869958, 49.498584610085032 ], [ 0.567561064556743, 49.498567587513691 ], [ 0.567574133510579, 49.498747135197739 ], [ 0.567849804662698, 49.498738622874654 ], [ 0.567862874751779, 49.498918170496907 ], [ 0.56813854677792, 49.498909657464374 ], [ 0.568151618002267, 49.499089205024795 ], [ 0.56787594497148, 49.499097718111031 ], [ 0.567889015321802, 49.499277265716948 ], [ 0.567613341155736, 49.499285778200985 ], [ 0.56762641063201, 49.499465325852448 ], [ 0.567350735330661, 49.499473837734314 ], [ 0.567376872665679, 49.499832933120061 ], [ 0.567101195224353, 49.499841444453402 ], [ 0.567114263083068, 49.500020992187714 ], [ 0.566838584506443, 49.500029502918863 ], [ 0.566851651491041, 49.500209050698665 ], [ 0.56602461196352, 49.500234579117944 ] ], [ [ 0.56567055602371, 49.499165799190898 ], [ 0.566221904044092, 49.499148782855883 ], [ 0.566195775791087, 49.498789686975762 ], [ 0.565644431789323, 49.498806703096214 ], [ 0.56567055602371, 49.499165799190898 ] ] ] } },
{ "type": "Feature", "properties": { "surface_ha": 6.28 }, "geometry": { "type": "Polygon", "coordinates": [ [ [ 0.498139314300229, 49.501410015598424 ], [ 0.498126498182027, 49.501230454547319 ], [ 0.497299380135549, 49.501255492026154 ], [ 0.497286567160662, 49.501075930809165 ], [ 0.495908039547466, 49.501117646557198 ], [ 0.495895231725988, 49.500938085069158 ], [ 0.495619526824347, 49.500946426198119 ], [ 0.495606720135943, 49.500766864649457 ], [ 0.495331016111369, 49.500775205069829 ], [ 0.495318210556022, 49.500595643460507 ], [ 0.496972426752974, 49.500545591413662 ], [ 0.496985238338635, 49.500725152707432 ], [ 0.49726094159507, 49.500716808351001 ], [ 0.497209692000569, 49.499998563338046 ], [ 0.498036788941139, 49.499973526964119 ], [ 0.498023973847638, 49.499793965848603 ], [ 0.499678158240327, 49.499743875704908 ], [ 0.499652516377794, 49.499384754081234 ], [ 0.501030989798226, 49.499342994781976 ], [ 0.501043815690255, 49.499522555334579 ], [ 0.501595206171112, 49.499505846917785 ], [ 0.501608034201273, 49.499685407356964 ], [ 0.501332338019974, 49.499693761946006 ], [ 0.501447787015885, 49.501309806010163 ], [ 0.498690727700921, 49.501393320560545 ], [ 0.498677909572562, 49.501213759614707 ], [ 0.498402203941346, 49.501222107408999 ], [ 0.498415021064626, 49.50140166840751 ], [ 0.498139314300229, 49.501410015598424 ] ] ] } },
{ "type": "Feature", "properties": { "surface_ha": 2.48 }, "geometry": { "type": "Polygon", "coordinates": [ [ [ 0.502422290930813, 49.499480779372796 ], [ 0.502409460013989, 49.499301219083556 ], [ 0.501030989798226, 49.499342994781976 ], [ 0.501018164034382, 49.499163434221323 ], [ 0.500742470611583, 49.499171787340451 ], [ 0.500716821478325, 49.498812666089634 ], [ 0.500992512891247, 49.498804313075844 ], [ 0.500979687511954, 49.498624752491033 ], [ 0.501255377791773, 49.498616398873935 ], [ 0.501268204175989, 49.498795959406067 ], [ 0.501819586360884, 49.498779250098707 ], [ 0.501806757966831, 49.498599689671892 ], [ 0.504563651147924, 49.498516104305004 ], [ 0.50457648959107, 49.498695664204867 ], [ 0.50485217920854, 49.498687302007795 ], [ 0.50489069832262, 49.499225981500878 ], [ 0.504339312929841, 49.499242705555403 ], [ 0.504352150881304, 49.499422265475729 ], [ 0.502422290930813, 49.499480779372796 ] ] ] } },
{ "type": "Feature", "properties": { "surface_ha": 5.56 }, "geometry": { "type": "Polygon", "coordinates": [ [ [ 0.512450159329274, 49.500615975179258 ], [ 0.512437291206342, 49.500436416853944 ], [ 0.512712988281086, 49.500428035709533 ], [ 0.512687250411133, 49.500068919140332 ], [ 0.513238640154923, 49.500052155094991 ], [ 0.51322576940299, 49.49987259690397 ], [ 0.513501463076997, 49.499864213950204 ], [ 0.51348859144877, 49.499684655803954 ], [ 0.514315668684111, 49.499659503165539 ], [ 0.514302794169779, 49.499479945169767 ], [ 0.514578485319314, 49.499471559697938 ], [ 0.514565609928752, 49.499292001746966 ], [ 0.515392679590538, 49.49926684155443 ], [ 0.51537980131399, 49.49908728375398 ], [ 0.51565548993896, 49.499078895764136 ], [ 0.515642610786241, 49.498899338008513 ], [ 0.516193985640273, 49.498882560166805 ], [ 0.516181104606548, 49.498703002508854 ], [ 0.516732476935917, 49.49868622214926 ], [ 0.516719594021226, 49.498506664589016 ], [ 0.516995278987937, 49.498498273478241 ], [ 0.516982395197159, 49.498318715962796 ], [ 0.517258079030273, 49.498310324249005 ], [ 0.517219425416056, 49.497771651812933 ], [ 0.517495106105956, 49.497763259601953 ], [ 0.517482220820625, 49.497583702160036 ], [ 0.518309259103256, 49.497558521750442 ], [ 0.518347924388786, 49.498097193575809 ], [ 0.518072242075637, 49.498105587860316 ], [ 0.518098017567053, 49.498464702475957 ], [ 0.51837370188985, 49.498456308085622 ], [ 0.518399479906165, 49.498815422563112 ], [ 0.518675166109834, 49.498807027411004 ], [ 0.518726727707755, 49.499525256057282 ], [ 0.517623966042228, 49.499558833576899 ], [ 0.517636852744186, 49.499738390929956 ], [ 0.516809777127967, 49.49976356734102 ], [ 0.516822660943975, 49.499943124844712 ], [ 0.515995581154114, 49.499968295510975 ], [ 0.516008462084096, 49.500147853165252 ], [ 0.514905683208948, 49.50018140508184 ], [ 0.514918560247882, 49.50036096293956 ], [ 0.513815775293758, 49.50039450457227 ], [ 0.513828648441543, 49.500574062633369 ], [ 0.512450159329274, 49.500615975179258 ] ] ] } },
{ "type": "Feature", "properties": { "surface_ha": 1.88 }, "geometry": { "type": "Polygon", "coordinates": [ [ [ 0.539140411116117, 49.499081732180066 ], [ 0.539127446036798, 49.498902178966695 ], [ 0.538851765374222, 49.498910622867655 ], [ 0.538825837613811, 49.49855151631013 ], [ 0.53910151626687, 49.498543072515616 ], [ 0.539088551576259, 49.498363519277909 ], [ 0.538812873927945, 49.498371963019189 ], [ 0.538773983647676, 49.497833303097707 ], [ 0.539049658281819, 49.497824859516129 ], [ 0.539075587015214, 49.49818396603208 ], [ 0.539626939913672, 49.498167076688404 ], [ 0.539601007161412, 49.497807970385352 ], [ 0.539876681406841, 49.497799524836239 ], [ 0.53985074716352, 49.497440418607212 ], [ 0.539299402561858, 49.497457308836715 ], [ 0.539286437643938, 49.497277755603548 ], [ 0.539562109004878, 49.497269310869967 ], [ 0.539549143211855, 49.497089757681955 ], [ 0.539824813438551, 49.497081312345756 ], [ 0.539811846770442, 49.496901759202856 ], [ 0.540087515862894, 49.496893313264074 ], [ 0.540074548319723, 49.496713760166287 ], [ 0.540350216277936, 49.496705313624929 ], [ 0.54033724785972, 49.496525760572297 ], [ 0.540888581378068, 49.496508865628599 ], [ 0.540914522362652, 49.496867971512735 ], [ 0.54063885365901, 49.49687641941901 ], [ 0.540651823341082, 49.497055972402158 ], [ 0.540376153503173, 49.497064419705865 ], [ 0.540402091246829, 49.497423525754343 ], [ 0.540126419269973, 49.497431972508686 ], [ 0.54015235552268, 49.497791078631217 ], [ 0.540428029508915, 49.497782631770349 ], [ 0.540466937874137, 49.498321290733536 ], [ 0.540191260873755, 49.498329737754112 ], [ 0.540230167391287, 49.498868396804035 ], [ 0.539678806973226, 49.498885289197098 ], [ 0.539691774062087, 49.499064842304008 ], [ 0.539140411116117, 49.499081732180066 ] ] ] } },
{ "type": "Feature", "properties": { "surface_ha": 1.72 }, "geometry": { "type": "Polygon", "coordinates": [ [ [ 0.563885953156626, 49.497421348439495 ], [ 0.563859843587582, 49.49706225153848 ], [ 0.563584180653957, 49.497070754143998 ], [ 0.563558073615849, 49.496711657103191 ], [ 0.564109395334452, 49.496694651450738 ], [ 0.564083284800022, 49.496335554591738 ], [ 0.564358943454578, 49.496327050889064 ], [ 0.56434588737855, 49.496147502500953 ], [ 0.563794571947992, 49.496164509143306 ], [ 0.563755410529669, 49.49562586360846 ], [ 0.563204100604265, 49.495642867306159 ], [ 0.563191049068001, 49.495463318671092 ], [ 0.56291539491413, 49.495471819482724 ], [ 0.562902344512758, 49.49529227078591 ], [ 0.563453650681142, 49.495275268614044 ], [ 0.563466703091446, 49.495454817203672 ], [ 0.563742356984455, 49.495446315080535 ], [ 0.563703197131482, 49.494907669447912 ], [ 0.563978847880693, 49.494899166829818 ], [ 0.564004956327794, 49.495258263819196 ], [ 0.564280608955444, 49.495249760438149 ], [ 0.564319775617905, 49.495788405700274 ], [ 0.564595431128498, 49.495779901502651 ], [ 0.564608487948073, 49.495959449853444 ], [ 0.564884144332673, 49.495950944946479 ], [ 0.564858028815038, 49.495591848343956 ], [ 0.56513368306019, 49.495583342888452 ], [ 0.565185918635375, 49.496301535846442 ], [ 0.565461576767981, 49.496293029520714 ], [ 0.565474636992546, 49.496472577686212 ], [ 0.565198977855425, 49.496481084065572 ], [ 0.565212037205982, 49.496660632276559 ], [ 0.564385055998058, 49.496686147640858 ], [ 0.564398112465512, 49.496865696004548 ], [ 0.56467377400318, 49.496857191485262 ], [ 0.564699889338629, 49.497216288080971 ], [ 0.564148562114601, 49.497233296678154 ], [ 0.564161617968923, 49.497412845070969 ], [ 0.563885953156626, 49.497421348439495 ] ], [ [ 0.564371999661081, 49.49650659926904 ], [ 0.564923318587803, 49.496489589789164 ], [ 0.564910260372267, 49.496310041516431 ], [ 0.564358943454578, 49.496327050889064 ], [ 0.564371999661081, 49.49650659926904 ] ] ] } },
{ "type": "Feature", "properties": { "surface_ha": 2.0 }, "geometry": { "type": "Polygon", "coordinates": [ [ [ 0.49629293315163, 49.498766663620735 ], [ 0.496280124984269, 49.498587102133222 ], [ 0.49572874169509, 49.498603784991836 ], [ 0.495715935665604, 49.498424223391076 ], [ 0.494888862786752, 49.498449242601616 ], [ 0.494876059900032, 49.498269680835072 ], [ 0.494600369689418, 49.498278019207454 ], [ 0.494587567935574, 49.49809845738028 ], [ 0.494311878601936, 49.498106795044109 ], [ 0.494299077980945, 49.497927233156346 ], [ 0.494023389524288, 49.497935570111672 ], [ 0.494010590036131, 49.497756008163286 ], [ 0.494561964811712, 49.497739333701787 ], [ 0.494536362199612, 49.497380209991114 ], [ 0.49426067688556, 49.497388547444693 ], [ 0.494247876776288, 49.497208985524715 ], [ 0.494523561085469, 49.497200648123659 ], [ 0.494497959240988, 49.496841524364697 ], [ 0.494773641412523, 49.496833186412857 ], [ 0.494696832920505, 49.495755815258107 ], [ 0.494972508935219, 49.495747476965732 ], [ 0.494908500352897, 49.494849667711563 ], [ 0.495184171215883, 49.494841329026158 ], [ 0.49526098792706, 49.495918699791602 ], [ 0.494985311035502, 49.495927038792445 ], [ 0.495100535695732, 49.497543094870352 ], [ 0.494824849632687, 49.497551433688372 ], [ 0.494837652007597, 49.497730995487125 ], [ 0.495389026015503, 49.497714317089994 ], [ 0.495401830528158, 49.497893878775528 ], [ 0.495677518345058, 49.497885538540451 ], [ 0.495690323990588, 49.498065100165398 ], [ 0.496517389688055, 49.498040075366781 ], [ 0.496530198476304, 49.498219636825887 ], [ 0.496805887791021, 49.498211293861864 ], [ 0.496818697712204, 49.49839085526034 ], [ 0.496543007392569, 49.498399198276957 ], [ 0.496568625609151, 49.498758321154909 ], [ 0.49629293315163, 49.498766663620735 ] ] ] } },
{ "type": "Feature", "properties": { "surface_ha": 1.32 }, "geometry": { "type": "Polygon", "coordinates": [ [ [ 0.579664502220106, 49.494054342789937 ], [ 0.579612058943628, 49.493336160895588 ], [ 0.579887696084407, 49.493327620569012 ], [ 0.579874584588538, 49.49314807512885 ], [ 0.579598948452032, 49.493156615401581 ], [ 0.57955961776328, 49.492617978870534 ], [ 0.579835250887027, 49.492609438759288 ], [ 0.579809029074414, 49.492250347805424 ], [ 0.580360290911955, 49.492233265831324 ], [ 0.5803734037612, 49.492412811204666 ], [ 0.580649035487653, 49.492404269180327 ], [ 0.580675263587698, 49.492763359794807 ], [ 0.580950897191575, 49.492754817007103 ], [ 0.581003358981247, 49.493472997922595 ], [ 0.580727721360325, 49.493481540925721 ], [ 0.580714606720598, 49.493301995655237 ], [ 0.580438969972903, 49.493310537948823 ], [ 0.580452083608351, 49.493490083273151 ], [ 0.579900807711293, 49.493507166000995 ], [ 0.57992703135813, 49.493866256840519 ], [ 0.580753951032931, 49.49384063144214 ], [ 0.580767066065813, 49.494020176688103 ], [ 0.579664502220106, 49.494054342789937 ] ] ] } },
{ "type": "Feature", "properties": { "surface_ha": 1.24 }, "geometry": { "type": "Polygon", "coordinates": [ [ [ 0.554752101386568, 49.493383903892585 ], [ 0.554739081806928, 49.493204353537799 ], [ 0.55446343780728, 49.493212833928048 ], [ 0.554450419362115, 49.493033283511672 ], [ 0.555001705222558, 49.493016322182299 ], [ 0.554988684898753, 49.492836771864681 ], [ 0.555815609700478, 49.492811325113195 ], [ 0.555802586493725, 49.492631774947853 ], [ 0.556078226829689, 49.492623291439429 ], [ 0.556052178797924, 49.492264191191289 ], [ 0.556327816995077, 49.492255707134134 ], [ 0.556314792170093, 49.492076157051343 ], [ 0.556590429232777, 49.492067672391968 ], [ 0.55657740353364, 49.491888122354531 ], [ 0.557404310927775, 49.491862664602777 ], [ 0.557417339639818, 49.492042214479746 ], [ 0.557692976181795, 49.492033727197629 ], [ 0.557706006028337, 49.492213277012944 ], [ 0.557430368482052, 49.492221764348571 ], [ 0.55744339745448, 49.492401314209268 ], [ 0.557167758773681, 49.492409800942681 ], [ 0.557180786871974, 49.49258935084876 ], [ 0.556629507111164, 49.492606322455472 ], [ 0.556642533330959, 49.492785872460374 ], [ 0.556366892250953, 49.492794357333707 ], [ 0.55637991759656, 49.492973907383934 ], [ 0.555552990562559, 49.49299935823008 ], [ 0.555579035618014, 49.493358458627043 ], [ 0.554752101386568, 49.493383903892585 ] ], [ [ 0.556603455062075, 49.492247222421277 ], [ 0.556879092998911, 49.492238737052745 ], [ 0.556866066165299, 49.492059187076897 ], [ 0.556590429232777, 49.492067672391968 ], [ 0.556603455062075, 49.492247222421277 ] ] ] } },
{ "type": "Feature", "properties": { "surface_ha": 3.0 }, "geometry": { "type": "Polygon", "coordinates": [ [ [ 0.55202166495461, 49.49382778057651 ], [ 0.552008655158903, 49.493648229703552 ], [ 0.551733007849966, 49.493656703643481 ], [ 0.55171999918868, 49.493477152708955 ], [ 0.55089305949519, 49.49350257043406 ], [ 0.55088005397712, 49.493323019331221 ], [ 0.550604408157093, 49.493331490541387 ], [ 0.550591403773383, 49.493151939377 ], [ 0.550040113752288, 49.493168879723363 ], [ 0.550053116127191, 49.493348430994551 ], [ 0.549501823577561, 49.49336536882479 ], [ 0.549488823211471, 49.493185817446836 ], [ 0.548937532151011, 49.493202752547404 ], [ 0.548898537858536, 49.492664098044521 ], [ 0.549449822892657, 49.49264716326423 ], [ 0.5494368230462, 49.492467611853783 ], [ 0.549712464364038, 49.492459143533445 ], [ 0.549738466195606, 49.492818246239466 ], [ 0.550014109392274, 49.49280977715663 ], [ 0.550001107407156, 49.492630225861056 ], [ 0.550552391401953, 49.492613285835048 ], [ 0.550526383804064, 49.492254183433126 ], [ 0.550250743880347, 49.492262653667197 ], [ 0.550224738810899, 49.491903551125958 ], [ 0.551051652166197, 49.491878138777032 ], [ 0.551064657648947, 49.49205768989151 ], [ 0.551340296178469, 49.492049217743727 ], [ 0.551353302795516, 49.492228768796721 ], [ 0.551904581473311, 49.492211822427223 ], [ 0.551930599114723, 49.492570924295087 ], [ 0.55220624026733, 49.492562450019982 ], [ 0.552232260437458, 49.492921551748481 ], [ 0.552507903468791, 49.492913076710799 ], [ 0.552520914753248, 49.493092627509448 ], [ 0.552796558658941, 49.493084151762609 ], [ 0.552809571077807, 49.493263702499689 ], [ 0.552533926167726, 49.493272178299932 ], [ 0.552572961191296, 49.493810830622643 ], [ 0.55202166495461, 49.49382778057651 ] ] ] } },
{ "type": "Feature", "properties": { "surface_ha": 1.12 }, "geometry": { "type": "Polygon", "coordinates": [ [ [ 0.560777133905237, 49.492658520676741 ], [ 0.560764092620466, 49.492478971474632 ], [ 0.560212816245937, 49.492495960129411 ], [ 0.560199777100103, 49.492316410812059 ], [ 0.560475414348209, 49.492307916866068 ], [ 0.560462374328368, 49.492128367594134 ], [ 0.560186738084565, 49.492136861486586 ], [ 0.560173699199319, 49.491957312152948 ], [ 0.559898063829517, 49.491965805336186 ], [ 0.559885026078846, 49.491786255940887 ], [ 0.560436294679596, 49.491769269025788 ], [ 0.560423255050659, 49.491589719729454 ], [ 0.560698888151321, 49.491581225341953 ], [ 0.560685847648422, 49.491401676090994 ], [ 0.560961479614516, 49.491393181101365 ], [ 0.560948438237676, 49.491213631895796 ], [ 0.561224069069207, 49.491205136304089 ], [ 0.561211026818443, 49.491025587143938 ], [ 0.562037915518348, 49.491000096595499 ], [ 0.562050960781812, 49.491179645594954 ], [ 0.561775330341284, 49.491188143153678 ], [ 0.56178837473086, 49.491367692198544 ], [ 0.561512743155747, 49.49137618915514 ], [ 0.56153883031742, 49.491735287327614 ], [ 0.560987562759148, 49.491752279488047 ], [ 0.561000604526942, 49.491931828669173 ], [ 0.561276239375521, 49.491923332863223 ], [ 0.561289282277921, 49.492102881982667 ], [ 0.560738010441871, 49.492119873045979 ], [ 0.56075105146601, 49.492299422264374 ], [ 0.561026688453497, 49.492290927006998 ], [ 0.56103973061226, 49.492470476163724 ], [ 0.56159100620486, 49.492453483574813 ], [ 0.561604050502582, 49.49263303261624 ], [ 0.560777133905237, 49.492658520676741 ] ] ] } },
{ "type": "Feature", "properties": { "surface_ha": 1.72 }, "geometry": { "type": "Polygon", "coordinates": [ [ [ 0.530378468095741, 49.4925116770752 ], [ 0.530365538071521, 49.492332121958874 ], [ 0.529538598576417, 49.492357386610934 ], [ 0.529525671694713, 49.492177831327254 ], [ 0.529801317317836, 49.492169410485388 ], [ 0.529788389560881, 49.4919898552467 ], [ 0.530064034050389, 49.491981433802188 ], [ 0.53007696281177, 49.492160988987806 ], [ 0.530628253412038, 49.492144144025389 ], [ 0.530602392000796, 49.49178503385842 ], [ 0.531153678066537, 49.491768186485473 ], [ 0.53116661071637, 49.491947741466788 ], [ 0.533371757844407, 49.49188032532075 ], [ 0.533358817159358, 49.491700770764417 ], [ 0.533634458964155, 49.491692340848545 ], [ 0.5336474006536, 49.491871895351721 ], [ 0.533923043333466, 49.491863464726933 ], [ 0.533961872190992, 49.492402128028473 ], [ 0.533410580675453, 49.492418988941154 ], [ 0.533397639602453, 49.492239434409122 ], [ 0.533121994655123, 49.492247863828716 ], [ 0.533134934723698, 49.492427418413882 ], [ 0.532307996092611, 49.492452702897594 ], [ 0.532295059037326, 49.492273148153053 ], [ 0.532019413572824, 49.492281574949693 ], [ 0.532032349623677, 49.492461129747362 ], [ 0.530378468095741, 49.4925116770752 ] ] ] } },
{ "type": "Feature", "properties": { "surface_ha": 1.56 }, "geometry": { "type": "Polygon", "coordinates": [ [ [ 0.525705358257293, 49.492834322314749 ], [ 0.525692445179813, 49.492654766304518 ], [ 0.52541679561115, 49.492663177416162 ], [ 0.525352237181591, 49.491765396978401 ], [ 0.525627881727989, 49.491756986131868 ], [ 0.525614969424729, 49.491577430073079 ], [ 0.52616625612158, 49.491560606518767 ], [ 0.526192084874836, 49.491919718416206 ], [ 0.527294664755216, 49.491886063014505 ], [ 0.527333420906352, 49.492424730163449 ], [ 0.527609068567061, 49.492416314514507 ], [ 0.527634908655573, 49.492775425800538 ], [ 0.527359258985933, 49.492783841555557 ], [ 0.527346339881592, 49.49260428586355 ], [ 0.526795042163961, 49.492621115300246 ], [ 0.526807959259356, 49.492800671098365 ], [ 0.525705358257293, 49.492834322314749 ] ] ] } },
{ "type": "Feature", "properties": { "surface_ha": 1.12 }, "geometry": { "type": "Polygon", "coordinates": [ [ [ 0.520140751112636, 49.492284192683577 ], [ 0.52011496629716, 49.49192507847097 ], [ 0.519839319172214, 49.491933476202497 ], [ 0.519787755105006, 49.49121524746846 ], [ 0.520063398212189, 49.491206849948668 ], [ 0.520076290040188, 49.491386407091369 ], [ 0.52035193402297, 49.491378008862874 ], [ 0.520339041190547, 49.491198451773109 ], [ 0.521165969352562, 49.491173253312041 ], [ 0.521178865198249, 49.491352810242937 ], [ 0.52145450866562, 49.491344409391466 ], [ 0.521467405644604, 49.491523966261369 ], [ 0.521191761172805, 49.491532367165775 ], [ 0.521243346359736, 49.492250594776209 ], [ 0.520140751112636, 49.492284192683577 ] ] ] } },
{ "type": "Feature", "properties": { "surface_ha": 1.4 }, "geometry": { "type": "Polygon", "coordinates": [ [ [ 0.528698734050329, 49.492203089918334 ], [ 0.528608270587684, 49.490946201591221 ], [ 0.528056992240683, 49.490963036630305 ], [ 0.528044071414163, 49.4907834810165 ], [ 0.527768433051353, 49.490791897499392 ], [ 0.527755513358302, 49.490612341824438 ], [ 0.528582425046314, 49.490587090567736 ], [ 0.528569502469329, 49.490407535043865 ], [ 0.528845138436073, 49.490399116699926 ], [ 0.528858062017401, 49.490578672170763 ], [ 0.52968497215577, 49.490553413045539 ], [ 0.52967204556142, 49.490373857733964 ], [ 0.530223316332486, 49.490357015144781 ], [ 0.530249173667714, 49.490716125547529 ], [ 0.530524810868142, 49.490707703163196 ], [ 0.530537740733899, 49.49088725829931 ], [ 0.53026210252912, 49.490895680736735 ], [ 0.530275031519718, 49.491075235917862 ], [ 0.529999392181377, 49.49108365775264 ], [ 0.5300123202968, 49.491263212978737 ], [ 0.529736679824896, 49.491271634210925 ], [ 0.52972375271385, 49.491092078931707 ], [ 0.528896833536246, 49.491117338534622 ], [ 0.528909757634153, 49.491296893973036 ], [ 0.529185398493563, 49.491288474708057 ], [ 0.52919832372501, 49.491468030085315 ], [ 0.52892268186121, 49.491476449403365 ], [ 0.52897438006095, 49.49219467104372 ], [ 0.528698734050329, 49.492203089918334 ] ] ] } },
{ "type": "Feature", "properties": { "surface_ha": 2.16 }, "geometry": { "type": "Polygon", "coordinates": [ [ [ 0.511204176653562, 49.490936568778771 ], [ 0.51115274073847, 49.490218333262504 ], [ 0.511428380803241, 49.490209956440665 ], [ 0.511415521141311, 49.490030397594239 ], [ 0.511139882080938, 49.490038774363263 ], [ 0.511101306879296, 49.489500097617082 ], [ 0.512479485830413, 49.489458208006887 ], [ 0.512492349124294, 49.489637766666284 ], [ 0.512767985533301, 49.489629386724275 ], [ 0.512755121235063, 49.489449828117721 ], [ 0.513030756511164, 49.489441447572794 ], [ 0.513017891337124, 49.489261889010976 ], [ 0.513293525480319, 49.489253507863204 ], [ 0.513306391658706, 49.489433066372179 ], [ 0.51358202667768, 49.489424684515861 ], [ 0.513607761428876, 49.489783801403917 ], [ 0.513883398327988, 49.489775418786209 ], [ 0.51389626690083, 49.489954977165262 ], [ 0.513620628997344, 49.489963359835841 ], [ 0.513633496694397, 49.490142918259657 ], [ 0.512530939777177, 49.490176442596031 ], [ 0.51258239578066, 49.490894677055977 ], [ 0.511204176653562, 49.490936568778771 ] ], [ [ 0.512018246330577, 49.490731877003839 ], [ 0.51229388902304, 49.490723498056333 ], [ 0.512281025962318, 49.490543939392538 ], [ 0.512005384274276, 49.490552318287236 ], [ 0.512018246330577, 49.490731877003839 ] ], [ [ 0.512780849960091, 49.489808945322764 ], [ 0.513056487244917, 49.489800564672223 ], [ 0.513043621813759, 49.489621006126541 ], [ 0.512767985533301, 49.489629386724275 ], [ 0.512780849960091, 49.489808945322764 ] ] ] } },
{ "type": "Feature", "properties": { "surface_ha": 4.08 }, "geometry": { "type": "Polygon", "coordinates": [ [ [ 0.493927915615976, 49.492719934909189 ], [ 0.49391511883223, 49.492540372779921 ], [ 0.493363802076542, 49.492557042881593 ], [ 0.493287036114492, 49.491479669306479 ], [ 0.493562688528791, 49.491471334898812 ], [ 0.49351150975971, 49.490753085897929 ], [ 0.493787158028032, 49.490744751044673 ], [ 0.493748772280236, 49.490206064367122 ], [ 0.492646190493808, 49.490239399215127 ], [ 0.492633399518173, 49.490059836763031 ], [ 0.492909044152057, 49.490051504087234 ], [ 0.492896252299772, 49.489871941679624 ], [ 0.49317189580136, 49.489863608400569 ], [ 0.493146310471367, 49.489504483666302 ], [ 0.493421951836217, 49.48949614983659 ], [ 0.493460333036329, 49.490034836768302 ], [ 0.494562909270598, 49.490001494261286 ], [ 0.49457570727755, 49.490181056345563 ], [ 0.495402641123846, 49.490156042422093 ], [ 0.495415442272117, 49.49033560434065 ], [ 0.49513979678012, 49.490343943023468 ], [ 0.495165397451451, 49.490703066941556 ], [ 0.495441044952425, 49.490694728153592 ], [ 0.49545384648447, 49.490874290047984 ], [ 0.495729494862022, 49.490865950551665 ], [ 0.495691087636192, 49.490327265002044 ], [ 0.495966732872334, 49.490318925007685 ], [ 0.496030750577572, 49.491216733953912 ], [ 0.495755100318927, 49.491225074211151 ], [ 0.495767903239289, 49.491404636028818 ], [ 0.49549225184817, 49.49141297568287 ], [ 0.49546664814444, 49.491053851934339 ], [ 0.495190998634447, 49.491062190827428 ], [ 0.495255003830553, 49.491960000401235 ], [ 0.494979349169912, 49.491968338901387 ], [ 0.495004950134675, 49.492327462779684 ], [ 0.494729293336954, 49.492335800729144 ], [ 0.494742093006619, 49.492515362708772 ], [ 0.495017750808937, 49.492507024706754 ], [ 0.49503055161112, 49.492686586625773 ], [ 0.494479233869356, 49.492703262079132 ], [ 0.49446643507639, 49.492523700054988 ], [ 0.494190777018256, 49.492532036745359 ], [ 0.494203574806614, 49.492711598822076 ], [ 0.493927915615976, 49.492719934909189 ] ] ] } },
{ "type": "Feature", "properties": { "surface_ha": 4.16 }, "geometry": { "type": "Polygon", "coordinates": [ [ [ 0.490331550780222, 49.492648681549049 ], [ 0.490318767184334, 49.492469118728962 ], [ 0.489767449114898, 49.492485771674076 ], [ 0.48975466765599, 49.492306208740942 ], [ 0.489203351084871, 49.492322858957785 ], [ 0.489190571762913, 49.492143295911632 ], [ 0.488914914290394, 49.492151619983851 ], [ 0.48886380229797, 49.491433367508982 ], [ 0.489139455752142, 49.491425043646665 ], [ 0.489126677068707, 49.491245480560337 ], [ 0.488575372041797, 49.491262127524166 ], [ 0.488549819076213, 49.490903001117445 ], [ 0.489101120084932, 49.490886354363496 ], [ 0.48911389851297, 49.491065917465939 ], [ 0.489389549830331, 49.491057593052787 ], [ 0.489376770397752, 49.490878030002804 ], [ 0.489652420582867, 49.490869704986352 ], [ 0.489639640273466, 49.490690141980849 ], [ 0.489363991092882, 49.490698466944835 ], [ 0.489351211915716, 49.49051890387878 ], [ 0.489626860091781, 49.490510578967282 ], [ 0.489614080037808, 49.490331015945699 ], [ 0.489338432866249, 49.490339340804702 ], [ 0.489325653944488, 49.490159777722582 ], [ 0.489050007649729, 49.490168101873351 ], [ 0.489011674664073, 49.489629412421294 ], [ 0.489287317945392, 49.489621088427967 ], [ 0.489300096484059, 49.489800651534217 ], [ 0.489575740642153, 49.489792326832642 ], [ 0.489562961099016, 49.489612763778865 ], [ 0.490665532436365, 49.489579458624846 ], [ 0.490678315997359, 49.489759021468664 ], [ 0.490953959516822, 49.48975069348824 ], [ 0.490979529031003, 49.490109819046729 ], [ 0.491255174431655, 49.49010149030552 ], [ 0.491267960384872, 49.490281053020205 ], [ 0.490992313979732, 49.490289381813888 ], [ 0.491005099056223, 49.490468944573031 ], [ 0.491280746465862, 49.490460615726846 ], [ 0.491293532674624, 49.490640178425409 ], [ 0.491017884260476, 49.490648507324131 ], [ 0.491030669592494, 49.490828070067167 ], [ 0.490755020046061, 49.490836398362589 ], [ 0.490767804501313, 49.49101596115009 ], [ 0.491043455052277, 49.491007632802159 ], [ 0.491081812198243, 49.491546320958889 ], [ 0.490806158633628, 49.491554649464327 ], [ 0.490870084742763, 49.492452463160504 ], [ 0.490594426027429, 49.492460791272649 ], [ 0.490607210627941, 49.492640354040255 ], [ 0.490331550780222, 49.492648681549049 ] ], [ [ 0.489453448908872, 49.491955408181916 ], [ 0.489729105121366, 49.491947082850551 ], [ 0.489703543097646, 49.491587956927987 ], [ 0.48942788889432, 49.49159628215439 ], [ 0.489453448908872, 49.491955408181916 ] ] ] } },
{ "type": "Feature", "properties": { "surface_ha": 1.12 }, "geometry": { "type": "Polygon", "coordinates": [ [ [ 0.542850503373429, 49.489250700596372 ], [ 0.542824555198314, 49.488891594989319 ], [ 0.542548931855787, 49.488900046453544 ], [ 0.542535958966876, 49.488720493584566 ], [ 0.541984713901326, 49.488737394439497 ], [ 0.541997684781855, 49.488916947415049 ], [ 0.541722061050472, 49.488925396912308 ], [ 0.541696121427397, 49.488566290846641 ], [ 0.541971743150406, 49.488557841455894 ], [ 0.541958772529089, 49.488378288464148 ], [ 0.542234393118319, 49.488369838471009 ], [ 0.542195479019537, 49.487831179606879 ], [ 0.543022330972171, 49.487805826173208 ], [ 0.543035305221235, 49.487985378976198 ], [ 0.54331092328365, 49.487976926467127 ], [ 0.543336874179002, 49.488336031942211 ], [ 0.543612494120061, 49.48832757867094 ], [ 0.543638447542364, 49.488686684006993 ], [ 0.54336282559297, 49.488695137384823 ], [ 0.543375801494438, 49.488874690093986 ], [ 0.5431001784112, 49.488883142869469 ], [ 0.543126128594718, 49.489242248369962 ], [ 0.542850503373429, 49.489250700596372 ] ], [ [ 0.543087203513916, 49.488703590107043 ], [ 0.54336282559297, 49.488695137384823 ], [ 0.543349849821157, 49.488515584667596 ], [ 0.543074228746279, 49.488524037336511 ], [ 0.543087203513916, 49.488703590107043 ] ], [ [ 0.542522986207593, 49.48854094070748 ], [ 0.542798607541753, 49.488532489349822 ], [ 0.542785633907928, 49.48835293651787 ], [ 0.542510013577936, 49.488361387822259 ], [ 0.542522986207593, 49.48854094070748 ] ] ] } },
{ "type": "Feature", "properties": { "surface_ha": 1.08 }, "geometry": { "type": "Polygon", "coordinates": [ [ [ 0.515575841204988, 49.490263783471278 ], [ 0.515562966348634, 49.49008422542552 ], [ 0.515287328212485, 49.490092612083295 ], [ 0.515248707428437, 49.489553937738918 ], [ 0.514973072176737, 49.489562323582376 ], [ 0.514947327639252, 49.489203207206671 ], [ 0.515222960882272, 49.489194821468928 ], [ 0.515184342027795, 49.48865614700339 ], [ 0.515459972129242, 49.488647760768558 ], [ 0.515447098430719, 49.488468202650104 ], [ 0.515998356239098, 49.488451428319109 ], [ 0.516011231946199, 49.488630986331842 ], [ 0.516286861661691, 49.488622598129936 ], [ 0.516312615470487, 49.488981714025414 ], [ 0.51603698374639, 49.488990102333062 ], [ 0.516024107781963, 49.488810544336488 ], [ 0.515748476933509, 49.48881893193559 ], [ 0.515761351893626, 49.488998489985015 ], [ 0.515485719912208, 49.489006876981293 ], [ 0.515550091620938, 49.489904667371668 ], [ 0.515825728624062, 49.489896280111061 ], [ 0.51583860435613, 49.490075838112027 ], [ 0.516114242234962, 49.490067450142803 ], [ 0.516101365498524, 49.489887892194723 ], [ 0.517479547940536, 49.489845942777279 ], [ 0.517492429698797, 49.490025500460924 ], [ 0.51666551760659, 49.49005067223721 ], [ 0.516678396480457, 49.490230230071475 ], [ 0.515575841204988, 49.490263783471278 ] ] ] } },
{ "type": "Feature", "properties": { "surface_ha": 1.16 }, "geometry": { "type": "Polygon", "coordinates": [ [ [ 0.494524516017071, 49.489462807960123 ], [ 0.494511718521665, 49.489283245843659 ], [ 0.493133517998122, 49.489324921287086 ], [ 0.493120725652711, 49.489145358899833 ], [ 0.492845086168891, 49.48915369196876 ], [ 0.492793922083151, 49.488435442129116 ], [ 0.493896463181007, 49.488402106759601 ], [ 0.493922053003359, 49.48876123127522 ], [ 0.494748963510618, 49.488736222547615 ], [ 0.494800156742598, 49.489454470851648 ], [ 0.494524516017071, 49.489462807960123 ] ] ] } },
{ "type": "Feature", "properties": { "surface_ha": 2.2 }, "geometry": { "type": "Polygon", "coordinates": [ [ [ 0.518216266066781, 49.488563862357417 ], [ 0.518190498712801, 49.488204747170172 ], [ 0.518466125390104, 49.488196353828592 ], [ 0.518427472311926, 49.487657681145819 ], [ 0.517324976881294, 49.487691249943182 ], [ 0.517337857094993, 49.487870807723802 ], [ 0.516510981157876, 49.487895977596004 ], [ 0.516523858487518, 49.488075535527202 ], [ 0.515696978379557, 49.488100699657004 ], [ 0.515671229874463, 49.487741583469266 ], [ 0.516222479391419, 49.487724808249894 ], [ 0.516196727383964, 49.487365692241326 ], [ 0.516472349940988, 49.48735730375391 ], [ 0.516498103956908, 49.487716419656714 ], [ 0.516773728393724, 49.487708030407866 ], [ 0.516760850317194, 49.487528472513375 ], [ 0.517587719842805, 49.48750330099152 ], [ 0.517574838882293, 49.48732374324765 ], [ 0.518126082580729, 49.487306959060568 ], [ 0.518113199740509, 49.487127401414398 ], [ 0.519491301712647, 49.487085429737398 ], [ 0.519478413980197, 49.486905872347741 ], [ 0.519754032984146, 49.486897476098306 ], [ 0.519766921720782, 49.487077033435042 ], [ 0.520042541600128, 49.487068636477069 ], [ 0.520055431469747, 49.487248193752777 ], [ 0.519504189573875, 49.487264987118969 ], [ 0.519517077563881, 49.487444544492469 ], [ 0.518690210741623, 49.487469729783172 ], [ 0.518728866446265, 49.488008402331459 ], [ 0.520106992236235, 49.487966422774832 ], [ 0.520094101851409, 49.48778686553144 ], [ 0.520369725618791, 49.487778467706043 ], [ 0.52040840017242, 49.488317139253127 ], [ 0.520132773392307, 49.488325537237323 ], [ 0.520145664163557, 49.488505094456457 ], [ 0.519318780037605, 49.488530284633811 ], [ 0.519305892279156, 49.488350727255884 ], [ 0.518479010006989, 49.488375911373367 ], [ 0.518491894752624, 49.48855546891005 ], [ 0.518216266066781, 49.488563862357417 ] ] ] } },
{ "type": "Feature", "properties": { "surface_ha": 1.72 }, "geometry": { "type": "Polygon", "coordinates": [ [ [ 0.545489896671999, 49.487550178137504 ], [ 0.545476913645238, 49.487370625797936 ], [ 0.545201299632643, 49.487379083391993 ], [ 0.5451883177397, 49.487199530991006 ], [ 0.544637091333561, 49.487216444105719 ], [ 0.544624111578502, 49.487036891589987 ], [ 0.544072886661761, 49.487053801975719 ], [ 0.544085864408648, 49.487233354598011 ], [ 0.544361477935946, 49.487224899679696 ], [ 0.544374456816605, 49.48740445224059 ], [ 0.543823227624134, 49.48742136152832 ], [ 0.543784297395743, 49.486882703501436 ], [ 0.543233073709162, 49.486899609847008 ], [ 0.543259023048745, 49.487258715419507 ], [ 0.542983409002809, 49.487267167715473 ], [ 0.542957461671405, 49.486908062036406 ], [ 0.54268184950402, 49.486916513570208 ], [ 0.542668877036842, 49.486736960665226 ], [ 0.542944488200153, 49.486728509184687 ], [ 0.542931514858528, 49.486548956324874 ], [ 0.542655904699285, 49.486557407752123 ], [ 0.542629960413019, 49.486198301901581 ], [ 0.542354352132265, 49.486206752566702 ], [ 0.542341381187591, 49.486027199575979 ], [ 0.543168202628893, 49.486001845773686 ], [ 0.543181176585676, 49.486181398604586 ], [ 0.54290556856416, 49.486189850580871 ], [ 0.542918541646531, 49.486369403456926 ], [ 0.543745368334298, 49.486344045401502 ], [ 0.543758344558456, 49.486523598109606 ], [ 0.544033954199129, 49.486515144060043 ], [ 0.544020976970922, 49.486335591405208 ], [ 0.544296585477881, 49.486327136753317 ], [ 0.544309563710136, 49.48650668935484 ], [ 0.544585173091464, 49.486498233994091 ], [ 0.544598152457453, 49.486677786534166 ], [ 0.545424982835437, 49.486652416358481 ], [ 0.545450947980893, 49.487011521094466 ], [ 0.545726559855593, 49.487003062951423 ], [ 0.545765511558967, 49.487541719834518 ], [ 0.545489896671999, 49.487550178137504 ] ] ] } },
{ "type": "Feature", "properties": { "surface_ha": 1.8 }, "geometry": { "type": "Polygon", "coordinates": [ [ [ 0.540253189182781, 49.487710761328458 ], [ 0.540214297725745, 49.48717210124866 ], [ 0.540489912063461, 49.487163655562014 ], [ 0.54046398306491, 49.48680454890804 ], [ 0.539912758276334, 49.486821439412765 ], [ 0.539925720702655, 49.487000992850284 ], [ 0.539650107109987, 49.487009437172489 ], [ 0.539624184395047, 49.486650330182918 ], [ 0.539899795979534, 49.486641885967174 ], [ 0.539873871774484, 49.486282779051592 ], [ 0.539322652492285, 49.486299666614563 ], [ 0.539348572681052, 49.486658773743052 ], [ 0.53879734886458, 49.486675658896559 ], [ 0.538784390713605, 49.486496105229932 ], [ 0.539060001682507, 49.486487663034197 ], [ 0.539034083760857, 49.486128555783019 ], [ 0.539309692592145, 49.48612011303814 ], [ 0.539296732821497, 49.485940559453617 ], [ 0.539572340519245, 49.485932116106362 ], [ 0.539585301293939, 49.48611166963768 ], [ 0.539860909866231, 49.486103225581616 ], [ 0.539847948087492, 49.485923672103546 ], [ 0.540123555526228, 49.48591522744514 ], [ 0.540136518309011, 49.486094780869976 ], [ 0.540687734805991, 49.486077889479972 ], [ 0.540700699726399, 49.486257442790205 ], [ 0.540149481221317, 49.486274334286705 ], [ 0.540162444263147, 49.486453887695312 ], [ 0.54098927483864, 49.486428549307462 ], [ 0.540937411399919, 49.485710336263232 ], [ 0.541488623103489, 49.485693441152726 ], [ 0.541514558579869, 49.486052547478074 ], [ 0.541238950784803, 49.486060995467597 ], [ 0.541303786722975, 49.486958761405255 ], [ 0.541579399538365, 49.486950313149435 ], [ 0.541592368118801, 49.487129866259373 ], [ 0.541316754299316, 49.487138314568426 ], [ 0.541342689840716, 49.487497420870454 ], [ 0.540791457796585, 49.487514315734757 ], [ 0.540778491969333, 49.487334762481318 ], [ 0.540502876757049, 49.487343208876815 ], [ 0.540528806532862, 49.48770231548211 ], [ 0.540253189182781, 49.487710761328458 ] ] ] } },
{ "type": "Feature", "properties": { "surface_ha": 9.48 }, "geometry": { "type": "Polygon", "coordinates": [ [ [ 0.510210123598814, 49.48862742798422 ], [ 0.510197269110595, 49.488447868853932 ], [ 0.510472899517242, 49.488439494527221 ], [ 0.510447188917554, 49.48808037634803 ], [ 0.510171560519503, 49.488088750569126 ], [ 0.510120144878642, 49.487370513902711 ], [ 0.509844520369228, 49.48737888725698 ], [ 0.509818815327915, 49.487019768769777 ], [ 0.510921304561014, 49.486986271840941 ], [ 0.510908448216106, 49.486806712796394 ], [ 0.512010931376903, 49.486773205588207 ], [ 0.511998071143637, 49.48659364674684 ], [ 0.512549309944653, 49.486576889314442 ], [ 0.512536447831507, 49.486397330570604 ], [ 0.513087684110062, 49.486380570621264 ], [ 0.513074820117081, 49.486201011975005 ], [ 0.514728519842444, 49.486150716708678 ], [ 0.514702780192224, 49.485791600026033 ], [ 0.514978394354781, 49.485783215292642 ], [ 0.514991265119738, 49.485962773585136 ], [ 0.515542495067317, 49.485946002045743 ], [ 0.515529622294076, 49.485766443858942 ], [ 0.515805236070791, 49.485758057158684 ], [ 0.515818109848173, 49.485937615292599 ], [ 0.51609372450039, 49.485929227883837 ], [ 0.516080849718869, 49.4857496698028 ], [ 0.516356463238304, 49.485741281791285 ], [ 0.516369339023961, 49.485920839819443 ], [ 0.517747409711774, 49.485878889663091 ], [ 0.517734528905459, 49.485699331899347 ], [ 0.518010141652817, 49.485690939954132 ], [ 0.518023023463261, 49.485870497664962 ], [ 0.518298637086027, 49.485862105011194 ], [ 0.518311520029323, 49.486041662661044 ], [ 0.517760290646798, 49.486058447418749 ], [ 0.517773171710528, 49.486238005166292 ], [ 0.517497555822051, 49.486246396614611 ], [ 0.517523316327315, 49.486605512191275 ], [ 0.516696461864728, 49.486630682919767 ], [ 0.516709339297868, 49.486810240854652 ], [ 0.516433719882126, 49.486818629839071 ], [ 0.516459473126033, 49.487177745790376 ], [ 0.515908229891759, 49.48719452200379 ], [ 0.515921104698279, 49.487374080073067 ], [ 0.515645481883945, 49.487382467249198 ], [ 0.515658355814884, 49.487562025363246 ], [ 0.514831483587382, 49.487587183116162 ], [ 0.514844354634233, 49.487766741380767 ], [ 0.514293103830998, 49.487783510043414 ], [ 0.514305972997949, 49.487963068405641 ], [ 0.513754719671819, 49.48797983455129 ], [ 0.513767586958821, 49.488159393011131 ], [ 0.512389446372231, 49.48820129716502 ], [ 0.512402308766379, 49.488380855880933 ], [ 0.511299789966392, 49.488414367612968 ], [ 0.511312648471854, 49.488593926532104 ], [ 0.510210123598814, 49.48862742798422 ] ] ] } },
{ "type": "Feature", "properties": { "surface_ha": 1.12 }, "geometry": { "type": "Polygon", "coordinates": [ [ [ 0.527996705836553, 49.486286172227651 ], [ 0.527983787362339, 49.486106616456389 ], [ 0.528259399356937, 49.486098200041582 ], [ 0.528233560787569, 49.485739088580893 ], [ 0.5285091706449, 49.485730671616622 ], [ 0.528483330583743, 49.485371560229638 ], [ 0.528758938303841, 49.485363142715904 ], [ 0.528746017462854, 49.485183587063332 ], [ 0.529572836836338, 49.485158330747751 ], [ 0.529585760689471, 49.485337886241112 ], [ 0.529861367893095, 49.485329466105007 ], [ 0.529874292879419, 49.485509021537183 ], [ 0.52959868467174, 49.485517441726365 ], [ 0.529650381892179, 49.486235663586427 ], [ 0.527996705836553, 49.486286172227651 ] ] ] } },
{ "type": "Feature", "properties": { "surface_ha": 4.2 }, "geometry": { "type": "Polygon", "coordinates": [ [ [ 0.556186693076374, 49.486501617447907 ], [ 0.556147628471822, 49.485962966554524 ], [ 0.555596422497931, 49.485979931581198 ], [ 0.555583403231225, 49.485800381160203 ], [ 0.555032198744937, 49.485817343457754 ], [ 0.555019181616235, 49.485637792921679 ], [ 0.554743580181954, 49.485646273033687 ], [ 0.554730564187267, 49.485466722436037 ], [ 0.554454963626888, 49.485475201839051 ], [ 0.554441948766197, 49.485295651179818 ], [ 0.554166349079725, 49.485304129873839 ], [ 0.554153335353006, 49.485124579153016 ], [ 0.553602137597866, 49.485141534467594 ], [ 0.553576114550203, 49.48478243278781 ], [ 0.554127308289645, 49.484765477687013 ], [ 0.554140321756313, 49.484945028424065 ], [ 0.554415919434922, 49.484936549836938 ], [ 0.554402904964337, 49.484756999153319 ], [ 0.554678501508996, 49.4847485199641 ], [ 0.55463945586575, 49.48420986802477 ], [ 0.554363862332775, 49.484218347053627 ], [ 0.554350848382313, 49.484038796337465 ], [ 0.554075255723187, 49.484047274657378 ], [ 0.554062242906617, 49.483867723879641 ], [ 0.554613426087112, 49.483850766691191 ], [ 0.554600411392844, 49.483671216012226 ], [ 0.555151592045496, 49.483654256308675 ], [ 0.555164608747468, 49.483833806880746 ], [ 0.55544019988257, 49.483825325992264 ], [ 0.555453217718455, 49.484004876502752 ], [ 0.55572880972735, 49.483996394905319 ], [ 0.555715790887607, 49.483816844448306 ], [ 0.555991381762568, 49.483808362248816 ], [ 0.556017421579856, 49.484167463047775 ], [ 0.556293014332452, 49.484158980085873 ], [ 0.556319056677849, 49.484518080745381 ], [ 0.556594651308106, 49.484509597020988 ], [ 0.556581629066474, 49.484330046748802 ], [ 0.557132815928881, 49.484313077440497 ], [ 0.557119791809617, 49.484133527267105 ], [ 0.557395384041766, 49.484125041683178 ], [ 0.557408409164897, 49.484304591803074 ], [ 0.557959595246499, 49.48428761856173 ], [ 0.557972622507519, 49.484467168566468 ], [ 0.557697028527918, 49.484475655568389 ], [ 0.557710054915216, 49.484655205618516 ], [ 0.557434459801578, 49.484663692018422 ], [ 0.55744748531513, 49.48484324211389 ], [ 0.557171889067452, 49.484851727911767 ], [ 0.557184913707244, 49.485031278052588 ], [ 0.556909316325521, 49.485039763248437 ], [ 0.556922340091529, 49.485219313434619 ], [ 0.556646741575759, 49.485227798028426 ], [ 0.55665976446796, 49.48540734825994 ], [ 0.55638416481814, 49.485415832251704 ], [ 0.556423231263616, 49.485954483057867 ], [ 0.556698833925295, 49.48594599890567 ], [ 0.556711857337987, 49.486125549104663 ], [ 0.556436253672337, 49.486134033310329 ], [ 0.556462298880122, 49.486493133790823 ], [ 0.556186693076374, 49.486501617447907 ] ] ] } },
{ "type": "Feature", "properties": { "surface_ha": 1.44 }, "geometry": { "type": "Polygon", "coordinates": [ [ [ 0.527040717254197, 49.484515858029255 ], [ 0.527001975126922, 49.48397718997095 ], [ 0.526726374664629, 49.483985603126854 ], [ 0.526687636710547, 49.483446934836607 ], [ 0.526963234160924, 49.483438521839766 ], [ 0.526976147687231, 49.483618077891592 ], [ 0.527527344208816, 49.483601249825206 ], [ 0.527514428674591, 49.483421693879478 ], [ 0.527790025737861, 49.483413278916011 ], [ 0.527802942276043, 49.483592834808697 ], [ 0.528629735703346, 49.483567585825874 ], [ 0.528642655382475, 49.483747141551291 ], [ 0.529193852363178, 49.483730305512218 ], [ 0.529206774179337, 49.483909861123443 ], [ 0.530033571693947, 49.483884601988954 ], [ 0.530046496651142, 49.484064157432847 ], [ 0.529495296429244, 49.484080997617546 ], [ 0.529508219507611, 49.484260553159494 ], [ 0.529232618198987, 49.48426897232158 ], [ 0.529219696124607, 49.484089416726562 ], [ 0.528944095690856, 49.484097835179995 ], [ 0.528931174749567, 49.48391827952382 ], [ 0.528655575190696, 49.483926697268643 ], [ 0.528668495128006, 49.484106252977895 ], [ 0.528117293615037, 49.484123086606999 ], [ 0.528130211673452, 49.484302642414256 ], [ 0.527854609719359, 49.484311058298509 ], [ 0.527867526902843, 49.484490614150729 ], [ 0.527040717254197, 49.484515858029255 ] ] ] } },
{ "type": "Feature", "properties": { "surface_ha": 6.64 }, "geometry": { "type": "Polygon", "coordinates": [ [ [ 0.595898917084385, 49.485632306634791 ], [ 0.595872584244145, 49.485273221566089 ], [ 0.595321409921831, 49.485290375699179 ], [ 0.595295081622767, 49.484931290381454 ], [ 0.59639742171123, 49.484896979925992 ], [ 0.596410589809971, 49.485076522372687 ], [ 0.596961761072342, 49.485059363104142 ], [ 0.596935420991497, 49.484700278418877 ], [ 0.596384253744055, 49.484717437471097 ], [ 0.596371085908439, 49.484537895008025 ], [ 0.59609550309109, 49.484546473496913 ], [ 0.596082336390741, 49.484366930971554 ], [ 0.595531172368831, 49.484384085874893 ], [ 0.595544337061757, 49.484563628508383 ], [ 0.595268753849791, 49.484572205030958 ], [ 0.595281917670518, 49.484751747710291 ], [ 0.593903994619462, 49.484794620761896 ], [ 0.593877677146773, 49.484435534854526 ], [ 0.59415326001251, 49.484426961663182 ], [ 0.594140100469654, 49.484247418751259 ], [ 0.594691263799262, 49.484230270510352 ], [ 0.594638618913095, 49.483512099213115 ], [ 0.594363041328772, 49.483520673445106 ], [ 0.59433672168194, 49.483161587639302 ], [ 0.594061145973452, 49.4831701611078 ], [ 0.594047987350892, 49.482990618138544 ], [ 0.593496837546819, 49.483007763001254 ], [ 0.593483681062991, 49.482828219915767 ], [ 0.593759255027116, 49.482819647866144 ], [ 0.593732940446545, 49.48246056177863 ], [ 0.593181796401334, 49.482477705006367 ], [ 0.593155486360959, 49.482118618670029 ], [ 0.592879916148412, 49.482127189192752 ], [ 0.592866762328953, 49.481947645958279 ], [ 0.592040053913635, 49.481973353432167 ], [ 0.592013752690421, 49.481614266614557 ], [ 0.592289320286433, 49.481605698219987 ], [ 0.592302471835922, 49.481785241578876 ], [ 0.592578040304116, 49.481776672474915 ], [ 0.592564887751054, 49.481597129170055 ], [ 0.593667156295435, 49.481562846416594 ], [ 0.593653999859541, 49.481383303319603 ], [ 0.593929565663509, 49.481374731046856 ], [ 0.593942723102957, 49.481554274089788 ], [ 0.594218289779024, 49.481545701107649 ], [ 0.594231448353487, 49.481725244088366 ], [ 0.593404744920246, 49.481750961230837 ], [ 0.593417900615447, 49.481930504365444 ], [ 0.593693469561547, 49.481921932585962 ], [ 0.593706626391768, 49.482101475658382 ], [ 0.594533335452115, 49.482075756225584 ], [ 0.594546495424557, 49.482255299127679 ], [ 0.594270924865645, 49.482263872981363 ], [ 0.594284083965963, 49.482443415929325 ], [ 0.594559655528476, 49.482434842021604 ], [ 0.594572815763871, 49.482614384907322 ], [ 0.594848388198513, 49.482605810290167 ], [ 0.594861549569008, 49.482785353113655 ], [ 0.595688269094795, 49.48275962516761 ], [ 0.595648776345332, 49.482220997159075 ], [ 0.595924346246756, 49.482212420028468 ], [ 0.595950676622075, 49.482571505267572 ], [ 0.596501820044715, 49.482554348823939 ], [ 0.596514987436885, 49.482733891323093 ], [ 0.597066132340536, 49.482716732149768 ], [ 0.597079301871492, 49.482896274532521 ], [ 0.597354875129576, 49.482887693908694 ], [ 0.597381216593462, 49.483246778541499 ], [ 0.597105641328122, 49.483255359273493 ], [ 0.5971188112538, 49.483434901631682 ], [ 0.596843234853236, 49.48344348176235 ], [ 0.59685640390684, 49.483623024166455 ], [ 0.597131981311059, 49.483614443981686 ], [ 0.597145151499897, 49.483793986323498 ], [ 0.597420729776199, 49.483785405429231 ], [ 0.5974997596947, 49.484862658983481 ], [ 0.597224175396211, 49.484871240202274 ], [ 0.597237346506158, 49.485050782486717 ], [ 0.59751293180838, 49.485042201213844 ], [ 0.597552448939051, 49.485580827855756 ], [ 0.597276860625571, 49.485589409290917 ], [ 0.597263689120838, 49.485409867031031 ], [ 0.596712514106622, 49.485427027826802 ], [ 0.596725683603823, 49.485606570194825 ], [ 0.595898917084385, 49.485632306634791 ] ], [ [ 0.596620331310262, 49.484170231021125 ], [ 0.596895911857081, 49.484161651329536 ], [ 0.59688274240876, 49.483982108950052 ], [ 0.59660716286563, 49.483990688587554 ], [ 0.596620331310262, 49.484170231021125 ] ], [ [ 0.596056003384684, 49.484007845896301 ], [ 0.59660716286563, 49.483990688587554 ], [ 0.59659399455256, 49.483811146145769 ], [ 0.596042837078973, 49.483828303346364 ], [ 0.596056003384684, 49.484007845896301 ] ], [ [ 0.595202936718902, 49.483674491511373 ], [ 0.595478514912394, 49.483665915259074 ], [ 0.595439023201036, 49.483127287211246 ], [ 0.595163448018508, 49.483135863301349 ], [ 0.595202936718902, 49.483674491511373 ] ], [ [ 0.595740927935396, 49.483477795731012 ], [ 0.596016504862173, 49.483469218221963 ], [ 0.596003338951085, 49.48328967564747 ], [ 0.595727763027957, 49.483298253102461 ], [ 0.595740927935396, 49.483477795731012 ] ], [ [ 0.596292081657415, 49.483460640057523 ], [ 0.596567658321104, 49.483452061237628 ], [ 0.596554490402716, 49.483272518771308 ], [ 0.596278914742672, 49.48328109753708 ], [ 0.596292081657415, 49.483460640057523 ] ], [ [ 0.595714598252046, 49.483118710465718 ], [ 0.595990173171531, 49.483110133064805 ], [ 0.595963842007028, 49.482751047874842 ], [ 0.595688269094795, 49.48275962516761 ], [ 0.595714598252046, 49.483118710465718 ] ], [ [ 0.594021670500158, 49.482631532175496 ], [ 0.594297243197751, 49.482622958869122 ], [ 0.594284083965963, 49.482443415929325 ], [ 0.594008512271985, 49.482451989181683 ], [ 0.594021670500158, 49.482631532175496 ] ] ] } },
{ "type": "Feature", "properties": { "surface_ha": 98.48 }, "geometry": { "type": "Polygon", "coordinates": [ [ [ 0.585873050286813, 49.495841285901506 ], [ 0.585859915732995, 49.495661741715487 ], [ 0.585032969996243, 49.495687404299566 ], [ 0.585019838586814, 49.495507859943579 ], [ 0.584744190749823, 49.495516412772965 ], [ 0.584731060475986, 49.49533686835489 ], [ 0.583904119190923, 49.495362522746973 ], [ 0.583890992061394, 49.495182978159015 ], [ 0.584442284373897, 49.495165875994466 ], [ 0.584416026490959, 49.494806787009622 ], [ 0.583864738195863, 49.494823888958564 ], [ 0.583825358381366, 49.494285255096614 ], [ 0.583274075587558, 49.494302354099382 ], [ 0.583287200052579, 49.494481898836021 ], [ 0.583562842519382, 49.494473349608562 ], [ 0.583602219714379, 49.495011983607704 ], [ 0.58332657423455, 49.495020532996818 ], [ 0.583313449376075, 49.494840988284729 ], [ 0.583037804769443, 49.494849536964246 ], [ 0.583024681046463, 49.494669992190119 ], [ 0.582749037313037, 49.494678540160066 ], [ 0.582722792269159, 49.494319450479473 ], [ 0.582171508426248, 49.494336544236781 ], [ 0.582184628873967, 49.494516089188913 ], [ 0.581908985751513, 49.494524635137907 ], [ 0.581895866308124, 49.49434509013188 ], [ 0.581620224058903, 49.494353635371318 ], [ 0.581607105750933, 49.494174090303304 ], [ 0.581331464374946, 49.49418263483318 ], [ 0.581305230160883, 49.493823544564847 ], [ 0.581580869528255, 49.493815000142682 ], [ 0.581554633829907, 49.493455909949375 ], [ 0.581830271057621, 49.493447364979261 ], [ 0.581804033875061, 49.493088274861016 ], [ 0.582079668963155, 49.493079729342952 ], [ 0.58205343029645, 49.492720639299741 ], [ 0.58260469606237, 49.492703546512161 ], [ 0.582578453903148, 49.492344456651765 ], [ 0.583129715127736, 49.4923273614571 ], [ 0.583116592236382, 49.492147816622406 ], [ 0.583392221647787, 49.492139268095514 ], [ 0.583379097883369, 49.491959723306515 ], [ 0.583654726159445, 49.491951174177885 ], [ 0.583641601521985, 49.491771629434616 ], [ 0.584192855672332, 49.491754529318214 ], [ 0.584205982318147, 49.491934073953701 ], [ 0.583930354304374, 49.491942624393609 ], [ 0.58394348007717, 49.492122169074825 ], [ 0.584219109095131, 49.492113618581023 ], [ 0.584232236003281, 49.492293163200166 ], [ 0.584507865894267, 49.492284611996844 ], [ 0.584520993937793, 49.492464156553872 ], [ 0.584796624701802, 49.492455604641016 ], [ 0.584809753880721, 49.492635149135971 ], [ 0.584534122112498, 49.492643701102757 ], [ 0.584573507423721, 49.493182334700357 ], [ 0.585124776854368, 49.493165229787685 ], [ 0.585111646277624, 49.49298568537116 ], [ 0.584836012632141, 49.492994238101417 ], [ 0.584822883190832, 49.49281469362279 ], [ 0.585098515832086, 49.492806140946449 ], [ 0.585085385517753, 49.492626596513567 ], [ 0.585636648398196, 49.492609489301813 ], [ 0.585623516206647, 49.492429944968571 ], [ 0.585899146445834, 49.492421390433158 ], [ 0.585912279641587, 49.492600934712456 ], [ 0.586187910753747, 49.492592379467482 ], [ 0.58620104508495, 49.492771923684678 ], [ 0.586476677070079, 49.492763367730106 ], [ 0.586489812536749, 49.492942911885187 ], [ 0.587041078121676, 49.492925797901286 ], [ 0.587027940646567, 49.492746253854072 ], [ 0.586752308923954, 49.492754811119923 ], [ 0.586739172584328, 49.492575267010594 ], [ 0.586463541734664, 49.492583823566861 ], [ 0.586450406530502, 49.492404279395409 ], [ 0.586174776553787, 49.492412835242092 ], [ 0.586161642485071, 49.492233291008546 ], [ 0.585610384146321, 49.492250400627185 ], [ 0.585584120419323, 49.491891311919836 ], [ 0.585308493061479, 49.491899865637841 ], [ 0.585295362398972, 49.491720321217983 ], [ 0.585019735914095, 49.491728874226474 ], [ 0.585006606386953, 49.491549329744544 ], [ 0.584455355031946, 49.491566433686849 ], [ 0.584442227644302, 49.491386889088893 ], [ 0.584166602774191, 49.491395440022714 ], [ 0.584153476521861, 49.491215895362693 ], [ 0.58442910038783, 49.491207344482774 ], [ 0.584389719405419, 49.490668710615395 ], [ 0.584114098551827, 49.490677261333602 ], [ 0.584127224410684, 49.490856806018144 ], [ 0.583851602421819, 49.490865356134655 ], [ 0.583877852524736, 49.491224445587001 ], [ 0.583602228396461, 49.491232995155713 ], [ 0.583589104283567, 49.491053450379731 ], [ 0.583313481028292, 49.491061999238923 ], [ 0.583300358050665, 49.490882454400897 ], [ 0.583024735668393, 49.490891002550583 ], [ 0.583011613826016, 49.490711457650477 ], [ 0.582735992316754, 49.490720005090715 ], [ 0.582722871609603, 49.490540460128535 ], [ 0.582998492114753, 49.490531912742227 ], [ 0.582985370534601, 49.490352367825757 ], [ 0.583260989904538, 49.490343819837719 ], [ 0.583247867451407, 49.490164274966986 ], [ 0.582145393201416, 49.490198462770124 ], [ 0.582119156721145, 49.489839372573137 ], [ 0.581843539839092, 49.489847917777197 ], [ 0.581830422799639, 49.489668372612591 ], [ 0.582381654424535, 49.489651281656563 ], [ 0.582394773472124, 49.489830826713458 ], [ 0.582670390092016, 49.489822280198212 ], [ 0.582631030330337, 49.48928364516464 ], [ 0.581804189113929, 49.489309282258823 ], [ 0.581777955952461, 49.488950191872377 ], [ 0.581226731835679, 49.488967279775224 ], [ 0.581239846342822, 49.48914682508024 ], [ 0.580964233083833, 49.489155368102153 ], [ 0.580990460483139, 49.489514458795391 ], [ 0.580439229555881, 49.489531543087899 ], [ 0.580413006172783, 49.489172452179297 ], [ 0.580137392520739, 49.489180993234505 ], [ 0.580111171669744, 49.488821902185528 ], [ 0.579559947988814, 49.488838982113919 ], [ 0.579546839767857, 49.488659436469497 ], [ 0.579271228734947, 49.488667975396488 ], [ 0.579258121648975, 49.488488429690122 ], [ 0.578155680223862, 49.488522578627268 ], [ 0.578142577284887, 49.488343032697443 ], [ 0.577315747853372, 49.488368637355535 ], [ 0.57730264805733, 49.488189091256153 ], [ 0.576751429789864, 49.488206157642843 ], [ 0.576738332132712, 49.488026611427713 ], [ 0.577840764128103, 49.487992476247278 ], [ 0.577853865801241, 49.488172022247248 ], [ 0.578129474476835, 49.488163486759461 ], [ 0.578116371799704, 49.487983940813322 ], [ 0.578667586750145, 49.487966867978699 ], [ 0.57865448219597, 49.487787322132007 ], [ 0.579205694614706, 49.487770246782851 ], [ 0.579192588183533, 49.487590701035607 ], [ 0.579468193192509, 49.487582162431529 ], [ 0.579415764761586, 49.486863979576228 ], [ 0.579140163768366, 49.486872517964997 ], [ 0.579113952346475, 49.486513426380654 ], [ 0.578838353230135, 49.4865219640063 ], [ 0.578825248719501, 49.486342418148055 ], [ 0.578549650476122, 49.486350955064388 ], [ 0.57853654710031, 49.486171409144163 ], [ 0.579087741448363, 49.486154334763675 ], [ 0.579061531074012, 49.485795243114005 ], [ 0.579337126043893, 49.485786705048149 ], [ 0.57932402004927, 49.48560715926488 ], [ 0.579875207588475, 49.485590081274303 ], [ 0.579862099717112, 49.485410535590539 ], [ 0.579586507016829, 49.485419074859742 ], [ 0.579573400280263, 49.48523952911394 ], [ 0.579022216494511, 49.48525660557825 ], [ 0.578996007429509, 49.484897513846917 ], [ 0.578444827135319, 49.484914587474051 ], [ 0.578431724806824, 49.48473504148852 ], [ 0.57815613546717, 49.484743577265057 ], [ 0.578129933210496, 49.484384485161854 ], [ 0.57840552054256, 49.484375949492936 ], [ 0.578379316801912, 49.484016857464681 ], [ 0.578930487058231, 49.483999784375634 ], [ 0.578904279826174, 49.48364069252996 ], [ 0.578353113584866, 49.483657765403763 ], [ 0.57832691089141, 49.483298673310166 ], [ 0.57860249207005, 49.483290137308593 ], [ 0.578589389915944, 49.483110591303351 ], [ 0.578864969959964, 49.483102054700147 ], [ 0.578851866933055, 49.482922508740543 ], [ 0.578576287892739, 49.482931045289952 ], [ 0.578563186000437, 49.482751499268382 ], [ 0.578287607832922, 49.482760035108541 ], [ 0.578300708721527, 49.482939581183899 ], [ 0.578025129419421, 49.482948116422428 ], [ 0.577985830157342, 49.48240947801041 ], [ 0.578261406448376, 49.482400942933275 ], [ 0.578248305952433, 49.482221396833395 ], [ 0.577697155246831, 49.482238466224644 ], [ 0.577723352354899, 49.482597558631419 ], [ 0.577447774798441, 49.482606092451491 ], [ 0.577421579697729, 49.482246999937139 ], [ 0.577146004017774, 49.482255532994216 ], [ 0.577132907667366, 49.482075986671013 ], [ 0.576857332860234, 49.482084519018883 ], [ 0.576844237644324, 49.481904972633735 ], [ 0.576568663710019, 49.481913504272441 ], [ 0.576542475677978, 49.481554411370048 ], [ 0.576266903620142, 49.481562942245787 ], [ 0.576240718118619, 49.481203849203226 ], [ 0.575965147937231, 49.481212379316034 ], [ 0.575938964966139, 49.480853286133232 ], [ 0.575663396661173, 49.480861815483138 ], [ 0.575650306375408, 49.480682268825753 ], [ 0.575374738943261, 49.480690797466487 ], [ 0.575335471881357, 49.480152157284074 ], [ 0.57698885644808, 49.480100976576807 ], [ 0.577001951359316, 49.48028052298983 ], [ 0.576450821686481, 49.480297585954617 ], [ 0.576463914721409, 49.480477132467044 ], [ 0.576188348685205, 49.480485663020147 ], [ 0.576201440847359, 49.480665209578142 ], [ 0.576477007887143, 49.480656678971286 ], [ 0.576490101183686, 49.480836225467371 ], [ 0.576765669096248, 49.480827694151323 ], [ 0.576752574796117, 49.480648147709033 ], [ 0.57702814157427, 49.480639615791382 ], [ 0.577015046401381, 49.480460069394695 ], [ 0.577290612045131, 49.480451536875471 ], [ 0.577303708221597, 49.480631083218377 ], [ 0.577854841123724, 49.480614016106195 ], [ 0.577867939438194, 49.480793562333346 ], [ 0.577316804528901, 49.480810629553112 ], [ 0.577369191066541, 49.481528814810467 ], [ 0.577644762601046, 49.481520281313124 ], [ 0.577631664766746, 49.481340735064812 ], [ 0.577907235166776, 49.48133220096588 ], [ 0.577894136459718, 49.481152654763193 ], [ 0.577618567063302, 49.481161188808336 ], [ 0.577605469490712, 49.480981642543732 ], [ 0.578156606145478, 49.480964573905595 ], [ 0.578143506696556, 49.480785027740374 ], [ 0.578419073824048, 49.480776492492055 ], [ 0.578392873311667, 49.480417400244747 ], [ 0.578944003159713, 49.480400327997131 ], [ 0.578957105357599, 49.48057987401728 ], [ 0.578681539495451, 49.480588410522564 ], [ 0.578694640820659, 49.48076795658833 ], [ 0.579245774421199, 49.480750882814739 ], [ 0.579258877884466, 49.480930428764744 ], [ 0.57981001296853, 49.480913352261986 ], [ 0.579836224302183, 49.481272443922172 ], [ 0.58011179365501, 49.481263904580075 ], [ 0.580124900521847, 49.481443450344109 ], [ 0.580400470747335, 49.481434910292812 ], [ 0.580413578748738, 49.481614455994801 ], [ 0.579862436159578, 49.481631535549688 ], [ 0.579901754927711, 49.482170172929713 ], [ 0.580177329298681, 49.482161633318505 ], [ 0.580203544472812, 49.482520724756661 ], [ 0.579927968094515, 49.482529264475545 ], [ 0.579914861445642, 49.482349718706715 ], [ 0.579639285940069, 49.482358257716349 ], [ 0.579652391585273, 49.482537803538989 ], [ 0.579376814945094, 49.482546341947042 ], [ 0.579389919717554, 49.482725887815342 ], [ 0.579665497361414, 49.482717349353493 ], [ 0.579678603268494, 49.482896895159804 ], [ 0.579954181785108, 49.482888355988685 ], [ 0.579941074874337, 49.48270881023619 ], [ 0.580216652256311, 49.482700270463482 ], [ 0.580229760170768, 49.482879816162153 ], [ 0.580505338425472, 49.482871275680182 ], [ 0.58047912072015, 49.482512184382358 ], [ 0.581305848676326, 49.482486559326951 ], [ 0.581318960474524, 49.482666104818442 ], [ 0.581594537201604, 49.482657561768598 ], [ 0.581607650134479, 49.482837107198058 ], [ 0.58188322773423, 49.482828563439014 ], [ 0.581896341801803, 49.483008108806416 ], [ 0.582171920274221, 49.482999564338066 ], [ 0.582185035476512, 49.483179109643459 ], [ 0.582460614821592, 49.483170564465816 ], [ 0.582473731158622, 49.483350109709178 ], [ 0.582749311376363, 49.483341563822236 ], [ 0.582762428848149, 49.483521109003547 ], [ 0.583313590897876, 49.483504015155617 ], [ 0.58332671050816, 49.483683560221031 ], [ 0.583602292340131, 49.483675012260015 ], [ 0.583576051243213, 49.483315922228783 ], [ 0.583300471418668, 49.483324470082032 ], [ 0.583287352070534, 49.483144925000261 ], [ 0.583011773118614, 49.483153472144217 ], [ 0.582998654905244, 49.482973927000401 ], [ 0.583274232853476, 49.482965379910347 ], [ 0.583261113767487, 49.482785834812226 ], [ 0.582985536822936, 49.482794381848421 ], [ 0.582972418871689, 49.482614836688271 ], [ 0.583523570622382, 49.482597742068229 ], [ 0.58353669058097, 49.482777287120619 ], [ 0.583812267263371, 49.482768738773593 ], [ 0.583890995789831, 49.483846008593055 ], [ 0.583615413085222, 49.483854557263385 ], [ 0.583641654968676, 49.484213647245554 ], [ 0.583917239680765, 49.48420509846747 ], [ 0.583956606500448, 49.484743733217805 ], [ 0.583681018777059, 49.484752282157544 ], [ 0.583694140308716, 49.484931827111872 ], [ 0.58341855145044, 49.484940375450044 ], [ 0.583431672109398, 49.485119920450074 ], [ 0.583156082116235, 49.48512846818663 ], [ 0.583169201902476, 49.485308013232377 ], [ 0.582893610774417, 49.485316560367366 ], [ 0.582906729687919, 49.485496105458786 ], [ 0.583733505690291, 49.485470461925757 ], [ 0.58372038376533, 49.485290916995964 ], [ 0.584271565103771, 49.485273818137664 ], [ 0.584219070684621, 49.484555638767873 ], [ 0.584494657142011, 49.484547088571084 ], [ 0.584468408711628, 49.48418799894494 ], [ 0.584192824261753, 49.484196549033925 ], [ 0.584179701246991, 49.484017004154687 ], [ 0.584455284693125, 49.484008454119603 ], [ 0.58444216080574, 49.483828909286068 ], [ 0.584993325297169, 49.483811807357341 ], [ 0.584980199533463, 49.483632262623424 ], [ 0.584429037049475, 49.483649364444382 ], [ 0.584389666567387, 49.483110729870255 ], [ 0.584665244863842, 49.483102179449176 ], [ 0.584691493728177, 49.483461269065664 ], [ 0.585242653942482, 49.48344416604165 ], [ 0.58533454315057, 49.484700978687101 ], [ 0.585610130087158, 49.484692425814586 ], [ 0.585557617166335, 49.48397424742474 ], [ 0.586108782616012, 49.483957140144668 ], [ 0.586121912656937, 49.484136684646572 ], [ 0.58639749618874, 49.48412812996942 ], [ 0.586371234230618, 49.483769041065315 ], [ 0.586095652706267, 49.483777595634578 ], [ 0.586082522927701, 49.483598051116338 ], [ 0.585531361492898, 49.483615158180747 ], [ 0.585491978966428, 49.483076524253434 ], [ 0.585767556738329, 49.483067971210687 ], [ 0.585741300369111, 49.482708881992757 ], [ 0.585465724604546, 49.482717434927679 ], [ 0.585439470767265, 49.482358345569224 ], [ 0.585715044524529, 49.482349792742106 ], [ 0.585728172381241, 49.482529337371524 ], [ 0.58655489587698, 49.482503674796007 ], [ 0.586541765009346, 49.482324130328351 ], [ 0.586817338241927, 49.482315574879628 ], [ 0.586830470113199, 49.482495119293361 ], [ 0.587381618192031, 49.482478006321877 ], [ 0.587368484313488, 49.482298462015997 ], [ 0.587919629860184, 49.482281346530755 ], [ 0.587932765745991, 49.482460890728738 ], [ 0.588208339326119, 49.482452331949069 ], [ 0.588221476346804, 49.482631876084916 ], [ 0.588772625120582, 49.48261475645149 ], [ 0.588785764279808, 49.482794300471241 ], [ 0.589061339473441, 49.482785739617448 ], [ 0.589074479767593, 49.482965283575076 ], [ 0.5893500558336, 49.482956722011913 ], [ 0.589363197262696, 49.483136265907405 ], [ 0.589638774201071, 49.483127703634864 ], [ 0.589651916765132, 49.48330724746819 ], [ 0.590203072255293, 49.483290120848906 ], [ 0.590216216958016, 49.483469664566094 ], [ 0.590491795509787, 49.483461100219358 ], [ 0.590504941347525, 49.483640643874359 ], [ 0.591331679225822, 49.483614946739664 ], [ 0.591305381659625, 49.483255859745405 ], [ 0.590754227220149, 49.483272991607976 ], [ 0.590741080641423, 49.483093447990569 ], [ 0.590465504228326, 49.483102012884757 ], [ 0.590452358784597, 49.482922469205192 ], [ 0.591003509472141, 49.482905338869401 ], [ 0.591016656923175, 49.483084882440984 ], [ 0.591567809092609, 49.48306774937555 ], [ 0.591580958682318, 49.483247292831003 ], [ 0.591856535573636, 49.483238725261153 ], [ 0.591869686298387, 49.483418268654376 ], [ 0.592420841694184, 49.483401131440473 ], [ 0.59243399455767, 49.483580674717494 ], [ 0.592709573062135, 49.483572105073421 ], [ 0.592735881190713, 49.48393119149484 ], [ 0.592460300678874, 49.483939761246987 ], [ 0.592447147552568, 49.483760217986315 ], [ 0.591895988142051, 49.483777355416279 ], [ 0.59190913926097, 49.48395689878496 ], [ 0.592184720035625, 49.483948330343672 ], [ 0.592211024675061, 49.484307416948432 ], [ 0.592486607325728, 49.484298847743702 ], [ 0.592499760846278, 49.484478390979788 ], [ 0.593050927760798, 49.484461250496011 ], [ 0.593064083420227, 49.484640793615881 ], [ 0.593339667684065, 49.484632222336806 ], [ 0.593352824478672, 49.484811765394433 ], [ 0.593628409614795, 49.484803193405895 ], [ 0.593641567544602, 49.484982736401328 ], [ 0.59336598140473, 49.484991308443888 ], [ 0.593379138462239, 49.485170851485144 ], [ 0.593103551187157, 49.485179422926301 ], [ 0.593116707372352, 49.485358966013422 ], [ 0.592841118962057, 49.485367536853147 ], [ 0.592854274274919, 49.485547079986112 ], [ 0.592578684729406, 49.485555650224413 ], [ 0.592565530420324, 49.485376107037425 ], [ 0.592014352942591, 49.485393245439589 ], [ 0.592001200772485, 49.485213702136406 ], [ 0.591725612840283, 49.485222270300277 ], [ 0.591712461805346, 49.485042726934942 ], [ 0.591436874745518, 49.485051294389351 ], [ 0.591423724845735, 49.484871750961787 ], [ 0.59114813865828, 49.484880317706747 ], [ 0.591134989893629, 49.484700774217011 ], [ 0.590859404578559, 49.48470934025255 ], [ 0.590846256949017, 49.484529796700592 ], [ 0.590570672506329, 49.48453836202669 ], [ 0.590557526011879, 49.484358818412595 ], [ 0.59028194244158, 49.484367383029252 ], [ 0.590268797082201, 49.484187839352984 ], [ 0.589993214384295, 49.484196403260235 ], [ 0.589980070159968, 49.484016859521788 ], [ 0.589428906377628, 49.484033985262009 ], [ 0.58941576429204, 49.483854441407459 ], [ 0.589140183207624, 49.483863003240444 ], [ 0.589127042257042, 49.483683459323736 ], [ 0.588851462045036, 49.483692020447322 ], [ 0.58883832222944, 49.483512476468476 ], [ 0.588562742889851, 49.483521036882664 ], [ 0.588549604209217, 49.483341492841689 ], [ 0.58827402574205, 49.483350052546534 ], [ 0.588260888196357, 49.483170508443372 ], [ 0.587985310601611, 49.483179067438854 ], [ 0.588011583816882, 49.483538155744817 ], [ 0.587736004083519, 49.483546714192762 ], [ 0.587749139884324, 49.483726258387406 ], [ 0.587473559016023, 49.483734816233842 ], [ 0.587486693944355, 49.483914360474266 ], [ 0.587211111941109, 49.483922917719219 ], [ 0.587237380184012, 49.484282006283408 ], [ 0.586961796042082, 49.484290562980796 ], [ 0.586974929356624, 49.484470107304546 ], [ 0.587250514502297, 49.484461550553249 ], [ 0.587263648951812, 49.484641094814876 ], [ 0.587539234970014, 49.48463253735418 ], [ 0.58755237055452, 49.484812081553706 ], [ 0.587827957445246, 49.484803523383597 ], [ 0.587854231015532, 49.485162611650217 ], [ 0.588405408418326, 49.485145493127852 ], [ 0.588418547407925, 49.48532503714096 ], [ 0.588694136916203, 49.485316476842613 ], [ 0.588707277040879, 49.485496020793633 ], [ 0.588982867421666, 49.485487459785865 ], [ 0.588996008681431, 49.485667003674706 ], [ 0.589271599934728, 49.485658441957497 ], [ 0.589245315538897, 49.485299354279555 ], [ 0.589520904653291, 49.485290792014816 ], [ 0.589534047789344, 49.485470335803925 ], [ 0.589809637776216, 49.48546177282973 ], [ 0.589822782047387, 49.485641316556688 ], [ 0.590098372906729, 49.485632752873059 ], [ 0.590111518313036, 49.485812296537844 ], [ 0.590387110044847, 49.485803732144774 ], [ 0.590400256586311, 49.48598327574738 ], [ 0.591778218293982, 49.485940443679922 ], [ 0.591791369985906, 49.486119987004372 ], [ 0.592066962937094, 49.486111418570445 ], [ 0.592080115764246, 49.486290961832708 ], [ 0.592355709587846, 49.486282392689276 ], [ 0.592368863550249, 49.486461935889331 ], [ 0.592644458246256, 49.486453366036429 ], [ 0.592670768573038, 49.48681245230393 ], [ 0.592946365145303, 49.486803881687443 ], [ 0.592959521509713, 49.486983424754918 ], [ 0.593786313449344, 49.48695770881055 ], [ 0.593773154073359, 49.4867781659052 ], [ 0.593221961586117, 49.486795310415523 ], [ 0.593208804349307, 49.486615767393928 ], [ 0.594035589871416, 49.486590049807297 ], [ 0.594009269769176, 49.486230964063715 ], [ 0.593733676734275, 49.486239537140008 ], [ 0.593720517884196, 49.486059994201909 ], [ 0.593996109915285, 49.48605142117966 ], [ 0.593982950192875, 49.485871878287398 ], [ 0.594534131852988, 49.48585473038456 ], [ 0.594547293583002, 49.486034273168755 ], [ 0.59427170181489, 49.486042847501942 ], [ 0.594298023661794, 49.486401933153793 ], [ 0.594849211081779, 49.486384783615755 ], [ 0.594862374210134, 49.486564326321314 ], [ 0.595137968726685, 49.486555750514995 ], [ 0.595111640593843, 49.486196665203813 ], [ 0.595387232971223, 49.486188088850163 ], [ 0.595453059308971, 49.48708580179639 ], [ 0.59572865657399, 49.487077224516909 ], [ 0.595702323636577, 49.486718139471137 ], [ 0.595977918762348, 49.486709561644304 ], [ 0.595991086169122, 49.486889104117225 ], [ 0.596542278033657, 49.486871946389037 ], [ 0.596555447579693, 49.4870514887456 ], [ 0.596279850709362, 49.487060067991521 ], [ 0.596293019383121, 49.487239610393992 ], [ 0.597119812610929, 49.487213870527505 ], [ 0.597146156376405, 49.487572954983335 ], [ 0.596870556757651, 49.487581535702503 ], [ 0.596896899041778, 49.487940620233765 ], [ 0.596345695393915, 49.487957779921899 ], [ 0.596398373510008, 49.488675949318747 ], [ 0.595847161304407, 49.488693106817443 ], [ 0.59583399358589, 49.488513564372369 ], [ 0.595558388289677, 49.488522142084356 ], [ 0.595518888935285, 49.487983514537788 ], [ 0.594692081292698, 49.488009243254069 ], [ 0.594705244600856, 49.488188785939954 ], [ 0.594154036840329, 49.488205935247983 ], [ 0.594140875540015, 49.488026392453989 ], [ 0.59386527246642, 49.4880349660707 ], [ 0.593878432762806, 49.488214508918702 ], [ 0.593602828553792, 49.488223081933924 ], [ 0.593615987977736, 49.488402624827799 ], [ 0.593340382633301, 49.488411197241525 ], [ 0.593353541184782, 49.488590740181259 ], [ 0.593077934704923, 49.488599311993475 ], [ 0.593091092383922, 49.488778854979039 ], [ 0.592264269143692, 49.488804566644589 ], [ 0.592277423942242, 49.488984109784035 ], [ 0.592553032824412, 49.488975539830385 ], [ 0.592579344823812, 49.489334625976667 ], [ 0.592854955582506, 49.489326055259426 ], [ 0.592868112783387, 49.489505598266248 ], [ 0.592592501020691, 49.489514169037513 ], [ 0.592631970400065, 49.490052798171028 ], [ 0.592356355493839, 49.490061368448799 ], [ 0.592343199906623, 49.489881825358474 ], [ 0.592067585872985, 49.48989039492669 ], [ 0.592107050016843, 49.490429024335157 ], [ 0.592658283976946, 49.490411884219071 ], [ 0.592645127122775, 49.490232341199132 ], [ 0.592920742901582, 49.490223770211749 ], [ 0.592933900759806, 49.490403313177666 ], [ 0.593209517411192, 49.490394741480685 ], [ 0.593196358548919, 49.490215198568805 ], [ 0.593471974064772, 49.490206626270286 ], [ 0.593485133931096, 49.490386169128122 ], [ 0.593760750319507, 49.490377596119991 ], [ 0.593773911321382, 49.490557138915598 ], [ 0.594049528582346, 49.490548565197848 ], [ 0.594023204701998, 49.49018947970653 ], [ 0.594298819823346, 49.490180905441314 ], [ 0.594311982701807, 49.490360448137004 ], [ 0.594587598695675, 49.490351873162183 ], [ 0.594627091132396, 49.49089050103801 ], [ 0.594351472126336, 49.490899076175012 ], [ 0.594377799066997, 49.491258161492716 ], [ 0.594102177921235, 49.491266736082224 ], [ 0.594115340584758, 49.491446278782853 ], [ 0.593839718303368, 49.491454852770836 ], [ 0.593866042016745, 49.491813938255582 ], [ 0.593590417595595, 49.491822511696043 ], [ 0.593603578645422, 49.492002054480196 ], [ 0.593052327400333, 49.492019199502344 ], [ 0.593065486573369, 49.492198742386364 ], [ 0.592789859749434, 49.492207313968052 ], [ 0.592776701580552, 49.492027771030031 ], [ 0.59222544954656, 49.492044912118516 ], [ 0.592212293517445, 49.491865369064215 ], [ 0.592487918596029, 49.491856798901786 ], [ 0.592474761694235, 49.491677255893322 ], [ 0.591923513413883, 49.49169439545453 ], [ 0.59191035865181, 49.491514852329857 ], [ 0.591634735318589, 49.491523421073033 ], [ 0.591621581692077, 49.491343877886145 ], [ 0.591345959231543, 49.491352445919702 ], [ 0.591398570509655, 49.492070618834134 ], [ 0.591674196986733, 49.492062050584543 ], [ 0.591739969062438, 49.492959766273366 ], [ 0.592291231664048, 49.492942627267169 ], [ 0.592304388481942, 49.493122170272308 ], [ 0.592580020589756, 49.493113599731728 ], [ 0.592593178543332, 49.493293142674695 ], [ 0.591766278812843, 49.493318852491583 ], [ 0.591779433885217, 49.493498395588418 ], [ 0.59205506826441, 49.493489826251079 ], [ 0.592068224472475, 49.493669369285712 ], [ 0.592343859724441, 49.493660799238704 ], [ 0.592357017068221, 49.493840342211136 ], [ 0.59180574442433, 49.49385748175753 ], [ 0.591832055489265, 49.494216567893879 ], [ 0.591556416961599, 49.494225136791634 ], [ 0.591569571686976, 49.494404679901542 ], [ 0.591845211218923, 49.494396110949786 ], [ 0.591871523072619, 49.49475519703703 ], [ 0.589942029528671, 49.494815166686287 ], [ 0.589915731735182, 49.494456079843012 ], [ 0.590191372055684, 49.494447514825268 ], [ 0.590178222351736, 49.494267971445318 ], [ 0.590453861536549, 49.494259405825929 ], [ 0.590440710959722, 49.494079862491802 ], [ 0.590716349008846, 49.494071296270725 ], [ 0.59070319755916, 49.493891752982442 ], [ 0.5909788344726, 49.4938831861597 ], [ 0.590965682150076, 49.493703642917211 ], [ 0.590690046240888, 49.49371220968596 ], [ 0.590676895054033, 49.493532666381299 ], [ 0.590401260017681, 49.493541232440364 ], [ 0.590388109966473, 49.49336168907351 ], [ 0.58956120708176, 49.493387383154896 ], [ 0.589548060174648, 49.493207839617881 ], [ 0.58899679293644, 49.493224965619262 ], [ 0.589036228026422, 49.49376359652959 ], [ 0.588209317145769, 49.493789281100028 ], [ 0.588235601836884, 49.494148368656468 ], [ 0.587684323242695, 49.494165488640945 ], [ 0.587671182840043, 49.493985944758883 ], [ 0.587395544350268, 49.493994503713644 ], [ 0.587382405083197, 49.493814959769445 ], [ 0.586831129718327, 49.493832075604118 ], [ 0.586817992591089, 49.493652531543887 ], [ 0.586266718709662, 49.493669644647994 ], [ 0.586319259971976, 49.494387821271431 ], [ 0.587146182648642, 49.494362149984454 ], [ 0.587159321305299, 49.494541693958077 ], [ 0.586332395615699, 49.494567365406844 ], [ 0.58635866729693, 49.494926453653108 ], [ 0.586634311333397, 49.494917897051316 ], [ 0.586621174422813, 49.494738352986225 ], [ 0.586896817323672, 49.494729795782689 ], [ 0.586923093284778, 49.495088883796868 ], [ 0.587198738063022, 49.495080325829761 ], [ 0.587238156002414, 49.495618957627833 ], [ 0.586686860288482, 49.495636073230024 ], [ 0.586699997855452, 49.495815617254245 ], [ 0.585873050286813, 49.495841285901506 ] ], [ [ 0.584731060475986, 49.49533686835489 ], [ 0.585006707308604, 49.495328315579442 ], [ 0.584993576161614, 49.49514877120712 ], [ 0.58471793033336, 49.495157323928645 ], [ 0.584731060475986, 49.49533686835489 ] ], [ [ 0.58525608983853, 49.494960673503307 ], [ 0.585531734399991, 49.494952119524321 ], [ 0.585505468744746, 49.494593030954434 ], [ 0.58522982619195, 49.494601584825624 ], [ 0.58525608983853, 49.494960673503307 ] ], [ [ 0.585807378830219, 49.494943564889603 ], [ 0.586083023129203, 49.494935009599196 ], [ 0.586069888227289, 49.494755465426223 ], [ 0.585794244932642, 49.494764020662686 ], [ 0.585807378830219, 49.494943564889603 ] ], [ [ 0.584691670441722, 49.494798235051633 ], [ 0.584967314261281, 49.49478968243794 ], [ 0.584901661806653, 49.49389196037189 ], [ 0.584350384079468, 49.493909064404491 ], [ 0.58436351229939, 49.49408860894188 ], [ 0.584639152232874, 49.494080057199504 ], [ 0.584691670441722, 49.494798235051633 ] ], [ [ 0.585781111166307, 49.49458447642759 ], [ 0.586056753456628, 49.494575921245058 ], [ 0.58601734993215, 49.494037288652486 ], [ 0.585741710654748, 49.494045843673234 ], [ 0.585715444303225, 49.49368675512946 ], [ 0.585439806903153, 49.49369530938668 ], [ 0.585426674928509, 49.493515765048578 ], [ 0.584875401743244, 49.493532871488206 ], [ 0.584901661806653, 49.49389196037189 ], [ 0.585452939009019, 49.493874853716591 ], [ 0.585466071246109, 49.494054398038301 ], [ 0.585190431706243, 49.494062951747715 ], [ 0.585216694565495, 49.494422040474475 ], [ 0.585767977531215, 49.49440493218431 ], [ 0.585781111166307, 49.49458447642759 ] ], [ [ 0.581607105750933, 49.494174090303304 ], [ 0.581882746995833, 49.494165545117731 ], [ 0.58186962781464, 49.493986000095369 ], [ 0.58159398757405, 49.493994545227089 ], [ 0.581607105750933, 49.494174090303304 ] ], [ [ 0.582407786843825, 49.493789362942131 ], [ 0.582959064398657, 49.493772268196722 ], [ 0.582945941462502, 49.493592723373517 ], [ 0.583221579038938, 49.493584175071192 ], [ 0.583182208004466, 49.493045540714199 ], [ 0.582906573440817, 49.493054088854869 ], [ 0.582880328748664, 49.492694999134905 ], [ 0.58260469606237, 49.492703546512161 ], [ 0.58261781733865, 49.492883091430109 ], [ 0.582342183517005, 49.492891638205606 ], [ 0.582407786843825, 49.493789362942131 ] ], [ [ 0.590939377899292, 49.493344556407692 ], [ 0.59149064530643, 49.493327421119247 ], [ 0.591477491369725, 49.493147877960226 ], [ 0.591201858736093, 49.493156445878256 ], [ 0.591188705935041, 49.492976902657034 ], [ 0.590913074174194, 49.492985469865417 ], [ 0.590939377899292, 49.493344556407692 ] ], [ [ 0.583484091670666, 49.493396081389591 ], [ 0.583759727980543, 49.493387531829818 ], [ 0.583746602293864, 49.493207987151948 ], [ 0.583470966988248, 49.493216536657833 ], [ 0.583484091670666, 49.493396081389591 ] ], [ [ 0.586791718730427, 49.493293443398827 ], [ 0.587067353465727, 49.493284885971164 ], [ 0.587054215728063, 49.493105341940321 ], [ 0.586778581997002, 49.493113899314046 ], [ 0.586791718730427, 49.493293443398827 ] ], [ [ 0.583182208004466, 49.493045540714199 ], [ 0.583733476738342, 49.493028442465885 ], [ 0.583720351313981, 49.492848897771651 ], [ 0.583169084588583, 49.492865995912204 ], [ 0.583182208004466, 49.493045540714199 ] ], [ [ 0.587316710717231, 49.492917239925859 ], [ 0.587592343181499, 49.492908681294786 ], [ 0.587579203697953, 49.492729137355461 ], [ 0.587854835026711, 49.492720578122729 ], [ 0.587828554445106, 49.492361490327447 ], [ 0.588104183634163, 49.492352930546971 ], [ 0.588091042536129, 49.492173386691043 ], [ 0.587815414351255, 49.492181946417553 ], [ 0.587802274388701, 49.492002402499459 ], [ 0.587251019633415, 49.492019519877736 ], [ 0.587264157587615, 49.492199063903733 ], [ 0.58753978603508, 49.492190505488452 ], [ 0.587566064345703, 49.492549593407979 ], [ 0.587290433889857, 49.492558151931135 ], [ 0.587316710717231, 49.492917239925859 ] ], [ [ 0.588130466224166, 49.492712018234307 ], [ 0.588681728225118, 49.492694896490605 ], [ 0.588655441618336, 49.49233580901911 ], [ 0.588104183634163, 49.492352930546971 ], [ 0.588130466224166, 49.492712018234307 ] ], [ [ 0.583707226020769, 49.49266935306926 ], [ 0.584258490213091, 49.492652252413897 ], [ 0.5842453630426, 49.49247270781111 ], [ 0.583969732016239, 49.49248125841271 ], [ 0.583956605981126, 49.492301713747864 ], [ 0.583680975827809, 49.492310263639908 ], [ 0.583707226020769, 49.49266935306926 ] ], [ [ 0.588064760733988, 49.491814298954587 ], [ 0.588340386779219, 49.491805738680348 ], [ 0.588327245070957, 49.491626194853843 ], [ 0.588051620029877, 49.491634755074102 ], [ 0.588064760733988, 49.491814298954587 ] ], [ [ 0.586949118552605, 49.491668989399059 ], [ 0.587224744118845, 49.49166043180125 ], [ 0.587211606558471, 49.491480887750718 ], [ 0.586935981996379, 49.491489445294597 ], [ 0.586949118552605, 49.491668989399059 ] ], [ [ 0.593288473346055, 49.491471998779971 ], [ 0.593564095890463, 49.491463426103202 ], [ 0.593550935235153, 49.491283883294479 ], [ 0.593275313694854, 49.491292455917225 ], [ 0.593288473346055, 49.491471998779971 ] ], [ [ 0.589403452866404, 49.491232860170769 ], [ 0.589679075242559, 49.491224296780409 ], [ 0.589665928907653, 49.491044753199191 ], [ 0.589390307535611, 49.491053316535591 ], [ 0.589403452866404, 49.491232860170769 ] ], [ [ 0.591057185152731, 49.491181469994579 ], [ 0.591332806740575, 49.49117290267062 ], [ 0.591319654381028, 49.490993359413352 ], [ 0.591044033797286, 49.491001926683325 ], [ 0.591057185152731, 49.491181469994579 ] ], [ [ 0.591884049521989, 49.491155766055925 ], [ 0.592159670715541, 49.491147196765183 ], [ 0.592107050016843, 49.490429024335157 ], [ 0.591831432839624, 49.490437593409851 ], [ 0.591884049521989, 49.491155766055925 ] ], [ [ 0.588287820734046, 49.491087563325159 ], [ 0.588563442631424, 49.491079002611158 ], [ 0.588537158388491, 49.490719914992397 ], [ 0.588261538499322, 49.490728475598459 ], [ 0.588287820734046, 49.491087563325159 ] ], [ [ 0.593524614319036, 49.490924797652504 ], [ 0.593800233719648, 49.490916224482262 ], [ 0.593787072454763, 49.490736681703005 ], [ 0.593511454058226, 49.490745254819224 ], [ 0.593524614319036, 49.490924797652504 ] ], [ [ 0.589652782704106, 49.490865209609787 ], [ 0.589928402940687, 49.490856645671784 ], [ 0.589915255864408, 49.49067710212816 ], [ 0.589639636631916, 49.490685666012205 ], [ 0.589652782704106, 49.490865209609787 ] ], [ [ 0.590204023045906, 49.49084808107817 ], [ 0.590479643019743, 49.490839515828995 ], [ 0.590466493935285, 49.490659972393381 ], [ 0.590190874965534, 49.490668537588569 ], [ 0.590204023045906, 49.49084808107817 ] ], [ [ 0.591306502152899, 49.49081381614792 ], [ 0.591582121601128, 49.490805248276352 ], [ 0.591555815530968, 49.490446161828949 ], [ 0.59128019809089, 49.490454729592479 ], [ 0.591306502152899, 49.49081381614792 ] ], [ [ 0.589915255864408, 49.49067710212816 ], [ 0.590190874965534, 49.490668537588569 ], [ 0.590164579198917, 49.490309450584789 ], [ 0.589888962105939, 49.490318015016399 ], [ 0.589915255864408, 49.49067710212816 ] ], [ [ 0.591004580519397, 49.490463296700412 ], [ 0.59128019809089, 49.490454729592479 ], [ 0.591253894554535, 49.490095643004267 ], [ 0.591529509986501, 49.490087075348761 ], [ 0.5915163574114, 49.489907532096403 ], [ 0.592067585872985, 49.48989039492669 ], [ 0.592054431421245, 49.489710851774156 ], [ 0.591503204967716, 49.489727988835838 ], [ 0.591490052655451, 49.489548445567102 ], [ 0.590938827684299, 49.489565579898539 ], [ 0.590951977988522, 49.489745123275291 ], [ 0.590676364301822, 49.489753689511659 ], [ 0.590689513733407, 49.48993323293422 ], [ 0.590413898911288, 49.489941798569028 ], [ 0.590427047470214, 49.490121342037384 ], [ 0.590978278991159, 49.490104210004212 ], [ 0.591004580519397, 49.490463296700412 ] ], [ [ 0.583825352843487, 49.490506266649618 ], [ 0.584376592673613, 49.49048916597657 ], [ 0.584350339603489, 49.490130076674397 ], [ 0.584074721762183, 49.490138627230927 ], [ 0.584048471224835, 49.489779537788273 ], [ 0.584324087058, 49.489770987339533 ], [ 0.58431096098199, 49.489591442659851 ], [ 0.584035346152881, 49.489599993054682 ], [ 0.584022221212069, 49.489420448312892 ], [ 0.583470993168522, 49.489437547028054 ], [ 0.583510362360039, 49.489976181552187 ], [ 0.583785979459557, 49.489967632360724 ], [ 0.583799103789727, 49.490147177131867 ], [ 0.583523485686132, 49.490155726377218 ], [ 0.583536609143353, 49.490335271194049 ], [ 0.583812228251038, 49.490326721894817 ], [ 0.583825352843487, 49.490506266649618 ] ], [ [ 0.590164579198917, 49.490309450584789 ], [ 0.590440196160521, 49.490300885497561 ], [ 0.590427047470214, 49.490121342037384 ], [ 0.590151431512669, 49.490129907070617 ], [ 0.590164579198917, 49.490309450584789 ] ], [ [ 0.584639084787201, 49.490301070063559 ], [ 0.584914703370262, 49.490292518141956 ], [ 0.584901574892613, 49.490112973594599 ], [ 0.585177192340413, 49.490104421071301 ], [ 0.585164062989875, 49.489924876569695 ], [ 0.584337213265165, 49.489950532011065 ], [ 0.584350339603489, 49.490130076674397 ], [ 0.584625957313636, 49.4901215254623 ], [ 0.584639084787201, 49.490301070063559 ] ], [ [ 0.589600199203471, 49.490147035170338 ], [ 0.589875815423748, 49.490138471448262 ], [ 0.589849522453448, 49.489779384287409 ], [ 0.589573908241263, 49.489787947901512 ], [ 0.589600199203471, 49.490147035170338 ] ], [ [ 0.588484591478395, 49.490001739656662 ], [ 0.588760207219958, 49.489993178610874 ], [ 0.588747064816662, 49.489813634810453 ], [ 0.588471450079148, 49.489822195802297 ], [ 0.588484591478395, 49.490001739656662 ] ], [ [ 0.591490052655451, 49.489548445567102 ], [ 0.592041277100942, 49.489531308613429 ], [ 0.592028122912072, 49.489351765444503 ], [ 0.592303733933662, 49.489343196038362 ], [ 0.592290578872231, 49.489163652915288 ], [ 0.592014968854637, 49.489172222267428 ], [ 0.592001814928634, 49.488992679082145 ], [ 0.591726205783594, 49.489001247724744 ], [ 0.591699900333822, 49.488642161221591 ], [ 0.591424293065312, 49.48865072910062 ], [ 0.591437444720519, 49.488830272410297 ], [ 0.591161836316632, 49.488838839687773 ], [ 0.591174987099266, 49.489018383043238 ], [ 0.590899377559995, 49.489026949719218 ], [ 0.590886227781344, 49.488847406309702 ], [ 0.59061061911467, 49.488855972276113 ], [ 0.590584321959468, 49.488496885324587 ], [ 0.590308715169358, 49.488505450527462 ], [ 0.590335010316616, 49.48886453758697 ], [ 0.590059401387193, 49.488873102242287 ], [ 0.590033108247883, 49.488514015074806 ], [ 0.589757501195052, 49.488522578966602 ], [ 0.589744355826388, 49.488343035316625 ], [ 0.590295567792778, 49.488325906985459 ], [ 0.590282420547561, 49.488146363435241 ], [ 0.58973121058907, 49.488163491658455 ], [ 0.589718065483092, 49.487983947992092 ], [ 0.589993669524075, 49.487975384262242 ], [ 0.589967377698289, 49.487616297012949 ], [ 0.589691775665156, 49.487624860634845 ], [ 0.589704920508454, 49.487804404317551 ], [ 0.589153714040347, 49.48782152970275 ], [ 0.589193143334627, 49.48836016102566 ], [ 0.589468749646176, 49.488351598498909 ], [ 0.589495038506912, 49.488710685898667 ], [ 0.589770646695059, 49.488702122608423 ], [ 0.589796938089117, 49.489061209867479 ], [ 0.590348158087297, 49.489044081104439 ], [ 0.590361305989346, 49.489223624613707 ], [ 0.590636916795383, 49.489215059194876 ], [ 0.590650065832812, 49.489394602641987 ], [ 0.590925677511472, 49.489386036513601 ], [ 0.590912527470037, 49.489206493120491 ], [ 0.5911881380133, 49.489197926390538 ], [ 0.591201289058736, 49.489377469729668 ], [ 0.591476900474599, 49.489368902290167 ], [ 0.591490052655451, 49.489548445567102 ] ], [ [ 0.582919764600481, 49.489454643120943 ], [ 0.583195378950058, 49.489446095402272 ], [ 0.583156013950733, 49.488907460642942 ], [ 0.582604791144677, 49.488924555101406 ], [ 0.582631030330337, 49.48928364516464 ], [ 0.58290664380697, 49.489275098155431 ], [ 0.582919764600481, 49.489454643120943 ] ], [ [ 0.589534472783048, 49.489249316936899 ], [ 0.589810083983168, 49.489240753484729 ], [ 0.589796938089117, 49.489061209867479 ], [ 0.589521327892997, 49.489069773265697 ], [ 0.589534472783048, 49.489249316936899 ] ], [ [ 0.584009096402402, 49.489240903562973 ], [ 0.584284709223432, 49.489232353275924 ], [ 0.584271583540879, 49.489052808571707 ], [ 0.583995971723874, 49.489061358804861 ], [ 0.584009096402402, 49.489240903562973 ] ], [ [ 0.584835934472032, 49.489215250735143 ], [ 0.585938383395099, 49.489181037786835 ], [ 0.58592525168843, 49.489001493406093 ], [ 0.58564964065847, 49.489010047572606 ], [ 0.585636510087015, 49.488830503129726 ], [ 0.585085289641521, 49.488847609388223 ], [ 0.585059032908174, 49.488488520262322 ], [ 0.584507815953955, 49.488505623682997 ], [ 0.584520942247058, 49.488685168357833 ], [ 0.584245332569221, 49.488693719138723 ], [ 0.584258457989476, 49.488873263859304 ], [ 0.584809679222004, 49.488856161534144 ], [ 0.584835934472032, 49.489215250735143 ] ], [ [ 0.58372035977573, 49.489069908382419 ], [ 0.583995971723874, 49.489061358804861 ], [ 0.583982847176488, 49.488881814038557 ], [ 0.583707236232359, 49.488890363562234 ], [ 0.58372035977573, 49.489069908382419 ] ], [ [ 0.583156013950733, 49.488907460642942 ], [ 0.583707236232359, 49.488890363562234 ], [ 0.583680989538998, 49.488531273897344 ], [ 0.583956598475122, 49.488522724481449 ], [ 0.583969722760236, 49.488702269264088 ], [ 0.584245332569221, 49.488693719138723 ], [ 0.584219082122145, 49.488334629673062 ], [ 0.583943474321141, 49.488343179690624 ], [ 0.583930350298292, 49.488163634891635 ], [ 0.583379136310855, 49.488180732852335 ], [ 0.583366014427072, 49.488001187937392 ], [ 0.583090408240653, 49.48800973588056 ], [ 0.58312977127339, 49.488548370762494 ], [ 0.582578552483365, 49.488565465005458 ], [ 0.582591671748479, 49.488745010057514 ], [ 0.58314289254651, 49.488727915706811 ], [ 0.583156013950733, 49.488907460642942 ] ], [ [ 0.587565777513007, 49.488770610575116 ], [ 0.587841386620302, 49.488762051873678 ], [ 0.58782824814813, 49.48858250785414 ], [ 0.587552640044817, 49.488591066501606 ], [ 0.587565777513007, 49.488770610575116 ] ], [ [ 0.59087307813408, 49.488667862892051 ], [ 0.591148685665394, 49.488659296324109 ], [ 0.591135535145555, 49.488479752952266 ], [ 0.590859928618203, 49.488488319466192 ], [ 0.59087307813408, 49.488667862892051 ] ], [ [ 0.582040450426104, 49.488762101785994 ], [ 0.582316061152829, 49.488753556249549 ], [ 0.582302942891722, 49.488574011143605 ], [ 0.582027333169005, 49.488582556626191 ], [ 0.582040450426104, 49.488762101785994 ] ], [ [ 0.587001423444405, 49.488608181829939 ], [ 0.587552640044817, 49.488591066501606 ], [ 0.587539502707895, 49.488411522419923 ], [ 0.587263895477292, 49.488420080357898 ], [ 0.587250759275598, 49.488240536214093 ], [ 0.586975152917707, 49.488249093442604 ], [ 0.587001423444405, 49.488608181829939 ] ], [ [ 0.592513565811181, 49.488436910549531 ], [ 0.592789171550013, 49.488428340102409 ], [ 0.592762858857211, 49.488069253982253 ], [ 0.59221165126386, 49.488086394004931 ], [ 0.592224805536668, 49.488265937177118 ], [ 0.592500410402999, 49.488257367439545 ], [ 0.592513565811181, 49.488436910549531 ] ], [ [ 0.587815109807235, 49.488402963826395 ], [ 0.588090716775301, 49.488394404577321 ], [ 0.588077577561716, 49.488214860595349 ], [ 0.587801971597612, 49.488223419790465 ], [ 0.587815109807235, 49.488402963826395 ] ], [ [ 0.590571173578931, 49.488317341836577 ], [ 0.590846779233713, 49.488308776032149 ], [ 0.590833629980603, 49.488129232589941 ], [ 0.590558025329768, 49.488137798340354 ], [ 0.590571173578931, 49.488317341836577 ] ], [ [ 0.591673595409716, 49.488283074685725 ], [ 0.591949200538903, 49.488274506259188 ], [ 0.591936047270031, 49.488094963032978 ], [ 0.591660443144784, 49.488103531405514 ], [ 0.591673595409716, 49.488283074685725 ] ], [ [ 0.584494689792004, 49.488326078999947 ], [ 0.584770297330715, 49.488317527671306 ], [ 0.584757170295946, 49.488137983034001 ], [ 0.584481563761208, 49.488146534308754 ], [ 0.584494689792004, 49.488326078999947 ] ], [ [ 0.588077577561716, 49.488214860595349 ], [ 0.588628789096068, 49.48819774023854 ], [ 0.588615648005867, 49.488018196356272 ], [ 0.588891252572148, 49.488009635248517 ], [ 0.588878110609311, 49.48783009141205 ], [ 0.588602507046966, 49.487838652465868 ], [ 0.588589366219364, 49.487659108567264 ], [ 0.588313763529649, 49.48766766891157 ], [ 0.588300623837262, 49.487488124950822 ], [ 0.587749420071825, 49.487505243564975 ], [ 0.587736282518544, 49.487325699488132 ], [ 0.588011883462988, 49.487317140562801 ], [ 0.58795933054694, 49.486598964389486 ], [ 0.587683733618042, 49.486607523099067 ], [ 0.587710007805772, 49.486966611309953 ], [ 0.587434408737862, 49.486975169471926 ], [ 0.587447545024723, 49.487154713619042 ], [ 0.587171944821667, 49.487163271179448 ], [ 0.587198215781323, 49.487522359557033 ], [ 0.587473817992202, 49.487513801888788 ], [ 0.587486954672824, 49.487693346011341 ], [ 0.587762557756369, 49.487684787633611 ], [ 0.587775695572179, 49.48786433169407 ], [ 0.588051299528391, 49.487855772606856 ], [ 0.588077577561716, 49.488214860595349 ] ], [ [ 0.593314065924757, 49.488052111337502 ], [ 0.593589669261329, 49.488043539031857 ], [ 0.593576510100346, 49.487863996121618 ], [ 0.593300907767694, 49.487872568373213 ], [ 0.593314065924757, 49.488052111337502 ] ], [ [ 0.594140875540015, 49.488026392453989 ], [ 0.594416478482113, 49.488017818181788 ], [ 0.594403316309387, 49.487838275433653 ], [ 0.594127714371205, 49.487846849651817 ], [ 0.594140875540015, 49.488026392453989 ] ], [ [ 0.595518888935285, 49.487983514537788 ], [ 0.596070093372606, 49.487966358782714 ], [ 0.596056925176443, 49.487786816358955 ], [ 0.595781324027465, 49.487795394510172 ], [ 0.59576815696676, 49.487615852024149 ], [ 0.595492556690119, 49.487624429465789 ], [ 0.595518888935285, 49.487983514537788 ] ], [ [ 0.582552314346393, 49.488206374876832 ], [ 0.582827921798972, 49.488197828190899 ], [ 0.582801682178385, 49.487838738137313 ], [ 0.582526076733741, 49.487847284715507 ], [ 0.582552314346393, 49.488206374876832 ] ], [ [ 0.586962017851222, 49.48806954923667 ], [ 0.587237623205156, 49.488060992062117 ], [ 0.587224487265964, 49.487881447901934 ], [ 0.586948882915977, 49.487890005022557 ], [ 0.586962017851222, 49.48806954923667 ] ], [ [ 0.593852112301521, 49.487855423214477 ], [ 0.594127714371205, 49.487846849651817 ], [ 0.594114553333891, 49.487667306841438 ], [ 0.593838952268113, 49.487675880350054 ], [ 0.593852112301521, 49.487855423214477 ] ], [ [ 0.586673278434753, 49.487898561487668 ], [ 0.586948882915977, 49.487890005022557 ], [ 0.586935748111971, 49.487710460800258 ], [ 0.586660144634685, 49.48771901721144 ], [ 0.586673278434753, 49.487898561487668 ] ], [ [ 0.59025612645121, 49.487787276310272 ], [ 0.590531729225554, 49.487778711323358 ], [ 0.590518581370501, 49.487599167802578 ], [ 0.590242979600072, 49.487607732735533 ], [ 0.59025612645121, 49.487787276310272 ] ], [ [ 0.584730916619886, 49.487778893734877 ], [ 0.58500652101555, 49.487770341912409 ], [ 0.58498026585625, 49.487411252688368 ], [ 0.584704663468454, 49.487419804403046 ], [ 0.584730916619886, 49.487778893734877 ] ], [ [ 0.58528212528005, 49.487761789434394 ], [ 0.58555772941337, 49.487753236300861 ], [ 0.585531470238336, 49.487394147292477 ], [ 0.58525586811288, 49.487402700318192 ], [ 0.58528212528005, 49.487761789434394 ] ], [ [ 0.589416173500689, 49.487633423601238 ], [ 0.589691775665156, 49.487624860634845 ], [ 0.589652341923273, 49.487086229537589 ], [ 0.589927940944705, 49.487077666077603 ], [ 0.589901650432361, 49.48671857874649 ], [ 0.589626053418679, 49.486727142098481 ], [ 0.589612909363373, 49.486547598366677 ], [ 0.589337313222226, 49.486556161009212 ], [ 0.589376742770511, 49.487094792342042 ], [ 0.58882554407103, 49.487111915984435 ], [ 0.588851827077561, 49.487471003714624 ], [ 0.589403029792638, 49.487453879856353 ], [ 0.589416173500689, 49.487633423601238 ] ], [ [ 0.595754990037615, 49.487436309529926 ], [ 0.596306188188452, 49.487419152788256 ], [ 0.596293019383121, 49.487239610393992 ], [ 0.595741823240028, 49.487256767027525 ], [ 0.595754990037615, 49.487436309529926 ] ], [ [ 0.583064166874324, 49.487650645918386 ], [ 0.583615375100236, 49.487633549592047 ], [ 0.583602252605839, 49.487454004706464 ], [ 0.583877855518186, 49.487445455613894 ], [ 0.583864732150976, 49.487265910774042 ], [ 0.583313528203019, 49.487283008195874 ], [ 0.583326649562373, 49.487462553143509 ], [ 0.583051046387805, 49.487471100925035 ], [ 0.583064166874324, 49.487650645918386 ] ], [ [ 0.586647010965845, 49.487539472927047 ], [ 0.586922613439201, 49.487530916569789 ], [ 0.586896344487368, 49.487171828084328 ], [ 0.586620744021836, 49.487180384333726 ], [ 0.586647010965845, 49.487539472927047 ] ], [ [ 0.58498026585625, 49.487411252688368 ], [ 0.58525586811288, 49.487402700318192 ], [ 0.585242739726057, 49.48722315574782 ], [ 0.584967138473344, 49.487231708064094 ], [ 0.58498026585625, 49.487411252688368 ] ], [ [ 0.58828748427616, 49.487308580981917 ], [ 0.588563084958048, 49.487300020745522 ], [ 0.588549944524332, 49.487120476822355 ], [ 0.588274344846341, 49.48712903700482 ], [ 0.58828748427616, 49.487308580981917 ] ], [ [ 0.584140333928276, 49.487257361079841 ], [ 0.584415935574444, 49.487248810730094 ], [ 0.584402810330523, 49.487069265989852 ], [ 0.584678410841639, 49.487060715038503 ], [ 0.584665284724957, 49.486881170343985 ], [ 0.584940884101021, 49.486872618791026 ], [ 0.584927757111597, 49.486693074142231 ], [ 0.585203355352613, 49.486684521987662 ], [ 0.585190227490466, 49.486504977384584 ], [ 0.584363435385601, 49.486530631720044 ], [ 0.584350310666233, 49.486351086947089 ], [ 0.584074714039535, 49.486359637027327 ], [ 0.584100961601648, 49.486718726672855 ], [ 0.584376560236104, 49.486710176484813 ], [ 0.584389685217745, 49.486889721241425 ], [ 0.584114085579395, 49.486898271483362 ], [ 0.584140333928276, 49.487257361079841 ] ], [ [ 0.585518340847597, 49.487214602776035 ], [ 0.585793941837954, 49.487206049148725 ], [ 0.585780811574489, 49.487026504677999 ], [ 0.585505211588037, 49.487035058251408 ], [ 0.585518340847597, 49.487214602776035 ] ], [ [ 0.586896344487368, 49.487171828084328 ], [ 0.587171944821667, 49.487163271179448 ], [ 0.587132539366488, 49.486624638551696 ], [ 0.58685694204385, 49.486633195294765 ], [ 0.58687007606046, 49.486812739566133 ], [ 0.586594477602718, 49.486821295707628 ], [ 0.586607610746666, 49.487000840024763 ], [ 0.586883210208297, 49.486992283829316 ], [ 0.586896344487368, 49.487171828084328 ] ], [ [ 0.582736085420911, 49.486941012860342 ], [ 0.583011685714805, 49.486932465895975 ], [ 0.582998565752651, 49.486752920869932 ], [ 0.583549763939365, 49.48673582508242 ], [ 0.583536642100516, 49.486556280155945 ], [ 0.582709847635485, 49.486581922692331 ], [ 0.582736085420911, 49.486941012860342 ] ], [ [ 0.586043280293586, 49.486838406024127 ], [ 0.586318879013756, 49.486829851193647 ], [ 0.586305747004904, 49.486650306814418 ], [ 0.586030149288617, 49.486658861590989 ], [ 0.586043280293586, 49.486838406024127 ] ], [ [ 0.588523664050772, 49.48676138895155 ], [ 0.588799261589705, 49.48675282822154 ], [ 0.588786120545992, 49.486573284327811 ], [ 0.588510524010925, 49.486581845003862 ], [ 0.588523664050772, 49.48676138895155 ] ], [ [ 0.580793767763113, 49.4868212777995 ], [ 0.581069367970435, 49.486812735477599 ], [ 0.581056255166651, 49.486633190066357 ], [ 0.580780655963232, 49.486641732334405 ], [ 0.580793767763113, 49.4868212777995 ] ], [ [ 0.581344968046741, 49.486804192500195 ], [ 0.58189616780626, 49.486787104578816 ], [ 0.581883051990771, 49.486607559329123 ], [ 0.581331854239054, 49.486624647142783 ], [ 0.581344968046741, 49.486804192500195 ] ], [ [ 0.585754551441132, 49.486667415712027 ], [ 0.586030149288617, 49.486658861590989 ], [ 0.586017018414844, 49.486479317149652 ], [ 0.586292615127261, 49.486470762426997 ], [ 0.586279483380821, 49.486291218031425 ], [ 0.58572829183252, 49.486308326713385 ], [ 0.585662645106674, 49.4854106040736 ], [ 0.585938235927252, 49.485402050329952 ], [ 0.585925105971811, 49.485222505831381 ], [ 0.585649516155036, 49.485231059521112 ], [ 0.585623258645281, 49.484871970391609 ], [ 0.585347670704917, 49.484880523318033 ], [ 0.58533454315057, 49.484700978687101 ], [ 0.585058956082824, 49.484709530904155 ], [ 0.585085209315112, 49.485068620265672 ], [ 0.585360798390423, 49.485060067940765 ], [ 0.585387054154922, 49.485419157161743 ], [ 0.585111463072005, 49.48542770959444 ], [ 0.585177099759487, 49.486325432773334 ], [ 0.585452695861591, 49.486316880071101 ], [ 0.585465824596438, 49.486496424628456 ], [ 0.585741421571233, 49.486487871216788 ], [ 0.585754551441132, 49.486667415712027 ] ], [ [ 0.579402657981253, 49.486684433841951 ], [ 0.580505056628807, 49.486650273946935 ], [ 0.580478835429846, 49.486291182884564 ], [ 0.580203237972211, 49.486299723733914 ], [ 0.580190128573096, 49.486120178136652 ], [ 0.579914531988359, 49.486128718276653 ], [ 0.579927640383594, 49.486308263927754 ], [ 0.579652042664004, 49.486316803466103 ], [ 0.579665150186321, 49.486496349162884 ], [ 0.579389551331876, 49.486504888099532 ], [ 0.579402657981253, 49.486684433841951 ] ], [ [ 0.587946192646098, 49.486419420325696 ], [ 0.588221788439869, 49.486410861014605 ], [ 0.588208649666442, 49.486231316996594 ], [ 0.587933054876521, 49.486239876253755 ], [ 0.587946192646098, 49.486419420325696 ] ], [ [ 0.582696728939386, 49.48640237759605 ], [ 0.582972326221603, 49.486393830793332 ], [ 0.582959206652706, 49.486214285742761 ], [ 0.582683610374361, 49.486222832491627 ], [ 0.582696728939386, 49.48640237759605 ] ], [ [ 0.586555078958173, 49.486282662707211 ], [ 0.586830674404308, 49.486274106727492 ], [ 0.586817540781371, 49.48609456243161 ], [ 0.586541946339086, 49.48610311835737 ], [ 0.586555078958173, 49.486282662707211 ] ], [ [ 0.58158122395036, 49.486257012932121 ], [ 0.582132417424465, 49.486239924022861 ], [ 0.582119300998243, 49.486060378802527 ], [ 0.582394896534856, 49.486051833418514 ], [ 0.582381779235827, 49.485872288243876 ], [ 0.583759749933531, 49.485829551760816 ], [ 0.583746627746357, 49.485650006847372 ], [ 0.582368662067859, 49.485692743061058 ], [ 0.582355545030946, 49.485513197870063 ], [ 0.582079952505871, 49.485521743092477 ], [ 0.582066836603842, 49.485342197839465 ], [ 0.581791244951546, 49.48535074235253 ], [ 0.581778130184378, 49.485171197037459 ], [ 0.581226948494342, 49.485188283989459 ], [ 0.581213835865826, 49.48500873855852 ], [ 0.581489425772544, 49.485000195464117 ], [ 0.581476312271237, 49.484820650078866 ], [ 0.581751901043134, 49.484812106382826 ], [ 0.581738786669056, 49.48463256104327 ], [ 0.582014374306137, 49.484624016745634 ], [ 0.582001259059308, 49.484444471451731 ], [ 0.581725672426005, 49.484453015695522 ], [ 0.581686330482994, 49.483914379603242 ], [ 0.581410746729945, 49.483922923030015 ], [ 0.581450085661676, 49.484461559283844 ], [ 0.581174498766332, 49.484470102216711 ], [ 0.58120072336832, 49.484829193119431 ], [ 0.580649545169471, 49.484846277234119 ], [ 0.58066265565937, 49.485025822780941 ], [ 0.58038706535965, 49.485034363908902 ], [ 0.580400174976721, 49.485213909501375 ], [ 0.580124583542205, 49.485222450027706 ], [ 0.580137692286433, 49.485401995665825 ], [ 0.580413284724778, 49.485393455085671 ], [ 0.58043950461384, 49.48575254622974 ], [ 0.580715098928884, 49.485744004886392 ], [ 0.580701987915014, 49.485564459372299 ], [ 0.580977581095218, 49.485555917427305 ], [ 0.580990693112932, 49.485735462887561 ], [ 0.581266287165972, 49.48572692023324 ], [ 0.581292513602142, 49.486086011021584 ], [ 0.581568109531875, 49.486077467604055 ], [ 0.58158122395036, 49.486257012932121 ] ], [ [ 0.582959206652706, 49.486214285742761 ], [ 0.583234802799968, 49.486205738338398 ], [ 0.583221682358292, 49.486026193333537 ], [ 0.582946087214891, 49.486034740684012 ], [ 0.582959206652706, 49.486214285742761 ] ], [ [ 0.586817540781371, 49.48609456243161 ], [ 0.587093135092439, 49.486086005850332 ], [ 0.58708000059689, 49.48590646160018 ], [ 0.586804407289658, 49.485915018127507 ], [ 0.586817540781371, 49.48609456243161 ] ], [ [ 0.583772872251814, 49.486009096666066 ], [ 0.584048467001915, 49.486000547349093 ], [ 0.584035343679786, 49.485821002497708 ], [ 0.583759749933531, 49.485829551760816 ], [ 0.583772872251814, 49.486009096666066 ] ], [ [ 0.584573405580255, 49.485624357253336 ], [ 0.584848997929292, 49.48561580607771 ], [ 0.584835871857932, 49.48543626137166 ], [ 0.584560280512715, 49.485444812493391 ], [ 0.584573405580255, 49.485624357253336 ] ], [ [ 0.586226957707082, 49.485573040367314 ], [ 0.586502549269091, 49.485564485258799 ], [ 0.586489417174842, 49.485384940876251 ], [ 0.586213826616644, 49.485393495930829 ], [ 0.586226957707082, 49.485573040367314 ] ], [ [ 0.57841862260924, 49.48455549549481 ], [ 0.57869421081419, 49.484546959116585 ], [ 0.578681107743722, 49.48436741316852 ], [ 0.57840552054256, 49.484375949492936 ], [ 0.57841862260924, 49.48455549549481 ] ], [ [ 0.580898911739983, 49.484478644494104 ], [ 0.581174498766332, 49.484470102216711 ], [ 0.581161386661847, 49.484290556753052 ], [ 0.58088580063927, 49.484299098976628 ], [ 0.580898911739983, 49.484478644494104 ] ], [ [ 0.582001259059308, 49.484444471451731 ], [ 0.582276845561578, 49.484435926552486 ], [ 0.582263729442017, 49.484256381304277 ], [ 0.581988143943516, 49.484264926149656 ], [ 0.582001259059308, 49.484444471451731 ] ], [ [ 0.583103604282071, 49.48441028792201 ], [ 0.583379190260099, 49.484401740400941 ], [ 0.58336607012549, 49.484222195368211 ], [ 0.583090485151223, 49.484230742835408 ], [ 0.583103604282071, 49.48441028792201 ] ], [ [ 0.58641062736459, 49.484307674409216 ], [ 0.586686211768939, 49.484299119022729 ], [ 0.586673079589349, 49.484119574636878 ], [ 0.58639749618874, 49.48412812996942 ], [ 0.58641062736459, 49.484307674409216 ] ], [ [ 0.578681107743722, 49.48436741316852 ], [ 0.579232281753292, 49.484350338553313 ], [ 0.579219176806187, 49.484170792704724 ], [ 0.578668004804169, 49.484187867212277 ], [ 0.578681107743722, 49.48436741316852 ] ], [ [ 0.582539314809476, 49.484247835803458 ], [ 0.583090485151223, 49.484230742835408 ], [ 0.583077366151448, 49.484051197740641 ], [ 0.582526197817203, 49.484068290600945 ], [ 0.582539314809476, 49.484247835803458 ] ], [ [ 0.591357977317497, 49.483974033701188 ], [ 0.591633558354924, 49.483965466570766 ], [ 0.591607258255863, 49.483606379717244 ], [ 0.591331679225822, 49.483614946739664 ], [ 0.591357977317497, 49.483974033701188 ] ], [ [ 0.580872689669551, 49.484119553451016 ], [ 0.581148274688364, 49.484111011281293 ], [ 0.581135162845886, 49.483931465801312 ], [ 0.581410746729945, 49.483922923030015 ], [ 0.581384521430513, 49.48356383215328 ], [ 0.581108939553926, 49.483572374816895 ], [ 0.581122051134406, 49.483751920313203 ], [ 0.580846468123089, 49.483760462375223 ], [ 0.580820247100582, 49.483401371266766 ], [ 0.581371408977309, 49.483384286702652 ], [ 0.581358296655109, 49.483204741243846 ], [ 0.581633876393259, 49.483196198032495 ], [ 0.581620763198363, 49.483016652619376 ], [ 0.581069605598458, 49.483033738278969 ], [ 0.581082716785954, 49.483213283799792 ], [ 0.580531556654674, 49.483230366945335 ], [ 0.58055777540777, 49.483589458177832 ], [ 0.580282193138222, 49.48359799887514 ], [ 0.580295301707497, 49.483777544532948 ], [ 0.580570884980781, 49.483769003781809 ], [ 0.580583994684773, 49.483948549377615 ], [ 0.580859578830825, 49.483940007917205 ], [ 0.580872689669551, 49.484119553451016 ] ], [ [ 0.581975028958754, 49.484085380839424 ], [ 0.5822506134535, 49.484076836047926 ], [ 0.582198150809836, 49.483358654940702 ], [ 0.581922570330014, 49.483367199516771 ], [ 0.581909456000398, 49.48318765416569 ], [ 0.581633876393259, 49.483196198032495 ], [ 0.581673216764035, 49.483734834222808 ], [ 0.581948799382329, 49.483726290194468 ], [ 0.581975028958754, 49.484085380839424 ] ], [ [ 0.583077366151448, 49.484051197740641 ], [ 0.583352950121966, 49.484042650327332 ], [ 0.583339830249523, 49.48386310527826 ], [ 0.583064247282744, 49.483871652637696 ], [ 0.583077366151448, 49.484051197740641 ] ], [ [ 0.578904279826174, 49.48364069252996 ], [ 0.579455445543815, 49.483623617034354 ], [ 0.579429234820511, 49.483264525371268 ], [ 0.578878073117786, 49.483281600651587 ], [ 0.578904279826174, 49.48364069252996 ] ], [ [ 0.58824775078192, 49.482990964332082 ], [ 0.588523327241744, 49.482982404735154 ], [ 0.588510188954902, 49.482802860669622 ], [ 0.588234613498737, 49.482811420212599 ], [ 0.58824775078192, 49.482990964332082 ] ], [ [ 0.586030005125207, 49.482879872961547 ], [ 0.5863055816311, 49.482871318661886 ], [ 0.586292451504749, 49.482691774156656 ], [ 0.586016876002515, 49.482700328402387 ], [ 0.586030005125207, 49.482879872961547 ] ], [ [ 0.577119811447799, 49.481896440339654 ], [ 0.577395385120434, 49.481887907390124 ], [ 0.577382288028062, 49.481708361104367 ], [ 0.577106715359073, 49.481716894000087 ], [ 0.577119811447799, 49.481896440339654 ] ], [ [ 0.576831142559246, 49.481725426240402 ], [ 0.577106715359073, 49.481716894000087 ], [ 0.577080523574137, 49.481357801296511 ], [ 0.576804952781572, 49.481366333429271 ], [ 0.576831142559246, 49.481725426240402 ] ], [ [ 0.579586864668585, 49.481640074344043 ], [ 0.579862436159578, 49.481631535549688 ], [ 0.579849330165413, 49.481451989740023 ], [ 0.57957375967804, 49.481460528480547 ], [ 0.579586864668585, 49.481640074344043 ] ], [ [ 0.578471476419387, 49.481494676888666 ], [ 0.57957375967804, 49.481460528480547 ], [ 0.579560654818422, 49.48128098260888 ], [ 0.579285085203735, 49.481289520640196 ], [ 0.579271981478643, 49.481109974706548 ], [ 0.578996412736646, 49.481118512028672 ], [ 0.578983310146063, 49.480938966033015 ], [ 0.578707742276757, 49.48094750264594 ], [ 0.578733945581626, 49.48130659473663 ], [ 0.578458375574224, 49.481315130801775 ], [ 0.578471476419387, 49.481494676888666 ] ] ] } },
{ "type": "Feature", "properties": { "surface_ha": 1.12 }, "geometry": { "type": "Polygon", "coordinates": [ [ [ 0.534890792792555, 49.482296487089691 ], [ 0.534877850927934, 49.482116932528982 ], [ 0.53460226324662, 49.482125364217474 ], [ 0.534589322515147, 49.481945809595501 ], [ 0.53348697451243, 49.481979529581913 ], [ 0.533461101468028, 49.481620419888543 ], [ 0.533736686654941, 49.481611990981456 ], [ 0.533723749322796, 49.481432436175758 ], [ 0.533448165139705, 49.481440865029718 ], [ 0.533409356930212, 49.4809022004046 ], [ 0.5336849381019, 49.480893771710022 ], [ 0.533697875046276, 49.481073326540042 ], [ 0.533973457092501, 49.481064897136868 ], [ 0.533960519144336, 49.480885342359976 ], [ 0.534236100057512, 49.480876912354482 ], [ 0.534261978090691, 49.481236021793848 ], [ 0.534813143544367, 49.481219159603832 ], [ 0.534826084762482, 49.481398714205056 ], [ 0.535101668299182, 49.481390282073683 ], [ 0.535127553130942, 49.481749391145549 ], [ 0.534851967586605, 49.481757823383248 ], [ 0.534864909192618, 49.481937377960172 ], [ 0.535140495740787, 49.481928945669324 ], [ 0.535166381348418, 49.482288054692553 ], [ 0.534890792792555, 49.482296487089691 ] ], [ [ 0.534025210177828, 49.481783116163335 ], [ 0.534300796110039, 49.481774685892141 ], [ 0.534287856640976, 49.481595131200805 ], [ 0.534012271712593, 49.481603561418886 ], [ 0.534025210177828, 49.481783116163335 ] ] ] } },
{ "type": "Feature", "properties": { "surface_ha": 6.96 }, "geometry": { "type": "Polygon", "coordinates": [ [ [ 0.587092911343311, 49.482307018775522 ], [ 0.587079778599608, 49.482127474407569 ], [ 0.586804206501851, 49.482136030457738 ], [ 0.586791074892968, 49.481956486027649 ], [ 0.585413217454567, 49.481999256178064 ], [ 0.585386964666444, 49.481640166754183 ], [ 0.585662534409231, 49.481631614142721 ], [ 0.585649407208283, 49.481452069472404 ], [ 0.585098269598761, 49.481469173932162 ], [ 0.585085144536135, 49.481289629145877 ], [ 0.585911847742944, 49.48126397163491 ], [ 0.585872464309726, 49.480725337712165 ], [ 0.585045770134999, 49.48075099473796 ], [ 0.585032645596865, 49.480571449918976 ], [ 0.585583773170729, 49.480554345998279 ], [ 0.585570646756644, 49.480374801278941 ], [ 0.586121771798888, 49.480357694844621 ], [ 0.586069259425842, 49.479639516316709 ], [ 0.585793700984321, 49.47964806964589 ], [ 0.585780574222425, 49.479468524939563 ], [ 0.586056131660463, 49.479459971664298 ], [ 0.586043004026233, 49.479280427003694 ], [ 0.586318560329655, 49.47927187312699 ], [ 0.586344817736213, 49.47963096233218 ], [ 0.586620375915423, 49.479622407692304 ], [ 0.586607246143086, 49.479442863147739 ], [ 0.587433916883227, 49.479417195457884 ], [ 0.58744704966599, 49.479596739840673 ], [ 0.587998164843713, 49.479579624662911 ], [ 0.588011299764637, 49.479759168929654 ], [ 0.588286858160153, 49.47975061030381 ], [ 0.588273722235749, 49.479571066091019 ], [ 0.588824836626121, 49.479553946981234 ], [ 0.588811698826017, 49.479374402868174 ], [ 0.589638366416787, 49.4793487194504 ], [ 0.589625225737579, 49.479169175491023 ], [ 0.590176334801487, 49.479152050043808 ], [ 0.590189477487589, 49.479331593895239 ], [ 0.590465032826047, 49.479323030134672 ], [ 0.590478176646901, 49.479502573923952 ], [ 0.589375950491489, 49.479536825250122 ], [ 0.589402230499356, 49.479895913235872 ], [ 0.589677789242089, 49.479887351279373 ], [ 0.589690930446423, 49.480066895206036 ], [ 0.589966490061361, 49.480058332540224 ], [ 0.589979632400476, 49.480237876404715 ], [ 0.590530753243444, 49.480220748999173 ], [ 0.590517608897339, 49.480041205242628 ], [ 0.591068727208056, 49.480024075323634 ], [ 0.591095020045573, 49.480383162612561 ], [ 0.591370581010921, 49.4803745965621 ], [ 0.591383728630197, 49.480554140140278 ], [ 0.591108166661339, 49.480562706244768 ], [ 0.591121313408447, 49.480742249868761 ], [ 0.590019060205614, 49.480776507949074 ], [ 0.590032203069929, 49.480956051780829 ], [ 0.589756638437404, 49.48096461471647 ], [ 0.589743496576626, 49.480785070830748 ], [ 0.589467932816346, 49.48079363305709 ], [ 0.58945479209039, 49.480614089109217 ], [ 0.589179229202359, 49.480622650626202 ], [ 0.589218648763451, 49.481161282607175 ], [ 0.588943082733522, 49.481169843630703 ], [ 0.588929943752102, 49.480990299591269 ], [ 0.588654378594459, 49.480998859905462 ], [ 0.588680654681444, 49.48135794808406 ], [ 0.588405087385427, 49.481366507850808 ], [ 0.588391950279873, 49.48118696371165 ], [ 0.588116383856177, 49.481195522769056 ], [ 0.588129519958161, 49.481375066962173 ], [ 0.587853952399658, 49.481383625418168 ], [ 0.587867087629302, 49.481563169657051 ], [ 0.587591518935991, 49.481571727511593 ], [ 0.587604653293271, 49.481751271796249 ], [ 0.588155792555847, 49.481734155323871 ], [ 0.58816892905155, 49.481913699492416 ], [ 0.587893358482278, 49.481922258110259 ], [ 0.587906494105613, 49.482101802324586 ], [ 0.587355350566162, 49.48211891770196 ], [ 0.587368484313488, 49.482298462015997 ], [ 0.587092911343311, 49.482307018775522 ] ], [ [ 0.586777943415277, 49.481776941589381 ], [ 0.587053513505815, 49.481768385647051 ], [ 0.587040381155719, 49.481588841254542 ], [ 0.587315950111461, 49.481580284710759 ], [ 0.587302816888981, 49.481400740363988 ], [ 0.587853952399658, 49.481383625418168 ], [ 0.587840817301242, 49.481204081171114 ], [ 0.587014116849127, 49.481229752444975 ], [ 0.587027248936824, 49.481409296853855 ], [ 0.586751680853472, 49.481417852688331 ], [ 0.586777943415277, 49.481776941589381 ] ], [ [ 0.586476112638931, 49.481426407867431 ], [ 0.586751680853472, 49.481417852688331 ], [ 0.58673854976935, 49.481238308225528 ], [ 0.586462982558387, 49.481246863350698 ], [ 0.586476112638931, 49.481426407867431 ] ], [ [ 0.586174286270452, 49.48107587324165 ], [ 0.587000984892626, 49.481050208027945 ], [ 0.58696158981028, 49.480511574727714 ], [ 0.586686026744708, 49.48052013029254 ], [ 0.586712287994664, 49.480879219275401 ], [ 0.586436722790826, 49.480887774292718 ], [ 0.586397334123277, 49.480349140644407 ], [ 0.586121771798888, 49.480357694844621 ], [ 0.586174286270452, 49.48107587324165 ] ], [ [ 0.587552116651454, 49.481033094608563 ], [ 0.587827682334049, 49.481024536915868 ], [ 0.587801412793341, 49.48066544838084 ], [ 0.587525849117836, 49.480674005965696 ], [ 0.587512715547845, 49.48049446163197 ], [ 0.587237152744661, 49.480503018507505 ], [ 0.587263418008779, 49.480862107274639 ], [ 0.587538982819038, 49.480853550291215 ], [ 0.587552116651454, 49.481033094608563 ] ], [ [ 0.588903666183058, 49.480631211487854 ], [ 0.589179229202359, 49.480622650626202 ], [ 0.589166089611204, 49.480443106616178 ], [ 0.588890527595424, 49.480451667423871 ], [ 0.588903666183058, 49.480631211487854 ] ] ] } },
{ "type": "Feature", "properties": { "surface_ha": 1.72 }, "geometry": { "type": "Polygon", "coordinates": [ [ [ 0.571004862316172, 49.48136580927256 ], [ 0.570965642251109, 49.480827166584902 ], [ 0.570690072597246, 49.480835684083956 ], [ 0.570650856718479, 49.480297041161819 ], [ 0.570375289944835, 49.480305557844439 ], [ 0.570362219250024, 49.480126010133738 ], [ 0.570086653349384, 49.480134526107264 ], [ 0.570073583788733, 49.479954978334746 ], [ 0.570624713452275, 49.479937945839652 ], [ 0.57063778502008, 49.480117493504814 ], [ 0.570913350659545, 49.480108976220507 ], [ 0.570900278088165, 49.479929428609019 ], [ 0.571175842593453, 49.47992091072306 ], [ 0.571149695835377, 49.479561815582976 ], [ 0.571425258202944, 49.479553297149003 ], [ 0.571399109960227, 49.479194202083697 ], [ 0.57250135009596, 49.479160122223746 ], [ 0.572527506366934, 49.479519216859401 ], [ 0.571976382546213, 49.479536258314909 ], [ 0.572002535325616, 49.479895353132818 ], [ 0.572278099308404, 49.479886832625311 ], [ 0.572304254617509, 49.480245927303152 ], [ 0.572028688627581, 49.480254447918064 ], [ 0.572041765474529, 49.480433995298448 ], [ 0.57176619835037, 49.480442515311665 ], [ 0.571805426664271, 49.480981157564997 ], [ 0.571254286002392, 49.480998195947457 ], [ 0.571280434850323, 49.481357290957021 ], [ 0.571004862316172, 49.48136580927256 ] ], [ [ 0.570965642251109, 49.480827166584902 ], [ 0.571241211774361, 49.480818648430478 ], [ 0.571201989873972, 49.480280005830473 ], [ 0.570926423361527, 49.480288523823859 ], [ 0.570965642251109, 49.480827166584902 ] ] ] } },
{ "type": "Feature", "properties": { "surface_ha": 3.88 }, "geometry": { "type": "Polygon", "coordinates": [ [ [ 0.595005505051955, 49.480981349724068 ], [ 0.594992343992769, 49.480801806872719 ], [ 0.594716781725239, 49.48081038160479 ], [ 0.594703621801044, 49.480630838691212 ], [ 0.594428060405549, 49.480639412713877 ], [ 0.594401742958557, 49.480280326754055 ], [ 0.593850623787177, 49.480297472617217 ], [ 0.593824310879926, 49.479938386408513 ], [ 0.594099868524385, 49.479929813912676 ], [ 0.59408671126445, 49.479750270850055 ], [ 0.594362267774005, 49.479741697752914 ], [ 0.594349109642061, 49.479562154736151 ], [ 0.594624665016713, 49.479553581037742 ], [ 0.594611506012783, 49.479374038066801 ], [ 0.594887060252534, 49.479365463767095 ], [ 0.594873900376637, 49.479185920842077 ], [ 0.595149453481495, 49.47917734594111 ], [ 0.595136292733649, 49.478997803061894 ], [ 0.595411844703615, 49.47898922755968 ], [ 0.59539868308384, 49.478809684726315 ], [ 0.595674233918917, 49.478801108622847 ], [ 0.595661071427237, 49.478621565835368 ], [ 0.596212170696117, 49.478604411770618 ], [ 0.59618584209373, 49.478245326387352 ], [ 0.596736936823073, 49.478228169917692 ], [ 0.596750103065245, 49.47840771250528 ], [ 0.59702565123599, 49.478399133233452 ], [ 0.597038818613065, 49.478578675758776 ], [ 0.596763269438945, 49.47858725508469 ], [ 0.596776435944179, 49.478766797655901 ], [ 0.597051986121683, 49.478758218275914 ], [ 0.597130993935883, 49.479835473206691 ], [ 0.596855437737865, 49.479844052911126 ], [ 0.596868605163876, 49.480023595424996 ], [ 0.596593047830856, 49.480032174528183 ], [ 0.596606214384949, 49.480211717087911 ], [ 0.596330655916929, 49.480220295589874 ], [ 0.596343821599081, 49.480399838195488 ], [ 0.595792702261507, 49.480416993341485 ], [ 0.595805866068209, 49.480596536047045 ], [ 0.59553030519866, 49.480605112691116 ], [ 0.595543468133372, 49.480784655442534 ], [ 0.595267906128818, 49.480793231485301 ], [ 0.59528106819152, 49.480972774282598 ], [ 0.595005505051955, 49.480981349724068 ] ] ] } },
{ "type": "Feature", "properties": { "surface_ha": 3.92 }, "geometry": { "type": "Polygon", "coordinates": [ [ [ 0.579468924466901, 49.480024161278514 ], [ 0.579455820654634, 49.479844615341506 ], [ 0.578904697351434, 49.479861689887706 ], [ 0.578891595677126, 49.479682143834943 ], [ 0.57834047385741, 49.479699215652111 ], [ 0.578327374321026, 49.479519669483523 ], [ 0.577500693620514, 49.479545272132732 ], [ 0.577487597225529, 49.479365725794615 ], [ 0.57721203773385, 49.479374258646509 ], [ 0.577198942473207, 49.479194712246453 ], [ 0.576923383854206, 49.479203244389232 ], [ 0.57687100813379, 49.478485058492183 ], [ 0.577146562738867, 49.478476526564556 ], [ 0.577120373656615, 49.478117433674591 ], [ 0.578222582741066, 49.478083299840954 ], [ 0.578235681230552, 49.478262846074848 ], [ 0.578786786994562, 49.478245775118488 ], [ 0.57876058613272, 49.477886682857722 ], [ 0.57931168735951, 49.477869609495315 ], [ 0.579324789731842, 49.478049155522179 ], [ 0.579875892441899, 49.478032079430875 ], [ 0.579902101592986, 49.478391171244823 ], [ 0.579626548296542, 49.478399709725757 ], [ 0.579639652065013, 49.478579255674298 ], [ 0.579364097634208, 49.478587793553736 ], [ 0.579377200530127, 49.478767339547922 ], [ 0.579652755964393, 49.478758801614667 ], [ 0.579665859994685, 49.478938347546872 ], [ 0.580216972477407, 49.478921269606758 ], [ 0.580230078645568, 49.479100815423138 ], [ 0.579403406714673, 49.479126431511794 ], [ 0.579429613422839, 49.479485523442996 ], [ 0.579705172871046, 49.479476985294482 ], [ 0.579692068448009, 49.479297439386769 ], [ 0.579967626761799, 49.47928890063671 ], [ 0.579993837745799, 49.479647992336325 ], [ 0.581096077719594, 49.479613830352058 ], [ 0.581109187422043, 49.479793375974261 ], [ 0.581660308630183, 49.47977629094234 ], [ 0.581673420470646, 49.479955836448696 ], [ 0.580020049253515, 49.480007084003219 ], [ 0.580006943434189, 49.479827538173851 ], [ 0.579731382109874, 49.479836077085352 ], [ 0.57974448692567, 49.480015622968558 ], [ 0.579468924466901, 49.480024161278514 ] ] ] } },
{ "type": "Feature", "properties": { "surface_ha": 1.04 }, "geometry": { "type": "Polygon", "coordinates": [ [ [ 0.578721285821499, 49.477348044405304 ], [ 0.578708185979497, 49.477168498238171 ], [ 0.578157092256429, 49.477185568548933 ], [ 0.578143994552046, 49.477006022266018 ], [ 0.577868448497617, 49.47701455638466 ], [ 0.577855351927449, 49.476835010039792 ], [ 0.577304261432839, 49.476852076203627 ], [ 0.577264978527441, 49.476313436797362 ], [ 0.577540520830099, 49.47630490420444 ], [ 0.577527425786582, 49.476125357773121 ], [ 0.578078507992772, 49.476108290729023 ], [ 0.578091605042948, 49.476287837052773 ], [ 0.578367146953122, 49.476279302494 ], [ 0.578380245137473, 49.476458848755769 ], [ 0.578655787920135, 49.476450313487923 ], [ 0.578668887238681, 49.476629859687733 ], [ 0.578944430893827, 49.476621323710837 ], [ 0.57895753134659, 49.476800869848667 ], [ 0.579233075874217, 49.476792333162649 ], [ 0.579246177461217, 49.476971879238505 ], [ 0.578970631930225, 49.476980415978332 ], [ 0.578996833490121, 49.477339508213177 ], [ 0.578721285821499, 49.477348044405304 ] ] ] } },
{ "type": "Feature", "properties": { "surface_ha": 3.36 }, "geometry": { "type": "Polygon", "coordinates": [ [ [ 0.554327132848261, 49.479900649874899 ], [ 0.554314121014329, 49.47972109901697 ], [ 0.554038552575233, 49.479729576709808 ], [ 0.554012531304599, 49.479370474862726 ], [ 0.553736964742762, 49.479378951793251 ], [ 0.553723955306027, 49.479199400804077 ], [ 0.553448389617826, 49.479207877025779 ], [ 0.553435381314662, 49.479028325975058 ], [ 0.5531598165001, 49.479036801487943 ], [ 0.553120795381097, 49.478498148126697 ], [ 0.552845233447333, 49.47850662282395 ], [ 0.552832227671118, 49.478327071633835 ], [ 0.552556666610985, 49.478335545622258 ], [ 0.552543661968257, 49.478155994370645 ], [ 0.551992541465346, 49.478172940274547 ], [ 0.551979538959633, 49.477993388907976 ], [ 0.55170397951687, 49.478001860823483 ], [ 0.551690978144595, 49.477822309395371 ], [ 0.551415419575482, 49.477830780602083 ], [ 0.551402419336626, 49.47765122911246 ], [ 0.55112686164117, 49.477659699610442 ], [ 0.551113862535714, 49.477480148059271 ], [ 0.550838305713915, 49.477488617848493 ], [ 0.550825307741835, 49.477309066235797 ], [ 0.550549751793699, 49.477317535316274 ], [ 0.550562748762261, 49.477497086982346 ], [ 0.550287191680761, 49.47750555546083 ], [ 0.55030018777564, 49.477685107172107 ], [ 0.54974907121609, 49.477702042269769 ], [ 0.549723083170269, 49.477342938625533 ], [ 0.549998639507904, 49.477334471511135 ], [ 0.549985644676203, 49.477154919730225 ], [ 0.550261199880506, 49.477146452013834 ], [ 0.550209217837957, 49.476428245022319 ], [ 0.550484768898499, 49.476419776864098 ], [ 0.550536754954979, 49.477137983642095 ], [ 0.550812309899611, 49.477129514615008 ], [ 0.550773317152037, 49.476590859703855 ], [ 0.551048868956365, 49.476582390181562 ], [ 0.551074865998523, 49.476941493357039 ], [ 0.551350419679949, 49.476933023072618 ], [ 0.551363419399311, 49.477112574594791 ], [ 0.551638973954359, 49.477104103601619 ], [ 0.551677976902207, 49.47764275795911 ], [ 0.551953534337904, 49.477634286150412 ], [ 0.551927530235758, 49.477275183360334 ], [ 0.552203085534531, 49.477266711003082 ], [ 0.552190082674801, 49.477087159649265 ], [ 0.552465636840176, 49.477078686690071 ], [ 0.55245263310686, 49.47689913538153 ], [ 0.55272818613884, 49.47689066182037 ], [ 0.55275419574236, 49.477249764322522 ], [ 0.553305305430501, 49.477232815020535 ], [ 0.553331319567738, 49.47759191727647 ], [ 0.553606876223906, 49.477583441535607 ], [ 0.553619884490963, 49.477762992597974 ], [ 0.553068769041638, 49.477779943531203 ], [ 0.553081775431593, 49.477959494692293 ], [ 0.55335733422476, 49.477951019499912 ], [ 0.553383349401578, 49.478310121690832 ], [ 0.553658910071884, 49.478301645736259 ], [ 0.553645901414949, 49.478122094698286 ], [ 0.553921460951745, 49.478113618141776 ], [ 0.55396049032311, 49.478652271070978 ], [ 0.554236052740601, 49.47864379369878 ], [ 0.554262074978549, 49.479002895504053 ], [ 0.554537639273213, 49.478994417369606 ], [ 0.554550651590764, 49.479173968206595 ], [ 0.554275086292506, 49.479182446394489 ], [ 0.554301109310393, 49.479541548150962 ], [ 0.554576676615871, 49.479533069856174 ], [ 0.55458968932343, 49.479712620668785 ], [ 0.554865257502524, 49.479704141665167 ], [ 0.554878271343719, 49.479883692416173 ], [ 0.554327132848261, 49.479900649874899 ] ], [ [ 0.552504648819594, 49.477617340566944 ], [ 0.552780205865571, 49.477608866792146 ], [ 0.552767200739003, 49.477429315561402 ], [ 0.552491644696541, 49.477437789282774 ], [ 0.552504648819594, 49.477617340566944 ] ] ] } },
{ "type": "Feature", "properties": { "surface_ha": 9.72 }, "geometry": { "type": "Polygon", "coordinates": [ [ [ 0.58630543182311, 49.479092328512138 ], [ 0.586292303447723, 49.478912783889108 ], [ 0.585741194723558, 49.478929890771518 ], [ 0.585728068486206, 49.478750346032477 ], [ 0.585176961244393, 49.478767450185778 ], [ 0.585163837145042, 49.478587905330748 ], [ 0.584612731385655, 49.478605006754961 ], [ 0.584599609424271, 49.478425461783964 ], [ 0.584324057351365, 49.478434011459207 ], [ 0.584310936524492, 49.478254466426151 ], [ 0.583759833992299, 49.478271563702926 ], [ 0.583746715303329, 49.478092018553916 ], [ 0.583195614253741, 49.478109113101709 ], [ 0.58320873093588, 49.478288658358423 ], [ 0.582933179211108, 49.47829720470321 ], [ 0.582959410961634, 49.478656295299942 ], [ 0.582683857098963, 49.478664841097121 ], [ 0.582657627355309, 49.478305750392686 ], [ 0.582382075368491, 49.478314295426848 ], [ 0.582316508319147, 49.47741656825346 ], [ 0.582867602127749, 49.477399478068428 ], [ 0.582893832568024, 49.477758568746857 ], [ 0.583169381282568, 49.477750022563676 ], [ 0.583156264993533, 49.47757047728242 ], [ 0.583431812573656, 49.477561930497814 ], [ 0.583418695412274, 49.477382385262246 ], [ 0.583694241857981, 49.477373837876215 ], [ 0.583668005921612, 49.477014747488298 ], [ 0.583943550229554, 49.477006199554729 ], [ 0.583930431454593, 49.476826654402387 ], [ 0.584481517670618, 49.476809556677168 ], [ 0.584468397020049, 49.476630011624415 ], [ 0.584743938928127, 49.476621461832778 ], [ 0.584730817405312, 49.476441916825756 ], [ 0.584455276500552, 49.476450466563513 ], [ 0.584442156112125, 49.476270921494418 ], [ 0.584717696013574, 49.476262371810527 ], [ 0.584691453623338, 49.475903281755613 ], [ 0.584966991387124, 49.475894731524271 ], [ 0.584940747514646, 49.475535641544433 ], [ 0.585216283140804, 49.475527090765617 ], [ 0.585203160397932, 49.475347545817328 ], [ 0.586305297578543, 49.475313336365225 ], [ 0.586318424334421, 49.475492881097914 ], [ 0.586593959305021, 49.475484327042878 ], [ 0.58660708719529, 49.475663871713422 ], [ 0.58633155122143, 49.475672425822395 ], [ 0.586370932669269, 49.476211059946813 ], [ 0.586095393554441, 49.476219613562264 ], [ 0.586134773172601, 49.476758247774818 ], [ 0.585859230916713, 49.476766800896733 ], [ 0.58588548264448, 49.477125890438728 ], [ 0.585609938250794, 49.477134443013178 ], [ 0.585636188496356, 49.477493532630255 ], [ 0.586187281166025, 49.477476426610437 ], [ 0.586200408492227, 49.477655971298873 ], [ 0.586751502644071, 49.477638862550052 ], [ 0.586764632108172, 49.477818407122527 ], [ 0.587315727742114, 49.47780129564466 ], [ 0.587328859344148, 49.477980840101068 ], [ 0.587604407967729, 49.477972283325272 ], [ 0.587565010545065, 49.47743365009331 ], [ 0.587840556027342, 49.477425092824021 ], [ 0.587827422812153, 49.477245548450931 ], [ 0.58810296715988, 49.477236990580295 ], [ 0.588063565291512, 49.476698357573795 ], [ 0.588339106498052, 49.476689799209723 ], [ 0.588299702800624, 49.476151166291423 ], [ 0.588575240866062, 49.476142607433914 ], [ 0.588562105559397, 49.475963063165423 ], [ 0.589664252495789, 49.475928821398675 ], [ 0.58969053126655, 49.476287909495859 ], [ 0.589966069679075, 49.476279347308122 ], [ 0.590005491829556, 49.476817979230646 ], [ 0.58972995040714, 49.47682654158028 ], [ 0.589756230490522, 49.477185629595638 ], [ 0.589480686930196, 49.477194191397942 ], [ 0.589506965531964, 49.477553279488504 ], [ 0.589231419833688, 49.477561840743462 ], [ 0.589244558328105, 49.477741384830416 ], [ 0.588693464531084, 49.477758505482385 ], [ 0.588706601150009, 49.477938049669099 ], [ 0.588431053051265, 49.477946609066088 ], [ 0.588444188798041, 49.478126153298547 ], [ 0.587341991077366, 49.478160384549305 ], [ 0.587368254937366, 49.478519473421201 ], [ 0.587092703172386, 49.478528029703511 ], [ 0.587118965550293, 49.478887118650569 ], [ 0.586843411647273, 49.478895674385413 ], [ 0.586856542029557, 49.479075218900604 ], [ 0.58630543182311, 49.479092328512138 ] ] ] } },
{ "type": "Feature", "properties": { "surface_ha": 1.68 }, "geometry": { "type": "Polygon", "coordinates": [ [ [ 0.562463742077394, 49.477850519829893 ], [ 0.562450701438054, 49.477670970495595 ], [ 0.562175146938477, 49.477679467314687 ], [ 0.562162107432891, 49.477499917918678 ], [ 0.561886553806522, 49.477508414028868 ], [ 0.56187351543467, 49.47732886457117 ], [ 0.561597962681514, 49.477337359972466 ], [ 0.561584925443376, 49.477157810453107 ], [ 0.561309373563435, 49.477166305145509 ], [ 0.56129633745899, 49.476986755564432 ], [ 0.560745235315325, 49.477003742876207 ], [ 0.560732201347998, 49.476824193179937 ], [ 0.560456651084291, 49.476832685799295 ], [ 0.560443618250608, 49.476653136041307 ], [ 0.559892519339477, 49.476670119207 ], [ 0.559879488642851, 49.476490569333848 ], [ 0.560155037160081, 49.4764820781322 ], [ 0.560115942841028, 49.475943428624475 ], [ 0.560391488217849, 49.47593493692807 ], [ 0.560417552973839, 49.476294036500981 ], [ 0.561244194343509, 49.47626855715874 ], [ 0.561270265640792, 49.476627656377872 ], [ 0.56154581451041, 49.476619161846081 ], [ 0.561558851357825, 49.476798711389897 ], [ 0.562109950713193, 49.476781720253257 ], [ 0.562136028812516, 49.477140819102239 ], [ 0.562411580301696, 49.477132322443829 ], [ 0.562424620550206, 49.477311871802549 ], [ 0.562700172912567, 49.47730337443523 ], [ 0.562674090538921, 49.47694427581677 ], [ 0.562949640764101, 49.47693577790124 ], [ 0.562936598769271, 49.476756228633363 ], [ 0.563212147860731, 49.476747730116067 ], [ 0.563277364155074, 49.477645476106268 ], [ 0.563001810046362, 49.477653974891389 ], [ 0.563014852692668, 49.477833524118566 ], [ 0.562463742077394, 49.477850519829893 ] ] ] } },
{ "type": "Feature", "properties": { "surface_ha": 3.56 }, "geometry": { "type": "Polygon", "coordinates": [ [ [ 0.547019449124936, 49.478145783114392 ], [ 0.547006464813083, 49.477966230779103 ], [ 0.546730904037404, 49.477974690844469 ], [ 0.546665989441589, 49.477076928779532 ], [ 0.546390433553907, 49.47708538792287 ], [ 0.546403415210143, 49.477264940405448 ], [ 0.545576743758424, 49.477290314063318 ], [ 0.54555078659676, 49.47693120877021 ], [ 0.545275231193896, 49.476939665238838 ], [ 0.545262253811063, 49.476760112526804 ], [ 0.545537808210418, 49.476751656111503 ], [ 0.545524829953732, 49.476572103444639 ], [ 0.545800383219934, 49.476563646427294 ], [ 0.545787404089417, 49.476384093805628 ], [ 0.54606295622247, 49.476375636186226 ], [ 0.546075936356472, 49.476555188754574 ], [ 0.546351489363336, 49.47654673042652 ], [ 0.546312546339929, 49.476008072857041 ], [ 0.546588096206693, 49.47599961403359 ], [ 0.546601078088275, 49.47617916651155 ], [ 0.546876628828809, 49.476170706979438 ], [ 0.546889611843551, 49.47635025939595 ], [ 0.547165163457851, 49.476341799155179 ], [ 0.547178147605776, 49.476521351510243 ], [ 0.547453700093838, 49.476512890560784 ], [ 0.547440714942437, 49.47633333825906 ], [ 0.54826736861782, 49.476307951638645 ], [ 0.548293345071213, 49.47666705591395 ], [ 0.548568898043796, 49.47665859228978 ], [ 0.548542919583454, 49.476299488121121 ], [ 0.548818470419324, 49.47629102394832 ], [ 0.548857441314921, 49.476829680028992 ], [ 0.549132995031448, 49.476821215040765 ], [ 0.54914598659303, 49.477000766998046 ], [ 0.549421541183265, 49.476992301301081 ], [ 0.549382563877426, 49.476453645564952 ], [ 0.549658115327411, 49.47644517937276 ], [ 0.549671108636367, 49.476624731239554 ], [ 0.549946660960019, 49.476616264338652 ], [ 0.549985644676203, 49.477154919730225 ], [ 0.549710089342078, 49.477163386791247 ], [ 0.549723083170269, 49.477342938625533 ], [ 0.549447526702819, 49.477351405084562 ], [ 0.549473512741586, 49.477710508835536 ], [ 0.54974907121609, 49.477702042269769 ], [ 0.549762065433724, 49.477881594079697 ], [ 0.549486505955676, 49.477890060698826 ], [ 0.549499499299578, 49.478069612553995 ], [ 0.548948377946958, 49.478086543932861 ], [ 0.548935386610167, 49.477906991970983 ], [ 0.549210946347822, 49.477898526662607 ], [ 0.549197954137273, 49.477718974745926 ], [ 0.548371277545601, 49.47774436854489 ], [ 0.54834529953509, 49.477385264367058 ], [ 0.548069742418725, 49.477393727549277 ], [ 0.54800480468078, 49.476495966695843 ], [ 0.547729252452176, 49.476504428955991 ], [ 0.547755225151132, 49.476863533428414 ], [ 0.547479670785815, 49.476871995139895 ], [ 0.547505641996706, 49.477231099686506 ], [ 0.547781198369042, 49.477222637868373 ], [ 0.547794185172608, 49.477402190076141 ], [ 0.546967512655835, 49.477427573724476 ], [ 0.546980496578537, 49.477607126084145 ], [ 0.547531613726522, 49.477590204200631 ], [ 0.547544599786031, 49.47776975644549 ], [ 0.547269040273355, 49.477778217768275 ], [ 0.547295010774463, 49.478137322340324 ], [ 0.547019449124936, 49.478145783114392 ] ], [ [ 0.548909404325951, 49.477547888022819 ], [ 0.549184962056524, 49.47753942282116 ], [ 0.549158978284403, 49.477180318947212 ], [ 0.548883422560874, 49.477188784042163 ], [ 0.548909404325951, 49.477547888022819 ] ] ] } },
{ "type": "Feature", "properties": { "surface_ha": 3.4 }, "geometry": { "type": "Polygon", "coordinates": [ [ [ 0.489398683907649, 49.479540574544181 ], [ 0.489373135486495, 49.479181447721679 ], [ 0.488821966046285, 49.479198092900127 ], [ 0.488809194034908, 49.479018529371892 ], [ 0.488258026092026, 49.479035171823327 ], [ 0.488232486467554, 49.478676044532882 ], [ 0.489059232167284, 49.478651080187191 ], [ 0.489046459534876, 49.4784715166873 ], [ 0.48959762068895, 49.47845487061754 ], [ 0.489584846176484, 49.478275307214531 ], [ 0.487931367206025, 49.47832523724297 ], [ 0.487944135695457, 49.478504800960742 ], [ 0.487668554416643, 49.478513120390303 ], [ 0.487579184696254, 49.477256173830085 ], [ 0.487854758948363, 49.477247854767604 ], [ 0.487829223882982, 49.476888727211502 ], [ 0.488655939851297, 49.476863766405849 ], [ 0.488668710331492, 49.477043330030575 ], [ 0.488944283069525, 49.477035008398609 ], [ 0.488957054681078, 49.47721457196284 ], [ 0.489508201781872, 49.477197926627582 ], [ 0.489520975528577, 49.477377490078844 ], [ 0.489796549891322, 49.477369166375532 ], [ 0.489834874908563, 49.477907856523672 ], [ 0.49011045215505, 49.477899532007434 ], [ 0.490187111658814, 49.478976911771667 ], [ 0.489911528389308, 49.478985236602753 ], [ 0.489949856852895, 49.479523926533744 ], [ 0.489398683907649, 49.479540574544181 ] ] ] } },
{ "type": "Feature", "properties": { "surface_ha": 3.72 }, "geometry": { "type": "Polygon", "coordinates": [ [ [ 0.511195333771077, 49.479240102866115 ], [ 0.511169626231816, 49.478880984391523 ], [ 0.510618473002635, 49.478897733349427 ], [ 0.510605621433173, 49.478718173994423 ], [ 0.5108811971082, 49.478709799896023 ], [ 0.510855492346959, 49.478350681267401 ], [ 0.511131065886077, 49.478342306619091 ], [ 0.511156772654819, 49.478701425142113 ], [ 0.511432348073019, 49.478693049732769 ], [ 0.511406639296778, 49.478333931315319 ], [ 0.511682212579055, 49.478325555356079 ], [ 0.511643647366712, 49.477786877827754 ], [ 0.511092506696076, 49.477803628774012 ], [ 0.51111821269433, 49.478162747345465 ], [ 0.51084264015895, 49.478171121940974 ], [ 0.510804084365332, 49.477632443913322 ], [ 0.511079653889566, 49.477624069476164 ], [ 0.511066801211464, 49.477444510170251 ], [ 0.511342369603593, 49.477436135130439 ], [ 0.51131666262525, 49.477077016599992 ], [ 0.511592228881607, 49.477068641010334 ], [ 0.511553666366234, 49.476529963312494 ], [ 0.511829229483212, 49.476521587225818 ], [ 0.511816374564628, 49.476342028029855 ], [ 0.512091936549549, 49.476333651340553 ], [ 0.512066225090433, 49.475974533030019 ], [ 0.512341784939691, 49.475966155790921 ], [ 0.512328928399186, 49.475786596676343 ], [ 0.512604487116403, 49.475778218834648 ], [ 0.512591629700754, 49.475598659764813 ], [ 0.512867187285933, 49.475590281320514 ], [ 0.512880045705168, 49.475769840337527 ], [ 0.513431162497301, 49.475753081377157 ], [ 0.513444023052181, 49.47593264028044 ], [ 0.513995141337565, 49.475915878592808 ], [ 0.514008004028126, 49.476095437382391 ], [ 0.513732443946082, 49.476103818606724 ], [ 0.513771029777952, 49.476642495085486 ], [ 0.513495466556554, 49.476650875812929 ], [ 0.51350832775387, 49.476830434675861 ], [ 0.51323276340034, 49.476838814800679 ], [ 0.513245623722497, 49.477018373708361 ], [ 0.512970058236832, 49.477026753230604 ], [ 0.51299577725926, 49.477385871127382 ], [ 0.512720209637781, 49.477394250099806 ], [ 0.512733068338026, 49.477573809088916 ], [ 0.512457499584396, 49.477582187458708 ], [ 0.51248321536289, 49.477941305518328 ], [ 0.512207644473396, 49.477949683338302 ], [ 0.51224621609342, 49.478488360525574 ], [ 0.511970642064286, 49.478496737848531 ], [ 0.511996355112408, 49.478855856038621 ], [ 0.511720778947316, 49.478864232811731 ], [ 0.51173363466028, 49.479043791947468 ], [ 0.511458057362974, 49.479052168117903 ], [ 0.511470912200599, 49.479231727298384 ], [ 0.511195333771077, 49.479240102866115 ] ], [ [ 0.511617937867304, 49.477427759435194 ], [ 0.51189350600259, 49.477419383084495 ], [ 0.511880650441846, 49.477239823928912 ], [ 0.511605083310243, 49.477248200226796 ], [ 0.511617937867304, 49.477427759435194 ] ] ] } },
{ "type": "Feature", "properties": { "surface_ha": 4.08 }, "geometry": { "type": "Polygon", "coordinates": [ [ [ 0.581345663752605, 49.475467196338656 ], [ 0.581280122231149, 49.47456946770383 ], [ 0.581004590790275, 49.474578008986072 ], [ 0.580965270458352, 49.474039371545651 ], [ 0.581240798889597, 49.474030830424894 ], [ 0.581227691370955, 49.473851284648916 ], [ 0.581503218668073, 49.473842742926777 ], [ 0.581490110277189, 49.473663197196466 ], [ 0.581765636440185, 49.473654654872959 ], [ 0.581752527177079, 49.473475109188307 ], [ 0.582854626506779, 49.473440933557619 ], [ 0.582867739782534, 49.473620479026863 ], [ 0.583143265290662, 49.473611933427321 ], [ 0.58313015101175, 49.473432388011929 ], [ 0.583405675385715, 49.473423841811048 ], [ 0.583379445214611, 49.47306475106349 ], [ 0.583654967451287, 49.473056204315135 ], [ 0.583641851559123, 49.472876658982976 ], [ 0.583917372661658, 49.472868111633304 ], [ 0.583930489556945, 49.473047656911604 ], [ 0.585032576669194, 49.473013460745477 ], [ 0.585045697708025, 49.473193005800056 ], [ 0.585596742484026, 49.473175903678076 ], [ 0.585609865660195, 49.47335544861668 ], [ 0.5853343423346, 49.473364000059163 ], [ 0.585360587073917, 49.473723090019661 ], [ 0.585085061610943, 49.473731640914757 ], [ 0.585111304868261, 49.474090730950344 ], [ 0.584835777267869, 49.474099281297995 ], [ 0.584862019043119, 49.474458371408645 ], [ 0.585137548649892, 49.474449820953211 ], [ 0.58515067073733, 49.474629365942377 ], [ 0.584599609386297, 49.474646466305821 ], [ 0.584612729598384, 49.474826011394583 ], [ 0.584337197723048, 49.474834560647366 ], [ 0.584310959436366, 49.474475470353866 ], [ 0.584035429436405, 49.474484018843647 ], [ 0.584022311492845, 49.474304473630731 ], [ 0.583746782365045, 49.474313021411419 ], [ 0.583733665555715, 49.474133476136466 ], [ 0.583458137300083, 49.474142023208046 ], [ 0.583471253106216, 49.474321568536858 ], [ 0.583195723716369, 49.474330115007078 ], [ 0.583182608913429, 49.474150569624406 ], [ 0.58235602296746, 49.474176204942154 ], [ 0.582421583243976, 49.475073932581751 ], [ 0.581870515259513, 49.47509102005597 ], [ 0.581896736273984, 49.475450111270014 ], [ 0.581345663752605, 49.475467196338656 ] ], [ [ 0.583733665555715, 49.474133476136466 ], [ 0.584009193680323, 49.474124928409658 ], [ 0.58399607599884, 49.473945383180428 ], [ 0.583720548877416, 49.473953930853348 ], [ 0.583733665555715, 49.474133476136466 ] ], [ [ 0.582067383397662, 49.474005203131327 ], [ 0.582618439081557, 49.473988114992871 ], [ 0.582605326546992, 49.473808569486138 ], [ 0.582329799773715, 49.473817113829121 ], [ 0.582316688373309, 49.473637568260337 ], [ 0.581765636440185, 49.473654654872959 ], [ 0.581778745834246, 49.473834200549454 ], [ 0.582054272869462, 49.473825657516876 ], [ 0.582067383397662, 49.474005203131327 ] ], [ [ 0.583982958448395, 49.473765837943013 ], [ 0.58425848443561, 49.47375728966874 ], [ 0.584245366013036, 49.473577744477048 ], [ 0.583969841028983, 49.473586292697419 ], [ 0.583982958448395, 49.473765837943013 ] ] ] } },
{ "type": "Feature", "properties": { "surface_ha": 5.28 }, "geometry": { "type": "Polygon", "coordinates": [ [ [ 0.595844480343907, 49.47735618976737 ], [ 0.595831317900811, 49.477176646968466 ], [ 0.595280234422482, 49.477193798857733 ], [ 0.595267074117479, 49.477014255942464 ], [ 0.59499153318441, 49.47702283085016 ], [ 0.594965214975384, 49.476663744887013 ], [ 0.595240753901871, 49.476655170087419 ], [ 0.595227593991265, 49.4764756271476 ], [ 0.595503131783018, 49.476467051746816 ], [ 0.595489971000612, 49.476287508852863 ], [ 0.595765507657629, 49.476278932850867 ], [ 0.595752346003443, 49.476099390002794 ], [ 0.596027881525732, 49.476090813399601 ], [ 0.596001556605321, 49.475731727786972 ], [ 0.595726023089503, 49.47574030428202 ], [ 0.595712861829748, 49.475560761409348 ], [ 0.594886263503146, 49.475586486800992 ], [ 0.594873105384504, 49.47540694375801 ], [ 0.594322041182632, 49.475424090634888 ], [ 0.59430888520185, 49.475244547475668 ], [ 0.59375782248071, 49.475261691623572 ], [ 0.593744668637749, 49.475082148348044 ], [ 0.592918076580173, 49.475107859493697 ], [ 0.592904925878196, 49.474928316047944 ], [ 0.592629395932784, 49.474936885065368 ], [ 0.592616246365362, 49.474757341557421 ], [ 0.592340717291783, 49.474765909865638 ], [ 0.592327568858898, 49.474586366295497 ], [ 0.592052040657153, 49.47459493389448 ], [ 0.592038893358783, 49.474415390262152 ], [ 0.59176336602888, 49.474423957151949 ], [ 0.591750219865007, 49.47424441345742 ], [ 0.591474693406946, 49.474252979638024 ], [ 0.591461548377548, 49.47407343588133 ], [ 0.590634971225018, 49.47409913032989 ], [ 0.59058240445811, 49.473380954573521 ], [ 0.591133447999351, 49.473363826028205 ], [ 0.59112030462959, 49.473184282176618 ], [ 0.590569263094569, 49.47320141061396 ], [ 0.590556121862298, 49.473021866646249 ], [ 0.590280601900981, 49.473030429828178 ], [ 0.590254321836421, 49.472671341760218 ], [ 0.589978803750021, 49.472679904179046 ], [ 0.589965664917699, 49.472500360078818 ], [ 0.58969014770313, 49.47250892178851 ], [ 0.589677010005119, 49.472329377626153 ], [ 0.590228042296884, 49.472312253659538 ], [ 0.590201763282356, 49.471953165526109 ], [ 0.590477277225271, 49.471944602667982 ], [ 0.590503558245894, 49.472303690693479 ], [ 0.590779074063639, 49.472295127072272 ], [ 0.590765932484648, 49.472115583117578 ], [ 0.591041447168072, 49.47210701889518 ], [ 0.591002020209626, 49.471568387143982 ], [ 0.59072650853529, 49.471576951204426 ], [ 0.59071336748137, 49.471397407217033 ], [ 0.59153989910152, 49.471371713232159 ], [ 0.591592476141069, 49.472089888484923 ], [ 0.591316961720216, 49.472098454017626 ], [ 0.591343249021687, 49.472457541702866 ], [ 0.591618765448641, 49.472448976062203 ], [ 0.591658200394783, 49.472987607366719 ], [ 0.5913826809586, 49.472996173169356 ], [ 0.591448403479461, 49.473893892116486 ], [ 0.59172392793122, 49.473885326043856 ], [ 0.591737073832453, 49.474064869754756 ], [ 0.59201259915604, 49.474056302972954 ], [ 0.592025746191746, 49.474235846621632 ], [ 0.592301272387155, 49.474227279130666 ], [ 0.592314420557353, 49.474406822717171 ], [ 0.59286547456046, 49.474389685661571 ], [ 0.592891775307587, 49.474748772594019 ], [ 0.593167304118442, 49.474740202975383 ], [ 0.59315415267602, 49.47456065956726 ], [ 0.593429680352328, 49.474552089347434 ], [ 0.593442832797922, 49.474731632701527 ], [ 0.594269418048011, 49.474705917948704 ], [ 0.594256262592901, 49.474526374756671 ], [ 0.594807316762897, 49.474509228420182 ], [ 0.594820474224345, 49.47468877150412 ], [ 0.59509600211536, 49.474680197299023 ], [ 0.595135478297876, 49.475218826339606 ], [ 0.595411009066999, 49.475210251317122 ], [ 0.595424169060604, 49.475389794260224 ], [ 0.595975232210856, 49.475372642141544 ], [ 0.595962070210849, 49.475193099306559 ], [ 0.596237600585558, 49.475184522318457 ], [ 0.596329744369398, 49.476441321612938 ], [ 0.5966052816352, 49.476432743591154 ], [ 0.596618446562155, 49.476612286260675 ], [ 0.596893984699711, 49.476603707529556 ], [ 0.596946649735838, 49.477321877909439 ], [ 0.595844480343907, 49.47735618976737 ] ], [ [ 0.59638240085318, 49.477159492458128 ], [ 0.596657942132107, 49.477150914220083 ], [ 0.596644776810606, 49.476971371575125 ], [ 0.596369236534975, 49.476979949759105 ], [ 0.59638240085318, 49.477159492458128 ] ], [ [ 0.590254321836421, 49.472671341760218 ], [ 0.590529839791565, 49.472662778686228 ], [ 0.590516698953097, 49.472483234693925 ], [ 0.590241182001025, 49.472491797713971 ], [ 0.590254321836421, 49.472671341760218 ] ] ] } },
{ "type": "Feature", "properties": { "surface_ha": 1.48 }, "geometry": { "type": "Polygon", "coordinates": [ [ [ 0.554737429846471, 49.474129586347431 ], [ 0.55472441916164, 49.473950035389606 ], [ 0.554173347155346, 49.473966990632 ], [ 0.554134321900435, 49.47342833738908 ], [ 0.554409854958682, 49.473419860255852 ], [ 0.554396845797002, 49.473240309212052 ], [ 0.554672377722022, 49.473231831476973 ], [ 0.554659367687035, 49.473052280478477 ], [ 0.554383836765277, 49.473060758160123 ], [ 0.554370827863504, 49.472881207100059 ], [ 0.554095297815048, 49.472889684073017 ], [ 0.554082290046471, 49.472710132951391 ], [ 0.55463334800695, 49.472693178457099 ], [ 0.554607328846708, 49.472334076403186 ], [ 0.55515838227445, 49.472317119501675 ], [ 0.555184405447587, 49.472676221341821 ], [ 0.555735462368304, 49.472659261605585 ], [ 0.55576149007433, 49.473018363199387 ], [ 0.555485959672486, 49.473026843502048 ], [ 0.555511985892005, 49.473385945170214 ], [ 0.556063050578723, 49.473368983695885 ], [ 0.556076065890025, 49.473548534410853 ], [ 0.555800532608397, 49.47355701552911 ], [ 0.555813547046435, 49.473736566289418 ], [ 0.555262478086589, 49.473753526667068 ], [ 0.555275490648046, 49.473933077526141 ], [ 0.554999954969834, 49.473941556785519 ], [ 0.555012966657975, 49.474121107689903 ], [ 0.554737429846471, 49.474129586347431 ] ], [ [ 0.554986943411676, 49.473762005872992 ], [ 0.555262478086589, 49.473753526667068 ], [ 0.555236453353644, 49.473394424924528 ], [ 0.554960920685298, 49.473402904023551 ], [ 0.554986943411676, 49.473762005872992 ] ], [ [ 0.554659367687035, 49.473052280478477 ], [ 0.554934898478828, 49.473043802141589 ], [ 0.554921887570556, 49.472864251188398 ], [ 0.554646357782012, 49.47287272947186 ], [ 0.554659367687035, 49.473052280478477 ] ] ] } },
{ "type": "Feature", "properties": { "surface_ha": 33.04 }, "geometry": { "type": "Polygon", "coordinates": [ [ [ 0.497832693155206, 49.481624882141936 ], [ 0.497819887101446, 49.481445320415297 ], [ 0.49726869721809, 49.481462006397081 ], [ 0.497255893300216, 49.481282444557181 ], [ 0.496980299170604, 49.481290786512147 ], [ 0.496993102084507, 49.481470348404628 ], [ 0.496717506823005, 49.481478689756592 ], [ 0.496704704913072, 49.48129912781156 ], [ 0.496153516014289, 49.481315808443682 ], [ 0.496140716240196, 49.481136246385454 ], [ 0.495865122602932, 49.481144585665596 ], [ 0.495852323960684, 49.480965023546709 ], [ 0.495576731199499, 49.48097336211876 ], [ 0.495563933689077, 49.480793799939278 ], [ 0.495012749791018, 49.480810475011573 ], [ 0.49502554529354, 49.480990037296181 ], [ 0.494749952148787, 49.480998373901542 ], [ 0.494724363279484, 49.480639249219209 ], [ 0.494999954416341, 49.480630912718944 ], [ 0.494987159169508, 49.480451350418228 ], [ 0.495262749174591, 49.480443013314968 ], [ 0.495237157056615, 49.480083888794525 ], [ 0.495512744926016, 49.480075551140857 ], [ 0.495551136306518, 49.480614237751773 ], [ 0.495826727059816, 49.480605899284825 ], [ 0.495839525446313, 49.480785461419828 ], [ 0.49666629995073, 49.480760441928112 ], [ 0.496653498552428, 49.480580879950864 ], [ 0.496929088794172, 49.480572538861786 ], [ 0.496903484373443, 49.480213414988299 ], [ 0.49580113067044, 49.480246774990761 ], [ 0.495775534792546, 49.479887650664466 ], [ 0.496602294238236, 49.479862631961339 ], [ 0.496615095124935, 49.480042193970775 ], [ 0.497166269457045, 49.480025511452588 ], [ 0.497140663796, 49.479666387635945 ], [ 0.497416248762414, 49.479658045498724 ], [ 0.497390641605302, 49.479298921755024 ], [ 0.497666224436068, 49.479290579067474 ], [ 0.497640615782958, 49.478931455396719 ], [ 0.497916196478112, 49.47892311215886 ], [ 0.49787778144646, 49.478384426750154 ], [ 0.497602203762753, 49.478392769830279 ], [ 0.497627811648297, 49.478751893549308 ], [ 0.497352231829043, 49.478760236079104 ], [ 0.497339428826125, 49.478580674171027 ], [ 0.497063849882773, 49.478589015992718 ], [ 0.497025444652899, 49.478050330062409 ], [ 0.497301020584857, 49.478041988398459 ], [ 0.49727541573023, 49.477682864509823 ], [ 0.497550989526733, 49.477674522295551 ], [ 0.49752538317623, 49.477315398479874 ], [ 0.497800954837315, 49.477307055715308 ], [ 0.497775346991004, 49.476947931972603 ], [ 0.498050916516708, 49.476939588657771 ], [ 0.498025307174659, 49.476580464988032 ], [ 0.498300874565018, 49.476572121122928 ], [ 0.498249653401322, 49.475853873897186 ], [ 0.49852521664904, 49.475845529587048 ], [ 0.498499604827489, 49.475486406031045 ], [ 0.498775165939977, 49.475478061170676 ], [ 0.498749552622924, 49.475118937687675 ], [ 0.499025111600219, 49.475110592277098 ], [ 0.498999496787735, 49.47475146886709 ], [ 0.499275053629877, 49.474743122906283 ], [ 0.499249437322032, 49.474383999569277 ], [ 0.499524992029052, 49.474375653058324 ], [ 0.499499374225917, 49.474016529794326 ], [ 0.499774926797856, 49.474008182733201 ], [ 0.499749307499497, 49.473649059542204 ], [ 0.500024857936389, 49.47364071193094 ], [ 0.499999237142879, 49.473281588812959 ], [ 0.500274785444762, 49.473273240651572 ], [ 0.50024916315617, 49.472914117606578 ], [ 0.500524709323081, 49.472905768895089 ], [ 0.500499085539477, 49.472546645923146 ], [ 0.500774629571448, 49.472538296661547 ], [ 0.500749004292904, 49.472179173762619 ], [ 0.501024546189976, 49.472170823950925 ], [ 0.500998919416557, 49.471811701125056 ], [ 0.501274459178766, 49.471803350763309 ], [ 0.501261644980651, 49.471623789390904 ], [ 0.501537183611434, 49.471615438426461 ], [ 0.501511553592442, 49.471256315762794 ], [ 0.501787090088413, 49.471247964248313 ], [ 0.501774274267567, 49.47106840295703 ], [ 0.5037030191304, 49.471009924375473 ], [ 0.503715841974863, 49.471189485298126 ], [ 0.503991377446329, 49.471181128541161 ], [ 0.503978553598498, 49.471001567671145 ], [ 0.504529622150365, 49.470984852296603 ], [ 0.504542448004925, 49.471164413061253 ], [ 0.505644587584496, 49.47113097423771 ], [ 0.50565741758066, 49.471310534783484 ], [ 0.506208488608208, 49.471293811334469 ], [ 0.506221320739292, 49.471473371766777 ], [ 0.505670247704997, 49.471490095321215 ], [ 0.505683077957501, 49.471669655850881 ], [ 0.505407540244705, 49.471678016697815 ], [ 0.505433199127436, 49.47203713783837 ], [ 0.505157659279668, 49.472045498135394 ], [ 0.505183316668216, 49.472404619349064 ], [ 0.504907774685442, 49.472412979096148 ], [ 0.504933430579738, 49.472772100382961 ], [ 0.504657886461922, 49.472780459580086 ], [ 0.504683540861899, 49.47313958094005 ], [ 0.504407994609001, 49.473147939587207 ], [ 0.504433647514585, 49.4735070610203 ], [ 0.504158099126573, 49.473515419117447 ], [ 0.504183750537696, 49.47387454062364 ], [ 0.503908200014531, 49.473882898170828 ], [ 0.503933849931122, 49.474242019750122 ], [ 0.503658297272769, 49.474250376747278 ], [ 0.503696770097937, 49.474789059213826 ], [ 0.503421214300786, 49.474797415713617 ], [ 0.503434037828503, 49.474976976572364 ], [ 0.503158480899659, 49.474985332469423 ], [ 0.503196949240691, 49.475524015155287 ], [ 0.502921389172935, 49.475532370554959 ], [ 0.50293421120587, 49.475711931486792 ], [ 0.502658650006392, 49.47572028628371 ], [ 0.50269711386287, 49.476258969188841 ], [ 0.502421549524364, 49.476267323488322 ], [ 0.502447190728478, 49.476626445490098 ], [ 0.502171624254542, 49.476634799239484 ], [ 0.502197263963623, 49.476993921314332 ], [ 0.501921695354221, 49.477002274513588 ], [ 0.501947333568199, 49.477361396661486 ], [ 0.501671762823292, 49.477369749310604 ], [ 0.501697399542097, 49.477728871531582 ], [ 0.501421826661652, 49.477737223630527 ], [ 0.501447461885215, 49.478096345924584 ], [ 0.501171886869195, 49.478104697473377 ], [ 0.501197520597444, 49.478463819840464 ], [ 0.50092194344581, 49.478472170839019 ], [ 0.500947575678678, 49.478831293279185 ], [ 0.500671996391395, 49.47883964372754 ], [ 0.500684811696083, 49.479019204988184 ], [ 0.500409231276942, 49.479027554833699 ], [ 0.500447674947735, 49.479566238725141 ], [ 0.500172091389043, 49.479574588073056 ], [ 0.500197719135345, 49.47993371073234 ], [ 0.499922133440894, 49.479942059529947 ], [ 0.499947759691535, 49.480301182262274 ], [ 0.499672171861289, 49.480309530509643 ], [ 0.499697796616198, 49.480668653314979 ], [ 0.499422206650119, 49.480677001012076 ], [ 0.499447829909226, 49.481036123890426 ], [ 0.499172237807282, 49.481044471037201 ], [ 0.499197859570516, 49.481403593988581 ], [ 0.498922265332665, 49.481411940585033 ], [ 0.498935075402315, 49.481591502101253 ], [ 0.497832693155206, 49.481624882141936 ] ], [ [ 0.49787778144646, 49.478384426750154 ], [ 0.498153359002235, 49.478376083014552 ], [ 0.498127747613226, 49.478016959473678 ], [ 0.49785217206503, 49.478025303104083 ], [ 0.49787778144646, 49.478384426750154 ] ], [ [ 0.498127747613226, 49.478016959473678 ], [ 0.498403323033483, 49.47800861518779 ], [ 0.498390516527116, 49.477829053457874 ], [ 0.498666090815651, 49.477820708569091 ], [ 0.498640476179253, 49.477461585190326 ], [ 0.498916048332321, 49.477453239751298 ], [ 0.498877624326195, 49.476914554780507 ], [ 0.498602055184313, 49.476922900061709 ], [ 0.498627669052987, 49.47728202348884 ], [ 0.498352097775703, 49.477290368219791 ], [ 0.498377710148699, 49.477649491719887 ], [ 0.498102136735977, 49.47765783590058 ], [ 0.498127747613226, 49.478016959473678 ] ], [ [ 0.498877624326195, 49.476914554780507 ], [ 0.499153193340117, 49.476906208843857 ], [ 0.499127575968431, 49.476547085594937 ], [ 0.498852008961912, 49.476555431426377 ], [ 0.498877624326195, 49.476914554780507 ] ], [ [ 0.499127575968431, 49.476547085594937 ], [ 0.499403142846981, 49.476538739108058 ], [ 0.499377523979799, 49.476179615932132 ], [ 0.499101959108609, 49.476187962313809 ], [ 0.499127575968431, 49.476547085594937 ] ] ] } },
{ "type": "Feature", "properties": { "surface_ha": 11.64 }, "geometry": { "type": "Polygon", "coordinates": [ [ [ 0.515416878273956, 49.472633523913913 ], [ 0.515404012004261, 49.472453965287933 ], [ 0.514852933393753, 49.472470732832079 ], [ 0.51484006925937, 49.472291174092341 ], [ 0.5142889921416, 49.472307938909523 ], [ 0.514263268271873, 49.471948821194445 ], [ 0.513987731527009, 49.47195720251441 ], [ 0.513974870788243, 49.471777643591942 ], [ 0.513699334918269, 49.471786024203752 ], [ 0.513673615832864, 49.471426906228906 ], [ 0.514500217037245, 49.471401762744478 ], [ 0.514461630342671, 49.470863086197127 ], [ 0.513910569021508, 49.470879848858374 ], [ 0.513884849214094, 49.470520730908433 ], [ 0.513333791392275, 49.470537490737257 ], [ 0.513295218664301, 49.469998813434849 ], [ 0.513570744629599, 49.469990434006526 ], [ 0.513557886307229, 49.469810874942404 ], [ 0.51493550919052, 49.469768968235961 ], [ 0.514948372529163, 49.469948527035953 ], [ 0.514672847206206, 49.469956909740581 ], [ 0.514685709670086, 49.470136468585331 ], [ 0.514961235996304, 49.470128085827859 ], [ 0.514974099591945, 49.470307644611708 ], [ 0.515525153865402, 49.470290877025256 ], [ 0.515499422789567, 49.469931759660881 ], [ 0.515774947726996, 49.469923374990465 ], [ 0.51576208137861, 49.469743816349023 ], [ 0.515486557444427, 49.469752200966596 ], [ 0.515473692227806, 49.469572642264225 ], [ 0.516024737961174, 49.469555872479532 ], [ 0.516011870866618, 49.46937631387479 ], [ 0.516838435492969, 49.469351154441959 ], [ 0.516825565517313, 49.469171595987731 ], [ 0.518203165640472, 49.469129650759264 ], [ 0.518190290777403, 49.468950092561329 ], [ 0.518465809413052, 49.468941701602816 ], [ 0.518478685279308, 49.469121259747851 ], [ 0.518754204789524, 49.469112868081218 ], [ 0.518741327920079, 49.468933309989076 ], [ 0.520118918525569, 49.468891342091943 ], [ 0.520131800410927, 49.469070899919544 ], [ 0.519856281543971, 49.469079294862361 ], [ 0.519869162554822, 49.469258852734797 ], [ 0.519593642556001, 49.46926724707528 ], [ 0.519619402957311, 49.469626362901742 ], [ 0.519343880823412, 49.469634756692805 ], [ 0.519382519380683, 49.470173430530608 ], [ 0.519106994108425, 49.470181823825115 ], [ 0.51911987288158, 49.470361381807805 ], [ 0.518844346477414, 49.470369774499964 ], [ 0.518870102403146, 49.470728890546866 ], [ 0.518594573863792, 49.470737282689569 ], [ 0.518620328297526, 49.471096398809934 ], [ 0.518344797622946, 49.471104790403146 ], [ 0.518383427228392, 49.471643464681783 ], [ 0.518107893415222, 49.471651855778383 ], [ 0.518120769204296, 49.471831413907971 ], [ 0.517845234259157, 49.471839804402173 ], [ 0.517870984216475, 49.472198920742933 ], [ 0.517595447136003, 49.472207310687601 ], [ 0.517621195601042, 49.472566427101789 ], [ 0.517345656385198, 49.472574816496916 ], [ 0.517332783091758, 49.472395258240965 ], [ 0.516506167682811, 49.472420422335837 ], [ 0.516519037966086, 49.472599980750395 ], [ 0.515416878273956, 49.472633523913913 ] ], [ [ 0.516768835122963, 49.472232476589767 ], [ 0.517044372589236, 49.472224088611014 ], [ 0.517031500556365, 49.472044530286055 ], [ 0.516755964093461, 49.472052918211936 ], [ 0.516768835122963, 49.472232476589767 ] ], [ [ 0.513884849214094, 49.470520730908433 ], [ 0.514160377932313, 49.470512350011091 ], [ 0.514147517218017, 49.470332791076849 ], [ 0.513871989503085, 49.470341171921341 ], [ 0.513884849214094, 49.470520730908433 ] ] ] } },
{ "type": "Feature", "properties": { "surface_ha": 3.2 }, "geometry": { "type": "Polygon", "coordinates": [ [ [ 0.56686231245048, 49.469976876807515 ], [ 0.566849259356846, 49.469797328087495 ], [ 0.566573750342948, 49.469805834396865 ], [ 0.56656069838272, 49.469626285615078 ], [ 0.566285190241465, 49.469634791215668 ], [ 0.566272139414617, 49.469455242372128 ], [ 0.565996632146008, 49.46946374726398 ], [ 0.565983582452524, 49.4692841983587 ], [ 0.565432569530266, 49.46930120606973 ], [ 0.565419521973116, 49.469121657049101 ], [ 0.565144016319482, 49.469130159868314 ], [ 0.565130969895647, 49.468950610785924 ], [ 0.564855465114679, 49.468959112896414 ], [ 0.56484241982414, 49.4687795637523 ], [ 0.564566915915844, 49.468788065154079 ], [ 0.564553871758578, 49.468608515948219 ], [ 0.564278368722957, 49.468617016641289 ], [ 0.564265325698946, 49.468437467373704 ], [ 0.563989823536005, 49.468445967358058 ], [ 0.563976781645226, 49.468266418028762 ], [ 0.563701280354965, 49.468274917304399 ], [ 0.563675198970098, 49.467915818514264 ], [ 0.563124200010571, 49.467932814885941 ], [ 0.563111161519376, 49.467753265371499 ], [ 0.562835662847182, 49.467761762521128 ], [ 0.562809588261327, 49.467402663360737 ], [ 0.562534091464737, 49.467411159748139 ], [ 0.562481947867223, 49.466692961115399 ], [ 0.563032933307101, 49.466675968113918 ], [ 0.563045971016908, 49.466855517677217 ], [ 0.56332146454438, 49.466847020140278 ], [ 0.56333450338729, 49.467026569641874 ], [ 0.563609997787401, 49.467018071396311 ], [ 0.563623037763436, 49.46719762083616 ], [ 0.563898533036182, 49.467189121881923 ], [ 0.563911574145363, 49.467368671260104 ], [ 0.564187070290741, 49.467360171597178 ], [ 0.564200112533084, 49.467539720913628 ], [ 0.564751106438816, 49.467522719515337 ], [ 0.564764150817252, 49.467702268716501 ], [ 0.565039648577589, 49.4676937669811 ], [ 0.565078785503464, 49.46823241437491 ], [ 0.565354286142271, 49.46822391182365 ], [ 0.565367333047792, 49.468403460885035 ], [ 0.565642834559223, 49.468394957625044 ], [ 0.565655882598022, 49.46857450662467 ], [ 0.565931384982073, 49.46856600265599 ], [ 0.565957483456604, 49.468925100523634 ], [ 0.566232987716242, 49.468916595792585 ], [ 0.566246038152008, 49.46909614466059 ], [ 0.566521543284268, 49.469087639220817 ], [ 0.566534594853382, 49.469267188027047 ], [ 0.56681010085826, 49.469258681878536 ], [ 0.56682315356074, 49.469438230622998 ], [ 0.567098660438233, 49.4694297237657 ], [ 0.5671117142741, 49.46960927244843 ], [ 0.567387222024204, 49.469600764882365 ], [ 0.567413332093157, 49.46995986211607 ], [ 0.56686231245048, 49.469976876807515 ] ], [ [ 0.563675198970098, 49.467915818514264 ], [ 0.563950698254482, 49.467907319345734 ], [ 0.56393765675451, 49.467727769991981 ], [ 0.563662158473052, 49.467736269106958 ], [ 0.563675198970098, 49.467915818514264 ] ] ] } },
{ "type": "Feature", "properties": { "surface_ha": 43.72 }, "geometry": { "type": "Polygon", "coordinates": [ [ [ 0.511875055980435, 49.481018941907806 ], [ 0.511862198854517, 49.480839382860864 ], [ 0.511586611518935, 49.480847759559303 ], [ 0.511573755525347, 49.480668200451497 ], [ 0.511849341857057, 49.480659823805844 ], [ 0.511836484988054, 49.480480264742752 ], [ 0.511560899660208, 49.480488641335612 ], [ 0.511548043923512, 49.480309082211647 ], [ 0.512099212443047, 49.480292328476061 ], [ 0.512086354827111, 49.48011276944964 ], [ 0.511810771635413, 49.480121146592388 ], [ 0.51179791515177, 49.479941587505074 ], [ 0.512349079399048, 49.479924832669703 ], [ 0.512323362801852, 49.479565714682117 ], [ 0.512598942725165, 49.479557336386826 ], [ 0.512573224634254, 49.479198218472575 ], [ 0.512848802421508, 49.479189839627416 ], [ 0.512861662406513, 49.479369398535752 ], [ 0.513137241069068, 49.479361018982296 ], [ 0.513150102186353, 49.479540577829759 ], [ 0.513425681724205, 49.479532197568012 ], [ 0.513399957610557, 49.479173079970685 ], [ 0.513675535012331, 49.479164699159092 ], [ 0.513662672144491, 49.478985140401143 ], [ 0.514213824554953, 49.478968376917216 ], [ 0.514200959808109, 49.478788818256866 ], [ 0.514476534816789, 49.47878043558454 ], [ 0.514489400567391, 49.47895999419206 ], [ 0.515316127833414, 49.478934842083774 ], [ 0.515303259071556, 49.478755283634797 ], [ 0.514752109696931, 49.478772052256751 ], [ 0.514674911870297, 49.47769470075913 ], [ 0.514399343012472, 49.47770308376986 ], [ 0.514386478161617, 49.477523525105788 ], [ 0.514110910178949, 49.477531907408228 ], [ 0.514059456075443, 49.476813672459912 ], [ 0.514335020043467, 49.476805290368809 ], [ 0.514309291755528, 49.47644617295186 ], [ 0.514584853587771, 49.476437790311032 ], [ 0.514571988632965, 49.476258231643293 ], [ 0.514847549333066, 49.476249848399888 ], [ 0.514821817801839, 49.475890731145846 ], [ 0.514270700287506, 49.475907496765885 ], [ 0.514257836721861, 49.475727938021073 ], [ 0.51370672070065, 49.475744700913836 ], [ 0.513693859270671, 49.475565142055295 ], [ 0.513142744742654, 49.475581902220839 ], [ 0.513129885448307, 49.475402343248568 ], [ 0.512854328995162, 49.475410722295429 ], [ 0.512841470832847, 49.475231163262251 ], [ 0.512565915254806, 49.475239541600907 ], [ 0.512553058224504, 49.475059982506856 ], [ 0.512277503521572, 49.475068360137335 ], [ 0.512264647623263, 49.474888800982399 ], [ 0.511989093795444, 49.474897177904673 ], [ 0.511950529881694, 49.474358500233024 ], [ 0.511674978936042, 49.474366876341527 ], [ 0.511700686076403, 49.474725994902954 ], [ 0.511149579785775, 49.474742745365027 ], [ 0.511162431541488, 49.474922304739238 ], [ 0.510886877200036, 49.474930679039986 ], [ 0.510963984409168, 49.476008035432393 ], [ 0.510137302550047, 49.476033155352383 ], [ 0.510150151190083, 49.476212714881221 ], [ 0.509874589310015, 49.476221086929833 ], [ 0.509887437074786, 49.476400646503357 ], [ 0.50961187406273, 49.476409017949337 ], [ 0.509586180668798, 49.47604989868865 ], [ 0.5098617416736, 49.476041527348244 ], [ 0.509836046785829, 49.475682408160822 ], [ 0.510111605655064, 49.475674036270533 ], [ 0.510085909273523, 49.475314917156361 ], [ 0.510637022612565, 49.475298171620679 ], [ 0.510624172607194, 49.475118612157054 ], [ 0.510348617005424, 49.475126985199822 ], [ 0.510335768131987, 49.474947425675346 ], [ 0.510611322730198, 49.474939052685365 ], [ 0.510585623361325, 49.474579933717756 ], [ 0.51086117582408, 49.474571560177942 ], [ 0.510835474961647, 49.47421244128364 ], [ 0.511111025288981, 49.474204067193995 ], [ 0.511085322933059, 49.473844948372978 ], [ 0.511360871125006, 49.473836573733564 ], [ 0.511335167275662, 49.473477454985826 ], [ 0.512161805060255, 49.47345232745225 ], [ 0.512174659931141, 49.473631886671797 ], [ 0.512450206605978, 49.473623509463785 ], [ 0.512463062608764, 49.473803068622416 ], [ 0.51301415758008, 49.473786312134727 ], [ 0.513027015718268, 49.473965871179665 ], [ 0.513302564014731, 49.473957491899952 ], [ 0.513315423284869, 49.474137050884032 ], [ 0.513866521499369, 49.474120290252905 ], [ 0.513879382904969, 49.474299849123227 ], [ 0.514154932822991, 49.474291467771799 ], [ 0.514167795360588, 49.474471026581242 ], [ 0.514994447354131, 49.474445878436264 ], [ 0.514981581806026, 49.474266319785364 ], [ 0.515257131209993, 49.474257935812503 ], [ 0.515231398492391, 49.473898818592147 ], [ 0.516058039912132, 49.473873663058534 ], [ 0.516070909217095, 49.474053221514168 ], [ 0.516346457103364, 49.474044834972737 ], [ 0.516359327540377, 49.47422439336745 ], [ 0.515808229632302, 49.474241165900679 ], [ 0.515833966878066, 49.474600282877304 ], [ 0.515558415724182, 49.474608668266605 ], [ 0.515597019546463, 49.475147343829512 ], [ 0.515321465253444, 49.475155728722015 ], [ 0.515347199770639, 49.475514845829281 ], [ 0.515071643341962, 49.475523230172065 ], [ 0.515084509789816, 49.475702788766448 ], [ 0.515360067222063, 49.475694404370785 ], [ 0.515372934802037, 49.475873962904224 ], [ 0.515648493109312, 49.475865577800313 ], [ 0.515661361821427, 49.476045136272816 ], [ 0.515936921003724, 49.476036750460665 ], [ 0.515949790848003, 49.476216308872225 ], [ 0.516225350905319, 49.476207922351797 ], [ 0.516212480057447, 49.47602836399308 ], [ 0.516488038982583, 49.476019976870127 ], [ 0.516449424199749, 49.475481301904146 ], [ 0.516724979985577, 49.47547291428441 ], [ 0.516712107644931, 49.475293355999128 ], [ 0.516987662298607, 49.475284967776872 ], [ 0.516961915996037, 49.474925851287828 ], [ 0.51723746851404, 49.474917462515954 ], [ 0.517211720718861, 49.474558346100324 ], [ 0.517487271101225, 49.474549956778844 ], [ 0.517461521813508, 49.474190840436684 ], [ 0.517185973438128, 49.474199229652392 ], [ 0.517147353481587, 49.473660554919896 ], [ 0.517422898846568, 49.473652165862816 ], [ 0.517397150845009, 49.473293049439839 ], [ 0.517672694074495, 49.473284659833162 ], [ 0.517646944580535, 49.472925543483626 ], [ 0.517922485674563, 49.472917153327423 ], [ 0.517896734688273, 49.472558037051343 ], [ 0.518172273646881, 49.472549646345577 ], [ 0.518159397343288, 49.472370088248297 ], [ 0.518710472867835, 49.472353304976629 ], [ 0.518697594686135, 49.47217374697707 ], [ 0.518973131252068, 49.472165354411167 ], [ 0.518947373267912, 49.471806238493578 ], [ 0.518671838708684, 49.471814630953659 ], [ 0.518646083245817, 49.471455514897976 ], [ 0.518921615798383, 49.471447122543672 ], [ 0.518882980558981, 49.470908448558184 ], [ 0.519158509972975, 49.470900055707311 ], [ 0.519145630813854, 49.470720497748893 ], [ 0.519421159095905, 49.470712104295657 ], [ 0.519395399157093, 49.470352988460363 ], [ 0.519670925303943, 49.470344594457657 ], [ 0.519645163873288, 49.469985478695861 ], [ 0.519920687884972, 49.46997708414375 ], [ 0.519894924962544, 49.469617968455431 ], [ 0.5201704468391, 49.469609573353885 ], [ 0.520196211767977, 49.469968688936362 ], [ 0.520471735522293, 49.469960293073768 ], [ 0.52044596858697, 49.469601177597113 ], [ 0.520721490206143, 49.469592781185085 ], [ 0.52070860592832, 49.469413223487557 ], [ 0.520984126415585, 49.469404826473209 ], [ 0.520971241263272, 49.469225268820551 ], [ 0.520695721779204, 49.469233665781957 ], [ 0.520682837758789, 49.469054108068278 ], [ 0.521233874591846, 49.469037313596068 ], [ 0.521195217283821, 49.468498640724064 ], [ 0.52174624758303, 49.468481843948588 ], [ 0.521733360064842, 49.4683022864143 ], [ 0.52145784598274, 49.468310685076702 ], [ 0.521432073338816, 49.467951569877968 ], [ 0.521156561134242, 49.467959967779301 ], [ 0.521130791011418, 49.467600852442366 ], [ 0.521406301209777, 49.467592454646898 ], [ 0.521380529595611, 49.467233339383476 ], [ 0.521656037659084, 49.467224941038701 ], [ 0.521643151042003, 49.46704538344779 ], [ 0.521918657973682, 49.467036984500737 ], [ 0.521892883119581, 49.466677869400577 ], [ 0.522168387916425, 49.466669469904254 ], [ 0.522129723591661, 49.466130797352122 ], [ 0.52240522525069, 49.466122397359491 ], [ 0.522379447671855, 49.465763282390228 ], [ 0.522654947196142, 49.465754881848312 ], [ 0.522642057596855, 49.465575324404483 ], [ 0.522917555989409, 49.46556692326039 ], [ 0.522891775171146, 49.465207808454394 ], [ 0.523167271429009, 49.465199406761037 ], [ 0.523309083336355, 49.467174537211115 ], [ 0.523033576045378, 49.467182939486989 ], [ 0.523098036139055, 49.468080725996501 ], [ 0.522822523703847, 49.468089127881989 ], [ 0.522835415105802, 49.468268685212578 ], [ 0.523110928544132, 49.46826028327412 ], [ 0.523175392501315, 49.469158069541002 ], [ 0.523450910826608, 49.469149666682526 ], [ 0.523489593755984, 49.469688338186678 ], [ 0.523765114962039, 49.469679934514076 ], [ 0.52377801053265, 49.469859491612972 ], [ 0.52350248832339, 49.469867895338552 ], [ 0.523515383019606, 49.470047452482348 ], [ 0.523790906232084, 49.470039048703789 ], [ 0.523816698017414, 49.470398162861144 ], [ 0.523265647450711, 49.470414969974868 ], [ 0.523304330075341, 49.470953641468071 ], [ 0.5222022153572, 49.470987248467942 ], [ 0.522176434838122, 49.470628133723565 ], [ 0.521900907843183, 49.470636533729461 ], [ 0.52188801878005, 49.470456976292212 ], [ 0.521612492659615, 49.470465375589889 ], [ 0.521664045671589, 49.471183605502183 ], [ 0.521388515409307, 49.471192004356375 ], [ 0.521401402980872, 49.471371561867187 ], [ 0.521952465383287, 49.471354763397649 ], [ 0.52197824492591, 49.471713878183209 ], [ 0.521427178510236, 49.471730676864517 ], [ 0.521440066468036, 49.471910234351085 ], [ 0.521164532063742, 49.471918632761771 ], [ 0.521151645109274, 49.47173907522226 ], [ 0.520876111579576, 49.471747472924697 ], [ 0.520901883610571, 49.472106588101447 ], [ 0.520626347945464, 49.472114985254436 ], [ 0.520690775258872, 49.473012773319475 ], [ 0.520415234448162, 49.473021170081793 ], [ 0.520402349731427, 49.472841612432042 ], [ 0.520126809795396, 49.472850008486148 ], [ 0.520152577350773, 49.473209123883429 ], [ 0.520428119293612, 49.47320072772348 ], [ 0.52046677460229, 49.47373940060001 ], [ 0.520742319426689, 49.47373100362595 ], [ 0.520755205790476, 49.473910561182358 ], [ 0.520479659962631, 49.473918958209367 ], [ 0.520492545451696, 49.474098515810603 ], [ 0.520768092282999, 49.474090118730679 ], [ 0.52078097890426, 49.474269676270929 ], [ 0.521056526610291, 49.474261278482764 ], [ 0.521069414363767, 49.474440835961971 ], [ 0.521344962944523, 49.474432437465495 ], [ 0.521332074187574, 49.474252880039209 ], [ 0.521607621636095, 49.474244480940321 ], [ 0.521594732004444, 49.474064923558913 ], [ 0.521319185559384, 49.474073322604845 ], [ 0.521306297059951, 49.473893765162401 ], [ 0.521030751489588, 49.47390216350005 ], [ 0.521017864122354, 49.473722605996571 ], [ 0.521293408689276, 49.473714207711851 ], [ 0.521280520447356, 49.473534650253249 ], [ 0.521556063882089, 49.47352625136611 ], [ 0.521543174765497, 49.47334669395233 ], [ 0.521267632334186, 49.47335509278652 ], [ 0.52125474434977, 49.473175535311718 ], [ 0.522632450201572, 49.473133534852352 ], [ 0.522619557328913, 49.472953977634205 ], [ 0.523170636761322, 49.472937172969154 ], [ 0.523222217052035, 49.47365540136947 ], [ 0.522946673386606, 49.473663804241525 ], [ 0.522972462298027, 49.474022918499095 ], [ 0.522696916496906, 49.474031320821737 ], [ 0.522735597819785, 49.474569992306307 ], [ 0.52246004887946, 49.4745783941325 ], [ 0.52247294190789, 49.474757951330794 ], [ 0.522197391835276, 49.474766352554582 ], [ 0.522184499810333, 49.474586795303331 ], [ 0.521908950612412, 49.474595195818793 ], [ 0.521934732784107, 49.474954310419157 ], [ 0.522210283989013, 49.474945909797775 ], [ 0.52224896122301, 49.475484581478774 ], [ 0.521973407007547, 49.47549298225902 ], [ 0.521986298672941, 49.475672539522797 ], [ 0.521710743325147, 49.475680939700602 ], [ 0.521736525035204, 49.476040054309834 ], [ 0.521460967551516, 49.476048453938148 ], [ 0.521486747769563, 49.4764075686209 ], [ 0.521211188149941, 49.476415967699744 ], [ 0.52122407744854, 49.476595525081912 ], [ 0.520948516696552, 49.476603923558287 ], [ 0.520961405120318, 49.47678348098534 ], [ 0.520134719081007, 49.476808672640807 ], [ 0.52014760462268, 49.476988230218559 ], [ 0.519872041348477, 49.476996626179144 ], [ 0.519884926015252, 49.477176183801745 ], [ 0.519609361608691, 49.477184579159875 ], [ 0.519622245400551, 49.477364136827298 ], [ 0.51851998247265, 49.477397711917178 ], [ 0.518545742413229, 49.477756827651056 ], [ 0.518270174352201, 49.47776521989077 ], [ 0.518295932800131, 49.478124335698141 ], [ 0.518020362603057, 49.478132727388207 ], [ 0.51803324101633, 49.478312285332649 ], [ 0.517206526642039, 49.478337456628871 ], [ 0.517219402172829, 49.478517014723934 ], [ 0.516668256605996, 49.478533792416592 ], [ 0.516681130257966, 49.478713350609304 ], [ 0.516405556277883, 49.478721738525316 ], [ 0.516418429054729, 49.478901296762828 ], [ 0.516142853942294, 49.47890968407625 ], [ 0.516168597874303, 49.479268800632795 ], [ 0.515893020625741, 49.479277187396484 ], [ 0.515880149599202, 49.4790976290694 ], [ 0.515328996723846, 49.479114400524658 ], [ 0.515354734890426, 49.479473517382203 ], [ 0.515630313399946, 49.479465131876601 ], [ 0.515656054088423, 49.479824248596088 ], [ 0.515931634476941, 49.479815862329303 ], [ 0.51594450601787, 49.479995420624086 ], [ 0.515393343104629, 49.480012192607951 ], [ 0.515406212766524, 49.480191751000369 ], [ 0.51485504733131, 49.480208520467983 ], [ 0.514867915114124, 49.480388078958029 ], [ 0.51431674715699, 49.480404845909312 ], [ 0.51432961306068, 49.480584404497002 ], [ 0.513502857149367, 49.4806095501662 ], [ 0.513489994257224, 49.480429991420024 ], [ 0.513214409700257, 49.480438371945908 ], [ 0.513227271588549, 49.48061793074492 ], [ 0.512676100081401, 49.48063468993584 ], [ 0.512688960090468, 49.480814248832381 ], [ 0.512413373140294, 49.480822627497396 ], [ 0.512426232273972, 49.481002186438715 ], [ 0.511875055980435, 49.481018941907806 ] ], [ [ 0.512624661329986, 49.479916454268789 ], [ 0.512900243132444, 49.479908075212379 ], [ 0.512874522520002, 49.47954895743603 ], [ 0.512598942725165, 49.479557336386826 ], [ 0.512624661329986, 49.479916454268789 ] ], [ [ 0.515463011461445, 49.47713087241209 ], [ 0.515738576794046, 49.4771224869382 ], [ 0.515725707310515, 49.47694292851417 ], [ 0.515450142981562, 49.476951313935196 ], [ 0.515463011461445, 49.47713087241209 ] ], [ [ 0.515437274630243, 49.47677175545023 ], [ 0.5159884011523, 49.476754984058438 ], [ 0.515975530922289, 49.476575425671129 ], [ 0.516251092986824, 49.476567039044944 ], [ 0.516238221881778, 49.476387480702414 ], [ 0.515687099631355, 49.476404253193586 ], [ 0.515699968729172, 49.476583811641859 ], [ 0.515424406407484, 49.476592196957185 ], [ 0.515437274630243, 49.47677175545023 ] ], [ [ 0.51652665492277, 49.476558651763384 ], [ 0.516802216730119, 49.476550263826425 ], [ 0.516789343617847, 49.476370705589616 ], [ 0.51651378281411, 49.476379093473746 ], [ 0.51652665492277, 49.476558651763384 ] ], [ [ 0.516789343617847, 49.476370705589616 ], [ 0.517064904292973, 49.476362317050103 ], [ 0.51705203030571, 49.476182758858094 ], [ 0.516776470634183, 49.476191147344728 ], [ 0.516789343617847, 49.476370705589616 ] ], [ [ 0.520647181361738, 49.476253206395029 ], [ 0.52119829898011, 49.476236410309447 ], [ 0.521185409939049, 49.476056852911086 ], [ 0.520909852197815, 49.476065251228647 ], [ 0.520896964289085, 49.475885693769264 ], [ 0.521172521026753, 49.475877295504652 ], [ 0.521146743588453, 49.475518180667493 ], [ 0.520871188857885, 49.475526578826219 ], [ 0.520845413941689, 49.475167463850852 ], [ 0.520294308108443, 49.475184257990477 ], [ 0.520320079010509, 49.475543373177565 ], [ 0.519493413273983, 49.475568559789231 ], [ 0.519480530769212, 49.475389002040956 ], [ 0.51975608513989, 49.475380607212038 ], [ 0.519704552393709, 49.474662376349805 ], [ 0.519153451551802, 49.474679164928993 ], [ 0.519179213653444, 49.475038280587917 ], [ 0.518628108282757, 49.475055066757278 ], [ 0.518615229174628, 49.47487550882601 ], [ 0.518339677299801, 49.474883900874751 ], [ 0.518313921476548, 49.474524784882227 ], [ 0.518038371480079, 49.474533176169807 ], [ 0.518051248323876, 49.474712734222983 ], [ 0.517775697195262, 49.4747211249081 ], [ 0.517814325487952, 49.475259799177856 ], [ 0.518089879627136, 49.475251408334067 ], [ 0.518115634472546, 49.475610524367731 ], [ 0.518942302139441, 49.47558534758678 ], [ 0.518955182765804, 49.475764905432783 ], [ 0.519781852285233, 49.47573972259466 ], [ 0.519794736050972, 49.475919280273843 ], [ 0.520621407422665, 49.475894091378471 ], [ 0.520647181361738, 49.476253206395029 ] ], [ [ 0.52140940866072, 49.475330224475599 ], [ 0.521684962130221, 49.475321825059069 ], [ 0.521672071725928, 49.47514226772617 ], [ 0.521947624063131, 49.475133867707193 ], [ 0.521934732784107, 49.474954310419157 ], [ 0.521659181450412, 49.474962710385171 ], [ 0.521646291303674, 49.4747831530361 ], [ 0.521370740844707, 49.474791552293802 ], [ 0.52140940866072, 49.475330224475599 ] ], [ [ 0.517263216823677, 49.475276578899248 ], [ 0.517538771220128, 49.475268189366247 ], [ 0.517525895997464, 49.475088631231522 ], [ 0.51725034260455, 49.475097020711651 ], [ 0.517263216823677, 49.475276578899248 ] ], [ [ 0.520242767849034, 49.474466027519277 ], [ 0.520518316816013, 49.474457630988873 ], [ 0.52050543106949, 49.474278073403774 ], [ 0.520229883105991, 49.474286469881243 ], [ 0.520242767849034, 49.474466027519277 ] ], [ [ 0.512790039468142, 49.474512927048856 ], [ 0.513341142210541, 49.474496168827905 ], [ 0.513328282683471, 49.47431660985999 ], [ 0.512777181948095, 49.474333367975305 ], [ 0.512790039468142, 49.474512927048856 ] ], [ [ 0.517461521813508, 49.474190840436684 ], [ 0.517737070060271, 49.474182450565607 ], [ 0.517711319280087, 49.473823334296874 ], [ 0.517435773040265, 49.473831724062173 ], [ 0.517461521813508, 49.474190840436684 ] ], [ [ 0.517711319280087, 49.473823334296874 ], [ 0.517986865391283, 49.473814943876221 ], [ 0.517973989190677, 49.473635385782615 ], [ 0.517698444082933, 49.473643776150396 ], [ 0.517711319280087, 49.473823334296874 ] ], [ [ 0.519313069918236, 49.473054750577944 ], [ 0.519864152440595, 49.473037961640522 ], [ 0.51982550469688, 49.472499288349468 ], [ 0.519274428194878, 49.472516076969413 ], [ 0.519313069918236, 49.473054750577944 ] ], [ [ 0.518460689912471, 49.4727208130208 ], [ 0.518736229617191, 49.472712420951531 ], [ 0.518723351178185, 49.472532862968137 ], [ 0.518447812476854, 49.472541254984513 ], [ 0.518460689912471, 49.4727208130208 ] ], [ [ 0.518723351178185, 49.472532862968137 ], [ 0.518998889750864, 49.472524470296428 ], [ 0.518986010437135, 49.472344912357848 ], [ 0.518710472867835, 49.472353304976629 ], [ 0.518723351178185, 49.472532862968137 ] ], [ [ 0.51981262237303, 49.472319730569595 ], [ 0.520088159427624, 49.472311335329572 ], [ 0.520075276229105, 49.472131777594562 ], [ 0.51979974017787, 49.472140172781657 ], [ 0.51981262237303, 49.472319730569595 ] ], [ [ 0.518934494468821, 49.471626680522675 ], [ 0.519485561194631, 49.471609893742425 ], [ 0.519459799969127, 49.471250777987947 ], [ 0.519184268677193, 49.471259171599911 ], [ 0.519197148222292, 49.4714387295341 ], [ 0.518921615798383, 49.471447122543672 ], [ 0.518934494468821, 49.471626680522675 ] ], [ [ 0.522271498447123, 49.468105929687347 ], [ 0.522547011139867, 49.468097529112271 ], [ 0.522534120869797, 49.467917971720631 ], [ 0.522258609180169, 49.467926372242765 ], [ 0.522271498447123, 49.468105929687347 ] ] ] } },
{ "type": "Feature", "properties": { "surface_ha": 2.76 }, "geometry": { "type": "Polygon", "coordinates": [ [ [ 0.499230418193656, 49.470245733576803 ], [ 0.499217612170889, 49.470066171763563 ], [ 0.499493142667186, 49.470057825859904 ], [ 0.499454722356495, 49.469519140529627 ], [ 0.499730249714919, 49.469510794128517 ], [ 0.499704634807548, 49.46915167063996 ], [ 0.499980160031459, 49.469143323688783 ], [ 0.499954543629315, 49.46878420027322 ], [ 0.50023006671875, 49.468775852772012 ], [ 0.500217257706347, 49.468596291104774 ], [ 0.500492779664579, 49.468587943000927 ], [ 0.500454350385407, 49.468049258108685 ], [ 0.500729869205996, 49.468040909507458 ], [ 0.500717058698987, 49.467861347913228 ], [ 0.500992576388405, 49.467852998709368 ], [ 0.50095414262562, 49.46731431403623 ], [ 0.501229657177514, 49.467305964335011 ], [ 0.501216845176037, 49.467126402813825 ], [ 0.501492358596787, 49.467118052510024 ], [ 0.501479545720138, 49.466938491033403 ], [ 0.501755058009749, 49.466930140127005 ], [ 0.501742244257951, 49.466750578694999 ], [ 0.502017755416423, 49.466742227186039 ], [ 0.502004940789497, 49.466562665798563 ], [ 0.50172943063415, 49.466571017254893 ], [ 0.501716617138344, 49.466391455806722 ], [ 0.501992126290572, 49.466383104403022 ], [ 0.501966497676736, 49.466023981587824 ], [ 0.502242004694757, 49.466015629634256 ], [ 0.502216374586761, 49.465656506892088 ], [ 0.502491879470613, 49.465648154388603 ], [ 0.502504695463681, 49.46582771571105 ], [ 0.502780201222589, 49.465819362499744 ], [ 0.502818652979192, 49.466358046260787 ], [ 0.502543144211007, 49.46636639963009 ], [ 0.502555960716161, 49.466545960920307 ], [ 0.502280450816834, 49.466554313687041 ], [ 0.502318898091052, 49.467092997667329 ], [ 0.502043385054304, 49.467101349936776 ], [ 0.502056200065259, 49.467280911300044 ], [ 0.501780685897343, 49.467289262966929 ], [ 0.501806314296946, 49.467648385774609 ], [ 0.501530797994678, 49.467656736891549 ], [ 0.501569238544531, 49.468195421200555 ], [ 0.501293719104667, 49.468203771820157 ], [ 0.50131934477145, 49.468562894757817 ], [ 0.50104382319714, 49.468571244827423 ], [ 0.501056635219278, 49.4687508063368 ], [ 0.500781112513742, 49.468759155803802 ], [ 0.500806734935459, 49.469118278903615 ], [ 0.500531210095425, 49.469126627820621 ], [ 0.500544020494976, 49.469306189411064 ], [ 0.500268494523697, 49.469314537725424 ], [ 0.50028130404793, 49.469494099360432 ], [ 0.500556831022497, 49.469485750993485 ], [ 0.500569641677991, 49.469665312567813 ], [ 0.500294113700127, 49.469673660987397 ], [ 0.500319733388413, 49.470032784217146 ], [ 0.500044203275957, 49.470041132086699 ], [ 0.500057012308722, 49.470220693742107 ], [ 0.499230418193656, 49.470245733576803 ] ] ] } },
{ "type": "Feature", "properties": { "surface_ha": 19.16 }, "geometry": { "type": "Polygon", "coordinates": [ [ [ 0.571060289704564, 49.470746942198616 ], [ 0.571047220913036, 49.470567394324092 ], [ 0.570771708840857, 49.470575910729053 ], [ 0.570758641182913, 49.470396362792698 ], [ 0.570483129983242, 49.470404878488814 ], [ 0.570470063458863, 49.470225330490628 ], [ 0.570194553131706, 49.470233845477928 ], [ 0.570181487740873, 49.470054297417889 ], [ 0.569905978286232, 49.470062811696387 ], [ 0.569892914028921, 49.469883263574538 ], [ 0.569617405446801, 49.469891777144198 ], [ 0.569604342322996, 49.469712228960553 ], [ 0.569328834613399, 49.469720741821405 ], [ 0.569315772623079, 49.469541193575949 ], [ 0.569040265786008, 49.469549705728021 ], [ 0.569027204929152, 49.469370157420748 ], [ 0.56847619286962, 49.469387179652159 ], [ 0.568463134149195, 49.469207631229438 ], [ 0.568187628926748, 49.46921614130882 ], [ 0.568174571339738, 49.469036592824303 ], [ 0.56789906698984, 49.469045102194897 ], [ 0.567886010536228, 49.468865553648619 ], [ 0.56761050705888, 49.468874062310434 ], [ 0.567597451738647, 49.468694513702367 ], [ 0.567321949133854, 49.468703021655443 ], [ 0.567308894946975, 49.468523472985602 ], [ 0.567033393214742, 49.468531980229933 ], [ 0.567020340161202, 49.468352431498325 ], [ 0.566469338311486, 49.468369443914355 ], [ 0.566456287394199, 49.46818989506739 ], [ 0.566180787276733, 49.468198400239146 ], [ 0.566167737492733, 49.468018851330399 ], [ 0.565892238247848, 49.46802735579341 ], [ 0.56587918959712, 49.467847806822931 ], [ 0.565603691224817, 49.46785631057724 ], [ 0.565590643707337, 49.467676761545 ], [ 0.565315146207621, 49.4676852645906 ], [ 0.565302099823372, 49.467505715496614 ], [ 0.565577596320183, 49.467497212504604 ], [ 0.565564549063353, 49.467317663456086 ], [ 0.564462566305847, 49.467351671279168 ], [ 0.564449523190885, 49.467172122008137 ], [ 0.56417402817867, 49.467180622272572 ], [ 0.564160986196867, 49.46700107293983 ], [ 0.563885492057265, 49.46700957249562 ], [ 0.563872451208604, 49.466830023101153 ], [ 0.563596957941616, 49.466838521948254 ], [ 0.563583918226076, 49.466658972492105 ], [ 0.563308425831706, 49.466667470630554 ], [ 0.563295387249269, 49.466487921112687 ], [ 0.562744404075551, 49.46650491531723 ], [ 0.562731367629044, 49.466325365684092 ], [ 0.56245587684971, 49.466333861750165 ], [ 0.562442841536255, 49.466154312055352 ], [ 0.562167351629561, 49.466162807412829 ], [ 0.562154317449141, 49.465983257656305 ], [ 0.561878828415093, 49.46599175230515 ], [ 0.561865795367685, 49.465812202486951 ], [ 0.561590307206282, 49.465820696427187 ], [ 0.561577275291869, 49.465641146547341 ], [ 0.561301788003117, 49.465649639778952 ], [ 0.561288757221677, 49.465470089837417 ], [ 0.561013270805578, 49.465478582360447 ], [ 0.561000241157092, 49.465299032357244 ], [ 0.560724755613651, 49.465307524171699 ], [ 0.560698698712678, 49.464948424033793 ], [ 0.561249665658277, 49.464931439963912 ], [ 0.561236635397444, 49.464751889989827 ], [ 0.560961152992483, 49.464760382298742 ], [ 0.560948123864557, 49.464580832262961 ], [ 0.561223605266757, 49.46457234000755 ], [ 0.561210575266217, 49.464392790017158 ], [ 0.561486055535523, 49.464384297160251 ], [ 0.561473024662388, 49.46420474721522 ], [ 0.561748503798806, 49.464196253756789 ], [ 0.561735472053094, 49.464016703857176 ], [ 0.562286427929981, 49.463999715082281 ], [ 0.562273394309005, 49.463820165281604 ], [ 0.562548871049473, 49.463811669965153 ], [ 0.562561905673161, 49.463991219712284 ], [ 0.562837383286147, 49.46398272368728 ], [ 0.562850419042746, 49.464162273372722 ], [ 0.563125897528251, 49.464153776639144 ], [ 0.56313893441778, 49.464333326262881 ], [ 0.563689893003595, 49.464316330723463 ], [ 0.563702932028807, 49.464495880231979 ], [ 0.563978412129103, 49.46448738142616 ], [ 0.563991452287295, 49.464666930872937 ], [ 0.564266933260085, 49.464658431358515 ], [ 0.564293015972724, 49.46501753012047 ], [ 0.564568498820766, 49.46500902984387 ], [ 0.564581541375245, 49.465188579159097 ], [ 0.565132508686046, 49.465171576533571 ], [ 0.565145553376351, 49.465351125733456 ], [ 0.565421037839093, 49.465342623384515 ], [ 0.565434083662474, 49.465522172522682 ], [ 0.565709568997696, 49.465513669465103 ], [ 0.565722615954176, 49.46569321854151 ], [ 0.566273588239244, 49.465676210354026 ], [ 0.566299686554375, 49.466035308267998 ], [ 0.566850662329304, 49.466018297245846 ], [ 0.566889816796516, 49.46655694373402 ], [ 0.567440798066943, 49.46653992976988 ], [ 0.567453851822428, 49.466719478475753 ], [ 0.568004834576996, 49.466702461784074 ], [ 0.568017890468567, 49.466882010374547 ], [ 0.568293382653093, 49.466873500992428 ], [ 0.568319496833186, 49.467232598041647 ], [ 0.568870484822412, 49.467215577097647 ], [ 0.568883544113839, 49.46739512550274 ], [ 0.569159038915669, 49.467386613994442 ], [ 0.56917209934042, 49.467566162337761 ], [ 0.569447595014676, 49.467557650120732 ], [ 0.569460656572774, 49.467737198402226 ], [ 0.569736153119453, 49.467728685476466 ], [ 0.569749215810915, 49.467908233696136 ], [ 0.570300210518625, 49.467891205771984 ], [ 0.570313275346379, 49.468070753876184 ], [ 0.570588773507397, 49.468062238877771 ], [ 0.570601839468564, 49.468241786920153 ], [ 0.570877338501982, 49.468233271212974 ], [ 0.570890405596582, 49.468412819193517 ], [ 0.571165905502399, 49.468404302777557 ], [ 0.571178973730453, 49.468583850696312 ], [ 0.571454474508665, 49.468575333571529 ], [ 0.571467543870189, 49.468754881428431 ], [ 0.571743045520797, 49.468746363594867 ], [ 0.571756116015813, 49.468925911389896 ], [ 0.572031618538808, 49.468917392847516 ], [ 0.572044690167338, 49.469096940580719 ], [ 0.572320193562719, 49.469088421329538 ], [ 0.572333266324781, 49.469267969000882 ], [ 0.572884274729713, 49.469250928425708 ], [ 0.572910424657487, 49.469610023529128 ], [ 0.572634918514366, 49.469618544251674 ], [ 0.572647992671169, 49.469798091844829 ], [ 0.572372485394463, 49.469806611965957 ], [ 0.572398632093845, 49.470165707235232 ], [ 0.572123122680536, 49.470174226808588 ], [ 0.57213619522309, 49.4703537744847 ], [ 0.571860684676176, 49.470362293456589 ], [ 0.571873756346276, 49.470541841178232 ], [ 0.571598244665756, 49.470550359548668 ], [ 0.571611315463381, 49.470729907315842 ], [ 0.571060289704564, 49.470746942198616 ] ], [ [ 0.571821470449301, 49.469823650242752 ], [ 0.572096977987171, 49.469815131431936 ], [ 0.572083905836353, 49.469635583731353 ], [ 0.571808399301479, 49.469644102488495 ], [ 0.571821470449301, 49.469823650242752 ] ], [ [ 0.566942024577917, 49.467275138937552 ], [ 0.567217519289754, 49.467266632068558 ], [ 0.567204466145975, 49.46708708333351 ], [ 0.566928972437012, 49.467095590148894 ], [ 0.566942024577917, 49.467275138937552 ] ], [ [ 0.566089441526011, 49.466941557706853 ], [ 0.566364934623184, 49.466933052910356 ], [ 0.566351884748734, 49.46675350399817 ], [ 0.566076392654418, 49.466762008741043 ], [ 0.566089441526011, 49.466941557706853 ] ] ] } },
{ "type": "Feature", "properties": { "surface_ha": 6.48 }, "geometry": { "type": "Polygon", "coordinates": [ [ [ 0.495635704081271, 49.470174608879084 ], [ 0.495622911229789, 49.469995046374272 ], [ 0.494796316997364, 49.470020054439139 ], [ 0.494757948239638, 49.469481366403492 ], [ 0.495033476768237, 49.469473031194795 ], [ 0.495007896228616, 49.469113905902503 ], [ 0.495283422622834, 49.469105570143611 ], [ 0.495257840587717, 49.468746444924207 ], [ 0.495533364847596, 49.468738108615128 ], [ 0.495507781317054, 49.468378983468646 ], [ 0.495783303442625, 49.468370646609372 ], [ 0.495757718416727, 49.468011521535779 ], [ 0.49603323840803, 49.468003184126374 ], [ 0.496007651886847, 49.467644059125675 ], [ 0.496283169743919, 49.467635721166133 ], [ 0.496257581727519, 49.467276596238371 ], [ 0.496533097450394, 49.467268257728691 ], [ 0.496507507938848, 49.466909132873816 ], [ 0.496783021527564, 49.466900793814062 ], [ 0.496757430520938, 49.466541669032111 ], [ 0.497032941975533, 49.466533329422248 ], [ 0.497007349473903, 49.466174204713212 ], [ 0.49728285879441, 49.466165864553282 ], [ 0.497257264797843, 49.465806739917205 ], [ 0.497532771984302, 49.465798399207195 ], [ 0.497494378938901, 49.465259712350417 ], [ 0.497769882988272, 49.465251371142919 ], [ 0.497757084559078, 49.465071808893796 ], [ 0.498859095465802, 49.465038437722377 ], [ 0.498846293152254, 49.46485887567556 ], [ 0.499672796980452, 49.464833840575388 ], [ 0.499685602303128, 49.465013402464415 ], [ 0.499410100151917, 49.465021748205579 ], [ 0.499435709174893, 49.465380872064692 ], [ 0.499160204889666, 49.465389217255876 ], [ 0.499185812418103, 49.465748341187954 ], [ 0.498910305998822, 49.465756685829163 ], [ 0.498935912032651, 49.466115809834214 ], [ 0.498660403479281, 49.466124153925421 ], [ 0.498686008018431, 49.466483278003444 ], [ 0.498410497330934, 49.46649162154462 ], [ 0.498436100375337, 49.466850745695623 ], [ 0.498160587553677, 49.466859088686761 ], [ 0.498173388264535, 49.467038650802756 ], [ 0.497897874311847, 49.467046993191239 ], [ 0.497923474110821, 49.467406117504297 ], [ 0.497647958023921, 49.467414459342706 ], [ 0.497686355671748, 49.467953145909611 ], [ 0.497410836447381, 49.467961487250541 ], [ 0.497436433512094, 49.46832061169335 ], [ 0.497160912153418, 49.468328952484171 ], [ 0.497186507723034, 49.468688076999939 ], [ 0.496910984230014, 49.468696417240636 ], [ 0.496923781203319, 49.468875979539014 ], [ 0.496648256579196, 49.468884319177022 ], [ 0.496686645256274, 49.469423006181536 ], [ 0.496411117494453, 49.469431345321958 ], [ 0.496423912972495, 49.469610907693244 ], [ 0.496148384079541, 49.469619246230963 ], [ 0.49617397341244, 49.469978371054538 ], [ 0.495898442385017, 49.469986709042061 ], [ 0.495911236239846, 49.470166271494328 ], [ 0.495635704081271, 49.470174608879084 ] ] ] } },
{ "type": "Feature", "properties": { "surface_ha": 22.28 }, "geometry": { "type": "Polygon", "coordinates": [ [ [ 0.487374934518158, 49.474383151641796 ], [ 0.487323877074889, 49.473664895773197 ], [ 0.487599431253391, 49.473656577759449 ], [ 0.487586666207799, 49.47347701382462 ], [ 0.487311113032871, 49.473485331785945 ], [ 0.487043097604311, 49.469714486196757 ], [ 0.487318629706456, 49.469706169336455 ], [ 0.487305867466066, 49.469526605224765 ], [ 0.487581398437361, 49.469518287761595 ], [ 0.487568635321119, 49.469338723694307 ], [ 0.48784416516157, 49.469330405628249 ], [ 0.48780587356786, 49.468791713535467 ], [ 0.488081400270839, 49.468783394971418 ], [ 0.488055871172627, 49.468424266974253 ], [ 0.488331395741502, 49.468415947859768 ], [ 0.488305865146783, 49.468056819935306 ], [ 0.48858138758159, 49.468048500270442 ], [ 0.488555855490432, 49.467689372418718 ], [ 0.488831375791211, 49.467681052203481 ], [ 0.488793075601217, 49.467142360522899 ], [ 0.489068592764785, 49.467134039809764 ], [ 0.489043057936037, 49.466774912087395 ], [ 0.489318572965671, 49.466766590823902 ], [ 0.489305804739415, 49.466587027003129 ], [ 0.489581318638323, 49.46657870513684 ], [ 0.48954301171533, 49.466040013783619 ], [ 0.489818522477201, 49.466031691419488 ], [ 0.489805752754828, 49.465852127671447 ], [ 0.490081262386002, 49.465843804704555 ], [ 0.490042950974867, 49.46530511356957 ], [ 0.490318457469122, 49.465296790104873 ], [ 0.490305686250773, 49.465117226429598 ], [ 0.49058119161436, 49.465108902362161 ], [ 0.490568419520495, 49.464929338731302 ], [ 0.491119427858752, 49.464912688735772 ], [ 0.49110665388632, 49.464733125201846 ], [ 0.491382156860984, 49.464724799273782 ], [ 0.491407706939598, 49.465083926228644 ], [ 0.492509725586657, 49.465050615544591 ], [ 0.492522504829723, 49.465230178799992 ], [ 0.493073515393554, 49.465213519421809 ], [ 0.493111859907287, 49.465752208824739 ], [ 0.4928363516799, 49.465760538998964 ], [ 0.492861913321184, 49.466119665332364 ], [ 0.492586402959875, 49.466127994956388 ], [ 0.492611963105545, 49.466487121362618 ], [ 0.492336450610278, 49.466495450436419 ], [ 0.492400348192672, 49.467393266573708 ], [ 0.491849312787327, 49.467409923280584 ], [ 0.491874868701021, 49.467769049889164 ], [ 0.491599348800434, 49.467777377364719 ], [ 0.491663235802189, 49.468675194007865 ], [ 0.491387710757666, 49.468683521090597 ], [ 0.49140048753765, 49.46886308444757 ], [ 0.490849435059129, 49.468879736752164 ], [ 0.490874984988774, 49.469238863651924 ], [ 0.49032392798655, 49.469255513545264 ], [ 0.490336701136147, 49.469435077088043 ], [ 0.489785641616873, 49.469451724465159 ], [ 0.489798412887393, 49.469631288104836 ], [ 0.490073943714166, 49.469622964691439 ], [ 0.490086716115617, 49.469802528270613 ], [ 0.489535652327789, 49.469819174546998 ], [ 0.489548422850112, 49.469998738223026 ], [ 0.489272889761469, 49.47000706043071 ], [ 0.489285659407996, 49.470186624151168 ], [ 0.489010125188414, 49.470194945755992 ], [ 0.489048431883215, 49.470733637026484 ], [ 0.488497357041009, 49.470750278584873 ], [ 0.488522891461661, 49.471109406268155 ], [ 0.488247351842392, 49.471117726169211 ], [ 0.488260118240594, 49.471297290051233 ], [ 0.487984577490349, 49.471305609349422 ], [ 0.487997343012638, 49.471485173275838 ], [ 0.488272884766335, 49.471476853925211 ], [ 0.488285651419614, 49.471656417791159 ], [ 0.48911227892581, 49.471631455649828 ], [ 0.489099509262157, 49.471451891941243 ], [ 0.48937505050564, 49.471443569969232 ], [ 0.489387821172746, 49.471623133625357 ], [ 0.489663363292105, 49.471614810945546 ], [ 0.489599506215176, 49.470716992846789 ], [ 0.489875043189789, 49.470708669773927 ], [ 0.489862271153753, 49.470529106182511 ], [ 0.490137806997375, 49.470520782506817 ], [ 0.490125034085539, 49.470341218959831 ], [ 0.490676103383197, 49.470324569747397 ], [ 0.490701653348038, 49.470683696623446 ], [ 0.490426116756229, 49.470692021662266 ], [ 0.490451665224731, 49.471051148611082 ], [ 0.490176126498487, 49.471059473099544 ], [ 0.49018889992073, 49.471239036614342 ], [ 0.49073997925246, 49.471222386877159 ], [ 0.490765530493539, 49.471581513672774 ], [ 0.491041071974847, 49.471573187716231 ], [ 0.49102829528705, 49.471393624374898 ], [ 0.491303835637277, 49.471385297815495 ], [ 0.491291058073685, 49.471205734518634 ], [ 0.491566597292831, 49.471197407356371 ], [ 0.491541040541751, 49.470838280843502 ], [ 0.491816577626413, 49.470829953130881 ], [ 0.491803798438952, 49.470650389914873 ], [ 0.491528262357691, 49.470658717574999 ], [ 0.491515484301283, 49.470479154298459 ], [ 0.491239949095761, 49.470487481250778 ], [ 0.491227172170383, 49.470307917913686 ], [ 0.490951637840605, 49.470316244158191 ], [ 0.490938862046239, 49.470136680760596 ], [ 0.491214395372644, 49.470128354568587 ], [ 0.491188842160074, 49.469769227854187 ], [ 0.491464373352131, 49.469760901111826 ], [ 0.49147715089795, 49.469940464420546 ], [ 0.491752682965713, 49.469932136970399 ], [ 0.491765461642536, 49.470111700218602 ], [ 0.491489928571416, 49.470120027721244 ], [ 0.491502706372524, 49.470299591013855 ], [ 0.491778240447016, 49.470291263458726 ], [ 0.491791019379155, 49.470470826690828 ], [ 0.492066554329366, 49.470462498427878 ], [ 0.492028214905819, 49.469923808864955 ], [ 0.493405872691187, 49.469882158508064 ], [ 0.493431442212801, 49.47024128436631 ], [ 0.493155908904406, 49.470249615853334 ], [ 0.493143125083102, 49.470070052875727 ], [ 0.492867592650363, 49.470078383654915 ], [ 0.492893158413946, 49.470437509707125 ], [ 0.49234208915191, 49.470454169509608 ], [ 0.492354870218482, 49.470633732628656 ], [ 0.492905941487287, 49.47061707272114 ], [ 0.492918724688329, 49.470796635727154 ], [ 0.493194261134574, 49.470788304737901 ], [ 0.493207045466721, 49.470967867683335 ], [ 0.493482582788655, 49.470959535986253 ], [ 0.493495368251924, 49.47113909887112 ], [ 0.493219829926581, 49.471147430620725 ], [ 0.493245399229453, 49.471506556471361 ], [ 0.492969858769542, 49.471514887670672 ], [ 0.492982642609113, 49.47169445063642 ], [ 0.492707101018049, 49.471702781232906 ], [ 0.492719883981881, 49.471882344243127 ], [ 0.49189325543215, 49.471907332258006 ], [ 0.491906035513287, 49.472086895417668 ], [ 0.491354947168145, 49.472103550922469 ], [ 0.491367725369994, 49.472283114179127 ], [ 0.491092180002453, 49.472291441000969 ], [ 0.491104957328466, 49.472471004302037 ], [ 0.490553864203468, 49.472487656084631 ], [ 0.490528313693047, 49.472128529264509 ], [ 0.490252768946086, 49.472136854067784 ], [ 0.490278317449519, 49.472495980992882 ], [ 0.489727223558781, 49.472512628843255 ], [ 0.489714451250255, 49.472333065279798 ], [ 0.489438905116986, 49.472341388169475 ], [ 0.48946444785462, 49.472700515393271 ], [ 0.489188899586747, 49.47270883773249 ], [ 0.489201670143423, 49.472888401384829 ], [ 0.488926120744442, 49.472896723121117 ], [ 0.488951660233457, 49.47325585050649 ], [ 0.488676108699822, 49.473264171692335 ], [ 0.488688877632135, 49.473443735425427 ], [ 0.488413324967376, 49.473452056008291 ], [ 0.488426093023686, 49.473631619785813 ], [ 0.487874985304363, 49.47364825909029 ], [ 0.487887751481067, 49.47382782296463 ], [ 0.487612196426511, 49.47383614168622 ], [ 0.487624961727164, 49.474015705604963 ], [ 0.487900517785313, 49.474007386830941 ], [ 0.487913284217101, 49.474186950689202 ], [ 0.487637727155345, 49.474195269515647 ], [ 0.487650492711061, 49.474374833418317 ], [ 0.487374934518158, 49.474383151641796 ] ], [ [ 0.490528313693047, 49.472128529264509 ], [ 0.490803858312384, 49.472120203805851 ], [ 0.490778306305523, 49.47176107705851 ], [ 0.490502763693128, 49.471769402412185 ], [ 0.490528313693047, 49.472128529264509 ] ], [ [ 0.491842136384323, 49.471189079538767 ], [ 0.492117675348146, 49.471180751065823 ], [ 0.492104894901943, 49.471001187918404 ], [ 0.491829356941536, 49.471009516338839 ], [ 0.491842136384323, 49.471189079538767 ] ] ] } },
{ "type": "Feature", "properties": { "surface_ha": 4.88 }, "geometry": { "type": "Polygon", "coordinates": [ [ [ 0.528702992474261, 49.465390347897099 ], [ 0.528690080938723, 49.465210791611078 ], [ 0.527312606231375, 49.465252859304456 ], [ 0.527299699839455, 49.465073302745211 ], [ 0.527850688103349, 49.465056477739296 ], [ 0.5278377798345, 49.464876921277998 ], [ 0.527286793576452, 49.464893746177893 ], [ 0.527248075560918, 49.464355076427303 ], [ 0.527523565745693, 49.464346664463989 ], [ 0.527497752374127, 49.463987551362507 ], [ 0.527773240424229, 49.463979138850142 ], [ 0.527760332928957, 49.463799582340272 ], [ 0.528586793297093, 49.463774341031652 ], [ 0.528599703800942, 49.46395389738241 ], [ 0.529150678740657, 49.463937066461803 ], [ 0.529124853850515, 49.463577953964354 ], [ 0.529400339121218, 49.463569537627492 ], [ 0.529387425866774, 49.463389981419667 ], [ 0.529662910005666, 49.463381564480791 ], [ 0.529649995877379, 49.463202008317921 ], [ 0.529925478884463, 49.463193590776996 ], [ 0.529912563882356, 49.463014034659111 ], [ 0.530188045757633, 49.463005616516178 ], [ 0.530200961762546, 49.463185172581028 ], [ 0.530751927131679, 49.463168334223838 ], [ 0.530764845271233, 49.463347890174461 ], [ 0.531315812129875, 49.46333104909084 ], [ 0.5313287324041, 49.463510604927215 ], [ 0.531604216642671, 49.463502183349711 ], [ 0.531617138048777, 49.463681739124894 ], [ 0.531892623161113, 49.46367331683922 ], [ 0.531905545699121, 49.46385287255324 ], [ 0.531630059583947, 49.463861294891998 ], [ 0.531655903041482, 49.464220406401893 ], [ 0.531380414791535, 49.464228828191722 ], [ 0.531393335711037, 49.464408383987617 ], [ 0.531117846329162, 49.464416805175404 ], [ 0.531143686549573, 49.464775916849028 ], [ 0.529490735513922, 49.464826430855553 ], [ 0.529503649800268, 49.465005986998612 ], [ 0.529228156506545, 49.465014403759845 ], [ 0.529253983460372, 49.465373516127762 ], [ 0.528702992474261, 49.465390347897099 ] ] ] } },
{ "type": "Feature", "properties": { "surface_ha": 1.52 }, "geometry": { "type": "Polygon", "coordinates": [ [ [ 0.502479063605562, 49.465468593058077 ], [ 0.502453432259506, 49.465109470372859 ], [ 0.50272893400618, 49.465101117372136 ], [ 0.502703301166117, 49.464741994759969 ], [ 0.502978800778717, 49.464733641209399 ], [ 0.502927532622815, 49.464015396098972 ], [ 0.503478523439968, 49.463998687453582 ], [ 0.503465704715114, 49.463819126261143 ], [ 0.503741198928665, 49.463810771008404 ], [ 0.503728379328895, 49.463631209860573 ], [ 0.504003872411442, 49.463622854005351 ], [ 0.503991051936774, 49.46344329290212 ], [ 0.504266543888318, 49.463434936444422 ], [ 0.504253722538774, 49.463255375385813 ], [ 0.504804704051789, 49.463238660610401 ], [ 0.504817527407192, 49.463418221563657 ], [ 0.504542035711793, 49.46342657933161 ], [ 0.504554858192346, 49.463606140329496 ], [ 0.504279365365927, 49.46361449749498 ], [ 0.504305008705355, 49.463973619571917 ], [ 0.504029513744952, 49.463981976187618 ], [ 0.504067976705688, 49.464520659400549 ], [ 0.503792478608267, 49.46452901551914 ], [ 0.503818119216405, 49.464888137726128 ], [ 0.503542618984903, 49.464896493294866 ], [ 0.503568258099219, 49.465255615574954 ], [ 0.503292755733602, 49.465263970593853 ], [ 0.50330557447979, 49.465443531774454 ], [ 0.502479063605562, 49.465468593058077 ] ] ] } },
{ "type": "Feature", "properties": { "surface_ha": 1.2 }, "geometry": { "type": "Polygon", "coordinates": [ [ [ 0.576217868522363, 49.461949692192192 ], [ 0.576204784941358, 49.461770145053997 ], [ 0.575102939374901, 49.461804251456186 ], [ 0.575050622397829, 49.461086061962042 ], [ 0.575326079975344, 49.461077536558854 ], [ 0.575313000055148, 49.460897989218644 ], [ 0.575588456499536, 49.460889463214272 ], [ 0.575575375707493, 49.46070991591963 ], [ 0.575299920265587, 49.460718441870277 ], [ 0.575260681680684, 49.460179799776228 ], [ 0.575536134115206, 49.460171273986759 ], [ 0.575549214515329, 49.46035082130588 ], [ 0.575824667821665, 49.460342294807788 ], [ 0.575863912813283, 49.460880936554943 ], [ 0.576139368996375, 49.460872409240707 ], [ 0.576165534982367, 49.461231503590533 ], [ 0.576440993039779, 49.461222975513863 ], [ 0.57648024600632, 49.461761616816105 ], [ 0.576755706940599, 49.461753087923242 ], [ 0.576768792526674, 49.461932634953918 ], [ 0.576217868522363, 49.461949692192192 ] ] ] } },
{ "type": "Feature", "properties": { "surface_ha": 4.8 }, "geometry": { "type": "Polygon", "coordinates": [ [ [ 0.499057779891556, 49.463952721205331 ], [ 0.499044977342275, 49.46377315916277 ], [ 0.499320472600295, 49.463764814444986 ], [ 0.499294865879435, 49.463405690440901 ], [ 0.499570359003632, 49.463397345173156 ], [ 0.499519143084782, 49.462679097278723 ], [ 0.499794632069343, 49.462670751566257 ], [ 0.499769022871453, 49.462311627675923 ], [ 0.500044509722309, 49.462303281413547 ], [ 0.500018899030233, 49.461944157596228 ], [ 0.500294383747419, 49.461935810783963 ], [ 0.500281577590372, 49.461756248915819 ], [ 0.500557061176779, 49.46174790150107 ], [ 0.500531447240711, 49.461388777845826 ], [ 0.500806928693501, 49.461380429881224 ], [ 0.500768505740308, 49.460841744495802 ], [ 0.501043984056703, 49.460833396033941 ], [ 0.501018367388598, 49.460474272508648 ], [ 0.501293843571468, 49.460465923496969 ], [ 0.501268225409531, 49.46010680004467 ], [ 0.501543699458912, 49.460098450483173 ], [ 0.50153088956709, 49.45991888879756 ], [ 0.501806362485769, 49.459910538633665 ], [ 0.501819173380351, 49.460090100266633 ], [ 0.502094647173834, 49.460081749395037 ], [ 0.502081835276496, 49.459902187814691 ], [ 0.502908252880847, 49.459877131427497 ], [ 0.502882623453639, 49.459518008558469 ], [ 0.503433563872319, 49.459501301235683 ], [ 0.503459197310459, 49.459860423894078 ], [ 0.503183725159655, 49.459868777988298 ], [ 0.50320935710435, 49.460227900719765 ], [ 0.502933882820032, 49.460236254264238 ], [ 0.502959513271206, 49.460595377068771 ], [ 0.502684036853341, 49.460603730063482 ], [ 0.502709665810929, 49.460962852941059 ], [ 0.502434187259478, 49.460971205386016 ], [ 0.502459814723407, 49.461330328336651 ], [ 0.502184334038335, 49.46133868023179 ], [ 0.502209960008534, 49.461697803255504 ], [ 0.5016589942431, 49.461714505291084 ], [ 0.501646183199702, 49.461534943677982 ], [ 0.501095218928122, 49.461551642987921 ], [ 0.501108027965821, 49.461731204706254 ], [ 0.500832544635266, 49.461739553431222 ], [ 0.500858161088755, 49.462098676948983 ], [ 0.501133646425044, 49.462090328118776 ], [ 0.501146455846571, 49.462269889812973 ], [ 0.501421942057797, 49.462261540275037 ], [ 0.501460374098762, 49.462800225151341 ], [ 0.501184884878835, 49.462808574847145 ], [ 0.501197694812157, 49.462988136509075 ], [ 0.500922204461356, 49.46299648560241 ], [ 0.500947822705985, 49.463355609007401 ], [ 0.500672330221367, 49.463363957550825 ], [ 0.50069794697186, 49.463723081028817 ], [ 0.500422452353386, 49.463731429022332 ], [ 0.500435259917567, 49.463910990801871 ], [ 0.500159764168187, 49.463919338192866 ], [ 0.500146957606983, 49.463739776360718 ], [ 0.499871462732661, 49.463748123043949 ], [ 0.499858657302344, 49.463568561151142 ], [ 0.49958316330308, 49.463576907126615 ], [ 0.499608772285673, 49.46393603100941 ], [ 0.499057779891556, 49.463952721205331 ] ] ] } },
{ "type": "Feature", "properties": { "surface_ha": 7.12 }, "geometry": { "type": "Polygon", "coordinates": [ [ [ 0.538559619436955, 49.460410121002774 ], [ 0.538546674156099, 49.460230566471267 ], [ 0.537995746359023, 49.460247441226635 ], [ 0.537982803212673, 49.460067886580639 ], [ 0.53743187690373, 49.460084758609703 ], [ 0.537418935891852, 49.459905203849274 ], [ 0.537143473546102, 49.459913638828169 ], [ 0.537091714801384, 49.459195419492715 ], [ 0.53736717313682, 49.459186984726465 ], [ 0.537354232771172, 49.459007429925514 ], [ 0.537629689974814, 49.458998994557476 ], [ 0.537603807626165, 49.458639885037556 ], [ 0.537879262695487, 49.458631449120887 ], [ 0.537866320712513, 49.458451894401946 ], [ 0.538141774650059, 49.458443457883504 ], [ 0.538128831793834, 49.458263903209613 ], [ 0.538404284599605, 49.45825546608939 ], [ 0.538378397269959, 49.457896356823632 ], [ 0.538653847941478, 49.457887919154835 ], [ 0.538640903468086, 49.457708364562983 ], [ 0.538916353007851, 49.457699926292449 ], [ 0.538903407661274, 49.457520371745645 ], [ 0.539178856069287, 49.457511932873366 ], [ 0.539152963759099, 49.457152823861833 ], [ 0.539979302192653, 49.457127503634617 ], [ 0.539966353224212, 49.456947949276255 ], [ 0.540517242861799, 49.456931065956589 ], [ 0.540543144937721, 49.457290174452339 ], [ 0.541094038067645, 49.457273288300208 ], [ 0.541106991304505, 49.457452842429504 ], [ 0.541382438677863, 49.45744439831784 ], [ 0.541395393046538, 49.457623952385774 ], [ 0.541670841292967, 49.457615507565976 ], [ 0.54169675242338, 49.457974615571089 ], [ 0.541421302172027, 49.457983060497341 ], [ 0.541447211815044, 49.458342168576458 ], [ 0.540896306914264, 49.458359056677068 ], [ 0.540909259924851, 49.458538610810891 ], [ 0.540633806277907, 49.458547053931994 ], [ 0.540659710682147, 49.458906162281743 ], [ 0.540384254900809, 49.458914604854321 ], [ 0.540397206294435, 49.45909415907024 ], [ 0.540672663078306, 49.459085716444456 ], [ 0.540685615603828, 49.45926527059904 ], [ 0.540410157817414, 49.459273713278037 ], [ 0.540423109469745, 49.459453267477741 ], [ 0.540147650551421, 49.459461709554994 ], [ 0.540173552239012, 49.459820818036455 ], [ 0.5398980911862, 49.459829259565154 ], [ 0.539911041221431, 49.460008813846905 ], [ 0.539635579036694, 49.460017254773824 ], [ 0.539648528198666, 49.460196809100687 ], [ 0.539373064881997, 49.460205249425819 ], [ 0.539386013170693, 49.460384803797766 ], [ 0.538559619436955, 49.460410121002774 ] ] ] } },
{ "type": "Feature", "properties": { "surface_ha": 2.6 }, "geometry": { "type": "Polygon", "coordinates": [ [ [ 0.527450591715766, 49.459490223675445 ], [ 0.527411879284388, 49.458951553514545 ], [ 0.527962798845183, 49.458934729493876 ], [ 0.527911176053779, 49.458216502923491 ], [ 0.527635720348088, 49.458224915049236 ], [ 0.527584103629061, 49.457506688137286 ], [ 0.52785955532465, 49.457498276223632 ], [ 0.527846650464587, 49.457318719528395 ], [ 0.528673001770513, 49.457293480016794 ], [ 0.528685909638068, 49.457473036552926 ], [ 0.528961360818056, 49.457464622019479 ], [ 0.528974269817031, 49.457644178494483 ], [ 0.529525173795224, 49.457627347356663 ], [ 0.52953808492815, 49.457806903717476 ], [ 0.52981353772634, 49.457798487113095 ], [ 0.529826449990732, 49.457978043412773 ], [ 0.530101903662479, 49.457969626100393 ], [ 0.530140644237033, 49.458508294791656 ], [ 0.529314273812069, 49.45853354524138 ], [ 0.529327184587194, 49.458713101614755 ], [ 0.529051726518407, 49.458721517174446 ], [ 0.529064636419906, 49.458901073592763 ], [ 0.52851371789038, 49.458917902853287 ], [ 0.528526625915651, 49.459097459369566 ], [ 0.528251165454917, 49.459105873070385 ], [ 0.528264072606511, 49.459285429631628 ], [ 0.527713149293128, 49.45930225517435 ], [ 0.527726054568415, 49.459481811833527 ], [ 0.527450591715766, 49.459490223675445 ] ] ] } },
{ "type": "Feature", "properties": { "surface_ha": 23.56 }, "geometry": { "type": "Polygon", "coordinates": [ [ [ 0.571717938620567, 49.464608244803834 ], [ 0.571704870255728, 49.464428696866719 ], [ 0.571429392803369, 49.464437214066933 ], [ 0.571416325571752, 49.464257666067972 ], [ 0.570865372280889, 49.464274698396032 ], [ 0.570852307185163, 49.464095150281565 ], [ 0.570301355377709, 49.464112179882193 ], [ 0.57027522958844, 49.463753083414161 ], [ 0.569999755494358, 49.463761597124659 ], [ 0.569986693798092, 49.46358204882474 ], [ 0.569711220576219, 49.463590561826564 ], [ 0.569724281269817, 49.463770110180107 ], [ 0.569448806914827, 49.46377862258057 ], [ 0.569422687663402, 49.463419525757992 ], [ 0.569698160013066, 49.463411013464828 ], [ 0.569672039278101, 49.46305191671695 ], [ 0.569947509492035, 49.4630434038761 ], [ 0.569921387273595, 49.46268430720292 ], [ 0.57019685535184, 49.462675793814377 ], [ 0.570170731649999, 49.46231669721589 ], [ 0.570446197592586, 49.462308183279696 ], [ 0.570433134934768, 49.46212863502187 ], [ 0.570157669994762, 49.462137148904418 ], [ 0.570144608469979, 49.461957600584775 ], [ 0.569318215875007, 49.461983138141576 ], [ 0.56933127439206, 49.462162686622186 ], [ 0.569055808930298, 49.462171197884821 ], [ 0.569042751415825, 49.461991649350594 ], [ 0.568767286826229, 49.462000159904626 ], [ 0.568741174193654, 49.461641062704437 ], [ 0.569016636778116, 49.461632552257662 ], [ 0.569003579654875, 49.461453003698992 ], [ 0.568728118072965, 49.461461514092107 ], [ 0.568715062082675, 49.461281965471642 ], [ 0.56816414053276, 49.461298984185753 ], [ 0.568151086677933, 49.461119435449838 ], [ 0.567875626709945, 49.461127943770855 ], [ 0.56786257398802, 49.460948394973151 ], [ 0.567587114892195, 49.460956902585608 ], [ 0.567574063303152, 49.460777353726179 ], [ 0.567298605079494, 49.460785860630061 ], [ 0.567285554623311, 49.460606311708851 ], [ 0.567010097271826, 49.460614817904151 ], [ 0.566997047948485, 49.460435268921181 ], [ 0.566721591469174, 49.460443774407956 ], [ 0.566708543278654, 49.46026422536324 ], [ 0.565882176066343, 49.460289737733092 ], [ 0.565856086091145, 49.459930639297632 ], [ 0.565580632098095, 49.459939142003876 ], [ 0.56556758830839, 49.459759592720332 ], [ 0.565292135187539, 49.459768094718065 ], [ 0.56527909253057, 49.459588545372789 ], [ 0.565003640281921, 49.459597046662012 ], [ 0.564990598757665, 49.459417497255018 ], [ 0.564164244237631, 49.459442997032419 ], [ 0.564125129468284, 49.458904348280406 ], [ 0.563849680708479, 49.4589128467357 ], [ 0.563823606851482, 49.458553747419842 ], [ 0.564099053606454, 49.458545249071676 ], [ 0.564086015870855, 49.458365699455086 ], [ 0.564361461493218, 49.458357200505596 ], [ 0.564348422885437, 49.458177650934424 ], [ 0.564623867375195, 49.458169151383629 ], [ 0.564610827895252, 49.457989601857889 ], [ 0.564886271252407, 49.457981101705748 ], [ 0.564873230900323, 49.457801552225433 ], [ 0.56569955718325, 49.457776048000454 ], [ 0.565660427887303, 49.457237399992849 ], [ 0.565935866714081, 49.457228897435549 ], [ 0.565909779163444, 49.45686979883024 ], [ 0.566185215855329, 49.456861295725218 ], [ 0.566172171273109, 49.456681746463943 ], [ 0.566447606832423, 49.456673242757709 ], [ 0.566434561378189, 49.456493693541844 ], [ 0.566709995804936, 49.456485189234336 ], [ 0.566696949478709, 49.45630564006396 ], [ 0.566972382772892, 49.456297135155189 ], [ 0.56695933557469, 49.45611758603026 ], [ 0.567234767736312, 49.456109080520271 ], [ 0.567221719666157, 49.455929531440802 ], [ 0.567497150695222, 49.455921025329559 ], [ 0.567510199767626, 49.456100574355446 ], [ 0.567785631668624, 49.456092067535756 ], [ 0.567772581593971, 49.45591251856353 ], [ 0.568048012362394, 49.455904011142643 ], [ 0.568061063439294, 49.456083560061266 ], [ 0.568611926589614, 49.45606654314777 ], [ 0.56862497980136, 49.456246091951009 ], [ 0.568900412183241, 49.4562375824584 ], [ 0.568913466527606, 49.456417131199835 ], [ 0.569188899781378, 49.456408620998744 ], [ 0.569201955258383, 49.456588169678412 ], [ 0.569477389384041, 49.456579658768831 ], [ 0.569490445993708, 49.456759207386696 ], [ 0.56976588099125, 49.456750695768662 ], [ 0.569805054609507, 49.457289341412434 ], [ 0.570080492483529, 49.457280828978561 ], [ 0.57009355161941, 49.457460377456542 ], [ 0.569818112743072, 49.457468889944053 ], [ 0.56983117100705, 49.457648438467515 ], [ 0.569555730997975, 49.457656950353808 ], [ 0.569568788390028, 49.457836498922774 ], [ 0.569293347248214, 49.457845010207834 ], [ 0.569306403768324, 49.458024558822288 ], [ 0.569581845912486, 49.458016047483575 ], [ 0.569621019262295, 49.458554693117108 ], [ 0.56989646428315, 49.458546180962564 ], [ 0.569909523329625, 49.458725729437127 ], [ 0.569358631152734, 49.458742753198585 ], [ 0.569371688324838, 49.458922301772262 ], [ 0.568820793621538, 49.458939323021418 ], [ 0.568833848919226, 49.459118871694237 ], [ 0.568558400369584, 49.459127381390097 ], [ 0.568571454795234, 49.459306930108376 ], [ 0.5688469043473, 49.459298420358891 ], [ 0.56885995990576, 49.459477969015417 ], [ 0.56913541032987, 49.459469458557372 ], [ 0.569148467021159, 49.459649007152073 ], [ 0.569423918317307, 49.459640495985482 ], [ 0.569436976141447, 49.459820044518437 ], [ 0.569712428309632, 49.459811532643265 ], [ 0.569725487266643, 49.459991081114381 ], [ 0.570276393216643, 49.459974055292022 ], [ 0.570289454309006, 49.460153603647704 ], [ 0.570564908090809, 49.46014508970049 ], [ 0.570577970316089, 49.460324637994347 ], [ 0.570853424969907, 49.460316123338544 ], [ 0.570866488328123, 49.460495671570563 ], [ 0.571141943853951, 49.46048715620617 ], [ 0.571155008345127, 49.460666704376386 ], [ 0.571430464742964, 49.460658188303377 ], [ 0.571443530367115, 49.460837736411747 ], [ 0.571718987636957, 49.460829219630142 ], [ 0.571758188299917, 49.461367863745338 ], [ 0.57148272802253, 49.46137638068798 ], [ 0.571534993390051, 49.4620945729421 ], [ 0.572085921834709, 49.462077537972398 ], [ 0.572098990507992, 49.462257085908178 ], [ 0.572374455537111, 49.462248567387185 ], [ 0.572413665347895, 49.462787210984494 ], [ 0.572689133254248, 49.462778691647451 ], [ 0.572702204454866, 49.462958239443225 ], [ 0.572977673233277, 49.462949719397507 ], [ 0.572990745567063, 49.463129267131428 ], [ 0.573266215217527, 49.463120746377037 ], [ 0.573292362282054, 49.463479841712967 ], [ 0.573016890626327, 49.463488362574786 ], [ 0.573043036207861, 49.46384745798548 ], [ 0.572767562416261, 49.463855978299691 ], [ 0.572793706514732, 49.464215073785148 ], [ 0.572518230587222, 49.464223593551743 ], [ 0.572531301829615, 49.464403141335943 ], [ 0.572255824768862, 49.46441166050122 ], [ 0.572268895139107, 49.464591208330951 ], [ 0.571717938620567, 49.464608244803834 ] ], [ [ 0.570262166889511, 49.463573535167924 ], [ 0.570537639850461, 49.463565020856088 ], [ 0.570524576279344, 49.463385472655361 ], [ 0.570249104321047, 49.46339398691353 ], [ 0.570262166889511, 49.463573535167924 ] ], [ [ 0.571088585380917, 49.463547990267465 ], [ 0.571639530389385, 49.463530957058815 ], [ 0.571626462807677, 49.463351409072757 ], [ 0.571901934113495, 49.463342891539632 ], [ 0.571888865659665, 49.463163343599142 ], [ 0.571613395356483, 49.463171861078585 ], [ 0.571534993390051, 49.4620945729421 ], [ 0.571259528971961, 49.46210308944449 ], [ 0.571285660433574, 49.462462185629946 ], [ 0.571010193879824, 49.462470701584742 ], [ 0.571049389043156, 49.463009345962796 ], [ 0.571324858604731, 49.463000829847012 ], [ 0.571350991371341, 49.463359925950904 ], [ 0.571075519804501, 49.463368442174058 ], [ 0.571088585380917, 49.463547990267465 ] ], [ [ 0.568007502879179, 49.459144398817116 ], [ 0.568558400369584, 49.459127381390097 ], [ 0.568545346074308, 49.45894783266364 ], [ 0.567994450588734, 49.458964849983417 ], [ 0.568007502879179, 49.459144398817116 ] ] ] } },
{ "type": "Feature", "properties": { "surface_ha": 1.2 }, "geometry": { "type": "Polygon", "coordinates": [ [ [ 0.500903098714438, 49.458858216245872 ], [ 0.50089029172357, 49.458678654398604 ], [ 0.500339359028818, 49.458695349404422 ], [ 0.500313749441534, 49.458336225475271 ], [ 0.500589213847504, 49.458327878405115 ], [ 0.500576408243034, 49.458148316481065 ], [ 0.501127334665941, 49.458131620480906 ], [ 0.501114527184066, 49.457952058654051 ], [ 0.501389989200997, 49.457943709724063 ], [ 0.501377180844398, 49.457764147941781 ], [ 0.501652641730765, 49.457755798409394 ], [ 0.501665451090003, 49.457935360139061 ], [ 0.501940912851072, 49.45792700989908 ], [ 0.501928102489198, 49.457747448222044 ], [ 0.502203563119688, 49.457739097379658 ], [ 0.50222918597666, 49.458098220620414 ], [ 0.502504648484469, 49.458089869017755 ], [ 0.502517461107545, 49.458269430573409 ], [ 0.502241997597082, 49.458277782228699 ], [ 0.502267621221807, 49.458636905421095 ], [ 0.502543086737605, 49.458628553660539 ], [ 0.502555899744595, 49.458808115191992 ], [ 0.501729499805267, 49.45883316866658 ], [ 0.501691070192288, 49.458294483574228 ], [ 0.501415606297977, 49.458302833264476 ], [ 0.501454032902921, 49.458841518514696 ], [ 0.500903098714438, 49.458858216245872 ] ] ] } },
{ "type": "Feature", "properties": { "surface_ha": 1.16 }, "geometry": { "type": "Polygon", "coordinates": [ [ [ 0.513311846285646, 49.458661443028824 ], [ 0.513286141936627, 49.458302324086347 ], [ 0.512735220773311, 49.458319078043296 ], [ 0.512722370796564, 49.45813951845436 ], [ 0.512171451125109, 49.458156269685752 ], [ 0.51213290798045, 49.457617590553753 ], [ 0.512408364872561, 49.457609215423901 ], [ 0.512395516411734, 49.457429655749877 ], [ 0.512946427805832, 49.457412903630861 ], [ 0.512959278271802, 49.457592463199312 ], [ 0.513234734778911, 49.457584086104539 ], [ 0.513247586375804, 49.457763645612083 ], [ 0.513523043757136, 49.457755267809532 ], [ 0.513535896484972, 49.457934827256224 ], [ 0.513811354740523, 49.457926448745887 ], [ 0.513824208599321, 49.458106008131693 ], [ 0.514099667729087, 49.458097628913542 ], [ 0.51412537783704, 49.458456747555296 ], [ 0.514400838843631, 49.45844836757653 ], [ 0.514413695092817, 49.458627926832484 ], [ 0.513311846285646, 49.458661443028824 ] ] ] } },
{ "type": "Feature", "properties": { "surface_ha": 4.24 }, "geometry": { "type": "Polygon", "coordinates": [ [ [ 0.578605376943948, 49.460616087237582 ], [ 0.57859228525547, 49.460436540526146 ], [ 0.578867738126572, 49.460428006770215 ], [ 0.578854645566402, 49.460248460104403 ], [ 0.579130097304307, 49.460239925747338 ], [ 0.579117003872465, 49.460060379127164 ], [ 0.579392454477172, 49.46005184416898 ], [ 0.579353171959008, 49.459513204420766 ], [ 0.579628619425722, 49.459504668969089 ], [ 0.579589335077365, 49.458966029308748 ], [ 0.579864779406171, 49.458957493363563 ], [ 0.579851683882585, 49.458777946847576 ], [ 0.580127127078253, 49.458769410301329 ], [ 0.580100934418753, 49.458410317352453 ], [ 0.580376375478954, 49.458401780258953 ], [ 0.580350181337981, 49.458042687385024 ], [ 0.58062562026275, 49.45803414974425 ], [ 0.58061252238616, 49.457854603348835 ], [ 0.580887960177828, 49.457846065107042 ], [ 0.580861762812492, 49.457486972399344 ], [ 0.58113719846878, 49.457478433610326 ], [ 0.581110999622169, 49.457119340977577 ], [ 0.581386433143112, 49.457110801641349 ], [ 0.581360232815297, 49.456751709083541 ], [ 0.581635664200932, 49.456743169200145 ], [ 0.581609462391978, 49.45638407671732 ], [ 0.581884891642346, 49.456375536286728 ], [ 0.581871789931915, 49.456195990086869 ], [ 0.582147218049242, 49.456187449055321 ], [ 0.582094808507196, 49.455469264389556 ], [ 0.582370232484977, 49.455460722918488 ], [ 0.582357129424427, 49.455281176785455 ], [ 0.58263255226921, 49.455272634713452 ], [ 0.582606344536396, 49.454913542530534 ], [ 0.582881765246057, 49.454904999911427 ], [ 0.582855556032457, 49.454545907803485 ], [ 0.583130974607028, 49.454537364637297 ], [ 0.583117869194431, 49.454357818624899 ], [ 0.583393286636037, 49.454349274857769 ], [ 0.583471927087475, 49.455426550486408 ], [ 0.582921080047971, 49.455443638012014 ], [ 0.582973501616086, 49.456161822031781 ], [ 0.582698073891337, 49.456170365027745 ], [ 0.582724283456266, 49.456529457096273 ], [ 0.582448853596243, 49.456537999545148 ], [ 0.582488165918505, 49.457076637748138 ], [ 0.582212732920935, 49.457085179703697 ], [ 0.582225836287842, 49.457264725808848 ], [ 0.581950402157161, 49.457273267163387 ], [ 0.581976607279025, 49.457632359456888 ], [ 0.581701171012962, 49.457640900264245 ], [ 0.581714272767891, 49.457820446452551 ], [ 0.581438835368702, 49.457828986658903 ], [ 0.581465037266501, 49.458188079118642 ], [ 0.581189597731875, 49.458196618777791 ], [ 0.581202697874714, 49.458376165049238 ], [ 0.580927257206946, 49.458384704107353 ], [ 0.580953455880456, 49.458743796733344 ], [ 0.580678013077199, 49.45875233524422 ], [ 0.580704210269297, 49.459111427945174 ], [ 0.580428765330517, 49.459119965908798 ], [ 0.580454961041135, 49.459479058684714 ], [ 0.580179513966795, 49.459487596101056 ], [ 0.58020570819586, 49.45984668895192 ], [ 0.579930258985924, 49.459855225820974 ], [ 0.579969548303288, 49.460393865197418 ], [ 0.579418643476489, 49.460410937293638 ], [ 0.579431738172315, 49.460590483843703 ], [ 0.578605376943948, 49.460616087237582 ] ] ] } },
{ "type": "Feature", "properties": { "surface_ha": 1.56 }, "geometry": { "type": "Polygon", "coordinates": [ [ [ 0.573372665763323, 49.45699908085156 ], [ 0.573333453447581, 49.456460437276547 ], [ 0.573058021148315, 49.45646895735387 ], [ 0.573018813014057, 49.45593031354435 ], [ 0.572743383590979, 49.455938832805757 ], [ 0.572717247491815, 49.455579736784578 ], [ 0.572441819942656, 49.455588255283786 ], [ 0.57237648698941, 49.454690514819639 ], [ 0.572651909527677, 49.454681996588889 ], [ 0.572678044321837, 49.455041092691609 ], [ 0.572953468733933, 49.455032573698666 ], [ 0.572966537328935, 49.455212121684141 ], [ 0.573241962612698, 49.455203601982674 ], [ 0.57318968500709, 49.454485410206701 ], [ 0.573465106151701, 49.454476890065251 ], [ 0.573478176359474, 49.454656437967778 ], [ 0.573753598375703, 49.454647917117846 ], [ 0.573792812788657, 49.455186560615395 ], [ 0.573517387765941, 49.455195081626435 ], [ 0.573556600347177, 49.455733725211672 ], [ 0.573832028376465, 49.455725204039503 ], [ 0.573871245139175, 49.456263847390197 ], [ 0.573595814103223, 49.456272368723468 ], [ 0.573621957259949, 49.456631464357201 ], [ 0.573897390300392, 49.456622942916518 ], [ 0.573923535983822, 49.456982038410217 ], [ 0.573372665763323, 49.45699908085156 ] ] ] } },
{ "type": "Feature", "properties": { "surface_ha": 2.12 }, "geometry": { "type": "Polygon", "coordinates": [ [ [ 0.537487343454793, 49.457023891796545 ], [ 0.537474403637491, 49.456844336951441 ], [ 0.537198958463695, 49.456852771681518 ], [ 0.537186019778045, 49.456673216775158 ], [ 0.536910575477452, 49.456681650797144 ], [ 0.536897637923435, 49.456502095829514 ], [ 0.536622194496048, 49.456510529143451 ], [ 0.536596321780438, 49.456151419077564 ], [ 0.536320880228659, 49.456159851630311 ], [ 0.536333815519467, 49.456339406720453 ], [ 0.536058372836103, 49.456347838671427 ], [ 0.536032504388458, 49.455988728376767 ], [ 0.536307945067034, 49.455980296532061 ], [ 0.536295010034591, 49.455800741425719 ], [ 0.536570449581607, 49.455792308979262 ], [ 0.536557513675977, 49.455612753917961 ], [ 0.537934704461177, 49.45557058212821 ], [ 0.537921763672976, 49.455391027324595 ], [ 0.538472637077758, 49.455374154130837 ], [ 0.538498522792812, 49.455733263517288 ], [ 0.538773961306022, 49.455724825831751 ], [ 0.538761017381512, 49.455545271195746 ], [ 0.5390364547631, 49.455536832908493 ], [ 0.539049399689962, 49.455716387491314 ], [ 0.539324837944622, 49.455707948495991 ], [ 0.539337784003125, 49.455887503017522 ], [ 0.539062344746105, 49.455895942066029 ], [ 0.539075289931529, 49.4560754966326 ], [ 0.538248968377695, 49.456100810008309 ], [ 0.538287795688133, 49.456639474138058 ], [ 0.538012351904474, 49.456647910779687 ], [ 0.538025293597385, 49.456827465526558 ], [ 0.537749848682059, 49.456835901566457 ], [ 0.537762789501792, 49.457015456358384 ], [ 0.537487343454793, 49.457023891796545 ] ], [ [ 0.53794764537862, 49.455750136923733 ], [ 0.538223084150341, 49.455741700547961 ], [ 0.538210142230541, 49.455562145805608 ], [ 0.537934704461177, 49.45557058212821 ], [ 0.53794764537862, 49.455750136923733 ] ] ] } },
{ "type": "Feature", "properties": { "surface_ha": 1.44 }, "geometry": { "type": "Polygon", "coordinates": [ [ [ 0.571706987080498, 49.456870644286987 ], [ 0.571693922322196, 49.456691096106518 ], [ 0.571418488237685, 49.456699612308505 ], [ 0.571379297752376, 49.456160967557167 ], [ 0.571103866544173, 49.456169482943295 ], [ 0.571051618399053, 49.455451289612682 ], [ 0.570776191069293, 49.45545980412934 ], [ 0.570750069783776, 49.455100707307793 ], [ 0.571025495109149, 49.455092192898469 ], [ 0.570986311152578, 49.454553547765954 ], [ 0.570710888833709, 49.45456206201429 ], [ 0.570697828777869, 49.454382513566834 ], [ 0.570973250094588, 49.454373999372145 ], [ 0.570960189167031, 49.454194450970164 ], [ 0.571235609351182, 49.454185936174369 ], [ 0.571261733341011, 49.454545032862818 ], [ 0.571537155399003, 49.454536517304881 ], [ 0.571589408952673, 49.455254710369253 ], [ 0.571864834888885, 49.455246193941846 ], [ 0.571930159777398, 49.456143934820432 ], [ 0.57165472883012, 49.456152451516196 ], [ 0.57166779319701, 49.456331999721115 ], [ 0.571943225146528, 49.456323482971669 ], [ 0.571956290646139, 49.456503031114771 ], [ 0.57223172346743, 49.456494513656786 ], [ 0.572257856862629, 49.456853609811148 ], [ 0.571706987080498, 49.456870644286987 ] ] ] } },
{ "type": "Feature", "properties": { "surface_ha": 2.68 }, "geometry": { "type": "Polygon", "coordinates": [ [ [ 0.553644985244046, 49.45904727754175 ], [ 0.553579987677301, 49.458149519256054 ], [ 0.554406329955612, 49.458124095583109 ], [ 0.554393327824479, 49.45794454406181 ], [ 0.554668773988469, 49.457936068247768 ], [ 0.55465577098478, 49.457756516771752 ], [ 0.554931216016499, 49.457748040356222 ], [ 0.554905208393921, 49.457388937486648 ], [ 0.555180651290988, 49.457380460523083 ], [ 0.555141637824029, 49.456841806318018 ], [ 0.555967956714672, 49.456816371978881 ], [ 0.555941942372045, 49.456457269455434 ], [ 0.556492816973643, 49.456440310168723 ], [ 0.556479807992545, 49.456260759001701 ], [ 0.556755244096155, 49.456252278429503 ], [ 0.556742234242667, 49.456072727307777 ], [ 0.557017669214047, 49.456064246134176 ], [ 0.55700465848819, 49.455884695057769 ], [ 0.557280092327341, 49.455876213282757 ], [ 0.557254069260877, 49.455517111212444 ], [ 0.557529500965533, 49.455508628889525 ], [ 0.557516488624952, 49.455329077895641 ], [ 0.5577919191974, 49.455320594971312 ], [ 0.557765892901595, 49.454961493066044 ], [ 0.558041321339598, 49.454953009593815 ], [ 0.558028307384403, 49.454773458682439 ], [ 0.558303734690215, 49.454764974608871 ], [ 0.55827770516529, 49.454405872868648 ], [ 0.558553130336712, 49.454397388247187 ], [ 0.558566146036393, 49.454576939067934 ], [ 0.558841572080034, 49.454568453738183 ], [ 0.558867605873776, 49.454927555248197 ], [ 0.558592177825699, 49.454936040684885 ], [ 0.558618210134947, 49.455295142269343 ], [ 0.558342779952408, 49.45530362715818 ], [ 0.55835579529976, 49.455483177991653 ], [ 0.558080363984985, 49.455491662279137 ], [ 0.558093378460054, 49.455671213157927 ], [ 0.558368810777094, 49.455662728817011 ], [ 0.558394842121709, 49.456021830443305 ], [ 0.557843973348531, 49.456038798684226 ], [ 0.557830959615803, 49.455859247768196 ], [ 0.55755552603655, 49.455867730852894 ], [ 0.557568538766988, 49.456047281822379 ], [ 0.55729310405549, 49.456055764305709 ], [ 0.557306115913584, 49.456235315320527 ], [ 0.557030680069839, 49.45624379720244 ], [ 0.557043691055566, 49.456423348262568 ], [ 0.55676825407957, 49.456431829543064 ], [ 0.556781264192914, 49.456611380648525 ], [ 0.556505826084663, 49.456619861327646 ], [ 0.556518835325602, 49.456799412478404 ], [ 0.556243396085093, 49.456807892556078 ], [ 0.556256404453609, 49.456987443752141 ], [ 0.555980964080838, 49.456995923228405 ], [ 0.55599397157691, 49.457175474469771 ], [ 0.555718530071875, 49.457183953344561 ], [ 0.555744543448988, 49.457543055909838 ], [ 0.555469099809302, 49.457551534236607 ], [ 0.555482105690313, 49.457731085560475 ], [ 0.555206660918348, 49.457739563285813 ], [ 0.555219665926847, 49.457919114654963 ], [ 0.554944220022595, 49.457927591778805 ], [ 0.554957224158562, 49.458107143193274 ], [ 0.554681777122019, 49.458115619715649 ], [ 0.554707783778717, 49.45847472262701 ], [ 0.554432334607443, 49.4584831986013 ], [ 0.554445337128145, 49.458662750098192 ], [ 0.554169886824563, 49.458671225471001 ], [ 0.554182888472665, 49.458850777013204 ], [ 0.553907437036773, 49.458859251784517 ], [ 0.553920437812255, 49.459038803371968 ], [ 0.553644985244046, 49.45904727754175 ] ] ] } },
{ "type": "Feature", "properties": { "surface_ha": 1.4 }, "geometry": { "type": "Polygon", "coordinates": [ [ [ 0.529934041251734, 49.455635394262742 ], [ 0.529921129661286, 49.455455837910847 ], [ 0.529370250257518, 49.455472670395338 ], [ 0.529357340800775, 49.455293113929251 ], [ 0.529081901907876, 49.455301529136122 ], [ 0.529043177318272, 49.45476285953022 ], [ 0.529318613204089, 49.454754444482468 ], [ 0.529292795450901, 49.454395331477471 ], [ 0.529568229203126, 49.454386915880924 ], [ 0.52955531951759, 49.454207359419328 ], [ 0.530106184630615, 49.454190526367732 ], [ 0.530132008139905, 49.454549639070621 ], [ 0.530407442507643, 49.454541221456417 ], [ 0.530420355458044, 49.454720777742679 ], [ 0.530695790699158, 49.45471235942054 ], [ 0.530682876746424, 49.45453280318732 ], [ 0.530958310856236, 49.454524384263394 ], [ 0.530984140895347, 49.454883496615558 ], [ 0.530708704780862, 49.454891915645646 ], [ 0.530734533331184, 49.455251028071579 ], [ 0.530459095083015, 49.455259446552887 ], [ 0.530484922144484, 49.45561855905256 ], [ 0.529934041251734, 49.455635394262742 ] ] ] } },
{ "type": "Feature", "properties": { "surface_ha": 1.36 }, "geometry": { "type": "Polygon", "coordinates": [ [ [ 0.525974683716266, 49.454316710404875 ], [ 0.525923098383203, 49.453598481720711 ], [ 0.525372237422897, 49.45361529470226 ], [ 0.525346449538256, 49.453256180099714 ], [ 0.525621878078223, 49.453247774042339 ], [ 0.525634772958443, 49.453427331294662 ], [ 0.5261856316566, 49.453410517109369 ], [ 0.526172734771818, 49.453230959963008 ], [ 0.526448162925427, 49.453222551941067 ], [ 0.526435265167174, 49.453042994839599 ], [ 0.527812398991613, 49.453000945172157 ], [ 0.527838204659608, 49.453360058836942 ], [ 0.527562776147857, 49.453368470186156 ], [ 0.527549874251704, 49.453188913304807 ], [ 0.526999018846216, 49.453205733932649 ], [ 0.527037718907531, 49.453744404870498 ], [ 0.528690301618787, 49.453693934174517 ], [ 0.528703207910678, 49.453873490819518 ], [ 0.527601482609414, 49.453907140781681 ], [ 0.527614385020967, 49.454086697630657 ], [ 0.526512653648813, 49.454120337327019 ], [ 0.526486856973027, 49.453761223196913 ], [ 0.526211425812555, 49.453769631377831 ], [ 0.526250118012499, 49.454308302719831 ], [ 0.525974683716266, 49.454316710404875 ] ], [ [ 0.526461060812485, 49.45340210903445 ], [ 0.526736489839564, 49.453393700304659 ], [ 0.52672359095023, 49.453214143264269 ], [ 0.526448162925427, 49.453222551941067 ], [ 0.526461060812485, 49.45340210903445 ] ] ] } },
{ "type": "Feature", "properties": { "surface_ha": 1.28 }, "geometry": { "type": "Polygon", "coordinates": [ [ [ 0.535550150636175, 49.453124275191847 ], [ 0.535537219674868, 49.452944719849533 ], [ 0.536363490593303, 49.452919427025591 ], [ 0.53633762304486, 49.452560316635463 ], [ 0.536613044421621, 49.452551884490788 ], [ 0.536600109838954, 49.45237232933669 ], [ 0.536875530084357, 49.452363896590356 ], [ 0.53684965930219, 49.452004786364185 ], [ 0.537125077414078, 49.451996353069326 ], [ 0.537138013742737, 49.45217590813332 ], [ 0.537413432727601, 49.452167474130476 ], [ 0.53740049539678, 49.451987919119667 ], [ 0.537951330974588, 49.451971049255931 ], [ 0.537964270309727, 49.452150604160437 ], [ 0.538239688906968, 49.452142168193213 ], [ 0.538252629373492, 49.452321723036427 ], [ 0.538528048843674, 49.452313286361239 ], [ 0.5385409904416, 49.452492841143204 ], [ 0.538816410784714, 49.452484403760018 ], [ 0.538829353514066, 49.452663958480677 ], [ 0.537727667357459, 49.452697704297243 ], [ 0.537714728636851, 49.452518149363904 ], [ 0.537439307776835, 49.452526584127845 ], [ 0.537465183342873, 49.452885694092778 ], [ 0.536914337226456, 49.452902561868811 ], [ 0.536927273198854, 49.453082116945417 ], [ 0.535550150636175, 49.453124275191847 ] ] ] } },
{ "type": "Feature", "properties": { "surface_ha": 11.08 }, "geometry": { "type": "Polygon", "coordinates": [ [ [ 0.54533257567402, 49.454803911432322 ], [ 0.545319608211529, 49.454624358041393 ], [ 0.544768747289035, 49.454641263658921 ], [ 0.544755781960574, 49.454461710153332 ], [ 0.54448035230737, 49.454470161926572 ], [ 0.544467388110647, 49.454290608359564 ], [ 0.544191959330233, 49.454299059424699 ], [ 0.544204922524696, 49.454478613044941 ], [ 0.543929492612563, 49.454487063508495 ], [ 0.543942454934215, 49.454666617173892 ], [ 0.542840729982185, 49.454700412692574 ], [ 0.542827771669633, 49.454520858814199 ], [ 0.54227691042167, 49.454537752537952 ], [ 0.542225086483591, 49.453819536517365 ], [ 0.541949659674551, 49.453827982184066 ], [ 0.541923750486273, 49.453468874018604 ], [ 0.542199175290856, 49.453460428458392 ], [ 0.542173264615642, 49.453101320366954 ], [ 0.542448687286433, 49.453092874258374 ], [ 0.54242277512435, 49.452733766240954 ], [ 0.542698195661386, 49.452725319584012 ], [ 0.542685238772249, 49.452545765616357 ], [ 0.542960658177721, 49.452537318357862 ], [ 0.542921785280212, 49.451998656565934 ], [ 0.543748033700875, 49.451973311340829 ], [ 0.543773954849325, 49.452332418890748 ], [ 0.544600208117964, 49.452307067452985 ], [ 0.54461317189278, 49.452486621055996 ], [ 0.544888590392235, 49.45247816921389 ], [ 0.544862660967776, 49.452119062106291 ], [ 0.5440364110939, 49.452144415348648 ], [ 0.544023449582257, 49.451964861622876 ], [ 0.544298865334204, 49.451956411250137 ], [ 0.544272940694995, 49.451597303880796 ], [ 0.544823767802089, 49.451580401384007 ], [ 0.544810803672454, 49.451400847793678 ], [ 0.543433739944427, 49.451443098858505 ], [ 0.543420780954706, 49.451263544993751 ], [ 0.543971604830034, 49.451246646638658 ], [ 0.543958643965554, 49.451067092872321 ], [ 0.544234054706999, 49.451058642765879 ], [ 0.544221092969878, 49.450879089044683 ], [ 0.544496502579816, 49.450870638336724 ], [ 0.544522428187643, 49.451229745664492 ], [ 0.545899484316131, 49.451187481770539 ], [ 0.545886516437125, 49.451007928377081 ], [ 0.546161926272295, 49.450999473687304 ], [ 0.546148957520729, 49.450819920338986 ], [ 0.546699774798426, 49.450803009101691 ], [ 0.546712745554106, 49.450982562343391 ], [ 0.547538973505344, 49.450957190416872 ], [ 0.547564921417688, 49.451316296556136 ], [ 0.547289510226021, 49.451324754626356 ], [ 0.54731545665244, 49.451683860839729 ], [ 0.547040043327051, 49.451692318361793 ], [ 0.547053015732486, 49.451871871509603 ], [ 0.546226771972777, 49.451897240306977 ], [ 0.546239741501414, 49.452076793606558 ], [ 0.547065988267468, 49.452051424649291 ], [ 0.547117879702886, 49.45276963712687 ], [ 0.546842460235183, 49.45277809431397 ], [ 0.546881377165537, 49.453316753746769 ], [ 0.547156799639762, 49.45330829639979 ], [ 0.547169773211169, 49.453487849474534 ], [ 0.546894349734751, 49.453496306874797 ], [ 0.546907322433517, 49.453675859994725 ], [ 0.546631897825345, 49.453684316793485 ], [ 0.546670813692286, 49.454222976264383 ], [ 0.546119958073962, 49.454239888217195 ], [ 0.546132928284207, 49.45441944146453 ], [ 0.545857499278499, 49.45442789651198 ], [ 0.545883438083051, 49.454787003088818 ], [ 0.54533257567402, 49.454803911432322 ] ], [ [ 0.543090242914097, 49.45433285713677 ], [ 0.543365672212282, 49.454324408691008 ], [ 0.543352712154035, 49.4541448549029 ], [ 0.543077283858105, 49.454153303295406 ], [ 0.543090242914097, 49.45433285713677 ] ], [ [ 0.544467388110647, 49.454290608359564 ], [ 0.544742816761592, 49.454282156639607 ], [ 0.54472985169209, 49.454102603117775 ], [ 0.545005279211314, 49.454094150796251 ], [ 0.54497934745627, 49.453735043834783 ], [ 0.544428496297278, 49.453751947609923 ], [ 0.544467388110647, 49.454290608359564 ] ] ] } },
{ "type": "Feature", "properties": { "surface_ha": 4.12 }, "geometry": { "type": "Polygon", "coordinates": [ [ [ 0.569229338572952, 49.453168233480177 ], [ 0.569216284570806, 49.452988684699257 ], [ 0.568940870488616, 49.45299719453611 ], [ 0.568927817618898, 49.452817645693408 ], [ 0.568652404408431, 49.452826154821899 ], [ 0.568639352671121, 49.452646605917423 ], [ 0.568363940332378, 49.452655114337503 ], [ 0.568350889727457, 49.452475565371252 ], [ 0.568075478260444, 49.452484073082985 ], [ 0.568062428787888, 49.452304524054945 ], [ 0.567787018192606, 49.452313031058303 ], [ 0.567773969852399, 49.452133481968502 ], [ 0.567498560128853, 49.452141988263506 ], [ 0.567485512920976, 49.451962439111988 ], [ 0.567210104069169, 49.45197094469863 ], [ 0.567197057993597, 49.45179139548533 ], [ 0.566921650013534, 49.451799900363625 ], [ 0.566895560257231, 49.451440801805376 ], [ 0.566069341547535, 49.451466312190334 ], [ 0.566043258324227, 49.45110721327795 ], [ 0.565767853831166, 49.451115715322985 ], [ 0.565754813416835, 49.450936165800968 ], [ 0.565479409795534, 49.450944667137698 ], [ 0.565466370513392, 49.450765117553949 ], [ 0.564915564884118, 49.450782118156106 ], [ 0.564902527736107, 49.450602568457093 ], [ 0.56462712572815, 49.450611067722527 ], [ 0.56461408971228, 49.450431517961789 ], [ 0.564063287309764, 49.450448514421403 ], [ 0.56405025342796, 49.450268964545423 ], [ 0.563774853033416, 49.450277461739567 ], [ 0.563761820283708, 49.450097911801912 ], [ 0.56348642076096, 49.450106408287816 ], [ 0.563473389143326, 49.449926858288443 ], [ 0.563197990492381, 49.449935354066106 ], [ 0.563158899425983, 49.449396703858532 ], [ 0.563434295071187, 49.449388208241459 ], [ 0.563408233007052, 49.449029108169434 ], [ 0.563959019899531, 49.449012115185454 ], [ 0.563972052870301, 49.449191665118448 ], [ 0.56452284124597, 49.449174669408663 ], [ 0.564548911585509, 49.449533769035995 ], [ 0.564824307581886, 49.449525270091961 ], [ 0.564837343948808, 49.44970481983983 ], [ 0.565112740816913, 49.449696320187527 ], [ 0.565164891594103, 49.45041451888337 ], [ 0.565440292339729, 49.450406018362081 ], [ 0.565453331361458, 49.450585567962086 ], [ 0.56572873297883, 49.450577066732528 ], [ 0.565741773132723, 49.450756616270816 ], [ 0.566292577980724, 49.450739611740353 ], [ 0.56630562026877, 49.450919161163355 ], [ 0.566581023499386, 49.450910657862487 ], [ 0.566607110470155, 49.451269756576814 ], [ 0.567433325392324, 49.451244242424266 ], [ 0.567446372079059, 49.451423791608413 ], [ 0.567721777794552, 49.451415285527851 ], [ 0.567734825613571, 49.451594834650237 ], [ 0.568561044984235, 49.451569312319329 ], [ 0.56857409593956, 49.451748861272698 ], [ 0.568849503137812, 49.451740352465968 ], [ 0.568875607443478, 49.452099450241057 ], [ 0.56915101651542, 49.452090940672356 ], [ 0.569164069865791, 49.452270489494026 ], [ 0.569439479809414, 49.452261979216942 ], [ 0.569426425457015, 49.45208243044889 ], [ 0.56970183426825, 49.452073919570694 ], [ 0.569714889622674, 49.452253468285107 ], [ 0.569990299305564, 49.452244956698529 ], [ 0.570016412409605, 49.452604053995621 ], [ 0.569741000722636, 49.452612565689471 ], [ 0.569767112344101, 49.452971663061234 ], [ 0.569491698522639, 49.452980174207617 ], [ 0.56950475352686, 49.453159722934913 ], [ 0.569229338572952, 49.453168233480177 ] ], [ [ 0.564299584315342, 49.44990136702723 ], [ 0.564850380445907, 49.449884369579586 ], [ 0.564837343948808, 49.44970481983983 ], [ 0.564286549822075, 49.449721817180354 ], [ 0.564299584315342, 49.44990136702723 ] ] ] } },
{ "type": "Feature", "properties": { "surface_ha": 11.04 }, "geometry": { "type": "Polygon", "coordinates": [ [ [ 0.503433563872319, 49.459501301235683 ], [ 0.503407930946219, 49.459142178545051 ], [ 0.503132462806306, 49.459150532428652 ], [ 0.503106832397625, 49.458791409600487 ], [ 0.5028313661351, 49.458799762723764 ], [ 0.502805738243744, 49.458440639758024 ], [ 0.503081202500919, 49.458432286740049 ], [ 0.503055573116177, 49.458073163847388 ], [ 0.503606497235933, 49.458056456057001 ], [ 0.503580864352614, 49.457697333342715 ], [ 0.503305404361998, 49.457705687460113 ], [ 0.503254144141804, 49.456987441724209 ], [ 0.503529600122014, 49.45697908781743 ], [ 0.503516784384363, 49.456799526415971 ], [ 0.503792239234001, 49.456791171906865 ], [ 0.503766606137565, 49.456432049185068 ], [ 0.50404205885408, 49.4564236941263 ], [ 0.504003607161841, 49.45588501014111 ], [ 0.504279056742748, 49.455876654585389 ], [ 0.504253420916282, 49.455517531993607 ], [ 0.504528868364162, 49.45550917588826 ], [ 0.504503231044783, 49.455150053369564 ], [ 0.504778676359669, 49.455141696714612 ], [ 0.504727399247338, 49.454423451791214 ], [ 0.504451957942267, 49.454431808235483 ], [ 0.504439139986677, 49.454252246931794 ], [ 0.503337377496076, 49.454285665949044 ], [ 0.503298936426338, 49.453746981357739 ], [ 0.503849811913133, 49.453730273474896 ], [ 0.503836996474369, 49.453550712033667 ], [ 0.504112433023399, 49.453542357162519 ], [ 0.504099616710237, 49.453362795765862 ], [ 0.503824181163591, 49.453371150584346 ], [ 0.503811365980795, 49.453191589126988 ], [ 0.504086800525071, 49.453183234361177 ], [ 0.504061168538715, 49.452824111527576 ], [ 0.503510303331617, 49.4528408201937 ], [ 0.503484675866574, 49.452481697117214 ], [ 0.502933814156964, 49.452498402953196 ], [ 0.502921002621047, 49.45231884129759 ], [ 0.503471862326001, 49.45230213556691 ], [ 0.503433422472071, 49.451763450867588 ], [ 0.503708849125694, 49.451755097177866 ], [ 0.503696035094685, 49.451575535647983 ], [ 0.504246886013449, 49.451558826409283 ], [ 0.504259702049019, 49.451738387833899 ], [ 0.504535128318703, 49.45173003217959 ], [ 0.504547945484552, 49.451909593543462 ], [ 0.505098799644485, 49.451892880164962 ], [ 0.505073161431657, 49.451533757639837 ], [ 0.505348586315038, 49.451525400073656 ], [ 0.505297307416582, 49.450807155137333 ], [ 0.505572728162943, 49.450798797127021 ], [ 0.505559907756161, 49.450619235925451 ], [ 0.50583532737227, 49.450610877312968 ], [ 0.505848148781271, 49.45079043846183 ], [ 0.506398989633794, 49.450773719166961 ], [ 0.506411813175295, 49.450953280202391 ], [ 0.506687234411698, 49.450944919520005 ], [ 0.506700059083497, 49.451124480494691 ], [ 0.505873791983399, 49.451149560735381 ], [ 0.505899435697705, 49.451508682976666 ], [ 0.505624011070389, 49.45151704185259 ], [ 0.505636832117341, 49.451696603013836 ], [ 0.505361406359716, 49.451704961287547 ], [ 0.505374226532426, 49.451884522493408 ], [ 0.505925079924202, 49.451867805185714 ], [ 0.505950724662901, 49.452226927362517 ], [ 0.506226153171306, 49.452218567621003 ], [ 0.506251800426854, 49.452577689660167 ], [ 0.505976369913819, 49.45258604950704 ], [ 0.505963547224332, 49.452406488438832 ], [ 0.505412687818746, 49.452423206062598 ], [ 0.505387046833166, 49.452064083691205 ], [ 0.504560762778404, 49.452089154899262 ], [ 0.504599215427982, 49.452627838918332 ], [ 0.50432378414675, 49.452636194835947 ], [ 0.504349417881819, 49.452995317580353 ], [ 0.504624851167737, 49.4529869615574 ], [ 0.504637669229631, 49.453166522864841 ], [ 0.504913103389897, 49.453158166134351 ], [ 0.504925922582171, 49.453337727381033 ], [ 0.505476792523355, 49.453321011850008 ], [ 0.505489613848404, 49.453500572983295 ], [ 0.505765049629307, 49.453492214182731 ], [ 0.505777872084784, 49.453671775255295 ], [ 0.506604181666254, 49.453646694766157 ], [ 0.506617007256957, 49.453826255672574 ], [ 0.506892444530338, 49.453817894147043 ], [ 0.506905271251523, 49.453997454992681 ], [ 0.507456147418765, 49.453980729871461 ], [ 0.507494634365415, 49.454519412043751 ], [ 0.506943752183695, 49.454536137481185 ], [ 0.506956579417295, 49.454715698294578 ], [ 0.506681137131836, 49.454724060083635 ], [ 0.506693963491098, 49.454903620941678 ], [ 0.506418520075093, 49.454911982128507 ], [ 0.506431345559996, 49.455091543031138 ], [ 0.506155901013443, 49.455099903615718 ], [ 0.506181550362576, 49.455459025502236 ], [ 0.505906103682994, 49.455467385537261 ], [ 0.50595739990826, 49.45618562942429 ], [ 0.505681949090574, 49.456193989015141 ], [ 0.505707595966612, 49.456553111015637 ], [ 0.505432143015778, 49.456561470056897 ], [ 0.505457788398996, 49.456920592130508 ], [ 0.505182333314979, 49.456928950622157 ], [ 0.505207977205305, 49.457288072768918 ], [ 0.504932519988066, 49.457296430710919 ], [ 0.504945341122722, 49.457475991824893 ], [ 0.504669882774836, 49.457484349164581 ], [ 0.504695523423084, 49.457843471473673 ], [ 0.504144602332729, 49.457860184398797 ], [ 0.504157420843659, 49.458039745646573 ], [ 0.503881959103806, 49.458048101179294 ], [ 0.503907594504454, 49.458407223756019 ], [ 0.504183058249604, 49.458398868117975 ], [ 0.504221515318756, 49.458937551764578 ], [ 0.503946048565588, 49.458945907560626 ], [ 0.503958866842016, 49.459125468812708 ], [ 0.503683398958128, 49.459133824006379 ], [ 0.503709033889646, 49.459492946591723 ], [ 0.503433563872319, 49.459501301235683 ] ] ] } },
{ "type": "Feature", "properties": { "surface_ha": 1.88 }, "geometry": { "type": "Polygon", "coordinates": [ [ [ 0.541833072402366, 49.452211995184037 ], [ 0.541820118907825, 49.452032441032351 ], [ 0.541269284945453, 49.452049329336795 ], [ 0.541256333584541, 49.451869775070577 ], [ 0.541531749628263, 49.451861331298964 ], [ 0.541479941469499, 49.451143114365784 ], [ 0.541755353375435, 49.45113467015225 ], [ 0.541703543277802, 49.450416453302125 ], [ 0.541978951046113, 49.450408008646725 ], [ 0.541965997843018, 49.450228454467137 ], [ 0.541415184181143, 49.450245343016725 ], [ 0.54138928217112, 49.449886234420362 ], [ 0.541113877150247, 49.449894677606601 ], [ 0.541100927341244, 49.449715123243017 ], [ 0.540825523193073, 49.449723565721335 ], [ 0.540812574515394, 49.449544011296418 ], [ 0.541087977661557, 49.449535568871319 ], [ 0.541075028111182, 49.449356014491535 ], [ 0.541350430126032, 49.449347571464912 ], [ 0.541363380678405, 49.449527125791498 ], [ 0.541914186324121, 49.449510237667631 ], [ 0.541901233767759, 49.449330683447485 ], [ 0.542176635394617, 49.449322238456674 ], [ 0.542215496457742, 49.449860900933146 ], [ 0.541940091824877, 49.449869346083617 ], [ 0.541953044769274, 49.450048900279427 ], [ 0.54222845040416, 49.450040455075722 ], [ 0.542267313019573, 49.450579117454829 ], [ 0.541991904378559, 49.450587562818221 ], [ 0.54200485784036, 49.450767116981567 ], [ 0.542280267483435, 49.450758671564955 ], [ 0.542319131651214, 49.451297333846689 ], [ 0.542594544171166, 49.45128888761564 ], [ 0.542607500154598, 49.451468441640081 ], [ 0.542882913547269, 49.451459994700997 ], [ 0.542895870662189, 49.451639548664097 ], [ 0.543171284927575, 49.451631101017 ], [ 0.543184243174007, 49.451810654918745 ], [ 0.542633412509604, 49.45182754966465 ], [ 0.542646368881184, 49.452007103664727 ], [ 0.542370952352772, 49.452015550108719 ], [ 0.542383907851597, 49.452195104153958 ], [ 0.541833072402366, 49.452211995184037 ] ], [ [ 0.54180716554264, 49.451852886872565 ], [ 0.542082581327663, 49.45184444179138 ], [ 0.54206962708971, 49.451664887676685 ], [ 0.541794212306811, 49.451673332704651 ], [ 0.54180716554264, 49.451852886872565 ] ], [ [ 0.541664687062667, 49.449877790579357 ], [ 0.541940091824877, 49.449869346083617 ], [ 0.541927139009828, 49.449689791879678 ], [ 0.541651735249631, 49.449698236322199 ], [ 0.541664687062667, 49.449877790579357 ] ] ] } },
{ "type": "Feature", "properties": { "surface_ha": 21.08 }, "geometry": { "type": "Polygon", "coordinates": [ [ [ 0.577438751309283, 49.455973463391878 ], [ 0.577425666026324, 49.455793916306831 ], [ 0.5771502386927, 49.455802446045283 ], [ 0.577137154542609, 49.455622898898319 ], [ 0.57686172808051, 49.455631427928203 ], [ 0.576848645063262, 49.455451880719316 ], [ 0.576573219472694, 49.455460409040647 ], [ 0.576560137588269, 49.455280861769864 ], [ 0.576284712869234, 49.455289389382642 ], [ 0.576271632117617, 49.45510984204995 ], [ 0.575996208270115, 49.455118368954217 ], [ 0.575983128651282, 49.454938821559615 ], [ 0.57543228256875, 49.454955873296221 ], [ 0.575419205084833, 49.454776325786021 ], [ 0.575143782849817, 49.454784850618395 ], [ 0.575130706498637, 49.4546053030463 ], [ 0.574855285135179, 49.454613827170185 ], [ 0.574842209916715, 49.454434279536194 ], [ 0.574566789424818, 49.454442802951569 ], [ 0.574553715339054, 49.454263255255704 ], [ 0.574278295718718, 49.454271777962603 ], [ 0.574265222765631, 49.45409223020485 ], [ 0.573989804016864, 49.454100752203239 ], [ 0.573976732196433, 49.453921204383647 ], [ 0.573701314319238, 49.453929725673568 ], [ 0.573688243631445, 49.453750177792109 ], [ 0.573137409489687, 49.453767218300221 ], [ 0.573111272514028, 49.453408122298008 ], [ 0.573386687645989, 49.453399602478719 ], [ 0.573360549188204, 49.453040506551304 ], [ 0.573635962185517, 49.453031986184669 ], [ 0.573622892150338, 49.452852438262397 ], [ 0.573898304015081, 49.4528439172947 ], [ 0.573885233108378, 49.452664369417988 ], [ 0.574160643840556, 49.452655847849236 ], [ 0.574147572062351, 49.452476300018049 ], [ 0.574698391131038, 49.452459255023797 ], [ 0.574711464913296, 49.452638802747522 ], [ 0.574986875253836, 49.452630279214546 ], [ 0.574999950168684, 49.45280982687644 ], [ 0.575275361380691, 49.45280130263501 ], [ 0.575223058496621, 49.452083112153446 ], [ 0.574947651292681, 49.452091636180008 ], [ 0.574960725815837, 49.452271183866358 ], [ 0.574685317479335, 49.452279707291893 ], [ 0.574659170567581, 49.451920611803601 ], [ 0.574108357510933, 49.4519376564756 ], [ 0.574095286254853, 49.451758108611827 ], [ 0.57381988053272, 49.451766629912036 ], [ 0.573806810409147, 49.451587081986375 ], [ 0.573531405558476, 49.451595602578166 ], [ 0.573518336567391, 49.451416054590638 ], [ 0.573242932588187, 49.451424574474039 ], [ 0.573229864729568, 49.451245026424658 ], [ 0.572954461621833, 49.451253545599634 ], [ 0.57294139489566, 49.451073997488407 ], [ 0.572665992659399, 49.451082515954973 ], [ 0.572639861602376, 49.450723419600699 ], [ 0.572915261834754, 49.45071490124149 ], [ 0.572902195500018, 49.450535353105799 ], [ 0.572626796269566, 49.450543871411327 ], [ 0.572600665995343, 49.450184775008097 ], [ 0.572325268638249, 49.45019329255156 ], [ 0.572364461239531, 49.450731937305228 ], [ 0.571813660122476, 49.450748970750112 ], [ 0.571800597795454, 49.45056942239971 ], [ 0.571525198043198, 49.45057793808644 ], [ 0.571512136848535, 49.45039838967422 ], [ 0.571236737967778, 49.450406904652581 ], [ 0.571223677905456, 49.450227356178544 ], [ 0.57067288175654, 49.450244384063872 ], [ 0.570659823828444, 49.450064835474343 ], [ 0.570935220966195, 49.450056321912676 ], [ 0.570922162166592, 49.449876773368672 ], [ 0.571472954047087, 49.449859744388611 ], [ 0.571446832831556, 49.449500647490744 ], [ 0.571722226572423, 49.449492132126025 ], [ 0.57170916515842, 49.449312583718523 ], [ 0.571984557767, 49.449304067752784 ], [ 0.571971495481569, 49.449124519390807 ], [ 0.572246886957865, 49.449116002824077 ], [ 0.572259950245148, 49.44929555113238 ], [ 0.572535342592849, 49.449287033857303 ], [ 0.572548407012433, 49.449466582103788 ], [ 0.572823800231537, 49.449458064120343 ], [ 0.572836865783444, 49.44963761230499 ], [ 0.573112259873948, 49.44962909361319 ], [ 0.573125326558196, 49.449808641735977 ], [ 0.573400721520095, 49.449800122335837 ], [ 0.573413789336705, 49.449979670396779 ], [ 0.573964580872788, 49.449962629525039 ], [ 0.57397765082367, 49.45014217747044 ], [ 0.574253047397839, 49.450133655998833 ], [ 0.574266118481129, 49.450313203882381 ], [ 0.574541515926672, 49.450304681702406 ], [ 0.574554588142394, 49.450484229524058 ], [ 0.574829986459306, 49.450475706635672 ], [ 0.574843059807477, 49.450655254395457 ], [ 0.575118458995757, 49.45064673079866 ], [ 0.575131533476398, 49.450826278496571 ], [ 0.575406933536041, 49.450817754191355 ], [ 0.575420009149171, 49.450997301827378 ], [ 0.576246211550434, 49.450971724822367 ], [ 0.576233132931521, 49.450792177347559 ], [ 0.576508532468831, 49.450783650423546 ], [ 0.576482373618981, 49.450424555556857 ], [ 0.576206976085491, 49.45043308237338 ], [ 0.576193897858368, 49.450253534874044 ], [ 0.575918501196178, 49.450262060982162 ], [ 0.575905424101535, 49.450082513420945 ], [ 0.575630028310649, 49.450091038820645 ], [ 0.575616952348466, 49.449911491197533 ], [ 0.575341557428887, 49.4499200158888 ], [ 0.575328482599144, 49.449740468203821 ], [ 0.575053088550877, 49.449748992186706 ], [ 0.575040014853553, 49.449569444439838 ], [ 0.574764621676599, 49.449577967714319 ], [ 0.574738476677288, 49.449218872088672 ], [ 0.574187693939181, 49.449235916458832 ], [ 0.574174623638998, 49.44905636852635 ], [ 0.573899233076006, 49.449064889675725 ], [ 0.573873094870819, 49.448705793678869 ], [ 0.573046928409833, 49.448731352876891 ], [ 0.573020796737482, 49.448372256525253 ], [ 0.573296183684676, 49.448363737554622 ], [ 0.573283117042406, 49.448184189420246 ], [ 0.573833888541776, 49.448167149622428 ], [ 0.573846957187628, 49.448346697649399 ], [ 0.574122343743367, 49.44833817671482 ], [ 0.574135413521512, 49.448517724679945 ], [ 0.57441080094854, 49.44850920303702 ], [ 0.574423871859, 49.448688750940292 ], [ 0.574699260157317, 49.448680228588991 ], [ 0.57471233220011, 49.448859776430382 ], [ 0.574987721369711, 49.448851253370755 ], [ 0.575000794544858, 49.449030801150258 ], [ 0.57527618458574, 49.449022277382248 ], [ 0.575289258893259, 49.449201825099877 ], [ 0.57556464980542, 49.449193300623492 ], [ 0.575577725245331, 49.449372848279253 ], [ 0.575853117028765, 49.449364323094457 ], [ 0.575866193601092, 49.449543870688338 ], [ 0.576141586255798, 49.449535344795137 ], [ 0.576154663960556, 49.449714892327123 ], [ 0.57643005748653, 49.44970636572554 ], [ 0.576443136323741, 49.449885913195622 ], [ 0.576993924987608, 49.449868857920976 ], [ 0.577020087061339, 49.450227952621645 ], [ 0.577295483201095, 49.450219423894829 ], [ 0.577321647801109, 49.450578518455352 ], [ 0.578147841447884, 49.45055292802423 ], [ 0.578160926949561, 49.450732475130991 ], [ 0.578436325572404, 49.450723943624148 ], [ 0.57844941220666, 49.450903490668949 ], [ 0.578724811700734, 49.450894958453631 ], [ 0.578737899467592, 49.451074505436523 ], [ 0.579013299832894, 49.451065972512751 ], [ 0.579026388732374, 49.451245519433698 ], [ 0.578750987365143, 49.451254052411251 ], [ 0.578790251841957, 49.451792693286393 ], [ 0.57851484733818, 49.451801225770545 ], [ 0.578580285736907, 49.452698960668037 ], [ 0.578304876092483, 49.452707492766343 ], [ 0.578357225155846, 49.453425680752424 ], [ 0.578081811372584, 49.453434212411082 ], [ 0.578160332875937, 49.454511494467887 ], [ 0.578435752671729, 49.454502962486636 ], [ 0.578461929555965, 49.454862056332686 ], [ 0.578186507755918, 49.454870588421493 ], [ 0.578199595391954, 49.455050135386053 ], [ 0.578475018194144, 49.455041603243494 ], [ 0.578488106963031, 49.455221150146109 ], [ 0.578212683158689, 49.455229682342463 ], [ 0.5782519472431, 49.455768323162665 ], [ 0.577976520301533, 49.455776854865526 ], [ 0.577989607588885, 49.455956401843061 ], [ 0.577438751309283, 49.455973463391878 ] ], [ [ 0.576547055834488, 49.455101314490939 ], [ 0.576822479420721, 49.455092786277099 ], [ 0.576809396795424, 49.454913239043748 ], [ 0.576533974211346, 49.454921767203821 ], [ 0.576547055834488, 49.455101314490939 ] ], [ [ 0.57464609730753, 49.451741064047212 ], [ 0.574921502638052, 49.451732540782821 ], [ 0.57489535450565, 49.451373445353013 ], [ 0.574344547721938, 49.451390491012219 ], [ 0.574357619718932, 49.451570038838618 ], [ 0.574633024178024, 49.451561516282652 ], [ 0.57464609730753, 49.451741064047212 ] ], [ [ 0.571774473532718, 49.450210325674441 ], [ 0.572049871150705, 49.450201809440358 ], [ 0.572036808213086, 49.450022261119145 ], [ 0.571761411597, 49.45003077729956 ], [ 0.571774473532718, 49.450210325674441 ] ] ] } },
{ "type": "Feature", "properties": { "surface_ha": 8.12 }, "geometry": { "type": "Polygon", "coordinates": [ [ [ 0.549006872532991, 49.452171760256661 ], [ 0.548993892853643, 49.451992207498279 ], [ 0.548443063619815, 49.452009129958192 ], [ 0.548417108658361, 49.451650024203815 ], [ 0.547866282914549, 49.451666943831327 ], [ 0.54781438256332, 49.450948731798505 ], [ 0.548365200290563, 49.450931812597517 ], [ 0.548378177188129, 49.451111365511274 ], [ 0.54892899640113, 49.451094443584623 ], [ 0.54894197543241, 49.451273996383613 ], [ 0.549217385846561, 49.451265534384802 ], [ 0.549230366009521, 49.451445087122337 ], [ 0.549781188453094, 49.451428161053776 ], [ 0.54980715317621, 49.451787266291113 ], [ 0.550082566207697, 49.451778802168008 ], [ 0.550043616311262, 49.451240144459838 ], [ 0.550594435972826, 49.451223214569417 ], [ 0.550581450929213, 49.451043662090484 ], [ 0.550856859563443, 49.451035196216495 ], [ 0.550843873647455, 49.450855643782781 ], [ 0.550568466015264, 49.450864109603415 ], [ 0.550555481230984, 49.450684557108247 ], [ 0.550280074471156, 49.45069302222079 ], [ 0.550267090818563, 49.450513469664131 ], [ 0.550542496576368, 49.450505004604921 ], [ 0.550529512051415, 49.450325452093487 ], [ 0.550254107295623, 49.450333917099336 ], [ 0.550241123902335, 49.450154364526419 ], [ 0.550516527656124, 49.450145899573918 ], [ 0.550503543390492, 49.449966347046235 ], [ 0.549677334746165, 49.449991739779492 ], [ 0.549664353616142, 49.44981218708363 ], [ 0.549388951477417, 49.449820649965254 ], [ 0.549375971478999, 49.449641097207966 ], [ 0.548549767291104, 49.44966648176446 ], [ 0.548536790428214, 49.449486928839043 ], [ 0.549087591345804, 49.449470006562755 ], [ 0.549074612608575, 49.449290453735877 ], [ 0.549350011871009, 49.449281991668975 ], [ 0.549324052781467, 49.448922886097499 ], [ 0.549599449910406, 49.448914423482542 ], [ 0.549586469558119, 49.448734870737937 ], [ 0.550137261423281, 49.448717943650628 ], [ 0.550150243779418, 49.448897496288545 ], [ 0.55042564051947, 49.448889031709477 ], [ 0.550399673932999, 49.448529926532224 ], [ 0.55177664566922, 49.448487594349949 ], [ 0.551763657560965, 49.448308042015924 ], [ 0.552039050517271, 49.448299573668756 ], [ 0.552052039627421, 49.448479125949419 ], [ 0.552327433455916, 49.448470656894202 ], [ 0.552340423697668, 49.448650209113346 ], [ 0.552891212969304, 49.448633268932063 ], [ 0.55290420534459, 49.448812821036327 ], [ 0.552628809771728, 49.448821291507699 ], [ 0.552641801274835, 49.449000843657217 ], [ 0.552366404570326, 49.449009313527284 ], [ 0.552392385961863, 49.449368417908708 ], [ 0.552667784670239, 49.449359947931889 ], [ 0.552719753017854, 49.450078156383661 ], [ 0.552995155604348, 49.450069685538587 ], [ 0.553008149017583, 49.450249237577815 ], [ 0.552732745429104, 49.450257708476272 ], [ 0.552758730640826, 49.450616812637108 ], [ 0.552483324918596, 49.450625282987609 ], [ 0.552509308645249, 49.450984387222718 ], [ 0.552233900789235, 49.450992857025227 ], [ 0.552259883030748, 49.451351961334574 ], [ 0.551709062921356, 49.451368899188857 ], [ 0.551722052232585, 49.451548451438072 ], [ 0.551446640981251, 49.45155691943642 ], [ 0.551459629420116, 49.451736471730904 ], [ 0.551184217037, 49.451744939127856 ], [ 0.551197204603486, 49.451924491467572 ], [ 0.550646377444004, 49.451941424403891 ], [ 0.550659363135988, 49.45212097684221 ], [ 0.549006872532991, 49.452171760256661 ] ], [ [ 0.551080321174005, 49.450308520117595 ], [ 0.551355725540783, 49.450300053147537 ], [ 0.551342738139496, 49.45012050078806 ], [ 0.551067334774714, 49.45012896770475 ], [ 0.551080321174005, 49.450308520117595 ] ] ] } },
{ "type": "Feature", "properties": { "surface_ha": 2.6 }, "geometry": { "type": "Polygon", "coordinates": [ [ [ 0.534280409949169, 49.450823767157594 ], [ 0.534267484674865, 49.450644211497455 ], [ 0.53399207328875, 49.450652637819381 ], [ 0.53397914914561, 49.450473082098036 ], [ 0.533703738632525, 49.450481507712077 ], [ 0.533690815620527, 49.450301951929561 ], [ 0.533966225131528, 49.45029352636859 ], [ 0.533940377490545, 49.449934414885398 ], [ 0.534215784868357, 49.449925988775888 ], [ 0.534202860239399, 49.449746433075241 ], [ 0.534478266486095, 49.449738006364093 ], [ 0.534465340984161, 49.449558450708409 ], [ 0.534189935739504, 49.449566877366493 ], [ 0.534177011368675, 49.449387321649617 ], [ 0.534452415611303, 49.449378895044696 ], [ 0.534426565252797, 49.449019783692883 ], [ 0.534701967362326, 49.449011356539437 ], [ 0.534689041374677, 49.448831800904472 ], [ 0.534964442353133, 49.448823373149402 ], [ 0.535003223709333, 49.449362039870579 ], [ 0.534727819724858, 49.449370467785009 ], [ 0.53476659923677, 49.449909134592595 ], [ 0.535042006227353, 49.449900706518811 ], [ 0.535016151086246, 49.449541595428094 ], [ 0.535291555943655, 49.449533166805786 ], [ 0.53522691533996, 49.448635389202749 ], [ 0.534951515492576, 49.448643817559457 ], [ 0.5349385887611, 49.448464261961419 ], [ 0.535489386322831, 49.448447404699557 ], [ 0.535515243922778, 49.448806515675017 ], [ 0.536066044975999, 49.44878965558172 ], [ 0.536053114107513, 49.448610100204284 ], [ 0.536328513438461, 49.44860166922868 ], [ 0.536393174082159, 49.449499445769099 ], [ 0.536117769741222, 49.449507877010397 ], [ 0.536130701255355, 49.449687432347304 ], [ 0.53640610659832, 49.449679001052885 ], [ 0.536419039243624, 49.449858556328522 ], [ 0.535868226424483, 49.449875418368912 ], [ 0.535894088094317, 49.450234529108457 ], [ 0.535618679486941, 49.45024295925279 ], [ 0.535631609513481, 49.450422514663536 ], [ 0.535356199774914, 49.450430944206218 ], [ 0.535382058211184, 49.45079005510965 ], [ 0.535106646339326, 49.4507984841038 ], [ 0.535080789907234, 49.450439373094127 ], [ 0.534805379910455, 49.450447801327265 ], [ 0.534831234338366, 49.450806912443191 ], [ 0.534280409949169, 49.450823767157594 ] ], [ [ 0.534254559529633, 49.450464655829215 ], [ 0.534529969784586, 49.45045622890563 ], [ 0.534517043766345, 49.450276673282396 ], [ 0.534241634513471, 49.45028510015289 ], [ 0.534254559529633, 49.450464655829215 ] ], [ [ 0.535592819821219, 49.449883848406984 ], [ 0.535868226424483, 49.449875418368912 ], [ 0.535855295783255, 49.449695862986978 ], [ 0.535579890182032, 49.449704292971923 ], [ 0.535592819821219, 49.449883848406984 ] ] ] } },
{ "type": "Feature", "properties": { "surface_ha": 2.12 }, "geometry": { "type": "Polygon", "coordinates": [ [ [ 0.532236260829543, 49.449266733454628 ], [ 0.532223343730946, 49.449087177349931 ], [ 0.531397133531674, 49.449112439168026 ], [ 0.531384219568107, 49.448932882896017 ], [ 0.531108816912438, 49.448941302139502 ], [ 0.531070078801467, 49.448402633115705 ], [ 0.530794679022849, 49.448411051545285 ], [ 0.53078176757906, 49.44823149513477 ], [ 0.531332565003395, 49.448214657727021 ], [ 0.531319651684597, 49.44803510141449 ], [ 0.532145843848059, 49.448009840551656 ], [ 0.532132927652344, 49.447830284390243 ], [ 0.532959115649151, 49.447805017794138 ], [ 0.532972034850715, 49.447984573796298 ], [ 0.533247431593598, 49.447976150235085 ], [ 0.533260351926125, 49.448155706176038 ], [ 0.533535749541944, 49.448147281907012 ], [ 0.533548671005456, 49.44832683778678 ], [ 0.53382406949421, 49.448318412809911 ], [ 0.533836992088726, 49.448497968628494 ], [ 0.533286192978244, 49.448514818033672 ], [ 0.533299113697835, 49.448694373950325 ], [ 0.533023712947068, 49.448702797723918 ], [ 0.533049552769324, 49.449061909639099 ], [ 0.532774149885537, 49.449070332864117 ], [ 0.532787068988174, 49.449249888862646 ], [ 0.532236260829543, 49.449266733454628 ] ] ] } },
{ "type": "Feature", "properties": { "surface_ha": 10.56 }, "geometry": { "type": "Polygon", "coordinates": [ [ [ 0.530674214473402, 49.450574146251341 ], [ 0.530648390624378, 49.450215033510446 ], [ 0.530372980567528, 49.450223451161044 ], [ 0.530360069838508, 49.450043894725383 ], [ 0.530084660654817, 49.450052311668166 ], [ 0.530097570381752, 49.450231868156877 ], [ 0.528720517519287, 49.450273943314329 ], [ 0.528733422364648, 49.450453500060114 ], [ 0.526805535930221, 49.450512378150897 ], [ 0.526792638099624, 49.450332821034046 ], [ 0.526517226238682, 49.450341229517726 ], [ 0.526504329538989, 49.450161672339782 ], [ 0.526228918551365, 49.450170080115676 ], [ 0.526216022982557, 49.449990522876668 ], [ 0.525940612868255, 49.44999892994479 ], [ 0.525927718430312, 49.44981937264469 ], [ 0.525652309189333, 49.449827779005076 ], [ 0.525639415882237, 49.449648221643905 ], [ 0.525088599018192, 49.449665032294384 ], [ 0.525062816798527, 49.449305917335884 ], [ 0.524787410177545, 49.449314321573027 ], [ 0.524774520262863, 49.449134764028663 ], [ 0.524499114515217, 49.449143167558077 ], [ 0.524486225731301, 49.448963609952663 ], [ 0.523935415853996, 49.448980414941282 ], [ 0.523922529202865, 49.448800857221883 ], [ 0.524197933203826, 49.448792455107892 ], [ 0.52418504567935, 49.448612897433343 ], [ 0.524460448549586, 49.448604494717564 ], [ 0.524434671882684, 49.448245379450135 ], [ 0.52471007262019, 49.448236976185541 ], [ 0.524671405579115, 49.447698303382573 ], [ 0.526874582797261, 49.447631054966635 ], [ 0.526887479698009, 49.447810612151876 ], [ 0.527438274718826, 49.447793793394673 ], [ 0.527451173752304, 49.447973350465801 ], [ 0.527726572071479, 49.44796494005211 ], [ 0.527765272950738, 49.448503611057994 ], [ 0.528040674147059, 49.448495199830496 ], [ 0.528014871428083, 49.448136085940718 ], [ 0.528290270491589, 49.448127674164546 ], [ 0.528303172788648, 49.44830723106049 ], [ 0.5285785727253, 49.448298818576539 ], [ 0.528591476153194, 49.448478375411348 ], [ 0.529142277643919, 49.448461548373238 ], [ 0.529180994712796, 49.449000218510996 ], [ 0.529456398270884, 49.448991803850724 ], [ 0.529443491450365, 49.448812247199278 ], [ 0.529718893877547, 49.448803831937319 ], [ 0.529731801700085, 49.448983388535744 ], [ 0.530558011214267, 49.448958138662221 ], [ 0.530570922171774, 49.44913769509342 ], [ 0.53084632608735, 49.449129277106358 ], [ 0.530859238175817, 49.449308833476387 ], [ 0.531134642964482, 49.44930041478154 ], [ 0.531147556183928, 49.449479971090405 ], [ 0.531422961845682, 49.449471551687743 ], [ 0.531448790675535, 49.449830664175082 ], [ 0.531724198212428, 49.4498222440115 ], [ 0.531750029562284, 49.450181356360304 ], [ 0.531474620021251, 49.450189776629998 ], [ 0.53148753488756, 49.450369332845312 ], [ 0.53121212421547, 49.450377752513305 ], [ 0.531225038208652, 49.450557308773575 ], [ 0.530674214473402, 49.450574146251341 ] ], [ [ 0.530347159238414, 49.44986433828165 ], [ 0.530622567291107, 49.449855920737157 ], [ 0.530609655817874, 49.449676364338373 ], [ 0.530334248767244, 49.449684781829816 ], [ 0.530347159238414, 49.44986433828165 ] ], [ [ 0.530596744473578, 49.449496807931489 ], [ 0.530872150393223, 49.449488389838336 ], [ 0.530859238175817, 49.449308833476387 ], [ 0.53058383325821, 49.449317251516497 ], [ 0.530596744473578, 49.449496807931489 ] ] ] } },
{ "type": "Feature", "properties": { "surface_ha": 5.92 }, "geometry": { "type": "Polygon", "coordinates": [ [ [ 0.513234734778911, 49.457584086104539 ], [ 0.513221883310372, 49.457404526588896 ], [ 0.512946427805832, 49.457412903630861 ], [ 0.512907877177972, 49.45687422487709 ], [ 0.513183329674867, 49.456865847993541 ], [ 0.513157627892938, 49.456506728889607 ], [ 0.513433078256444, 49.456498351456659 ], [ 0.513407374982887, 49.456139232426018 ], [ 0.513682823213036, 49.456130854443749 ], [ 0.513644266257908, 49.455592175995648 ], [ 0.513919711352272, 49.455583797516866 ], [ 0.513906858288156, 49.455404238070798 ], [ 0.514182302251703, 49.455395858989881 ], [ 0.514156594503687, 49.45503674017921 ], [ 0.514432036333988, 49.45502836054898 ], [ 0.514406327094628, 49.454669241811644 ], [ 0.514681766791718, 49.454660861632149 ], [ 0.514656056061079, 49.454301742968113 ], [ 0.514931493624995, 49.454293362239362 ], [ 0.514905781403151, 49.453934243648696 ], [ 0.515181216833931, 49.453925862370674 ], [ 0.515155503120946, 49.453566743853351 ], [ 0.515430936418627, 49.453558362026094 ], [ 0.515405221214575, 49.453199243582134 ], [ 0.515680652379193, 49.453190861205663 ], [ 0.515654935684141, 49.452831742835016 ], [ 0.515930364715732, 49.452823359909374 ], [ 0.515904646529752, 49.452464241612105 ], [ 0.51618007342835, 49.452455858137242 ], [ 0.516154353751512, 49.452096739913358 ], [ 0.516429778517156, 49.452088355889337 ], [ 0.516404057349528, 49.45172923773881 ], [ 0.516679479982256, 49.451720853165632 ], [ 0.516653757323908, 49.451361735088483 ], [ 0.516929177823754, 49.451353349966176 ], [ 0.516903453674756, 49.450994231962397 ], [ 0.517178872041757, 49.450985846290948 ], [ 0.517166009157743, 49.450806287329804 ], [ 0.517441426394108, 49.450797901056404 ], [ 0.517402835506284, 49.450259224283037 ], [ 0.517678249607706, 49.450250837513416 ], [ 0.517665385233208, 49.450071278625643 ], [ 0.517940798204022, 49.450062891254085 ], [ 0.517915067836174, 49.44970377356006 ], [ 0.518190478674269, 49.449695385639394 ], [ 0.518164746816107, 49.44933626801879 ], [ 0.518440155521516, 49.449327879549102 ], [ 0.518401555691634, 49.44878920321618 ], [ 0.518676961262333, 49.448780814250334 ], [ 0.518651226680736, 49.448421696760398 ], [ 0.518926630118846, 49.448413307245531 ], [ 0.518913762018752, 49.448233748541313 ], [ 0.5194645665054, 49.448216967653046 ], [ 0.519451696529764, 49.44803740904652 ], [ 0.519176295352713, 49.448045799765119 ], [ 0.5191376892029, 49.447507123738418 ], [ 0.51968848541649, 49.447490341963722 ], [ 0.519662744617901, 49.447131224783696 ], [ 0.519938140527976, 49.447122833020025 ], [ 0.519951011864977, 49.44730239156118 ], [ 0.520226408648486, 49.447293999089908 ], [ 0.52030364538169, 49.448371349849808 ], [ 0.520028242586183, 49.448379742638451 ], [ 0.520015370477971, 49.448200184145783 ], [ 0.51973996855595, 49.44820857622679 ], [ 0.519765710896848, 49.448567693309833 ], [ 0.519214902659092, 49.44858447571913 ], [ 0.519240641505905, 49.448943592981394 ], [ 0.51896523519014, 49.448951983309648 ], [ 0.518990972546862, 49.449311100645353 ], [ 0.518715564098439, 49.449319490424628 ], [ 0.518754168091036, 49.449858166526163 ], [ 0.518478756507802, 49.449866555809294 ], [ 0.518491623760217, 49.45004611454651 ], [ 0.518216211046363, 49.450054503227683 ], [ 0.518241943932397, 49.450413620783671 ], [ 0.517966529085774, 49.450422008915773 ], [ 0.517992260481442, 49.450781126545145 ], [ 0.51771684350201, 49.450789514128168 ], [ 0.517755438552568, 49.451328190670239 ], [ 0.517480018438093, 49.451336577757047 ], [ 0.517505747109753, 49.451695695517067 ], [ 0.517230324862377, 49.451704082054746 ], [ 0.517256052043446, 49.45206319988818 ], [ 0.516980627663134, 49.452071585876759 ], [ 0.517006353353542, 49.452430703783548 ], [ 0.516730926840257, 49.452439089222977 ], [ 0.516743788875871, 49.452618648217118 ], [ 0.516468361231861, 49.452627033054526 ], [ 0.516481222393638, 49.452806592093445 ], [ 0.516205793618899, 49.452814976328845 ], [ 0.516218653906821, 49.452994535412508 ], [ 0.516494083683857, 49.452986151124279 ], [ 0.516506945102517, 49.453165710147026 ], [ 0.516231514323173, 49.453174094488119 ], [ 0.516257235541183, 49.453533212615071 ], [ 0.515981802628755, 49.453541596406978 ], [ 0.515994662428076, 49.453721155511154 ], [ 0.515719228384879, 49.453729538700998 ], [ 0.515732087310278, 49.453909097849966 ], [ 0.51545665213631, 49.453917480437759 ], [ 0.515482368367637, 49.454276598817124 ], [ 0.515206931060518, 49.454284980855704 ], [ 0.515245503363435, 49.454823658522663 ], [ 0.514970062920726, 49.454832040064822 ], [ 0.514995776426542, 49.455191158574721 ], [ 0.514720333850586, 49.455199539567595 ], [ 0.514746045865129, 49.455558658150856 ], [ 0.514470601155892, 49.455567038594445 ], [ 0.514496311679088, 49.455926157251049 ], [ 0.514220864836536, 49.455934537145332 ], [ 0.514246573868317, 49.456293655875264 ], [ 0.513971124892411, 49.456302035220261 ], [ 0.513996832432712, 49.456661154023514 ], [ 0.513721381323413, 49.456669532819163 ], [ 0.513747087372161, 49.45702865169573 ], [ 0.513471634129437, 49.457037029942043 ], [ 0.513497338686561, 49.457396148891945 ], [ 0.513772793934385, 49.457387770540024 ], [ 0.513785647408056, 49.457567329950066 ], [ 0.513234734778911, 49.457584086104539 ] ] ] } },
{ "type": "Feature", "properties": { "surface_ha": 2.44 }, "geometry": { "type": "Polygon", "coordinates": [ [ [ 0.541233880973955, 49.447731582160507 ], [ 0.541220931714723, 49.447552027752792 ], [ 0.540119362957304, 49.447585793802723 ], [ 0.540106417834941, 49.447406239174093 ], [ 0.539555634684392, 49.447423118164515 ], [ 0.539542691695064, 49.447243563421402 ], [ 0.539267300927807, 49.447252001881388 ], [ 0.53924141734062, 49.446892892264465 ], [ 0.539792194738401, 49.446876014902521 ], [ 0.539779251134935, 49.446696460188249 ], [ 0.540054638638102, 49.446688020578456 ], [ 0.540067583243423, 49.44686757523953 ], [ 0.540342971619188, 49.44685913492188 ], [ 0.540317080534107, 49.446500025697993 ], [ 0.54059246677691, 49.44649158483206 ], [ 0.540618359865682, 49.446850693949528 ], [ 0.541169135970829, 49.4468338100408 ], [ 0.541143238874678, 49.446474701136133 ], [ 0.541418624729627, 49.446466258306174 ], [ 0.541431574214889, 49.446645812709363 ], [ 0.541706960942367, 49.446637369171526 ], [ 0.541694010455269, 49.446457814821564 ], [ 0.542795552064592, 49.446424034336431 ], [ 0.54283441593593, 49.446962696723311 ], [ 0.542559027722091, 49.446971142986278 ], [ 0.542584935612719, 49.447330251310092 ], [ 0.542309545265802, 49.44733869702484 ], [ 0.542322498403264, 49.447518251227812 ], [ 0.54204710692512, 49.447526696341086 ], [ 0.542060059190035, 49.44770625058915 ], [ 0.541233880973955, 49.447731582160507 ] ] ] } },
{ "type": "Feature", "properties": { "surface_ha": 4.88 }, "geometry": { "type": "Polygon", "coordinates": [ [ [ 0.522321625822236, 49.449569488255563 ], [ 0.522270102495076, 49.448851256155905 ], [ 0.521994697593532, 49.448859653686576 ], [ 0.52198181808535, 49.448680095588493 ], [ 0.521155605615206, 49.448705284093215 ], [ 0.521142729241747, 49.448525725828326 ], [ 0.521418132525022, 49.448517330367757 ], [ 0.521405255278116, 49.448337772147674 ], [ 0.52112985299687, 49.448346167555343 ], [ 0.521091225033714, 49.447807492687886 ], [ 0.520815825629915, 49.447815887282054 ], [ 0.520828700487058, 49.447995445632216 ], [ 0.520553299952692, 49.448003839624562 ], [ 0.520527552370966, 49.447644722810409 ], [ 0.52080295090134, 49.447636328923849 ], [ 0.520790076301327, 49.447456770557537 ], [ 0.520514678772935, 49.447465164391183 ], [ 0.520501805303457, 49.447285605963891 ], [ 0.520226408648486, 49.447293999089908 ], [ 0.520213536309521, 49.447114440601624 ], [ 0.521865908299132, 49.447064072342094 ], [ 0.521904543737091, 49.447602746830334 ], [ 0.522179941624547, 49.447594349670112 ], [ 0.522167062014653, 49.447414791568377 ], [ 0.522993251899386, 49.44738959631816 ], [ 0.522980369412223, 49.447210038367125 ], [ 0.52325576478124, 49.447201638693869 ], [ 0.523242881420772, 49.447022080787711 ], [ 0.524069063750058, 49.446996877998465 ], [ 0.524094836611334, 49.44735599348504 ], [ 0.524370232467643, 49.447347591139966 ], [ 0.524421783742283, 49.448065821804271 ], [ 0.524146383878075, 49.448074224361193 ], [ 0.524172158283569, 49.448433339750714 ], [ 0.523896756286661, 49.448441741758799 ], [ 0.523922529202865, 49.448800857221883 ], [ 0.523647125073221, 49.448809258681116 ], [ 0.523672896500071, 49.449168374217749 ], [ 0.523397490237652, 49.449176775128116 ], [ 0.523410375142029, 49.449356332937235 ], [ 0.523134967748878, 49.44936473324578 ], [ 0.523147851779848, 49.449544291099755 ], [ 0.522321625822236, 49.449569488255563 ] ], [ [ 0.52198181808535, 49.448680095588493 ], [ 0.522257221984851, 49.448671698110743 ], [ 0.522244341603253, 49.448492140057517 ], [ 0.521968938705783, 49.448500537482353 ], [ 0.52198181808535, 49.448680095588493 ] ], [ [ 0.521642023455575, 49.447790701535304 ], [ 0.521917422473617, 49.447782304976904 ], [ 0.521904543737091, 49.447602746830334 ], [ 0.521629145721034, 49.447611143335806 ], [ 0.521642023455575, 49.447790701535304 ] ] ] } }
]
}
