{
"type": "FeatureCollection",
"name": "perimetre",
"crs": { "type": "name", "properties": { "name": "urn:ogc:def:crs:OGC:1.3:CRS84" } },
"features": [
{ "type": "Feature", "properties": { "surface_ha": 5.84 }, "geometry": { "type": "Polygon", "coordinates": [ [ [ -1.060299550956705, 44.75819857845616 ], [ -1.060305573395797, 44.758018635598255 ], [ -1.061063227944294, 44.758031505987319 ], [ -1.06106924797815, 44.757851563042784 ], [ -1.061574349726812, 44.757860140457872 ], [ -1.061568331258816, 44.758040083455917 ], [ -1.062073434799016, 44.758048658691891 ], [ -1.062079451701155, 44.757868715640299 ], [ -1.062584553901119, 44.757877288590144 ], [ -1.062596584404502, 44.757517402361046 ], [ -1.063354233429831, 44.757530257439207 ], [ -1.063384296958055, 44.75663054135466 ], [ -1.061869022901746, 44.756604826977203 ], [ -1.061863005611551, 44.756784770046337 ], [ -1.061610459350006, 44.756780482336545 ], [ -1.061616477423079, 44.756600539294169 ], [ -1.061111386635, 44.756591962253701 ], [ -1.061105366996173, 44.75677190524258 ], [ -1.060347728888672, 44.75675903541557 ], [ -1.060353750876124, 44.756579092506996 ], [ -1.060101205736059, 44.756574801475168 ], [ -1.060095182965733, 44.756754744356968 ], [ -1.059337545535705, 44.756741867832368 ], [ -1.05933152036028, 44.756921810627539 ], [ -1.059078973880345, 44.756917517309603 ], [ -1.05908499983865, 44.756737574541262 ], [ -1.058579908614015, 44.756728986284621 ], [ -1.058573881089954, 44.75690892899938 ], [ -1.058068788525583, 44.756900338456589 ], [ -1.058086875625468, 44.75636051045413 ], [ -1.057834331776661, 44.756356214425963 ], [ -1.057816242328172, 44.756896042348018 ], [ -1.057311150102934, 44.756887448456418 ], [ -1.057293055448371, 44.757427276160648 ], [ -1.057040507071898, 44.757422978297193 ], [ -1.057034474624387, 44.757602920825782 ], [ -1.05678192552156, 44.757598622377387 ], [ -1.05676985889106, 44.757958507361877 ], [ -1.05727496028492, 44.757967103807808 ], [ -1.057280992062613, 44.757787161265071 ], [ -1.058038642228714, 44.757800051667346 ], [ -1.058032612799775, 44.757979994290508 ], [ -1.058790265823338, 44.757992879749814 ], [ -1.058796292903514, 44.757812937046268 ], [ -1.059048843241459, 44.757817231056279 ], [ -1.05905486948222, 44.7576372883196 ], [ -1.05804467160113, 44.75762010903788 ], [ -1.058050700917024, 44.75744016640207 ], [ -1.058555798178743, 44.757448757105621 ], [ -1.058561825872319, 44.75726881440989 ], [ -1.058814373805044, 44.757273108897643 ], [ -1.058808346894365, 44.757453051620189 ], [ -1.059060895666488, 44.757457345576618 ], [ -1.05907294786555, 44.75709746007162 ], [ -1.05932549512837, 44.757101753416308 ], [ -1.059313444495101, 44.757461638974888 ], [ -1.059565993380201, 44.757465931815005 ], [ -1.059584066896694, 44.7569261033873 ], [ -1.059836613489586, 44.756930395588952 ], [ -1.059812518486233, 44.757650166920328 ], [ -1.059307419093741, 44.757641581744679 ], [ -1.059295368121566, 44.758001467265245 ], [ -1.060053021992535, 44.758014344352226 ], [ -1.060046998770511, 44.75819428718335 ], [ -1.060299550956705, 44.75819857845616 ] ], [ [ -1.063107697299631, 44.75734602979378 ], [ -1.062855148407431, 44.757341744794473 ], [ -1.062861162735249, 44.75716180163738 ], [ -1.063113710844546, 44.757166086609949 ], [ -1.063107697299631, 44.75734602979378 ] ], [ [ -1.062356066685801, 44.757153230017771 ], [ -1.062103518745666, 44.757148943370773 ], [ -1.062109535365786, 44.756969000287548 ], [ -1.062362082523025, 44.756973286907801 ], [ -1.062356066685801, 44.757153230017771 ] ] ] } },
{ "type": "Feature", "properties": { "surface_ha": 3.0 }, "geometry": { "type": "Polygon", "coordinates": [ [ [ -1.066775431561324, 44.753447201445624 ], [ -1.066781432907721, 44.753267257748625 ], [ -1.067286496427776, 44.753275809217349 ], [ -1.067292496152429, 44.753095865460651 ], [ -1.066787434197862, 44.753087314045281 ], [ -1.066793435431745, 44.752907370335635 ], [ -1.066540905321579, 44.752903093817523 ], [ -1.066552909186032, 44.75254320643257 ], [ -1.06705796633172, 44.752551758803996 ], [ -1.067051965993067, 44.752731702552992 ], [ -1.067304495433008, 44.752735977928289 ], [ -1.067310494988938, 44.752556034152626 ], [ -1.068068081297994, 44.752568856850161 ], [ -1.068080075544859, 44.752208969119827 ], [ -1.06732249393208, 44.752196146582293 ], [ -1.067334492650268, 44.751836258986678 ], [ -1.066324390882165, 44.751819154670699 ], [ -1.06631838842042, 44.751999098364934 ], [ -1.065813336308556, 44.751990542805309 ], [ -1.065807332225146, 44.752170486439859 ], [ -1.065302278773012, 44.752161928594646 ], [ -1.065296273067914, 44.752341872169488 ], [ -1.064791218275563, 44.752333312038651 ], [ -1.064785210948747, 44.752513255553751 ], [ -1.064532682854325, 44.752508974624547 ], [ -1.06450864985302, 44.753228748514807 ], [ -1.064761181078349, 44.753233029550842 ], [ -1.064755173469962, 44.753412973034273 ], [ -1.065512769832056, 44.753425812874084 ], [ -1.065518775092201, 44.753245869310554 ], [ -1.066023838049581, 44.753254426359973 ], [ -1.066017834354932, 44.753434369976929 ], [ -1.066775431561324, 44.753447201445624 ] ], [ [ -1.066534903304958, 44.753083037500488 ], [ -1.066282372468319, 44.753078760397621 ], [ -1.066288375267675, 44.752898816741343 ], [ -1.066540905321579, 44.752903093817523 ], [ -1.066534903304958, 44.753083037500488 ] ], [ [ -1.066288375267675, 44.752898816741343 ], [ -1.066035845270041, 44.75289453910711 ], [ -1.066041848795853, 44.752714595471168 ], [ -1.066294378010759, 44.75271887307872 ], [ -1.066288375267675, 44.752898816741343 ] ] ] } },
{ "type": "Feature", "properties": { "surface_ha": 3.08 }, "geometry": { "type": "Polygon", "coordinates": [ [ [ -1.05484608249431, 44.755045022101221 ], [ -1.054864198427599, 44.754505194954866 ], [ -1.055369269167996, 44.754513799311134 ], [ -1.055381343042747, 44.754153914407844 ], [ -1.055128809209788, 44.754149612562408 ], [ -1.055152959411203, 44.753429842787128 ], [ -1.055658020871727, 44.753438445705193 ], [ -1.055688199522967, 44.752538733075134 ], [ -1.055940726424524, 44.752543033562915 ], [ -1.055952795923595, 44.752183148412861 ], [ -1.056205321316343, 44.752187448288943 ], [ -1.056217389023787, 44.751827563059912 ], [ -1.055964865196394, 44.751823263237512 ], [ -1.055970899747942, 44.751643320640319 ], [ -1.055718376759781, 44.751639020286717 ], [ -1.05569423508348, 44.752358790530124 ], [ -1.055441709021194, 44.752354489511134 ], [ -1.055453781537858, 44.751994604455774 ], [ -1.055201257097518, 44.75199030293242 ], [ -1.055207294053647, 44.751810360422063 ], [ -1.054702246908082, 44.75180175575494 ], [ -1.054696208386616, 44.75198169821163 ], [ -1.053938635744809, 44.751968786945135 ], [ -1.053932594818711, 44.752148729314925 ], [ -1.053175020338523, 44.752135812945575 ], [ -1.053162933620337, 44.752495697504919 ], [ -1.053415459955795, 44.752500003573125 ], [ -1.053397331801744, 44.753039830445253 ], [ -1.053649860541952, 44.753044136035989 ], [ -1.053661944469217, 44.752684251407231 ], [ -1.053914471700649, 44.752688556386232 ], [ -1.053908430548039, 44.752868498730628 ], [ -1.054160958618804, 44.752872803178448 ], [ -1.05416699898871, 44.752692860807151 ], [ -1.054419526333393, 44.752697164670082 ], [ -1.054413486746192, 44.752877107068201 ], [ -1.054666014930194, 44.752881410399894 ], [ -1.05465997606909, 44.753061352818548 ], [ -1.054912505092413, 44.753065655619039 ], [ -1.054876275433426, 44.754145310158918 ], [ -1.054623741713669, 44.754141007197347 ], [ -1.054647898177056, 44.753421237636807 ], [ -1.054395367644893, 44.753416934224539 ], [ -1.054365168010386, 44.754316646025131 ], [ -1.054112633621097, 44.754312341920539 ], [ -1.054100551805409, 44.754672226542709 ], [ -1.054353087760246, 44.754676530700998 ], [ -1.054359127913626, 44.754496588366237 ], [ -1.054611663142306, 44.754500891939607 ], [ -1.054593544860659, 44.755040719005429 ], [ -1.05484608249431, 44.755045022101221 ] ], [ [ -1.0551771087071, 44.752710072910489 ], [ -1.054924581192595, 44.752705770721732 ], [ -1.054942694918371, 44.752165943328215 ], [ -1.055195220084799, 44.752170245436439 ], [ -1.0551771087071, 44.752710072910489 ] ], [ [ -1.05392051279663, 44.752508614035449 ], [ -1.053667986347895, 44.752504309083321 ], [ -1.053674028169937, 44.752324366753079 ], [ -1.053926553835985, 44.752328671678342 ], [ -1.05392051279663, 44.752508614035449 ] ], [ [ -1.05417907955866, 44.752332976045608 ], [ -1.053926553835985, 44.752328671678342 ], [ -1.053932594818711, 44.752148729314925 ], [ -1.054185119758704, 44.752153033655325 ], [ -1.05417907955866, 44.752332976045608 ] ] ] } },
{ "type": "Feature", "properties": { "surface_ha": 1.4 }, "geometry": { "type": "Polygon", "coordinates": [ [ [ -1.031069184232338, 44.748335839034198 ], [ -1.031075295290675, 44.748155899002171 ], [ -1.031327799396693, 44.748160253579208 ], [ -1.031333909615279, 44.747980313513658 ], [ -1.031838916434188, 44.747989020939585 ], [ -1.031845025030575, 44.747809080813354 ], [ -1.032097527743456, 44.747813433662259 ], [ -1.03210363550013, 44.747633493502533 ], [ -1.031851133569705, 44.747629140680758 ], [ -1.031857242051578, 44.747449200541809 ], [ -1.031099738951218, 44.7474361388105 ], [ -1.031105849723157, 44.747256198746719 ], [ -1.030600849507506, 44.747247488190553 ], [ -1.030594737170689, 44.74742742819997 ], [ -1.030342236366359, 44.747423072057849 ], [ -1.030348349485612, 44.747243132075596 ], [ -1.03009584952102, 44.747238775402714 ], [ -1.030089735619328, 44.747418715357796 ], [ -1.029837234929606, 44.747414358099803 ], [ -1.029818890533328, 44.747954177845422 ], [ -1.030071393570403, 44.747958535184964 ], [ -1.030065279439479, 44.748138475114629 ], [ -1.030570287250486, 44.748147188174293 ], [ -1.030564174627199, 44.748327128151978 ], [ -1.031069184232338, 44.748335839034198 ] ] ] } },
{ "type": "Feature", "properties": { "surface_ha": 20.07 }, "geometry": { "type": "Polygon", "coordinates": [ [ [ -1.070618295907521, 44.759453703642684 ], [ -1.070624286582775, 44.759273759727982 ], [ -1.070876845048791, 44.759278027690854 ], [ -1.070888824664834, 44.75891813978923 ], [ -1.070636267764802, 44.758913871879635 ], [ -1.070630277201869, 44.759093815806985 ], [ -1.070377719575008, 44.759089547312541 ], [ -1.070371728172918, 44.759269491206922 ], [ -1.07011916981923, 44.759265222127674 ], [ -1.070125162004313, 44.759085278259924 ], [ -1.069872604489795, 44.759081008649126 ], [ -1.069878597401692, 44.758901064801684 ], [ -1.070131154133224, 44.758905334385837 ], [ -1.07013714620596, 44.75872539050544 ], [ -1.06937947852885, 44.758712580158338 ], [ -1.069385472894328, 44.758532636351532 ], [ -1.069890583056942, 44.758541177087821 ], [ -1.069896575800297, 44.758361233221414 ], [ -1.0688863588317, 44.758344149622708 ], [ -1.068898350413493, 44.757984262084044 ], [ -1.068645797877749, 44.757979989842234 ], [ -1.068651794367273, 44.757800046090075 ], [ -1.069156897929088, 44.757808589962217 ], [ -1.0691449080256, 44.758168477566812 ], [ -1.0693974614567, 44.758172748718955 ], [ -1.069403455653597, 44.757992804893149 ], [ -1.069656008357941, 44.757997075460452 ], [ -1.069650014943994, 44.75817701931291 ], [ -1.069902568487473, 44.758181289348649 ], [ -1.069908561118471, 44.758001345469587 ], [ -1.070161113935177, 44.758005614920563 ], [ -1.070173097462762, 44.757645727090157 ], [ -1.069667995017278, 44.757637187736599 ], [ -1.069673988262673, 44.757457243865204 ], [ -1.069421437907131, 44.757452973377838 ], [ -1.069427431879259, 44.757273029526736 ], [ -1.069174882362828, 44.757268758507863 ], [ -1.06916888760778, 44.757448702332297 ], [ -1.068916337364627, 44.757444430728604 ], [ -1.068922332902595, 44.757264486930836 ], [ -1.068417234150747, 44.757255942102319 ], [ -1.068423231198331, 44.757075998351517 ], [ -1.068675779763238, 44.757080271018189 ], [ -1.068681775971699, 44.756900327234376 ], [ -1.067671585181018, 44.756883233325468 ], [ -1.067677584464844, 44.756703289642005 ], [ -1.067425037690648, 44.756699014796084 ], [ -1.067407037321746, 44.75723884574748 ], [ -1.067154488255098, 44.7572345702634 ], [ -1.067166490123087, 44.756874683022126 ], [ -1.066661395290176, 44.756866130486223 ], [ -1.066667397705571, 44.756686186909491 ], [ -1.066919944311004, 44.75669046342982 ], [ -1.066925945887245, 44.756510519820054 ], [ -1.066420854298412, 44.756501966274627 ], [ -1.066414851156405, 44.756681909831016 ], [ -1.065657211846596, 44.756669075246776 ], [ -1.065663217337249, 44.756489131770429 ], [ -1.065410671796112, 44.756484852486118 ], [ -1.065416678013338, 44.756304909030163 ], [ -1.065164133311378, 44.756300629214408 ], [ -1.065170140255167, 44.756120685778839 ], [ -1.065422684174262, 44.756124965567864 ], [ -1.065428690278882, 44.755945022099247 ], [ -1.064923604062718, 44.755936462016429 ], [ -1.064929611676733, 44.755756518594922 ], [ -1.065182153973813, 44.75576079888868 ], [ -1.065188160748669, 44.755580855434118 ], [ -1.064683077776515, 44.755572294341874 ], [ -1.064689086060734, 44.755392350934365 ], [ -1.063931464373446, 44.755379505190319 ], [ -1.063937474949818, 44.755199561856671 ], [ -1.064190014673086, 44.755203844302734 ], [ -1.064196024410298, 44.755023900936038 ], [ -1.063690946585738, 44.755015335539213 ], [ -1.063696957832232, 44.754835392219576 ], [ -1.063444419787284, 44.754831108710754 ], [ -1.063450431760229, 44.754651165411545 ], [ -1.06319789455444, 44.754646881371315 ], [ -1.063203907253824, 44.754466938092506 ], [ -1.062951370887191, 44.754462653520925 ], [ -1.062957384312994, 44.754282710262537 ], [ -1.062704848785518, 44.754278425159598 ], [ -1.062710862937731, 44.754098481921609 ], [ -1.062205793617473, 44.754089910094962 ], [ -1.062211809278848, 44.753909966904111 ], [ -1.061959275486072, 44.753905680180388 ], [ -1.061965291873816, 44.753725737009958 ], [ -1.061207693182185, 44.753712873570649 ], [ -1.061213711861791, 44.753532930474115 ], [ -1.060961179860162, 44.753528641571634 ], [ -1.060973218615595, 44.753168755413128 ], [ -1.060468157912581, 44.753160176040979 ], [ -1.060474178771118, 44.752980233005729 ], [ -1.059969119859317, 44.752971651454871 ], [ -1.059975142226851, 44.752791708466866 ], [ -1.059722613638348, 44.752787416881112 ], [ -1.059728636732143, 44.752607473913521 ], [ -1.059223581289944, 44.752598889121458 ], [ -1.059229605892684, 44.752418946201111 ], [ -1.058977079038994, 44.752414652994773 ], [ -1.058983104367957, 44.752234710094896 ], [ -1.058730578353443, 44.752230416357285 ], [ -1.058736604408612, 44.752050473477844 ], [ -1.058231554114427, 44.752041884382102 ], [ -1.058237581678466, 44.751861941549933 ], [ -1.057732533175644, 44.751853350275638 ], [ -1.057744591264884, 44.751493464699514 ], [ -1.057492068663573, 44.751489168278887 ], [ -1.057498098406076, 44.75130922550813 ], [ -1.057245576643941, 44.751304928556337 ], [ -1.057257637524668, 44.750945043049384 ], [ -1.057510157721519, 44.750949339947596 ], [ -1.057522216810881, 44.750589454361688 ], [ -1.058027254243616, 44.750598046376801 ], [ -1.058021226292444, 44.750777989226542 ], [ -1.058273745876198, 44.750782284423856 ], [ -1.058267718651156, 44.750962227294032 ], [ -1.058520239074042, 44.750966521960144 ], [ -1.058514212575145, 44.751146464850791 ], [ -1.058766733837162, 44.751150758985659 ], [ -1.058760708064422, 44.751330701896777 ], [ -1.059770796807867, 44.751347872963237 ], [ -1.05975875135423, 44.751707758980693 ], [ -1.060011275246575, 44.751712050405779 ], [ -1.060005253217749, 44.751891993431798 ], [ -1.06025777794922, 44.751896284325603 ], [ -1.060251756646626, 44.752076227372086 ], [ -1.060504282217221, 44.752080517734633 ], [ -1.060498261640874, 44.75226046080153 ], [ -1.060750788050597, 44.752264750632811 ], [ -1.060738748294, 44.752624636801109 ], [ -1.060991276325559, 44.752628926127841 ], [ -1.060997295449367, 44.752448983020102 ], [ -1.061249822754641, 44.752453271762057 ], [ -1.061237786016025, 44.752813158024736 ], [ -1.061490314943139, 44.752817446262149 ], [ -1.061496332557938, 44.752637503107195 ], [ -1.061748860758744, 44.752641790759817 ], [ -1.061754877534429, 44.75246184757178 ], [ -1.062007405008926, 44.752466134639583 ], [ -1.062013420945507, 44.752286191418492 ], [ -1.06176089425371, 44.75228190437744 ], [ -1.061772927523077, 44.751922017969754 ], [ -1.061015352482256, 44.751909153658872 ], [ -1.061021371380377, 44.751729210525809 ], [ -1.060768847262278, 44.751724921332858 ], [ -1.060774866886651, 44.751544978220196 ], [ -1.060522343607648, 44.751540688495965 ], [ -1.060528363958256, 44.751360745403744 ], [ -1.060023319134884, 44.75135216433479 ], [ -1.060029340994367, 44.75117222128975 ], [ -1.059776819450001, 44.751167929944991 ], [ -1.059782842035681, 44.750987986920414 ], [ -1.059530321330414, 44.75098369504439 ], [ -1.059536344642278, 44.750803752040277 ], [ -1.059031304966413, 44.750795166667771 ], [ -1.059037329787075, 44.750615223710874 ], [ -1.058784810816478, 44.750610930214371 ], [ -1.058790836363288, 44.750430987277937 ], [ -1.058538318231795, 44.750426693250205 ], [ -1.058544344504733, 44.750246750334213 ], [ -1.058291827212342, 44.7502424557753 ], [ -1.058297854211398, 44.750062512879772 ], [ -1.058045337758108, 44.750058217789658 ], [ -1.058051365483266, 44.749878274914586 ], [ -1.057798849869072, 44.749873979293241 ], [ -1.057810906715057, 44.749514093577751 ], [ -1.057558392722542, 44.749509797452014 ], [ -1.057564421843347, 44.749329854611553 ], [ -1.057816935053289, 44.749334150710482 ], [ -1.057822963335012, 44.749154207836895 ], [ -1.058075475818893, 44.749158503351019 ], [ -1.05808753064771, 44.748798617531236 ], [ -1.058340041622976, 44.748802912433781 ], [ -1.05835209466072, 44.748443026535064 ], [ -1.058604604127391, 44.748447320826067 ], [ -1.058616655374121, 44.748087434848422 ], [ -1.058869163332216, 44.748091728527868 ], [ -1.058881212787996, 44.74773184247131 ], [ -1.059133719237533, 44.747736135539228 ], [ -1.059151790650181, 44.747196306326536 ], [ -1.059404294808691, 44.747200598756152 ], [ -1.05942236336575, 44.74666076940612 ], [ -1.059169861554665, 44.74665647705686 ], [ -1.05917588507657, 44.746476533954294 ], [ -1.058923384104407, 44.746472241073867 ], [ -1.05891735980004, 44.74665218414966 ], [ -1.058664858101885, 44.746647890684521 ], [ -1.058646782502554, 44.747187719793502 ], [ -1.058394278513454, 44.747183425690054 ], [ -1.058388252418236, 44.747363368686919 ], [ -1.058135747703134, 44.747359073998737 ], [ -1.058111639627382, 44.748078845815662 ], [ -1.057606624106622, 44.748070254551024 ], [ -1.057588537761431, 44.748610083186385 ], [ -1.057336027738226, 44.748605786636716 ], [ -1.05731190868992, 44.749325557954641 ], [ -1.057059395593016, 44.749321260739741 ], [ -1.057071456795331, 44.748961375147061 ], [ -1.056313922539181, 44.748948480315391 ], [ -1.056307889618615, 44.749128423034421 ], [ -1.056055377530432, 44.749124123614401 ], [ -1.056049343770754, 44.749304066300311 ], [ -1.055796830956569, 44.749299766295493 ], [ -1.055784761702394, 44.749659651594577 ], [ -1.055532247379626, 44.749655350978131 ], [ -1.055514140726342, 44.750195178798784 ], [ -1.054756591054208, 44.75018227335984 ], [ -1.05475055304215, 44.750362215873508 ], [ -1.055003070325543, 44.750366518271363 ], [ -1.054997033039496, 44.750546460805552 ], [ -1.055249551162093, 44.750550762672219 ], [ -1.055225404582501, 44.751270532852999 ], [ -1.054972883329389, 44.751266230878997 ], [ -1.054984958297629, 44.750906345854929 ], [ -1.054479919091735, 44.750897740340214 ], [ -1.054485958056215, 44.750717797872412 ], [ -1.053728402019821, 44.750704885495772 ], [ -1.053722360707472, 44.750884827883048 ], [ -1.053469841359298, 44.750880522614629 ], [ -1.053475883454273, 44.750700580254218 ], [ -1.052970846493089, 44.750691968097073 ], [ -1.052958759116006, 44.75105185270408 ], [ -1.053211279133525, 44.751056159115379 ], [ -1.053205236142641, 44.751236101436277 ], [ -1.053457756999441, 44.751240407316416 ], [ -1.053463799207688, 44.751060464968702 ], [ -1.053968839525922, 44.751069075001247 ], [ -1.053974880112271, 44.750889132593457 ], [ -1.054227399573697, 44.750893436745862 ], [ -1.054215319909642, 44.7512533216088 ], [ -1.053962798882949, 44.751249017402699 ], [ -1.053956758183351, 44.751428959797821 ], [ -1.055471889888489, 44.751454776825206 ], [ -1.055477925892204, 44.751274834269019 ], [ -1.055730447258485, 44.751279135126978 ], [ -1.05575458757703, 44.750559364731487 ], [ -1.056259624218248, 44.750567964558741 ], [ -1.056271690907658, 44.750208079215682 ], [ -1.056524207747882, 44.750212378238636 ], [ -1.056506109976776, 44.750752206324208 ], [ -1.0560010716572, 44.750743607559329 ], [ -1.055989003063189, 44.751103492810728 ], [ -1.056241523759966, 44.751107792525829 ], [ -1.056223422792669, 44.751647620435904 ], [ -1.056475945893957, 44.751651919673449 ], [ -1.056469912907741, 44.751831862324273 ], [ -1.056722436848244, 44.751836161030631 ], [ -1.056728469051796, 44.751656218352956 ], [ -1.057233515537098, 44.751664814037923 ], [ -1.057227484898882, 44.751844756769209 ], [ -1.056974960845294, 44.751840459178943 ], [ -1.056968929367874, 44.75202040187709 ], [ -1.057221454204136, 44.752024699494164 ], [ -1.05721542345286, 44.752204642212781 ], [ -1.057467949128338, 44.752208939298654 ], [ -1.057461919103218, 44.752388882037742 ], [ -1.057714445617912, 44.752393178592357 ], [ -1.057708416318966, 44.752573121351929 ], [ -1.057960943672877, 44.752577417375306 ], [ -1.057954915100117, 44.75275736015535 ], [ -1.058459971542879, 44.752765950581569 ], [ -1.05845394447904, 44.752945893408857 ], [ -1.058706473567884, 44.752950187811685 ], [ -1.058700447230268, 44.753130130659464 ], [ -1.05920550714287, 44.753138717844472 ], [ -1.059199482314227, 44.753318660739481 ], [ -1.059452013137979, 44.753322953521689 ], [ -1.059445989035599, 44.753502896437155 ], [ -1.060203584193862, 44.753515771515701 ], [ -1.060197562383256, 44.753695714505177 ], [ -1.059945029824629, 44.753691423343611 ], [ -1.059932984468549, 44.754051309249974 ], [ -1.059680450400859, 44.754047017476829 ], [ -1.0596684032534, 44.754406903304272 ], [ -1.059415867676629, 44.754402610919435 ], [ -1.059403818737732, 44.754762496668029 ], [ -1.05965635588008, 44.754766789106405 ], [ -1.059662379594974, 44.754586846208497 ], [ -1.059914916010997, 44.754591138062047 ], [ -1.059926961705824, 44.754231252193662 ], [ -1.060179496612742, 44.754235543435549 ], [ -1.060185518592696, 44.75405560046508 ], [ -1.060690587010336, 44.754064181221032 ], [ -1.060684566595923, 44.754244124245048 ], [ -1.060937101672174, 44.754248413812661 ], [ -1.060931081984107, 44.754428356857055 ], [ -1.061436153871447, 44.754436934371576 ], [ -1.06142411745719, 44.754796820548471 ], [ -1.061676655051071, 44.754801108522095 ], [ -1.061670637542123, 44.754981051627823 ], [ -1.061923175975218, 44.754985339070082 ], [ -1.061917159192672, 44.755165282196209 ], [ -1.062674777178783, 44.755178141254653 ], [ -1.062668762688294, 44.75535808445467 ], [ -1.062921302912592, 44.755362369718036 ], [ -1.062915289148552, 44.755542312938445 ], [ -1.063420371331919, 44.755550881844286 ], [ -1.063408346766078, 44.755910768373063 ], [ -1.063660889507991, 44.755915052042255 ], [ -1.063654877923381, 44.75609499532387 ], [ -1.063907421504502, 44.75609927846169 ], [ -1.063901410646399, 44.756279221763691 ], [ -1.064153955066728, 44.756283504370096 ], [ -1.06415996514197, 44.756103561041364 ], [ -1.064412508835777, 44.756107843062949 ], [ -1.064406499543398, 44.756287786418376 ], [ -1.064659044076401, 44.756292067908525 ], [ -1.06465303551056, 44.756472011284323 ], [ -1.065158126311281, 44.756480572643653 ], [ -1.065152119254868, 44.756660516066574 ], [ -1.065404665522579, 44.756664795935734 ], [ -1.065398659192742, 44.756844739379034 ], [ -1.065651206299646, 44.756849018716764 ], [ -1.065645200696397, 44.757028962180406 ], [ -1.066150296644885, 44.757037519234835 ], [ -1.066144292551144, 44.757217462745565 ], [ -1.066396841392722, 44.757221740462242 ], [ -1.066390838025606, 44.757401683993344 ], [ -1.066643387706375, 44.757405961178542 ], [ -1.0666373850659, 44.757585904729986 ], [ -1.067142486162087, 44.757594457479335 ], [ -1.067136485031195, 44.75777440107781 ], [ -1.067389036446605, 44.757778676641934 ], [ -1.067377035581925, 44.758138563873246 ], [ -1.067882141713256, 44.758147113433687 ], [ -1.067876142762441, 44.758327057093197 ], [ -1.068128696695418, 44.758331331062834 ], [ -1.068122698471325, 44.758511274742673 ], [ -1.068627808071885, 44.75851982106073 ], [ -1.068621811357498, 44.758699764787586 ], [ -1.068874367025074, 44.758704037136013 ], [ -1.068868371037447, 44.758883980883191 ], [ -1.06912092754421, 44.758888252700089 ], [ -1.069114932283358, 44.759068196467581 ], [ -1.069620047031457, 44.75907673848014 ], [ -1.069614053280384, 44.759256682294605 ], [ -1.069866611521714, 44.759260952490223 ], [ -1.069860618497456, 44.759440896325017 ], [ -1.070618295907521, 44.759453703642684 ] ], [ [ -1.068399242670682, 44.757795773316765 ], [ -1.068146691030311, 44.757791499985302 ], [ -1.068152689029486, 44.757611556280139 ], [ -1.068405239886924, 44.75761582958495 ], [ -1.068399242670682, 44.757795773316765 ] ], [ [ -1.068910341770457, 44.757624374520105 ], [ -1.068657790800583, 44.757620102331614 ], [ -1.068663787177681, 44.757440158566801 ], [ -1.068916337364627, 44.757444430728604 ], [ -1.068910341770457, 44.757624374520105 ] ], [ [ -1.067906136954144, 44.757427338732356 ], [ -1.067653586992092, 44.757423064337914 ], [ -1.067659586444641, 44.757243120673408 ], [ -1.067912135623778, 44.757247395041198 ], [ -1.067906136954144, 44.757427338732356 ] ], [ [ -1.064677069435974, 44.755752237743025 ], [ -1.064424527251537, 44.755747956332996 ], [ -1.064430536374921, 44.755568012958577 ], [ -1.064683077776515, 44.755572294341874 ], [ -1.064677069435974, 44.755752237743025 ] ], [ [ -1.061947242541386, 44.754265566502291 ], [ -1.061189636804851, 44.754252702822193 ], [ -1.061195655653717, 44.75407275974468 ], [ -1.061953259041929, 44.754085623344515 ], [ -1.061947242541386, 44.754265566502291 ] ], [ [ -1.059957074954883, 44.753331537411903 ], [ -1.0597045440182, 44.753327245745844 ], [ -1.059710567281378, 44.753147302797274 ], [ -1.059963097435327, 44.753151594436559 ], [ -1.059957074954883, 44.753331537411903 ] ], [ [ -1.058965028211625, 44.752774538775562 ], [ -1.058459971542879, 44.752765950581569 ], [ -1.05846599855022, 44.752586007747922 ], [ -1.058971053653552, 44.752594595888326 ], [ -1.058965028211625, 44.752774538775562 ] ], [ [ -1.057005117384347, 44.750940745593198 ], [ -1.056752597300559, 44.750936447578972 ], [ -1.056776724644653, 44.750216676703616 ], [ -1.056524207747882, 44.750212378238636 ], [ -1.056548337317706, 44.749492607369184 ], [ -1.056800851084115, 44.749496905726879 ], [ -1.056794819559059, 44.749676848480583 ], [ -1.057047334164584, 44.749681146307083 ], [ -1.057005117384347, 44.750940745593198 ] ], [ [ -1.058039309976447, 44.750238160658377 ], [ -1.057786792797052, 44.750233864983421 ], [ -1.057792821361317, 44.750053922141504 ], [ -1.058045337758108, 44.750058217789658 ], [ -1.058039309976447, 44.750238160658377 ] ] ] } },
{ "type": "Feature", "properties": { "surface_ha": 1.28 }, "geometry": { "type": "Polygon", "coordinates": [ [ [ -1.037880746315079, 44.748633158267403 ], [ -1.037886836303402, 44.748453217509365 ], [ -1.03813934273572, 44.748457557049043 ], [ -1.038145431884466, 44.748277616257575 ], [ -1.038397937591365, 44.748281955212242 ], [ -1.038410114152665, 44.747922073556147 ], [ -1.038662618351664, 44.74792641189871 ], [ -1.038674793119754, 44.747566530163091 ], [ -1.038927295810871, 44.747570867893593 ], [ -1.038939468785817, 44.747210986078457 ], [ -1.039191969969075, 44.74721532319689 ], [ -1.039204141150939, 44.746855441302259 ], [ -1.039456640826352, 44.746859777808652 ], [ -1.039462725549292, 44.746679836824782 ], [ -1.039715224499305, 44.746684172746178 ], [ -1.039727392209244, 44.746324290705275 ], [ -1.039979889651439, 44.746328626014666 ], [ -1.040004221257428, 44.745608861748465 ], [ -1.039751726944831, 44.745604526547261 ], [ -1.039739559691085, 44.745964408638955 ], [ -1.039487063870724, 44.745960072825717 ], [ -1.039474894824071, 44.746319954837944 ], [ -1.039222397495929, 44.746315618412723 ], [ -1.03921022665631, 44.746675500345411 ], [ -1.038957727820368, 44.746671163308157 ], [ -1.038951641532566, 44.746851104237955 ], [ -1.038699141971244, 44.746846766615725 ], [ -1.038686967659613, 44.747206648402084 ], [ -1.038434466590463, 44.747202310167786 ], [ -1.038422290485695, 44.74756219187465 ], [ -1.038169787908702, 44.747557853028304 ], [ -1.038157610010733, 44.747917734655644 ], [ -1.037905105925874, 44.747913395197187 ], [ -1.037899016108799, 44.748093335974261 ], [ -1.037646511298543, 44.7480889959308 ], [ -1.037628239157344, 44.748628818142699 ], [ -1.037880746315079, 44.748633158267403 ] ] ] } },
{ "type": "Feature", "properties": { "surface_ha": 1.16 }, "geometry": { "type": "Polygon", "coordinates": [ [ [ -1.062704892044426, 44.746716519174115 ], [ -1.062716917122869, 44.746356632213413 ], [ -1.062464416143395, 44.746352347170834 ], [ -1.062470429380534, 44.746172403707718 ], [ -1.061712929127684, 44.746159545312601 ], [ -1.061718944655796, 44.745979601923395 ], [ -1.060961447257744, 44.745966738587171 ], [ -1.060967465076781, 44.745786795271876 ], [ -1.060462468658304, 44.745778216978309 ], [ -1.060456449274397, 44.745958160240065 ], [ -1.060203950367353, 44.74595387022962 ], [ -1.060191909865383, 44.746313756680621 ], [ -1.060696910865674, 44.746322336250635 ], [ -1.060690892094959, 44.746502279520158 ], [ -1.061700897902299, 44.746519432072027 ], [ -1.061694882205027, 44.746699375442269 ], [ -1.062704892044426, 44.746716519174115 ] ] ] } },
{ "type": "Feature", "properties": { "surface_ha": 2.04 }, "geometry": { "type": "Polygon", "coordinates": [ [ [ -1.007635949943299, 44.746488922027986 ], [ -1.007642133305418, 44.746308984486888 ], [ -1.007894625793962, 44.746313390730762 ], [ -1.007906990779641, 44.745953515574548 ], [ -1.00765449985579, 44.745949109385649 ], [ -1.00766686617434, 44.745589234258944 ], [ -1.00791935553353, 44.745593640392848 ], [ -1.007913173185558, 44.745773577986881 ], [ -1.008165663385024, 44.745777983590415 ], [ -1.008190389299961, 44.745058233066111 ], [ -1.008695363614154, 44.745067042379709 ], [ -1.008701543383445, 44.744887104677765 ], [ -1.008196570633852, 44.744878295419156 ], [ -1.008208933127825, 44.744518420106068 ], [ -1.007956448404506, 44.744514014694964 ], [ -1.007962630346868, 44.744334077056379 ], [ -1.007710146463765, 44.74432967111489 ], [ -1.007716329130455, 44.744149733497409 ], [ -1.007211363102644, 44.744140919995964 ], [ -1.007192810235078, 44.744680732664293 ], [ -1.00694032496129, 44.744676324994316 ], [ -1.006934139773883, 44.744856262510211 ], [ -1.007186625829962, 44.744860670207707 ], [ -1.007174256845828, 44.745220545275366 ], [ -1.006921769225151, 44.74521613752286 ], [ -1.00689702743199, 44.745935887471759 ], [ -1.006644536740003, 44.745931479051428 ], [ -1.006638350364431, 44.746111416495211 ], [ -1.006385858948089, 44.746107007489464 ], [ -1.006379671732186, 44.746286944899403 ], [ -1.007137148502205, 44.74630017032554 ], [ -1.007130963575374, 44.746480107811607 ], [ -1.007635949943299, 44.746488922027986 ] ], [ [ -1.007937902229766, 44.745053827572548 ], [ -1.007432928263217, 44.745045014911831 ], [ -1.007445295566831, 44.744685139776436 ], [ -1.007697780956542, 44.744689546330747 ], [ -1.007691598116006, 44.744869483929143 ], [ -1.007944084345958, 44.74487388995307 ], [ -1.007937902229766, 44.745053827572548 ] ] ] } },
{ "type": "Feature", "properties": { "surface_ha": 1983.55 }, "geometry": { "type": "Polygon", "coordinates": [ [ [ -1.072558408222211, 44.784692747439415 ], [ -1.073097276109076, 44.768497823133515 ], [ -1.072844677139005, 44.768493559396092 ], [ -1.072850662789367, 44.768313615531476 ], [ -1.072345466584342, 44.768305086434701 ], [ -1.072351453745323, 44.768125142617023 ], [ -1.072098856510376, 44.768120877257701 ], [ -1.072104844398583, 44.767940933460252 ], [ -1.071852248003133, 44.767936667569174 ], [ -1.071858236618552, 44.767756723792068 ], [ -1.071353045562806, 44.767748190388055 ], [ -1.071359035688766, 44.767568246657866 ], [ -1.071106441028475, 44.767563979144967 ], [ -1.071112431881609, 44.767384035435043 ], [ -1.070859838060819, 44.767379767390402 ], [ -1.070865829641113, 44.767199823700821 ], [ -1.07036064373472, 44.767191285989782 ], [ -1.070366636825478, 44.767011342347104 ], [ -1.070114044739879, 44.767007072680698 ], [ -1.070120038557759, 44.766827129058349 ], [ -1.069614856121772, 44.76681858810381 ], [ -1.069620851450064, 44.766638644528427 ], [ -1.069368261099681, 44.766634373240279 ], [ -1.069374257155061, 44.766454429685233 ], [ -1.068869078189537, 44.7664458854873 ], [ -1.068875075755272, 44.766265941979206 ], [ -1.068622487140138, 44.766261669069394 ], [ -1.06862848543292, 44.766081725581657 ], [ -1.068375897657299, 44.766077452140181 ], [ -1.068381896677116, 44.765897508672758 ], [ -1.067876722861147, 44.765888960168205 ], [ -1.067882723391244, 44.765709016747792 ], [ -1.067630137350904, 44.765704741684694 ], [ -1.067636138607996, 44.76552479828463 ], [ -1.067383553407173, 44.765520522689911 ], [ -1.067389555391246, 44.765340579310212 ], [ -1.066884386724907, 44.765332026499188 ], [ -1.066890390219182, 44.765152083166512 ], [ -1.066637806753674, 44.765147805950235 ], [ -1.066643810974895, 44.764967862637917 ], [ -1.066138645779211, 44.764959306583826 ], [ -1.066132639991535, 44.765139249842761 ], [ -1.06588005669492, 44.765134970951557 ], [ -1.065874050067704, 44.765314914177466 ], [ -1.065368882076958, 44.765306354666784 ], [ -1.065380898407996, 44.764946468315443 ], [ -1.065886063265825, 44.764955027719346 ], [ -1.065892069780414, 44.764775084480767 ], [ -1.065639488106559, 44.764770805084666 ], [ -1.065645495348047, 44.764590861866481 ], [ -1.065140333735723, 44.764582301452819 ], [ -1.06512831606357, 44.764942187776079 ], [ -1.064623151543728, 44.764933625022394 ], [ -1.064617141056702, 44.765113568121116 ], [ -1.064869724071674, 44.765117849803779 ], [ -1.06485770449504, 44.765477736035649 ], [ -1.064605119913598, 44.765473454299517 ], [ -1.064599109257518, 44.765653397379225 ], [ -1.064093938697209, 44.765644832178637 ], [ -1.064063876738856, 44.76654454721502 ], [ -1.06381128762692, 44.76654026364362 ], [ -1.063817300914609, 44.766360320675751 ], [ -1.063564712642329, 44.766356036572745 ], [ -1.063576740615114, 44.765996150671427 ], [ -1.063324153965754, 44.765991866063601 ], [ -1.063330168650829, 44.76581192313018 ], [ -1.063582754516931, 44.765816207711275 ], [ -1.063594782151422, 44.765456321772 ], [ -1.063847366507411, 44.765460605741332 ], [ -1.063853379456849, 44.765280662735449 ], [ -1.064105963085978, 44.765284946119785 ], [ -1.064111975195815, 44.765105003080848 ], [ -1.064364558098079, 44.765109285880122 ], [ -1.064376580582221, 44.76474939972983 ], [ -1.064629161974405, 44.764753681917377 ], [ -1.064635172348732, 44.764573738806014 ], [ -1.064887753014057, 44.764578020408564 ], [ -1.064893762548837, 44.764398077264175 ], [ -1.0651463424873, 44.764402358281693 ], [ -1.06517037693028, 44.76368258553395 ], [ -1.064917800124552, 44.763678304623234 ], [ -1.064923809377635, 44.763498361447184 ], [ -1.06467123341141, 44.763494080004911 ], [ -1.064683253314871, 44.763134193687236 ], [ -1.064178104684071, 44.763125629234779 ], [ -1.064184116117572, 44.762945686119892 ], [ -1.063678969278482, 44.762937119487809 ], [ -1.063684982221892, 44.762757176420024 ], [ -1.063432409670032, 44.762752892293321 ], [ -1.063438423340196, 44.76257294924595 ], [ -1.062933279971871, 44.762564379371312 ], [ -1.062939295151889, 44.76238443637105 ], [ -1.062434153575364, 44.76237586431688 ], [ -1.062440170265206, 44.762195921363798 ], [ -1.062187600344657, 44.76219163452609 ], [ -1.062193617761191, 44.762011691593422 ], [ -1.061435910687347, 44.761998827811112 ], [ -1.061441930396745, 44.761818884952369 ], [ -1.06118936226808, 44.761814595935242 ], [ -1.061195382704125, 44.761634653096927 ], [ -1.060942815414981, 44.761630363548321 ], [ -1.06094883657766, 44.761450420730412 ], [ -1.060696270128039, 44.761446130650327 ], [ -1.060702292017337, 44.761266187852861 ], [ -1.060197160853598, 44.761257606071595 ], [ -1.060203184252558, 44.761077663321359 ], [ -1.059950619538446, 44.761073371620171 ], [ -1.059956643663987, 44.760893428890363 ], [ -1.059704079789399, 44.760889136657724 ], [ -1.059710104641508, 44.760709193948365 ], [ -1.059457541606443, 44.760704901184319 ], [ -1.059463567185104, 44.760524958495438 ], [ -1.059716129437136, 44.760529251232697 ], [ -1.059722154176282, 44.760349308510669 ], [ -1.05921703129476, 44.760340722531474 ], [ -1.059211004989561, 44.760520665199927 ], [ -1.058705880767967, 44.760512076934333 ], [ -1.058717936453957, 44.760152191698268 ], [ -1.058212815590487, 44.760143601307078 ], [ -1.058218844914735, 44.75996365873317 ], [ -1.057966285350789, 44.759959362727066 ], [ -1.057972315401518, 44.759779420173579 ], [ -1.057719756677099, 44.759775123636096 ], [ -1.05772578745429, 44.759595181103123 ], [ -1.056968113969267, 44.759582288221978 ], [ -1.056974147038874, 44.7594023457631 ], [ -1.056721590106622, 44.759398047046496 ], [ -1.056727623902648, 44.759218104608095 ], [ -1.056222511773794, 44.759209505554011 ], [ -1.056246652655909, 44.758489735951649 ], [ -1.055994099808168, 44.758485435694659 ], [ -1.055982027914371, 44.758845320454846 ], [ -1.055729473557318, 44.75884101958605 ], [ -1.055735510315461, 44.758661077235978 ], [ -1.055482956797952, 44.75865677583581 ], [ -1.055488994282446, 44.758476833506208 ], [ -1.054983888983116, 44.758468229085125 ], [ -1.05498992797688, 44.758288286802873 ], [ -1.054737376195065, 44.758283983781936 ], [ -1.054743415915142, 44.758104041520212 ], [ -1.054238314087231, 44.758095433857562 ], [ -1.054244355316525, 44.757915491643196 ], [ -1.053991805270432, 44.75791118700149 ], [ -1.053997847226005, 44.757731244807623 ], [ -1.053492748869567, 44.757722633903533 ], [ -1.053498792334302, 44.75754269175706 ], [ -1.05324624402396, 44.757538385494669 ], [ -1.053252288214936, 44.757358443368744 ], [ -1.052747193330027, 44.757349829223223 ], [ -1.052735101759832, 44.757709713361258 ], [ -1.052482552836596, 44.757705405397537 ], [ -1.052470459473874, 44.758065289456468 ], [ -1.052723009962928, 44.758069597473934 ], [ -1.052716963979463, 44.758249539520769 ], [ -1.052211861492197, 44.75824092287391 ], [ -1.052199766223504, 44.758600806841038 ], [ -1.052452319004655, 44.758605115497303 ], [ -1.052440225075072, 44.758964999492818 ], [ -1.052187670728032, 44.7589606907828 ], [ -1.052175575005778, 44.759320574699238 ], [ -1.052428130918741, 44.759324883463051 ], [ -1.05242208375554, 44.759504825438619 ], [ -1.05191697042037, 44.75949620729908 ], [ -1.051923019149513, 44.759316265377279 ], [ -1.051417907607097, 44.759307645058776 ], [ -1.051423957845461, 44.759127703184411 ], [ -1.050413738573157, 44.759110455956993 ], [ -1.050425845143323, 44.758750572404466 ], [ -1.050678398310402, 44.758754884994751 ], [ -1.050684450727427, 44.758574943182069 ], [ -1.050937003168303, 44.758579255187286 ], [ -1.050943054745661, 44.75839931334135 ], [ -1.051195606460337, 44.758403624761534 ], [ -1.05120165719804, 44.758223682882374 ], [ -1.051454208186515, 44.758227993717469 ], [ -1.051460258084579, 44.758048051805098 ], [ -1.051207707879022, 44.758043740996868 ], [ -1.051213758503282, 44.75786379910501 ], [ -1.050961209137355, 44.75785948776555 ], [ -1.050955157730186, 44.758039429630493 ], [ -1.050702607638079, 44.758035117705987 ], [ -1.050708659828159, 44.757855175867938 ], [ -1.050456110575695, 44.757850863412173 ], [ -1.050462163491938, 44.757670921594702 ], [ -1.050967260487795, 44.757679545894256 ], [ -1.05099146532229, 44.756959778345731 ], [ -1.050738919927526, 44.756955466582639 ], [ -1.050732868021118, 44.75713540845237 ], [ -1.050227775836055, 44.757126783197961 ], [ -1.050233829308204, 44.756946841382053 ], [ -1.049728738915868, 44.756938213948928 ], [ -1.049734793896995, 44.756758272180498 ], [ -1.049987338281923, 44.756762586149215 ], [ -1.050029716080707, 44.755502993404235 ], [ -1.049524638327269, 44.755494365285557 ], [ -1.049530693637128, 44.75531442349331 ], [ -1.049278155628354, 44.755310108623739 ], [ -1.049284211664244, 44.755130166852091 ], [ -1.049031674495035, 44.755125851451353 ], [ -1.049043787962076, 44.75476596794288 ], [ -1.048791252415207, 44.754761652037899 ], [ -1.048785194927296, 44.754941593768386 ], [ -1.048532658654433, 44.754937277278401 ], [ -1.048538716925124, 44.754757335574851 ], [ -1.048033646115333, 44.754748700974503 ], [ -1.04803970589477, 44.754568759318467 ], [ -1.047787171357849, 44.754564441208117 ], [ -1.047811413038572, 44.75384467462839 ], [ -1.047558881689463, 44.753840356067734 ], [ -1.047571003754422, 44.753480472793711 ], [ -1.047318474027584, 44.753476153728897 ], [ -1.047324535757556, 44.753296212109312 ], [ -1.047072006870258, 44.75329189251336 ], [ -1.047084131725146, 44.752932009309127 ], [ -1.046579077251859, 44.752923368550903 ], [ -1.046585141159448, 44.752743426993156 ], [ -1.046332614790757, 44.752739105803961 ], [ -1.046356872983391, 44.752019339617434 ], [ -1.046104349802242, 44.752015017978067 ], [ -1.046140740081624, 44.750935368669765 ], [ -1.045888221653142, 44.750931046634157 ], [ -1.045912483832782, 44.750211280409665 ], [ -1.046164999130868, 44.750215602337427 ], [ -1.046171063751057, 44.750035660738497 ], [ -1.045918549235553, 44.750031338837722 ], [ -1.045930679870533, 44.749671455674736 ], [ -1.045678166977021, 44.749667133269874 ], [ -1.045690298949698, 44.749307250135459 ], [ -1.045437787678152, 44.749302927226587 ], [ -1.045443854361746, 44.749122985676806 ], [ -1.04519134392961, 44.749118662236945 ], [ -1.045197411338873, 44.748938720707827 ], [ -1.044944901746144, 44.748934396736935 ], [ -1.04495096988106, 44.748754455228472 ], [ -1.044698461127739, 44.748750130726599 ], [ -1.044704529988295, 44.748570189238762 ], [ -1.044452022074378, 44.748565864205929 ], [ -1.044470230662245, 44.748026039785294 ], [ -1.044217725152729, 44.748021714275453 ], [ -1.044229865491822, 44.747661831350626 ], [ -1.043977361604173, 44.747657505336818 ], [ -1.043983432470846, 44.747477563891898 ], [ -1.043730929422574, 44.747473237347144 ], [ -1.043737001014808, 44.747293295922859 ], [ -1.043231996653933, 44.747284641213525 ], [ -1.043250215783874, 44.746744817064616 ], [ -1.042745216345388, 44.7467361602856 ], [ -1.04275129083972, 44.746556218943958 ], [ -1.042498791988314, 44.74655188974458 ], [ -1.042504867208135, 44.746371948423594 ], [ -1.042252369196099, 44.74636761869332 ], [ -1.042264521029736, 44.746007736086341 ], [ -1.042012024639477, 44.746003405852171 ], [ -1.042018101253272, 44.745823464566172 ], [ -1.041765605702371, 44.74581913380112 ], [ -1.041783837549183, 44.745279309986167 ], [ -1.041278851312592, 44.745270646944512 ], [ -1.041266693675486, 44.745630529386069 ], [ -1.041014199077889, 44.745626196974328 ], [ -1.040995959847695, 44.746166020507992 ], [ -1.040743462959888, 44.746161687457274 ], [ -1.040737382320102, 44.746341628595445 ], [ -1.040484884706876, 44.746337294959758 ], [ -1.040478803227677, 44.746517236064548 ], [ -1.040226304889036, 44.746512901843921 ], [ -1.040214140194764, 44.746872783980344 ], [ -1.039961640348272, 44.746868449147705 ], [ -1.039949473861066, 44.747228331204653 ], [ -1.039696972506706, 44.747223995759995 ], [ -1.039684804226501, 44.747583877737469 ], [ -1.039432301364254, 44.747579541680757 ], [ -1.039426216356139, 44.747759482632944 ], [ -1.039173712768459, 44.747755145991263 ], [ -1.039161541016161, 44.748115027822415 ], [ -1.038909035920568, 44.748110690568687 ], [ -1.038896862375103, 44.748470572320322 ], [ -1.038644355771579, 44.748466234454526 ], [ -1.038632180432882, 44.748826116126651 ], [ -1.038379672321405, 44.74882177764875 ], [ -1.038367495189417, 44.749181659241394 ], [ -1.038114985569969, 44.749177320151382 ], [ -1.038108896135838, 44.749357260911083 ], [ -1.037856385790938, 44.749352921236039 ], [ -1.037844205186349, 44.749712802682282 ], [ -1.037591693333453, 44.749708462395105 ], [ -1.037573419650734, 44.750248284435607 ], [ -1.037320905507258, 44.750243943509219 ], [ -1.037314813382918, 44.750423884149626 ], [ -1.037062298513975, 44.750419542638149 ], [ -1.037056205549948, 44.750599483245118 ], [ -1.036803689955536, 44.750595141148537 ], [ -1.036791502290963, 44.750955022289233 ], [ -1.036538985188495, 44.750950679580512 ], [ -1.036526795730224, 44.75131056064162 ], [ -1.036274277119677, 44.751306217320696 ], [ -1.03626208586765, 44.751666098302202 ], [ -1.036009565749003, 44.751661754369074 ], [ -1.035997372703155, 44.752021635270999 ], [ -1.035744851076392, 44.752017290725647 ], [ -1.035738753685102, 44.752197231139967 ], [ -1.035486231332853, 44.752192886009475 ], [ -1.035467936468079, 44.752732707133042 ], [ -1.035215411825025, 44.752728361363189 ], [ -1.035209312639768, 44.752908301697907 ], [ -1.034956787271215, 44.752903955342902 ], [ -1.034944587163817, 44.753263835939052 ], [ -1.034692060287084, 44.753259488971771 ], [ -1.034685959364924, 44.753439429233183 ], [ -1.034433431762688, 44.75343508168077 ], [ -1.034415126304947, 44.753974902345547 ], [ -1.034162596411794, 44.75397055415371 ], [ -1.034156493695431, 44.754150494335455 ], [ -1.033903963076767, 44.754146145558408 ], [ -1.033891755906959, 44.754506025848627 ], [ -1.033639223780051, 44.754501676459249 ], [ -1.033627014815893, 44.754861556669773 ], [ -1.033374481180722, 44.754857206668063 ], [ -1.033368375830053, 44.75503714673669 ], [ -1.033115841469358, 44.755032796149742 ], [ -1.033097522725655, 44.755572616236023 ], [ -1.032592449479388, 44.755563913225046 ], [ -1.032574125523779, 44.75610373309128 ], [ -1.032321586638162, 44.756099380667187 ], [ -1.032315477755641, 44.756279320582735 ], [ -1.032062938144488, 44.756274967573397 ], [ -1.032050718642021, 44.756634847331135 ], [ -1.031798177522514, 44.756630493709395 ], [ -1.031779845490761, 44.757170313216854 ], [ -1.032032388958759, 44.7571746669201 ], [ -1.032026278949787, 44.757354606770392 ], [ -1.031268646369118, 44.757341543904829 ], [ -1.031256421482205, 44.757701423423335 ], [ -1.03100387583753, 44.75769706796423 ], [ -1.030997762525257, 44.757877007686766 ], [ -1.030745216155025, 44.757872651642387 ], [ -1.030732987792804, 44.758232531014066 ], [ -1.030227892092793, 44.758223817142159 ], [ -1.030221776259935, 44.758403756764089 ], [ -1.029716679223481, 44.758395040605315 ], [ -1.029722796622108, 44.758215101037713 ], [ -1.029470248972781, 44.758210742148293 ], [ -1.02948248516374, 44.757850863048489 ], [ -1.029735031247322, 44.75785522188351 ], [ -1.029759499809614, 44.757135463498898 ], [ -1.029506956857435, 44.757131104772633 ], [ -1.029513074637481, 44.756951165187779 ], [ -1.029765616806828, 44.756955523886852 ], [ -1.029771733746703, 44.756775584268468 ], [ -1.031286983269744, 44.756801724579411 ], [ -1.031299207583673, 44.756441844997397 ], [ -1.031804288085201, 44.756450553860866 ], [ -1.031828729763143, 44.755730794403235 ], [ -1.03208126696864, 44.755735147889169 ], [ -1.032087376462147, 44.755555207981736 ], [ -1.032339912942135, 44.755559560882418 ], [ -1.032352130191801, 44.755199680994146 ], [ -1.032604665163515, 44.755204033282482 ], [ -1.032622988260296, 44.754664213320964 ], [ -1.033128053678963, 44.754672916060493 ], [ -1.033140265659614, 44.754313035945763 ], [ -1.033392796889341, 44.754317386424162 ], [ -1.033405007075605, 44.753957506229774 ], [ -1.033657536797115, 44.753961856095806 ], [ -1.033669745189056, 44.753601975821766 ], [ -1.033922273402372, 44.753606325075459 ], [ -1.033928376729817, 44.753426384901772 ], [ -1.034180904217651, 44.753430733570276 ], [ -1.034205313824603, 44.752710972703532 ], [ -1.034457838238924, 44.752715320705491 ], [ -1.034463939714995, 44.752535380445806 ], [ -1.034716463403849, 44.75253972786259 ], [ -1.034728664619113, 44.752179847269915 ], [ -1.034223620429197, 44.752171151986765 ], [ -1.034211416083335, 44.752531032470927 ], [ -1.033958892508875, 44.752526683938093 ], [ -1.03396499549306, 44.752346743726321 ], [ -1.033712472758459, 44.752342394662563 ], [ -1.033718576468082, 44.752162454471588 ], [ -1.033466054573342, 44.752158104876926 ], [ -1.033472159008385, 44.751978164706706 ], [ -1.033219637953505, 44.751973814581191 ], [ -1.033231848217179, 44.751613934276001 ], [ -1.032979328784775, 44.751609583646776 ], [ -1.032991540384763, 44.751249703370469 ], [ -1.032486504822099, 44.751241000546578 ], [ -1.032498719323534, 44.750881120353462 ], [ -1.032246203193257, 44.750876768158818 ], [ -1.032252311140686, 44.750696828079874 ], [ -1.031999795850245, 44.750692475354434 ], [ -1.032005904522994, 44.750512535296295 ], [ -1.031753390072387, 44.750508182039994 ], [ -1.031765608811236, 44.750148301959008 ], [ -1.031513095983019, 44.750143948199053 ], [ -1.031519206049096, 44.749964008176228 ], [ -1.03202423019769, 44.749972715083807 ], [ -1.032030338641406, 44.749792775000273 ], [ -1.031020293703477, 44.749775359061836 ], [ -1.03102640522008, 44.749595419080606 ], [ -1.03077389491133, 44.749591063728246 ], [ -1.030792231464988, 44.749051243827985 ], [ -1.030539723561088, 44.749046887999185 ], [ -1.030545836413561, 44.748866948046924 ], [ -1.030293329349465, 44.748862591687363 ], [ -1.030299442927137, 44.748682651755907 ], [ -1.030046936702842, 44.748678294865549 ], [ -1.030059165251244, 44.748318415037957 ], [ -1.029806660649227, 44.748314057644052 ], [ -1.029818890533328, 44.747954177845422 ], [ -1.029566387553567, 44.747949819947962 ], [ -1.02956027185771, 44.748129759823257 ], [ -1.029307768152809, 44.748125401340666 ], [ -1.029320001052122, 44.747765521638087 ], [ -1.029067498969473, 44.74776116265194 ], [ -1.029079733204354, 44.747401282978338 ], [ -1.028827232743932, 44.747396923488665 ], [ -1.02882111487272, 44.74757686330144 ], [ -1.028568613687201, 44.747572503226664 ], [ -1.028586969476112, 44.747032683850897 ], [ -1.028334470695243, 44.747028323299816 ], [ -1.028340589959265, 44.746848383522369 ], [ -1.028088092018171, 44.746844022440563 ], [ -1.028100331938957, 44.746484142921069 ], [ -1.027595339358493, 44.746475419192606 ], [ -1.027601460797631, 44.746295479477759 ], [ -1.027348965375853, 44.746291116803903 ], [ -1.027355087540001, 44.746111177109917 ], [ -1.027102592957994, 44.746106813905364 ], [ -1.027108715847136, 44.745926874232254 ], [ -1.026603728420054, 44.745918146203927 ], [ -1.026609852816547, 44.74573820657892 ], [ -1.026357359971477, 44.745733841755175 ], [ -1.026363485092928, 44.74555390215103 ], [ -1.026110993087632, 44.745549536796624 ], [ -1.026117118934025, 44.74536959721334 ], [ -1.025612136660398, 44.745360864885377 ], [ -1.025618264014066, 44.74518092535024 ], [ -1.025365773745739, 44.745176558376706 ], [ -1.025371901824314, 44.744996618862459 ], [ -1.025119412395762, 44.744992251358255 ], [ -1.025125541199227, 44.744812311864919 ], [ -1.024620564079125, 44.744803575237448 ], [ -1.024626694389788, 44.744623635792273 ], [ -1.024374206698241, 44.744619266668984 ], [ -1.024380337733756, 44.744439327244685 ], [ -1.024127850881987, 44.744434957590805 ], [ -1.024140114345224, 44.744075078777691 ], [ -1.024392599632393, 44.744079448377057 ], [ -1.024398730495514, 44.743899508933694 ], [ -1.024651215057855, 44.743903877947922 ], [ -1.02466347504715, 44.743543998987626 ], [ -1.024158509109049, 44.743535260510349 ], [ -1.024146245990637, 44.743895139361612 ], [ -1.023893761543232, 44.743890769231669 ], [ -1.02388762911553, 44.744070708620477 ], [ -1.023635143943312, 44.744066337905416 ], [ -1.023622877350874, 44.744426216609476 ], [ -1.023370390671545, 44.744421845282027 ], [ -1.023358122284532, 44.744781723906108 ], [ -1.023105634098073, 44.744777351966263 ], [ -1.023093363916422, 44.745137230510345 ], [ -1.023345853667537, 44.745141602504766 ], [ -1.023321315743577, 44.745861359625742 ], [ -1.023068822863062, 44.745856987522231 ], [ -1.022989058084906, 44.748196197108427 ], [ -1.022736555090558, 44.748191824092352 ], [ -1.022662908047246, 44.750351093198589 ], [ -1.022410395720395, 44.750346719297113 ], [ -1.022391980317501, 44.75088653634878 ], [ -1.022644494992021, 44.750890910332103 ], [ -1.022638357191882, 44.751070849363906 ], [ -1.02238584173479, 44.751066475353284 ], [ -1.022361286828535, 44.75178623130769 ], [ -1.022613805415986, 44.751790605427487 ], [ -1.022619943446263, 44.751610666421158 ], [ -1.022872461308648, 44.751615039955659 ], [ -1.022866324060974, 44.751794978989281 ], [ -1.023118842763491, 44.751799351993085 ], [ -1.023124979228563, 44.751619412932172 ], [ -1.023377497205997, 44.751623785350674 ], [ -1.023371361523528, 44.751803724438886 ], [ -1.023623880341081, 44.751808096326705 ], [ -1.023605475296437, 44.752347913635006 ], [ -1.022847911972776, 44.752334796052082 ], [ -1.022841774494983, 44.752514735060323 ], [ -1.022589252719516, 44.752510361389362 ], [ -1.02259539097994, 44.752330422408427 ], [ -1.022342870044643, 44.752326048206761 ], [ -1.022306034923117, 44.75340568183325 ], [ -1.022053509349478, 44.753401306909787 ], [ -1.022022807918838, 44.754301001287196 ], [ -1.022527866950549, 44.754309750849004 ], [ -1.022521728057167, 44.75448968976 ], [ -1.023026788884482, 44.7544984371442 ], [ -1.023020651498989, 44.754678376103406 ], [ -1.023778245519589, 44.75469149307613 ], [ -1.023772110424751, 44.754871432110825 ], [ -1.02402464266271, 44.754875803346245 ], [ -1.024018508293096, 44.755055742401858 ], [ -1.02502864095084, 44.755073221871939 ], [ -1.025022509654704, 44.755253161030218 ], [ -1.026032646363033, 44.755270631680247 ], [ -1.026026518140444, 44.7554505709412 ], [ -1.026531588404829, 44.755459302972277 ], [ -1.026525461690324, 44.755639242281362 ], [ -1.027030533749966, 44.755647972134589 ], [ -1.027024408543575, 44.755827911491771 ], [ -1.027529482398438, 44.755836639167157 ], [ -1.027523358700194, 44.756016578572428 ], [ -1.028028434350239, 44.756025304069915 ], [ -1.028022312160171, 44.75620524352329 ], [ -1.028779928414022, 44.756218327665486 ], [ -1.028773808514961, 44.75639826719415 ], [ -1.029026348163792, 44.756402627485919 ], [ -1.029001871125133, 44.757122385645815 ], [ -1.028749328345024, 44.757118025245241 ], [ -1.028737087915828, 44.757477904232665 ], [ -1.028484543627412, 44.757473543219568 ], [ -1.028502906533658, 44.756933724810537 ], [ -1.028250364651129, 44.756929363320957 ], [ -1.028256486287941, 44.756749423865784 ], [ -1.027498863333162, 44.756736336130054 ], [ -1.027504987261029, 44.756556396750184 ], [ -1.026999907143822, 44.756547668857003 ], [ -1.027006032579889, 44.75636772952523 ], [ -1.026753493390218, 44.756363364768731 ], [ -1.026759619551661, 44.756183425457834 ], [ -1.026254542910196, 44.756174694324997 ], [ -1.026260670579786, 44.75599475506224 ], [ -1.02575559573366, 44.755986021751553 ], [ -1.025761724911368, 44.7558060825369 ], [ -1.025004115421446, 44.755792978467014 ], [ -1.025010246890008, 44.755613039327784 ], [ -1.024505175749637, 44.755604300545329 ], [ -1.024511308726245, 44.755424361454239 ], [ -1.023753704795166, 44.755411249176781 ], [ -1.023759840062539, 44.755231310161165 ], [ -1.023002238997323, 44.755218192942905 ], [ -1.023008376555411, 44.755038254002756 ], [ -1.021998245738255, 44.755020756674675 ], [ -1.021992105049206, 44.755200695505636 ], [ -1.021739571706067, 44.755196319751164 ], [ -1.021727288589778, 44.755556197339452 ], [ -1.021979823498416, 44.755560573148507 ], [ -1.021973682636676, 44.755740511960411 ], [ -1.021721146945275, 44.755736136124042 ], [ -1.021635157876862, 44.758255278440799 ], [ -1.021382611283624, 44.758250901664056 ], [ -1.021376467992599, 44.758430840325978 ], [ -1.021629015368705, 44.758435217130028 ], [ -1.021604444760255, 44.759154971823342 ], [ -1.023372299925835, 44.759185594588324 ], [ -1.02337843718401, 44.759005655733453 ], [ -1.024641188685329, 44.759027512256345 ], [ -1.02464732197148, 44.758847573258763 ], [ -1.025910070995698, 44.758869415691834 ], [ -1.025916200309879, 44.758689476551631 ], [ -1.02692639743197, 44.758706940342627 ], [ -1.026932523557132, 44.75852700108711 ], [ -1.028447816265626, 44.758553179866091 ], [ -1.028453937636048, 44.758373240440882 ], [ -1.029464130791271, 44.758390681688667 ], [ -1.029451894256188, 44.75875056075035 ], [ -1.029199344315545, 44.758746201221214 ], [ -1.029187105985223, 44.759106080203097 ], [ -1.028934554536126, 44.759101720061395 ], [ -1.028922314410503, 44.759461598963462 ], [ -1.028669761452933, 44.759457238209187 ], [ -1.028657519531943, 44.759817117031417 ], [ -1.028404965065885, 44.759812755664584 ], [ -1.028398843236372, 44.759992695038967 ], [ -1.028146288044755, 44.759988333086753 ], [ -1.028134042647644, 44.760348211762 ], [ -1.02788148594751, 44.760343849197191 ], [ -1.027869238754865, 44.76070372779261 ], [ -1.027616680546197, 44.760699364615178 ], [ -1.027610556080781, 44.760879303876131 ], [ -1.027357997146547, 44.760874940113304 ], [ -1.027345746477489, 44.761234818561668 ], [ -1.027093186034694, 44.761230454186219 ], [ -1.027080933569931, 44.761590332554711 ], [ -1.026828371618555, 44.761585967566603 ], [ -1.026816117358024, 44.761945845855223 ], [ -1.02656355389805, 44.761941480254421 ], [ -1.026557425898595, 44.762121419361954 ], [ -1.026304861713039, 44.762117053175722 ], [ -1.026286475020842, 44.762656870378486 ], [ -1.02603390854361, 44.76265250355231 ], [ -1.02602777874824, 44.762832442579942 ], [ -1.026280346008527, 44.762836809433352 ], [ -1.026249700085065, 44.763736504612382 ], [ -1.025997128909377, 44.763732137622746 ], [ -1.026003258992086, 44.76355219862689 ], [ -1.025498118379309, 44.763543463027418 ], [ -1.025504249970722, 44.763363524079701 ], [ -1.024493972567364, 44.763346046291062 ], [ -1.024500107233604, 44.763166107446047 ], [ -1.02374240213416, 44.763152993325015 ], [ -1.023748539092092, 44.762973054555452 ], [ -1.022738269563927, 44.762955561354801 ], [ -1.022744409596559, 44.762775622688039 ], [ -1.021986710403976, 44.762762497008168 ], [ -1.02199285272819, 44.762582558416931 ], [ -1.021487721787134, 44.76257380522722 ], [ -1.021493865619846, 44.762393866684242 ], [ -1.021241301018745, 44.762389489279414 ], [ -1.021253590077434, 44.762029612228993 ], [ -1.021506153112477, 44.762033989579201 ], [ -1.021512296772398, 44.761854051017167 ], [ -1.022017421449229, 44.761862803988421 ], [ -1.022023563485538, 44.761682865365394 ], [ -1.021265878905712, 44.761669735153156 ], [ -1.021259734520374, 44.761849673694265 ], [ -1.020754610189134, 44.761840917373853 ], [ -1.020699294034126, 44.763460363465924 ], [ -1.020446724907533, 44.763455984222539 ], [ -1.02037910132082, 44.765435306223893 ], [ -1.020126523637577, 44.765430926121709 ], [ -1.020108077281356, 44.76597074099746 ], [ -1.020360657314104, 44.765975121181654 ], [ -1.020336064498198, 44.766694874369591 ], [ -1.020083481332677, 44.76669049407608 ], [ -1.020028137075618, 44.768309938130969 ], [ -1.019775546918583, 44.768305557033194 ], [ -1.019769396485146, 44.768485495202377 ], [ -1.020021987425457, 44.768489876327479 ], [ -1.02001583771764, 44.768669814517665 ], [ -1.019763245994043, 44.7686654333652 ], [ -1.019732492673571, 44.769565124083954 ], [ -1.019479897091111, 44.769560742236493 ], [ -1.019492200158927, 44.76920086602275 ], [ -1.018987012300297, 44.769192100762154 ], [ -1.018999318270629, 44.768832224632348 ], [ -1.019251910604501, 44.76883660748711 ], [ -1.019270366777507, 44.768296793162634 ], [ -1.018765186867138, 44.768288027058894 ], [ -1.018771340375986, 44.768108088992705 ], [ -1.018518751290602, 44.768103705130684 ], [ -1.018512596998487, 44.768283643169532 ], [ -1.018260007187535, 44.768279258721847 ], [ -1.018247696863655, 44.768639134725689 ], [ -1.017995105543856, 44.768634749664983 ], [ -1.017988949512068, 44.768814687630034 ], [ -1.017231173549137, 44.76880152901586 ], [ -1.017237331930781, 44.76862159113292 ], [ -1.016984740841888, 44.768617203838936 ], [ -1.016990899949074, 44.768437265976992 ], [ -1.016233129378714, 44.768424100827211 ], [ -1.016239290777962, 44.768244163041118 ], [ -1.015734112253069, 44.7682353835378 ], [ -1.015740275161073, 44.768055445800073 ], [ -1.014729921937733, 44.768037880203302 ], [ -1.014736087920955, 44.767857942568789 ], [ -1.014483500542872, 44.767853549801238 ], [ -1.014471166952111, 44.768213425009087 ], [ -1.014218578065339, 44.768209031628423 ], [ -1.01421241039997, 44.768388969195378 ], [ -1.013707231233381, 44.768380180704256 ], [ -1.013719569639324, 44.768020305673645 ], [ -1.014224745672883, 44.76802909405508 ], [ -1.014243248148578, 44.767489281296939 ], [ -1.013232905711678, 44.767471702629841 ], [ -1.013239076220832, 44.767291765140747 ], [ -1.012986491539438, 44.767287369105674 ], [ -1.012992662773956, 44.767107431637633 ], [ -1.012487495151172, 44.767098637947477 ], [ -1.01249366789425, 44.766918700527924 ], [ -1.011735919243741, 44.76690550588787 ], [ -1.011754444174467, 44.766365693838026 ], [ -1.012007024650517, 44.76637009252731 ], [ -1.01201319872847, 44.766190155137188 ], [ -1.012265778479227, 44.76619455324078 ], [ -1.012271951716127, 44.76601461581685 ], [ -1.012524530741591, 44.766019013334741 ], [ -1.012518358287861, 44.766198950786119 ], [ -1.013528678100993, 44.766216535384714 ], [ -1.013522508722105, 44.766396472939419 ], [ -1.013775089603183, 44.766400867720833 ], [ -1.013768920949645, 44.766580805296591 ], [ -1.014021502671741, 44.766585199547123 ], [ -1.01402767054209, 44.766405261943945 ], [ -1.014280251538824, 44.766409655608797 ], [ -1.014274084451663, 44.766589593239395 ], [ -1.014779248184951, 44.766598378949091 ], [ -1.014773082606365, 44.766778316628105 ], [ -1.015278248137262, 44.766787100159497 ], [ -1.015272084067286, 44.766967037886992 ], [ -1.015777251395752, 44.766975819240038 ], [ -1.015801901063364, 44.766256068072778 ], [ -1.015549320503025, 44.766251677784965 ], [ -1.015592460679229, 44.764992113189024 ], [ -1.015339885658756, 44.764987722534691 ], [ -1.015376865398058, 44.763908095654401 ], [ -1.015124295134007, 44.763903704606221 ], [ -1.015155113909846, 44.763004015501309 ], [ -1.014902547618914, 44.762999624031885 ], [ -1.014933368865338, 44.762099934904903 ], [ -1.014680806547338, 44.762095543014276 ], [ -1.014717794834031, 44.761015916016298 ], [ -1.01446523727175, 44.761011523731902 ], [ -1.014489898105544, 44.760291772382288 ], [ -1.013984789417985, 44.760282986358241 ], [ -1.01397862273035, 44.760462924150396 ], [ -1.013220957783783, 44.760449740845935 ], [ -1.013227126820229, 44.760269803136069 ], [ -1.012722018710871, 44.760261011530503 ], [ -1.012734359741969, 44.759901136201329 ], [ -1.011976702709331, 44.759887944771442 ], [ -1.011982875486849, 44.759708007179604 ], [ -1.01122522132374, 44.75969481080876 ], [ -1.011231396392102, 44.759514873292893 ], [ -1.010221194783359, 44.759497270427573 ], [ -1.010227372925404, 44.759317333015183 ], [ -1.009469724675617, 44.759304125088157 ], [ -1.009475905108397, 44.759124187751809 ], [ -1.008718259728695, 44.759110974884045 ], [ -1.008724442452161, 44.758931037623768 ], [ -1.007966799942708, 44.758917819815323 ], [ -1.007942059306483, 44.759637568488401 ], [ -1.007689508787756, 44.759633161326036 ], [ -1.007640018468666, 44.761072658146588 ], [ -1.007387461744528, 44.761068250206051 ], [ -1.007325585796102, 44.762867620383631 ], [ -1.007073021300061, 44.762863211609876 ], [ -1.007023510100205, 44.764302707073398 ], [ -1.007781222555727, 44.764315932380079 ], [ -1.007775035743923, 44.764495869366876 ], [ -1.008785322962291, 44.764513495403925 ], [ -1.008779139224884, 44.764693432494319 ], [ -1.009031711957525, 44.764697837635488 ], [ -1.009025528945255, 44.764877774747006 ], [ -1.009530676150642, 44.764886583409599 ], [ -1.009524494646642, 44.765066520569704 ], [ -1.009777069119387, 44.765070924091106 ], [ -1.009770888340557, 44.765250861272314 ], [ -1.01027603902612, 44.76525966669535 ], [ -1.010269859755617, 44.765439603925117 ], [ -1.010775012239169, 44.765448407170076 ], [ -1.01076883447702, 44.765628344448416 ], [ -1.011273988758527, 44.765637145515257 ], [ -1.011267812504762, 44.765817082842148 ], [ -1.011772968584183, 44.765825881730869 ], [ -1.011760619035594, 44.766185756475323 ], [ -1.011508039400609, 44.766181357255213 ], [ -1.011495688054106, 44.766541231919312 ], [ -1.011243106910663, 44.766536832086011 ], [ -1.011236930367376, 44.766716769381063 ], [ -1.010984348498649, 44.766712368962054 ], [ -1.010990525825124, 44.766532431694444 ], [ -1.010485363827792, 44.766523629236495 ], [ -1.010491542662715, 44.76634369201745 ], [ -1.009986382463452, 44.766334887381333 ], [ -1.009992562806786, 44.766154950210861 ], [ -1.00948740440563, 44.766146143396618 ], [ -1.009493586257349, 44.765966206274697 ], [ -1.00873585143978, 44.765952991948815 ], [ -1.008742035583006, 44.765773054902979 ], [ -1.008236880894134, 44.765764242616051 ], [ -1.008243066545674, 44.765584305618852 ], [ -1.007737913655053, 44.765575491153896 ], [ -1.007744100814872, 44.765395554205327 ], [ -1.006986374263398, 44.765382328403525 ], [ -1.006992563714594, 44.765202391531083 ], [ -1.005982265590862, 44.765184749423334 ], [ -1.005976073007168, 44.765364686185691 ], [ -1.00622864823416, 44.765369097577548 ], [ -1.006222456375543, 44.765549034361058 ], [ -1.005969880365417, 44.765544622941697 ], [ -1.005963687665611, 44.765724559691314 ], [ -1.005711110930407, 44.76572014768621 ], [ -1.0057049173894, 44.765900084401913 ], [ -1.004694607896722, 44.765882430688762 ], [ -1.004688411165047, 44.766062367287979 ], [ -1.004183255200947, 44.766053537026778 ], [ -1.004177056844867, 44.766233473564562 ], [ -1.003924478166823, 44.766229057568999 ], [ -1.00394307541018, 44.765689248019271 ], [ -1.004195651738782, 44.765693663932154 ], [ -1.004201849920537, 44.765513727375279 ], [ -1.003949274375069, 44.765509311489929 ], [ -1.003955473281841, 44.765329374954248 ], [ -1.003702898577612, 44.76532495853823 ], [ -1.003709098209389, 44.765145022023717 ], [ -1.003456524346398, 44.765140605077008 ], [ -1.0034689250018, 44.764780732083985 ], [ -1.003721497298578, 44.764785148975577 ], [ -1.003727696755994, 44.764605212441964 ], [ -1.002212268545932, 44.764578702884293 ], [ -1.002224676683392, 44.76421883012874 ], [ -1.002477246340212, 44.764223249728779 ], [ -1.002489652678895, 44.763863376892573 ], [ -1.002237084588208, 44.763858957347693 ], [ -1.002243288453376, 44.763679020947606 ], [ -1.001485586879468, 44.76366575904644 ], [ -1.001491793035615, 44.763485822722693 ], [ -1.000986660509995, 44.763476978719403 ], [ -1.000999075779881, 44.7631171061632 ], [ -1.000746511170424, 44.763112683379411 ], [ -1.000752719501098, 44.762932747119351 ], [ -1.001005283327531, 44.762937169875542 ], [ -1.001011490816989, 44.762757233581503 ], [ -1.001264053918602, 44.762761655751909 ], [ -1.00127026056686, 44.762581719423913 ], [ -1.000260011641623, 44.762564027503572 ], [ -1.00025380186134, 44.762743963721157 ], [ -1.000506364788352, 44.762748387566134 ], [ -1.000475318928832, 44.763648068696597 ], [ -1.000222752086683, 44.763643644713639 ], [ -1.000210331769298, 44.764003517065994 ], [ -1.000715468644024, 44.764012364584154 ], [ -1.00069684242973, 44.764552173230506 ], [ -0.9996865595163, 44.764534475630107 ], [ -0.999698983315302, 44.764174603426419 ], [ -0.998688707598229, 44.764156897115413 ], [ -0.998694922542623, 44.763976961114473 ], [ -0.998442354542057, 44.763972533168825 ], [ -0.99845478582215, 44.763612661203069 ], [ -0.998202219445951, 44.76360823275445 ], [ -0.998196003051996, 44.763788168712878 ], [ -0.996933168130083, 44.763766017958574 ], [ -0.996914506852691, 44.764305825381022 ], [ -0.996661937694057, 44.764301393472586 ], [ -0.996649494984737, 44.764661265000413 ], [ -0.99639692431828, 44.764656832478451 ], [ -0.996384479809487, 44.765016703925454 ], [ -0.996889624333074, 44.765025568521743 ], [ -0.996895845050455, 44.764845632746123 ], [ -0.997400988241133, 44.764854495054209 ], [ -0.997394769089937, 44.765034430885102 ], [ -0.99714219668235, 44.765029999982552 ], [ -0.997123536529614, 44.765569807354055 ], [ -0.996870961831017, 44.765565375810326 ], [ -0.996858519871376, 44.765925247304182 ], [ -0.997111096136222, 44.765929678903234 ], [ -0.997104875852057, 44.766109614668217 ], [ -0.996852298804074, 44.766105183041532 ], [ -0.996846077678447, 44.766285118772522 ], [ -0.997098655509574, 44.766289550426848 ], [ -0.997092435108776, 44.766469486179112 ], [ -0.997345013781371, 44.766473917302889 ], [ -0.997338794105413, 44.766653853076413 ], [ -0.99708621464966, 44.76664942192501 ], [ -0.997073773556477, 44.767009293397663 ], [ -0.99732635457857, 44.767013724604318 ], [ -0.997320134727683, 44.767193660358728 ], [ -0.99757271659127, 44.767198091034778 ], [ -0.997578935658975, 44.767018155252728 ], [ -0.997831516797684, 44.767022585342879 ], [ -0.997837735023913, 44.766842649526815 ], [ -0.998090315437744, 44.766847079031045 ], [ -0.998096532822508, 44.76666714318096 ], [ -0.998349112511457, 44.766671572099305 ], [ -0.998355329054771, 44.766491636215214 ], [ -0.998607908018839, 44.766496064547653 ], [ -0.998614123720718, 44.766316128629576 ], [ -0.998866701959904, 44.766320556376144 ], [ -0.998854272064193, 44.766680428261168 ], [ -0.999359431849992, 44.766689282189979 ], [ -0.999353218381079, 44.766869218178179 ], [ -0.999605799144531, 44.766873644332804 ], [ -0.999618224457768, 44.766513772294822 ], [ -0.999870803713127, 44.76651819783595 ], [ -0.999864591868798, 44.766698133885747 ], [ -1.000369752120549, 44.766706983348435 ], [ -1.000375962398546, 44.766527047243443 ], [ -1.00062854182859, 44.766531471109793 ], [ -1.000622332333763, 44.766711407242425 ], [ -1.001127492934824, 44.766720253355508 ], [ -1.00111507690324, 44.767080125711992 ], [ -1.000862495007244, 44.767075702879353 ], [ -1.000856286120958, 44.767255639020469 ], [ -1.000603703499983, 44.767251215602002 ], [ -1.000597493772291, 44.767431151709118 ], [ -1.000344910426332, 44.767426727704766 ], [ -1.000351120937221, 44.767246791625219 ], [ -0.999845955986383, 44.767237941996896 ], [ -0.999852168005425, 44.767058005966213 ], [ -0.999599586400549, 44.767053580342264 ], [ -0.999587160737841, 44.767413452342026 ], [ -0.998829411573569, 44.767400171954762 ], [ -0.998823196305246, 44.76758010786223 ], [ -0.998570612583817, 44.767575679922302 ], [ -0.998576828635341, 44.767395744042446 ], [ -0.998324245755388, 44.767391315571878 ], [ -0.998318028920663, 44.76757125142408 ], [ -0.998065445315795, 44.76756682236757 ], [ -0.998059227639582, 44.767746758185758 ], [ -0.997806643309801, 44.767742328543406 ], [ -0.997800424792082, 44.767922264327581 ], [ -0.997295254741001, 44.767913403312612 ], [ -0.997289034598546, 44.76809333903514 ], [ -0.997036448877257, 44.768088907662609 ], [ -0.997030227893262, 44.768268843351109 ], [ -0.99677764144707, 44.768264411392622 ], [ -0.996765197737638, 44.768624282695214 ], [ -0.996512609783308, 44.768619850123116 ], [ -0.996506387057849, 44.768799785737194 ], [ -0.995496032691022, 44.768782049755195 ], [ -0.995489806774218, 44.768961985252233 ], [ -0.995237217545168, 44.768957549833303 ], [ -0.9952496708869, 44.768597678888163 ], [ -0.994997083282716, 44.768593242966276 ], [ -0.994990855857796, 44.768773178414364 ], [ -0.994485679258106, 44.76876430484036 ], [ -0.994510594873322, 44.768044563231228 ], [ -0.994763180011055, 44.76804900018665 ], [ -0.994750723886685, 44.768408871059336 ], [ -0.995003310649252, 44.768413307511835 ], [ -0.995009537957405, 44.768233372050986 ], [ -0.995262123995126, 44.768237807917544 ], [ -0.995255897470199, 44.768417743406062 ], [ -0.995508484349524, 44.768422178741965 ], [ -0.995520935774555, 44.768062307703218 ], [ -0.995268350461678, 44.768057872422659 ], [ -0.995280803219661, 44.767698001413756 ], [ -0.995533386966117, 44.767702436638992 ], [ -0.99554583792422, 44.767342565549257 ], [ -0.995798420162651, 44.767347000160846 ], [ -0.995810869320936, 44.76698712899028 ], [ -0.996063450051364, 44.766991562988281 ], [ -0.996082121001638, 44.766451756101617 ], [ -0.995829542620698, 44.766447322186593 ], [ -0.995848215395281, 44.765907515325509 ], [ -0.996100791426797, 44.765911949157577 ], [ -0.996113238085181, 44.765552077829646 ], [ -0.995860663619911, 44.765547644052944 ], [ -0.995879335519232, 44.765007837096213 ], [ -0.996131907635189, 44.765012270789953 ], [ -0.996150576660132, 44.764472463692876 ], [ -0.995898006893422, 44.764468030082114 ], [ -0.995904230568123, 44.764288094398019 ], [ -0.996156799551766, 44.764292527981098 ], [ -0.996181690534936, 44.763572785070231 ], [ -0.996434256444714, 44.763577217984441 ], [ -0.996446700020227, 44.763217346435468 ], [ -0.996194135676504, 44.763212913576552 ], [ -0.996212802951352, 44.762673106288204 ], [ -0.996465364946046, 44.762677539064157 ], [ -0.996471586471336, 44.762497603260975 ], [ -0.996976709069702, 44.762506467083014 ], [ -0.99698292897069, 44.762326531218172 ], [ -0.997488050236312, 44.762335392752192 ], [ -0.997481831901304, 44.762515328672336 ], [ -0.997229270456351, 44.762510898156769 ], [ -0.997210612752542, 44.763050705796026 ], [ -0.997463176546508, 44.763055136394556 ], [ -0.997456957978316, 44.763235072289206 ], [ -0.997709522613602, 44.763239502357138 ], [ -0.997697086868389, 44.763599374182618 ], [ -0.997949653128028, 44.763603803747621 ], [ -0.997962087307177, 44.76324393186691 ], [ -0.998467216869168, 44.763252789211812 ], [ -0.998461001374794, 44.76343272521062 ], [ -0.999471264330059, 44.763450433312556 ], [ -0.999477476692307, 44.763270497203258 ], [ -0.999982606953339, 44.763279347849803 ], [ -0.999988817691297, 44.763099411678915 ], [ -0.998978560534289, 44.763081708263471 ], [ -0.99899098809965, 44.762721836123511 ], [ -0.998738425522037, 44.762717408929412 ], [ -0.998732210985474, 44.762897344974967 ], [ -0.998479647683113, 44.762892917195067 ], [ -0.998473432305273, 44.763072853206616 ], [ -0.998220868278162, 44.76306842484086 ], [ -0.998227084439017, 44.762888488856937 ], [ -0.997974521253194, 44.762884059960676 ], [ -0.99799317173511, 44.762344252053509 ], [ -0.997740610956567, 44.762339822681945 ], [ -0.997746828450297, 44.762159886727787 ], [ -0.997999388445857, 44.762164316071726 ], [ -0.998005605098323, 44.76198438008354 ], [ -0.998258164369182, 44.761988808841679 ], [ -0.998264380180402, 44.761808872819493 ], [ -0.998011821692512, 44.761804444088995 ], [ -0.998018038228424, 44.761624508088083 ], [ -0.997765480581774, 44.761620078827029 ], [ -0.997771697842364, 44.761440142847398 ], [ -0.997266584289832, 44.761431282706099 ], [ -0.99729145901285, 44.760711538944818 ], [ -0.997544012628227, 44.760715969183948 ], [ -0.997556448074132, 44.760356097209815 ], [ -0.99780900018197, 44.760360526835541 ], [ -0.99782143382893, 44.760000654780612 ], [ -0.998073984429247, 44.760005083792933 ], [ -0.998098847892321, 44.759285339496039 ], [ -0.998351395419394, 44.759289767839732 ], [ -0.998357610356631, 44.759109831721958 ], [ -0.998610157159102, 44.759114259479873 ], [ -0.998635013194079, 44.758394514834492 ], [ -0.998887556923431, 44.758398941923815 ], [ -0.998906195989581, 44.757859133289998 ], [ -0.998401113286031, 44.757850278718934 ], [ -0.998407327757204, 44.757670342550142 ], [ -0.99790224685228, 44.757661485802004 ], [ -0.997908462830787, 44.757481549682083 ], [ -0.99715084425882, 44.757468260457095 ], [ -0.997157062527412, 44.757288324413729 ], [ -0.996146908378695, 44.757270597744508 ], [ -0.996153129720099, 44.757090661805364 ], [ -0.995648054561175, 44.757081795177598 ], [ -0.995654277409796, 44.756901859287396 ], [ -0.995401740700595, 44.75689742516407 ], [ -0.995407964273638, 44.756717489295163 ], [ -0.994650356844377, 44.75670418365975 ], [ -0.994656582707329, 44.756524247867475 ], [ -0.993646443416397, 44.756506499318078 ], [ -0.993652672351945, 44.756326563630161 ], [ -0.993147604622266, 44.756317686062481 ], [ -0.993153835064887, 44.756137750423555 ], [ -0.992648769134282, 44.756128870679042 ], [ -0.992655001083943, 44.755948935089165 ], [ -0.991644873054685, 44.755931169014339 ], [ -0.991657343040426, 44.755571298037125 ], [ -0.991404812744624, 44.755566855178728 ], [ -0.991417284061966, 44.755206984231457 ], [ -0.992174870428543, 44.755220310966195 ], [ -0.992181103651491, 44.755040375399837 ], [ -0.991423519632961, 44.755027048748232 ], [ -0.991429755145504, 44.754847113258656 ], [ -0.990924700990738, 44.754838226089539 ], [ -0.990930938010163, 44.754658290649033 ], [ -0.990425885654586, 44.754649401303276 ], [ -0.990432124180859, 44.754469465911832 ], [ -0.989422023302126, 44.754451680634993 ], [ -0.989428264900514, 44.754271745348142 ], [ -0.988670692203701, 44.754258400614631 ], [ -0.988676936091496, 44.754078465404639 ], [ -0.98766684311239, 44.754060664725465 ], [ -0.98767309007217, 44.753880729620157 ], [ -0.986915523300543, 44.753867373335041 ], [ -0.986921772549624, 44.753687438306692 ], [ -0.984649082442311, 44.753647339569326 ], [ -0.984642826149697, 44.753827274347515 ], [ -0.984390304537171, 44.753822816114464 ], [ -0.984396561612396, 44.753642881364065 ], [ -0.984144040841135, 44.753638422600844 ], [ -0.984137782983298, 44.753818357323389 ], [ -0.982875176093963, 44.75379605499807 ], [ -0.982881437864843, 44.753616120414662 ], [ -0.982628917445641, 44.753611658303441 ], [ -0.982227995649314, 44.765127456988225 ], [ -0.982733136749656, 44.765136384216554 ], [ -0.982726872003977, 44.765316318419188 ], [ -0.983232014905396, 44.765325243470301 ], [ -0.983213225014525, 44.765865046206955 ], [ -0.982960651185178, 44.765860583876986 ], [ -0.982966915323952, 44.765680649665669 ], [ -0.982714342336429, 44.765676186805322 ], [ -0.982720607199569, 44.765496252615449 ], [ -0.98246803505387, 44.76549178922469 ], [ -0.982474300641363, 44.765311855056282 ], [ -0.982221729337484, 44.765307391135174 ], [ -0.982046248752997, 44.770345544657197 ], [ -0.982298841985968, 44.770350009358161 ], [ -0.982267505236169, 44.771249679242452 ], [ -0.982772699711414, 44.771258607247951 ], [ -0.982778965612255, 44.77107867322816 ], [ -0.983031562154682, 44.771083136365569 ], [ -0.983050357154823, 44.770543334184367 ], [ -0.984060734512155, 44.770561180816593 ], [ -0.984054472704043, 44.770741114994713 ], [ -0.98455966330158, 44.77075003501654 ], [ -0.984553403001376, 44.770929969243937 ], [ -0.985563788033946, 44.770947802698913 ], [ -0.985551273524031, 44.771307671357079 ], [ -0.985803871495499, 44.771312128380629 ], [ -0.985791358317599, 44.77167199706885 ], [ -0.986043957914401, 44.771676453589642 ], [ -0.986037702020813, 44.771856387952006 ], [ -0.985279901056343, 44.77184301663118 ], [ -0.985273642754033, 44.772022950903711 ], [ -0.985021041766529, 44.772018492652272 ], [ -0.985014782622181, 44.772198426890611 ], [ -0.984256977661708, 44.772185048702632 ], [ -0.984250716108573, 44.77236498285113 ], [ -0.983745511528373, 44.772356061211731 ], [ -0.983739248349783, 44.772535995298163 ], [ -0.9839918513939, 44.772540456424906 ], [ -0.98398558893997, 44.772720390532804 ], [ -0.982722570389774, 44.772698079176394 ], [ -0.982735103072679, 44.772338211232601 ], [ -0.982482501105611, 44.772333747341911 ], [ -0.9824887681423, 44.772153813388286 ], [ -0.98198356595117, 44.772144883987579 ], [ -0.98197102868557, 44.772504751777021 ], [ -0.982223631318484, 44.772509216812267 ], [ -0.982217363380903, 44.772689150725249 ], [ -0.981964759964612, 44.772684685662163 ], [ -0.98160107356614, 44.783120840075 ], [ -1.072558408222211, 44.784692747439415 ] ], [ [ -1.050600604484983, 44.78359973990564 ], [ -1.050347943031754, 44.783595425276495 ], [ -1.050360060345328, 44.783235543286864 ], [ -1.050107400516809, 44.78323122815295 ], [ -1.050119519170998, 44.782871346191811 ], [ -1.050877494123386, 44.782884289756119 ], [ -1.050859323112304, 44.783424112930611 ], [ -1.050606662386224, 44.783419798887067 ], [ -1.050600604484983, 44.78359973990564 ] ], [ [ -1.049589959012983, 44.783582478037275 ], [ -1.047063349312493, 44.783539284261558 ], [ -1.047081555771279, 44.782999462318415 ], [ -1.047334214133552, 44.783003784128958 ], [ -1.047352417728435, 44.782463962047849 ], [ -1.047605073795864, 44.78246828321889 ], [ -1.047611140763132, 44.782288342485536 ], [ -1.049379729340338, 44.782318574852916 ], [ -1.049373667860391, 44.782498515774897 ], [ -1.049626324382736, 44.782502832476986 ], [ -1.049589959012983, 44.783582478037275 ] ], [ [ -1.050889607846792, 44.782524407608101 ], [ -1.050131637597914, 44.782511464205285 ], [ -1.050137696726147, 44.782331523202515 ], [ -1.050895664623303, 44.782344466524592 ], [ -1.050889607846792, 44.782524407608101 ] ], [ [ -1.049878980961913, 44.782507148620461 ], [ -1.049626324382736, 44.782502832476986 ], [ -1.049638445717993, 44.782142950572819 ], [ -1.049891100729368, 44.782147266662435 ], [ -1.049878980961913, 44.782507148620461 ] ], [ [ -1.019640596488075, 44.779646032091051 ], [ -1.019135317510154, 44.779637265892219 ], [ -1.019153781717557, 44.77909745263058 ], [ -1.018901144666328, 44.779093068775403 ], [ -1.018919610705454, 44.778553255538597 ], [ -1.018414341478354, 44.778544486316818 ], [ -1.018426655017258, 44.778184610903217 ], [ -1.017921389155798, 44.778175839556845 ], [ -1.017927547405997, 44.777995901895224 ], [ -1.018432811700119, 44.778004673186885 ], [ -1.018438968325252, 44.777824735464186 ], [ -1.018691599775246, 44.777829120244903 ], [ -1.018685443933775, 44.778009057994993 ], [ -1.01893807622515, 44.77801344224455 ], [ -1.01893192110963, 44.778193380015594 ], [ -1.019437187432854, 44.778202146893918 ], [ -1.01942488016341, 44.778562022526309 ], [ -1.020688054817918, 44.77858393022165 ], [ -1.020675755154675, 44.778943806101964 ], [ -1.020423118541015, 44.778939425625282 ], [ -1.020416967839186, 44.779119363528558 ], [ -1.020164330499486, 44.779114982466012 ], [ -1.020158178956264, 44.779294920335637 ], [ -1.019905540890525, 44.779290538687228 ], [ -1.019899388505898, 44.779470476523116 ], [ -1.019646749714122, 44.779466094288843 ], [ -1.019640596488075, 44.779646032091051 ] ], [ [ -0.995393695416266, 44.77904279932072 ], [ -0.994888429152395, 44.779033925941519 ], [ -0.994894659122606, 44.778853990829219 ], [ -0.995399923819156, 44.778862864153076 ], [ -0.995393695416266, 44.77904279932072 ] ], [ [ -0.994383163122183, 44.779025050328329 ], [ -0.993877897325688, 44.779016172481143 ], [ -0.993884130430533, 44.778836237479616 ], [ -0.994389394659712, 44.778845115271423 ], [ -0.994383163122183, 44.779025050328329 ] ], [ [ -0.993625264515103, 44.779011732719809 ], [ -0.993119999069293, 44.779002851521639 ], [ -0.993126234525108, 44.778822916603211 ], [ -0.993631498403604, 44.778831797745958 ], [ -0.993625264515103, 44.779011732719809 ] ], [ [ -0.997673617843547, 44.778902766464746 ], [ -0.997168352096271, 44.778893903193847 ], [ -0.997174574955169, 44.778713967826171 ], [ -0.997679839135124, 44.778722831041755 ], [ -0.997673617843547, 44.778902766464746 ] ], [ [ -1.066157286616593, 44.779543250429178 ], [ -1.065904640525383, 44.779538970518843 ], [ -1.065934687513832, 44.778639256559195 ], [ -1.066187329686043, 44.778643536335991 ], [ -1.066193338130911, 44.778463593498373 ], [ -1.066951262634213, 44.778476429397294 ], [ -1.066957268671426, 44.778296486473266 ], [ -1.067462550387677, 44.778305040893045 ], [ -1.067468554801041, 44.778125097909303 ], [ -1.068479115774034, 44.778142199939438 ], [ -1.068467113161178, 44.778502086114024 ], [ -1.06871975511267, 44.778506360278499 ], [ -1.06870175312271, 44.779046189572881 ], [ -1.067943820382939, 44.779033365163684 ], [ -1.067955826468615, 44.778673479133793 ], [ -1.067703183902182, 44.778669203266944 ], [ -1.067691176248919, 44.779029089243487 ], [ -1.067438532171194, 44.779024812764703 ], [ -1.067432527476316, 44.77920475571684 ], [ -1.066927237922183, 44.779196201030175 ], [ -1.066921231603376, 44.779376143922562 ], [ -1.066163295343165, 44.779363307623193 ], [ -1.066157286616593, 44.779543250429178 ] ], [ [ -1.017915230847856, 44.778355777212099 ], [ -1.016399429947478, 44.778329449604541 ], [ -1.016405592957466, 44.778149512113551 ], [ -1.017921389155798, 44.778175839556845 ], [ -1.017915230847856, 44.778355777212099 ] ], [ [ -1.021963522509706, 44.778245947775048 ], [ -1.02019508735041, 44.778215293022591 ], [ -1.020201238547564, 44.778035355114852 ], [ -1.021969668221118, 44.778066009676046 ], [ -1.021963522509706, 44.778245947775048 ] ], [ [ -1.019689820681018, 44.778206529495328 ], [ -1.019437187432854, 44.778202146893918 ], [ -1.01944334098103, 44.778022209068183 ], [ -1.019695973445522, 44.778026591642252 ], [ -1.019689820681018, 44.778206529495328 ] ], [ [ -1.018944231282955, 44.777833504467125 ], [ -1.018691599775246, 44.777829120244903 ], [ -1.018697755558996, 44.777649182488489 ], [ -1.018950386283051, 44.777653566683355 ], [ -1.018944231282955, 44.777833504467125 ] ], [ [ -1.046246983180145, 44.777763890891897 ], [ -1.045994347833114, 44.777759567070575 ], [ -1.046000418807411, 44.777579626361117 ], [ -1.046253053370735, 44.777583950155453 ], [ -1.046246983180145, 44.777763890891897 ] ], [ [ -1.05155839233701, 44.77767462081701 ], [ -1.051305756579976, 44.777670308751738 ], [ -1.051311811039559, 44.777490367470151 ], [ -1.051564446012884, 44.777494679508521 ], [ -1.05155839233701, 44.77767462081701 ] ], [ [ -1.043726710299961, 44.777540687078719 ], [ -1.043474076306208, 44.777536357699184 ], [ -1.043480155060521, 44.777356417253301 ], [ -1.043732788270581, 44.777360746605851 ], [ -1.043726710299961, 44.777540687078719 ] ], [ [ -1.048033626145938, 44.777254319207664 ], [ -1.04752835941443, 44.777245678987626 ], [ -1.047534425515847, 44.777065738097349 ], [ -1.048039690679981, 44.777074378263457 ], [ -1.048033626145938, 44.777254319207664 ] ], [ [ -1.049808120545266, 44.777104601251651 ], [ -1.049555487536873, 44.777100285357449 ], [ -1.049561547311957, 44.776920344245248 ], [ -1.049814179536666, 44.776924660112527 ], [ -1.049808120545266, 44.777104601251651 ] ], [ [ -1.056130003599017, 44.77703237527637 ], [ -1.05537210284055, 44.777019467887818 ], [ -1.055378144534071, 44.776839526150845 ], [ -1.055125511844899, 44.776835222597832 ], [ -1.055119469367684, 44.77701516430794 ], [ -1.054866835951476, 44.777010860169526 ], [ -1.054878922416622, 44.776650976796645 ], [ -1.055636818133084, 44.776663887375236 ], [ -1.05564285892963, 44.776483945598734 ], [ -1.055895490164731, 44.776488247981064 ], [ -1.055889450151863, 44.776668189784374 ], [ -1.056142082227276, 44.776672491635011 ], [ -1.056130003599017, 44.77703237527637 ] ], [ [ -1.051835239378927, 44.776959166944124 ], [ -1.051582606699934, 44.776954855544986 ], [ -1.05158866014876, 44.776774914211153 ], [ -1.051841292044072, 44.776779225583375 ], [ -1.051835239378927, 44.776959166944124 ] ], [ [ -1.051077341512231, 44.776946231071165 ], [ -1.050572076551629, 44.776937604363248 ], [ -1.050578133135181, 44.776757663137033 ], [ -1.05032550152374, 44.776753348972214 ], [ -1.050331558834176, 44.776573407766584 ], [ -1.050078928063201, 44.776569093070194 ], [ -1.050084986100507, 44.776389151885112 ], [ -1.05059024613192, 44.776397780665555 ], [ -1.050596302545109, 44.776217839420319 ], [ -1.050848931862343, 44.776222152945891 ], [ -1.050836820546501, 44.776582035483848 ], [ -1.05108945148784, 44.776586348504708 ], [ -1.051077341512231, 44.776946231071165 ] ], [ [ -1.053104452371767, 44.77680077406692 ], [ -1.052851820192768, 44.776796465487237 ], [ -1.052857869666454, 44.776616524012617 ], [ -1.053110501061775, 44.776620832565406 ], [ -1.053104452371767, 44.77680077406692 ] ], [ [ -1.054373658888952, 44.776642366951712 ], [ -1.053868395587996, 44.776633754872719 ], [ -1.053874441870272, 44.77645381328422 ], [ -1.054379703603881, 44.776462425309489 ], [ -1.054373658888952, 44.776642366951712 ] ], [ [ -1.061489527097046, 44.775503104597 ], [ -1.061236899319704, 44.775498814662598 ], [ -1.061242922479838, 44.775318872252022 ], [ -1.060990295542611, 44.775314581785892 ], [ -1.060996319429906, 44.775134639395766 ], [ -1.060743693332794, 44.77513034839793 ], [ -1.060761767006639, 44.774590521269815 ], [ -1.060509143316868, 44.774586229793812 ], [ -1.060515168545445, 44.774406287431894 ], [ -1.060262545695769, 44.774401995424185 ], [ -1.0602806233933, 44.773862168380745 ], [ -1.059775382564978, 44.773853582850613 ], [ -1.059763327688793, 44.774213467445456 ], [ -1.060015949641865, 44.774217760543301 ], [ -1.060009922902597, 44.774397702857996 ], [ -1.059504677485778, 44.774389116050195 ], [ -1.059510705792235, 44.774209173789068 ], [ -1.059258083952202, 44.77420487957427 ], [ -1.059246025715574, 44.774564764036597 ], [ -1.058993402364878, 44.77456046920971 ], [ -1.059005462168695, 44.774200584801001 ], [ -1.058500218771302, 44.774191993579009 ], [ -1.05850625015557, 44.774012051418772 ], [ -1.058253629325279, 44.774007754996866 ], [ -1.058259661436571, 44.77382781285705 ], [ -1.058512281483288, 44.773832109252155 ], [ -1.058518312754456, 44.773652167079206 ], [ -1.058013074284715, 44.773643573784199 ], [ -1.05801910706645, 44.773463631658551 ], [ -1.057766488699982, 44.773459334200162 ], [ -1.05777855566086, 44.773099449983491 ], [ -1.057525938918056, 44.773095152020282 ], [ -1.057538007219719, 44.772735267831891 ], [ -1.057285392100557, 44.772730969363877 ], [ -1.057303496479272, 44.772191143114227 ], [ -1.057556109247896, 44.7721954415018 ], [ -1.057568176983811, 44.771835557250064 ], [ -1.057820788242017, 44.771839855025547 ], [ -1.057826821241629, 44.77165991286337 ], [ -1.058079431772913, 44.771664210053615 ], [ -1.058085463932483, 44.77148426785827 ], [ -1.058338073736848, 44.771488564463311 ], [ -1.058350136319383, 44.771128680000032 ], [ -1.058855352963879, 44.771137271427641 ], [ -1.058849323267815, 44.771317213716038 ], [ -1.059101932458333, 44.771321508619025 ], [ -1.059083845381376, 44.771861335526665 ], [ -1.059336456978864, 44.771865629951613 ], [ -1.05933042862365, 44.772045572268283 ], [ -1.059077816242667, 44.772041277816534 ], [ -1.05907178704743, 44.772221220100072 ], [ -1.058566560888053, 44.77221262946771 ], [ -1.058554499193933, 44.772572513908578 ], [ -1.058807113812378, 44.772576809557606 ], [ -1.058795053459132, 44.772936694026747 ], [ -1.059047669701173, 44.77294098917092 ], [ -1.05903561068885, 44.773300873668326 ], [ -1.059288228554509, 44.773305168307637 ], [ -1.059282199747104, 44.773485110573631 ], [ -1.059534818452845, 44.773489404681257 ], [ -1.059528790372474, 44.773669346967736 ], [ -1.060034029520635, 44.77367793356121 ], [ -1.060046082490618, 44.773318048874813 ], [ -1.06029870058234, 44.773322341280313 ], [ -1.060286649179478, 44.773682226020277 ], [ -1.060539268894819, 44.773686517920879 ], [ -1.060521193717528, 44.774226345063646 ], [ -1.060773815840099, 44.774230636486102 ], [ -1.060767791451614, 44.774410578881124 ], [ -1.061020414414267, 44.774414869771888 ], [ -1.061008367035047, 44.7747747545965 ], [ -1.061766240963506, 44.774787624078492 ], [ -1.061754198060098, 44.775147509038355 ], [ -1.061501571793566, 44.775143219715972 ], [ -1.061489527097046, 44.775503104597 ] ], [ [ -1.062000803630336, 44.775331740299436 ], [ -1.061748176523708, 44.775327451508794 ], [ -1.061754198060098, 44.775147509038355 ], [ -1.062006824383094, 44.775151797802245 ], [ -1.062000803630336, 44.775331740299436 ] ], [ [ -1.019356853723748, 44.773159502974686 ], [ -1.019104242531025, 44.773155120022004 ], [ -1.019110396030845, 44.772975182072862 ], [ -1.019363006440101, 44.772979564998181 ], [ -1.019356853723748, 44.773159502974686 ] ], [ [ -1.059805518766457, 44.772953871252717 ], [ -1.059552902354842, 44.772949577783905 ], [ -1.059558930209138, 44.772769635472102 ], [ -1.059811545837218, 44.772773928914148 ], [ -1.059805518766457, 44.772953871252717 ] ], [ [ -1.048690450218396, 44.772764430338675 ], [ -1.047932608635251, 44.772751474542929 ], [ -1.047938672531404, 44.772571533467151 ], [ -1.04768605956756, 44.77256721377865 ], [ -1.047692124190357, 44.772387272723471 ], [ -1.048197348607906, 44.772395911488111 ], [ -1.048191285552103, 44.772575852597207 ], [ -1.048443898629651, 44.77258017116884 ], [ -1.048456023117421, 44.772220288890409 ], [ -1.04870863468482, 44.772224606849733 ], [ -1.048690450218396, 44.772764430338675 ] ], [ [ -0.987054356888057, 44.771694274089349 ], [ -0.986549157283955, 44.771685364956198 ], [ -0.986561665761819, 44.771325496101142 ], [ -0.987066862232559, 44.771334405123127 ], [ -0.987054356888057, 44.771694274089349 ] ], [ [ -1.047692124190357, 44.772387272723471 ], [ -1.04743951206687, 44.772382952503506 ], [ -1.047445577416292, 44.772203011468932 ], [ -1.04769818875629, 44.772207331661917 ], [ -1.047692124190357, 44.772387272723471 ] ], [ [ -1.047192966133161, 44.772198690717488 ], [ -1.046940354906907, 44.772194369407664 ], [ -1.04694642176642, 44.772014428420668 ], [ -1.047199032209196, 44.77201874970357 ], [ -1.047192966133161, 44.772198690717488 ] ], [ [ -0.986315322548707, 44.771141106343343 ], [ -0.986062725243259, 44.771136650464285 ], [ -0.986068980902244, 44.770956716076419 ], [ -0.985816384438766, 44.770952259666814 ], [ -0.985835153413747, 44.7704124565483 ], [ -0.986087747527306, 44.770416912874467 ], [ -0.986094002951699, 44.770236978461064 ], [ -0.986346596340614, 44.77024143420109 ], [ -0.986377868666541, 44.76934176189927 ], [ -0.986630458197746, 44.769346216942047 ], [ -0.98664921853994, 44.768806413401002 ], [ -0.986901805780048, 44.768810867802046 ], [ -0.986914310815266, 44.7684509986872 ], [ -0.987419482338436, 44.768459905703338 ], [ -0.987431984006342, 44.768100036451827 ], [ -0.98793715263108, 44.768108941123685 ], [ -0.98794340181073, 44.76792900643278 ], [ -0.988448569103416, 44.767937908816009 ], [ -0.988442321490168, 44.768117843562443 ], [ -0.988694906007576, 44.768122293944408 ], [ -0.988688659118964, 44.768302228712209 ], [ -0.988941244478147, 44.768306678563654 ], [ -0.988934998314187, 44.768486613352856 ], [ -0.989440170774659, 44.768495511436385 ], [ -0.98941519179912, 44.769215250751458 ], [ -0.989667781250128, 44.769219699066795 ], [ -0.989661537143132, 44.769399633907355 ], [ -0.989914127435937, 44.769404081692144 ], [ -0.989907884053663, 44.769584016554063 ], [ -0.990160475188268, 44.769588463808304 ], [ -0.990154232530736, 44.769768398691603 ], [ -0.98990164061286, 44.769763951409615 ], [ -0.989895397113521, 44.769943886258808 ], [ -0.989390211886824, 44.769934989964419 ], [ -0.989383966762377, 44.770114924751717 ], [ -0.988626187011622, 44.770101576039465 ], [ -0.988619939478749, 44.770281510737085 ], [ -0.988367345562344, 44.770277060021932 ], [ -0.988361097187599, 44.770456994685411 ], [ -0.988108502546478, 44.770452543384152 ], [ -0.98810225332985, 44.770632478013489 ], [ -0.98759706265677, 44.77062357368046 ], [ -0.987603313440006, 44.770443639106688 ], [ -0.987098124567948, 44.770434732595902 ], [ -0.987091872218108, 44.770614667114117 ], [ -0.986839277086703, 44.770610212993454 ], [ -0.986833023894935, 44.770790147477484 ], [ -0.986580428038847, 44.770785692770716 ], [ -0.98657417400514, 44.770965627220569 ], [ -0.98632157742437, 44.770961171927667 ], [ -0.986315322548707, 44.771141106343343 ] ], [ [ -1.048967306900708, 44.772048983048073 ], [ -1.048714696059963, 44.772044665674102 ], [ -1.048738940992242, 44.771324900908084 ], [ -1.048991548699123, 44.771329218174316 ], [ -1.048967306900708, 44.772048983048073 ] ], [ [ -1.04694642176642, 44.772014428420668 ], [ -1.046693811380527, 44.772010106579373 ], [ -1.046699878966631, 44.771830165612997 ], [ -1.046952488569054, 44.771834487427327 ], [ -1.04694642176642, 44.772014428420668 ] ], [ [ -1.060088266105702, 44.772058452272979 ], [ -1.059835653555174, 44.772054159496477 ], [ -1.059847707075106, 44.77169427474967 ], [ -1.060100318058644, 44.771698567472569 ], [ -1.060088266105702, 44.772058452272979 ] ], [ [ -1.046699878966631, 44.771830165612997 ], [ -1.046447269421097, 44.771825843240229 ], [ -1.046453337733775, 44.771645902294487 ], [ -1.046705946495846, 44.771650224640283 ], [ -1.046699878966631, 44.771830165612997 ] ], [ [ -1.010829896513153, 44.771210798583162 ], [ -1.010577295120274, 44.771206396919368 ], [ -1.010583474678157, 44.771026459838389 ], [ -1.010836075287664, 44.771030861474742 ], [ -1.010829896513153, 44.771210798583162 ] ], [ [ -1.011088675955105, 44.771035262552701 ], [ -1.010836075287664, 44.771030861474742 ], [ -1.010842254004248, 44.770850924359905 ], [ -1.011094853888322, 44.770855325410409 ], [ -1.011088675955105, 44.771035262552701 ] ], [ [ -0.989617826754991, 44.770659177612671 ], [ -0.989365231037728, 44.770654729075297 ], [ -0.98937147633783, 44.770474794307177 ], [ -0.989624071271784, 44.770479242816762 ], [ -0.989617826754991, 44.770659177612671 ] ], [ [ -0.983050357154823, 44.770543334184367 ], [ -0.982797762962311, 44.770538871130491 ], [ -0.982804028628175, 44.77035893708517 ], [ -0.983056622037397, 44.770363400111201 ], [ -0.983050357154823, 44.770543334184367 ] ], [ [ -1.049244156462824, 44.771333534882118 ], [ -1.048991548699123, 44.771329218174316 ], [ -1.049021849668678, 44.770429511939405 ], [ -1.049274453515214, 44.770433828512573 ], [ -1.049298690134539, 44.769714063302835 ], [ -1.04955129090428, 44.769718379209898 ], [ -1.049575523481197, 44.76899861379097 ], [ -1.049828121174251, 44.76900292903197 ], [ -1.049852349709033, 44.768283163403943 ], [ -1.0501049443255, 44.768287477978859 ], [ -1.050129168818422, 44.767567712141734 ], [ -1.05038176035841, 44.767572026050665 ], [ -1.050424145552181, 44.766312435403151 ], [ -1.050676731666013, 44.76631674856538 ], [ -1.050688839643988, 44.765956865412328 ], [ -1.050941424248094, 44.765961177962453 ], [ -1.050953530432582, 44.765601294730267 ], [ -1.05120611352698, 44.765605606668259 ], [ -1.051230322082153, 44.764885840020199 ], [ -1.05148290210046, 44.764890151292278 ], [ -1.051507106615099, 44.764170384435197 ], [ -1.051759683557424, 44.764174695041461 ], [ -1.051771783908051, 44.76381481152108 ], [ -1.051519208532042, 44.763810500968624 ], [ -1.051513157601934, 44.763990442705079 ], [ -1.051260581499499, 44.763986131567442 ], [ -1.051272684869284, 44.76362624814201 ], [ -1.05152525940542, 44.763630559225831 ], [ -1.051549462331678, 44.762910792191242 ], [ -1.051802033792033, 44.762915102609234 ], [ -1.051777833998286, 44.763634869751399 ], [ -1.05203040864787, 44.763639179718702 ], [ -1.052042507091909, 44.763279296106539 ], [ -1.052295080231935, 44.763283605461801 ], [ -1.052282983354168, 44.76364348912773 ], [ -1.05253555811717, 44.763647797978521 ], [ -1.052523462578886, 44.764007681672886 ], [ -1.053281191906964, 44.764020605036954 ], [ -1.053269100840891, 44.764380488867225 ], [ -1.053774257142349, 44.764389101759392 ], [ -1.053768213090654, 44.76456904371878 ], [ -1.054525950317344, 44.764581958950551 ], [ -1.054519908558555, 44.764761900984176 ], [ -1.054267328643149, 44.764757596438344 ], [ -1.054261286044518, 44.764937538438723 ], [ -1.055019028310248, 44.764950450481976 ], [ -1.055012988004583, 44.765130392556635 ], [ -1.055265569656299, 44.765134695481308 ], [ -1.055259530077217, 44.765314637576473 ], [ -1.055764695116938, 44.765323241804637 ], [ -1.055758657047677, 44.765503183947139 ], [ -1.056011240435676, 44.765507485250616 ], [ -1.055981053156446, 44.766407196002277 ], [ -1.055475878604611, 44.766398592568635 ], [ -1.055463800163612, 44.766758476717563 ], [ -1.055716388977763, 44.766762778767223 ], [ -1.055710350455613, 44.766942720859056 ], [ -1.055962940109659, 44.766947022377238 ], [ -1.055968977848528, 44.766767080258575 ], [ -1.056221566775899, 44.766771381191596 ], [ -1.056215529820313, 44.766951323337125 ], [ -1.056720709411408, 44.766959923581808 ], [ -1.05670260290484, 44.767499750141226 ], [ -1.056197418613957, 44.767491149735541 ], [ -1.056191381431969, 44.767671091855654 ], [ -1.056443974332425, 44.767675392364517 ], [ -1.056437937877156, 44.767855334505164 ], [ -1.056943125414487, 44.767863933901509 ], [ -1.056937090469279, 44.76804387608945 ], [ -1.057442279799588, 44.768052473306035 ], [ -1.057448313178137, 44.767872531064441 ], [ -1.057195719268025, 44.767868232762147 ], [ -1.057207787422068, 44.767508348313591 ], [ -1.057460379765543, 44.767512646562238 ], [ -1.057454346500123, 44.767692588816516 ], [ -1.057706939683479, 44.767696886533663 ], [ -1.057700907144818, 44.767876828808419 ], [ -1.057953501168054, 44.767881125994023 ], [ -1.057947469356164, 44.768061068289228 ], [ -1.058200064219283, 44.768065364943304 ], [ -1.05820609524784, 44.767885422621305 ], [ -1.059469066494792, 44.767906897382424 ], [ -1.059475093550179, 44.767726954920072 ], [ -1.059980280877905, 44.767735540862525 ], [ -1.059986306310141, 44.767555598340273 ], [ -1.05973371340135, 44.767551305674992 ], [ -1.059739739560411, 44.767371363173211 ], [ -1.059487147491431, 44.767367069976402 ], [ -1.059493174377298, 44.767187127495028 ], [ -1.058987991975473, 44.767178539479964 ], [ -1.058994020371432, 44.766998597045877 ], [ -1.058741430038589, 44.766994302227623 ], [ -1.058747459161319, 44.766814359813992 ], [ -1.058494869668293, 44.766810064464202 ], [ -1.058500899517777, 44.766630122071021 ], [ -1.057995722267889, 44.766621529750111 ], [ -1.058007784930342, 44.766261645051969 ], [ -1.058260371960479, 44.766265941438029 ], [ -1.05825434144079, 44.766445883817035 ], [ -1.058759517237203, 44.766454474967723 ], [ -1.058753488227524, 44.766634417394016 ], [ -1.059006076993794, 44.766638712158652 ], [ -1.059000048710872, 44.766818654605416 ], [ -1.059252638316942, 44.766822948838538 ], [ -1.059246610760792, 44.767002891305779 ], [ -1.06025697288327, 44.767020062762136 ], [ -1.060250948403803, 44.767200005330146 ], [ -1.059998357005144, 44.767195713276791 ], [ -1.059992331685887, 44.767375655811691 ], [ -1.061255293160486, 44.76739711062902 ], [ -1.061267335909461, 44.767037225285144 ], [ -1.061772517761299, 44.767045803196666 ], [ -1.061784557151293, 44.766685917720402 ], [ -1.062037146595287, 44.766690205785153 ], [ -1.062043165422347, 44.766510263010787 ], [ -1.062295754139487, 44.766514550490442 ], [ -1.062307790057776, 44.76615466486917 ], [ -1.062812964528223, 44.766163238046566 ], [ -1.062818980836213, 44.765983295172958 ], [ -1.063324153965754, 44.765991866063601 ], [ -1.06331813922429, 44.766171808990677 ], [ -1.063065551848057, 44.766167523797797 ], [ -1.063053520629408, 44.766527409579496 ], [ -1.062800931743024, 44.76652312377481 ], [ -1.062794915265816, 44.766703066629425 ], [ -1.062542325652556, 44.766698780239643 ], [ -1.062536308335648, 44.766878723061211 ], [ -1.062283717995512, 44.766874436086361 ], [ -1.062277699838889, 44.767054378874846 ], [ -1.06202510877188, 44.767050091314907 ], [ -1.062013070722748, 44.767409976819351 ], [ -1.061760478145554, 44.767405688647585 ], [ -1.061754458253021, 44.767585631363545 ], [ -1.061501864948947, 44.767581342606682 ], [ -1.061489823427904, 44.767941227966091 ], [ -1.061237228613617, 44.767936938597359 ], [ -1.061231206985084, 44.768116881240815 ], [ -1.060978611443917, 44.768112591286979 ], [ -1.060966566450781, 44.768472476501344 ], [ -1.060461372404445, 44.768463894811468 ], [ -1.060449324051994, 44.768823779893424 ], [ -1.060196725546817, 44.768819488157405 ], [ -1.060190700502496, 44.768999430662113 ], [ -1.059938101270433, 44.768995138340927 ], [ -1.059932075386245, 44.769175080812502 ], [ -1.059679475427298, 44.769170787906205 ], [ -1.059667421922645, 44.769530672776767 ], [ -1.059414820453424, 44.769526379258544 ], [ -1.059396737422426, 44.770066206436553 ], [ -1.059144133659492, 44.770061912279523 ], [ -1.05912604776957, 44.770601739320171 ], [ -1.058873441712873, 44.77059744452437 ], [ -1.058885500596209, 44.770237559890546 ], [ -1.058632896162909, 44.770233264589926 ], [ -1.05864495638696, 44.769873379984368 ], [ -1.057634545486529, 44.769856193412508 ], [ -1.057640578647371, 44.769676251207436 ], [ -1.057387976847062, 44.769671953195306 ], [ -1.057394010734733, 44.769492011010747 ], [ -1.057141409774394, 44.769487712467075 ], [ -1.057129340375679, 44.769847596776259 ], [ -1.056371533133772, 44.769834697634018 ], [ -1.056377570211624, 44.769654755563053 ], [ -1.055872367233484, 44.769646153396657 ], [ -1.055878405821519, 44.769466211373057 ], [ -1.055373204636628, 44.769457607026808 ], [ -1.05536716448181, 44.769637548996748 ], [ -1.055114563190916, 44.76963324595922 ], [ -1.055108522196072, 44.76981318789597 ], [ -1.054603318217412, 44.769804580092071 ], [ -1.05460936077905, 44.769624638209031 ], [ -1.054356759658092, 44.76962033349637 ], [ -1.054362802946465, 44.769440391633843 ], [ -1.054110202665556, 44.769436086389675 ], [ -1.054116246680652, 44.769256144547683 ], [ -1.053863647239788, 44.769251838772007 ], [ -1.053869691981588, 44.769071896950543 ], [ -1.053617093380771, 44.769067590643346 ], [ -1.053629184261075, 44.768707707035134 ], [ -1.053123990362928, 44.768699092853154 ], [ -1.053130037284758, 44.768519151093329 ], [ -1.052877441204068, 44.768514843191674 ], [ -1.052883488852548, 44.768334901452363 ], [ -1.052630893611896, 44.768330593019229 ], [ -1.052636941987005, 44.768150651300452 ], [ -1.052889536444325, 44.768154959706706 ], [ -1.052901631457785, 44.767795076196343 ], [ -1.052649038567111, 44.767790767843906 ], [ -1.052655086772104, 44.767610826106086 ], [ -1.052149902727498, 44.767602207779873 ], [ -1.05215595244239, 44.767422266089518 ], [ -1.051903361288463, 44.767417956115828 ], [ -1.051909411729932, 44.767238014446001 ], [ -1.051404231158847, 44.767229392877383 ], [ -1.051422386842573, 44.766689567991271 ], [ -1.051169798991969, 44.766685256450181 ], [ -1.05115769369301, 44.767045139660112 ], [ -1.050905104332606, 44.767040827506904 ], [ -1.050899050814724, 44.767220769075436 ], [ -1.050646460727789, 44.767216456336982 ], [ -1.0506222429555, 44.767936222440163 ], [ -1.050369649792125, 44.767931909035724 ], [ -1.050345427978282, 44.768651674929835 ], [ -1.05009283173836, 44.768647360859404 ], [ -1.050068605882693, 44.769367126544402 ], [ -1.049816006566119, 44.769362811807952 ], [ -1.049779661378708, 44.770442459983713 ], [ -1.049527057418559, 44.77043814452734 ], [ -1.049514940334885, 44.770798027148047 ], [ -1.049262334864693, 44.770793711079406 ], [ -1.049244156462824, 44.771333534882118 ] ], [ [ -1.045455045976802, 44.771268725632581 ], [ -1.04520243906618, 44.771264400548723 ], [ -1.045208511125373, 44.77108445971885 ], [ -1.045461117252555, 44.771088784775714 ], [ -1.045455045976802, 44.771268725632581 ] ], [ [ -1.014384825341073, 44.770732550751205 ], [ -1.014132225487959, 44.770728156986777 ], [ -1.014138393905091, 44.770548219502544 ], [ -1.014390992974849, 44.770552613239559 ], [ -1.014384825341073, 44.770732550751205 ] ], [ [ -1.057838887071162, 44.77130002851996 ], [ -1.057333669312184, 44.771291432571445 ], [ -1.057339703709029, 44.771111490443879 ], [ -1.057592311776772, 44.771115788670542 ], [ -1.057604378833827, 44.770755904342764 ], [ -1.057856985391237, 44.77076020195738 ], [ -1.057869050655145, 44.770400317550632 ], [ -1.058626865966077, 44.770413206883234 ], [ -1.058620835712707, 44.770593149170182 ], [ -1.058368229769079, 44.770588853257564 ], [ -1.05835616752583, 44.770948737758872 ], [ -1.058103560071858, 44.770944441234242 ], [ -1.058097528081954, 44.771124383448587 ], [ -1.057844919901083, 44.771120086338776 ], [ -1.057838887071162, 44.77130002851996 ] ], [ [ -1.045208511125373, 44.77108445971885 ], [ -1.044955905055119, 44.771080134103599 ], [ -1.044961977840813, 44.770900193294352 ], [ -1.045214583127635, 44.770904518882617 ], [ -1.045208511125373, 44.77108445971885 ] ], [ [ -1.010096816659116, 44.770477843774266 ], [ -1.0098442185735, 44.770473440545267 ], [ -1.00985040024966, 44.770293503521209 ], [ -1.010102997551935, 44.770297906722739 ], [ -1.010096816659116, 44.770477843774266 ] ], [ [ -1.059372625923215, 44.770785975918592 ], [ -1.059120019026548, 44.770781681654391 ], [ -1.05912604776957, 44.770601739320171 ], [ -1.059378653882792, 44.77060603355757 ], [ -1.059372625923215, 44.770785975918592 ] ], [ [ -0.991429670421707, 44.769430756676414 ], [ -0.991177079777814, 44.769426312241471 ], [ -0.991183319185255, 44.769246377234481 ], [ -0.990425549954361, 44.769233040663003 ], [ -0.990419308197138, 44.769412975586796 ], [ -0.990166717787275, 44.769408528918625 ], [ -0.99017920280971, 44.769048659120124 ], [ -0.990684380554938, 44.769057551787192 ], [ -0.990690621411879, 44.76887761682292 ], [ -0.99195356288251, 44.768899838581675 ], [ -0.9919473259418, 44.769079773684609 ], [ -0.991694736747451, 44.769075330421749 ], [ -0.991688498965011, 44.769255265490578 ], [ -0.99143590904589, 44.769250821641698 ], [ -0.991429670421707, 44.769430756676414 ] ], [ [ -1.057869050655145, 44.770400317550632 ], [ -1.05761644566461, 44.770396019989654 ], [ -1.05762247899515, 44.77021607780361 ], [ -1.057875083202258, 44.770220375337779 ], [ -1.057869050655145, 44.770400317550632 ] ], [ [ -1.018715956719401, 44.769727531359344 ], [ -1.018210764507012, 44.769718762584624 ], [ -1.01821692004406, 44.76953882462405 ], [ -1.018722110689798, 44.769547593344015 ], [ -1.018715956719401, 44.769727531359344 ] ], [ [ -1.015937402408831, 44.76967927546054 ], [ -1.015432211466822, 44.769670494402334 ], [ -1.015444539716177, 44.769310619077096 ], [ -1.015191945898483, 44.769306227765284 ], [ -1.015198110719776, 44.769126290120511 ], [ -1.01620848320406, 44.769143851908225 ], [ -1.016202321515977, 44.769323789662543 ], [ -1.01594972752493, 44.769319400025722 ], [ -1.015937402408831, 44.76967927546054 ] ], [ [ -1.008106968814908, 44.769542918086593 ], [ -1.007601781462604, 44.769534102411704 ], [ -1.007607969898684, 44.769354165603225 ], [ -1.007355377092853, 44.769349756955819 ], [ -1.007361566254203, 44.769169820168443 ], [ -1.007614158276745, 44.769174228788337 ], [ -1.007620346596789, 44.768994291967147 ], [ -1.008378120662648, 44.769007514394481 ], [ -1.008365748664259, 44.769367388195576 ], [ -1.008113155684395, 44.769362981223118 ], [ -1.008106968814908, 44.769542918086593 ] ], [ [ -1.05762247899515, 44.77021607780361 ], [ -1.057369874844609, 44.770211779711047 ], [ -1.057375908902001, 44.770031837545467 ], [ -1.057628512269123, 44.770036135611207 ], [ -1.05762247899515, 44.77021607780361 ] ], [ [ -1.019227301566322, 44.76955635983068 ], [ -1.018974706099216, 44.769551976866524 ], [ -1.018980859228603, 44.769372038817522 ], [ -1.019233453912388, 44.769376421754323 ], [ -1.019227301566322, 44.76955635983068 ] ], [ [ -1.01821692004406, 44.76953882462405 ], [ -1.017964324807753, 44.769534439426543 ], [ -1.017976637275345, 44.769174563541007 ], [ -1.018481824672417, 44.769183333268238 ], [ -1.018475670034099, 44.769363271268887 ], [ -1.018223075523398, 44.769358886657088 ], [ -1.01821692004406, 44.76953882462405 ] ], [ [ -1.009628714433392, 44.769389414682941 ], [ -1.009376121163617, 44.769385010502148 ], [ -1.009388486895694, 44.769025136481169 ], [ -1.009641078598888, 44.769029540607029 ], [ -1.009628714433392, 44.769389414682941 ] ], [ [ -0.99245250450591, 44.769088658535466 ], [ -0.992199915194621, 44.769084216389196 ], [ -0.992206151352084, 44.768904281258514 ], [ -0.99195356288251, 44.768899838581675 ], [ -0.99195979976475, 44.768719903472352 ], [ -0.992212387451083, 44.768724346121523 ], [ -0.992218623491616, 44.76854441097808 ], [ -0.992976384551666, 44.768557735492564 ], [ -0.992970150860838, 44.768737670719126 ], [ -0.993222738780986, 44.768742111135076 ], [ -0.993216505814959, 44.768922046382947 ], [ -0.992458739880125, 44.768908723377109 ], [ -0.99245250450591, 44.769088658535466 ] ], [ [ -1.017717886675136, 44.769350115758471 ], [ -1.017465292337588, 44.769345729471638 ], [ -1.017471450109141, 44.769165791580448 ], [ -1.017724043663381, 44.769170177839868 ], [ -1.017717886675136, 44.769350115758471 ] ], [ [ -1.065465253601741, 44.769989155658969 ], [ -1.065212649267907, 44.76998487493011 ], [ -1.065218658926349, 44.769804931922167 ], [ -1.06547126247676, 44.769809212624331 ], [ -1.065465253601741, 44.769989155658969 ] ], [ [ -0.994233091045856, 44.768759867215906 ], [ -0.993980502892011, 44.768755429033149 ], [ -0.99398673344989, 44.768575493695799 ], [ -0.994239320820494, 44.768579931850866 ], [ -0.994233091045856, 44.768759867215906 ] ], [ [ -0.993727914796579, 44.768750990292091 ], [ -0.993222738780986, 44.768742111135076 ], [ -0.993228971688577, 44.768562175880824 ], [ -0.993734146137696, 44.768571054982424 ], [ -0.993727914796579, 44.768750990292091 ] ], [ [ -1.008636897262857, 44.76883198381605 ], [ -1.008384306574847, 44.768827577484387 ], [ -1.008390492429052, 44.768647640567927 ], [ -1.008643082333791, 44.768652046872106 ], [ -1.008636897262857, 44.76883198381605 ] ], [ [ -1.016725989862525, 44.7687927538148 ], [ -1.016473398105842, 44.768788365376778 ], [ -1.016479558837339, 44.768608427575977 ], [ -1.016732149810737, 44.768612815986607 ], [ -1.016725989862525, 44.7687927538148 ] ], [ [ -1.016220806406919, 44.768783976380448 ], [ -1.014957848778957, 44.768762023023953 ], [ -1.014964014210139, 44.7685820853875 ], [ -1.016226967921698, 44.768604038607023 ], [ -1.016220806406919, 44.768783976380448 ] ], [ [ -1.011674165711555, 44.768704878973644 ], [ -1.011421575111457, 44.768700479369244 ], [ -1.011427751508478, 44.768520542116796 ], [ -1.011680341325306, 44.768524941693727 ], [ -1.011674165711555, 44.768704878973644 ] ], [ [ -1.022036573581421, 44.768704843637607 ], [ -1.021531389269743, 44.768696089707561 ], [ -1.02158054772143, 44.767256582696781 ], [ -1.021833133582358, 44.767260959722492 ], [ -1.021888425384779, 44.765641513603121 ], [ -1.022141004254493, 44.76564588982481 ], [ -1.022208568174443, 44.763666565790274 ], [ -1.022461138487326, 44.763670941153393 ], [ -1.022473420521691, 44.763311063918955 ], [ -1.022220851774972, 44.763306688610449 ], [ -1.022226993488867, 44.763126750010976 ], [ -1.022984697552516, 44.763139874179977 ], [ -1.022978558187832, 44.763319812861312 ], [ -1.023988834210727, 44.76333730404739 ], [ -1.023982697920812, 44.763517242831476 ], [ -1.024487837843615, 44.763525985129711 ], [ -1.024481703062349, 44.763705923962 ], [ -1.025491986730413, 44.763723401968782 ], [ -1.025485855024032, 44.763903340903745 ], [ -1.025738426867877, 44.763907709037106 ], [ -1.025732295887121, 44.764087647993009 ], [ -1.025479723260168, 44.764083279832384 ], [ -1.025467459559982, 44.764443157670577 ], [ -1.025214885424277, 44.764438788897223 ], [ -1.025202619927878, 44.764798666655473 ], [ -1.024950044283401, 44.764794297269326 ], [ -1.024943910665818, 44.764974236111684 ], [ -1.024691334295701, 44.764969866140028 ], [ -1.024685199837463, 44.765149804948742 ], [ -1.024432622741707, 44.765145434391563 ], [ -1.024414216672431, 44.765685250697771 ], [ -1.024161637284702, 44.765680879500508 ], [ -1.024143228348184, 44.766220695667698 ], [ -1.023890646668429, 44.766216323830342 ], [ -1.023884509457999, 44.766396262512764 ], [ -1.023631927052582, 44.766391890089835 ], [ -1.023619650892686, 44.766751767381002 ], [ -1.023367066978397, 44.766747394345224 ], [ -1.02336092802891, 44.766927332954012 ], [ -1.023108343388955, 44.766922959332682 ], [ -1.023089923845461, 44.767462775038965 ], [ -1.022837336913365, 44.767458400777443 ], [ -1.022825055363382, 44.767818277828603 ], [ -1.022572466922355, 44.767813902954195 ], [ -1.022560183575552, 44.768173779925327 ], [ -1.022307593625575, 44.768169404438012 ], [ -1.022301451082524, 44.768349342886765 ], [ -1.02204886040686, 44.768344966813828 ], [ -1.022036573581421, 44.768704843637607 ] ], [ [ -0.986421647460145, 44.768082220408708 ], [ -0.986169063470156, 44.768077765002232 ], [ -0.986175318132194, 44.767897830505831 ], [ -0.986427901338987, 44.767902285884503 ], [ -0.986421647460145, 44.768082220408708 ] ], [ [ -1.015222769426982, 44.768406539477802 ], [ -1.014970179583519, 44.768402147744681 ], [ -1.014976344899097, 44.768222210095509 ], [ -1.015228933959295, 44.768226601801224 ], [ -1.015222769426982, 44.768406539477802 ] ], [ [ -1.069031709160374, 44.769149310127155 ], [ -1.06877910795556, 44.769145037349155 ], [ -1.0687971030146, 44.768605207090673 ], [ -1.069049701869249, 44.768609479788687 ], [ -1.069031709160374, 44.769149310127155 ] ], [ [ -1.068526506806986, 44.769140764012761 ], [ -1.068273905714659, 44.769136490118008 ], [ -1.068291905474023, 44.76859666001949 ], [ -1.06803930678811, 44.768592385646343 ], [ -1.068057308391294, 44.768052555570925 ], [ -1.068309904727115, 44.768056829864072 ], [ -1.068339902357268, 44.767157112811745 ], [ -1.068592494832662, 44.767161386413207 ], [ -1.068598493406634, 44.766981442957118 ], [ -1.068851085154952, 44.766985715973554 ], [ -1.068839089517403, 44.767345602932757 ], [ -1.06858649620245, 44.767341329862994 ], [ -1.068580497515997, 44.767521273306436 ], [ -1.068833091614279, 44.767525546402865 ], [ -1.068821095639328, 44.767885433324118 ], [ -1.068568499974365, 44.767881160174362 ], [ -1.068550503240098, 44.768420990428766 ], [ -1.068803101255137, 44.768425263658528 ], [ -1.0687971030146, 44.768605207090673 ], [ -1.068544504216189, 44.768600933834286 ], [ -1.068526506806986, 44.769140764012761 ] ], [ [ -1.065242696996672, 44.769085159827185 ], [ -1.064737496332123, 44.769076596961398 ], [ -1.064743507275618, 44.768896653975254 ], [ -1.064490907811262, 44.768892371731525 ], [ -1.064502931095928, 44.768532485793678 ], [ -1.064755528993539, 44.768536767983989 ], [ -1.064749518162755, 44.768716710982773 ], [ -1.065002116900092, 44.768720992641398 ], [ -1.065008126947504, 44.768541049615926 ], [ -1.066018519326768, 44.768558170559935 ], [ -1.066012512412844, 44.76873811369228 ], [ -1.06575991345016, 44.768733834267131 ], [ -1.065753905696537, 44.768913777366421 ], [ -1.065248706373394, 44.768905216787573 ], [ -1.065242696996672, 44.769085159827185 ] ], [ [ -1.045287442714478, 44.768745228353083 ], [ -1.045034846828246, 44.768740903088641 ], [ -1.045040918873815, 44.768560962196965 ], [ -1.045293513976708, 44.768565287434377 ], [ -1.045287442714478, 44.768745228353083 ] ], [ [ -0.994516823631134, 44.767864627813005 ], [ -0.994264239335009, 44.767860190326971 ], [ -0.994282927607663, 44.767320384117106 ], [ -0.994788091559136, 44.767329258364775 ], [ -0.99477563590187, 44.76768912928847 ], [ -0.994523052330551, 44.767684692388386 ], [ -0.994516823631134, 44.767864627813005 ] ], [ [ -0.994017885363108, 44.767675816913417 ], [ -0.993765301966996, 44.767671378338548 ], [ -0.993771532957604, 44.767491442990647 ], [ -0.994024115570521, 44.76749588153784 ], [ -0.994017885363108, 44.767675816913417 ] ], [ [ -0.993260135350031, 44.767662499513925 ], [ -0.993007552129191, 44.767658059264178 ], [ -0.993013785469376, 44.767478123999354 ], [ -0.993266367907025, 44.767482564221396 ], [ -0.993260135350031, 44.767662499513925 ] ], [ [ -1.013978325960155, 44.767844762591238 ], [ -1.013725738755539, 44.767840368148796 ], [ -1.013731907813916, 44.767660430617553 ], [ -1.013984494235293, 44.767664825032611 ], [ -1.013978325960155, 44.767844762591238 ] ], [ [ -1.013220564519821, 44.767831577588957 ], [ -1.012967977488735, 44.767827181471617 ], [ -1.012974148896826, 44.767647244022633 ], [ -1.013226735144674, 44.767651640112582 ], [ -1.013220564519821, 44.767831577588957 ] ], [ [ -0.993777763889795, 44.767311507636357 ], [ -0.993020018751125, 44.767298188728169 ], [ -0.993032485139309, 44.76693831816663 ], [ -0.993537645373968, 44.766947197886232 ], [ -0.993543876914078, 44.766767262540512 ], [ -0.99379645633588, 44.766771701535212 ], [ -0.993802687034412, 44.766591766155379 ], [ -0.994055265731468, 44.766596204564173 ], [ -0.994061495588439, 44.766416269150291 ], [ -0.994314073560749, 44.766420706973094 ], [ -0.994301615354711, 44.766780577849843 ], [ -0.994049035816091, 44.766776139971654 ], [ -0.994036575810122, 44.767136010767516 ], [ -0.993783994763571, 44.767131572275666 ], [ -0.993777763889795, 44.767311507636357 ] ], [ [ -1.045311727421876, 44.76802546464026 ], [ -1.045059134668941, 44.768021139483771 ], [ -1.045065206486798, 44.767841198566707 ], [ -1.045317798456427, 44.767845523696217 ], [ -1.045311727421876, 44.76802546464026 ] ], [ [ -1.011212223615159, 44.767436518497618 ], [ -1.010454468784258, 44.767423315236236 ], [ -1.010460647908827, 44.767243378049031 ], [ -1.010713232011322, 44.767247779666981 ], [ -1.010731766687837, 44.76670796798475 ], [ -1.010984348498649, 44.766712368962054 ], [ -1.01097817111426, 44.766892306223291 ], [ -1.011230753766183, 44.766896706669755 ], [ -1.011212223615159, 44.767436518497618 ] ], [ [ -0.992773671161588, 44.767113812725682 ], [ -0.992521090407183, 44.767109371442537 ], [ -0.992527325138396, 44.766929436214014 ], [ -0.992779905109631, 44.766933877469448 ], [ -0.992773671161588, 44.767113812725682 ] ], [ [ -1.067798710850238, 44.768228224057552 ], [ -1.067546113843585, 44.768223948621028 ], [ -1.067552115888433, 44.768044005309569 ], [ -1.067804712111732, 44.768048280719427 ], [ -1.067798710850238, 44.768228224057552 ] ], [ [ -1.045822982566433, 44.767854172280202 ], [ -1.045317798456427, 44.767845523696217 ], [ -1.045329940354772, 44.767485641789058 ], [ -1.045582530814729, 44.767489966306258 ], [ -1.045576460677307, 44.767669907290006 ], [ -1.045829051977465, 44.767674231275841 ], [ -1.045822982566433, 44.767854172280202 ] ], [ [ -1.034961574458916, 44.767667735557382 ], [ -1.034708984829254, 44.767663387536523 ], [ -1.034721192523234, 44.767303507902064 ], [ -1.034973780586359, 44.767307855868708 ], [ -1.034961574458916, 44.767667735557382 ] ], [ [ -1.011976153392499, 44.767269779382481 ], [ -1.011723569000461, 44.767265380555941 ], [ -1.011729744151048, 44.767085443225085 ], [ -1.011982327759872, 44.767089842024177 ], [ -1.011976153392499, 44.767269779382481 ] ], [ [ -0.992527325138396, 44.766929436214014 ], [ -0.992022165371286, 44.766920552028324 ], [ -0.992034637790988, 44.76656068166298 ], [ -0.992287216079001, 44.766565123979518 ], [ -0.99229345141801, 44.766385188759557 ], [ -0.992546028981334, 44.766389630490146 ], [ -0.992527325138396, 44.766929436214014 ] ], [ [ -1.02941073616112, 44.767392010883462 ], [ -1.029158148575391, 44.767387650606857 ], [ -1.029164269625419, 44.767207711384167 ], [ -1.029416856427899, 44.767212071633558 ], [ -1.02941073616112, 44.767392010883462 ] ], [ [ -0.997837735023913, 44.766842649526815 ], [ -0.997585154668379, 44.766838219464312 ], [ -0.997597592512276, 44.766478347868343 ], [ -0.997850171301481, 44.766482777875552 ], [ -0.997837735023913, 44.766842649526815 ] ], [ [ -0.994806774607139, 44.766789451931416 ], [ -0.99455419495173, 44.766785015169752 ], [ -0.994560423300788, 44.766605079706885 ], [ -0.994813002173039, 44.766609516440866 ], [ -0.994806774607139, 44.766789451931416 ] ], [ [ -1.058464719572864, 44.767709776335046 ], [ -1.058212126219858, 44.767705480292925 ], [ -1.05821815713533, 44.767525537958221 ], [ -1.058470749705018, 44.767529833973541 ], [ -1.058464719572864, 44.767709776335046 ] ], [ [ -1.045835121331597, 44.767494290265127 ], [ -1.045582530814729, 44.767489966306258 ], [ -1.045594670918846, 44.767130084319774 ], [ -1.046099848876356, 44.767138731571279 ], [ -1.046093780419309, 44.76731867262167 ], [ -1.045841190628825, 44.767314349248075 ], [ -1.045835121331597, 44.767494290265127 ] ], [ [ -1.030427204211533, 44.767229507048107 ], [ -1.029922030204986, 44.767220790457451 ], [ -1.029928148847898, 44.767040851146803 ], [ -1.030433321287956, 44.767049567683067 ], [ -1.030427204211533, 44.767229507048107 ] ], [ [ -1.002390395455856, 44.766742358868591 ], [ -1.001885234272903, 44.766733518338143 ], [ -1.001891439851884, 44.766553582067587 ], [ -1.00163886013084, 44.766549160992568 ], [ -1.001645066434808, 44.766369224743194 ], [ -1.001897645372688, 44.766373645790651 ], [ -1.001903850835315, 44.766193709507363 ], [ -1.00266158564851, 44.766206969217436 ], [ -1.002655382535357, 44.766386905583438 ], [ -1.002402803422968, 44.76638248621078 ], [ -1.002390395455856, 44.766742358868591 ] ], [ [ -0.994819229680554, 44.766429580943942 ], [ -0.994566651591456, 44.766425144237651 ], [ -0.994597792168961, 44.7655254667958 ], [ -0.994092643997235, 44.76551659198531 ], [ -0.994098873503787, 44.765336656533186 ], [ -0.993593727131881, 44.76532777954511 ], [ -0.993587496059116, 44.765507714941847 ], [ -0.993082348354662, 44.765498835665468 ], [ -0.993088580993636, 44.765318900324125 ], [ -0.993341154033547, 44.765323340213733 ], [ -0.993347385830994, 44.765143404838312 ], [ -0.994357675442399, 44.765161158703698 ], [ -0.994363904049059, 44.764981223211102 ], [ -0.994616475814817, 44.76498566025419 ], [ -0.994610247991251, 44.765165595774427 ], [ -0.995367965988087, 44.765178903637363 ], [ -0.995349289215054, 44.76571871040894 ], [ -0.995601864346733, 44.765723145329801 ], [ -0.995595639422118, 44.765903080935246 ], [ -0.995090487650874, 44.765894210479971 ], [ -0.995084261101635, 44.766074146023669 ], [ -0.994831684520438, 44.766069709930989 ], [ -0.994819229680554, 44.766429580943942 ] ], [ [ -1.030439438307027, 44.766869628311689 ], [ -1.030186852841557, 44.766865270349861 ], [ -1.030199088274112, 44.766505391642418 ], [ -1.030704256129488, 44.766514106898974 ], [ -1.030698140008336, 44.766694046310249 ], [ -1.030445555268751, 44.766689688933937 ], [ -1.030439438307027, 44.766869628311689 ] ], [ [ -1.003413120221418, 44.766400160351864 ], [ -1.003160540934589, 44.766395742653998 ], [ -1.003166742481424, 44.766215806232829 ], [ -1.003419320985094, 44.766220223903161 ], [ -1.003413120221418, 44.766400160351864 ] ], [ [ -1.06404583888741, 44.767084376160909 ], [ -1.063793247425588, 44.767080092509332 ], [ -1.063805274282854, 44.766720206605193 ], [ -1.064057864178077, 44.766724490203316 ], [ -1.06404583888741, 44.767084376160909 ] ], [ [ -1.060262997306253, 44.766840120187751 ], [ -1.060010407474184, 44.766835828187936 ], [ -1.060016432623975, 44.766655885634037 ], [ -1.060269021672757, 44.766660177607051 ], [ -1.060262997306253, 44.766840120187751 ] ], [ [ -1.056979333897573, 44.766784280640714 ], [ -1.056726744800427, 44.766779981382662 ], [ -1.056732780132865, 44.766600039177185 ], [ -1.056985368446732, 44.766604338408428 ], [ -1.056979333897573, 44.766784280640714 ] ], [ [ -0.995854439536771, 44.765727579692417 ], [ -0.995601864346733, 44.765723145329801 ], [ -0.995608089212992, 44.765543209717997 ], [ -0.995860663619911, 44.765547644052944 ], [ -0.995854439536771, 44.765727579692417 ] ], [ [ -1.068099310163068, 44.766792951840081 ], [ -1.067846719366793, 44.766788677175299 ], [ -1.067852720178183, 44.766608733786512 ], [ -1.067600130221468, 44.766604458590081 ], [ -1.067606131759887, 44.766424515221644 ], [ -1.067353542642727, 44.766420239493527 ], [ -1.067359544908162, 44.766240296145476 ], [ -1.067864721632184, 44.76624884699001 ], [ -1.067858720933314, 44.76642879039143 ], [ -1.068111310163, 44.766433065002893 ], [ -1.068099310163068, 44.766792951840081 ] ], [ [ -1.056738815408717, 44.76642009696539 ], [ -1.0564862279347, 44.766415797202662 ], [ -1.056498299883175, 44.766055912813698 ], [ -1.056750885790675, 44.766060212522746 ], [ -1.056738815408717, 44.76642009696539 ] ], [ [ -1.059775895328338, 44.766291708029406 ], [ -1.059523307959083, 44.766287414993272 ], [ -1.059529334505934, 44.766107472473948 ], [ -1.059024161503457, 44.766098884780341 ], [ -1.059030189560314, 44.765918942308261 ], [ -1.0587776039271, 44.765914647650774 ], [ -1.058783632710687, 44.765734705199137 ], [ -1.060046557525608, 44.765756172769436 ], [ -1.060034507734411, 44.76611605793429 ], [ -1.059781921091925, 44.766111765483267 ], [ -1.059775895328338, 44.766291708029406 ] ], [ [ -1.046388842788473, 44.76606340776236 ], [ -1.046136258423894, 44.7660590851359 ], [ -1.046142326482699, 44.765879144041143 ], [ -1.04639491006405, 44.765883466640616 ], [ -1.046388842788473, 44.76606340776236 ] ], [ [ -1.061044854869144, 44.766133222155183 ], [ -1.060792268000757, 44.766128931937438 ], [ -1.060804313092435, 44.765769046611943 ], [ -1.061056898394311, 44.765773336776135 ], [ -1.061044854869144, 44.766133222155183 ] ], [ [ -1.056498299883175, 44.766055912813698 ], [ -1.056245714032263, 44.766051612546306 ], [ -1.056251750704863, 44.76587167036913 ], [ -1.056504335772527, 44.765875970609677 ], [ -1.056498299883175, 44.766055912813698 ] ], [ [ -1.050688839643988, 44.765956865412328 ], [ -1.049931086172244, 44.765943924412213 ], [ -1.049937142425789, 44.765763982906947 ], [ -1.050694893547839, 44.765776923826337 ], [ -1.050688839643988, 44.765956865412328 ] ], [ [ -1.048920749004866, 44.765926661929178 ], [ -1.048668164855024, 44.76592234491266 ], [ -1.048674225024709, 44.765742403542028 ], [ -1.048926808391323, 44.76574672053161 ], [ -1.048920749004866, 44.765926661929178 ] ], [ [ -1.048415580762, 44.765918027337854 ], [ -1.047910412746425, 44.765909390513322 ], [ -1.047922537728307, 44.765549507927368 ], [ -1.048175120141238, 44.765553826564869 ], [ -1.048181181763713, 44.765373885235419 ], [ -1.048433763450261, 44.765378203287703 ], [ -1.048415580762, 44.765918027337854 ] ], [ [ -0.995374191462371, 44.764998968034092 ], [ -0.99512161952148, 44.764994532665675 ], [ -0.995127845720489, 44.764814597083706 ], [ -0.995380416878292, 44.764819032424441 ], [ -0.995374191462371, 44.764998968034092 ] ], [ [ -0.99486904763896, 44.764990096739055 ], [ -0.994616475814817, 44.76498566025419 ], [ -0.994628931286795, 44.764625789194554 ], [ -0.994881501544773, 44.764630225624074 ], [ -0.99486904763896, 44.764990096739055 ] ], [ [ -1.067112959622992, 44.766056076557994 ], [ -1.066355197477712, 44.766043244508836 ], [ -1.066361202763662, 44.765863301254853 ], [ -1.065856029848168, 44.765854743817229 ], [ -1.065868043384174, 44.765494857397066 ], [ -1.066625798142355, 44.765507692555879 ], [ -1.066619793752259, 44.765687635849218 ], [ -1.066872379567498, 44.765691913145552 ], [ -1.066866375904364, 44.765871856459228 ], [ -1.067118962559148, 44.765876133223955 ], [ -1.067112959622992, 44.766056076557994 ] ], [ [ -1.025436799303493, 44.765342852154859 ], [ -1.025184221252067, 44.765338483245202 ], [ -1.0251903542015, 44.765158544388321 ], [ -1.025442931469768, 44.765162913270728 ], [ -1.025436799303493, 44.765342852154859 ] ], [ [ -1.050700947394934, 44.765596982233973 ], [ -1.050448364414041, 44.765592669179405 ], [ -1.050460473504388, 44.765232786029465 ], [ -1.050713054918856, 44.765237099030216 ], [ -1.050700947394934, 44.765596982233973 ] ], [ [ -1.060305166685702, 44.765580521989875 ], [ -1.060052582336477, 44.76557623017753 ], [ -1.060058607090862, 44.765396287579271 ], [ -1.060311190656854, 44.765400579364865 ], [ -1.060305166685702, 44.765580521989875 ] ], [ [ -0.997918566660174, 44.76450348333789 ], [ -0.997665996485247, 44.764499053634701 ], [ -0.997672214678462, 44.764319117757033 ], [ -0.997924784070317, 44.764323547432596 ], [ -0.997918566660174, 44.76450348333789 ] ], [ [ -1.060816357958262, 44.76540916126114 ], [ -1.060311190656854, 44.765400579364865 ], [ -1.060317214571531, 44.76522063673351 ], [ -1.060822380306482, 44.765229218576245 ], [ -1.060816357958262, 44.76540916126114 ] ], [ [ -1.048692405192868, 44.765202579392053 ], [ -1.048439824232702, 44.765198261924994 ], [ -1.048445884958327, 44.765018320555924 ], [ -1.048193304838178, 44.765014002557507 ], [ -1.048211489023673, 44.76447417849311 ], [ -1.049474378444799, 44.764495762498278 ], [ -1.049486493119357, 44.764135879487647 ], [ -1.049233916687855, 44.764131563856992 ], [ -1.0492581484881, 44.763411797867306 ], [ -1.049763295142736, 44.763420428354927 ], [ -1.049757238844133, 44.763600369915714 ], [ -1.050009813039754, 44.763604684349069 ], [ -1.049997701838499, 44.763964567505461 ], [ -1.050250277657184, 44.763968881434366 ], [ -1.050244222754555, 44.764148823029977 ], [ -1.050496799413161, 44.764153136427559 ], [ -1.050478636714197, 44.764692961257026 ], [ -1.050226057706075, 44.764688647778726 ], [ -1.050232112778999, 44.764508706202136 ], [ -1.04972695649942, 44.764500077624511 ], [ -1.049720899860136, 44.764680019147242 ], [ -1.049215742241329, 44.764671388282672 ], [ -1.049203625659661, 44.765031271201444 ], [ -1.048698465135295, 44.76502263799604 ], [ -1.048692405192868, 44.765202579392053 ] ], [ [ -1.02596034720625, 44.764811771464352 ], [ -1.02570777138931, 44.764807403752982 ], [ -1.025713902599981, 44.764627464822517 ], [ -1.025966477633784, 44.764631832506645 ], [ -1.02596034720625, 44.764811771464352 ] ], [ [ -0.997425864262887, 44.76413475166683 ], [ -0.997173295770692, 44.764130320902488 ], [ -0.997179515413433, 44.763950385067353 ], [ -0.997432083122572, 44.763954815804055 ], [ -0.997425864262887, 44.76413475166683 ] ], [ [ -1.04693647045792, 44.764812462977567 ], [ -1.046683891462032, 44.764808141656445 ], [ -1.046702089574143, 44.764268318058122 ], [ -1.046954666220518, 44.764272639298369 ], [ -1.046978926441259, 44.763552874304004 ], [ -1.04723150001192, 44.763557194878139 ], [ -1.047225435825159, 44.763737136163208 ], [ -1.047730584703293, 44.763745775690658 ], [ -1.047724522025965, 44.76392571702327 ], [ -1.048229672697738, 44.7639343543716 ], [ -1.048223611529874, 44.764114295751753 ], [ -1.047718459291798, 44.764105658349578 ], [ -1.047712396500793, 44.764285599669513 ], [ -1.047459819683854, 44.764281280104065 ], [ -1.047465883258015, 44.764101338811102 ], [ -1.047213307281078, 44.764097018714303 ], [ -1.047195114038556, 44.764636842493395 ], [ -1.046942535768982, 44.764632521757505 ], [ -1.04693647045792, 44.764812462977567 ] ], [ [ -1.038853970833724, 44.764673903798425 ], [ -1.038601393661336, 44.764669564612653 ], [ -1.038607484816916, 44.764489624284145 ], [ -1.038860061206148, 44.764493963442852 ], [ -1.038853970833724, 44.764673903798425 ] ], [ [ -1.051236374079097, 44.764705898342335 ], [ -1.050983794900714, 44.764701586538848 ], [ -1.051008005453798, 44.763981819871603 ], [ -1.051260581499499, 44.763986131567442 ], [ -1.051236374079097, 44.764705898342335 ] ], [ [ -1.05101405795021, 44.763801878188914 ], [ -1.050256332503048, 44.76378893983243 ], [ -1.050268442024483, 44.763429056609567 ], [ -1.050773589133281, 44.763437682631178 ], [ -1.050767535967217, 44.763617624299613 ], [ -1.051020110389879, 44.763621936499952 ], [ -1.05101405795021, 44.763801878188914 ] ], [ [ -0.997721958125653, 44.762879630506198 ], [ -0.997469395056403, 44.762875200493525 ], [ -0.997475613508001, 44.762695264586128 ], [ -0.997728175794246, 44.762699694571147 ], [ -0.997721958125653, 44.762879630506198 ] ], [ [ -1.048500428932104, 44.763398847948963 ], [ -1.048247855860391, 44.763394530193018 ], [ -1.048253916800967, 44.763214588787505 ], [ -1.048506489089557, 44.763218906516499 ], [ -1.048500428932104, 44.763398847948963 ] ], [ [ -0.997500486731446, 44.761975520892776 ], [ -0.997247927635443, 44.761971090460136 ], [ -0.997260365463335, 44.761611218630463 ], [ -0.997512922993408, 44.761615649007851 ], [ -0.997500486731446, 44.761975520892776 ] ], [ [ -1.050803854112396, 44.762537974193926 ], [ -1.050298714834733, 44.762529348441404 ], [ -1.050304769226503, 44.762349406788779 ], [ -1.050557338053865, 44.762353719917208 ], [ -1.050563391605791, 44.762173778231322 ], [ -1.050815959706821, 44.762178090774647 ], [ -1.050803854112396, 44.762537974193926 ] ], [ [ -1.051573664350345, 44.762191025055266 ], [ -1.051321096079106, 44.762186714186626 ], [ -1.051327147225046, 44.762006772413685 ], [ -1.051579714713207, 44.762011083255409 ], [ -1.051573664350345, 44.762191025055266 ] ], [ [ -1.050822012418919, 44.761998149055515 ], [ -1.050316877839761, 44.761989523464422 ], [ -1.050322932061254, 44.761809581792782 ], [ -1.050070365639878, 44.761805268186826 ], [ -1.050076420587676, 44.7616253265357 ], [ -1.049823855006125, 44.761621012398436 ], [ -1.04984807736185, 44.760901245838333 ], [ -1.0493429526334, 44.760892616104528 ], [ -1.049336895563562, 44.761072557700217 ], [ -1.048831769496187, 44.761063925679743 ], [ -1.048819652053998, 44.761423808744432 ], [ -1.049072216625369, 44.761428125087612 ], [ -1.049060100522089, 44.761788008180766 ], [ -1.047544704549367, 44.76176210142512 ], [ -1.047550767327743, 44.761582160043353 ], [ -1.047045637357567, 44.761573520046284 ], [ -1.047088086177137, 44.760313930573702 ], [ -1.047340645652632, 44.760318250662628 ], [ -1.047346708759326, 44.760138309257066 ], [ -1.047851826314838, 44.760146947706524 ], [ -1.047857887798714, 44.759967006240736 ], [ -1.04811044587872, 44.759971324601217 ], [ -1.048116506522789, 44.759791383102147 ], [ -1.04887417875473, 44.759804334753731 ], [ -1.048862062107697, 44.760164217907153 ], [ -1.04911462119792, 44.760168534061854 ], [ -1.049108563572209, 44.760348475655981 ], [ -1.049361123502219, 44.760352791279416 ], [ -1.049355066602728, 44.760532732894148 ], [ -1.050112749082441, 44.760545676496015 ], [ -1.050106694475218, 44.760725618185148 ], [ -1.050359256198335, 44.760729931629605 ], [ -1.050353202317376, 44.76090987333933 ], [ -1.050605764880272, 44.760914186252521 ], [ -1.050611817978207, 44.760734244515909 ], [ -1.051369503658266, 44.760747179825565 ], [ -1.051357402103834, 44.761107063453828 ], [ -1.051609965676708, 44.761111374161111 ], [ -1.051628115574189, 44.760571548628491 ], [ -1.051880676854695, 44.760575858696853 ], [ -1.0518625293063, 44.761115684310177 ], [ -1.052115092992602, 44.761119993901019 ], [ -1.052096947282968, 44.761659819537968 ], [ -1.05184438124751, 44.761655509866458 ], [ -1.051838331781155, 44.761835451705863 ], [ -1.050828065074271, 44.761818207330037 ], [ -1.050822012418919, 44.761998149055515 ] ], [ [ -1.06068422618008, 44.761806016226252 ], [ -1.06043165822076, 44.761801725534397 ], [ -1.060437681006047, 44.761621782776388 ], [ -1.060690248182286, 44.761626073441448 ], [ -1.06068422618008, 44.761806016226252 ] ], [ [ -1.052373704409042, 44.76094436101512 ], [ -1.052121141449072, 44.760940052009374 ], [ -1.05213323819191, 44.760580168207042 ], [ -1.052385799585825, 44.760584477159007 ], [ -1.052373704409042, 44.76094436101512 ] ], [ [ -1.044544279049655, 44.760810522272358 ], [ -1.044039156709024, 44.760801869094166 ], [ -1.04404523016541, 44.760621928058313 ], [ -1.043034989299479, 44.760604615111625 ], [ -1.04304106583093, 44.76042467417745 ], [ -1.042788506539841, 44.760420344572324 ], [ -1.042794583797315, 44.760240403658813 ], [ -1.041784350334722, 44.760223079764479 ], [ -1.041790430667155, 44.760043138952724 ], [ -1.041537873226972, 44.760038806610716 ], [ -1.041543954285377, 44.759858865819623 ], [ -1.042301624427999, 44.759871861090019 ], [ -1.042295545718514, 44.760051801962184 ], [ -1.043810892240021, 44.760077777594311 ], [ -1.043804818171458, 44.760257718622192 ], [ -1.044562494549987, 44.760270698983796 ], [ -1.044544279049655, 44.760810522272358 ] ], [ [ -1.052139286478275, 44.760400226296355 ], [ -1.051634165426583, 44.760391606771584 ], [ -1.051640215222261, 44.76021166490834 ], [ -1.05214533470794, 44.760220284379351 ], [ -1.052139286478275, 44.760400226296355 ] ], [ [ -1.049872298809281, 44.760181479176786 ], [ -1.04936718034493, 44.76017284965836 ], [ -1.049373237130857, 44.759992908030966 ], [ -1.049878354029223, 44.76000153749554 ], [ -1.049872298809281, 44.760181479176786 ] ], [ [ -1.041285315843797, 44.760034473710519 ], [ -1.041032758517636, 44.760030140252177 ], [ -1.041038841141987, 44.759850199515142 ], [ -1.040533728226683, 44.759841530977972 ], [ -1.040545896436159, 44.759481649593077 ], [ -1.041051006219622, 44.759490318022088 ], [ -1.041044923709315, 44.759670258771791 ], [ -1.041550035286775, 44.759678925022193 ], [ -1.041543954285377, 44.759858865819623 ], [ -1.041291397685175, 44.759854532946491 ], [ -1.041285315843797, 44.760034473710519 ] ], [ [ -1.05038952475185, 44.759830222986018 ], [ -1.049884409192399, 44.759821595807971 ], [ -1.049896519348457, 44.75946171241381 ], [ -1.049643963219825, 44.759457398041349 ], [ -1.049637907387207, 44.759637339714686 ], [ -1.049132793734322, 44.759628709241419 ], [ -1.049138851132885, 44.759448767621912 ], [ -1.049391407147965, 44.759453083110742 ], [ -1.049397463706779, 44.759273141457967 ], [ -1.050660240718887, 44.759294710394776 ], [ -1.0506541880749, 44.759474652182107 ], [ -1.05090674443054, 44.75947896432185 ], [ -1.050900692512788, 44.759658906129729 ], [ -1.050395578292299, 44.759650281238251 ], [ -1.05038952475185, 44.759830222986018 ] ], [ [ -1.038784103490839, 44.759271351996773 ], [ -1.037773889338278, 44.759253992920456 ], [ -1.037779981912742, 44.759074052509852 ], [ -1.037527429300305, 44.759069711372462 ], [ -1.03753352260058, 44.758889770982599 ], [ -1.036775867454804, 44.758876744302782 ], [ -1.036781963046712, 44.758696803987831 ], [ -1.036024310763971, 44.758683772365949 ], [ -1.036030408647461, 44.758503832125967 ], [ -1.035272759227921, 44.758490795562103 ], [ -1.035278859402945, 44.758310855397099 ], [ -1.034773761641628, 44.758302161618076 ], [ -1.034779863325249, 44.758122221500955 ], [ -1.033769671620627, 44.758104827353741 ], [ -1.033775776378571, 44.757924887338817 ], [ -1.033270682435359, 44.757916186970704 ], [ -1.033276788701819, 44.757736247003685 ], [ -1.032771696553317, 44.75772754445736 ], [ -1.032783912045949, 44.7573676646129 ], [ -1.033289001063012, 44.757376367050639 ], [ -1.033282894911037, 44.757556307030349 ], [ -1.034040531214489, 44.757569356582501 ], [ -1.034034427353865, 44.757749296637272 ], [ -1.034792066520891, 44.757762341247705 ], [ -1.03478596495167, 44.757942281377531 ], [ -1.035796154439942, 44.757959666486094 ], [ -1.035790055945057, 44.758139606718046 ], [ -1.036295152598009, 44.758148295977747 ], [ -1.036289055611739, 44.758328236257533 ], [ -1.0367941540591, 44.758336923338923 ], [ -1.036788058581477, 44.758516863666543 ], [ -1.037545709029769, 44.75852989018383 ], [ -1.037539615843734, 44.758709830586398 ], [ -1.038297269154842, 44.758722852161611 ], [ -1.038291178260449, 44.758902792639077 ], [ -1.038796282319199, 44.758911470952611 ], [ -1.038784103490839, 44.759271351996773 ] ], [ [ -1.05268673321194, 44.759149249659835 ], [ -1.052434178025251, 44.759144941481104 ], [ -1.052440225075072, 44.758964999492818 ], [ -1.052692779478804, 44.758969307644691 ], [ -1.05268673321194, 44.759149249659835 ] ], [ [ -1.026174877978069, 44.75851390416279 ], [ -1.025922329566604, 44.758509537405089 ], [ -1.025928458765872, 44.758329598252153 ], [ -1.026181006394452, 44.758333964982604 ], [ -1.026174877978069, 44.75851390416279 ] ], [ [ -1.026938649624868, 44.758347061825212 ], [ -1.026686101823961, 44.758342696769155 ], [ -1.026698355352897, 44.757982818280809 ], [ -1.027203447880649, 44.757991547725901 ], [ -1.027197322710637, 44.75817148702771 ], [ -1.026944775635177, 44.758167122557019 ], [ -1.026938649624868, 44.758347061825212 ] ], [ [ -0.98729560178021, 44.757474978421328 ], [ -0.986790526016546, 44.757466072562025 ], [ -0.986796776437324, 44.757286137661325 ], [ -0.98730185063546, 44.757295043465035 ], [ -0.98729560178021, 44.757474978421328 ] ], [ [ -0.989322149770476, 44.757330644357069 ], [ -0.989069612173709, 44.757326196198811 ], [ -0.989082098749881, 44.756966325878388 ], [ -0.989334634781128, 44.756970773981152 ], [ -0.989322149770476, 44.757330644357069 ] ], [ [ -0.984018872538425, 44.757237115838926 ], [ -0.983766336172227, 44.757232655961239 ], [ -0.98377259592745, 44.757052721387801 ], [ -0.983520060402681, 44.757048260979843 ], [ -0.983526320881964, 44.75686832642787 ], [ -0.983778855623993, 44.756872786807996 ], [ -0.98378511526186, 44.756692852221768 ], [ -0.984037649279832, 44.756697312016009 ], [ -0.984031390424701, 44.756877246630047 ], [ -0.984283925284076, 44.756881705894038 ], [ -0.984277667153016, 44.757061640529493 ], [ -0.984025131510897, 44.757057181237677 ], [ -0.984018872538425, 44.757237115838926 ] ], [ [ -0.988318245400223, 44.757132913301888 ], [ -0.988065708820362, 44.757128462939072 ], [ -0.988071955210201, 44.756948527886728 ], [ -0.988324491007309, 44.756952978221754 ], [ -0.988318245400223, 44.757132913301888 ] ], [ [ -0.986803026799513, 44.757106202754194 ], [ -0.986550490571083, 44.757101749043024 ], [ -0.986556741657429, 44.756921814157323 ], [ -0.986809277103108, 44.756926267840718 ], [ -0.986803026799513, 44.757106202754194 ] ], [ [ -1.05297556050866, 44.758073904933255 ], [ -1.052723009962928, 44.758069597473934 ], [ -1.052729055889719, 44.757889655420769 ], [ -1.052981605652537, 44.757893962853196 ], [ -1.05297556050866, 44.758073904933255 ] ], [ [ -1.027215698048418, 44.757631669103212 ], [ -1.026963153321545, 44.757627304714205 ], [ -1.02696927910215, 44.75744736542056 ], [ -1.027221823046173, 44.757451729782339 ], [ -1.027215698048418, 44.757631669103212 ] ], [ [ -0.987061812607376, 44.756930720966061 ], [ -0.986809277103108, 44.756926267840718 ], [ -0.986815527348116, 44.756746332920848 ], [ -0.98706806206964, 44.756750786018401 ], [ -0.987061812607376, 44.756930720966061 ] ], [ [ -0.986304206270349, 44.756917359915867 ], [ -0.985799135672006, 44.756908449758782 ], [ -0.985805389047978, 44.756728514950076 ], [ -0.986310458080838, 44.756737425051583 ], [ -0.986304206270349, 44.756917359915867 ] ], [ [ -1.050203561379977, 44.757846550398256 ], [ -1.049698463158797, 44.757837922696019 ], [ -1.049704518423737, 44.75765798095928 ], [ -1.05020961507912, 44.757666608607707 ], [ -1.050203561379977, 44.757846550398256 ] ], [ [ -1.028238121205345, 44.757289242212245 ], [ -1.027985577814539, 44.757284880110127 ], [ -1.02799170034896, 44.757104940694873 ], [ -1.028244242956932, 44.75710930276977 ], [ -1.028238121205345, 44.757289242212245 ] ], [ [ -1.047781110795641, 44.754744382837195 ], [ -1.047528575532763, 44.754740064141806 ], [ -1.04753463687774, 44.754560122539672 ], [ -1.047787171357849, 44.754564441208117 ], [ -1.047781110795641, 44.754744382837195 ] ], [ [ -1.035172716327567, 44.753987943572824 ], [ -1.034920186262841, 44.753983597055097 ], [ -1.034932386827695, 44.753623716509779 ], [ -1.035184915327001, 44.753628062973235 ], [ -1.035197114097732, 44.753268182348258 ], [ -1.03544964108882, 44.753272528199439 ], [ -1.035455739605739, 44.753092587850333 ], [ -1.035708265871311, 44.753096933116382 ], [ -1.035689972497132, 44.753636754226015 ], [ -1.035437443883482, 44.753632408878644 ], [ -1.035431345195061, 44.753812349208729 ], [ -1.035178815855873, 44.753808003276212 ], [ -1.035172716327567, 44.753987943572824 ] ], [ [ -1.022798810539521, 44.753774307939835 ], [ -1.022546283285434, 44.753769934077873 ], [ -1.022558560554306, 44.753410056198653 ], [ -1.022811086243037, 44.753414430006046 ], [ -1.022798810539521, 44.753774307939835 ] ], [ [ -1.036188933555612, 44.753825383657997 ], [ -1.035936404044938, 44.753821039399618 ], [ -1.035948598233795, 44.753461158624702 ], [ -1.036201126179055, 44.753465502828846 ], [ -1.036188933555612, 44.753825383657997 ] ], [ [ -1.040488027008698, 44.753719209796394 ], [ -1.040235497310244, 44.75371487505199 ], [ -1.040241581070073, 44.753534934201049 ], [ -1.040494109985814, 44.753539268918395 ], [ -1.040488027008698, 44.753719209796394 ] ], [ [ -1.035960792194039, 44.753101277824349 ], [ -1.035708265871311, 44.753096933116382 ], [ -1.035720461168301, 44.752737052344862 ], [ -1.035972985925677, 44.752741396998651 ], [ -1.035960792194039, 44.753101277824349 ] ], [ [ -1.024609428533714, 44.752545335132538 ], [ -1.024104384235139, 44.752536595044837 ], [ -1.024116651306903, 44.752176716749275 ], [ -1.024621692474953, 44.752185456727922 ], [ -1.024609428533714, 44.752545335132538 ] ], [ [ -1.042623714500925, 44.750334985786345 ], [ -1.042371199216895, 44.75033065601972 ], [ -1.042377275632687, 44.750150714831953 ], [ -1.042629790134137, 44.750155044571585 ], [ -1.042623714500925, 44.750334985786345 ] ], [ [ -1.023198612323014, 44.749460143705114 ], [ -1.022946103793756, 44.749455771055977 ], [ -1.022958376735959, 44.749095892817046 ], [ -1.023210883700214, 44.749100265411599 ], [ -1.023198612323014, 44.749460143705114 ] ], [ [ -1.042900528902781, 44.749619549989831 ], [ -1.042648016692074, 44.749615220889225 ], [ -1.042654092097492, 44.749435279649063 ], [ -1.042906603525647, 44.74943960872266 ], [ -1.042900528902781, 44.749619549989831 ] ], [ [ -1.039882554104341, 44.749207682064124 ], [ -1.039630044142575, 44.749203346321941 ], [ -1.039636128824476, 44.749023405393494 ], [ -1.039888638003712, 44.749027741108648 ], [ -1.039882554104341, 44.749207682064124 ] ] ] } },
{ "type": "Feature", "properties": { "surface_ha": 9.99 }, "geometry": { "type": "Polygon", "coordinates": [ [ [ -1.058935432543739, 44.746112354903332 ], [ -1.058941456678704, 44.74593241180856 ], [ -1.059193955303533, 44.74593670460861 ], [ -1.059212025022373, 44.745396875205898 ], [ -1.058202040250948, 44.745379700979612 ], [ -1.05820806650728, 44.745199757939858 ], [ -1.057450580868996, 44.745186871492464 ], [ -1.05745660941604, 44.745006928526813 ], [ -1.056446632485706, 44.744989738893494 ], [ -1.056452664105797, 44.744809796028768 ], [ -1.055190198126909, 44.744788296568458 ], [ -1.055196233602355, 44.744608353831495 ], [ -1.053933772949626, 44.744586840558071 ], [ -1.05393981228034, 44.744406897948977 ], [ -1.0529298479065, 44.744389677395624 ], [ -1.052935890310039, 44.744209734887676 ], [ -1.052178419971376, 44.744196813695453 ], [ -1.052184464665323, 44.744016871261763 ], [ -1.050922019145855, 44.743995324918181 ], [ -1.050928067694836, 44.743815382612588 ], [ -1.049918115429036, 44.743798135603569 ], [ -1.049924167050634, 44.743618193399243 ], [ -1.048914218821682, 44.743600937571912 ], [ -1.048920273515834, 44.743420995468924 ], [ -1.048162815286921, 44.743408047821617 ], [ -1.048168872271246, 44.743228105793058 ], [ -1.047158931890096, 44.743210834560983 ], [ -1.047164991946843, 44.74303089263384 ], [ -1.04615505560368, 44.743013612583852 ], [ -1.046161118732785, 44.742833670758195 ], [ -1.045151186428033, 44.742816381890393 ], [ -1.045157252629426, 44.742636440166279 ], [ -1.044147324363502, 44.742619142480841 ], [ -1.044153393637112, 44.742439200858286 ], [ -1.043648431409974, 44.742430548722503 ], [ -1.043642360571828, 44.742610490291064 ], [ -1.043137397007758, 44.742601835869927 ], [ -1.04311917945823, 44.743141660375564 ], [ -1.043624147715982, 44.74315031495869 ], [ -1.04361807665023, 44.743330256501864 ], [ -1.04488050220177, 44.743351883332217 ], [ -1.044874434990636, 44.743531825004027 ], [ -1.045884379584747, 44.743549116534744 ], [ -1.045878315446007, 44.743729058308062 ], [ -1.046635776835369, 44.743742021179415 ], [ -1.046629714986761, 44.743921963027269 ], [ -1.047892155683578, 44.743943556790242 ], [ -1.047886097689825, 44.744123498766477 ], [ -1.049401033093725, 44.744149393033773 ], [ -1.049394979737262, 44.744329335165233 ], [ -1.050404940937441, 44.744346586960148 ], [ -1.050398890653665, 44.744526529192925 ], [ -1.051156364496344, 44.744539462262047 ], [ -1.051150316502952, 44.744719404569189 ], [ -1.051402808679598, 44.744723714503323 ], [ -1.051408855890622, 44.744543772169301 ], [ -1.051661347341582, 44.744548081518673 ], [ -1.051655300912924, 44.744728023879595 ], [ -1.052412777952918, 44.744740948661033 ], [ -1.052406733814715, 44.744920891096221 ], [ -1.053164213711706, 44.744933810937226 ], [ -1.053158171864008, 44.745113753446724 ], [ -1.054168148982341, 44.74513097219824 ], [ -1.054162110207589, 44.745310914808812 ], [ -1.05542458679098, 44.745332425829666 ], [ -1.055418551871652, 44.745512368568122 ], [ -1.056428537286226, 44.745529567449772 ], [ -1.056422505439993, 44.745709510289188 ], [ -1.05717999744184, 44.745722403672787 ], [ -1.057173967886346, 44.74590234658632 ], [ -1.058436459598451, 44.745923824534657 ], [ -1.058430433898609, 44.746103767575832 ], [ -1.058935432543739, 44.746112354903332 ] ] ] } },
{ "type": "Feature", "properties": { "surface_ha": 1.16 }, "geometry": { "type": "Polygon", "coordinates": [ [ [ -1.001528302719231, 44.740440664431247 ], [ -1.001534503721814, 44.74026072736833 ], [ -1.001786968946128, 44.740265146649065 ], [ -1.00179936921277, 44.739905272448951 ], [ -1.002051832931016, 44.739909691116814 ], [ -1.002064231401072, 44.739549816836075 ], [ -1.002316693613271, 44.739554234891045 ], [ -1.002329090286808, 44.739194360529709 ], [ -1.00258155099298, 44.739198777971815 ], [ -1.002593945870056, 44.738838903529881 ], [ -1.002846405070219, 44.738843320359138 ], [ -1.002852601639597, 44.738663383101034 ], [ -1.003105060115798, 44.738667799345023 ], [ -1.0031298426845, 44.737948050138762 ], [ -1.002624932046314, 44.73793921731351 ], [ -1.002606340514803, 44.738479029062411 ], [ -1.002353882936786, 44.738474611730581 ], [ -1.002347684861429, 44.738654548939927 ], [ -1.002095226559472, 44.738650131022766 ], [ -1.002076629638728, 44.739189942529855 ], [ -1.001824169048747, 44.739185523972274 ], [ -1.001811769246973, 44.739545398223349 ], [ -1.00155930715098, 44.739540979052904 ], [ -1.00154690555263, 44.739900853223368 ], [ -1.001294441950606, 44.739896433440002 ], [ -1.001275836770936, 44.74043624456516 ], [ -1.001528302719231, 44.740440664431247 ] ] ] } },
{ "type": "Feature", "properties": { "surface_ha": 7.59 }, "geometry": { "type": "Polygon", "coordinates": [ [ [ -1.02551283177998, 44.740858008280838 ], [ -1.025518958480228, 44.740678068614095 ], [ -1.025771429192322, 44.740682434906525 ], [ -1.025783680856248, 44.740322555499446 ], [ -1.025531211708453, 44.74031818926148 ], [ -1.025525085123052, 44.740498128940942 ], [ -1.024515205977575, 44.740480658302239 ], [ -1.024527465348091, 44.740120779154928 ], [ -1.024022529248586, 44.740112040597914 ], [ -1.024028660411926, 44.739932101069229 ], [ -1.024533594947173, 44.739940839571716 ], [ -1.024539724488807, 44.73976089998218 ], [ -1.025044657689608, 44.739769636199078 ], [ -1.025038529712217, 44.73994957584312 ], [ -1.026300867629793, 44.739971406760588 ], [ -1.026294743505632, 44.74015134653451 ], [ -1.028062024475684, 44.740181886582967 ], [ -1.028068143124895, 44.740001946618513 ], [ -1.02832061128221, 44.740006307224242 ], [ -1.028332846844339, 44.739646427221864 ], [ -1.027322980816198, 44.739628981669945 ], [ -1.027335222405873, 44.739269101859861 ], [ -1.027587687262653, 44.73927346403007 ], [ -1.02759380718934, 44.739093524088247 ], [ -1.02734134311466, 44.739089161945301 ], [ -1.027347463766083, 44.738909222024319 ], [ -1.026842537353007, 44.738900496119548 ], [ -1.026848659511236, 44.73872055624669 ], [ -1.025586348393219, 44.738698731860168 ], [ -1.02559247440444, 44.738518792117105 ], [ -1.024330168632154, 44.738496953923082 ], [ -1.024336298496284, 44.738317014309942 ], [ -1.022821538157862, 44.73829079023519 ], [ -1.022827672656864, 44.7381108507793 ], [ -1.022322754568034, 44.738102105013709 ], [ -1.022316618504931, 44.738282044415016 ], [ -1.021559239456867, 44.738268921501742 ], [ -1.021553100990088, 44.738448860814799 ], [ -1.021300640640397, 44.738444485367609 ], [ -1.021294501334022, 44.738624424647043 ], [ -1.021799423655062, 44.738633175038288 ], [ -1.021774872110814, 44.73935293231078 ], [ -1.02278472995646, 44.739370426836956 ], [ -1.022778595054987, 44.739550366248331 ], [ -1.023788456949016, 44.739567851959471 ], [ -1.023763929282088, 44.740287609977784 ], [ -1.024016398027781, 44.740291980120212 ], [ -1.024004135413778, 44.740651859145785 ], [ -1.025014017228311, 44.740669334355786 ], [ -1.025007888963744, 44.740849273968067 ], [ -1.02551283177998, 44.740858008280838 ] ], [ [ -1.022556807568039, 44.738646296442106 ], [ -1.022051884901873, 44.738637549397311 ], [ -1.022058021862056, 44.738457610035994 ], [ -1.022562942964094, 44.738466357026205 ], [ -1.022556807568039, 44.738646296442106 ] ] ] } },
{ "type": "Feature", "properties": { "surface_ha": 20.94 }, "geometry": { "type": "Polygon", "coordinates": [ [ [ -1.042878842069227, 44.742777449303773 ], [ -1.042884915311093, 44.742597507822559 ], [ -1.043137397007758, 44.742601835869927 ], [ -1.043143469410436, 44.742421894355353 ], [ -1.042890988496034, 44.742417566334993 ], [ -1.042897061624054, 44.742237624841103 ], [ -1.041887141664773, 44.742220307289401 ], [ -1.041893217864867, 44.742040365897211 ], [ -1.041135780840102, 44.742027371957263 ], [ -1.041141859329961, 44.741847430639794 ], [ -1.041394337499016, 44.741851762483904 ], [ -1.041412570280096, 44.741311938412331 ], [ -1.041160094457713, 44.741307606649286 ], [ -1.04116617271969, 44.741127665306436 ], [ -1.04015627312876, 44.741110332784267 ], [ -1.040162354462568, 44.740930391543223 ], [ -1.039152458912397, 44.740913050204284 ], [ -1.039158543317968, 44.740733109065076 ], [ -1.037896179074352, 44.740711419976144 ], [ -1.037902267333796, 44.740531478965899 ], [ -1.036892380094699, 44.740514117762629 ], [ -1.036904562699732, 44.740154235939755 ], [ -1.036399622551361, 44.740145552099719 ], [ -1.036393529713068, 44.740325492960167 ], [ -1.035636117572335, 44.740312462935385 ], [ -1.035642212757103, 44.740132522156273 ], [ -1.034632333831239, 44.740115141089284 ], [ -1.034638432087477, 44.739935200412241 ], [ -1.035395838849722, 44.739948236967813 ], [ -1.035438508618567, 44.738688651481397 ], [ -1.035186045115519, 44.738684306710411 ], [ -1.035192141350353, 44.738504365928357 ], [ -1.034687216079851, 44.738495674767357 ], [ -1.03467502042467, 44.73885555621667 ], [ -1.034170092254397, 44.738846862716166 ], [ -1.034163992776874, 44.739026803377051 ], [ -1.034416457615536, 44.739031150433313 ], [ -1.034398161186316, 44.739570972459255 ], [ -1.03389322687346, 44.739562277626234 ], [ -1.033899327304609, 44.739382337011513 ], [ -1.033141928610533, 44.739369290660086 ], [ -1.033135825833016, 44.739549231193394 ], [ -1.033640759802791, 44.739557929373063 ], [ -1.033634658532335, 44.739737869954318 ], [ -1.032119852616665, 44.739711768559189 ], [ -1.032125958579892, 44.739531828140777 ], [ -1.031621025296666, 44.739523123267858 ], [ -1.031627132766906, 44.739343182897422 ], [ -1.032636996433791, 44.739360590303612 ], [ -1.032643100718341, 44.739180649818209 ], [ -1.032895565995994, 44.739185000248199 ], [ -1.032907772829255, 44.738825119204051 ], [ -1.032402845459566, 44.738816417894924 ], [ -1.032415055192366, 44.73845653693396 ], [ -1.032162593157517, 44.73845218549706 ], [ -1.032174804225598, 44.738092304565015 ], [ -1.031922343812116, 44.73808795262466 ], [ -1.031946768389818, 44.737368190792971 ], [ -1.031694311161762, 44.737363838403496 ], [ -1.031682097423283, 44.737723719277732 ], [ -1.031429638688378, 44.737719366276195 ], [ -1.031423530951234, 44.737899306676631 ], [ -1.03117107149152, 44.737894953090205 ], [ -1.031164962915074, 44.738074893457124 ], [ -1.030912502730553, 44.7380705392858 ], [ -1.030906393314792, 44.73825047961919 ], [ -1.030653932405464, 44.738246124862954 ], [ -1.03064171183801, 44.73860600545634 ], [ -1.030389249421801, 44.738601650088007 ], [ -1.030383138270085, 44.738781590348033 ], [ -1.029878212045327, 44.738772877883726 ], [ -1.029872099272153, 44.738952818083035 ], [ -1.030124563137983, 44.738957174621241 ], [ -1.030118451089614, 44.739137114841341 ], [ -1.029865986441686, 44.739132758275971 ], [ -1.029859873553928, 44.739312698462541 ], [ -1.029354942865743, 44.739303983604138 ], [ -1.029348828356466, 44.739483923729978 ], [ -1.02909636231622, 44.739479565436937 ], [ -1.029084131561496, 44.73983944561521 ], [ -1.028831664014319, 44.739835086709981 ], [ -1.028819431466057, 44.740194966808453 ], [ -1.028566962411932, 44.740190607291069 ], [ -1.028554728070066, 44.740550487309733 ], [ -1.030069552640382, 44.740576636373618 ], [ -1.030063440076431, 44.740756576536562 ], [ -1.030568383622597, 44.740765288483225 ], [ -1.030562272565703, 44.74094522869418 ], [ -1.031067217905324, 44.74095393846401 ], [ -1.031061108355515, 44.741133878722948 ], [ -1.03181852914094, 44.741146939275673 ], [ -1.031824636344196, 44.740966998935271 ], [ -1.032329582256321, 44.740975703127113 ], [ -1.032317370921326, 44.741335583910221 ], [ -1.032822320191115, 44.741344285979437 ], [ -1.032816216002181, 44.741524226415777 ], [ -1.033068691505098, 44.741528576640839 ], [ -1.03306258804116, 44.741708517097926 ], [ -1.033315064383494, 44.741712866792319 ], [ -1.033321167065219, 44.741532926308061 ], [ -1.035845925811124, 44.741576392300693 ], [ -1.035839830951536, 44.741756333056131 ], [ -1.036849739178668, 44.741773703942762 ], [ -1.036843647390856, 44.741953644800248 ], [ -1.038106037870522, 44.741975345992969 ], [ -1.038099949936792, 44.742155286979504 ], [ -1.038604908092607, 44.74216396360594 ], [ -1.038598821666309, 44.742343904640279 ], [ -1.039861221965261, 44.742365586579666 ], [ -1.039855139393191, 44.742545527742934 ], [ -1.040107620406298, 44.742549862484324 ], [ -1.040113702196112, 44.742369921294063 ], [ -1.040618662828813, 44.742378589049295 ], [ -1.040612582603516, 44.742558530293671 ], [ -1.041622507681756, 44.742575859218242 ], [ -1.041616430528541, 44.742755800564417 ], [ -1.042878842069227, 44.742777449303773 ] ], [ [ -1.035161659604812, 44.739404069775169 ], [ -1.034656726513264, 44.739395378343033 ], [ -1.03467502042467, 44.73885555621667 ], [ -1.035179948823547, 44.738864247486141 ], [ -1.035161659604812, 44.739404069775169 ] ], [ [ -1.032643100718341, 44.739180649818209 ], [ -1.032390635497895, 44.739176298830458 ], [ -1.032396740507339, 44.738996358365867 ], [ -1.032649204945678, 44.739000709326469 ], [ -1.032643100718341, 44.739180649818209 ] ], [ [ -1.031386883326239, 44.738978948945864 ], [ -1.030629491041485, 44.738965886024346 ], [ -1.030635601468382, 44.738785945743537 ], [ -1.031392991406853, 44.73879900858352 ], [ -1.031386883326239, 44.738978948945864 ] ], [ [ -1.032150381860543, 44.738812066403717 ], [ -1.031897918318745, 44.738807714354742 ], [ -1.031910131179892, 44.738447833502399 ], [ -1.032162593157517, 44.73845218549706 ], [ -1.032150381860543, 44.738812066403717 ] ], [ [ -1.031657669259499, 44.738443480949989 ], [ -1.03140520739634, 44.738439127839825 ], [ -1.031411315305215, 44.738259187458468 ], [ -1.0316637763863, 44.738263540541446 ], [ -1.031657669259499, 44.738443480949989 ] ] ] } },
{ "type": "Feature", "properties": { "surface_ha": 4.32 }, "geometry": { "type": "Polygon", "coordinates": [ [ [ -1.037181394255975, 44.739438813192834 ], [ -1.037187484462378, 44.739258872219402 ], [ -1.037439950768587, 44.739263212609558 ], [ -1.037446040135791, 44.739083271602695 ], [ -1.037698505716952, 44.739087611407996 ], [ -1.03771068271593, 44.738727729321035 ], [ -1.037205754739108, 44.738719049261015 ], [ -1.037199664703944, 44.738898990253489 ], [ -1.036947200019043, 44.73889464935975 ], [ -1.036959381596495, 44.738534767422607 ], [ -1.037211844717198, 44.738539108262181 ], [ -1.037224024502143, 44.738179226245506 ], [ -1.037476486115752, 44.738183566473154 ], [ -1.037470397033899, 44.738363507511771 ], [ -1.038480247187276, 44.738380862953179 ], [ -1.038486333140798, 44.738200921806296 ], [ -1.040001105389389, 44.73822693807341 ], [ -1.040007186593395, 44.738046996757845 ], [ -1.040259648052274, 44.738051330823204 ], [ -1.04026572841721, 44.737871389474236 ], [ -1.040518189150999, 44.73787572295479 ], [ -1.040530348145789, 44.737515840183825 ], [ -1.040277888976127, 44.73751150675735 ], [ -1.040302209410142, 44.736791741247373 ], [ -1.04004975342563, 44.73678740737131 ], [ -1.040043672620572, 44.736967348731277 ], [ -1.039791215911021, 44.736963014270458 ], [ -1.039803379028199, 44.736603131598237 ], [ -1.039298468908196, 44.736594461111608 ], [ -1.039274136189591, 44.737314226214238 ], [ -1.039021678086978, 44.737309890026104 ], [ -1.039027762134191, 44.737129948787022 ], [ -1.03852284766412, 44.737121274791704 ], [ -1.038516762052823, 44.737301215976643 ], [ -1.038769220041386, 44.737305553280237 ], [ -1.038757050211792, 44.737665435685273 ], [ -1.038504590659125, 44.737661098327564 ], [ -1.038510676384492, 44.73748115715528 ], [ -1.038258217670918, 44.737476819266874 ], [ -1.038246044599029, 44.73783670155094 ], [ -1.03849850487672, 44.737841039493468 ], [ -1.038492419037278, 44.738020980653047 ], [ -1.037987496974801, 44.738012304156136 ], [ -1.037993584378381, 44.737832363050664 ], [ -1.036731284131083, 44.737810662183165 ], [ -1.036737375387907, 44.737630721206784 ], [ -1.036232457252676, 44.73762203700975 ], [ -1.036226364431734, 44.737801977931952 ], [ -1.035973904667711, 44.737797634969731 ], [ -1.035967811007602, 44.737977575858508 ], [ -1.035715350518628, 44.73797323231144 ], [ -1.035703161462927, 44.738333114015717 ], [ -1.036208085626283, 44.7383418006605 ], [ -1.036201992576925, 44.738521741557335 ], [ -1.035949529684602, 44.738517398486707 ], [ -1.03591905967066, 44.73941710274012 ], [ -1.036423993333488, 44.739425788594524 ], [ -1.036430085886262, 44.739245847702328 ], [ -1.03693501821325, 44.739254531271499 ], [ -1.036928927224724, 44.739434472217837 ], [ -1.037181394255975, 44.739438813192834 ] ], [ [ -1.03694110914469, 44.739074590318772 ], [ -1.036436178381935, 44.73906590680383 ], [ -1.036442270820507, 44.738885965898938 ], [ -1.036947200019043, 44.73889464935975 ], [ -1.03694110914469, 44.739074590318772 ] ], [ [ -1.0367008269906, 44.738710366969919 ], [ -1.036448363201979, 44.738706024987735 ], [ -1.036454455526352, 44.738526084070187 ], [ -1.036706918532878, 44.738530426025285 ], [ -1.0367008269906, 44.738710366969919 ] ], [ [ -1.04002542986345, 44.737507172773128 ], [ -1.039772970807767, 44.737502838231144 ], [ -1.03977905256585, 44.737322896917256 ], [ -1.040031510839483, 44.737327231432189 ], [ -1.04002542986345, 44.737507172773128 ] ] ] } },
{ "type": "Feature", "properties": { "surface_ha": 2.08 }, "geometry": { "type": "Polygon", "coordinates": [ [ [ -1.037494753018903, 44.737643743319254 ], [ -1.037506930669005, 44.737283861184935 ], [ -1.037759388429379, 44.737288200719476 ], [ -1.037777652130451, 44.736748377389134 ], [ -1.039039930057556, 44.736770066289822 ], [ -1.039052097752843, 44.736410183767205 ], [ -1.038799643617386, 44.736405847156654 ], [ -1.038811812648604, 44.736045964662786 ], [ -1.03906426522006, 44.736050301219251 ], [ -1.039070348868143, 44.735870359935724 ], [ -1.038060542052456, 44.735853010471878 ], [ -1.03806662877145, 44.735673069290279 ], [ -1.037309276604574, 44.735660051417689 ], [ -1.03730318753964, 44.735839992518073 ], [ -1.03780809049113, 44.735848671711643 ], [ -1.037795915318022, 44.736208554001699 ], [ -1.037543462249764, 44.736204214629609 ], [ -1.037537373795629, 44.736384155738044 ], [ -1.037032466266306, 44.73637547526657 ], [ -1.037038556284445, 44.7361955342123 ], [ -1.036786103387395, 44.736191193167095 ], [ -1.036773921730036, 44.73655107521509 ], [ -1.036521467326062, 44.736546733557986 ], [ -1.03650928387633, 44.736906615526415 ], [ -1.037014195869431, 44.736915298391281 ], [ -1.037008105622983, 44.737095239420142 ], [ -1.037260562487182, 44.737099580043051 ], [ -1.037254472965694, 44.737279521092667 ], [ -1.037002015319456, 44.737275180442673 ], [ -1.036995924958849, 44.737455121458858 ], [ -1.036743466587646, 44.737450780224016 ], [ -1.036737375387907, 44.737630721206784 ], [ -1.037494753018903, 44.737643743319254 ] ] ] } },
{ "type": "Feature", "properties": { "surface_ha": 19.31 }, "geometry": { "type": "Polygon", "coordinates": [ [ [ -1.020518692980984, 44.739151112431458 ], [ -1.020524834806227, 44.738971173253013 ], [ -1.020777297329483, 44.738975550455379 ], [ -1.020783438315089, 44.738795611243262 ], [ -1.021035900113825, 44.738799987860574 ], [ -1.021048180348244, 44.738440109362671 ], [ -1.019785879750816, 44.738418220971894 ], [ -1.019792023691968, 44.738238281849981 ], [ -1.019034646370593, 44.738225142204655 ], [ -1.019040792600291, 44.738045203158343 ], [ -1.018788334390406, 44.738040822188431 ], [ -1.018782187378667, 44.738220761207373 ], [ -1.018024810748584, 44.738207614869225 ], [ -1.018030960106442, 44.73802767593228 ], [ -1.017021128534712, 44.738010139782574 ], [ -1.01702728096306, 44.7378302009487 ], [ -1.01576499670598, 44.737808268349546 ], [ -1.015771152986768, 44.737628329646164 ], [ -1.015013785470886, 44.73761516347615 ], [ -1.015019944040005, 44.737435224848525 ], [ -1.015524854095533, 44.737444002798149 ], [ -1.015537167932624, 44.737084125414299 ], [ -1.015789621482947, 44.737088513497767 ], [ -1.015795777532949, 44.73690857476889 ], [ -1.01478596680585, 44.736891019198247 ], [ -1.014779807627896, 44.737070957817586 ], [ -1.014527354308425, 44.737066567503277 ], [ -1.014533514268365, 44.736886628911343 ], [ -1.013018800256067, 44.736860275478058 ], [ -1.013006470894608, 44.737220152326742 ], [ -1.012501563558022, 44.737211363277687 ], [ -1.012507729831619, 44.737031424911365 ], [ -1.011750371606153, 44.737018237237287 ], [ -1.011744202986597, 44.7371981755213 ], [ -1.011491749578404, 44.737193778487118 ], [ -1.011504088323668, 44.736833901967543 ], [ -1.011756540167898, 44.736838298946886 ], [ -1.011775045506263, 44.736298484037498 ], [ -1.010765247859842, 44.736280893103249 ], [ -1.010771419318135, 44.736100954897147 ], [ -1.009004281137583, 44.736070149483425 ], [ -1.009010458011598, 44.73589021146315 ], [ -1.008253116291073, 44.735877000860164 ], [ -1.008259295452978, 44.735697062915953 ], [ -1.006997064320031, 44.735675034228244 ], [ -1.007003247333608, 44.735495096415086 ], [ -1.00574102155889, 44.735473053923101 ], [ -1.005747208424053, 44.73529311624111 ], [ -1.005494764224931, 44.735288706097236 ], [ -1.005488576577865, 44.735468643751723 ], [ -1.005236131654828, 44.735464233022654 ], [ -1.005248508454772, 44.735104357762381 ], [ -1.004238735597857, 44.735086709489686 ], [ -1.004232544099306, 44.735266647012892 ], [ -1.004737431975531, 44.735275472319607 ], [ -1.004718861823171, 44.735815285016223 ], [ -1.004213969255497, 44.7358064595443 ], [ -1.00422635254273, 44.735446584529711 ], [ -1.003469018817907, 44.735433342304546 ], [ -1.003462824857585, 44.735613279732412 ], [ -1.003210379616825, 44.735608864514468 ], [ -1.003216574359053, 44.735428927114185 ], [ -1.002964129958255, 44.735424511366112 ], [ -1.002957934434122, 44.735604448738869 ], [ -1.002705489309483, 44.735600032405607 ], [ -1.002711685615521, 44.735420095060412 ], [ -1.001701908825355, 44.735402424260954 ], [ -1.001708108200901, 44.735222487019648 ], [ -1.000445892429949, 44.735200386110812 ], [ -1.00045209565682, 44.735020449001006 ], [ -0.999947211319101, 44.735011604789079 ], [ -0.999953416051586, 44.734831667728074 ], [ -1.0002058574095, 44.734836090085281 ], [ -1.000224468912488, 44.734296278781258 ], [ -0.999719590945968, 44.734287433674773 ], [ -0.999713385606074, 44.734467370727316 ], [ -0.999965825342114, 44.734471793586955 ], [ -0.999959620725924, 44.734651730660701 ], [ -0.999707180208026, 44.734647307773436 ], [ -0.999694769237461, 44.735007181846626 ], [ -0.999189885248661, 44.734998334288782 ], [ -0.999196092326768, 44.734818397310562 ], [ -0.997429005671838, 44.734787413485421 ], [ -0.99742279312064, 44.734967350270317 ], [ -0.997170351620899, 44.734962921751389 ], [ -0.997157924780079, 44.735322795246788 ], [ -0.998420140679741, 44.735344932541253 ], [ -0.998413931081438, 44.735524869417517 ], [ -0.999928596772742, 44.735551415933827 ], [ -0.999922391807655, 44.735731352969317 ], [ -1.001184618725833, 44.735753459868491 ], [ -1.001178417612157, 44.735933397035573 ], [ -1.002188203320483, 44.735951072627145 ], [ -1.002182005276382, 44.736131009898109 ], [ -1.003444242628319, 44.736153091977741 ], [ -1.003438048435799, 44.73633302938012 ], [ -1.003690496862305, 44.736337444150557 ], [ -1.003665722639504, 44.737057193806507 ], [ -1.003413271085186, 44.737052778925921 ], [ -1.0034070766024, 44.737232716296404 ], [ -1.003154624324162, 44.737228300830559 ], [ -1.0031298426845, 44.737948050138762 ], [ -1.003382298090695, 44.737952465714827 ], [ -1.003394687462658, 44.73759259101837 ], [ -1.003647141362916, 44.737597005981605 ], [ -1.003653335179827, 44.73741706859628 ], [ -1.003905788356146, 44.73742148297427 ], [ -1.003924367112675, 44.736881670697471 ], [ -1.004176818001114, 44.736886084435156 ], [ -1.004189201984697, 44.736526209497015 ], [ -1.004441651367254, 44.736530622621927 ], [ -1.004447842490056, 44.736350685115767 ], [ -1.00520518864001, 44.736363921061844 ], [ -1.005198999863048, 44.736543858650613 ], [ -1.006208798669415, 44.736561498881215 ], [ -1.006202612962276, 44.736741436573659 ], [ -1.007212415824025, 44.736759067991251 ], [ -1.007206233186773, 44.736939005787306 ], [ -1.007711136529271, 44.736947818204918 ], [ -1.007680230293733, 44.737847507364627 ], [ -1.008185141687855, 44.737856317826328 ], [ -1.008197501227857, 44.737496442071617 ], [ -1.007945047065837, 44.737492037174576 ], [ -1.007957407938147, 44.737132161449352 ], [ -1.008967218677791, 44.737149777471359 ], [ -1.008961041398536, 44.737329715447046 ], [ -1.009465948679719, 44.737338520166766 ], [ -1.009459772906558, 44.737518458191033 ], [ -1.010217136608397, 44.737531661170173 ], [ -1.010210963123367, 44.737711599270476 ], [ -1.011220785330484, 44.737729195544517 ], [ -1.011226955687494, 44.737549257334429 ], [ -1.011731865574046, 44.737558052070291 ], [ -1.011725696781049, 44.737737990335198 ], [ -1.013240432520065, 44.737764361322164 ], [ -1.013234268361355, 44.737944299745273 ], [ -1.013991639356929, 44.737957477791767 ], [ -1.013985477486532, 44.738137416290748 ], [ -1.015752683971312, 44.738168145737312 ], [ -1.015746527517432, 44.738348084421617 ], [ -1.016756364192157, 44.738365631944816 ], [ -1.016750210808771, 44.738545570732256 ], [ -1.017760051534428, 44.738563109441152 ], [ -1.017753901221607, 44.738743048331671 ], [ -1.019016207335875, 44.738764959305357 ], [ -1.019010060875756, 44.738944898326224 ], [ -1.019767447581861, 44.738958038299479 ], [ -1.019761303410376, 44.739137977395956 ], [ -1.020518692980984, 44.739151112431458 ] ], [ [ -1.014515034215351, 44.737426444668053 ], [ -1.013757669911385, 44.737413270214468 ], [ -1.013763832332786, 44.737233331717455 ], [ -1.014521194290755, 44.737246506088859 ], [ -1.014515034215351, 44.737426444668053 ] ], [ [ -1.013763832332786, 44.737233331717455 ], [ -1.013258924649567, 44.737224546014673 ], [ -1.013265088577196, 44.737044607566126 ], [ -1.013769994696434, 44.73705339321409 ], [ -1.013763832332786, 44.737233331717455 ] ], [ [ -1.007230963388126, 44.736219254564837 ], [ -1.006978514931611, 44.736214847629462 ], [ -1.006984698119032, 44.736034909835425 ], [ -1.00723714579361, 44.736039316743316 ], [ -1.007230963388126, 44.736219254564837 ] ], [ [ -1.006479802943726, 44.736026094346649 ], [ -1.005974908000271, 44.736017276627116 ], [ -1.005987280456665, 44.735657401239969 ], [ -1.006239726335559, 44.735661810323549 ], [ -1.006233540918272, 44.735841748047804 ], [ -1.006485987637057, 44.735846156601212 ], [ -1.006479802943726, 44.736026094346649 ] ] ] } },
{ "type": "Feature", "properties": { "surface_ha": 2.76 }, "geometry": { "type": "Polygon", "coordinates": [ [ [ -1.033799372765215, 44.734879472031942 ], [ -1.03381157216152, 44.734519590520236 ], [ -1.03406401733549, 44.734523938013858 ], [ -1.034070116165974, 44.73434399722133 ], [ -1.033312783161322, 44.734330953148834 ], [ -1.033318884280381, 44.734151012431354 ], [ -1.032561554136065, 44.734137963421254 ], [ -1.032567657543653, 44.733958022778836 ], [ -1.031557887946334, 44.733940616399941 ], [ -1.031563994424289, 44.733760675859763 ], [ -1.030301787624795, 44.733738905474539 ], [ -1.030295677237395, 44.733918845878883 ], [ -1.030043235267375, 44.733914490101689 ], [ -1.030049346436662, 44.733734549724545 ], [ -1.0297969053058, 44.733730193416868 ], [ -1.029790793354627, 44.733910133766834 ], [ -1.029538351499161, 44.733905776874337 ], [ -1.029550576907992, 44.733545896222374 ], [ -1.029045696496452, 44.733537180873114 ], [ -1.029033467960094, 44.7338970614163 ], [ -1.028781026276514, 44.733892702850817 ], [ -1.02877491114049, 44.734072643085696 ], [ -1.029027353605965, 44.734077001678372 ], [ -1.029021239194532, 44.734256941934085 ], [ -1.030283456290798, 44.734278726668492 ], [ -1.030277345731598, 44.734458667053779 ], [ -1.031792012828315, 44.73448479049501 ], [ -1.03178590690336, 44.734664731036936 ], [ -1.032795689240096, 44.734682135619522 ], [ -1.032789586385633, 44.73486207626366 ], [ -1.033799372765215, 44.734879472031942 ] ] ] } },
{ "type": "Feature", "properties": { "surface_ha": 3.0 }, "geometry": { "type": "Polygon", "coordinates": [ [ [ -1.027266377378773, 44.733866539746991 ], [ -1.027272497148775, 44.733686599668999 ], [ -1.027524937706511, 44.733690961553236 ], [ -1.027537175510718, 44.733331081323776 ], [ -1.027032297580074, 44.73332235710653 ], [ -1.027038417959878, 44.733142417036689 ], [ -1.026281103839687, 44.73312932661014 ], [ -1.026287226507678, 44.732949386615616 ], [ -1.02477260450783, 44.73292319086962 ], [ -1.024778731809472, 44.732743251032169 ], [ -1.022759245280324, 44.732708292361323 ], [ -1.022765378779156, 44.732528352735649 ], [ -1.022512944003424, 44.732523980419742 ], [ -1.022506809722768, 44.732703920018132 ], [ -1.022254374222703, 44.732699547117299 ], [ -1.022242103925259, 44.733059426240445 ], [ -1.022746978110216, 44.733068171593601 ], [ -1.022740844438939, 44.73324811120019 ], [ -1.023498158493019, 44.733261225129453 ], [ -1.023492027109821, 44.733441164811531 ], [ -1.024754222258362, 44.733463010343769 ], [ -1.024748094727024, 44.733642950155769 ], [ -1.026262735491432, 44.733669146555535 ], [ -1.026256612593916, 44.733849086524621 ], [ -1.027266377378773, 44.733866539746991 ] ] ] } },
{ "type": "Feature", "properties": { "surface_ha": 2.04 }, "geometry": { "type": "Polygon", "coordinates": [ [ [ -1.02198966691902, 44.733055052727416 ], [ -1.021995802878328, 44.7328751131963 ], [ -1.021743366711432, 44.732870739152929 ], [ -1.021749503395063, 44.732690799642761 ], [ -1.02200193878013, 44.732695173658847 ], [ -1.022008074624431, 44.73251523411502 ], [ -1.02150320547545, 44.73250648557979 ], [ -1.021509342825874, 44.732326546084209 ], [ -1.020247174869155, 44.732304665124225 ], [ -1.020253316071085, 44.732124725758823 ], [ -1.018738721113153, 44.732098450369342 ], [ -1.018744866948295, 44.731918511161474 ], [ -1.017482709976129, 44.731896599805879 ], [ -1.017470410430318, 44.732256477941796 ], [ -1.0177228432731, 44.732260861382848 ], [ -1.017716694195549, 44.732440800468609 ], [ -1.019231297152968, 44.732467089568878 ], [ -1.019225152708665, 44.732647028812345 ], [ -1.020234892292632, 44.73266454383603 ], [ -1.020228750918039, 44.732844483182383 ], [ -1.021238494550178, 44.732861989393285 ], [ -1.021232356245364, 44.733041928842511 ], [ -1.02198966691902, 44.733055052727416 ] ] ] } },
{ "type": "Feature", "properties": { "surface_ha": 1.04 }, "geometry": { "type": "Polygon", "coordinates": [ [ [ -1.042203028567896, 44.73286334648197 ], [ -1.042215174990058, 44.732503463031399 ], [ -1.042467612663573, 44.732507791797353 ], [ -1.042479757294374, 44.732147908267414 ], [ -1.042732193461101, 44.73215223642174 ], [ -1.0427382649093, 44.731972294620235 ], [ -1.042485829524413, 44.731967966492903 ], [ -1.042491901697547, 44.731788024712067 ], [ -1.041734598229846, 44.73177503706529 ], [ -1.041740672691541, 44.731595095359147 ], [ -1.040983372081652, 44.73158210277478 ], [ -1.040971218410391, 44.731941986018626 ], [ -1.041476088554008, 44.731950648407242 ], [ -1.041463937782298, 44.732310531733809 ], [ -1.041716374503193, 44.732314862145685 ], [ -1.041710299813783, 44.732494803826462 ], [ -1.041205424865231, 44.732486142390989 ], [ -1.041199348555173, 44.732666084011363 ], [ -1.041704225067443, 44.732674745500908 ], [ -1.041698150264172, 44.732854687168981 ], [ -1.042203028567896, 44.73286334648197 ] ], [ [ -1.042215174990058, 44.732503463031399 ], [ -1.041962737373459, 44.732499133707755 ], [ -1.041968811281017, 44.73231919199997 ], [ -1.042221248115765, 44.732323521296578 ], [ -1.042215174990058, 44.732503463031399 ] ] ] } },
{ "type": "Feature", "properties": { "surface_ha": 2.04 }, "geometry": { "type": "Polygon", "coordinates": [ [ [ -1.054356389429983, 44.731990842620775 ], [ -1.05436846011304, 44.731630956509179 ], [ -1.054116024463917, 44.731626654114017 ], [ -1.054128096484401, 44.731266768030778 ], [ -1.054380530569853, 44.731271070372294 ], [ -1.054386565713419, 44.731091127294313 ], [ -1.054638999073607, 44.731095429051337 ], [ -1.054663135955065, 44.730375656568775 ], [ -1.054915566244575, 44.730379957660809 ], [ -1.054903499480547, 44.730739843968443 ], [ -1.055408363356387, 44.730748444587014 ], [ -1.055420426993212, 44.730388558172052 ], [ -1.055167996590627, 44.730384258195251 ], [ -1.055180061564916, 44.730024371808611 ], [ -1.054927632782438, 44.730020071327843 ], [ -1.054939699094138, 44.729660184969511 ], [ -1.054182417776592, 44.72964728034259 ], [ -1.054164311188268, 44.730187109629021 ], [ -1.053659452568732, 44.730178503595319 ], [ -1.053629265972243, 44.731078218677482 ], [ -1.053376832838334, 44.731073914689944 ], [ -1.053352679415359, 44.731793686534182 ], [ -1.053857551994423, 44.731802294166457 ], [ -1.053851515060909, 44.731982237165376 ], [ -1.054356389429983, 44.731990842620775 ] ], [ [ -1.054663135955065, 44.730375656568775 ], [ -1.054410705722106, 44.730371354919114 ], [ -1.054416740582885, 44.730191411809479 ], [ -1.054669170034056, 44.730195713432266 ], [ -1.054663135955065, 44.730375656568775 ] ] ] } },
{ "type": "Feature", "properties": { "surface_ha": 1.88 }, "geometry": { "type": "Polygon", "coordinates": [ [ [ -1.032209274781023, 44.729630744684599 ], [ -1.032233688602726, 44.728910981658913 ], [ -1.031981268122202, 44.728906630545566 ], [ -1.032011788020782, 44.728006926756336 ], [ -1.0310021223042, 44.727989517270345 ], [ -1.031008229238906, 44.727809576602056 ], [ -1.030755813734465, 44.72780522286385 ], [ -1.030743598244518, 44.728165104139727 ], [ -1.030491181234011, 44.728160749789637 ], [ -1.030485072621523, 44.728340690390901 ], [ -1.030232654886599, 44.728336335456092 ], [ -1.030226545435196, 44.728516276023811 ], [ -1.030478963951788, 44.728520630985784 ], [ -1.030472855224805, 44.728700571574315 ], [ -1.030220435926539, 44.728696216585178 ], [ -1.03021432636063, 44.728876157140185 ], [ -1.030719166577772, 44.728884866615267 ], [ -1.030713058517986, 44.729064807218251 ], [ -1.030965479494114, 44.729069161146626 ], [ -1.030959372158786, 44.729249101770449 ], [ -1.031464215846129, 44.729257808008761 ], [ -1.03145811001698, 44.729437748680546 ], [ -1.031962955496615, 44.729446452742891 ], [ -1.031956851173677, 44.729626393462624 ], [ -1.032209274781023, 44.729630744684599 ] ] ] } },
{ "type": "Feature", "properties": { "surface_ha": 1.16 }, "geometry": { "type": "Polygon", "coordinates": [ [ [ -1.030244873617647, 44.727976454301583 ], [ -1.030250982897294, 44.727796513714821 ], [ -1.030503398287256, 44.727800868568103 ], [ -1.03051561511153, 44.727440987321152 ], [ -1.030768028995464, 44.727445341562579 ], [ -1.030761921393581, 44.727625282216387 ], [ -1.031014336116384, 44.727629635927414 ], [ -1.031020442936636, 44.727449695246435 ], [ -1.031525270990653, 44.727458400941572 ], [ -1.031531376190423, 44.727278460199948 ], [ -1.031278962916434, 44.727274107658289 ], [ -1.03128506884061, 44.727094166937448 ], [ -1.031032656405454, 44.727089813865419 ], [ -1.031044869645369, 44.726729932458994 ], [ -1.030540048073171, 44.726721224751053 ], [ -1.030546156170483, 44.726541284092633 ], [ -1.03004133639043, 44.72653257420891 ], [ -1.030035226729933, 44.726712514812995 ], [ -1.02978281614419, 44.726708159007671 ], [ -1.029776705644836, 44.726888099578204 ], [ -1.030029117012179, 44.726892455410677 ], [ -1.02999856756458, 44.727792158303977 ], [ -1.029746152289126, 44.727787802335612 ], [ -1.02974004144619, 44.727967742868032 ], [ -1.030244873617647, 44.727976454301583 ] ] ] } },
{ "type": "Feature", "properties": { "surface_ha": 2.2 }, "geometry": { "type": "Polygon", "coordinates": [ [ [ -1.018448981269335, 44.725791813299615 ], [ -1.018455126652089, 44.725611873923832 ], [ -1.01895993489765, 44.725620634879903 ], [ -1.018972222364302, 44.725260755999933 ], [ -1.019224625010395, 44.725265135587065 ], [ -1.01925533876204, 44.724365438139273 ], [ -1.019507737558199, 44.724369817032333 ], [ -1.019520021092978, 44.724009937954037 ], [ -1.018510432505528, 44.723992419255623 ], [ -1.018498142718963, 44.724352298115292 ], [ -1.018245744153093, 44.724347916992372 ], [ -1.018239598391951, 44.724527856385336 ], [ -1.01798719910219, 44.724523474677618 ], [ -1.017968759128733, 44.725063292736323 ], [ -1.017463956033035, 44.725054527484446 ], [ -1.017457807696996, 44.725234466769933 ], [ -1.016953003268739, 44.725225699233391 ], [ -1.016940703297736, 44.725585577675929 ], [ -1.017193107046095, 44.725589961777615 ], [ -1.017186957755676, 44.72576990101669 ], [ -1.018448981269335, 44.725791813299615 ] ] ] } },
{ "type": "Feature", "properties": { "surface_ha": 1.44 }, "geometry": { "type": "Polygon", "coordinates": [ [ [ -1.026322526785693, 44.724487836421694 ], [ -1.026334768120363, 44.724127955870742 ], [ -1.026587166962268, 44.724132319100192 ], [ -1.026605526189693, 44.723592498144427 ], [ -1.026353129692211, 44.723588134996632 ], [ -1.026365370453346, 44.723228254382128 ], [ -1.025860580756268, 44.723219526523124 ], [ -1.025866702613695, 44.723039586260811 ], [ -1.025361914708969, 44.723030856226423 ], [ -1.025355791288656, 44.72321079643433 ], [ -1.025103396640918, 44.723206430553752 ], [ -1.025091148065243, 44.723566310895912 ], [ -1.024838751911987, 44.723561944403414 ], [ -1.024826501543821, 44.723921824665652 ], [ -1.025583694864552, 44.723934922634264 ], [ -1.025577571938808, 44.72411486283761 ], [ -1.025325173326368, 44.724110497378305 ], [ -1.025319049561761, 44.724290437548042 ], [ -1.025823848406993, 44.724299167963657 ], [ -1.025817726147989, 44.724479108181491 ], [ -1.026322526785693, 44.724487836421694 ] ] ] } }
]
}
