{
"type": "FeatureCollection",
"name": "perimetre",
"crs": { "type": "name", "properties": { "name": "urn:ogc:def:crs:OGC:1.3:CRS84" } },
"features": [
{ "type": "Feature", "properties": { "surface_ha": 1.53 }, "geometry": { "type": "Polygon", "coordinates": [ [ [ 9.064807975075276, 42.323165793023279 ], [ 9.064807605362054, 42.322805546898536 ], [ 9.064564880398141, 42.322805683820121 ], [ 9.064564696236404, 42.322625560748349 ], [ 9.064321971963146, 42.322625697155296 ], [ 9.064321788495429, 42.322445574077037 ], [ 9.063836341328527, 42.322445845347822 ], [ 9.06383652341159, 42.322625968427829 ], [ 9.06359379913331, 42.322626103293466 ], [ 9.063593980525699, 42.322806226368591 ], [ 9.063351255553421, 42.322806360721266 ], [ 9.063350713458215, 42.322265991476272 ], [ 9.063593436353507, 42.322265857126098 ], [ 9.063592710813827, 42.321545364723264 ], [ 9.063349990687769, 42.321545499070055 ], [ 9.063349809999291, 42.321365375954286 ], [ 9.063592529433059, 42.321365241608397 ], [ 9.063591985300729, 42.320824872229572 ], [ 9.063834702655999, 42.320824737372398 ], [ 9.063835430938232, 42.321545229862728 ], [ 9.064078151060963, 42.321545094488428 ], [ 9.06407851659668, 42.321905340697839 ], [ 9.064321238102346, 42.321905204808083 ], [ 9.064321421565024, 42.322085327903402 ], [ 9.064564143761315, 42.322085191499056 ], [ 9.064564327917992, 42.32226531458781 ], [ 9.064807050804912, 42.322265177668832 ], [ 9.064807235655605, 42.322445300751085 ], [ 9.065049959233152, 42.322445163317475 ], [ 9.065050144777862, 42.322625286393176 ], [ 9.065292869046045, 42.322625148444928 ], [ 9.065293055284789, 42.322805271514085 ], [ 9.065535780243602, 42.322805133051176 ], [ 9.065535967176391, 42.322985256113817 ], [ 9.065778692825836, 42.322985117136255 ], [ 9.065778880452688, 42.323165240192324 ], [ 9.064807975075276, 42.323165793023279 ] ] ] } },
{ "type": "Feature", "properties": { "surface_ha": 1.2 }, "geometry": { "type": "Polygon", "coordinates": [ [ [ 9.033737739902742, 42.320837541870446 ], [ 9.033737451229545, 42.32029717220211 ], [ 9.033494735793457, 42.32029724335402 ], [ 9.033494640263072, 42.320117120119455 ], [ 9.033737355006911, 42.320117048967987 ], [ 9.033737258785154, 42.319936925728186 ], [ 9.035436257121299, 42.319936413286747 ], [ 9.035436156054775, 42.319756290044531 ], [ 9.035921582758112, 42.31975613901006 ], [ 9.035921685209113, 42.319936262251389 ], [ 9.035678971165671, 42.319936338025876 ], [ 9.035679174685994, 42.320296584492496 ], [ 9.03592189011392, 42.320296508717028 ], [ 9.035921992567735, 42.320476631941318 ], [ 9.034951128081429, 42.320476931962787 ], [ 9.034951028396639, 42.3202968087366 ], [ 9.034708312965025, 42.3202968824572 ], [ 9.034708510951006, 42.320657128904784 ], [ 9.034223077316023, 42.32065727480655 ], [ 9.034223174925836, 42.320837398022753 ], [ 9.033737739902742, 42.320837541870446 ] ], [ [ 9.033980360497187, 42.320657346986827 ], [ 9.034223077316023, 42.32065727480655 ], [ 9.034222882099073, 42.320297028357103 ], [ 9.033980166664753, 42.320297100536479 ], [ 9.033980360497187, 42.320657346986827 ] ], [ [ 9.034465597532497, 42.320296955664006 ], [ 9.034708312965025, 42.3202968824572 ], [ 9.034708213973387, 42.320116759224859 ], [ 9.034465499233113, 42.320116832431239 ], [ 9.034465597532497, 42.320296955664006 ] ] ] } },
{ "type": "Feature", "properties": { "surface_ha": 4.62 }, "geometry": { "type": "Polygon", "coordinates": [ [ [ 9.017231473016553, 42.315437510314119 ], [ 9.017231423879002, 42.315257386903632 ], [ 9.01698872777845, 42.315257423115426 ], [ 9.016988630888829, 42.314897176276972 ], [ 9.016745936171981, 42.314897211974682 ], [ 9.016745888419893, 42.314717088546686 ], [ 9.016988582444688, 42.314717052849225 ], [ 9.016988534000985, 42.314536929415894 ], [ 9.017231227333285, 42.314536893204995 ], [ 9.017231178197981, 42.314356769766142 ], [ 9.017473870837783, 42.314356733041862 ], [ 9.01747382101089, 42.314176609597546 ], [ 9.017716512958193, 42.314176572359941 ], [ 9.017716462439722, 42.31399644891016 ], [ 9.017959153694536, 42.313996411159131 ], [ 9.017959102484491, 42.313816287703979 ], [ 9.018687174170003, 42.313816171369858 ], [ 9.018687227456121, 42.313996294824314 ], [ 9.018929918709018, 42.313996255018793 ], [ 9.018929810753219, 42.31363600810473 ], [ 9.018444431015038, 42.313636087201104 ], [ 9.018444378421902, 42.313455963735016 ], [ 9.018687067599227, 42.313455924443858 ], [ 9.018686854463533, 42.312735430523816 ], [ 9.018929540872369, 42.312735390720022 ], [ 9.018929594847549, 42.312915514208385 ], [ 9.019414969047714, 42.312915433059516 ], [ 9.019414913688555, 42.312735309571735 ], [ 9.019657600095893, 42.312735268227193 ], [ 9.019657656147038, 42.312915391714689 ], [ 9.020385717441913, 42.312915264598672 ], [ 9.020385601188208, 42.312555017619516 ], [ 9.020628286901468, 42.312554974220902 ], [ 9.020628639820957, 42.313635715088466 ], [ 9.020385949955703, 42.313635758488786 ], [ 9.020386008085483, 42.3138158819471 ], [ 9.02062869864276, 42.313815838546518 ], [ 9.020628757465097, 42.313995961998877 ], [ 9.020871448713862, 42.31399591808443 ], [ 9.020871389199497, 42.313815794632326 ], [ 9.021114079755689, 42.313815750204526 ], [ 9.021114200169027, 42.314175997102495 ], [ 9.020871508228771, 42.314176041530857 ], [ 9.020871686776774, 42.314716411836045 ], [ 9.020386298742359, 42.314716499153583 ], [ 9.020386415008835, 42.315076745996386 ], [ 9.020143719606708, 42.315076788885229 ], [ 9.020143604724353, 42.314716542041857 ], [ 9.019658216686759, 42.314716626277573 ], [ 9.019658272743555, 42.314896749702612 ], [ 9.019172883319797, 42.314896831884305 ], [ 9.019172719303269, 42.31435646159057 ], [ 9.018687334029826, 42.314356541716208 ], [ 9.01868738731741, 42.314536665153639 ], [ 9.018444693987901, 42.314536704446283 ], [ 9.018444746583919, 42.314716827878279 ], [ 9.018202052561882, 42.314716866657513 ], [ 9.018202104466322, 42.314896990084094 ], [ 9.01795940975175, 42.314897028349939 ], [ 9.017959460964605, 42.315077151771071 ], [ 9.017716765557493, 42.315077189523521 ], [ 9.017716866600454, 42.315437436349171 ], [ 9.017231473016553, 42.315437510314119 ] ], [ [ 9.017231423879002, 42.315257386903632 ], [ 9.017474119979099, 42.315257350178236 ], [ 9.017474070149925, 42.315077226762334 ], [ 9.0172313747419, 42.31507726348751 ], [ 9.017231423879002, 42.315257386903632 ] ], [ [ 9.019900853957481, 42.314536460986091 ], [ 9.020386240609918, 42.314536375723634 ], [ 9.020386182478013, 42.314356252288015 ], [ 9.019900797209667, 42.314356337549889 ], [ 9.019900853957481, 42.314536460986091 ] ], [ [ 9.019900740462374, 42.314176214108087 ], [ 9.020143432404771, 42.314176171734246 ], [ 9.020143374965956, 42.313996048286945 ], [ 9.020386066215794, 42.313996005399737 ], [ 9.020386008085483, 42.3138158819471 ], [ 9.019900626969338, 42.313815967207397 ], [ 9.019900740462374, 42.314176214108087 ] ], [ [ 9.019172500621572, 42.313635967786091 ], [ 9.019657880356769, 42.313635885607994 ], [ 9.019657768250879, 42.313275638672692 ], [ 9.019415079767555, 42.313275680018052 ], [ 9.019415024407381, 42.313095556541626 ], [ 9.019172336615554, 42.313095597373085 ], [ 9.019172500621572, 42.313635967786091 ] ], [ [ 9.02014326008992, 42.313635801375483 ], [ 9.020385949955703, 42.313635758488786 ], [ 9.020385891826461, 42.313455635024781 ], [ 9.020143202652685, 42.313455677911172 ], [ 9.02014326008992, 42.313635801375483 ] ] ] } },
{ "type": "Feature", "properties": { "surface_ha": 2.05 }, "geometry": { "type": "Polygon", "coordinates": [ [ [ 9.064781742253672, 42.297588261716463 ], [ 9.064781557636396, 42.29740813785051 ], [ 9.064296302820495, 42.297408410938225 ], [ 9.064295936356768, 42.297048163185828 ], [ 9.063810684299918, 42.297048434216848 ], [ 9.063810502453434, 42.296868310330481 ], [ 9.063567877113934, 42.29686844507512 ], [ 9.063567514808803, 42.296508197283572 ], [ 9.063324890850483, 42.296508331513266 ], [ 9.063324710391816, 42.29632820760812 ], [ 9.063082087123263, 42.296328341323701 ], [ 9.063081547831365, 42.295787969571734 ], [ 9.063566790218442, 42.295787701632385 ], [ 9.063566427933214, 42.295427453772696 ], [ 9.063809047741506, 42.2954273190348 ], [ 9.063809229574666, 42.295607442966634 ], [ 9.064294470569003, 42.29560717194925 ], [ 9.064294837005878, 42.295967419792433 ], [ 9.064537458883311, 42.295967283512134 ], [ 9.064537642795671, 42.296147407424371 ], [ 9.064780265362815, 42.296147270629881 ], [ 9.064780449968255, 42.296327394535517 ], [ 9.065023073225117, 42.296327257226899 ], [ 9.065024370350544, 42.297588124401784 ], [ 9.064781742253672, 42.297588261716463 ] ], [ [ 9.063810138765467, 42.296508062540617 ], [ 9.064052762720456, 42.296507927284303 ], [ 9.064052580187562, 42.296327803381701 ], [ 9.063809956923974, 42.296327938637162 ], [ 9.063810138765467, 42.296508062540617 ] ], [ [ 9.064295386673779, 42.296507791514685 ], [ 9.06453801062543, 42.296507655231814 ], [ 9.064537826709707, 42.296327531330896 ], [ 9.06429520344947, 42.29632766761295 ], [ 9.064295386673779, 42.296507791514685 ] ] ] } },
{ "type": "Feature", "properties": { "surface_ha": 2.33 }, "geometry": { "type": "Polygon", "coordinates": [ [ [ 9.006307761182827, 42.291842415301652 ], [ 9.006307743210364, 42.291662291140284 ], [ 9.006065137703613, 42.291662304227359 ], [ 9.006065120422555, 42.291482180060306 ], [ 9.006307725238063, 42.291482166973239 ], [ 9.006307671322141, 42.290941794438133 ], [ 9.006550274063787, 42.290941780838104 ], [ 9.006550236738242, 42.29058153245316 ], [ 9.006792838097288, 42.290581518340112 ], [ 9.006792799390018, 42.290221269932616 ], [ 9.007277999342779, 42.290221240167313 ], [ 9.007277978607025, 42.290041115955241 ], [ 9.007520577891931, 42.290041100302901 ], [ 9.007520556465183, 42.289860976085222 ], [ 9.007763155058706, 42.289860959919785 ], [ 9.00776319929478, 42.29022120834928 ], [ 9.008005799270476, 42.290221191670483 ], [ 9.008005867699717, 42.290761564271726 ], [ 9.008248469748823, 42.290761547079406 ], [ 9.008248446247658, 42.290581422884777 ], [ 9.008491047605334, 42.290581405179339 ], [ 9.00849109599031, 42.290941653562697 ], [ 9.008733698730191, 42.290941635343906 ], [ 9.008733823152687, 42.291842256202429 ], [ 9.008248610760335, 42.291842292128031 ], [ 9.008248587257871, 42.291662167967466 ], [ 9.008005981752623, 42.291662185160355 ], [ 9.008005958941624, 42.291482060993964 ], [ 9.007520749312983, 42.291482093839882 ], [ 9.007520727884666, 42.291301969667636 ], [ 9.007278123761285, 42.291301985320622 ], [ 9.007278103024394, 42.291121861142607 ], [ 9.00703549959205, 42.291121876282325 ], [ 9.007035479546573, 42.29094175209854 ], [ 9.006792876805269, 42.290941766724927 ], [ 9.006792973578321, 42.291842387587593 ], [ 9.006307761182827, 42.291842415301652 ] ], [ [ 9.007278103024394, 42.291121861142607 ], [ 9.007763309888499, 42.291121829323593 ], [ 9.00776328776935, 42.290941705140064 ], [ 9.007278082287689, 42.290941736958914 ], [ 9.007278103024394, 42.291121861142607 ] ], [ [ 9.007035459501276, 42.290761627909042 ], [ 9.007278061551172, 42.290761612769543 ], [ 9.007278020078722, 42.290401364373771 ], [ 9.007035419411237, 42.290401379513064 ], [ 9.007035459501276, 42.290761627909042 ] ] ] } },
{ "type": "Feature", "properties": { "surface_ha": 10.52 }, "geometry": { "type": "Polygon", "coordinates": [ [ [ 9.098015348765514, 42.293421820523157 ], [ 9.098015069478761, 42.293241696674592 ], [ 9.097772458263673, 42.293241903770159 ], [ 9.097772179670772, 42.293061779914652 ], [ 9.097529569144427, 42.293061986495729 ], [ 9.097529291245365, 42.292881862633202 ], [ 9.09704407156763, 42.292882274252989 ], [ 9.097043795053674, 42.292702150382247 ], [ 9.09558814010761, 42.292703372916236 ], [ 9.095587867743834, 42.292523249032115 ], [ 9.095102650791015, 42.292523652435051 ], [ 9.095102379812268, 42.292343528542709 ], [ 9.094859772023407, 42.29234372947306 ], [ 9.094859231455873, 42.291983481668815 ], [ 9.094616625047049, 42.291983682083462 ], [ 9.094616894638326, 42.292163805989638 ], [ 9.094374287535782, 42.292164005892289 ], [ 9.094374556438261, 42.292344129794053 ], [ 9.094617164232066, 42.292343929890208 ], [ 9.094617703426954, 42.292704177674196 ], [ 9.094375094250601, 42.292704377580606 ], [ 9.094374825343198, 42.292524253690175 ], [ 9.093646999873227, 42.292524850326203 ], [ 9.093647266706807, 42.292704974220342 ], [ 9.093404657520644, 42.292705172073823 ], [ 9.093404125238481, 42.292344924277309 ], [ 9.093161517432428, 42.29234512161505 ], [ 9.093161782881023, 42.292525245517346 ], [ 9.092919174381274, 42.292525442343084 ], [ 9.09291890962395, 42.292345318439594 ], [ 9.092676301813039, 42.292345514750821 ], [ 9.092676037749403, 42.292165390840395 ], [ 9.092433430627343, 42.292165586637182 ], [ 9.092433167257374, 42.291985462719801 ], [ 9.092675773688182, 42.291985266924243 ], [ 9.092675509629375, 42.29180514300235 ], [ 9.09291811536651, 42.291804946694775 ], [ 9.092917585873671, 42.291444698836493 ], [ 9.093160190225904, 42.291444502018209 ], [ 9.093159924791884, 42.291264378081799 ], [ 9.093402528450456, 42.291264180751476 ], [ 9.093401996207275, 42.29090393286409 ], [ 9.093644598480969, 42.290903735023065 ], [ 9.093644064865106, 42.290543487115428 ], [ 9.093886665753939, 42.290543288763693 ], [ 9.093886933251847, 42.290723412719096 ], [ 9.09412953482944, 42.290723213852878 ], [ 9.094128998453657, 42.290362965938911 ], [ 9.093886398258476, 42.290363164802621 ], [ 9.093885328301107, 42.289642668901493 ], [ 9.093157535995093, 42.289643262398528 ], [ 9.093157005178087, 42.28928301440645 ], [ 9.093884793337109, 42.289282420916869 ], [ 9.093884525858787, 42.289102296916035 ], [ 9.093641930499373, 42.289102495257822 ], [ 9.093641663714648, 42.288922371250067 ], [ 9.093884258382911, 42.288922172909508 ], [ 9.093883990909488, 42.288742048897333 ], [ 9.094369178856377, 42.288741650679228 ], [ 9.094368910003125, 42.288561526663848 ], [ 9.094611503281749, 42.288561326786279 ], [ 9.094611772826132, 42.288741450800401 ], [ 9.09485436679342, 42.288741250408428 ], [ 9.094854637031421, 42.288921374415601 ], [ 9.094612042372985, 42.288921574808818 ], [ 9.094612311922312, 42.289101698811585 ], [ 9.094369716570259, 42.28910189869292 ], [ 9.094369985430896, 42.289282022691239 ], [ 9.094612581474099, 42.289281822808718 ], [ 9.094612851028357, 42.289461946800088 ], [ 9.094855447760249, 42.289461746403077 ], [ 9.094855718008143, 42.289641870387527 ], [ 9.095098315428734, 42.289641669476111 ], [ 9.095098586370273, 42.289821793453648 ], [ 9.095341184479555, 42.289821592027785 ], [ 9.095340912846845, 42.289641468051514 ], [ 9.095826107675601, 42.289641063662707 ], [ 9.095826653708217, 42.290001311604485 ], [ 9.096069252501206, 42.290001108637753 ], [ 9.096068978792468, 42.289820984671003 ], [ 9.096311576891765, 42.289820781192368 ], [ 9.096312400099063, 42.290361153071814 ], [ 9.09679760043724, 42.29036074456733 ], [ 9.096798152019478, 42.290720992453465 ], [ 9.096555550469242, 42.290721196964874 ], [ 9.096555825572931, 42.290901320900673 ], [ 9.09631322332897, 42.290901524900164 ], [ 9.09631294891649, 42.290721400963065 ], [ 9.096070347361227, 42.29072160444808 ], [ 9.096069526212451, 42.290181232598862 ], [ 9.095826926728281, 42.290181435566872 ], [ 9.095827199750834, 42.290361559523575 ], [ 9.095341999392618, 42.290361963922479 ], [ 9.095342542680422, 42.290722211823919 ], [ 9.094372136404573, 42.290723014473507 ], [ 9.094372405287359, 42.290903138420731 ], [ 9.094857609812655, 42.290902738119804 ], [ 9.09485788008034, 42.291082862058857 ], [ 9.0951004830305, 42.291082661137331 ], [ 9.095100753991881, 42.291262785069421 ], [ 9.095343357630783, 42.291262583633447 ], [ 9.095343085978177, 42.291082459702594 ], [ 9.096070894806269, 42.291081852319152 ], [ 9.096071715992629, 42.29162222408317 ], [ 9.096314321004014, 42.291622020591774 ], [ 9.096314046581487, 42.291441896677419 ], [ 9.096556650899121, 42.291441692674084 ], [ 9.09655637578787, 42.29126156875526 ], [ 9.097284186651954, 42.291260953669884 ], [ 9.097284463836896, 42.291441077584793 ], [ 9.098012276751831, 42.291440457876604 ], [ 9.098013114543068, 42.291980829575664 ], [ 9.098498327287711, 42.291980413862944 ], [ 9.098497485349018, 42.291440042171708 ], [ 9.098982693935922, 42.291439624414018 ], [ 9.098983257990779, 42.291799872208621 ], [ 9.098740652316135, 42.291800081346729 ], [ 9.09874121499881, 42.29216032912116 ], [ 9.098498607939078, 42.292160537748643 ], [ 9.098499449908605, 42.29270090937171 ], [ 9.098256840772502, 42.292701117489912 ], [ 9.098257400715799, 42.293061365212822 ], [ 9.098742621750572, 42.293060948457985 ], [ 9.098742903108649, 42.293241072308298 ], [ 9.098257680691292, 42.293241489065736 ], [ 9.098257960669338, 42.293421612912987 ], [ 9.098015348765514, 42.293421820523157 ] ], [ [ 9.097529291245365, 42.292881862633202 ], [ 9.097771901080419, 42.292881656053432 ], [ 9.097771622492619, 42.292701532186541 ], [ 9.09752901334884, 42.292701738765011 ], [ 9.097529291245365, 42.292881862633202 ] ], [ [ 9.093161251986267, 42.292164997707062 ], [ 9.09340385910105, 42.29216480037055 ], [ 9.093403326833508, 42.291804552539951 ], [ 9.093160721101224, 42.291804749873975 ], [ 9.093161251986267, 42.292164997707062 ] ], [ [ 9.093888805805808, 42.291984280247902 ], [ 9.094131412222016, 42.291984081372959 ], [ 9.09413087581186, 42.291623833538473 ], [ 9.093888270778148, 42.291624032410922 ], [ 9.09388800326799, 42.291443908483885 ], [ 9.093645398923071, 42.291444106841894 ], [ 9.093645932563357, 42.291804354692744 ], [ 9.093888538290752, 42.291804156332248 ], [ 9.093888805805808, 42.291984280247902 ] ], [ [ 9.094857069284711, 42.290542490224709 ], [ 9.095099670161231, 42.290542289306977 ], [ 9.095098857314291, 42.290001917425471 ], [ 9.094856258511349, 42.290002118339466 ], [ 9.094857069284711, 42.290542490224709 ] ], [ [ 9.09461365970593, 42.290002318740235 ], [ 9.094856258511349, 42.290002118339466 ], [ 9.094855988258509, 42.289821994366335 ], [ 9.09461339014427, 42.289822194765854 ], [ 9.09461365970593, 42.290002318740235 ] ] ] } },
{ "type": "Feature", "properties": { "surface_ha": 9.28 }, "geometry": { "type": "Polygon", "coordinates": [ [ [ 9.084429078255717, 42.293432627545464 ], [ 9.084428837681815, 42.293252503629105 ], [ 9.083943614983298, 42.293252859823454 ], [ 9.083942897422531, 42.292712488033594 ], [ 9.08418550669902, 42.292712310196421 ], [ 9.084185266825202, 42.292532186256203 ], [ 9.083457441062995, 42.29253271822477 ], [ 9.083457678862988, 42.292712842168335 ], [ 9.083215069579946, 42.292713018465818 ], [ 9.083214832471231, 42.292532894521166 ], [ 9.082487006682937, 42.29253342033094 ], [ 9.082486301591198, 42.291993048453037 ], [ 9.082243695064582, 42.291993222693229 ], [ 9.082244163741064, 42.292353470619688 ], [ 9.081758947916365, 42.29235381756471 ], [ 9.081758714959575, 42.292173693602145 ], [ 9.081516107735279, 42.29217386630372 ], [ 9.081515875471888, 42.291993742334391 ], [ 9.081273268936723, 42.291993914521676 ], [ 9.081273037366701, 42.291813790545596 ], [ 9.081758249052395, 42.291813445660011 ], [ 9.081758016102002, 42.291633321680372 ], [ 9.081515410951457, 42.291633494378701 ], [ 9.081515178694442, 42.291453370392325 ], [ 9.081272574233017, 42.291453542576377 ], [ 9.081272342669356, 42.291273418583238 ], [ 9.080787135122618, 42.291273761409521 ], [ 9.080786904943523, 42.291093637408544 ], [ 9.080301698770811, 42.291093978179859 ], [ 9.080301469976268, 42.290913854171094 ], [ 9.080058867577986, 42.290914023785874 ], [ 9.080058183280544, 42.290373651722263 ], [ 9.07981558295379, 42.290373820820669 ], [ 9.079815810359646, 42.290553944848583 ], [ 9.079573209339619, 42.290554113434823 ], [ 9.079573436056352, 42.290734237458203 ], [ 9.079816037767587, 42.290734068870854 ], [ 9.079817174838515, 42.291634688896949 ], [ 9.079331964501705, 42.291635025568901 ], [ 9.079331512432024, 42.291274777571296 ], [ 9.079574116219003, 42.29127460949406 ], [ 9.079573889496046, 42.291094485487761 ], [ 9.079331286400294, 42.291094653563945 ], [ 9.079331060370629, 42.290914529550946 ], [ 9.079088457964032, 42.290914697112918 ], [ 9.07908755663088, 42.290194200999856 ], [ 9.078359757693185, 42.290194700593965 ], [ 9.078359534438615, 42.290014576548344 ], [ 9.078116935479807, 42.290014742052293 ], [ 9.078117158043188, 42.290194866098929 ], [ 9.077631958737088, 42.29019519556924 ], [ 9.077631737556093, 42.290015071520592 ], [ 9.077874336518969, 42.290014907043037 ], [ 9.077874114648807, 42.289834782989701 ], [ 9.079087105976685, 42.289833952909291 ], [ 9.079086880652676, 42.289653828855457 ], [ 9.079329478220913, 42.289653661300861 ], [ 9.079329252207803, 42.289473537242429 ], [ 9.078601461570415, 42.289474038363522 ], [ 9.078601237632864, 42.289293914296238 ], [ 9.078116045246674, 42.289294245809003 ], [ 9.078115822693482, 42.289114121733959 ], [ 9.078601013697359, 42.289113790223333 ], [ 9.078600789763906, 42.288933666144679 ], [ 9.078358194954138, 42.288933832155543 ], [ 9.078357748475661, 42.288573583979193 ], [ 9.078115155046133, 42.288573749474864 ], [ 9.078114932501093, 42.288393625377118 ], [ 9.077872339760658, 42.288393790358526 ], [ 9.077872117908779, 42.288213666254073 ], [ 9.078357302005356, 42.288213335780142 ], [ 9.078357078773271, 42.288033211672087 ], [ 9.078842261479439, 42.288032879147565 ], [ 9.078842486093761, 42.288213003253531 ], [ 9.078599894050587, 42.2882131697734 ], [ 9.07860011797584, 42.288393293874734 ], [ 9.078842710710143, 42.288393127353828 ], [ 9.078842935328582, 42.288573251448462 ], [ 9.079085528751962, 42.288573084413308 ], [ 9.079085979377281, 42.28893333258339 ], [ 9.079328574180877, 42.288933165033029 ], [ 9.079328800187783, 42.289113289108514 ], [ 9.079086204693033, 42.289113456659955 ], [ 9.079086430010856, 42.289293580730835 ], [ 9.079571622380589, 42.289293245112646 ], [ 9.07957139568046, 42.289113121043897 ], [ 9.080541777630367, 42.289112443653721 ], [ 9.080541548167705, 42.28893231958353 ], [ 9.081026737747777, 42.288931977811536 ], [ 9.081027661140281, 42.289652474049632 ], [ 9.080542466030934, 42.289652815830173 ], [ 9.080543613407231, 42.290553436010669 ], [ 9.081514017441235, 42.290552750375319 ], [ 9.081514249687626, 42.290732874390073 ], [ 9.081029046292434, 42.290733218236298 ], [ 9.081029277158528, 42.290913342247585 ], [ 9.081271879548392, 42.290913170579962 ], [ 9.081272111107817, 42.291093294584471 ], [ 9.081514714186781, 42.29109312240255 ], [ 9.081514946439549, 42.291273246400301 ], [ 9.08175755020762, 42.291273073704133 ], [ 9.081757783153742, 42.291453197695084 ], [ 9.082000387610904, 42.291453024484589 ], [ 9.082000854892044, 42.291813272447385 ], [ 9.08248606656492, 42.291812924482414 ], [ 9.082485596518822, 42.291452676524038 ], [ 9.082242992065938, 42.29145285076094 ], [ 9.082242757737347, 42.291272726772142 ], [ 9.082000153973553, 42.291272900494768 ], [ 9.081998985818839, 42.29037228046019 ], [ 9.082969387036863, 42.290371582512435 ], [ 9.08296962342833, 42.29055170652633 ], [ 9.083212224418642, 42.290551530755302 ], [ 9.083212698590485, 42.290911778763856 ], [ 9.083455300961051, 42.290911602477408 ], [ 9.083455538741445, 42.291091726472054 ], [ 9.083940744858475, 42.291091372357357 ], [ 9.083940984023501, 42.291271496344102 ], [ 9.084183587769958, 42.29127131851579 ], [ 9.084184307351887, 42.291811690438628 ], [ 9.084426913169869, 42.291811512093808 ], [ 9.084427153726146, 42.291991636055563 ], [ 9.084669760233176, 42.291991457196374 ], [ 9.084670483989038, 42.292531829044322 ], [ 9.084913092567648, 42.292531649668504 ], [ 9.084913334515294, 42.292711773605355 ], [ 9.08515594378296, 42.292711593715183 ], [ 9.085156429067476, 42.293071841569535 ], [ 9.084913818417231, 42.293072021461981 ], [ 9.084914302328032, 42.293432269295856 ], [ 9.084429078255717, 42.293432627545464 ] ], [ [ 9.079572529201869, 42.290013741330824 ], [ 9.080057727092685, 42.290013403651486 ], [ 9.080057499001891, 42.289833279607564 ], [ 9.079572302493441, 42.289833617284799 ], [ 9.079572529201869, 42.290013741330824 ] ], [ [ 9.078600789763906, 42.288933666144679 ], [ 9.078843384571623, 42.288933499620626 ], [ 9.078843159949074, 42.288753375537411 ], [ 9.078600565832501, 42.288753542060377 ], [ 9.078600789763906, 42.288933666144679 ] ] ] } },
{ "type": "Feature", "properties": { "surface_ha": 1.73 }, "geometry": { "type": "Polygon", "coordinates": [ [ [ 9.07811426487819, 42.287853253049789 ], [ 9.078114042341298, 42.287673128929356 ], [ 9.078356632315232, 42.287672963438887 ], [ 9.078356409089274, 42.287492839313806 ], [ 9.078598998370067, 42.287492673311256 ], [ 9.07859877445506, 42.287312549181536 ], [ 9.0790839516283, 42.287312215639119 ], [ 9.079083726333172, 42.287132091505825 ], [ 9.079326314225614, 42.287131923965923 ], [ 9.079326088241466, 42.286951799827968 ], [ 9.079083501040106, 42.286951967366797 ], [ 9.079083050460156, 42.286591719071772 ], [ 9.080053393724603, 42.286591045846073 ], [ 9.080053621777814, 42.286771169992235 ], [ 9.079811035273753, 42.286771339069439 ], [ 9.079811262637982, 42.286951463210904 ], [ 9.080053849833117, 42.286951294132678 ], [ 9.080054077890507, 42.287131418267471 ], [ 9.080296665774636, 42.287131248675017 ], [ 9.080296437026169, 42.286951124541325 ], [ 9.080539024217126, 42.286950954436833 ], [ 9.080539253656676, 42.28713107856948 ], [ 9.080781841536609, 42.287130907950761 ], [ 9.080782301804193, 42.287491156196872 ], [ 9.081024891064205, 42.287490985062909 ], [ 9.081025352722419, 42.287851233284094 ], [ 9.080782762080203, 42.287851404420259 ], [ 9.080782531941141, 42.287671280311415 ], [ 9.080539941987929, 42.287671450933381 ], [ 9.080539483098324, 42.287311202696422 ], [ 9.080296894525199, 42.28731137280306 ], [ 9.080297580789459, 42.287851745153077 ], [ 9.080054990140942, 42.287851914749744 ], [ 9.080054762075202, 42.287671790637688 ], [ 9.079326992190472, 42.287672296345676 ], [ 9.079327218182891, 42.287852420460879 ], [ 9.07811426487819, 42.287853253049789 ] ] ] } },
{ "type": "Feature", "properties": { "surface_ha": 1.49 }, "geometry": { "type": "Polygon", "coordinates": [ [ [ 9.014796322248804, 42.28049380097378 ], [ 9.014796237965472, 42.280133551939763 ], [ 9.014553676695002, 42.280133582977143 ], [ 9.014553718145635, 42.280313707497214 ], [ 9.013826032259434, 42.280313797531718 ], [ 9.013825992881337, 42.280133673011107 ], [ 9.013340870337084, 42.280133730468698 ], [ 9.013340832341019, 42.279953605942083 ], [ 9.013098271759203, 42.279953633901115 ], [ 9.013098234454313, 42.279773509368674 ], [ 9.01285567456299, 42.279773536814581 ], [ 9.012855637949274, 42.279593412276228 ], [ 9.012613078748439, 42.279593439208995 ], [ 9.012613042825874, 42.279413314664794 ], [ 9.013340718354913, 42.279413232328089 ], [ 9.01334068036024, 42.27923310777873 ], [ 9.01358323817842, 42.279233079307346 ], [ 9.013583199493295, 42.279052954752515 ], [ 9.01382575662031, 42.279052925768312 ], [ 9.013825795996247, 42.279233050322958 ], [ 9.014068353813714, 42.279233020825579 ], [ 9.014068393880827, 42.27941314537442 ], [ 9.014310952388739, 42.279413115363802 ], [ 9.014310993147031, 42.279593239906745 ], [ 9.014796111543371, 42.279593178346218 ], [ 9.014796153683683, 42.279773302883108 ], [ 9.0150387135721, 42.279773271333134 ], [ 9.015038884900585, 42.280493769423046 ], [ 9.014796322248804, 42.28049380097378 ] ], [ [ 9.013340756349935, 42.279593356871771 ], [ 9.013825874749203, 42.279593299415254 ], [ 9.013825835372543, 42.279413174871962 ], [ 9.013340718354913, 42.279413232328089 ], [ 9.013340756349935, 42.279593356871771 ] ] ] } },
{ "type": "Feature", "properties": { "surface_ha": 1.73 }, "geometry": { "type": "Polygon", "coordinates": [ [ [ 9.085854666477141, 42.271276263149353 ], [ 9.085854422030806, 42.271096138541253 ], [ 9.085611895677793, 42.271096319834591 ], [ 9.085611651924214, 42.270916195219655 ], [ 9.084884074923366, 42.270916736019146 ], [ 9.08488383324355, 42.270736611395144 ], [ 9.084641308262677, 42.270736790634849 ], [ 9.084641067275582, 42.270556666004026 ], [ 9.084883591565948, 42.270556486765486 ], [ 9.084883349890553, 42.270376362130165 ], [ 9.085125873488211, 42.270376182379863 ], [ 9.085125631124539, 42.270196057739987 ], [ 9.085368154029483, 42.270195877478024 ], [ 9.08536839708365, 42.27037600211677 ], [ 9.085610920676862, 42.270375821340828 ], [ 9.085610676932207, 42.270195696703205 ], [ 9.085853199832695, 42.270195515415587 ], [ 9.085853444267844, 42.270375640052073 ], [ 9.086338491443094, 42.270375275935976 ], [ 9.08633824562696, 42.270195151301792 ], [ 9.086095722730951, 42.270195333615085 ], [ 9.086095477607557, 42.270015208974066 ], [ 9.086580522016353, 42.270014843836947 ], [ 9.086580275514244, 42.269834719192495 ], [ 9.086822797024782, 42.269834535855821 ], [ 9.086822549834455, 42.269654411206851 ], [ 9.087065070652255, 42.269654227358522 ], [ 9.087064822773723, 42.269474102705033 ], [ 9.087307342898795, 42.269473918345007 ], [ 9.087308337188439, 42.270194416920191 ], [ 9.086823291412221, 42.27019478513666 ], [ 9.086823785808715, 42.270555034394803 ], [ 9.087066310078944, 42.270554850540691 ], [ 9.087066557971086, 42.270734975160067 ], [ 9.086581508047354, 42.270735342357796 ], [ 9.086581754560749, 42.270915466973818 ], [ 9.086339228904979, 42.270915649804515 ], [ 9.086339474730117, 42.271095774416061 ], [ 9.086096948381586, 42.271095956735095 ], [ 9.086097193518439, 42.271276081342009 ], [ 9.085854666477141, 42.271276263149353 ] ], [ [ 9.086338737261469, 42.270555400564511 ], [ 9.086581261536223, 42.270555217736096 ], [ 9.086581015027342, 42.270375093108669 ], [ 9.086338491443094, 42.270375275935976 ], [ 9.086338737261469, 42.270555400564511 ] ] ] } },
{ "type": "Feature", "properties": { "surface_ha": 1.0 }, "geometry": { "type": "Polygon", "coordinates": [ [ [ 9.06305603828233, 42.27021031485134 ], [ 9.063055679229645, 42.269850065375614 ], [ 9.063298200929612, 42.269849931783348 ], [ 9.063298020715258, 42.269669807037786 ], [ 9.063540541723091, 42.269669672933539 ], [ 9.063539818120338, 42.268949173897951 ], [ 9.063782336364685, 42.268949039284266 ], [ 9.063781973192356, 42.268588789734046 ], [ 9.064024490054164, 42.268588654609239 ], [ 9.064024854607364, 42.268948904157703 ], [ 9.06450989108772, 42.268948632366232 ], [ 9.064510258409415, 42.269308881888556 ], [ 9.064267738789162, 42.269309018042406 ], [ 9.064268287712899, 42.269849392285934 ], [ 9.064025766019572, 42.26984952792948 ], [ 9.064025948307011, 42.27002965266685 ], [ 9.063298381145609, 42.270030056523197 ], [ 9.063298561363263, 42.27021018125739 ], [ 9.06305603828233, 42.27021031485134 ] ] ] } },
{ "type": "Feature", "properties": { "surface_ha": 47.32 }, "geometry": { "type": "Polygon", "coordinates": [ [ [ 9.094836806628788, 42.277033177759265 ], [ 9.094836536554004, 42.276853053377188 ], [ 9.094593988188125, 42.276853253686241 ], [ 9.094593180050751, 42.27631288050236 ], [ 9.094835726344492, 42.276312680197087 ], [ 9.094835456279602, 42.276132555792408 ], [ 9.095078001880173, 42.276132354975424 ], [ 9.095077731127056, 42.275952230566261 ], [ 9.095320276034458, 42.2759520292377 ], [ 9.095320004593134, 42.275771904824111 ], [ 9.095562548807365, 42.275771702983825 ], [ 9.09556173242628, 42.275231329712838 ], [ 9.095804274565991, 42.275231127363448 ], [ 9.095804001753287, 42.275051002929729 ], [ 9.095561460304232, 42.275051205277848 ], [ 9.095560643953037, 42.274510831938692 ], [ 9.095318104573437, 42.274511033770111 ], [ 9.09531783315199, 42.274330909311125 ], [ 9.095075294460548, 42.274331110628331 ], [ 9.095075023732212, 42.274150986162418 ], [ 9.094589947723151, 42.274151387255607 ], [ 9.094589409036402, 42.273791138301661 ], [ 9.094346872409414, 42.273791338076421 ], [ 9.094346603760348, 42.273611213589668 ], [ 9.09410406782151, 42.273611412850258 ], [ 9.094104335779962, 42.273791537338298 ], [ 9.093861799148062, 42.273791736087233 ], [ 9.093861531880219, 42.273611611597964 ], [ 9.093618995936483, 42.273611809832751 ], [ 9.093619262513716, 42.273791934323263 ], [ 9.092891652596059, 42.273792525954036 ], [ 9.092892181614118, 42.274152774925412 ], [ 9.092649643588807, 42.274152971112343 ], [ 9.092649907410834, 42.274333095590727 ], [ 9.092892446126779, 42.274332899402587 ], [ 9.092892975159367, 42.2746931483399 ], [ 9.092407894962509, 42.274693540208204 ], [ 9.092407631826292, 42.274513415739932 ], [ 9.091680013584886, 42.27451399969187 ], [ 9.091680274649175, 42.274694124163794 ], [ 9.090952654314336, 42.274694703503165 ], [ 9.090952913309065, 42.274874827973065 ], [ 9.089982750066852, 42.274875593249561 ], [ 9.089983006301331, 42.275055717718573 ], [ 9.089497923284817, 42.275056097281634 ], [ 9.089497668431651, 42.274875972810328 ], [ 9.089255127610546, 42.274876161821297 ], [ 9.089255381773057, 42.275056286293875 ], [ 9.088527757223847, 42.275056850252874 ], [ 9.088526496794209, 42.274156227815489 ], [ 9.088283958726404, 42.274156414770111 ], [ 9.088284964302934, 42.274876912736048 ], [ 9.088042423470261, 42.274877099182447 ], [ 9.088042674179494, 42.275057223660902 ], [ 9.087557591125957, 42.27505759501728 ], [ 9.087557341798043, 42.274877470536488 ], [ 9.087314800958499, 42.274877655444143 ], [ 9.087313806432213, 42.274157157459562 ], [ 9.087071268352963, 42.274157341849666 ], [ 9.087071020417705, 42.273977217338143 ], [ 9.086828483026808, 42.273977401214218 ], [ 9.086828235784434, 42.273797276695895 ], [ 9.087313309182726, 42.273796908433198 ], [ 9.087313060561392, 42.273616783911514 ], [ 9.087070524553992, 42.273616968298136 ], [ 9.087070276625546, 42.273436843769588 ], [ 9.086827741306482, 42.27343702764216 ], [ 9.086827988544329, 42.273617152171823 ], [ 9.086342916518213, 42.273617518380618 ], [ 9.086342670661582, 42.273437393848674 ], [ 9.086585205985161, 42.273437211001848 ], [ 9.08658471289745, 42.273076961923117 ], [ 9.086827246837586, 42.273076778565738 ], [ 9.086826999606526, 42.272896654019014 ], [ 9.087312066098825, 42.272896285767899 ], [ 9.087311071672662, 42.272175787533449 ], [ 9.087796132631285, 42.272175417240113 ], [ 9.087795632669652, 42.271815168093447 ], [ 9.088765749034984, 42.271814421361661 ], [ 9.088766001776849, 42.271994545933154 ], [ 9.089008531552965, 42.271994357966911 ], [ 9.08900827812055, 42.271814233396562 ], [ 9.089250807203795, 42.2718140449186 ], [ 9.089250553083158, 42.271633920343803 ], [ 9.088765496295428, 42.271634296784498 ], [ 9.088765243558186, 42.271454172201672 ], [ 9.088522715851385, 42.271454359651543 ], [ 9.088522463806987, 42.271274235061853 ], [ 9.08779488274436, 42.271274794330864 ], [ 9.08779513271717, 42.271454918924064 ], [ 9.08755260500118, 42.271455104322534 ], [ 9.087552106438903, 42.271094855128119 ], [ 9.088279685436847, 42.27109429740117 ], [ 9.088279182740603, 42.270734048191045 ], [ 9.088036657791278, 42.270734234610529 ], [ 9.088036407137119, 42.270554109995814 ], [ 9.088278931395941, 42.270553923577459 ], [ 9.088278680053573, 42.270373798958232 ], [ 9.088521203619598, 42.270373612028195 ], [ 9.088520699560789, 42.270013362774982 ], [ 9.088763221743534, 42.270013175334469 ], [ 9.088762716312999, 42.269652926060921 ], [ 9.088520195511208, 42.269653113499068 ], [ 9.088520447534851, 42.269833238139888 ], [ 9.087550361542798, 42.269833982768823 ], [ 9.087550112281049, 42.269653858123327 ], [ 9.087792633092025, 42.269653672736467 ], [ 9.087792383142094, 42.26947354808653 ], [ 9.08851994348988, 42.269472988852563 ], [ 9.088519439454139, 42.269112739542585 ], [ 9.089004476912645, 42.26911236416057 ], [ 9.089004983710215, 42.269472613465851 ], [ 9.08949002392127, 42.269472236027831 ], [ 9.089490533489993, 42.269832485305677 ], [ 9.089975576453599, 42.269832105811631 ], [ 9.089975832622414, 42.27001223043964 ], [ 9.090460876957598, 42.270011848891869 ], [ 9.090461392064217, 42.270372098126082 ], [ 9.089976344967084, 42.270372479678691 ], [ 9.089976857321133, 42.270732728894927 ], [ 9.090461907180272, 42.270732347337592 ], [ 9.090462164741835, 42.270912471934814 ], [ 9.090704690358383, 42.270912280385673 ], [ 9.090704948612824, 42.271092404976031 ], [ 9.090219895996327, 42.271092787563887 ], [ 9.09021963912293, 42.270912662971114 ], [ 9.089734587878072, 42.270913043505132 ], [ 9.089734843370438, 42.271093168100279 ], [ 9.08900726441408, 42.271093735058564 ], [ 9.089007517837215, 42.271273859651551 ], [ 9.089492571858164, 42.271273482189905 ], [ 9.089492826664683, 42.27145360677487 ], [ 9.089735354362192, 42.271453417273513 ], [ 9.089735609861581, 42.271633541851656 ], [ 9.090220666630648, 42.271633161308067 ], [ 9.090220409750193, 42.271453036732346 ], [ 9.090462937440661, 42.271452845692437 ], [ 9.090462679872024, 42.27127272111224 ], [ 9.091190260857694, 42.271272144919024 ], [ 9.091190001219854, 42.271092020336788 ], [ 9.091917580112561, 42.271091439531588 ], [ 9.091917841821976, 42.271271564110165 ], [ 9.092160368805285, 42.271271369481497 ], [ 9.092160631207626, 42.271451494053217 ], [ 9.092403158879062, 42.271451298910478 ], [ 9.092402895786197, 42.271271174339972 ], [ 9.092645422764699, 42.271270978685592 ], [ 9.092645158983716, 42.271090854110675 ], [ 9.092887685269275, 42.271090657944676 ], [ 9.09288742080019, 42.270910533365303 ], [ 9.093129946392816, 42.270910336687685 ], [ 9.093129681235641, 42.27073021210385 ], [ 9.093372206135333, 42.270730014914612 ], [ 9.093371940290076, 42.270549890326336 ], [ 9.093856988701141, 42.270549494411853 ], [ 9.093857255927402, 42.270729618997628 ], [ 9.094342305709693, 42.270729221029278 ], [ 9.09434203710242, 42.270549096445968 ], [ 9.094827085493874, 42.270548696428783 ], [ 9.094826815508068, 42.270368571842297 ], [ 9.095069339009592, 42.270368371065729 ], [ 9.095068526995549, 42.269827997275989 ], [ 9.094826005565483, 42.269828198048828 ], [ 9.09482546561612, 42.269467948824797 ], [ 9.094340425510447, 42.26946834882694 ], [ 9.09434096269794, 42.269828598056002 ], [ 9.094098441260478, 42.269828797290351 ], [ 9.094098977076838, 42.270189046499205 ], [ 9.093856454255961, 42.270189245223222 ], [ 9.093855919820561, 42.269828996011874 ], [ 9.093370876933399, 42.269829391916446 ], [ 9.093370611100314, 42.269649267299769 ], [ 9.092885569584364, 42.269649661150559 ], [ 9.092885305134642, 42.269469536525712 ], [ 9.092400264989948, 42.269469928322749 ], [ 9.09240000192356, 42.269289803689766 ], [ 9.091672443759853, 42.269290387535484 ], [ 9.091672182767239, 42.269110262893186 ], [ 9.091187145360381, 42.269110649557149 ], [ 9.091187404972095, 42.269290774201885 ], [ 9.090944885574642, 42.269290966765823 ], [ 9.090944367734505, 42.268930717468287 ], [ 9.090459331694303, 42.268931101052907 ], [ 9.090459589232294, 42.269111225706951 ], [ 9.090217070518211, 42.269111416731242 ], [ 9.090216299982636, 42.268571042748576 ], [ 9.090701333265802, 42.268570660194328 ], [ 9.090701075044459, 42.268390535524475 ], [ 9.091186106937311, 42.268390150921405 ], [ 9.091185587740039, 42.268029901569527 ], [ 9.091428102302066, 42.268029708501203 ], [ 9.091428362589935, 42.268209833178823 ], [ 9.091670877840002, 42.268209639596492 ], [ 9.09167009491232, 42.267669265550317 ], [ 9.091912608088766, 42.267669071458876 ], [ 9.091912084768138, 42.267308822068806 ], [ 9.092154596561402, 42.267308627467003 ], [ 9.092154858910916, 42.267488752163644 ], [ 9.092397371392167, 42.267488557047848 ], [ 9.092397108352268, 42.267308432352422 ], [ 9.093124643710395, 42.267307843931967 ], [ 9.093124908821462, 42.267487968623719 ], [ 9.093367421293051, 42.267487771456764 ], [ 9.093367687096942, 42.267667896141567 ], [ 9.093610200256498, 42.267667698460642 ], [ 9.093610733252383, 42.268027947810722 ], [ 9.093853247790308, 42.268027749614433 ], [ 9.093852980600731, 42.267847624943478 ], [ 9.094095494445806, 42.267847426235683 ], [ 9.094095762325784, 42.268027550905408 ], [ 9.09433827685881, 42.26802735168355 ], [ 9.094339351164962, 42.268747850300691 ], [ 9.094581868457231, 42.268747650561004 ], [ 9.094582137730356, 42.268927775199856 ], [ 9.094824655710598, 42.26892757494614 ], [ 9.094825195645134, 42.269287824204255 ], [ 9.095067715003811, 42.269287623435204 ], [ 9.095067985665249, 42.26946774805446 ], [ 9.095310505711904, 42.269467546771359 ], [ 9.095310777066281, 42.269647671383723 ], [ 9.095553297800919, 42.269647469586488 ], [ 9.095553569848249, 42.269827594191845 ], [ 9.09579609127087, 42.269827391880547 ], [ 9.095796364011175, 42.270007516478998 ], [ 9.096038886121768, 42.270007313653565 ], [ 9.096039979869927, 42.270727811985452 ], [ 9.094827355482144, 42.270728821009563 ], [ 9.094827625472893, 42.270908945584686 ], [ 9.094585099897387, 42.270909145852229 ], [ 9.094585638505249, 42.27126939498789 ], [ 9.094828165461795, 42.271269194717831 ], [ 9.094828435459958, 42.271449319275909 ], [ 9.095070963104558, 42.271449118491752 ], [ 9.09507069241587, 42.271268993934925 ], [ 9.095555746316574, 42.271268590830537 ], [ 9.095555474249323, 42.271088466270605 ], [ 9.09579800050542, 42.271088263950382 ], [ 9.095797727750137, 42.270908139386044 ], [ 9.096040253313223, 42.270907936554238 ], [ 9.096040526759019, 42.271088061117375 ], [ 9.096283053010117, 42.27108785777142 ], [ 9.096283875434116, 42.271628231422824 ], [ 9.096526403754289, 42.27162802756024 ], [ 9.096527228272514, 42.272168401156677 ], [ 9.0962846978807, 42.272168605023097 ], [ 9.096284972034578, 42.272348729545165 ], [ 9.097012565274165, 42.272348116403421 ], [ 9.097012841502254, 42.272528240916003 ], [ 9.097740436790785, 42.272527623154531 ], [ 9.097740715093117, 42.272707747657485 ], [ 9.098468312430445, 42.272707125276263 ], [ 9.098469433952319, 42.273427623215781 ], [ 9.098226898746747, 42.273427831194297 ], [ 9.098227458141869, 42.27378808013259 ], [ 9.098955067894522, 42.273787454650503 ], [ 9.098955631443609, 42.27414770355827 ], [ 9.099198169403918, 42.274147494035809 ], [ 9.099198451872955, 42.274327618479838 ], [ 9.099440990521307, 42.274327408443163 ], [ 9.099440707361641, 42.274147284000463 ], [ 9.09968324531677, 42.274147073452198 ], [ 9.099683529167068, 42.274327197893577 ], [ 9.09992606781023, 42.274326986831113 ], [ 9.099926352353766, 42.274507111265507 ], [ 9.099683813019972, 42.274507322329335 ], [ 9.099684380733553, 42.274867571183712 ], [ 9.099926921448644, 42.274867360117227 ], [ 9.09992749055394, 42.275227608946253 ], [ 9.099442406358536, 42.275228030571576 ], [ 9.099442689533756, 42.275408154980212 ], [ 9.099200146741495, 42.275408365024781 ], [ 9.099200429228633, 42.275588489429076 ], [ 9.098957885743113, 42.275588698962061 ], [ 9.098958449343778, 42.275948947756184 ], [ 9.098715904474311, 42.27594915677885 ], [ 9.098716185587822, 42.276129281168721 ], [ 9.098473640025087, 42.276129489679739 ], [ 9.098473920450472, 42.276309614065241 ], [ 9.098231374194469, 42.27630982206464 ], [ 9.098231653931716, 42.276489946445778 ], [ 9.097989106982448, 42.276490153933516 ], [ 9.097989386031548, 42.276670278310277 ], [ 9.097746838389014, 42.276670485286346 ], [ 9.097747116749945, 42.276850609658716 ], [ 9.097504568414143, 42.276850816123158 ], [ 9.097504290743935, 42.276670691749523 ], [ 9.096291552480531, 42.276671716371041 ], [ 9.096291826697156, 42.276851840751171 ], [ 9.095321633278342, 42.276852651220317 ], [ 9.09532190473457, 42.277032775599857 ], [ 9.094836806628788, 42.277033177759265 ] ], [ [ 9.097745724970768, 42.27594998774007 ], [ 9.098230814727664, 42.275949573285359 ], [ 9.098230255271092, 42.275589324483349 ], [ 9.097745168276937, 42.275589738932915 ], [ 9.097745724970768, 42.27594998774007 ] ], [ [ 9.097502347123612, 42.275409820974872 ], [ 9.097744889933841, 42.275409614520768 ], [ 9.097744611593292, 42.275229490103008 ], [ 9.097502069473732, 42.275229696555797 ], [ 9.097502347123612, 42.275409820974872 ] ], [ [ 9.090224777037729, 42.274515153747146 ], [ 9.090709855896252, 42.274514771113722 ], [ 9.090709597596906, 42.274334646631253 ], [ 9.090224520119651, 42.274335029262275 ], [ 9.090224777037729, 42.274515153747146 ] ], [ [ 9.095560643953037, 42.274510831938692 ], [ 9.095803183330137, 42.274510629594381 ], [ 9.095802910527421, 42.274330505137911 ], [ 9.095560371840948, 42.274330707480971 ], [ 9.095560643953037, 42.274510831938692 ] ], [ [ 9.088769287631656, 42.274336164845607 ], [ 9.089011826385473, 42.274335976863973 ], [ 9.089011572922903, 42.274155852367507 ], [ 9.088769034859714, 42.274156040347954 ], [ 9.088769287631656, 42.274336164845607 ] ], [ [ 9.089011572922903, 42.274155852367507 ], [ 9.089254110983772, 42.274155663874204 ], [ 9.089253856832892, 42.27397553937319 ], [ 9.089011319462649, 42.273975727865377 ], [ 9.089011572922903, 42.274155852367507 ] ], [ [ 9.095560099731358, 42.274150583017558 ], [ 9.0958026377272, 42.274150380675756 ], [ 9.095802364929476, 42.273970256207967 ], [ 9.095559827624253, 42.273970458548426 ], [ 9.095560099731358, 42.274150583017558 ] ], [ [ 9.088768782090082, 42.273975915844602 ], [ 9.089011319462649, 42.273975727865377 ], [ 9.089011066004716, 42.27379560335752 ], [ 9.088768529322769, 42.273795791335615 ], [ 9.088768782090082, 42.273975915844602 ] ], [ [ 9.089011066004716, 42.27379560335752 ], [ 9.08998121270924, 42.273794846316228 ], [ 9.089980956491184, 42.273614721807512 ], [ 9.090466028448171, 42.273614340211815 ], [ 9.09046577085125, 42.273434215699758 ], [ 9.089980700275463, 42.273434597293026 ], [ 9.089980187851067, 42.273074348247128 ], [ 9.089737653940848, 42.27307453827202 ], [ 9.089737398422752, 42.272894413739351 ], [ 9.089494865200782, 42.27289460325018 ], [ 9.089495374858128, 42.27325485231222 ], [ 9.089010305644834, 42.273255229799958 ], [ 9.089010559095808, 42.27343535432481 ], [ 9.089253094394216, 42.273435165836212 ], [ 9.089253348538117, 42.273615290354229 ], [ 9.089010812549095, 42.273615478843986 ], [ 9.089011066004716, 42.27379560335752 ] ], [ [ 9.090951359376245, 42.273794081068559 ], [ 9.092406579305504, 42.273792917810049 ], [ 9.092406316181327, 42.27361279331339 ], [ 9.09289138809066, 42.273612401459836 ], [ 9.092891123587682, 42.273432276959944 ], [ 9.092406053059559, 42.27343266881104 ], [ 9.0924057899402, 42.273252544303041 ], [ 9.092163255363124, 42.273252739458037 ], [ 9.092163780223045, 42.27361298847083 ], [ 9.091678708299284, 42.273613377247017 ], [ 9.091678447249327, 42.273433252741007 ], [ 9.09143591197447, 42.273433446358588 ], [ 9.091436172333815, 42.273613570865749 ], [ 9.090951100395731, 42.273613956564589 ], [ 9.090951359376245, 42.273794081068559 ] ], [ [ 9.088039916504176, 42.273075854085533 ], [ 9.088524984354786, 42.273075480703227 ], [ 9.088524228166222, 42.272535107070446 ], [ 9.088039164459087, 42.272535480445718 ], [ 9.088039916504176, 42.273075854085533 ] ], [ [ 9.094345797827899, 42.273070840095322 ], [ 9.095558467126104, 42.273069836117791 ], [ 9.095557650857096, 42.272529462591265 ], [ 9.095315119074149, 42.272529664408722 ], [ 9.095314847680026, 42.272349539887244 ], [ 9.094102192181001, 42.272350541275244 ], [ 9.094102460122286, 42.272530665802982 ], [ 9.09385992832453, 42.272530864543207 ], [ 9.093860195577696, 42.272710989066553 ], [ 9.094102728066023, 42.272710790325064 ], [ 9.094102996012218, 42.272890914841469 ], [ 9.094345529188674, 42.272890715585859 ], [ 9.094345797827899, 42.273070840095322 ] ], [ [ 9.087554350041026, 42.272715976324051 ], [ 9.087796882590901, 42.272715790917502 ], [ 9.087796632602075, 42.272535666364028 ], [ 9.08755410074277, 42.272535851769419 ], [ 9.087554350041026, 42.272715976324051 ] ], [ [ 9.090464225319204, 42.272353468508243 ], [ 9.09070675646006, 42.272353276949467 ], [ 9.090706498189077, 42.272173152398885 ], [ 9.090463967738778, 42.272173343956403 ], [ 9.090464225319204, 42.272353468508243 ] ], [ [ 9.092889007651015, 42.271991280756438 ], [ 9.093131537386835, 42.271991084071423 ], [ 9.093131272215102, 42.271810959521652 ], [ 9.092888743169825, 42.271811156205416 ], [ 9.092889007651015, 42.271991280756438 ] ], [ [ 9.09482897546369, 42.271809568375012 ], [ 9.095071504489368, 42.271809367588311 ], [ 9.095071233795725, 42.271629243042895 ], [ 9.094828705460587, 42.271629443828274 ], [ 9.09482897546369, 42.271809568375012 ] ], [ [ 9.089491807452612, 42.270733108400911 ], [ 9.089734332388041, 42.270732918904336 ], [ 9.08973382141499, 42.270372669685649 ], [ 9.089491297860567, 42.270372859179844 ], [ 9.089491807452612, 42.270733108400911 ] ], [ [ 9.088763979906679, 42.270553549202283 ], [ 9.089006504158579, 42.270553361245454 ], [ 9.089005997333178, 42.270193112008272 ], [ 9.088763474462271, 42.270193299962784 ], [ 9.088763979906679, 42.270553549202283 ] ], [ [ 9.089248266102066, 42.270012798915033 ], [ 9.089490788277853, 42.270012609936074 ], [ 9.089490533489993, 42.269832485305677 ], [ 9.089248012004687, 42.269832674283471 ], [ 9.089248266102066, 42.270012798915033 ] ] ] } },
{ "type": "Feature", "properties": { "surface_ha": 1.77 }, "geometry": { "type": "Polygon", "coordinates": [ [ [ 9.058931971170393, 42.268951634123994 ], [ 9.058931635615682, 42.268591384541288 ], [ 9.058204084924967, 42.268591756070506 ], [ 9.058203919221203, 42.268411631268272 ], [ 9.058446435429207, 42.268411507938758 ], [ 9.058446269036539, 42.268231383131656 ], [ 9.058688784552592, 42.268231259290118 ], [ 9.058688617471029, 42.268051134478156 ], [ 9.058446102645398, 42.268051258318849 ], [ 9.058445769867674, 42.267691008676223 ], [ 9.059173310197526, 42.267690635620269 ], [ 9.059173141739745, 42.267510510792775 ], [ 9.059415654489561, 42.267510385416003 ], [ 9.05941582363773, 42.26769051024273 ], [ 9.059658337076392, 42.267690384352356 ], [ 9.059658167237819, 42.267510259526446 ], [ 9.05990067998453, 42.267510133124077 ], [ 9.059900338931264, 42.267149883456788 ], [ 9.060142850295632, 42.267149756543212 ], [ 9.060143021511871, 42.267329881378963 ], [ 9.060385533565052, 42.267329753951778 ], [ 9.060385705473252, 42.267509878780999 ], [ 9.060143192729669, 42.26751000620893 ], [ 9.060143706392488, 42.26805038066486 ], [ 9.059901191576127, 42.268050507582409 ], [ 9.059901362109782, 42.268230632390477 ], [ 9.05965884660144, 42.268230758796022 ], [ 9.059659016446231, 42.268410883599209 ], [ 9.060144048842202, 42.268410630273792 ], [ 9.060144220069411, 42.26859075506971 ], [ 9.060386736955481, 42.268590627636961 ], [ 9.06038690887469, 42.268770752426427 ], [ 9.059416838559287, 42.268771259083685 ], [ 9.059417007718299, 42.26895138387065 ], [ 9.058931971170393, 42.268951634123994 ] ], [ [ 9.058931635615682, 42.268591384541288 ], [ 9.059174152509518, 42.268591259672569 ], [ 9.059173984044039, 42.268411134873467 ], [ 9.058931467840631, 42.268411259741356 ], [ 9.058931635615682, 42.268591384541288 ] ], [ [ 9.059173815580101, 42.268231010068696 ], [ 9.059416331091539, 42.268230884688734 ], [ 9.059416161938723, 42.268050759879102 ], [ 9.059173647117698, 42.268050885258219 ], [ 9.059173815580101, 42.268231010068696 ] ] ] } },
{ "type": "Feature", "properties": { "surface_ha": 3.33 }, "geometry": { "type": "Polygon", "coordinates": [ [ [ 9.038074418905691, 42.26733933073109 ], [ 9.038074310514704, 42.267159205836109 ], [ 9.037831799034187, 42.267159286086525 ], [ 9.037831691334565, 42.26697916118534 ], [ 9.037346669751344, 42.266979320146895 ], [ 9.037346563433461, 42.266799195239031 ], [ 9.036861543227092, 42.266799352148453 ], [ 9.036861438290929, 42.266619227233953 ], [ 9.036618928876671, 42.266619304919011 ], [ 9.036618407661985, 42.265718680258978 ], [ 9.036860913624487, 42.265718602576356 ], [ 9.03686070376464, 42.265358352673573 ], [ 9.037103208345531, 42.265358274479205 ], [ 9.037103102726729, 42.265178149519755 ], [ 9.036860598836155, 42.265178227713697 ], [ 9.03686049390863, 42.264998102748059 ], [ 9.037102997108891, 42.264998024554679 ], [ 9.037102891492021, 42.264817899583882 ], [ 9.037830399016061, 42.264817661928724 ], [ 9.03783050670385, 42.264997786897965 ], [ 9.038073009900204, 42.264997706653602 ], [ 9.03807290152211, 42.264817581684824 ], [ 9.03831540402717, 42.264817500928196 ], [ 9.038315731235361, 42.265357875815994 ], [ 9.038073226659369, 42.265357956574121 ], [ 9.038073335040437, 42.265538081525882 ], [ 9.038315840306756, 42.265538000767236 ], [ 9.03831594937915, 42.26571812571278 ], [ 9.038558455334801, 42.265718044440931 ], [ 9.038558565098526, 42.265898169380272 ], [ 9.03880107174351, 42.265898087595104 ], [ 9.038801513569885, 42.266618587293756 ], [ 9.038316494756085, 42.266618750355427 ], [ 9.038316603834469, 42.266798875266971 ], [ 9.038559113932243, 42.266798793992002 ], [ 9.03855944324452, 42.267339168690896 ], [ 9.038074418905691, 42.26733933073109 ] ], [ [ 9.037346457116561, 42.266619070325547 ], [ 9.037588966527913, 42.266618991102185 ], [ 9.03758885952162, 42.266438866183478 ], [ 9.037346350800624, 42.266438945406364 ], [ 9.037346457116561, 42.266619070325547 ] ], [ [ 9.038316276602314, 42.26625850051542 ], [ 9.038558784628998, 42.266258419241979 ], [ 9.038558674863262, 42.266078294313978 ], [ 9.038316167526929, 42.266078375586901 ], [ 9.038316276602314, 42.26625850051542 ] ], [ [ 9.037345819235551, 42.265538320725291 ], [ 9.037588324504828, 42.26553824150492 ], [ 9.037588217504409, 42.26535811655215 ], [ 9.037345712925454, 42.265358195772045 ], [ 9.037345819235551, 42.265538320725291 ] ] ] } },
{ "type": "Feature", "properties": { "surface_ha": 32.34 }, "geometry": { "type": "Polygon", "coordinates": [ [ [ 9.082214653873528, 42.269657806888823 ], [ 9.082214419804334, 42.269477682212887 ], [ 9.081971899632947, 42.269477855803629 ], [ 9.081971666256354, 42.269297731120922 ], [ 9.080759068819821, 42.269298591377002 ], [ 9.080758838897641, 42.269118466683274 ], [ 9.080516320094446, 42.269118637194921 ], [ 9.080516090864815, 42.268938512494408 ], [ 9.080273572749974, 42.26893868249222 ], [ 9.080272887144972, 42.268398308353376 ], [ 9.080030371099349, 42.268398477835206 ], [ 9.080031054633041, 42.268938851977211 ], [ 9.079546018392925, 42.268939189408734 ], [ 9.079546471330676, 42.26929943881261 ], [ 9.079303951826605, 42.269299606761308 ], [ 9.079303274494432, 42.268759232643795 ], [ 9.079060757059638, 42.268759400076497 ], [ 9.079060531976815, 42.268579275358277 ], [ 9.078575498481923, 42.268579608683133 ], [ 9.078575051084167, 42.268219359225448 ], [ 9.0783325357145, 42.268219525116614 ], [ 9.078332312709112, 42.268039400378221 ], [ 9.077847283344493, 42.268039730619982 ], [ 9.077847061721963, 42.267859605873866 ], [ 9.077604547727017, 42.267859770224561 ], [ 9.077604326796925, 42.267679645471688 ], [ 9.077361813490359, 42.267679809308547 ], [ 9.077361593252684, 42.267499684548987 ], [ 9.0771190806345, 42.267499847871989 ], [ 9.077118641545974, 42.26713959833382 ], [ 9.077361152783379, 42.26713943501283 ], [ 9.077360712322136, 42.266779185453942 ], [ 9.077603222176771, 42.266779021622206 ], [ 9.077602559428945, 42.2662386472444 ], [ 9.077360051645387, 42.266238811073038 ], [ 9.077360492094538, 42.266599060665975 ], [ 9.076875473759953, 42.266599386789046 ], [ 9.076875254915096, 42.266419261993377 ], [ 9.076632746435152, 42.266419424284692 ], [ 9.076632528282653, 42.266239299482372 ], [ 9.076390020491072, 42.266239461259943 ], [ 9.076389803030912, 42.266059336450866 ], [ 9.076632310132144, 42.266059174674297 ], [ 9.076631873837117, 42.265698925041136 ], [ 9.076874379555679, 42.265698762753871 ], [ 9.076872191297326, 42.2638975142576 ], [ 9.07759968773196, 42.263897024349937 ], [ 9.077599466846348, 42.263716899472151 ], [ 9.078326961191992, 42.263716404953087 ], [ 9.078327184148405, 42.26389652982774 ], [ 9.078569682949812, 42.263896363961599 ], [ 9.078569906598537, 42.264076488829602 ], [ 9.078084907613135, 42.264076820051251 ], [ 9.078085129883354, 42.26425694491563 ], [ 9.078812630429214, 42.264256447310899 ], [ 9.078812854772316, 42.264436572166446 ], [ 9.078570353902126, 42.264436738548461 ], [ 9.07857057755699, 42.264616863399382 ], [ 9.079055580675904, 42.264616530120527 ], [ 9.079056030752973, 42.264976779801174 ], [ 9.079783539557683, 42.264976276031064 ], [ 9.079783085338816, 42.264616026356727 ], [ 9.079540583786578, 42.264616194790726 ], [ 9.079540357370558, 42.264436069943983 ], [ 9.079297856506535, 42.264436237864203 ], [ 9.079297630782873, 42.26425611301071 ], [ 9.079055130607072, 42.2642562804172 ], [ 9.079054905575747, 42.264076155556999 ], [ 9.079297405061263, 42.264075988151632 ], [ 9.079297179341726, 42.263895863286777 ], [ 9.080024675715057, 42.263895357997441 ], [ 9.080025131297845, 42.264255607715079 ], [ 9.080267631465338, 42.264255438257742 ], [ 9.080268545417107, 42.264975937620591 ], [ 9.080026042488438, 42.26497610708217 ], [ 9.080026498096245, 42.265336356731673 ], [ 9.080269002405537, 42.265336187267941 ], [ 9.080268773910277, 42.265156062447112 ], [ 9.081238788365214, 42.265155379468993 ], [ 9.081238325858518, 42.264795129818829 ], [ 9.081965832535683, 42.26479461220795 ], [ 9.081965599214623, 42.264614487377592 ], [ 9.082208100745786, 42.264614313816239 ], [ 9.082208334757144, 42.264794438645509 ], [ 9.082450836976466, 42.264794264570298 ], [ 9.082450602274806, 42.264614139742179 ], [ 9.082693103801679, 42.264613965155355 ], [ 9.082693339193636, 42.264794089982423 ], [ 9.082935841408649, 42.264793914881722 ], [ 9.082935605326401, 42.264613790055769 ], [ 9.08317810684896, 42.264613614443441 ], [ 9.08317858039622, 42.264973864087523 ], [ 9.083421083297209, 42.264973687960286 ], [ 9.083421558233759, 42.265333937579463 ], [ 9.083664062513199, 42.26533376093721 ], [ 9.083665015173704, 42.266054260102877 ], [ 9.083180001090001, 42.266054612883394 ], [ 9.083180474671934, 42.266414862436577 ], [ 9.083422983095568, 42.266414686300493 ], [ 9.083423220580146, 42.266594811067499 ], [ 9.083908238801614, 42.266594457254776 ], [ 9.083908955410621, 42.267134831514959 ], [ 9.083666444229863, 42.267135008681059 ], [ 9.083666682413515, 42.267315133424191 ], [ 9.08390919428466, 42.26731495625701 ], [ 9.083909672039303, 42.267675205724046 ], [ 9.083424645533253, 42.267675559550064 ], [ 9.083424883033043, 42.267855684277272 ], [ 9.084152424860052, 42.267855152765776 ], [ 9.084151706153618, 42.267314778577045 ], [ 9.084636729884956, 42.267314421678783 ], [ 9.084636488939765, 42.267134296940121 ], [ 9.085364022449058, 42.267133757750202 ], [ 9.085364265465403, 42.267313882485503 ], [ 9.085606777321109, 42.267313701728845 ], [ 9.085606289909878, 42.266953452254825 ], [ 9.085848800382596, 42.266953270987678 ], [ 9.085849533573946, 42.267493645186761 ], [ 9.085607021030073, 42.267493826457326 ], [ 9.08560726474127, 42.267673951180143 ], [ 9.085849777975538, 42.267673769908406 ], [ 9.085850022379363, 42.267853894624466 ], [ 9.086092536301797, 42.267853712838793 ], [ 9.086092291207564, 42.267673588123913 ], [ 9.086334804437351, 42.267673405826621 ], [ 9.086334558654967, 42.267493281107221 ], [ 9.086577071192107, 42.267493098298317 ], [ 9.086576578253307, 42.267132848844803 ], [ 9.086819089407413, 42.267132665525352 ], [ 9.086818842251024, 42.266952540791216 ], [ 9.087303863171693, 42.266952172616357 ], [ 9.087303614636818, 42.266772047878867 ], [ 9.087788634167646, 42.2667716776552 ], [ 9.087789134001168, 42.267131927119848 ], [ 9.087546622856147, 42.267132112490394 ], [ 9.087547121318044, 42.2674923619347 ], [ 9.08803214636735, 42.26749199067617 ], [ 9.088031895754478, 42.267311865959165 ], [ 9.088274407585301, 42.267311679561864 ], [ 9.088274156284342, 42.267131554840432 ], [ 9.088516667422487, 42.26713136793154 ], [ 9.088516919413827, 42.267311492651835 ], [ 9.089729478521736, 42.267310550409817 ], [ 9.089729733967339, 42.267490675118495 ], [ 9.090457271475247, 42.267490103616318 ], [ 9.090458301565915, 42.268210602380066 ], [ 9.090215786304011, 42.268210793398367 ], [ 9.090216299982636, 42.268571042748576 ], [ 9.089488750040267, 42.268571612733872 ], [ 9.089488495271063, 42.268391488058029 ], [ 9.088275915439374, 42.268392427771531 ], [ 9.088276418075798, 42.268752677129307 ], [ 9.088033900721671, 42.268752863535916 ], [ 9.088034151352891, 42.26893298820746 ], [ 9.087791633306031, 42.268933174102465 ], [ 9.08779138336525, 42.268753049429748 ], [ 9.08730634864555, 42.26875341967898 ], [ 9.087306100087927, 42.268573294998241 ], [ 9.087063583415102, 42.268573479352547 ], [ 9.087063335550178, 42.268393354664944 ], [ 9.086578303578579, 42.268393721832695 ], [ 9.086578550062638, 42.268573846522578 ], [ 9.086336033383024, 42.268574029338382 ], [ 9.086336279178902, 42.268754154023675 ], [ 9.085608727055273, 42.268754699397732 ], [ 9.085608483330699, 42.268574574709014 ], [ 9.085365966642122, 42.268574755473622 ], [ 9.085365480580508, 42.268214506076838 ], [ 9.084880449958389, 42.26821486606309 ], [ 9.084880691607239, 42.268394990766559 ], [ 9.084638175602434, 42.268395169991635 ], [ 9.084637934644006, 42.268215045287022 ], [ 9.084152904008642, 42.268215402196489 ], [ 9.084153143586219, 42.268395526903326 ], [ 9.083910627574818, 42.268395704589985 ], [ 9.083910866464159, 42.268575829292253 ], [ 9.083668349760147, 42.268576006467242 ], [ 9.083668111561233, 42.26839588176383 ], [ 9.083425595545465, 42.268396058424855 ], [ 9.083426070564609, 42.268756307828227 ], [ 9.082941035764831, 42.268756659616287 ], [ 9.082941271896786, 42.268936784311649 ], [ 9.082698753803207, 42.268936959437603 ], [ 9.082698518361696, 42.268756834741133 ], [ 9.082213483548973, 42.268757183452379 ], [ 9.082214185737278, 42.269297557531246 ], [ 9.082699224692696, 42.269297208813455 ], [ 9.082698989246875, 42.269117084128382 ], [ 9.082941508030897, 42.269116909001362 ], [ 9.082941980305607, 42.269477158363657 ], [ 9.082699460140663, 42.26947733349288 ], [ 9.082699695590804, 42.269657458166627 ], [ 9.082214653873528, 42.269657806888823 ] ], [ [ 9.079545791927158, 42.268759064698315 ], [ 9.079788309357815, 42.268758896239973 ], [ 9.079788082203684, 42.268578771524943 ], [ 9.079545565463468, 42.268578939982199 ], [ 9.079545791927158, 42.268759064698315 ] ], [ [ 9.08779088349055, 42.268392800067332 ], [ 9.088033399466106, 42.268392614175831 ], [ 9.08803314884177, 42.268212489487226 ], [ 9.088275664124611, 42.268212303084155 ], [ 9.088275412812152, 42.268032178391039 ], [ 9.088032898219724, 42.26803236479298 ], [ 9.088032647599968, 42.267852240093035 ], [ 9.087790133695664, 42.26785242598104 ], [ 9.08779088349055, 42.268392800067332 ] ], [ [ 9.085365480580508, 42.268214506076838 ], [ 9.08585051119373, 42.268214144039369 ], [ 9.08585026678543, 42.268034019334721 ], [ 9.085365237553038, 42.26803438136993 ], [ 9.085365480580508, 42.268214506076838 ] ], [ [ 9.087062839827146, 42.268033105272835 ], [ 9.087305354428707, 42.268032920922089 ], [ 9.087305105880185, 42.267852796218634 ], [ 9.087062591969032, 42.267852980568264 ], [ 9.087062839827146, 42.268033105272835 ] ], [ [ 9.081726587366399, 42.267316532301386 ], [ 9.08221161114108, 42.267316185658785 ], [ 9.082211377099734, 42.267136060909031 ], [ 9.082696399485078, 42.267135712217495 ], [ 9.082696164065123, 42.266955587464288 ], [ 9.082453653563896, 42.266955762065294 ], [ 9.082453184111177, 42.266595512539595 ], [ 9.082210674988543, 42.266595686625671 ], [ 9.082211143060531, 42.2669559361536 ], [ 9.081726122047375, 42.266956282791838 ], [ 9.081726587366399, 42.267316532301386 ] ], [ [ 9.082938674564183, 42.266955412350406 ], [ 9.083181185061083, 42.266955236723796 ], [ 9.083180948262532, 42.266775111967078 ], [ 9.082938438456004, 42.266775287592559 ], [ 9.082938674564183, 42.266955412350406 ] ], [ [ 9.078330305752434, 42.266418277477065 ], [ 9.078572814218218, 42.266418111596352 ], [ 9.07857259054288, 42.266237986802217 ], [ 9.078330082767451, 42.266238152681922 ], [ 9.078330305752434, 42.266418277477065 ] ], [ [ 9.077359390986777, 42.265698436641017 ], [ 9.077601896699312, 42.265698272815449 ], [ 9.077601675793479, 42.265518147994456 ], [ 9.077359170771274, 42.265518311818994 ], [ 9.077359390986777, 42.265698436641017 ] ], [ [ 9.078814200874048, 42.265517321180589 ], [ 9.079056705884021, 42.265517154279543 ], [ 9.079056480838279, 42.265337029459097 ], [ 9.078813976518623, 42.265337196359077 ], [ 9.078814200874048, 42.265517321180589 ] ] ] } },
{ "type": "Feature", "properties": { "surface_ha": 1.0 }, "geometry": { "type": "Polygon", "coordinates": [ [ [ 9.037830291329254, 42.264637536953778 ], [ 9.03783018364344, 42.264457411973098 ], [ 9.037587682517, 42.264457491703233 ], [ 9.037587468528885, 42.264097241723924 ], [ 9.037829968274764, 42.264097161994769 ], [ 9.03782964522914, 42.263556786984743 ], [ 9.038072142903223, 42.263556706744403 ], [ 9.038072034533068, 42.263376581730192 ], [ 9.038557028497747, 42.26337641971233 ], [ 9.038557248000094, 42.263736669733042 ], [ 9.038799746361446, 42.263736587954035 ], [ 9.038800077693315, 42.264276962940919 ], [ 9.038557577261141, 42.264277044721474 ], [ 9.03855779677353, 42.264637294685414 ], [ 9.037830291329254, 42.264637536953778 ] ] ] } },
{ "type": "Feature", "properties": { "surface_ha": 1.37 }, "geometry": { "type": "Polygon", "coordinates": [ [ [ 8.993452616641763, 42.263022463676414 ], [ 8.993452635278173, 42.26284233860671 ], [ 8.992725150314474, 42.262842294770458 ], [ 8.992725171021398, 42.262662169695311 ], [ 8.992482676724105, 42.262662154057942 ], [ 8.99248269812106, 42.262482028977203 ], [ 8.992240204514188, 42.262482012827192 ], [ 8.992240226601167, 42.262301887740939 ], [ 8.992482719517827, 42.26230190389083 ], [ 8.992482762310759, 42.261941653701072 ], [ 8.993695219994779, 42.261941726759261 ], [ 8.99369520204943, 42.262121851857465 ], [ 8.993937694276957, 42.262121864931096 ], [ 8.993937677021659, 42.262301990023701 ], [ 8.994180169939556, 42.262302002584732 ], [ 8.99418012024339, 42.262842377828655 ], [ 8.993937625254826, 42.262842365267353 ], [ 8.993937607998896, 42.263022490337278 ], [ 8.993452616641763, 42.263022463676414 ] ] ] } },
{ "type": "Feature", "properties": { "surface_ha": 3.37 }, "geometry": { "type": "Polygon", "coordinates": [ [ [ 9.036130413193321, 42.260495208230523 ], [ 9.036130310361203, 42.260315083115891 ], [ 9.035887825103035, 42.260315159245934 ], [ 9.035887722962002, 42.260135034125128 ], [ 9.035645238393045, 42.260135109742002 ], [ 9.035645136943085, 42.259954984615007 ], [ 9.035160169182662, 42.259955134309848 ], [ 9.035159969046022, 42.259594884036993 ], [ 9.035402451546441, 42.25959480944686 ], [ 9.035402149278028, 42.259054433996404 ], [ 9.035887110135436, 42.259054283280953 ], [ 9.035886905867391, 42.258694032954175 ], [ 9.036371863960685, 42.258693880190108 ], [ 9.036371449915208, 42.257973379472197 ], [ 9.036613926200136, 42.257973302323194 ], [ 9.036614030400155, 42.258153427510699 ], [ 9.036856507374193, 42.25815334984852 ], [ 9.036856717157226, 42.258513600205546 ], [ 9.037099195510461, 42.258513522029801 ], [ 9.037099406677514, 42.258873772363096 ], [ 9.037341886409953, 42.258873693673735 ], [ 9.037341992685029, 42.259053818831383 ], [ 9.037584473106598, 42.259053739628897 ], [ 9.037584900977071, 42.259774240200684 ], [ 9.03782738415811, 42.25977416048358 ], [ 9.037827168840677, 42.259413910210021 ], [ 9.038069650640487, 42.259413829981249 ], [ 9.038069867338161, 42.25977408025382 ], [ 9.038312350517224, 42.25977399951136 ], [ 9.03831256859913, 42.260134249760206 ], [ 9.037827599479483, 42.260134410734409 ], [ 9.037827491818305, 42.259954285611812 ], [ 9.037100040201871, 42.259954523226781 ], [ 9.037099934612064, 42.259774398097051 ], [ 9.036857451428107, 42.259774476276206 ], [ 9.036857871032588, 42.260494976763077 ], [ 9.036130413193321, 42.260495208230523 ] ] ] } },
{ "type": "Feature", "properties": { "surface_ha": 1.49 }, "geometry": { "type": "Polygon", "coordinates": [ [ [ 8.994423043814443, 42.257979010840288 ], [ 8.994423059685827, 42.257798885611273 ], [ 8.994180584021178, 42.257798873564823 ], [ 8.994180617143613, 42.257438623089932 ], [ 8.994423091428162, 42.257438635136246 ], [ 8.994423107299111, 42.257258509890214 ], [ 8.994665580893761, 42.257258521423836 ], [ 8.994665611255165, 42.256898270914604 ], [ 8.994908083469884, 42.25689828193547 ], [ 8.994908097960357, 42.25671815667225 ], [ 8.995877984060424, 42.256718195629546 ], [ 8.995877995790702, 42.256538070360435 ], [ 8.996120466625978, 42.256538078818181 ], [ 8.996120422464351, 42.25725857986086 ], [ 8.995877948868962, 42.257258571402872 ], [ 8.995877937138266, 42.257438696649309 ], [ 8.995635462852944, 42.257438687678629 ], [ 8.995635450432079, 42.257618812919361 ], [ 8.995392975456822, 42.257618803436024 ], [ 8.995392962345798, 42.257798928670937 ], [ 8.995150486680613, 42.257798918674986 ], [ 8.995150472879407, 42.2579790439042 ], [ 8.994907996524283, 42.257979033395493 ], [ 8.994908011015548, 42.257798908166357 ], [ 8.99466553535062, 42.257798897145122 ], [ 8.994665520169296, 42.257979022374201 ], [ 8.994423043814443, 42.257979010840288 ] ] ] } },
{ "type": "Feature", "properties": { "surface_ha": 1.33 }, "geometry": { "type": "Polygon", "coordinates": [ [ [ 9.027399592831951, 42.257435497971258 ], [ 9.027399514857299, 42.257255372744901 ], [ 9.027157041301015, 42.257255430413004 ], [ 9.027156886733914, 42.256895179942589 ], [ 9.026914414556986, 42.256895237097346 ], [ 9.026914491150155, 42.257075362335776 ], [ 9.026429545414144, 42.25707547510823 ], [ 9.026429169355469, 42.256174848855842 ], [ 9.027156577608203, 42.256174678933547 ], [ 9.02715665488857, 42.256354804194302 ], [ 9.027641595100203, 42.256354688349148 ], [ 9.027641673761298, 42.256534813603501 ], [ 9.027884144556049, 42.256534754911641 ], [ 9.02788430326043, 42.256895005402626 ], [ 9.028369247607822, 42.256894886479657 ], [ 9.028369409075241, 42.257255136946448 ], [ 9.027641988412869, 42.257255314564205 ], [ 9.027642067077561, 42.257435439790193 ], [ 9.027399592831951, 42.257435497971258 ] ] ] } },
{ "type": "Feature", "properties": { "surface_ha": 2.97 }, "geometry": { "type": "Polygon", "coordinates": [ [ [ 9.035644021054763, 42.257973607843631 ], [ 9.035643919615946, 42.257793482648523 ], [ 9.034431541613685, 42.257793853012842 ], [ 9.03443144362606, 42.257613727809748 ], [ 9.034188968712945, 42.257613800344338 ], [ 9.034188871416262, 42.257433675135054 ], [ 9.033946397192299, 42.25743374715659 ], [ 9.033946300586551, 42.257253621941217 ], [ 9.033703827051754, 42.25725369344967 ], [ 9.033703731136915, 42.257073568228179 ], [ 9.033218785444758, 42.257073709706376 ], [ 9.033218690910857, 42.256893584478306 ], [ 9.032976218753504, 42.256893654448071 ], [ 9.032976031068335, 42.256533403974053 ], [ 9.032733560290161, 42.256533473430324 ], [ 9.032733467138877, 42.25635334818439 ], [ 9.03297593722704, 42.256353278728511 ], [ 9.032975843386604, 42.256173153477313 ], [ 9.033218312783905, 42.25617308350931 ], [ 9.033218218254332, 42.255992958252904 ], [ 9.033703155666345, 42.255992816780022 ], [ 9.033703251575913, 42.256172942035576 ], [ 9.0339457209706, 42.256172870529824 ], [ 9.033945817571052, 42.256352995779267 ], [ 9.034188287654855, 42.256352923760446 ], [ 9.034188384946198, 42.256533049003757 ], [ 9.034673326491157, 42.256532903427477 ], [ 9.034673227819798, 42.256352778185104 ], [ 9.035400638060413, 42.256352555977649 ], [ 9.035401343269482, 42.257613432545362 ], [ 9.03564381817805, 42.257613357447759 ], [ 9.035643615305048, 42.257253107029157 ], [ 9.036128562359215, 42.257252955298021 ], [ 9.036128665175333, 42.257433080509166 ], [ 9.035886190958676, 42.257433156631521 ], [ 9.035886293085689, 42.2576132818375 ], [ 9.036128767992391, 42.257613205714669 ], [ 9.036128870810394, 42.257793330914481 ], [ 9.036371346406209, 42.257793254278525 ], [ 9.036371449915208, 42.257973379472197 ], [ 9.035644021054763, 42.257973607843631 ] ], [ [ 9.034673425163417, 42.256713028664201 ], [ 9.034915896624561, 42.256712955106735 ], [ 9.034915797262281, 42.256532829870459 ], [ 9.034673326491157, 42.256532903427477 ], [ 9.034673425163417, 42.256713028664201 ] ] ] } },
{ "type": "Feature", "properties": { "surface_ha": 188.08 }, "geometry": { "type": "Polygon", "coordinates": [ [ [ 9.05505136510966, 42.268593312698584 ], [ 9.055051208381508, 42.268413187886594 ], [ 9.054808692152854, 42.268413304036883 ], [ 9.054808536116557, 42.268233179218463 ], [ 9.054080989493317, 42.268233524590194 ], [ 9.054080835529705, 42.268053399763971 ], [ 9.053595805821328, 42.268053627446356 ], [ 9.053595653239947, 42.267873502613028 ], [ 9.053110624906809, 42.267873728242797 ], [ 9.053110473707642, 42.267693603402407 ], [ 9.0533529871845, 42.267693490844579 ], [ 9.053352683409521, 42.267333241148066 ], [ 9.052382635016981, 42.267333688296901 ], [ 9.052382485893125, 42.267153563437319 ], [ 9.05213997448195, 42.267153673941863 ], [ 9.052139529189693, 42.266613299327012 ], [ 9.05165451050552, 42.266613518793648 ], [ 9.051654363458214, 42.266433393909296 ], [ 9.051169346149376, 42.266433611323457 ], [ 9.051169200484125, 42.266253486432106 ], [ 9.050926692518056, 42.266253594369324 ], [ 9.05092654754449, 42.266073469471564 ], [ 9.050684040267452, 42.26607357689538 ], [ 9.050683895985543, 42.265893451991296 ], [ 9.050926402572243, 42.265893344568155 ], [ 9.050926112631737, 42.265533094744264 ], [ 9.050683607425706, 42.265533202166047 ], [ 9.050683463147767, 42.26535307724491 ], [ 9.050440958630736, 42.265353184153305 ], [ 9.050440671459446, 42.264992934292657 ], [ 9.050198168321739, 42.264993040686903 ], [ 9.05019802542837, 42.264812915747399 ], [ 9.049955522979653, 42.264813021628299 ], [ 9.04995538077789, 42.264632896682443 ], [ 9.049470377257162, 42.264633106904689 ], [ 9.049470518078323, 42.264813231851832 ], [ 9.048258005802557, 42.264813748437703 ], [ 9.048257593697318, 42.264273373569509 ], [ 9.048500094084138, 42.264273271279706 ], [ 9.048499956027964, 42.264093146312916 ], [ 9.048984955417234, 42.264092940196456 ], [ 9.048984815981774, 42.263912815225289 ], [ 9.048499817973049, 42.263913021340393 ], [ 9.048499679919397, 42.263732896362256 ], [ 9.048257181603402, 42.263732998650141 ], [ 9.048257044241277, 42.263552873665645 ], [ 9.048014546614283, 42.263552975440128 ], [ 9.048014409943674, 42.263372850449315 ], [ 9.047529416066457, 42.263373052458874 ], [ 9.04752928077759, 42.263192927461141 ], [ 9.04704428827592, 42.263193127418567 ], [ 9.047044556093883, 42.263553377410886 ], [ 9.046559560826301, 42.263553575320003 ], [ 9.046559825888108, 42.263913825292043 ], [ 9.046317326871966, 42.263913923478775 ], [ 9.046317458714416, 42.26409404845689 ], [ 9.046559958420833, 42.264093950269562 ], [ 9.046560090954769, 42.264274075241403 ], [ 9.046802591350259, 42.264273976540764 ], [ 9.04680272457569, 42.264454101506296 ], [ 9.046560223489919, 42.264454200207574 ], [ 9.046560488563857, 42.264814450122884 ], [ 9.046317986096284, 42.264814548312657 ], [ 9.046317854249006, 42.264634423357236 ], [ 9.046075352470524, 42.264634521033642 ], [ 9.046075221314748, 42.26445439607194 ], [ 9.045832720225359, 42.264454493235021 ], [ 9.045832589761067, 42.264274368267024 ], [ 9.045590089360768, 42.264274464916745 ], [ 9.045589570276634, 42.263553964985576 ], [ 9.045832067915846, 42.263553868338228 ], [ 9.04583193745753, 42.263373743341859 ], [ 9.045589440508564, 42.263373839988532 ], [ 9.045589051211492, 42.26283346496345 ], [ 9.045346556332076, 42.262833561095647 ], [ 9.045346427258988, 42.26265343607534 ], [ 9.045588921448182, 42.26265333994376 ], [ 9.045588791686052, 42.262473214918344 ], [ 9.04607377868042, 42.262473021118311 ], [ 9.046073647539044, 42.262292896088447 ], [ 9.046316140344215, 42.262292798420027 ], [ 9.046316008513834, 42.262112673385104 ], [ 9.047043484851443, 42.262112377305407 ], [ 9.04704335095165, 42.261932252266661 ], [ 9.047285842371535, 42.261932152548674 ], [ 9.04728570778278, 42.261752027504912 ], [ 9.047770689238462, 42.261751826532105 ], [ 9.047770553270549, 42.261571701483923 ], [ 9.048013043306327, 42.261571600229132 ], [ 9.048013179964439, 42.261751725276696 ], [ 9.048983142855775, 42.261751315128187 ], [ 9.048983282275927, 42.261931440167501 ], [ 9.049225773685786, 42.261931336348027 ], [ 9.049225633575443, 42.261751211309374 ], [ 9.049468124293817, 42.261751106977826 ], [ 9.049467701899916, 42.261210731829713 ], [ 9.049225213252095, 42.261210836159272 ], [ 9.049225073146879, 42.261030711097916 ], [ 9.048255121303514, 42.261031123286813 ], [ 9.048254983960248, 42.260850998217151 ], [ 9.048012496686416, 42.260851099982077 ], [ 9.048012223383964, 42.260490849824471 ], [ 9.047284765695926, 42.260491152039386 ], [ 9.047284631117019, 42.260311026950205 ], [ 9.047042145908685, 42.260311126662536 ], [ 9.047042279797443, 42.260491251752356 ], [ 9.04655730799681, 42.260491449640369 ], [ 9.046557440506486, 42.260671574725755 ], [ 9.046314953914191, 42.260671672901374 ], [ 9.046315217556861, 42.261031923056358 ], [ 9.046072729583035, 42.261032020720528 ], [ 9.046073122985552, 42.261572395912296 ], [ 9.04558814289323, 42.261572589706233 ], [ 9.045588013138227, 42.261392464646796 ], [ 9.045345523780465, 42.261392560774169 ], [ 9.045345265654378, 42.261032310636999 ], [ 9.04486028969602, 42.261032501351266 ], [ 9.044860417378128, 42.26121262642387 ], [ 9.044375440034759, 42.261212815088669 ], [ 9.044375313732996, 42.261032690014886 ], [ 9.044132825749742, 42.261032783577683 ], [ 9.044132951361334, 42.261212908652062 ], [ 9.043647974011041, 42.261213094240787 ], [ 9.043648098243423, 42.261393219310662 ], [ 9.043890587609319, 42.261393126772035 ], [ 9.043890712533026, 42.261573251835678 ], [ 9.043405732419716, 42.261573436401349 ], [ 9.043405855964185, 42.261753561460466 ], [ 9.043163365215644, 42.261753652974846 ], [ 9.043163488071041, 42.261933778028862 ], [ 9.042678505190192, 42.261933959520661 ], [ 9.042678383715195, 42.261753834465587 ], [ 9.042435892963301, 42.261753924441919 ], [ 9.042435530615528, 42.261213549240807 ], [ 9.042193041933084, 42.261213638702749 ], [ 9.042192561578849, 42.260493138352821 ], [ 9.04195007565596, 42.260493227299897 ], [ 9.041950433849504, 42.26103360257251 ], [ 9.041707945855041, 42.261033691008585 ], [ 9.041707471026459, 42.260313190631528 ], [ 9.042192441493038, 42.260313013251164 ], [ 9.042192321408324, 42.260132888143801 ], [ 9.041949836865726, 42.260132977089739 ], [ 9.041949598079862, 42.259772726856887 ], [ 9.042192081242202, 42.259772637912093 ], [ 9.04219184108047, 42.25941238765764 ], [ 9.042434322861467, 42.259412298201255 ], [ 9.042433960556803, 42.258871922778681 ], [ 9.042676440266387, 42.25887183281138 ], [ 9.042676683181922, 42.259232083097622 ], [ 9.042919164270602, 42.259231992616542 ], [ 9.042918797828666, 42.258691617180354 ], [ 9.043161276845932, 42.258691526188372 ], [ 9.043161154010773, 42.258511401032138 ], [ 9.043646110661751, 42.258511217511412 ], [ 9.043646359093543, 42.258871467815815 ], [ 9.043888838797505, 42.25887137528531 ], [ 9.043888588985538, 42.2585111249821 ], [ 9.044616023950018, 42.258510844318373 ], [ 9.044615770002176, 42.258150593995978 ], [ 9.0448582469412, 42.258150499417354 ], [ 9.04485786395797, 42.257610123892896 ], [ 9.045585288557488, 42.257609837086612 ], [ 9.045585418287553, 42.257789962265356 ], [ 9.045827893841741, 42.257789865637406 ], [ 9.045827633002698, 42.257429615275555 ], [ 9.0460701071756, 42.257429518136284 ], [ 9.046069976067828, 42.257249392947443 ], [ 9.046312449549486, 42.257249295296127 ], [ 9.046312185957484, 42.256889044902707 ], [ 9.046554658057872, 42.256888946740006 ], [ 9.046554525573661, 42.256708821535383 ], [ 9.047039468390755, 42.256708623673475 ], [ 9.047039602255014, 42.256888748876861 ], [ 9.047767018541515, 42.256888448237625 ], [ 9.047767154477086, 42.257068573433507 ], [ 9.048009627260132, 42.257068472194582 ], [ 9.048009763886972, 42.257248597384084 ], [ 9.048494710829385, 42.257248393367192 ], [ 9.048494572822474, 42.257068268178962 ], [ 9.048737045601754, 42.257068165402252 ], [ 9.048736490826672, 42.256347664595118 ], [ 9.049463900876658, 42.256347353197228 ], [ 9.049464041638551, 42.256527478405545 ], [ 9.049706512342652, 42.256527373580447 ], [ 9.049706795250335, 42.256887623978798 ], [ 9.049949267333178, 42.256887518639715 ], [ 9.049949409478984, 42.257067643829714 ], [ 9.050191882250553, 42.257067537977413 ], [ 9.050192167926152, 42.257427788339029 ], [ 9.050677116225508, 42.257427575093921 ], [ 9.050676972006974, 42.257247449917315 ], [ 9.050919445464638, 42.257247342526519 ], [ 9.050919300557393, 42.257067217344868 ], [ 9.05140424608866, 42.257067001026805 ], [ 9.05140409980269, 42.256886875840848 ], [ 9.051646571876292, 42.256886766913659 ], [ 9.051646424901637, 42.25670664172268 ], [ 9.052131367664758, 42.256706422331796 ], [ 9.052131219311415, 42.256526297136531 ], [ 9.052858631375864, 42.25652596420781 ], [ 9.052858480953859, 42.256345839008937 ], [ 9.053100950949254, 42.256345727008231 ], [ 9.053100799838623, 42.256165601804426 ], [ 9.053828207746481, 42.256165262728835 ], [ 9.053828514109153, 42.256525513126547 ], [ 9.054313455467412, 42.256525284510388 ], [ 9.054313610030881, 42.256705409699279 ], [ 9.053828667292597, 42.256705638316909 ], [ 9.053828820477438, 42.256885763501565 ], [ 9.054313764595769, 42.256885534882507 ], [ 9.054314073729779, 42.257245785231937 ], [ 9.054556547166886, 42.257245670152088 ], [ 9.054556702426051, 42.257425795317531 ], [ 9.054071754170346, 42.257426024966094 ], [ 9.05407190805084, 42.257606150127337 ], [ 9.054314382869451, 42.257606035558645 ], [ 9.054314692014779, 42.257966285862651 ], [ 9.054557168212083, 42.257966170779909 ], [ 9.054556857686642, 42.257605920477346 ], [ 9.054799332502412, 42.25760580488344 ], [ 9.054799176551779, 42.257425679724335 ], [ 9.055041650676074, 42.257425563618547 ], [ 9.055041494036825, 42.25724543845454 ], [ 9.056011387759465, 42.257244968908218 ], [ 9.05601122836152, 42.257064843741482 ], [ 9.05625370109852, 42.257064725074137 ], [ 9.056253380926952, 42.256704474725105 ], [ 9.056495852282431, 42.256704355546638 ], [ 9.056495691508834, 42.256524230364349 ], [ 9.056738162172824, 42.256524110674029 ], [ 9.056738000710691, 42.256343985486829 ], [ 9.057222940654226, 42.256343744569946 ], [ 9.057222777813573, 42.256163619378597 ], [ 9.056980308532548, 42.256163740092596 ], [ 9.056980146383374, 42.255983614894703 ], [ 9.058677426489066, 42.255982759138064 ], [ 9.058677593468206, 42.256162884330536 ], [ 9.059162532007591, 42.25616263521384 ], [ 9.059162868730477, 42.256522885578534 ], [ 9.060375221951917, 42.256522253808612 ], [ 9.060375393765739, 42.25670237897846 ], [ 9.061830221719587, 42.256701603934211 ], [ 9.061829869813385, 42.256341353598465 ], [ 9.062799749563746, 42.256340826656988 ], [ 9.062799570853052, 42.256160701483957 ], [ 9.063526978578663, 42.256160300898152 ], [ 9.063527159359362, 42.256340426068704 ], [ 9.063769629287936, 42.2563402915141 ], [ 9.06376944781724, 42.256160166344387 ], [ 9.064254386289393, 42.256159895699092 ], [ 9.064254569140093, 42.256340020867107 ], [ 9.064497039063664, 42.256339884774782 ], [ 9.064497222606041, 42.256520009936239 ], [ 9.064739693217943, 42.256519873330426 ], [ 9.064739877452014, 42.256699998485388 ], [ 9.065224820050773, 42.256699723734286 ], [ 9.065224634436673, 42.256519598581029 ], [ 9.065467105043497, 42.256519460437438 ], [ 9.065467291347604, 42.2566995855898 ], [ 9.065952233936152, 42.256699307763107 ], [ 9.065952421622015, 42.25687943290805 ], [ 9.065709949638572, 42.25687957207856 ], [ 9.065710136636122, 42.2570596972187 ], [ 9.065952609309592, 42.257059558047303 ], [ 9.065952796998884, 42.257239683180899 ], [ 9.066195270360664, 42.257239543496027 ], [ 9.066195081981339, 42.25705941836334 ], [ 9.066437554651358, 42.257059278166722 ], [ 9.066437932791809, 42.257419528424684 ], [ 9.066680406840174, 42.257419387713732 ], [ 9.066680596603037, 42.257599512833337 ], [ 9.066923071339708, 42.257599371608883 ], [ 9.066923642708895, 42.258139746930929 ], [ 9.067166119513992, 42.25813960519119 ], [ 9.067167075281249, 42.259040230609934 ], [ 9.066924595025728, 42.259040372354086 ], [ 9.066924785494324, 42.25922049742168 ], [ 9.066682304546964, 42.259220638654128 ], [ 9.066682494327196, 42.259400763716918 ], [ 9.065955049404383, 42.259401184341016 ], [ 9.065954861694479, 42.259221059275582 ], [ 9.06571238074021, 42.259221198457446 ], [ 9.065712941804737, 42.259761573639409 ], [ 9.066440390873424, 42.259761154547924 ], [ 9.066440201779841, 42.259581029495592 ], [ 9.066682684109166, 42.259580888774053 ], [ 9.066682873892871, 42.259761013825504 ], [ 9.066925356910572, 42.259760872590441 ], [ 9.066925547386141, 42.259940997635312 ], [ 9.067410514796574, 42.259940713625419 ], [ 9.067410898513486, 42.260300963694611 ], [ 9.067653383596346, 42.260300820918864 ], [ 9.067653768700582, 42.26066107096355 ], [ 9.068381228079453, 42.260660639555006 ], [ 9.068382006591092, 42.261381139565387 ], [ 9.067412049706373, 42.261381713765807 ], [ 9.067412241578008, 42.261561838757864 ], [ 9.067169751662234, 42.261561981027143 ], [ 9.067170134030368, 42.261922230995872 ], [ 9.068382590493524, 42.261921514513531 ], [ 9.068382785131234, 42.262101639484904 ], [ 9.068625277108747, 42.262101494649478 ], [ 9.068625472438445, 42.262281619614249 ], [ 9.068867965104383, 42.262281474265208 ], [ 9.068868161126082, 42.262461599223364 ], [ 9.068625667769927, 42.262461744573322 ], [ 9.068626058438261, 42.262821994474493 ], [ 9.068141068959701, 42.262822283639949 ], [ 9.068141456874237, 42.263182533522077 ], [ 9.068626449113745, 42.263182244352961 ], [ 9.068626253775108, 42.263002119416548 ], [ 9.06911124462699, 42.263001828198469 ], [ 9.069111441346109, 42.263181953133049 ], [ 9.069838929681127, 42.263181512457827 ], [ 9.069839128472786, 42.263361637383937 ], [ 9.070081625271074, 42.263361489465858 ], [ 9.070082223727747, 42.263901864207348 ], [ 9.070809720323977, 42.263901417368402 ], [ 9.070810123445865, 42.264261667162081 ], [ 9.07105262368815, 42.264261517188437 ], [ 9.071053230455702, 42.264801891833514 ], [ 9.071295732767002, 42.264801741344286 ], [ 9.071295935716858, 42.264981866213695 ], [ 9.071538438716608, 42.264981715210808 ], [ 9.071539049648271, 42.265522089782039 ], [ 9.071781554717097, 42.265521938263596 ], [ 9.071781759055048, 42.265702063108378 ], [ 9.072024264812336, 42.265701911076185 ], [ 9.072024059784068, 42.265521786232362 ], [ 9.072509069912353, 42.265521480631648 ], [ 9.072509276321282, 42.265701605473552 ], [ 9.072994287822674, 42.265701297819895 ], [ 9.072994495614159, 42.265881422654175 ], [ 9.073237002052338, 42.265881268057221 ], [ 9.073236793570516, 42.265701143223907 ], [ 9.073479299316446, 42.265700988115199 ], [ 9.073478044323689, 42.264620239001822 ], [ 9.073720545925832, 42.264620083386184 ], [ 9.07372033607678, 42.264439958515055 ], [ 9.073962836986716, 42.264439802387692 ], [ 9.073963047526055, 42.264619927257833 ], [ 9.074205549124351, 42.264619770616775 ], [ 9.074205337894718, 42.264439645747558 ], [ 9.074690339704924, 42.264439330929171 ], [ 9.074690552315143, 42.264619455796357 ], [ 9.074933053907619, 42.264619297617052 ], [ 9.074933267210076, 42.264799422477601 ], [ 9.075418271769763, 42.264799104578778 ], [ 9.07541848645478, 42.264979229431653 ], [ 9.074933480514485, 42.26497954733243 ], [ 9.074933693820851, 42.265159672181596 ], [ 9.075661204799275, 42.265159194558315 ], [ 9.075661420178537, 42.265339319398805 ], [ 9.076146428868277, 42.265338998417555 ], [ 9.07614686239401, 42.265699248077453 ], [ 9.075661850942977, 42.265699569062804 ], [ 9.075661635559769, 42.265519444233632 ], [ 9.075176625481502, 42.265519763165877 ], [ 9.075176411480912, 42.265339638329081 ], [ 9.074691402775455, 42.265339955208368 ], [ 9.074691615395404, 42.265520080047153 ], [ 9.074449110349427, 42.265520237718647 ], [ 9.074449322280996, 42.265700362552764 ], [ 9.07420681654275, 42.265700519712503 ], [ 9.074207450278049, 42.266240894183724 ], [ 9.074449958087314, 42.266240737021036 ], [ 9.074450170026639, 42.266420861832472 ], [ 9.075420204005654, 42.266420228050016 ], [ 9.075420418708351, 42.266600352851746 ], [ 9.075905437066817, 42.266600032881946 ], [ 9.075905869239591, 42.266960282464382 ], [ 9.076148379796601, 42.266960121708294 ], [ 9.076148596576331, 42.26714024648998 ], [ 9.076876130306562, 42.267139761142019 ], [ 9.076876349159436, 42.267319885914986 ], [ 9.076391325293837, 42.267320209995113 ], [ 9.076391542767931, 42.267500334764435 ], [ 9.075421492251333, 42.267500976775302 ], [ 9.075421706965829, 42.267681101542991 ], [ 9.075179193641354, 42.267681260764725 ], [ 9.075179621695415, 42.26804151028503 ], [ 9.074937106988168, 42.268041668995998 ], [ 9.074936893650566, 42.267861544237668 ], [ 9.074694379631772, 42.267861702434821 ], [ 9.074694166986529, 42.267681577669862 ], [ 9.074451653656192, 42.267681735353236 ], [ 9.074452077567807, 42.268041984879439 ], [ 9.074209562854721, 42.268042142052046 ], [ 9.07420998539326, 42.268402391557558 ], [ 9.073967469297397, 42.268402548219292 ], [ 9.073967258717584, 42.268222423468394 ], [ 9.073724743310214, 42.268222579616328 ], [ 9.073724323537204, 42.267862330095532 ], [ 9.073481809508742, 42.267862485728728 ], [ 9.073481391124213, 42.267502236183233 ], [ 9.073723903771873, 42.267502080552035 ], [ 9.073723693892086, 42.267321955771763 ], [ 9.073481181934827, 42.267322111402017 ], [ 9.073480763561781, 42.26696186182248 ], [ 9.071783189473026, 42.266962936862861 ], [ 9.071783393825932, 42.267143061662203 ], [ 9.071540882543912, 42.26714321318925 ], [ 9.071541086208303, 42.267323337983875 ], [ 9.07105606225791, 42.267323639501555 ], [ 9.071055859974289, 42.267143514704991 ], [ 9.070570837397257, 42.267143814169607 ], [ 9.070570234699742, 42.266603439740337 ], [ 9.070327725479585, 42.266603588700683 ], [ 9.070327525274456, 42.266423463878667 ], [ 9.070085016742826, 42.266423612325262 ], [ 9.070084817229878, 42.26624348749656 ], [ 9.069599801541859, 42.266243782849699 ], [ 9.069599603411438, 42.266063658013529 ], [ 9.068144560446145, 42.266064531760996 ], [ 9.068144172474801, 42.265704282060618 ], [ 9.067901666688345, 42.265704425888764 ], [ 9.067901473395668, 42.265524301029117 ], [ 9.067416463198111, 42.265524587145272 ], [ 9.06741607937934, 42.26516433740543 ], [ 9.066931071936038, 42.265164621467008 ], [ 9.066931262463912, 42.265344746341583 ], [ 9.066688758049327, 42.265344887604115 ], [ 9.066688568211772, 42.265164762728688 ], [ 9.065233545829887, 42.265165599531066 ], [ 9.065233731525545, 42.265345724411745 ], [ 9.06426371380895, 42.265346272028523 ], [ 9.064264079682756, 42.265706521779727 ], [ 9.063294056416758, 42.265707061199272 ], [ 9.063293696065564, 42.265346811441312 ], [ 9.064021209375598, 42.265346407650853 ], [ 9.064021027131526, 42.26516628276589 ], [ 9.064263530874561, 42.265166147144406 ], [ 9.064263347941845, 42.264986022254618 ], [ 9.064505850992893, 42.264985886121281 ], [ 9.064505667371547, 42.264805761226647 ], [ 9.064263165010804, 42.264805897359182 ], [ 9.06426298208144, 42.26462577245799 ], [ 9.063535477060077, 42.264626177776549 ], [ 9.06353583877868, 42.264986427578251 ], [ 9.063293335720971, 42.264986561660635 ], [ 9.063293515892443, 42.265166686553805 ], [ 9.063051012142775, 42.265166820124271 ], [ 9.06305137111003, 42.265527069895327 ], [ 9.061838845433973, 42.265527730064825 ], [ 9.061838669401146, 42.265347605178043 ], [ 9.061596164951402, 42.265347735672869 ], [ 9.061595989610492, 42.265167610779621 ], [ 9.061353485849462, 42.265167740760845 ], [ 9.061353311200476, 42.264987615861081 ], [ 9.061595814271197, 42.264987485880596 ], [ 9.061595463597413, 42.264627236065628 ], [ 9.060625456827365, 42.264627752904502 ], [ 9.060625801978741, 42.26498800272595 ], [ 9.060140795823008, 42.264988258072158 ], [ 9.060141138219443, 42.26534850787413 ], [ 9.059898633758598, 42.265348634779713 ], [ 9.059898804268839, 42.265528759672975 ], [ 9.059656299116106, 42.265528886066619 ], [ 9.059656638760613, 42.265889135837654 ], [ 9.059414132225664, 42.265889261720169 ], [ 9.059414301359901, 42.266069386597941 ], [ 9.05892928690468, 42.26606963682616 ], [ 9.058929454659769, 42.266249761699854 ], [ 9.058686946739501, 42.266249886045614 ], [ 9.058687113805771, 42.266430010914405 ], [ 9.058444605193621, 42.266430134748163 ], [ 9.058444771571061, 42.266610259612101 ], [ 9.058202262267022, 42.266610382933827 ], [ 9.058202427955614, 42.266790507792841 ], [ 9.057959917959696, 42.266790630602578 ], [ 9.057960247960681, 42.267150880305074 ], [ 9.057717736582495, 42.267151002603597 ], [ 9.057717900894863, 42.2673311274471 ], [ 9.057475388824789, 42.267331249233607 ], [ 9.057475552448267, 42.267511374072193 ], [ 9.056990526922844, 42.267511616108365 ], [ 9.056990851412689, 42.267871865771525 ], [ 9.056748337266939, 42.267871986021937 ], [ 9.056748498823676, 42.268052110845787 ], [ 9.056991013659838, 42.268051990594614 ], [ 9.056991338158584, 42.268412240223725 ], [ 9.056021273281726, 42.268412718157563 ], [ 9.056021432771601, 42.268592842966619 ], [ 9.05505136510966, 42.268593312698584 ] ], [ [ 9.056020156893444, 42.267151844335345 ], [ 9.056262668282024, 42.267151725626341 ], [ 9.056262508113438, 42.266971600772585 ], [ 9.056019997415241, 42.266971719480892 ], [ 9.056020156893444, 42.267151844335345 ] ], [ [ 9.071539864249916, 42.266242589130961 ], [ 9.072509895559413, 42.266241979965223 ], [ 9.072509689144811, 42.266061855140329 ], [ 9.072752196277129, 42.266061701567956 ], [ 9.072751989174082, 42.265881576738394 ], [ 9.072266976288237, 42.265881883368444 ], [ 9.072267182010606, 42.266062008199967 ], [ 9.071782167736544, 42.266062312780917 ], [ 9.071781963394862, 42.265882187947476 ], [ 9.071539456945366, 42.265882339467844 ], [ 9.071539864249916, 42.266242589130961 ] ], [ [ 9.072752403382077, 42.266241826391862 ], [ 9.072994911202848, 42.26624167230576 ], [ 9.072994703407561, 42.266061547482799 ], [ 9.072752196277129, 42.266061701567956 ], [ 9.072752403382077, 42.266241826391862 ] ], [ [ 9.074448686492119, 42.265159988033389 ], [ 9.074691190157465, 42.265159830363913 ], [ 9.074690764927299, 42.264799580657851 ], [ 9.07444826264258, 42.264799738325408 ], [ 9.074448686492119, 42.265159988033389 ] ], [ [ 9.058685109111428, 42.264268512114036 ], [ 9.058927609438205, 42.264268387776859 ], [ 9.058927441700002, 42.264088262840708 ], [ 9.061109938358646, 42.264087120740584 ], [ 9.061109764409524, 42.263906995805861 ], [ 9.061837261196494, 42.263906605879242 ], [ 9.061837085178157, 42.263726480941301 ], [ 9.06232208164756, 42.26372621842826 ], [ 9.0623217268547, 42.263365968538686 ], [ 9.062564223706454, 42.263365836514723 ], [ 9.0625638675396, 42.263005586604123 ], [ 9.061836381120939, 42.263005981132949 ], [ 9.061836205110662, 42.262825856166643 ], [ 9.061593710324775, 42.26282598665 ], [ 9.061593359689512, 42.262465736698708 ], [ 9.061350866282467, 42.262465866667768 ], [ 9.06135173943151, 42.263366491507448 ], [ 9.0611092425717, 42.26336662096783 ], [ 9.06110941651605, 42.263546745919513 ], [ 9.060866918964395, 42.263546874868041 ], [ 9.060867092220079, 42.263726999814864 ], [ 9.060624593976575, 42.263727128251418 ], [ 9.060624766543578, 42.263907253193409 ], [ 9.059897269732822, 42.263907635429227 ], [ 9.059896928741983, 42.263547385534849 ], [ 9.059411933621391, 42.26354763779193 ], [ 9.059412102735507, 42.263727762743549 ], [ 9.059169604482628, 42.263727888103865 ], [ 9.059169436058765, 42.263547763151401 ], [ 9.058926938494604, 42.263547887998214 ], [ 9.0589271062282, 42.263728012951354 ], [ 9.058684607972245, 42.263728137286172 ], [ 9.058685109111428, 42.264268512114036 ] ], [ [ 9.066687049573853, 42.263723763520836 ], [ 9.066929547775812, 42.263723622266298 ], [ 9.066929357263634, 42.263543497340628 ], [ 9.066686859751934, 42.263543638594321 ], [ 9.066687049573853, 42.263723763520836 ] ], [ [ 9.0669291667532, 42.263363372409323 ], [ 9.067656657207062, 42.263362945574627 ], [ 9.067656079474043, 42.262822570754579 ], [ 9.067898574217757, 42.262822427453607 ], [ 9.067897994429934, 42.262282052585213 ], [ 9.067413009082072, 42.262282338669067 ], [ 9.067412817203421, 42.262102213699762 ], [ 9.066200357254191, 42.262102919932815 ], [ 9.066200168828313, 42.261922794953392 ], [ 9.065957677523469, 42.261922934661065 ], [ 9.065957114326743, 42.261382559686183 ], [ 9.065714625090761, 42.261382698878506 ], [ 9.065714438052133, 42.261202573874698 ], [ 9.064744483851829, 42.261203125513823 ], [ 9.064744668129746, 42.261383250521128 ], [ 9.064502178885265, 42.261383387150104 ], [ 9.064501995297531, 42.261203262141898 ], [ 9.064017018183876, 42.261203533860105 ], [ 9.064016835978164, 42.261023408844508 ], [ 9.063531860238193, 42.26102367851032 ], [ 9.063531498592413, 42.260663428458784 ], [ 9.063046525606469, 42.260663696070495 ], [ 9.06304670504821, 42.260843821100799 ], [ 9.062561730675379, 42.260844086663525 ], [ 9.062562086803119, 42.261204336710456 ], [ 9.06231959823392, 42.261204468724458 ], [ 9.062319775610055, 42.261384593740203 ], [ 9.062077286349053, 42.261384725242401 ], [ 9.062077463036626, 42.261564850253265 ], [ 9.061834973083824, 42.261564981243616 ], [ 9.061835149082825, 42.26174510624962 ], [ 9.061350167792011, 42.26174536669388 ], [ 9.061350342412235, 42.261925491695862 ], [ 9.061107851074224, 42.261925621149778 ], [ 9.061108025005836, 42.262105746146901 ], [ 9.061593009060653, 42.262105486724785 ], [ 9.061592833748634, 42.261925361729261 ], [ 9.062320307748198, 42.261924968753384 ], [ 9.062320485130838, 42.26210509374642 ], [ 9.062562977150987, 42.262104961728269 ], [ 9.062562799078156, 42.261924836736057 ], [ 9.063047781733163, 42.261924571163334 ], [ 9.063047961186401, 42.262104696153862 ], [ 9.063532945215245, 42.262104428528666 ], [ 9.063533126050547, 42.262284553511833 ], [ 9.063775618752697, 42.262284418929383 ], [ 9.063775800279869, 42.262464543906056 ], [ 9.064018293670575, 42.262464408810025 ], [ 9.064018111453187, 42.262284283834227 ], [ 9.064988082238408, 42.262283738326616 ], [ 9.064988267216657, 42.262463863299025 ], [ 9.064745773832662, 42.26246400044581 ], [ 9.064745958122382, 42.262644125413409 ], [ 9.064988452196603, 42.262643988265744 ], [ 9.06498863717824, 42.262824113226792 ], [ 9.066201110974957, 42.262823419793584 ], [ 9.06620092254218, 42.262643294836927 ], [ 9.066685910668379, 42.262643013876499 ], [ 9.066686290296593, 42.263003263780654 ], [ 9.066928785737552, 42.263003122529639 ], [ 9.0669291667532, 42.263363372409323 ] ], [ [ 9.063534030251873, 42.263185178342617 ], [ 9.063776526405171, 42.263185043755925 ], [ 9.063776344871357, 42.263004918801961 ], [ 9.0635338494083, 42.263005053387793 ], [ 9.063534030251873, 42.263185178342617 ] ], [ [ 9.0625638675396, 42.263005586604123 ], [ 9.062806363009237, 42.263005454069116 ], [ 9.062806184238022, 42.262825329106121 ], [ 9.062563689458623, 42.262825461640318 ], [ 9.0625638675396, 42.263005586604123 ] ], [ [ 9.062806184238022, 42.262825329106121 ], [ 9.063291173791905, 42.26282506249963 ], [ 9.063290813493481, 42.262464812559962 ], [ 9.063533306887503, 42.262464678489344 ], [ 9.063533126050547, 42.262284553511833 ], [ 9.062805647934184, 42.262284954183087 ], [ 9.062805826700494, 42.262465079163107 ], [ 9.06304832009781, 42.262464946117845 ], [ 9.063048499555974, 42.262645071091391 ], [ 9.062806005468437, 42.262645204137442 ], [ 9.062806184238022, 42.262825329106121 ] ], [ [ 9.056743652764716, 42.262648363661057 ], [ 9.056986146891262, 42.262648243432515 ], [ 9.056985984688657, 42.262468118439109 ], [ 9.056743491252334, 42.262468238666891 ], [ 9.056743652764716, 42.262648363661057 ] ], [ [ 9.057471135139895, 42.26264800143732 ], [ 9.057713629261963, 42.262647879670716 ], [ 9.057713464988689, 42.262467754679577 ], [ 9.057955958419033, 42.262467632401027 ], [ 9.057955463537601, 42.261927257395868 ], [ 9.058197954895807, 42.261927134606907 ], [ 9.058197789248151, 42.261747009594572 ], [ 9.058440279914645, 42.261746886293736 ], [ 9.058440113578316, 42.261566761276541 ], [ 9.058682603553097, 42.261566637463737 ], [ 9.058682770579615, 42.261746762480172 ], [ 9.05892526124306, 42.261746638153959 ], [ 9.058924925811167, 42.261386388116954 ], [ 9.059409904372691, 42.261386137929584 ], [ 9.059410242565331, 42.261746387963427 ], [ 9.059167751904965, 42.261746513315039 ], [ 9.059168088723395, 42.262106763327701 ], [ 9.058925596681087, 42.262106888168226 ], [ 9.058925764402401, 42.262287013166826 ], [ 9.059895735323197, 42.262286510725559 ], [ 9.059895564841044, 42.262106385730071 ], [ 9.06013805687715, 42.26210625883887 ], [ 9.060137885706348, 42.261926133838472 ], [ 9.059895394360447, 42.261926260728949 ], [ 9.05989522388141, 42.261746135722106 ], [ 9.059652733224151, 42.261746262099109 ], [ 9.05965256343686, 42.261566137085801 ], [ 9.05989505340394, 42.261566010709622 ], [ 9.05989488292802, 42.261385885691475 ], [ 9.060137372203348, 42.261385758803357 ], [ 9.060137714537113, 42.261746008832461 ], [ 9.060622695843817, 42.261745753515086 ], [ 9.060622523295768, 42.261565628504975 ], [ 9.060865013256565, 42.261565500078063 ], [ 9.060864840019908, 42.261385375063057 ], [ 9.060379861477109, 42.261385631402611 ], [ 9.060379689622401, 42.261205506380371 ], [ 9.060622178204412, 42.261205378467743 ], [ 9.06062183311937, 42.260845128407794 ], [ 9.060379345917694, 42.260845256318795 ], [ 9.060379174067704, 42.260665131279531 ], [ 9.059894201039963, 42.26066538556195 ], [ 9.059894371509635, 42.260845510602863 ], [ 9.058924422674847, 42.260846013018906 ], [ 9.058924254965808, 42.260665887974838 ], [ 9.058439281919499, 42.2606661361053 ], [ 9.058439115592302, 42.260486011054034 ], [ 9.058196629757015, 42.260486134349492 ], [ 9.058196298487475, 42.260125884228358 ], [ 9.057953814030958, 42.260126007009617 ], [ 9.057953649088592, 42.259945881939778 ], [ 9.057468681551304, 42.259946125962756 ], [ 9.0574688451134, 42.26012625103413 ], [ 9.056983876189854, 42.260126493008059 ], [ 9.056984038373168, 42.260306618075333 ], [ 9.057226523525824, 42.260306497343912 ], [ 9.05722668640076, 42.260486622404684 ], [ 9.057469172242074, 42.260486501159896 ], [ 9.057469008676987, 42.260306376099877 ], [ 9.057953978974828, 42.260306132073787 ], [ 9.057954143920208, 42.260486257132293 ], [ 9.057711658081894, 42.260486379402423 ], [ 9.057711822338634, 42.260666504455997 ], [ 9.057469335808657, 42.26066662621426 ], [ 9.057469499376742, 42.260846751262925 ], [ 9.057227012155117, 42.260846872509227 ], [ 9.057227175034527, 42.261026997552989 ], [ 9.057469662946323, 42.261026876305905 ], [ 9.057469826517394, 42.26120700134323 ], [ 9.057712315117865, 42.261206879582708 ], [ 9.057712479380616, 42.261387004613582 ], [ 9.057954968669755, 42.2613868823396 ], [ 9.057955133624196, 42.261567007364029 ], [ 9.057712643644869, 42.261567129638777 ], [ 9.057712972177885, 42.261927379672123 ], [ 9.05747048081666, 42.261927501435707 ], [ 9.057470644395227, 42.262107626444639 ], [ 9.057228152342308, 42.262107747696277 ], [ 9.057228478123495, 42.262467997698671 ], [ 9.057470971556839, 42.262467876445449 ], [ 9.057471135139895, 42.26264800143732 ] ], [ [ 9.050196025058533, 42.262291165998185 ], [ 9.050681010624819, 42.262290952716988 ], [ 9.050680577866251, 42.261750577629876 ], [ 9.050195596441199, 42.261750790907158 ], [ 9.050196025058533, 42.262291165998185 ] ], [ [ 9.060380720774258, 42.26228625642878 ], [ 9.060865706219031, 42.262286000081183 ], [ 9.060865532976038, 42.262105875088935 ], [ 9.060380548911683, 42.262106131434905 ], [ 9.060380720774258, 42.26228625642878 ] ], [ [ 9.061835677089494, 42.262285481233704 ], [ 9.062320662515088, 42.262285218733773 ], [ 9.062320485130838, 42.26210509374642 ], [ 9.061835501085659, 42.262105356244668 ], [ 9.061835677089494, 42.262285481233704 ] ], [ [ 9.050680577866251, 42.261750577629876 ], [ 9.051408049993928, 42.261750253868925 ], [ 9.051407903673143, 42.26157012883062 ], [ 9.051650393689505, 42.261570019885582 ], [ 9.051650246679872, 42.261389894842246 ], [ 9.051165268026182, 42.261390112218244 ], [ 9.05116541365544, 42.26157023726293 ], [ 9.050680433616041, 42.261570452589503 ], [ 9.050680577866251, 42.261750577629876 ] ], [ [ 9.054317938382386, 42.261748912683416 ], [ 9.054802919760942, 42.261748681974879 ], [ 9.054802763777481, 42.261568556946408 ], [ 9.05528774376995, 42.261568324188637 ], [ 9.055287586407541, 42.261388199155938 ], [ 9.055772565013879, 42.261387964348913 ], [ 9.055772247532682, 42.261027714269403 ], [ 9.055287271687046, 42.261027949073501 ], [ 9.055287429046572, 42.261208074117569 ], [ 9.055044940431422, 42.261208190751319 ], [ 9.055045097102212, 42.261388315790462 ], [ 9.054802607795439, 42.261388431912266 ], [ 9.05480245181483, 42.261208306872433 ], [ 9.054317474577383, 42.261208537576593 ], [ 9.054317938382386, 42.261748912683416 ] ], [ [ 9.051892883704523, 42.261569910427873 ], [ 9.052377863730491, 42.261569689974458 ], [ 9.052377714650301, 42.261389564933197 ], [ 9.052135225328184, 42.261389675415543 ], [ 9.052134928552254, 42.261029425314625 ], [ 9.051892440609125, 42.261029535282916 ], [ 9.051892292913362, 42.260849410223251 ], [ 9.051649805659048, 42.260849519678189 ], [ 9.051650246679872, 42.261389894842246 ], [ 9.051892736004701, 42.261389785385248 ], [ 9.051892883704523, 42.261569910427873 ] ], [ [ 9.055772247532682, 42.261027714269403 ], [ 9.05625722337251, 42.261027477414665 ], [ 9.056257063253758, 42.260847352367854 ], [ 9.056742037707398, 42.260847113463889 ], [ 9.056741876209792, 42.260666988412943 ], [ 9.056984362744235, 42.2606668681927 ], [ 9.056984200557958, 42.260486743136838 ], [ 9.056256743020658, 42.260487102257301 ], [ 9.056256422793421, 42.260126852123989 ], [ 9.056013938325004, 42.260126970804023 ], [ 9.056013778903717, 42.259946845728088 ], [ 9.055771295123971, 42.259946963894699 ], [ 9.055771771321794, 42.260487339107627 ], [ 9.056014257171952, 42.260487220938792 ], [ 9.056014576024745, 42.260847471050845 ], [ 9.055772088794269, 42.260847589221157 ], [ 9.055772247532682, 42.261027714269403 ] ], [ [ 9.061349469327119, 42.261024866629093 ], [ 9.061591957212608, 42.26102473666657 ], [ 9.061591781910206, 42.260844611637019 ], [ 9.061349294714889, 42.260844741598738 ], [ 9.061349469327119, 42.261024866629093 ] ], [ [ 9.064986787438054, 42.261022863360878 ], [ 9.065229275298808, 42.261022725708301 ], [ 9.065229089643932, 42.260842600691376 ], [ 9.064986602473349, 42.260842738343072 ], [ 9.064986787438054, 42.261022863360878 ] ], [ [ 9.065229089643932, 42.260842600691376 ], [ 9.065471576812826, 42.260842462526959 ], [ 9.06547139046949, 42.260662337505188 ], [ 9.065228903990763, 42.260662475668724 ], [ 9.065229089643932, 42.260842600691376 ] ], [ [ 9.052134631781756, 42.260669175190941 ], [ 9.052377118343198, 42.260669064711358 ], [ 9.052376820197834, 42.260308814566393 ], [ 9.052134335016689, 42.260308925044598 ], [ 9.052134631781756, 42.260669175190941 ] ], [ [ 9.064501444544398, 42.260662887083328 ], [ 9.064743931028204, 42.260662750457769 ], [ 9.064743746757037, 42.260482625427755 ], [ 9.065228718339286, 42.260482350640395 ], [ 9.065228532689511, 42.260302225606416 ], [ 9.064986047589377, 42.260302363255562 ], [ 9.06498586263144, 42.260122238215025 ], [ 9.06425840939133, 42.260122648083893 ], [ 9.064258592278849, 42.260302773127044 ], [ 9.06450107738404, 42.26030263701584 ], [ 9.064501444544398, 42.260662887083328 ] ], [ [ 9.052619455139759, 42.260488828650175 ], [ 9.053104426875494, 42.260488605129019 ], [ 9.053104275733055, 42.260308480055826 ], [ 9.053589246082966, 42.260308254485508 ], [ 9.053589398605702, 42.260488379557302 ], [ 9.054074370330323, 42.260488151934894 ], [ 9.05407421642729, 42.260308026864521 ], [ 9.05383173125583, 42.260308140931343 ], [ 9.053831424834268, 42.259947890772075 ], [ 9.052376522057921, 42.259948564398634 ], [ 9.052376820197834, 42.260308814566393 ], [ 9.052619305377611, 42.260308703575518 ], [ 9.052619455139759, 42.260488828650175 ] ], [ [ 9.063531317772009, 42.260483303424486 ], [ 9.063773803572346, 42.260483168850456 ], [ 9.063773622063451, 42.260303043811319 ], [ 9.063531136953255, 42.260303178384518 ], [ 9.063531317772009, 42.260483303424486 ] ], [ [ 9.064015924974607, 42.260122783681553 ], [ 9.06425840939133, 42.260122648083893 ], [ 9.064258226505489, 42.259942523035122 ], [ 9.064015742778894, 42.259942658631907 ], [ 9.064015924974607, 42.260122783681553 ] ], [ [ 9.042192201324713, 42.259952763030761 ], [ 9.042434685176078, 42.259952673572734 ], [ 9.042434564403436, 42.259772548454592 ], [ 9.042192081242202, 42.259772637912093 ], [ 9.042192201324713, 42.259952763030761 ] ], [ [ 9.055286327560136, 42.259947198689972 ], [ 9.055528811342777, 42.259947081548731 ], [ 9.055528495265081, 42.259586831376851 ], [ 9.055043530458853, 42.259587065143904 ], [ 9.055043687116736, 42.259767190234086 ], [ 9.055286170210692, 42.259767073606184 ], [ 9.055286327560136, 42.259947198689972 ] ], [ [ 9.065470645113217, 42.259941837361346 ], [ 9.065713128829669, 42.259941698688635 ], [ 9.065712941804737, 42.259761573639409 ], [ 9.06547045877841, 42.259761712311217 ], [ 9.065470645113217, 42.259941837361346 ] ], [ [ 9.058195967223998, 42.259765634084516 ], [ 9.058438450298734, 42.259765510792136 ], [ 9.058438283979148, 42.259585385712484 ], [ 9.058195801594536, 42.259585509004054 ], [ 9.058195967223998, 42.259765634084516 ] ], [ [ 9.060620797902141, 42.25976437809166 ], [ 9.060863280961376, 42.25976424967282 ], [ 9.060862934521358, 42.259403999523627 ], [ 9.060620452842365, 42.259404127940854 ], [ 9.0606201077889, 42.259043877767347 ], [ 9.060377627488538, 42.259044005670347 ], [ 9.06037779932438, 42.259224130760735 ], [ 9.060135318332335, 42.25922425815191 ], [ 9.0601351471866, 42.259044133060719 ], [ 9.059892666883094, 42.259044259938435 ], [ 9.059892496429017, 42.258864134840742 ], [ 9.05965001681405, 42.258864261205041 ], [ 9.059650526110646, 42.259404636483403 ], [ 9.060135489479638, 42.259404383237424 ], [ 9.060135660628507, 42.259584508317261 ], [ 9.06062062537146, 42.259584253019099 ], [ 9.060620797902141, 42.25976437809166 ] ], [ [ 9.054073600829252, 42.259587526526175 ], [ 9.055043530458853, 42.259587065143904 ], [ 9.055043373802405, 42.259406940048031 ], [ 9.054800892087254, 42.25940705616182 ], [ 9.054800736122345, 42.259226931059523 ], [ 9.054315774067989, 42.259227161747795 ], [ 9.054315928652677, 42.259407286851534 ], [ 9.054073446933264, 42.259407401427389 ], [ 9.054073600829252, 42.259587526526175 ] ], [ [ 9.061832685243376, 42.259223355648409 ], [ 9.062075166224277, 42.259223224668723 ], [ 9.062074989557724, 42.259043099584019 ], [ 9.062317469846903, 42.259042968092587 ], [ 9.062316937786663, 42.258502592806856 ], [ 9.062559416003955, 42.258502460805275 ], [ 9.062558881888117, 42.257962085470901 ], [ 9.062801358033566, 42.257961952959164 ], [ 9.062801179308149, 42.257781827837185 ], [ 9.063043654761907, 42.257781694813673 ], [ 9.06304347534808, 42.257601569686848 ], [ 9.062558525819041, 42.257601835219617 ], [ 9.062558703852766, 42.257781960348055 ], [ 9.062316228395742, 42.257782092346375 ], [ 9.062316051052075, 42.257601967217063 ], [ 9.06183110151327, 42.25760222967417 ], [ 9.061831277476847, 42.257782354805123 ], [ 9.061588802014981, 42.257782485265558 ], [ 9.0615889772901, 42.257962610391687 ], [ 9.062073929592341, 42.257962348956504 ], [ 9.062074282907668, 42.258322599188411 ], [ 9.061831805377219, 42.258322730163925 ], [ 9.061832685243376, 42.259223355648409 ] ], [ [ 9.052860737428507, 42.259047716395479 ], [ 9.053345698119486, 42.259047491860329 ], [ 9.053345546298011, 42.258867366742372 ], [ 9.053588025951322, 42.258867253706548 ], [ 9.053587873441145, 42.258687128583631 ], [ 9.053830352402976, 42.258687015035939 ], [ 9.053830046006649, 42.258326764774459 ], [ 9.053587568424987, 42.258326878320759 ], [ 9.053587415919003, 42.258146753180817 ], [ 9.05334493902601, 42.258146866213806 ], [ 9.053344787211485, 42.257966741067499 ], [ 9.053829739615937, 42.257966514490299 ], [ 9.053829586422683, 42.257786389339707 ], [ 9.053344635398352, 42.257786615915435 ], [ 9.053344483586601, 42.257606490757723 ], [ 9.052617059109849, 42.257606826774669 ], [ 9.052616909369629, 42.25742670160917 ], [ 9.052374435231346, 42.257426812588932 ], [ 9.052374584281521, 42.257606937755085 ], [ 9.052132109451822, 42.257607048222908 ], [ 9.052132257813311, 42.257787173384123 ], [ 9.052374733333059, 42.257787062915597 ], [ 9.052374882385962, 42.25796718807041 ], [ 9.052617358594404, 42.257967077088601 ], [ 9.05261750833874, 42.258147202237069 ], [ 9.052375031440226, 42.258147313219574 ], [ 9.052375329552854, 42.2585075635008 ], [ 9.05261780783151, 42.258507452516916 ], [ 9.052617957579953, 42.258687577648317 ], [ 9.05286043654732, 42.258687466151081 ], [ 9.052860737428507, 42.259047716395479 ] ], [ [ 9.051162792532628, 42.258327985589666 ], [ 9.051405270127965, 42.258327877169584 ], [ 9.051404977538613, 42.257967626871469 ], [ 9.05188992996499, 42.257967408496178 ], [ 9.051889782292207, 42.257787283339972 ], [ 9.051647306769748, 42.257787392783236 ], [ 9.051647159788365, 42.257607267620685 ], [ 9.051404684954617, 42.257607376550645 ], [ 9.051404831245945, 42.257787501713899 ], [ 9.0511623557208, 42.257787610131921 ], [ 9.051162210119527, 42.257607484967984 ], [ 9.050919735283104, 42.257607592872759 ], [ 9.050920170020758, 42.258147968349533 ], [ 9.051162646927352, 42.258147860442762 ], [ 9.051162792532628, 42.258327985589666 ] ], [ [ 9.057224731999856, 42.258325121300466 ], [ 9.057467209559826, 42.258325000064815 ], [ 9.057467046012698, 42.258144874936626 ], [ 9.0572245691428, 42.258144996171495 ], [ 9.057224731999856, 42.258325121300466 ] ], [ [ 9.063286670535543, 42.258321936621385 ], [ 9.063771625575203, 42.258321668006246 ], [ 9.063771081113291, 42.25778129266741 ], [ 9.064013556560438, 42.257781157593456 ], [ 9.064013374386407, 42.257601032470056 ], [ 9.063770899629308, 42.257601167543143 ], [ 9.063770718146982, 42.257421042413156 ], [ 9.063528244078276, 42.257421176972862 ], [ 9.063528424870551, 42.257601302103637 ], [ 9.06328595011014, 42.257601436151553 ], [ 9.063286310319549, 42.25796168639787 ], [ 9.063043834177376, 42.257961819934813 ], [ 9.063044013594489, 42.258141945050262 ], [ 9.063286490426727, 42.258141811512466 ], [ 9.063286670535543, 42.258321936621385 ] ], [ [ 9.064013192214036, 42.257420907340894 ], [ 9.064255666279422, 42.257420771756017 ], [ 9.064255483418682, 42.257240646622044 ], [ 9.06401301004334, 42.257240782206097 ], [ 9.064013192214036, 42.257420907340894 ] ], [ [ 9.064982718605489, 42.25706011165726 ], [ 9.065467663960948, 42.25705983587752 ], [ 9.065467477653424, 42.25687971073647 ], [ 9.064982533678018, 42.256879986514541 ], [ 9.064982718605489, 42.25706011165726 ] ], [ [ 9.057708209037642, 42.256703751965482 ], [ 9.057950680384202, 42.256703629711431 ], [ 9.05795051547052, 42.256523504533689 ], [ 9.057708044813975, 42.256523626786951 ], [ 9.057708209037642, 42.256703751965482 ] ], [ [ 9.057465574155927, 42.256523748527606 ], [ 9.057708044813975, 42.256523626786951 ], [ 9.05770788059181, 42.25634350160275 ], [ 9.057465410623767, 42.25634362334268 ], [ 9.057465574155927, 42.256523748527606 ] ] ] } },
{ "type": "Feature", "properties": { "surface_ha": 2.33 }, "geometry": { "type": "Polygon", "coordinates": [ [ [ 8.992725792140991, 42.257258414801932 ], [ 8.992725812842039, 42.257078289550776 ], [ 8.992968285745505, 42.257078304672554 ], [ 8.992968345777452, 42.256537928884839 ], [ 8.992725874944053, 42.25653791376336 ], [ 8.992725854243572, 42.256718039031519 ], [ 8.992240911197321, 42.256718007250583 ], [ 8.992240889116605, 42.256898132512852 ], [ 8.991755944691114, 42.256898098681283 ], [ 8.991755968151876, 42.256717973419264 ], [ 8.991513496629475, 42.2567179557347 ], [ 8.991513472478692, 42.256898080996663 ], [ 8.991271000266487, 42.25689806279938 ], [ 8.991271049947873, 42.256537812270061 ], [ 8.991513520780032, 42.256537830467082 ], [ 8.991513544930372, 42.2563577051938 ], [ 8.991756015072752, 42.256357722878114 ], [ 8.99175603853287, 42.256177597599063 ], [ 8.991998507985455, 42.256177614770635 ], [ 8.991998553525058, 42.255817364195238 ], [ 8.992483489670876, 42.255817397000335 ], [ 8.99248351106039, 42.255637271703918 ], [ 8.992968445827026, 42.255637302458481 ], [ 8.992968465836396, 42.255457177156167 ], [ 8.993210932530015, 42.255457191764513 ], [ 8.993210913210627, 42.255637317066913 ], [ 8.993453380594397, 42.255637331162774 ], [ 8.993453361964814, 42.255817456459603 ], [ 8.993695830038744, 42.255817470042942 ], [ 8.9936957403383, 42.256718096442256 ], [ 8.993938211862405, 42.256718109513422 ], [ 8.99393819461185, 42.256898234776379 ], [ 8.993695722397717, 42.256898221705086 ], [ 8.993695704456972, 42.257078346962238 ], [ 8.993453231552978, 42.257078333378281 ], [ 8.993453212922033, 42.25725845862965 ], [ 8.992725792140991, 42.257258414801932 ] ] ] } },
{ "type": "Feature", "properties": { "surface_ha": 1.97 }, "geometry": { "type": "Polygon", "coordinates": [ [ [ 9.01527557547317, 42.256176876646592 ], [ 9.015275488533941, 42.255816626080389 ], [ 9.015033020470128, 42.255816658116643 ], [ 9.015032977691092, 42.255636532824838 ], [ 9.014305575567292, 42.255636625857484 ], [ 9.014305494150243, 42.255276375255676 ], [ 9.014790426139932, 42.255276313747281 ], [ 9.014790341964524, 42.254916063123567 ], [ 9.015032806578867, 42.254916031600885 ], [ 9.015032892134201, 42.255276282224202 ], [ 9.015275358128074, 42.255276250188579 ], [ 9.015275314660249, 42.255096124879969 ], [ 9.016730106475144, 42.255095921903461 ], [ 9.016730154082762, 42.255276047210828 ], [ 9.016972620073721, 42.255276011587213 ], [ 9.016972668371745, 42.255456136888682 ], [ 9.017215135052236, 42.255456100752248 ], [ 9.017215233029576, 42.255816351337693 ], [ 9.01697276496912, 42.25581638747456 ], [ 9.01697286156827, 42.256176638037722 ], [ 9.016487922686069, 42.256176708774596 ], [ 9.016487875766273, 42.255996583495438 ], [ 9.016002938262348, 42.255996652181523 ], [ 9.016002892722959, 42.25581652689624 ], [ 9.015517956597348, 42.25581659353157 ], [ 9.015518000756758, 42.2559967188173 ], [ 9.015760469509756, 42.255996685755711 ], [ 9.015760514359568, 42.256176811035544 ], [ 9.01527557547317, 42.256176876646592 ] ] ] } },
{ "type": "Feature", "properties": { "surface_ha": 2.65 }, "geometry": { "type": "Polygon", "coordinates": [ [ [ 9.01745755205431, 42.255275938802257 ], [ 9.017457502376793, 42.255095813495608 ], [ 9.016730106475144, 42.255095921903461 ], [ 9.016730011261213, 42.254735671271717 ], [ 9.016972475182296, 42.2547356356488 ], [ 9.016972426886035, 42.2545555103246 ], [ 9.017457353346979, 42.25455543754147 ], [ 9.017457303671282, 42.254375312212126 ], [ 9.018912078903353, 42.254375081562827 ], [ 9.018912025088504, 42.254194956229171 ], [ 9.019154486935561, 42.254194915993907 ], [ 9.019154432431284, 42.254014790654892 ], [ 9.019639354744044, 42.254014708647318 ], [ 9.019639410628175, 42.254194833985821 ], [ 9.020124334318737, 42.254194749927493 ], [ 9.020124219791288, 42.253834499245819 ], [ 9.021094061646686, 42.253834324980765 ], [ 9.021094241717776, 42.25437470099147 ], [ 9.020851779184953, 42.254374745327382 ], [ 9.020851897855211, 42.254734995973386 ], [ 9.02012450611385, 42.254735125907459 ], [ 9.020124677913671, 42.255275501836266 ], [ 9.019639745943717, 42.255275585897756 ], [ 9.019639690056518, 42.255095460593324 ], [ 9.019882155351786, 42.255095418819103 ], [ 9.019882098775136, 42.254915293509292 ], [ 9.019397169563996, 42.254915376544552 ], [ 9.019397114367768, 42.254735251228468 ], [ 9.018669722617144, 42.254735371936462 ], [ 9.018669775743515, 42.254915497253251 ], [ 9.018427311135705, 42.254915536464388 ], [ 9.018427258699289, 42.254735411147323 ], [ 9.018184794780954, 42.254735449845626 ], [ 9.018184846527417, 42.254915575162947 ], [ 9.017699917309427, 42.254915651022358 ], [ 9.01770001804392, 42.255275901640935 ], [ 9.01745755205431, 42.255275938802257 ] ], [ [ 9.017457452699734, 42.254915688183218 ], [ 9.017699917309427, 42.254915651022358 ], [ 9.017699866942866, 42.254735525704568 ], [ 9.017457403023128, 42.254735562865221 ], [ 9.017457452699734, 42.254915688183218 ] ] ] } },
{ "type": "Feature", "properties": { "surface_ha": 3.29 }, "geometry": { "type": "Polygon", "coordinates": [ [ [ 9.020366216647947, 42.25239345349673 ], [ 9.020366158699334, 42.252213328102215 ], [ 9.020123704443689, 42.252213370897238 ], [ 9.020123647185461, 42.25203324549679 ], [ 9.019881193619151, 42.252033287779049 ], [ 9.019881023917163, 42.251492911542854 ], [ 9.019638572419863, 42.251492953311782 ], [ 9.019638516543402, 42.251312827888114 ], [ 9.01939606573543, 42.2513128691443 ], [ 9.019396176109195, 42.251673119986499 ], [ 9.018911271732398, 42.251673200962415 ], [ 9.018911164117979, 42.251312950119178 ], [ 9.019153614926953, 42.251312909887972 ], [ 9.019153560430654, 42.251132784458107 ], [ 9.019396010549304, 42.251132743714663 ], [ 9.019395900178571, 42.250772492838387 ], [ 9.019638348917081, 42.250772451582954 ], [ 9.019638404792014, 42.250952577023675 ], [ 9.019880854219828, 42.250952535255522 ], [ 9.019880967350865, 42.251312786119406 ], [ 9.020123418157805, 42.25131274383822 ], [ 9.020123532670592, 42.251672994678863 ], [ 9.020365984856674, 42.251672951884622 ], [ 9.020365811018793, 42.251132575615948 ], [ 9.021578061593669, 42.25113235396136 ], [ 9.02157812298824, 42.251312479388567 ], [ 9.021820573791381, 42.251312433519857 ], [ 9.02182051170699, 42.251132308092991 ], [ 9.022790312154511, 42.25113211949445 ], [ 9.022790247311411, 42.250951994063051 ], [ 9.023032696731997, 42.250951945632465 ], [ 9.023032762264924, 42.251132071063552 ], [ 9.023275212374736, 42.25113202212016 ], [ 9.02327554349753, 42.252032649188862 ], [ 9.022790636378918, 42.252032746566194 ], [ 9.022790766072839, 42.252392997355187 ], [ 9.022548311132912, 42.252393045275674 ], [ 9.02254824697552, 42.252212919883725 ], [ 9.021578429969484, 42.252213106439285 ], [ 9.021578368572104, 42.252032981040493 ], [ 9.020851007881229, 42.252033115574953 ], [ 9.02085106720903, 42.252213240974598 ], [ 9.020608612954447, 42.252213284794657 ], [ 9.020608671592926, 42.252393410188894 ], [ 9.020366216647947, 42.25239345349673 ] ], [ [ 9.021578368572104, 42.252032981040493 ], [ 9.022063275696556, 42.252032888788357 ], [ 9.022063150144112, 42.251672637974856 ], [ 9.021335793595675, 42.251672775582684 ], [ 9.021335854302073, 42.251852900993143 ], [ 9.021578307175297, 42.251852855636052 ], [ 9.021578368572104, 42.252032981040493 ] ] ] } },
{ "type": "Feature", "properties": { "surface_ha": 1.16 }, "geometry": { "type": "Polygon", "coordinates": [ [ [ 9.001939623183016, 42.251854869027554 ], [ 9.001939612145538, 42.251494618176281 ], [ 9.001697160627456, 42.251494622020104 ], [ 9.001697165456333, 42.251674747448575 ], [ 9.001454713248364, 42.251674750779863 ], [ 9.001454704970326, 42.251314499917164 ], [ 9.000727352485255, 42.251314506835939 ], [ 9.000727350415772, 42.251134381396 ], [ 9.000484900277193, 42.251134382677236 ], [ 9.000484897517923, 42.250774131780396 ], [ 9.00072734627687, 42.250774130499195 ], [ 9.000727348346309, 42.25095425595044 ], [ 9.000969797795053, 42.250954254156703 ], [ 9.000969792276564, 42.250594003248551 ], [ 9.001697136483747, 42.250593994792524 ], [ 9.001697141312397, 42.250774120249361 ], [ 9.001454692553567, 42.250774123580563 ], [ 9.00145469669245, 42.250954249031786 ], [ 9.001939595589699, 42.250954241856874 ], [ 9.001939606626875, 42.251314492742182 ], [ 9.002666959111293, 42.251314478135974 ], [ 9.002666943935175, 42.25095422725083 ], [ 9.00290939338354, 42.250954221357162 ], [ 9.002909426495368, 42.251674723104514 ], [ 9.002666974287687, 42.251674728998353 ], [ 9.002666966699454, 42.251494603569981 ], [ 9.002182063663566, 42.251494613820071 ], [ 9.002182076080734, 42.251854864671238 ], [ 9.001939623183016, 42.251854869027554 ] ] ] } },
{ "type": "Feature", "properties": { "surface_ha": 8.76 }, "geometry": { "type": "Polygon", "coordinates": [ [ [ 9.016002528422845, 42.254375524409461 ], [ 9.016002391817185, 42.253835148383246 ], [ 9.016244852289889, 42.253835114299036 ], [ 9.016244806065584, 42.253654988945819 ], [ 9.015759886499595, 42.253655056601247 ], [ 9.015759841655532, 42.253474931241939 ], [ 9.015517382561823, 42.253474964300658 ], [ 9.015517250101787, 42.252934588187998 ], [ 9.015274793077365, 42.252934620733548 ], [ 9.01527474961471, 42.252754495351098 ], [ 9.015032293279777, 42.252754527383914 ], [ 9.015032079421784, 42.251853900385576 ], [ 9.014547173649389, 42.251853962911667 ], [ 9.014547215040503, 42.252034088323079 ], [ 9.014304761463883, 42.252034118817562 ], [ 9.014304720762624, 42.251853993405966 ], [ 9.014062267875477, 42.251854023387715 ], [ 9.014062187853767, 42.251493772547114 ], [ 9.013819736345944, 42.251493802015986 ], [ 9.013819618385591, 42.250953425711891 ], [ 9.014546966699518, 42.250953335769381 ], [ 9.014546883922224, 42.25059308487279 ], [ 9.014789331979827, 42.250593053867362 ], [ 9.014789205747336, 42.25005267748039 ], [ 9.015274097722616, 42.250052613933271 ], [ 9.015274141179303, 42.250232739400857 ], [ 9.015516587856137, 42.250232706858363 ], [ 9.015516632003022, 42.250412832320066 ], [ 9.015759079369246, 42.250412799264922 ], [ 9.015759124206333, 42.250592924720749 ], [ 9.016001572261951, 42.250592891152941 ], [ 9.016001663316974, 42.250953142047123 ], [ 9.01575921388174, 42.250953175615408 ], [ 9.015759258720058, 42.251133301054203 ], [ 9.016486609093972, 42.251133198811218 ], [ 9.016486702910816, 42.251493449670505 ], [ 9.016729154414266, 42.251493414564067 ], [ 9.016729011620164, 42.250953038267276 ], [ 9.016971461053696, 42.250953002649013 ], [ 9.016971654206023, 42.251673504365819 ], [ 9.016729202013174, 42.251673539984949 ], [ 9.016729249612514, 42.251853665400191 ], [ 9.016486796729378, 42.251853700507056 ], [ 9.016486843639305, 42.252033825916833 ], [ 9.016729297212288, 42.252033790809776 ], [ 9.016729344812498, 42.252213916213641 ], [ 9.016971799074909, 42.252213880593814 ], [ 9.016971943947771, 42.252754256770693 ], [ 9.017214400279347, 42.252754220637691 ], [ 9.01721449824324, 42.253114471393424 ], [ 9.017456955954142, 42.253114434747424 ], [ 9.017456657928603, 42.252033682413426 ], [ 9.017214204356945, 42.252033719058041 ], [ 9.017214057419851, 42.251493342813724 ], [ 9.01745650892197, 42.251493306169777 ], [ 9.017456359919434, 42.250952929875062 ], [ 9.017213910486788, 42.25095296651827 ], [ 9.017213861509997, 42.250772841075111 ], [ 9.016971412766717, 42.250772877205641 ], [ 9.016971316194089, 42.250412626301802 ], [ 9.017456210920979, 42.250412553529202 ], [ 9.017456161255739, 42.250232428069268 ], [ 9.017941054601224, 42.250232353247178 ], [ 9.017941105646051, 42.250412478706629 ], [ 9.018183553007894, 42.250412440526681 ], [ 9.018183708214609, 42.250952816870345 ], [ 9.017941258783351, 42.250952855051104 ], [ 9.017941207737115, 42.250772729608599 ], [ 9.017698758995202, 42.250772767276601 ], [ 9.017698910065841, 42.251313143587673 ], [ 9.017941360877215, 42.251313105918975 ], [ 9.017941309830048, 42.251132980487895 ], [ 9.018426210071736, 42.25113290361346 ], [ 9.018426472210633, 42.252033530709831 ], [ 9.018184018640824, 42.252033569404482 ], [ 9.018184173860334, 42.252573945594904 ], [ 9.017941718220463, 42.2525739837778 ], [ 9.017941769271365, 42.252754109163469 ], [ 9.017699312941152, 42.252754146834064 ], [ 9.017699413664587, 42.253114397588888 ], [ 9.018184329084093, 42.25311432173423 ], [ 9.018184432568972, 42.253474572465393 ], [ 9.017941973479655, 42.253474610649469 ], [ 9.017942024532893, 42.253654736006752 ], [ 9.017214645192437, 42.253654847484448 ], [ 9.017214694176406, 42.253834972836792 ], [ 9.016487312762171, 42.253835079702284 ], [ 9.016487359676816, 42.254015205049626 ], [ 9.016729820838584, 42.254015169940111 ], [ 9.016729868443589, 42.254195295281512 ], [ 9.016487406591889, 42.254195330391248 ], [ 9.016487453507395, 42.254375455727214 ], [ 9.016002528422845, 42.254375524409461 ] ], [ [ 9.015274488847131, 42.251673742937271 ], [ 9.015759393237472, 42.251673677336527 ], [ 9.015759348397923, 42.251493551914727 ], [ 9.015274445387265, 42.251493617515088 ], [ 9.015274488847131, 42.251673742937271 ] ], [ [ 9.016001845432028, 42.251673643767404 ], [ 9.016244297626166, 42.251673609685739 ], [ 9.016244205188137, 42.251313358837393 ], [ 9.015759303558781, 42.251313426487314 ], [ 9.015759348397923, 42.251493551914727 ], [ 9.016001799902636, 42.251493518345839 ], [ 9.016001845432028, 42.251673643767404 ] ] ] } },
{ "type": "Feature", "properties": { "surface_ha": 1.41 }, "geometry": { "type": "Polygon", "coordinates": [ [ [ 9.051884319349124, 42.251122648568945 ], [ 9.051884171727684, 42.250942523196962 ], [ 9.051399273116525, 42.250942741518834 ], [ 9.051398395693825, 42.249861989159655 ], [ 9.052610621517664, 42.249861439531983 ], [ 9.052610920884385, 42.250221690334193 ], [ 9.052368474342762, 42.25022180128606 ], [ 9.052368772335374, 42.250582052067003 ], [ 9.05261122025659, 42.250581941113701 ], [ 9.052611070569805, 42.250401815726775 ], [ 9.052853517799843, 42.250401704261755 ], [ 9.052853668176427, 42.250581829647921 ], [ 9.053096116094903, 42.250581717669725 ], [ 9.053096267162669, 42.250761843049546 ], [ 9.052853818554393, 42.250761955028487 ], [ 9.052854119314445, 42.251122205772532 ], [ 9.052369219334516, 42.251122428195735 ], [ 9.052369070333436, 42.250942302825159 ], [ 9.05212662103124, 42.250942413267325 ], [ 9.052126769342491, 42.25112253863859 ], [ 9.051884319349124, 42.251122648568945 ] ] ] } },
{ "type": "Feature", "properties": { "surface_ha": 4.98 }, "geometry": { "type": "Polygon", "coordinates": [ [ [ 9.00290939338354, 42.250954221357162 ], [ 9.00290938510577, 42.250774095906131 ], [ 9.002666936347223, 42.250774101799756 ], [ 9.002666928759337, 42.250593976343005 ], [ 9.002909376828073, 42.250593970449387 ], [ 9.002909351995454, 42.25005359404522 ], [ 9.003151797994734, 42.25005358763925 ], [ 9.003151815929321, 42.25041383858099 ], [ 9.003394263308103, 42.250413831662456 ], [ 9.003394243993931, 42.25005358072081 ], [ 9.003636689993039, 42.25005357328989 ], [ 9.003636669299659, 42.249693322325605 ], [ 9.003394224680106, 42.249693329756447 ], [ 9.003394234336975, 42.249873455241485 ], [ 9.003151789027562, 42.249873462159854 ], [ 9.003151771093465, 42.249513211184073 ], [ 9.002666883233484, 42.249513223483291 ], [ 9.002666875646087, 42.249333097986764 ], [ 9.002424432405755, 42.249333103367647 ], [ 9.002424425508181, 42.249152977865428 ], [ 9.002666868058755, 42.249152972484616 ], [ 9.002666860471495, 42.248972846976727 ], [ 9.002909302332252, 42.248972841083479 ], [ 9.002909310609269, 42.249152966591311 ], [ 9.003151753159697, 42.24915296018554 ], [ 9.00315176212654, 42.24933308568766 ], [ 9.004121535086405, 42.24933305493979 ], [ 9.004121523360535, 42.249152929437919 ], [ 9.006061063756652, 42.249152843344497 ], [ 9.006061081000581, 42.249332968845856 ], [ 9.006545967477676, 42.249332942197761 ], [ 9.006546004725076, 42.249693193183084 ], [ 9.006788449342901, 42.249693179090144 ], [ 9.006788487970539, 42.25005343005261 ], [ 9.007030933967748, 42.250053415447034 ], [ 9.007030913964059, 42.249873289968718 ], [ 9.007273359271302, 42.249873274850742 ], [ 9.007273400658438, 42.250233525801498 ], [ 9.007030953971624, 42.250233540919645 ], [ 9.007030973975683, 42.250413666386606 ], [ 9.006788526598887, 42.250413680992374 ], [ 9.006788507284625, 42.25023355552532 ], [ 9.006303613910108, 42.250233583199254 ], [ 9.006303631844778, 42.250413708666485 ], [ 9.005818737090014, 42.250413734290653 ], [ 9.00581877020063, 42.25077398520834 ], [ 9.004121628897245, 42.250774058750629 ], [ 9.004121617170512, 42.250593933294148 ], [ 9.003879169102216, 42.250593941750175 ], [ 9.003879158065395, 42.250413816287946 ], [ 9.003636710686795, 42.250413824231416 ], [ 9.003636741728144, 42.2509542006012 ], [ 9.00290939338354, 42.250954221357162 ] ], [ [ 9.005333857510266, 42.250593883326694 ], [ 9.005576305577831, 42.250593871795751 ], [ 9.005576289712399, 42.250413746333983 ], [ 9.005333842334645, 42.250413757864905 ], [ 9.005333857510266, 42.250593883326694 ] ], [ [ 9.00412160544389, 42.250413807832004 ], [ 9.004364052822284, 42.250413798863526 ], [ 9.004364040405971, 42.250233673395741 ], [ 9.004121593717377, 42.250233682364147 ], [ 9.00412160544389, 42.250413807832004 ] ] ] } },
{ "type": "Feature", "properties": { "surface_ha": 2.29 }, "geometry": { "type": "Polygon", "coordinates": [ [ [ 9.029820601486957, 42.249509377929776 ], [ 9.02982043180595, 42.249149126979404 ], [ 9.029093104292958, 42.249149313771291 ], [ 9.029093021522874, 42.248969188286388 ], [ 9.028850579706768, 42.248969249525096 ], [ 9.028850661787104, 42.249149375010326 ], [ 9.028608219280498, 42.249149435736918 ], [ 9.028608137889913, 42.248969310251304 ], [ 9.028123254253972, 42.248969430166312 ], [ 9.028123094234004, 42.248609179176476 ], [ 9.028365534672856, 42.248609119475908 ], [ 9.028365453974233, 42.248428993972851 ], [ 9.028607893722622, 42.248428933760245 ], [ 9.028607975110972, 42.248609059262904 ], [ 9.029335296420832, 42.248608875549209 ], [ 9.029335129506501, 42.248248624540494 ], [ 9.029092690450097, 42.248248686290047 ], [ 9.029092607683797, 42.24806856077678 ], [ 9.029577484416413, 42.248068436765976 ], [ 9.029577652708657, 42.248428687785292 ], [ 9.03006253219708, 42.248428561723138 ], [ 9.030062446671122, 42.248248436217089 ], [ 9.030547324776968, 42.248248308105943 ], [ 9.03054741168237, 42.248428433611174 ], [ 9.03078985142383, 42.248428368786527 ], [ 9.030789939019764, 42.248608494285655 ], [ 9.031274819879725, 42.248608363098178 ], [ 9.03127490885594, 42.248788488590854 ], [ 9.031032467736626, 42.248788554441212 ], [ 9.031032556023902, 42.248968679928609 ], [ 9.031274997832968, 42.248968614077818 ], [ 9.031275086810805, 42.249148739559097 ], [ 9.032002414302324, 42.249148538930754 ], [ 9.032002505350246, 42.24932866440507 ], [ 9.031760062164144, 42.249328731794115 ], [ 9.031760152523139, 42.249508857263201 ], [ 9.031275264768933, 42.249508990504694 ], [ 9.031275175789458, 42.249328865034713 ], [ 9.031032732600893, 42.249328930886321 ], [ 9.031032644311994, 42.249148805410293 ], [ 9.030547759311954, 42.249148935575299 ], [ 9.030547846221344, 42.249329061052165 ], [ 9.03006295983861, 42.24932918916813 ], [ 9.030063045369262, 42.2495093146401 ], [ 9.029820601486957, 42.249509377929776 ] ] ] } },
{ "type": "Feature", "properties": { "surface_ha": 1.04 }, "geometry": { "type": "Polygon", "coordinates": [ [ [ 9.009455205623297, 42.248792362745185 ], [ 9.009455151823957, 42.248432111705625 ], [ 9.008970272249158, 42.248432150651702 ], [ 9.008970170171166, 42.247711648503397 ], [ 9.009212607199823, 42.247711629287089 ], [ 9.009212633408675, 42.247891754832537 ], [ 9.0094550711268, 42.247891735103686 ], [ 9.009455044228231, 42.247711609558316 ], [ 9.009697481256405, 42.247711589317163 ], [ 9.009697536433192, 42.248071840401877 ], [ 9.009939974840528, 42.248071819648047 ], [ 9.009939918284321, 42.247711568563503 ], [ 9.010424792339373, 42.247711525518952 ], [ 9.010424821996763, 42.24789165106381 ], [ 9.010667259713589, 42.247891628772749 ], [ 9.010667290060963, 42.248071754311724 ], [ 9.01042485165442, 42.248071776602934 ], [ 9.010424910970553, 42.24843202766418 ], [ 9.010182471184294, 42.248432049443188 ], [ 9.010182500153034, 42.248612174965452 ], [ 9.009697619200265, 42.248612216986423 ], [ 9.009697646789798, 42.248792342503236 ], [ 9.009455205623297, 42.248792362745185 ] ] ] } },
{ "type": "Feature", "properties": { "surface_ha": 2.85 }, "geometry": { "type": "Polygon", "coordinates": [ [ [ 9.035881596210325, 42.249327516486083 ], [ 9.035881494126295, 42.24914739101893 ], [ 9.035639051644029, 42.249147466606836 ], [ 9.035638950250688, 42.248967341133515 ], [ 9.035396508457257, 42.248967416208565 ], [ 9.035396407754581, 42.248787290729098 ], [ 9.035153966649965, 42.248787365291228 ], [ 9.03515386663795, 42.248607239805615 ], [ 9.034426545387849, 42.248607460415741 ], [ 9.034426447445949, 42.248427334923093 ], [ 9.034668887173821, 42.248427261899309 ], [ 9.034668689913255, 42.248067010897849 ], [ 9.033941374865282, 42.248067228429235 ], [ 9.033941278305493, 42.247887102918654 ], [ 9.033213965318705, 42.247887315836685 ], [ 9.033214059809357, 42.248067441348596 ], [ 9.032971621455644, 42.248067511296831 ], [ 9.032971527654706, 42.24788738578448 ], [ 9.032729089989845, 42.247887455219846 ], [ 9.032728903769943, 42.247527204177182 ], [ 9.032971340055397, 42.247527134742704 ], [ 9.032971152459519, 42.247166883678226 ], [ 9.033940892075163, 42.247166600819462 ], [ 9.033940988631421, 42.247346726352781 ], [ 9.034910730991667, 42.247346435293416 ], [ 9.034911128260781, 42.248066937362537 ], [ 9.036123319984657, 42.248066561999288 ], [ 9.036123217217458, 42.247886436492813 ], [ 9.036608092521039, 42.247886282761385 ], [ 9.036608404963781, 42.24842665926073 ], [ 9.036365965243307, 42.248426736384118 ], [ 9.036366068703058, 42.248606861873007 ], [ 9.036123628291909, 42.248606938484464 ], [ 9.036124039381408, 42.24932744038518 ], [ 9.035881596210325, 42.249327516486083 ] ] ] } },
{ "type": "Feature", "properties": { "surface_ha": 1.49 }, "geometry": { "type": "Polygon", "coordinates": [ [ [ 9.04169868983227, 42.246983917269723 ], [ 9.041698571208192, 42.246803791741101 ], [ 9.041213704223434, 42.246803966988381 ], [ 9.041213469737215, 42.246443715911887 ], [ 9.041698333963318, 42.24644354066686 ], [ 9.041698215342509, 42.246263415121227 ], [ 9.041940646764278, 42.246263326730656 ], [ 9.0419405274549, 42.246083201179864 ], [ 9.042182958185933, 42.246083112277454 ], [ 9.042182838188005, 42.245902986721582 ], [ 9.04363741841305, 42.245902442549919 ], [ 9.043637542548831, 42.246082568102395 ], [ 9.043395111824488, 42.246082660079246 ], [ 9.043395235271753, 42.246262785626591 ], [ 9.04315280385663, 42.246262877091631 ], [ 9.043153049375238, 42.246623128170484 ], [ 9.042910616579672, 42.246623219124253 ], [ 9.042910860723435, 42.246983470181576 ], [ 9.042425992370273, 42.246983650554071 ], [ 9.042425871677183, 42.246803525027133 ], [ 9.042183438188619, 42.246803614444211 ], [ 9.042183558192031, 42.246983739971711 ], [ 9.04169868983227, 42.246983917269723 ] ] ] } },
{ "type": "Feature", "properties": { "surface_ha": 1.85 }, "geometry": { "type": "Polygon", "coordinates": [ [ [ 9.020121586238327, 42.245548727299422 ], [ 9.02012152899948, 42.245368601688924 ], [ 9.020363957044962, 42.245368558904069 ], [ 9.020363899117026, 42.245188433288135 ], [ 9.019636617047873, 42.24518856010468 ], [ 9.019636561189305, 42.245008434482251 ], [ 9.019878987856599, 42.245008392722752 ], [ 9.019878931308934, 42.244828267094938 ], [ 9.019636505331247, 42.244828308854203 ], [ 9.019636449473698, 42.244648183220448 ], [ 9.019394024185104, 42.244648224467078 ], [ 9.019393969017663, 42.24446809882739 ], [ 9.019151544418154, 42.244468139561377 ], [ 9.019151489940802, 42.244288013915757 ], [ 9.019636337760137, 42.244287931935936 ], [ 9.019636226048622, 42.243927680628673 ], [ 9.019878648578379, 42.243927638870737 ], [ 9.01987859203382, 42.243747513208881 ], [ 9.02036343571263, 42.243747428156354 ], [ 9.020363609485305, 42.244287805123392 ], [ 9.020606033392642, 42.244287761827813 ], [ 9.020606209238865, 42.244828138742882 ], [ 9.020848635214442, 42.244828094934064 ], [ 9.0208485759089, 42.244647969301653 ], [ 9.021091001194334, 42.244647924980733 ], [ 9.021091061189477, 42.244828050612895 ], [ 9.021575913137895, 42.244827960433362 ], [ 9.0215759745128, 42.245008086059279 ], [ 9.021818401175775, 42.245008040200659 ], [ 9.021818463240852, 42.245188165820586 ], [ 9.021091181181408, 42.245188301860104 ], [ 9.021091301175536, 42.245548553084618 ], [ 9.020848872442039, 42.245548597406916 ], [ 9.020848813134331, 42.245368471797242 ], [ 9.020606385089913, 42.245368515606863 ], [ 9.020606443708004, 42.245548641216814 ], [ 9.020121586238327, 42.245548727299422 ] ] ] } },
{ "type": "Feature", "properties": { "surface_ha": 1.25 }, "geometry": { "type": "Polygon", "coordinates": [ [ [ 9.020603572052339, 42.236722479651732 ], [ 9.020603513460523, 42.23654235376361 ], [ 9.020361119199443, 42.236542397047465 ], [ 9.020360887594752, 42.235821893437013 ], [ 9.02011849609034, 42.235821936207614 ], [ 9.020118381669739, 42.235461684367763 ], [ 9.019875991543358, 42.23546172662563 ], [ 9.019875765465471, 42.23474122287675 ], [ 9.020118152834806, 42.234741180619963 ], [ 9.020118324460217, 42.235281558439318 ], [ 9.0203607138968, 42.235281515669563 ], [ 9.020360771795589, 42.235461641597695 ], [ 9.021087942169943, 42.235461510214215 ], [ 9.021088002137095, 42.235641636135853 ], [ 9.02133039295007, 42.235641591316636 ], [ 9.021330453607055, 42.235821717232369 ], [ 9.021572845108755, 42.235821671900645 ], [ 9.021572906455583, 42.23600179781036 ], [ 9.021815298646013, 42.236001751966157 ], [ 9.021815422719957, 42.236362003768036 ], [ 9.021573029150924, 42.236362049612879 ], [ 9.021572967802971, 42.236181923714454 ], [ 9.020845789160445, 42.236182058174641 ], [ 9.020845967002197, 42.236722435855299 ], [ 9.020603572052339, 42.236722479651732 ] ] ] } },
{ "type": "Feature", "properties": { "surface_ha": 1.12 }, "geometry": { "type": "Polygon", "coordinates": [ [ [ 9.022784802608721, 42.235821437558684 ], [ 9.022784737816037, 42.235641311644741 ], [ 9.022057565385635, 42.235641453785625 ], [ 9.022057439937692, 42.235281201938967 ], [ 9.021815050504944, 42.235281248294264 ], [ 9.021814926437822, 42.234920996424258 ], [ 9.022057314492043, 42.234920950069537 ], [ 9.022057377214576, 42.235101076007034 ], [ 9.022299765957483, 42.235101029139862 ], [ 9.022299702545684, 42.234920903202621 ], [ 9.022542090598744, 42.234920855823496 ], [ 9.022542026498277, 42.234740729880855 ], [ 9.022784413861508, 42.234740681989805 ], [ 9.02278434907238, 42.234560556041828 ], [ 9.023511509090735, 42.234560409296421 ], [ 9.023511642805076, 42.234920661184937 ], [ 9.023269254754394, 42.234920710612876 ], [ 9.023269453262703, 42.235461088403994 ], [ 9.023027063143624, 42.235461137320684 ], [ 9.023027194106962, 42.235821389153664 ], [ 9.022784802608721, 42.235821437558684 ] ] ] } },
{ "type": "Feature", "properties": { "surface_ha": 1.37 }, "geometry": { "type": "Polygon", "coordinates": [ [ [ 9.023754301048243, 42.235641114952422 ], [ 9.023754233499041, 42.235460989034017 ], [ 9.023511843381179, 42.23546103897511 ], [ 9.023511642805076, 42.234920661184937 ], [ 9.023754030855146, 42.234920611244775 ], [ 9.023753895762306, 42.234560359356912 ], [ 9.024481055773283, 42.23456020646509 ], [ 9.024480986160071, 42.234380080513603 ], [ 9.025450530075471, 42.234379869488393 ], [ 9.025450964306421, 42.235460625104267 ], [ 9.025208574193018, 42.235460678630901 ], [ 9.025208502508809, 42.235280552708815 ], [ 9.02472372365858, 42.235280658224696 ], [ 9.024723653353558, 42.235100532296237 ], [ 9.024966042089726, 42.235100479794731 ], [ 9.024965900103101, 42.234740227921392 ], [ 9.02448112538713, 42.234740332410908 ], [ 9.024481195001618, 42.234920458351056 ], [ 9.024238806953424, 42.234920509827845 ], [ 9.024238875879288, 42.235100635762635 ], [ 9.024481264616737, 42.235100584285526 ], [ 9.024481403848895, 42.235460836137428 ], [ 9.024239013732904, 42.235460887615169 ], [ 9.024239082660666, 42.235641013532941 ], [ 9.023754301048243, 42.235641114952422 ] ], [ [ 9.023754165950457, 42.235280863109949 ], [ 9.02399655537843, 42.235280812656967 ], [ 9.023996487141202, 42.235100686727506 ], [ 9.023754098402497, 42.23510073718019 ], [ 9.023754165950457, 42.235280863109949 ] ] ] } },
{ "type": "Feature", "properties": { "surface_ha": 2.05 }, "geometry": { "type": "Polygon", "coordinates": [ [ [ 9.016967116994978, 42.234741690006373 ], [ 9.016967068747753, 42.234561564052051 ], [ 9.016482295374688, 42.234561634735705 ], [ 9.016482248506383, 42.23438150877525 ], [ 9.017209406497599, 42.234381401982141 ], [ 9.017209357562027, 42.234201276016677 ], [ 9.017694128175478, 42.234201202260756 ], [ 9.017693977236112, 42.233660824331693 ], [ 9.017936360474483, 42.233660786686123 ], [ 9.017936309473079, 42.233480660698639 ], [ 9.017693926923908, 42.233480698343953 ], [ 9.017693876612165, 42.233300572350579 ], [ 9.018178640331634, 42.233300496548253 ], [ 9.018178588641959, 42.233120370549656 ], [ 9.018420969811793, 42.233120331880464 ], [ 9.018421074570009, 42.233480583871504 ], [ 9.018663457117759, 42.233480544689641 ], [ 9.01866340404921, 42.233300418697212 ], [ 9.01890578590727, 42.233300379003445 ], [ 9.01890583966502, 42.23348050499564 ], [ 9.019632987303838, 42.233480382840426 ], [ 9.019633154782969, 42.234020760780616 ], [ 9.019148385555637, 42.234020842731084 ], [ 9.019148440004583, 42.234200968700321 ], [ 9.01890605470094, 42.234201008907519 ], [ 9.018906108461152, 42.234381134871334 ], [ 9.018178950479596, 42.234381252420576 ], [ 9.018179002172582, 42.234561378379418 ], [ 9.018421388856153, 42.234561339708314 ], [ 9.018421441238852, 42.234741465661251 ], [ 9.017694279118988, 42.234741580138731 ], [ 9.017694228804025, 42.234561454185119 ], [ 9.017451842119049, 42.234561491319617 ], [ 9.017451891744768, 42.234741617273471 ], [ 9.016967116994978, 42.234741690006373 ] ], [ [ 9.017936564484792, 42.2343812905793 ], [ 9.018178950479596, 42.234381252420576 ], [ 9.01817889878709, 42.234201126456043 ], [ 9.017936513481519, 42.234201164614497 ], [ 9.017936564484792, 42.2343812905793 ] ], [ [ 9.018178847095056, 42.234021000485868 ], [ 9.018421231710919, 42.234020961815432 ], [ 9.018421179330138, 42.2338408358398 ], [ 9.01817879540349, 42.233840874509944 ], [ 9.018178847095056, 42.234021000485868 ] ] ] } },
{ "type": "Feature", "properties": { "surface_ha": 1.17 }, "geometry": { "type": "Polygon", "coordinates": [ [ [ 9.023025295373111, 42.230597735352916 ], [ 9.023025229908511, 42.230417609274639 ], [ 9.022782859086044, 42.230417657670579 ], [ 9.022782794311139, 42.230237531586319 ], [ 9.022540424177166, 42.230237579469822 ], [ 9.022540360091947, 42.230057453379615 ], [ 9.02278272953683, 42.230057405496375 ], [ 9.022782664763117, 42.229877279400796 ], [ 9.022540296007314, 42.229877327283724 ], [ 9.022540231923266, 42.22969720118212 ], [ 9.023509704186583, 42.229697006578938 ], [ 9.023509637346844, 42.229516880472872 ], [ 9.024236739470727, 42.229516729144258 ], [ 9.024236808377678, 42.229696855249387 ], [ 9.023994440314599, 42.229696906204701 ], [ 9.0239945085331, 42.229877032304437 ], [ 9.024236877285256, 42.229876981348816 ], [ 9.024237015102301, 42.230237233530644 ], [ 9.02399464497198, 42.23023728448689 ], [ 9.023994781413357, 42.23059753664667 ], [ 9.02375240990421, 42.230597587091374 ], [ 9.023752342372314, 42.230417461014042 ], [ 9.023267600730389, 42.23041756036659 ], [ 9.023267666884085, 42.230597686444561 ], [ 9.023025295373111, 42.230597735352916 ] ] ] } }
]
}
