{
"type": "FeatureCollection",
"name": "perimetre",
"crs": { "type": "name", "properties": { "name": "urn:ogc:def:crs:OGC:1.3:CRS84" } },
"features": [
{ "type": "Feature", "properties": { "surface_ha": 2.72 }, "geometry": { "type": "Polygon", "coordinates": [ [ [ 6.053652310113753, 43.562915686907807 ], [ 6.053643218592403, 43.562735859060219 ], [ 6.053395925243388, 43.562742469975696 ], [ 6.053386834539588, 43.562562642079634 ], [ 6.05289224905625, 43.562575862225742 ], [ 6.052883159903444, 43.562396034239953 ], [ 6.053130451953692, 43.562389424475207 ], [ 6.053112272433379, 43.562029768564557 ], [ 6.053359562932661, 43.562023158348275 ], [ 6.053350472565173, 43.561843330423393 ], [ 6.053597762246946, 43.561836719714314 ], [ 6.05360685334787, 43.562016547597885 ], [ 6.054101433926029, 43.562003324494867 ], [ 6.054092341358236, 43.561823496693854 ], [ 6.054586920133143, 43.561810271537077 ], [ 6.054577826182599, 43.56163044381141 ], [ 6.054330537570621, 43.561637056615552 ], [ 6.054321444437602, 43.561457228841427 ], [ 6.05456873231616, 43.561450616078545 ], [ 6.054559638533831, 43.561270788338497 ], [ 6.054806925594874, 43.561264175082847 ], [ 6.054797831163247, 43.561084347376891 ], [ 6.056034261539621, 43.561051273294169 ], [ 6.05607975287425, 43.561950410719646 ], [ 6.055832463300179, 43.561957026810823 ], [ 6.055841561086121, 43.562136854315611 ], [ 6.055099689658769, 43.562156699508563 ], [ 6.055108785328531, 43.56233652713005 ], [ 6.054861493951044, 43.562343141167496 ], [ 6.054870588971483, 43.562522968823068 ], [ 6.054623296776428, 43.562529582367745 ], [ 6.05463239114753, 43.562709410057394 ], [ 6.054385098134901, 43.562716023109253 ], [ 6.054394191856651, 43.562895850832987 ], [ 6.053652310113753, 43.562915686907807 ] ] ] } },
{ "type": "Feature", "properties": { "surface_ha": 1.08 }, "geometry": { "type": "Polygon", "coordinates": [ [ [ 5.973567791702253, 43.555844911184842 ], [ 5.973558940581642, 43.555665069856467 ], [ 5.972569809448678, 43.555690814097169 ], [ 5.972543265378899, 43.555151289587052 ], [ 5.973037826708637, 43.555138418775961 ], [ 5.973020128137729, 43.554778735894338 ], [ 5.972525569741552, 43.554791606544704 ], [ 5.972516722045627, 43.554611765012865 ], [ 5.973258557316987, 43.554592458356737 ], [ 5.973249707502772, 43.554412616938315 ], [ 5.973496985029493, 43.554406180358349 ], [ 5.973514686206522, 43.554765863107683 ], [ 5.973761965118132, 43.554759425913254 ], [ 5.97381507501427, 43.555838473749269 ], [ 5.973567791702253, 43.555844911184842 ] ] ] } },
{ "type": "Feature", "properties": { "surface_ha": 1.0 }, "geometry": { "type": "Polygon", "coordinates": [ [ [ 5.984199476021126, 43.550525648494947 ], [ 5.984190594931156, 43.550345808738527 ], [ 5.983943336410959, 43.550352267969728 ], [ 5.983925575943786, 43.54999258835484 ], [ 5.984172832997624, 43.549986129204278 ], [ 5.984163952154059, 43.549806289426463 ], [ 5.984658464548989, 43.549793369604096 ], [ 5.984649582321235, 43.549613529899808 ], [ 5.985391348098037, 43.549594146282637 ], [ 5.985400232525268, 43.54977398586589 ], [ 5.985647488353036, 43.5497675235519 ], [ 5.985656373595597, 43.549947363087675 ], [ 5.985409117034665, 43.549953825442017 ], [ 5.985426886299965, 43.550313504572856 ], [ 5.985179628190515, 43.550319966473936 ], [ 5.985188512213235, 43.55049980606902 ], [ 5.984199476021126, 43.550525648494947 ] ] ] } },
{ "type": "Feature", "properties": { "surface_ha": 1.6 }, "geometry": { "type": "Polygon", "coordinates": [ [ [ 6.062157351357187, 43.540179107729216 ], [ 6.062111804253007, 43.539279971976434 ], [ 6.062358999677212, 43.53927334503674 ], [ 6.062349889776518, 43.53909351790594 ], [ 6.061855500308986, 43.539106771168925 ], [ 6.061846391957625, 43.538926943948198 ], [ 6.061352003618297, 43.538940194993856 ], [ 6.061342896816241, 43.538760367683189 ], [ 6.06159009029547, 43.538753742468536 ], [ 6.061580982845088, 43.538573915192011 ], [ 6.061828175507565, 43.538567289485087 ], [ 6.061819067408866, 43.538387462242738 ], [ 6.062807834286404, 43.53836095424419 ], [ 6.062789612481533, 43.538001300068849 ], [ 6.06303680252529, 43.537994671817899 ], [ 6.063045914118113, 43.538174498867804 ], [ 6.063293104810128, 43.538167870041839 ], [ 6.063302217219721, 43.53834769704315 ], [ 6.06354940855999, 43.538341067642172 ], [ 6.063558521786366, 43.538520894594882 ], [ 6.063311329713573, 43.538527524037228 ], [ 6.063329554954056, 43.538887178003804 ], [ 6.062835167625559, 43.538900435453151 ], [ 6.062844278907107, 43.539080262508413 ], [ 6.063091473346029, 43.539073634009149 ], [ 6.063100585444379, 43.539253461015825 ], [ 6.062853390272905, 43.539260089556429 ], [ 6.062862501722956, 43.539439916597289 ], [ 6.062615305734671, 43.539446544645635 ], [ 6.062624416536408, 43.539626371720651 ], [ 6.062377219731315, 43.539632999276733 ], [ 6.062404550444263, 43.540172480582655 ], [ 6.062157351357187, 43.540179107729216 ] ] ] } },
{ "type": "Feature", "properties": { "surface_ha": 6.48 }, "geometry": { "type": "Polygon", "coordinates": [ [ [ 6.061012418553158, 43.542010508490506 ], [ 6.061003311784749, 43.541830681219587 ], [ 6.060756105598721, 43.541837305536355 ], [ 6.060746999647177, 43.541657478216848 ], [ 6.060252588487828, 43.541670725166604 ], [ 6.060225275534253, 43.541131242916784 ], [ 6.059978072026223, 43.541137865467093 ], [ 6.059968968609366, 43.54095803799472 ], [ 6.060216171384769, 43.540951415485779 ], [ 6.06020706731947, 43.540771588047562 ], [ 6.05995986527669, 43.540778210515171 ], [ 6.059950762028194, 43.540598383028403 ], [ 6.059703560633852, 43.540605004920998 ], [ 6.059721765749788, 43.540964659969994 ], [ 6.059474562806034, 43.540971281411572 ], [ 6.059465460938606, 43.54079145384933 ], [ 6.059218258643315, 43.540798074715916 ], [ 6.059209157592671, 43.54061824710513 ], [ 6.058714754214865, 43.540631487154563 ], [ 6.058705654713603, 43.540451659453922 ], [ 6.058211252464456, 43.540464897285993 ], [ 6.058165763546209, 43.539565758261546 ], [ 6.057918565958423, 43.539572376170504 ], [ 6.057900372445142, 43.53921272042767 ], [ 6.058147568567782, 43.539206102601383 ], [ 6.058120276731052, 43.538666619057103 ], [ 6.058367470571905, 43.53866000082111 ], [ 6.058358372728693, 43.53848017299994 ], [ 6.057863986427953, 43.538493408855651 ], [ 6.057854890133937, 43.538313580944646 ], [ 6.057607697589932, 43.538320198030739 ], [ 6.057598602112558, 43.538140370071204 ], [ 6.057845793924029, 43.538133753026436 ], [ 6.05780031413612, 43.53723461332735 ], [ 6.058047502200942, 43.537227995955547 ], [ 6.058056598722803, 43.537407823868435 ], [ 6.05855097606509, 43.537394587441277 ], [ 6.058541878078239, 43.537214759611018 ], [ 6.058789065890702, 43.537208140638342 ], [ 6.058779967255491, 43.537028312842217 ], [ 6.058532780175512, 43.537034931773569 ], [ 6.058523682356909, 43.536855103928922 ], [ 6.058770868704409, 43.536848485038867 ], [ 6.058761770237456, 43.536668657228333 ], [ 6.059256141215118, 43.536655417930106 ], [ 6.059265241147011, 43.536835245657997 ], [ 6.0595124272421, 43.536828625167125 ], [ 6.059521527990613, 43.537008452846493 ], [ 6.059274341163048, 43.537015073378655 ], [ 6.059292541447555, 43.537374728798426 ], [ 6.059045353070871, 43.537381348879677 ], [ 6.059090851592162, 43.538280487509681 ], [ 6.059338043631401, 43.53827386722179 ], [ 6.059401750223151, 43.53953266071202 ], [ 6.059648947306091, 43.539526039601142 ], [ 6.059676253591221, 43.540065522293482 ], [ 6.05992345278775, 43.540058900524926 ], [ 6.059932555783722, 43.540238728033302 ], [ 6.060674155066025, 43.540218859401605 ], [ 6.060710576683012, 43.540938168866852 ], [ 6.060957779205838, 43.540931544756866 ], [ 6.060930460668962, 43.540392062792776 ], [ 6.061177660909747, 43.540385438273191 ], [ 6.061186767737109, 43.54056526556041 ], [ 6.061433968626288, 43.540558640465775 ], [ 6.061461291811489, 43.541098122160086 ], [ 6.061708494814305, 43.541091496407688 ], [ 6.061699386269062, 43.540911669224826 ], [ 6.062193790556758, 43.540898416201742 ], [ 6.06218468063051, 43.540718589094425 ], [ 6.062431881915389, 43.540711961823746 ], [ 6.062450103317364, 43.541071615948432 ], [ 6.062202900567248, 43.541078243301861 ], [ 6.062212010661976, 43.54125807039479 ], [ 6.06245921414472, 43.541251442999972 ], [ 6.062468325056325, 43.541431270044306 ], [ 6.061726712157472, 43.541451150751797 ], [ 6.061735820955397, 43.541630977913051 ], [ 6.061241410469717, 43.541644229132352 ], [ 6.061259625387638, 43.542003883598689 ], [ 6.061012418553158, 43.542010508490506 ] ], [ [ 6.059447257456241, 43.54043179870326 ], [ 6.059694458202141, 43.540425177385686 ], [ 6.059685355854596, 43.54024534984319 ], [ 6.059438155841304, 43.540251971119403 ], [ 6.059447257456241, 43.54043179870326 ] ], [ [ 6.059190955743849, 43.540258591861971 ], [ 6.059438155841304, 43.540251971119403 ], [ 6.059429054310526, 43.540072143528363 ], [ 6.059181854945668, 43.540078764229605 ], [ 6.059190955743849, 43.540258591861971 ] ], [ [ 6.058678356714665, 43.539912176308803 ], [ 6.059172754231643, 43.539898936590006 ], [ 6.059163653601771, 43.539719108943224 ], [ 6.058669257549965, 43.539732348579371 ], [ 6.058678356714665, 43.539912176308803 ] ], [ [ 6.058083888793074, 43.537947307563918 ], [ 6.058331079703801, 43.537940689493212 ], [ 6.058321982197082, 43.537760861643235 ], [ 6.058074792018871, 43.537767479672631 ], [ 6.058083888793074, 43.537947307563918 ] ] ] } },
{ "type": "Feature", "properties": { "surface_ha": 1.24 }, "geometry": { "type": "Polygon", "coordinates": [ [ [ 6.022465001510541, 43.533493181114267 ], [ 6.022456011989519, 43.533313347133728 ], [ 6.02220883174461, 43.533319887090954 ], [ 6.022199843039148, 43.533140053062382 ], [ 6.021952663443564, 43.533146592445199 ], [ 6.02194367555365, 43.532966758368623 ], [ 6.021696496607389, 43.532973297177051 ], [ 6.021678522541725, 43.532613628920771 ], [ 6.021431344977215, 43.53262016711394 ], [ 6.021404386699168, 43.532080664553334 ], [ 6.021898737350653, 43.532067587878394 ], [ 6.021907724825045, 43.532247421990775 ], [ 6.021660548808449, 43.532253960635863 ], [ 6.021669535633539, 43.532433794781923 ], [ 6.022411065631221, 43.532414177123414 ], [ 6.022393087669727, 43.532054509069141 ], [ 6.022887437656343, 43.532041428125595 ], [ 6.022914409117676, 43.532580929951237 ], [ 6.023161586183497, 43.532574388556583 ], [ 6.023170577569284, 43.532754222443309 ], [ 6.022923399771049, 43.532760763878812 ], [ 6.022941381327191, 43.533120431712383 ], [ 6.022694201980968, 43.533126972695989 ], [ 6.022712182404772, 43.533486640582609 ], [ 6.022465001510541, 43.533493181114267 ] ] ] } },
{ "type": "Feature", "properties": { "surface_ha": 169.14 }, "geometry": { "type": "Polygon", "coordinates": [ [ [ 5.97497179360468, 43.554187708519024 ], [ 5.974962938820684, 43.554007867367737 ], [ 5.974468387601267, 43.554020746241527 ], [ 5.974459534365856, 43.553840905002723 ], [ 5.973964984285606, 43.55385378165991 ], [ 5.97395613259876, 43.553673940333603 ], [ 5.974203406946479, 43.553667502312209 ], [ 5.974194554608167, 43.553487661018956 ], [ 5.97444182814068, 43.55348122250372 ], [ 5.974432975150912, 43.553301381243564 ], [ 5.974185702351726, 43.553307819718569 ], [ 5.974176850177157, 43.553127978411091 ], [ 5.973929578029423, 43.553134416311877 ], [ 5.97394728099378, 43.553494099000154 ], [ 5.973700007297527, 43.553500536447295 ], [ 5.973682305799822, 43.553140853678649 ], [ 5.973435033488363, 43.553147290511362 ], [ 5.973426183595612, 43.552967449076149 ], [ 5.972931640193781, 43.552980321059117 ], [ 5.972940488619898, 43.553160162574677 ], [ 5.972445943424081, 43.553173032501867 ], [ 5.972437096464605, 43.552993190905937 ], [ 5.971942552408134, 43.553006058616617 ], [ 5.971933706997114, 43.552826216933248 ], [ 5.972428249586953, 43.552813349302923 ], [ 5.972419402791122, 43.552633507692761 ], [ 5.973161213862282, 43.552614202362541 ], [ 5.97317006285803, 43.552794043852174 ], [ 5.973911875392523, 43.552774733595143 ], [ 5.973894173083074, 43.552415050849909 ], [ 5.973646903786693, 43.552421488055913 ], [ 5.973638053488049, 43.552241646632432 ], [ 5.973885322051141, 43.552235209466652 ], [ 5.973876471101068, 43.552055368076239 ], [ 5.97412373884902, 43.552048930416596 ], [ 5.974106035727909, 43.55168924769481 ], [ 5.974353301927455, 43.551682809581571 ], [ 5.974344449756437, 43.55150296825019 ], [ 5.974591715140853, 43.551496529643131 ], [ 5.974582862318453, 43.551316688344855 ], [ 5.974335597667289, 43.551323126911704 ], [ 5.974326745660012, 43.551143285566077 ], [ 5.974079481660226, 43.55114972355873 ], [ 5.974044077382702, 43.550430357944286 ], [ 5.973549555003396, 43.550443232006067 ], [ 5.973558404483548, 43.550623073500759 ], [ 5.973063880310419, 43.550635945506954 ], [ 5.973072728405955, 43.55081578707486 ], [ 5.972825465463413, 43.55082222231718 ], [ 5.972852008041295, 43.551361747098774 ], [ 5.97260474281719, 43.551368181927586 ], [ 5.972640131133561, 43.552087548364113 ], [ 5.972392862894559, 43.552093982819599 ], [ 5.972401709444927, 43.552273824451106 ], [ 5.971659902037164, 43.552293124734071 ], [ 5.97167759098357, 43.552652808216713 ], [ 5.971430320217443, 43.552659240656659 ], [ 5.971439164080038, 43.552839082427461 ], [ 5.970202805356051, 43.552871236817381 ], [ 5.97018512504575, 43.552511552867109 ], [ 5.969937854522267, 43.552517982062703 ], [ 5.9699201760056, 43.552158298003697 ], [ 5.970414714037616, 43.552145439239048 ], [ 5.970405873435335, 43.551965597279157 ], [ 5.970653141595413, 43.551959167135941 ], [ 5.970635459169587, 43.551599483275119 ], [ 5.971129992311324, 43.551586621547244 ], [ 5.971121149754535, 43.551406779686452 ], [ 5.971862946653969, 43.55138748321005 ], [ 5.971845257386216, 43.551027799708081 ], [ 5.972092521389266, 43.551021366561599 ], [ 5.972083676144849, 43.550841524840102 ], [ 5.972330939332852, 43.550835091199772 ], [ 5.972313247622973, 43.550475407815775 ], [ 5.972560509262707, 43.550468973721799 ], [ 5.972551662797264, 43.550289132059284 ], [ 5.973046184364839, 43.550276262349733 ], [ 5.973037336514793, 43.550096420760475 ], [ 5.973284596442628, 43.550089985144893 ], [ 5.973266899521623, 43.549730302025367 ], [ 5.973514157901228, 43.549723865956167 ], [ 5.973496459841192, 43.549364182888525 ], [ 5.974485486675671, 43.549338433593618 ], [ 5.974476634835721, 43.549158592209878 ], [ 5.975218401902506, 43.549139274752704 ], [ 5.975227255941962, 43.549319116015837 ], [ 5.975474512200295, 43.54931267575531 ], [ 5.97548336705481, 43.549492516971107 ], [ 5.975730623964424, 43.549486076136397 ], [ 5.975739479634014, 43.54966591730485 ], [ 5.975986737194905, 43.549659475895965 ], [ 5.975969024471276, 43.549299793632343 ], [ 5.975721768376734, 43.549306234960838 ], [ 5.975704057447055, 43.548946552588284 ], [ 5.975951312075272, 43.548940111340272 ], [ 5.975924744095551, 43.548400587848704 ], [ 5.974935733889082, 43.548426349154511 ], [ 5.97491802817715, 43.548066666469488 ], [ 5.975165279385332, 43.548060227024401 ], [ 5.975156425919057, 43.547880385711387 ], [ 5.974909175443996, 43.547886825116336 ], [ 5.974873765330083, 43.547167459632405 ], [ 5.975121012872733, 43.547161020388302 ], [ 5.975129866011497, 43.547340861729758 ], [ 5.975624362317343, 43.547327981559384 ], [ 5.975633217004184, 43.547507822813287 ], [ 5.975880465767376, 43.547501381887002 ], [ 5.975871610347437, 43.547321540673309 ], [ 5.976613353946304, 43.547302214811531 ], [ 5.976604496408996, 43.547122373711353 ], [ 5.976851743378374, 43.547115930729824 ], [ 5.97686060164877, 43.547295771789734 ], [ 5.977107849269313, 43.547289328234037 ], [ 5.977081272504646, 43.54674980515356 ], [ 5.97732851784402, 43.546743361184653 ], [ 5.977319658353258, 43.54656352018381 ], [ 5.977566902877632, 43.546557075721211 ], [ 5.977549182675794, 43.546197393778648 ], [ 5.977796425652121, 43.546190948862623 ], [ 5.977787564941067, 43.54601110792089 ], [ 5.978034807102406, 43.546004662511208 ], [ 5.978061391680554, 43.5465441851943 ], [ 5.978308635959089, 43.546537739129981 ], [ 5.978317498382105, 43.546717579969851 ], [ 5.978564743311741, 43.546711133331392 ], [ 5.978555880155661, 43.546531292531753 ], [ 5.979297612253553, 43.546511949533652 ], [ 5.979262151652396, 43.545792586746991 ], [ 5.979756633443412, 43.545779689067508 ], [ 5.979765499936782, 43.545959529694329 ], [ 5.980012741442321, 43.545953080013483 ], [ 5.979995007071531, 43.545593398833269 ], [ 5.980242247029021, 43.545586948699047 ], [ 5.980224511520218, 43.545227267570858 ], [ 5.980471749929677, 43.545220816983331 ], [ 5.980462881565289, 43.545040976448831 ], [ 5.980710119159735, 43.545034525367718 ], [ 5.980727857436529, 43.545394206349066 ], [ 5.98048061837608, 43.545400657510733 ], [ 5.980498355514933, 43.545760338544106 ], [ 5.980992836485871, 43.545747435525726 ], [ 5.9809839664094, 43.545567595093161 ], [ 5.981478445586179, 43.545554690019806 ], [ 5.981469574125715, 43.545374849660675 ], [ 5.981716812858033, 43.54536839636345 ], [ 5.981725685051506, 43.545548236682286 ], [ 5.981972924434782, 43.545541782810879 ], [ 5.981964051508303, 43.545361942532345 ], [ 5.982211290076516, 43.545355488167374 ], [ 5.982202416499094, 43.545175647922022 ], [ 5.982696891923324, 43.545162737671049 ], [ 5.982688016961982, 43.544982897499168 ], [ 5.98244078002389, 43.544989352851282 ], [ 5.982431905877607, 43.544809512632 ], [ 5.982679142082712, 43.544803057320159 ], [ 5.982670267285518, 43.544623217134003 ], [ 5.983411973209431, 43.544603848116282 ], [ 5.983403096295399, 43.544424008043933 ], [ 5.983650330706225, 43.544417550677281 ], [ 5.983641453141326, 43.544237710638143 ], [ 5.984383153682308, 43.544218335455994 ], [ 5.984374274000649, 43.544038495530685 ], [ 5.985115971603712, 43.544019115664852 ], [ 5.985124853484217, 43.544198955469156 ], [ 5.985372086587253, 43.544192494405841 ], [ 5.985380969282853, 43.544372334162659 ], [ 5.985628203036696, 43.544365872525134 ], [ 5.985637086547403, 43.544545712234509 ], [ 5.986131555274542, 43.544532787277184 ], [ 5.986122670297917, 43.544352947648527 ], [ 5.985875436708386, 43.544359410353771 ], [ 5.985857668467532, 43.543999730994365 ], [ 5.985610436261741, 43.544006193085025 ], [ 5.985592669815392, 43.543646513616409 ], [ 5.985839900555312, 43.543640051606431 ], [ 5.985831016722437, 43.543460211901753 ], [ 5.986078246647275, 43.543453749398289 ], [ 5.986069362163637, 43.543273909726821 ], [ 5.986563820300988, 43.543260983199069 ], [ 5.986554934433691, 43.543081143601192 ], [ 5.987296618824664, 43.54306174992692 ], [ 5.987314395038899, 43.543421428873309 ], [ 5.987561624470662, 43.543414963166796 ], [ 5.98752606943936, 43.542695605406898 ], [ 5.987278842939205, 43.542702070951911 ], [ 5.98728773084084, 43.542881910442965 ], [ 5.987040503525599, 43.542888375494549 ], [ 5.987022729270308, 43.542528696424597 ], [ 5.986775503338662, 43.542535160861618 ], [ 5.986766617067175, 43.542355321275572 ], [ 5.987261067382519, 43.542342391948452 ], [ 5.987269955119768, 43.542522231453752 ], [ 5.987517180887035, 43.542515765949091 ], [ 5.987499404028977, 43.54215608701206 ], [ 5.987252179727459, 43.542162552435975 ], [ 5.987243292154594, 43.541982712916415 ], [ 5.986996068503752, 43.541989177766162 ], [ 5.986987181745933, 43.541809338199101 ], [ 5.98673995874577, 43.541815802474687 ], [ 5.986695529853571, 43.540916604330555 ], [ 5.988178844636555, 43.540877811881082 ], [ 5.988187734647597, 43.541057651281939 ], [ 5.988682173716622, 43.541044716114378 ], [ 5.988691065275532, 43.541224555427355 ], [ 5.990421604556449, 43.541179265243755 ], [ 5.990430501327396, 43.54135910426681 ], [ 5.991172161983736, 43.541339686060041 ], [ 5.991181061035455, 43.541519524954765 ], [ 5.991922723149636, 43.541500101822585 ], [ 5.99191382189943, 43.541320263049144 ], [ 5.992161041706709, 43.541313787644604 ], [ 5.992152139805993, 43.541133948904466 ], [ 5.991904920731537, 43.54114042426859 ], [ 5.991896019645958, 43.540960585480875 ], [ 5.991648801222006, 43.540967060270788 ], [ 5.991639900951546, 43.540787221435515 ], [ 5.991392683178093, 43.540793695651217 ], [ 5.991401582715743, 43.540973534526898 ], [ 5.991154364127183, 43.540980008249228 ], [ 5.991145465322344, 43.540800169333139 ], [ 5.990898247384303, 43.540806642481272 ], [ 5.990889349394561, 43.540626803517625 ], [ 5.990642132107042, 43.540633276091562 ], [ 5.990651029363977, 43.540813115095638 ], [ 5.988426063479354, 43.540871344604554 ], [ 5.988408282238273, 43.540511665862148 ], [ 5.988655499533238, 43.540505198132614 ], [ 5.988646608303223, 43.540325358791115 ], [ 5.988399391741058, 43.540331826480248 ], [ 5.988390501326059, 43.540151987091214 ], [ 5.988143285414475, 43.540158454206214 ], [ 5.988134395814476, 43.53997861476968 ], [ 5.987887180553474, 43.539985081310512 ], [ 5.987878291768459, 43.539805241826457 ], [ 5.987631077158041, 43.539811707793163 ], [ 5.987622189188001, 43.539631868261615 ], [ 5.98737497522817, 43.539638333654182 ], [ 5.987366088073093, 43.539458494075113 ], [ 5.987613301300154, 43.539452028722934 ], [ 5.987604413494494, 43.539272189177098 ], [ 5.989829322243891, 43.539213977351565 ], [ 5.989820427925654, 43.539034138162066 ], [ 5.990314849722123, 43.539021196410324 ], [ 5.99032374550585, 43.539201035519021 ], [ 5.991065379781804, 43.53918161876706 ], [ 5.991074277846054, 43.53936145774739 ], [ 5.991321489839563, 43.539354984388829 ], [ 5.991312591042565, 43.539175145448915 ], [ 5.991559802221036, 43.53916867159699 ], [ 5.991550902773586, 43.538988832690372 ], [ 5.992539743733473, 43.538962932106969 ], [ 5.992530841437389, 43.538783093354908 ], [ 5.99327246909475, 43.538763662434349 ], [ 5.993263564682817, 43.538583823796479 ], [ 5.99301635627875, 43.538590301263277 ], [ 5.993007452681874, 43.538410462577865 ], [ 5.992760244928191, 43.53841693947048 ], [ 5.99274243944685, 43.538057261997302 ], [ 5.993484058064663, 43.538037829960821 ], [ 5.993475153249396, 43.53785799133486 ], [ 5.993722358557958, 43.537851512962362 ], [ 5.993686737189617, 43.537132158548857 ], [ 5.99343953481176, 43.537138636759565 ], [ 5.993448439297656, 43.537318475414111 ], [ 5.993201236104793, 43.537324953131574 ], [ 5.993183428680667, 43.536965275734481 ], [ 5.992936226870797, 43.536971752837317 ], [ 5.992945129809031, 43.537151591579878 ], [ 5.992203521687502, 43.53717101980746 ], [ 5.992194620947255, 43.536991180943616 ], [ 5.991947418808122, 43.536997655911613 ], [ 5.991938518882843, 43.536817817000198 ], [ 5.992185720289318, 43.536811342072603 ], [ 5.992176819713688, 43.536631503194506 ], [ 5.991929619039861, 43.536637978081664 ], [ 5.991920719279179, 43.536458139155968 ], [ 5.992662318855803, 43.536438713014689 ], [ 5.992671220814418, 43.536618551819068 ], [ 5.992424020305208, 43.536625027773617 ], [ 5.992441823004086, 43.536984705441895 ], [ 5.992689024978602, 43.536978229406465 ], [ 5.992680122855351, 43.536798390616333 ], [ 5.994163328577581, 43.536759523438583 ], [ 5.994145515786317, 43.536399846322276 ], [ 5.994392714986525, 43.536393366672279 ], [ 5.994401622073613, 43.536573205193527 ], [ 5.994648821924092, 43.536566724969369 ], [ 5.994666637810658, 43.536926401909582 ], [ 5.995655442249937, 43.536900475352212 ], [ 5.995637620502224, 43.536540798735757 ], [ 5.996132019296923, 43.536527832416787 ], [ 5.996149843975203, 43.536887508871324 ], [ 5.996397044714213, 43.536881024830308 ], [ 5.996388131601225, 43.536701186647079 ], [ 5.996635331525176, 43.536694702112889 ], [ 5.996644245370807, 43.536874540255631 ], [ 5.9971386464367, 43.536861569505113 ], [ 5.997156477305848, 43.537221245607149 ], [ 5.997403679180436, 43.537214759350377 ], [ 5.997376930802444, 43.536675245308054 ], [ 5.997129731125791, 43.536681731443338 ], [ 5.99712081589732, 43.536501893374499 ], [ 5.996873616870864, 43.536508378935594 ], [ 5.99686470245746, 43.536328540819085 ], [ 5.996617504081196, 43.536335025806018 ], [ 5.996608590482843, 43.53615518764186 ], [ 5.996361392756778, 43.536161672054611 ], [ 5.996352479973466, 43.535981833842847 ], [ 5.996846873877944, 43.535968864564637 ], [ 5.996837959711831, 43.535789026426677 ], [ 5.997085155807824, 43.535782541027537 ], [ 5.997111900751288, 43.536322055298463 ], [ 5.997359098962682, 43.536315569244145 ], [ 5.99736801484134, 43.536495407279666 ], [ 5.997615213702911, 43.53648892065118 ], [ 5.997633047172831, 43.536848596619791 ], [ 5.997880247417219, 43.536842109376607 ], [ 5.997889165008505, 43.537021947309682 ], [ 5.998136365903075, 43.537015459492288 ], [ 5.998154202798342, 43.537375135256056 ], [ 5.998648607270675, 43.537362157858091 ], [ 5.9986307674448, 43.537002482256369 ], [ 5.998383566715174, 43.537008971141184 ], [ 5.998374647658603, 43.536829133289089 ], [ 5.998621847655587, 43.536822644444811 ], [ 5.99858616932354, 43.536103293127113 ], [ 5.998338972257056, 43.536109781809358 ], [ 5.998312216571844, 43.535570268124552 ], [ 5.998065021620693, 43.535576756151571 ], [ 5.998038268875444, 43.535037242280978 ], [ 5.99779107603958, 43.535043729652827 ], [ 5.997773242753507, 43.534684053622364 ], [ 5.998020434124242, 43.534677566331546 ], [ 5.998011516872326, 43.534497728346111 ], [ 5.998258707428049, 43.534491240562112 ], [ 5.998240871706498, 43.534131564650842 ], [ 5.998735249640377, 43.534118587643952 ], [ 5.998726330438227, 43.53393874975864 ], [ 5.998479142245054, 43.533945238488393 ], [ 5.998461305553224, 43.533585562615272 ], [ 5.998955678927004, 43.533572584784189 ], [ 5.998946759239764, 43.53339274691794 ], [ 5.999441130818613, 43.533379767033388 ], [ 5.999432209748844, 43.53319992924105 ], [ 5.999679394682032, 43.53319343853881 ], [ 5.999688316484304, 43.533373276290618 ], [ 6.000182687568183, 43.533360293204289 ], [ 6.000173764300911, 43.533180455533525 ], [ 6.000420948986591, 43.533173963230432 ], [ 6.000367406720793, 43.532094937299092 ], [ 6.000614586929105, 43.532088444705593 ], [ 6.000605662774486, 43.531908607065894 ], [ 6.000852842167829, 43.531902113979342 ], [ 6.000843917363284, 43.53172227637306 ], [ 6.00109109594166, 43.531715782793448 ], [ 6.001108947098167, 43.532075457917813 ], [ 6.001356127058902, 43.532068963723496 ], [ 6.001373980010455, 43.532428638738196 ], [ 6.001621161353565, 43.532422143929182 ], [ 6.001612234104059, 43.53224230646596 ], [ 6.002106595077715, 43.532229315328216 ], [ 6.002133381468676, 43.532768827453111 ], [ 6.001886198825726, 43.532775323410448 ], [ 6.001895127055359, 43.532955160811667 ], [ 6.001400760056841, 43.532968151206639 ], [ 6.001418613833812, 43.533327826149872 ], [ 6.001665798839329, 43.533321331138076 ], [ 6.001656871177077, 43.533141493710609 ], [ 6.002645607443588, 43.533115508489487 ], [ 6.002654538035809, 43.533295345754738 ], [ 6.003148907138601, 43.533282349861324 ], [ 6.003166771500783, 43.533642024208085 ], [ 6.003908328930494, 43.533622526122301 ], [ 6.003926198018117, 43.533982200197016 ], [ 6.004173385127817, 43.533975699686643 ], [ 6.004182320528074, 43.534155536672692 ], [ 6.004429508287673, 43.534149035588108 ], [ 6.004456317181782, 43.534688546381616 ], [ 6.00470350705634, 43.534682044641578 ], [ 6.004712444252188, 43.534861881517848 ], [ 6.004959634776646, 43.534855379203584 ], [ 6.004968572787686, 43.535035216032107 ], [ 6.005215763962049, 43.535028713143582 ], [ 6.005180009483623, 43.534309365949028 ], [ 6.005427197645177, 43.534302862689287 ], [ 6.005418258499679, 43.534123025913367 ], [ 6.005665445846056, 43.534116522160595 ], [ 6.00567438572407, 43.534296358895901 ], [ 6.006415949464736, 43.534276844313943 ], [ 6.006407007389165, 43.534097007700481 ], [ 6.00665419440484, 43.534090501813147 ], [ 6.006663137212928, 43.534270338385966 ], [ 6.007404699961324, 43.534250817400348 ], [ 6.007395754955687, 43.534070980949394 ], [ 6.006901381337823, 43.534083995392194 ], [ 6.006892437879916, 43.533904158852813 ], [ 6.006645251679442, 43.533910665233137 ], [ 6.006636309036735, 43.533730828646007 ], [ 6.006141937852728, 43.533743839724522 ], [ 6.006132996757707, 43.533564003048994 ], [ 6.005144256327628, 43.533590018640069 ], [ 6.005135318245253, 43.533410181794956 ], [ 6.004888133663592, 43.533416684318063 ], [ 6.004870259211752, 43.533057010525191 ], [ 6.004623076012423, 43.533063512433479 ], [ 6.004614139642937, 43.532883675485735 ], [ 6.004366957093451, 43.532890176819812 ], [ 6.00434908606731, 43.532530502821693 ], [ 6.004843448153784, 43.532517499782273 ], [ 6.004834511299734, 43.532337662853671 ], [ 6.005081691486568, 43.532331160574195 ], [ 6.005072753982706, 43.532151323679003 ], [ 6.005319933354449, 43.532144820906503 ], [ 6.005302057129772, 43.53178514717596 ], [ 6.005549234953994, 43.531778643951036 ], [ 6.005567112643543, 43.532138317600378 ], [ 6.007544543980169, 43.532086271941942 ], [ 6.007553488808461, 43.532266108430946 ], [ 6.007800668085861, 43.532259600281812 ], [ 6.00779172252513, 43.532079763833458 ], [ 6.008038900987374, 43.532073255191342 ], [ 6.00802995477693, 43.531893418776505 ], [ 6.007782777047114, 43.531899927377943 ], [ 6.007755941109353, 43.531360417968514 ], [ 6.008003116641917, 43.531353909488978 ], [ 6.007994170762351, 43.531174073045499 ], [ 6.008241345479795, 43.531167564073016 ], [ 6.008232398950551, 43.530987727663039 ], [ 6.008479572852876, 43.53098121819761 ], [ 6.008452731564334, 43.530441709046656 ], [ 6.008699903186788, 43.530435199169624 ], [ 6.008690955523698, 43.530255362812312 ], [ 6.009432467697528, 43.530235830101745 ], [ 6.009450367500655, 43.530595502565298 ], [ 6.009203195394054, 43.530602014083691 ], [ 6.009221094063439, 43.53096168659993 ], [ 6.008973920409327, 43.53096819766607 ], [ 6.009000766836838, 43.531507706508776 ], [ 6.00875359090278, 43.531514217163263 ], [ 6.008771487470019, 43.531873889770601 ], [ 6.008524309988389, 43.531880399972827 ], [ 6.008533257663693, 43.532060236306407 ], [ 6.008286079366899, 43.532066746015701 ], [ 6.008330815322223, 43.532965927779564 ], [ 6.008083633280452, 43.532972437158428 ], [ 6.008092579987243, 43.533152273530412 ], [ 6.008339762761485, 43.533145764110884 ], [ 6.008357657888212, 43.533505436752073 ], [ 6.00786328932708, 43.533518455220104 ], [ 6.007881181854772, 43.533878127995223 ], [ 6.008622738967333, 43.533858599248902 ], [ 6.008631687552777, 43.53403843550381 ], [ 6.007890128242708, 43.53405796437206 ], [ 6.007899074713367, 43.534237800741757 ], [ 6.008146261965302, 43.534231291612009 ], [ 6.008155209251208, 43.534411127933915 ], [ 6.008402397152925, 43.534404618229878 ], [ 6.008411345254088, 43.534584454503985 ], [ 6.008658533805591, 43.534577944225674 ], [ 6.008649584971907, 43.534398107992182 ], [ 6.008896772708136, 43.534391597220896 ], [ 6.008887823224685, 43.534211761020948 ], [ 6.009876570411951, 43.534185712762003 ], [ 6.00989447532174, 43.534545384829514 ], [ 6.010141663376651, 43.534538871349355 ], [ 6.010150616688243, 43.534718707331699 ], [ 6.010644994014739, 43.534705678689164 ], [ 6.010662903816426, 43.535065350469687 ], [ 6.01041571372951, 43.53507186513913 ], [ 6.01042466802202, 43.535251701059359 ], [ 6.010177477119765, 43.535258215235814 ], [ 6.010195384488071, 43.535617887136141 ], [ 6.008465035598663, 43.535663471998404 ], [ 6.008473984279034, 43.535843308222439 ], [ 6.008226790516935, 43.535849818251641 ], [ 6.008271531497074, 43.53674899946779 ], [ 6.007777136398728, 43.536762018331608 ], [ 6.007768189502425, 43.536582182021405 ], [ 6.007520992561758, 43.536588690612135 ], [ 6.007556777712897, 43.537308035972615 ], [ 6.007803977584035, 43.537301527219334 ], [ 6.007812924811274, 43.537481363500916 ], [ 6.008060125332312, 43.537474854173318 ], [ 6.008104866372829, 43.538374035270856 ], [ 6.008352070474389, 43.538367525206311 ], [ 6.008361019663404, 43.538547361363705 ], [ 6.007866609912189, 43.538560381040384 ], [ 6.007875557718599, 43.538740217271915 ], [ 6.007628351986193, 43.538746726350332 ], [ 6.007637299142654, 43.538926562615345 ], [ 6.007390092594826, 43.538933071200688 ], [ 6.007407985690561, 43.53929274379059 ], [ 6.0071607775946, 43.53929925192341 ], [ 6.007169723533853, 43.539479088248278 ], [ 6.006922514622457, 43.539485595888024 ], [ 6.0069404052837, 43.539845268597531 ], [ 6.006693194824137, 43.539851775784832 ], [ 6.006702139546108, 43.540031612169493 ], [ 6.006454928271098, 43.540038118863635 ], [ 6.006445984281862, 43.539858282438374 ], [ 6.005951562949194, 43.539871294144227 ], [ 6.005969448079423, 43.540230967150137 ], [ 6.006216660252583, 43.540224461482822 ], [ 6.006225603674487, 43.540404297934415 ], [ 6.006472816497693, 43.540397791692747 ], [ 6.006481760735058, 43.540577628096592 ], [ 6.006234547179092, 43.540584134378861 ], [ 6.006243490766405, 43.540763970816158 ], [ 6.00574906194085, 43.540776981860716 ], [ 6.005740119819064, 43.540597145342197 ], [ 6.00549290601501, 43.540603650023208 ], [ 6.005501847404032, 43.540783486582356 ], [ 6.004760203297494, 43.540802997544695 ], [ 6.004742324998713, 43.540443324175634 ], [ 6.005236751554693, 43.540430317563583 ], [ 6.005227811063789, 43.540250480949524 ], [ 6.005475023485018, 43.540243976883488 ], [ 6.005466082344046, 43.540064140302867 ], [ 6.004477235094094, 43.540090153202158 ], [ 6.004468296966762, 43.539910316451987 ], [ 6.004221085680364, 43.539916818301833 ], [ 6.004238960552191, 43.540276491876213 ], [ 6.003497321800664, 43.540295994466824 ], [ 6.003506257162277, 43.54047583136505 ], [ 6.003011829449256, 43.540488830504515 ], [ 6.003020763427965, 43.540668667476773 ], [ 6.002773548714759, 43.540675166286427 ], [ 6.00280034894825, 43.541214677281964 ], [ 6.002305914877321, 43.541227673543467 ], [ 6.002314846988117, 43.541407510608821 ], [ 6.001820411121194, 43.541420504816344 ], [ 6.001811480475996, 43.541240667669868 ], [ 6.001069828254635, 43.541260154856161 ], [ 6.001078756701435, 43.541439992124303 ], [ 5.999842664350601, 43.541472460295331 ], [ 5.999824814867572, 43.541112785346435 ], [ 5.999577597615388, 43.541119277298236 ], [ 5.99955974992806, 43.540759602239667 ], [ 5.999312534058933, 43.540766093576636 ], [ 5.999321457128547, 43.540945931149999 ], [ 5.998827023677181, 43.540958912303672 ], [ 5.998844867132768, 43.5413185875911 ], [ 5.999339303515328, 43.54130560627533 ], [ 5.999348226832497, 43.54148544382727 ], [ 5.999101007949661, 43.541491934792568 ], [ 5.999109930616531, 43.541671772377896 ], [ 5.998862710918369, 43.541678262849949 ], [ 5.99887163293493, 43.541858100468659 ], [ 5.998624412421437, 43.541864590447439 ], [ 5.998606569936462, 43.541504915121827 ], [ 5.998359350806112, 43.541511404485767 ], [ 5.998350430420186, 43.541331566771753 ], [ 5.998103211940156, 43.541338055561411 ], [ 5.998085372881373, 43.540978380030872 ], [ 5.997838155784467, 43.54098486820574 ], [ 5.99785599337764, 43.541344543817289 ], [ 5.997608774732649, 43.541351031539357 ], [ 5.997617692920138, 43.54153086937491 ], [ 5.997864912297945, 43.541524381612319 ], [ 5.997873831300724, 43.541704219400238 ], [ 5.99812105132887, 43.541697731063344 ], [ 5.998129971146959, 43.541877568803606 ], [ 5.997882750385985, 43.541884057181008 ], [ 5.997900588803947, 43.542243732721118 ], [ 5.9954283620021, 43.542308587946366 ], [ 5.995419450080327, 43.542128749774953 ], [ 5.995172227679602, 43.542135232321094 ], [ 5.99513658374797, 43.541415879402166 ], [ 5.995383803217362, 43.541409397017944 ], [ 5.995365980280341, 43.541049720596554 ], [ 5.994871544190403, 43.541062684669406 ], [ 5.994880454152089, 43.541242522964566 ], [ 5.994633235250714, 43.541249004240761 ], [ 5.994615416875355, 43.540889327562311 ], [ 5.994368199357206, 43.540895808223809 ], [ 5.994359291025906, 43.540715969833407 ], [ 5.994112074158179, 43.540722449920686 ], [ 5.994120981756682, 43.540902288351539 ], [ 5.99337932846089, 43.540921725532009 ], [ 5.993388233943342, 43.541101564077074 ], [ 5.993141015280554, 43.541108042110132 ], [ 5.993149920112542, 43.541287880688508 ], [ 5.992902700634589, 43.541294358228207 ], [ 5.992929413426155, 43.541833874041892 ], [ 5.992682191667364, 43.541840351169128 ], [ 5.992699999141097, 43.542200028423423 ], [ 5.993688891544947, 43.542174116388125 ], [ 5.993671078208434, 43.541814439457383 ], [ 5.994412742249435, 43.541795000068724 ], [ 5.994466196438813, 43.542874030047059 ], [ 5.994713422018189, 43.54286754894045 ], [ 5.994722332070989, 43.543047387204709 ], [ 5.994969558300847, 43.543040905523824 ], [ 5.994987380119422, 43.54340058195001 ], [ 5.994740152423787, 43.543407063711825 ], [ 5.994749062723784, 43.543586901954669 ], [ 5.994501834212851, 43.543593383223126 ], [ 5.99451965359423, 43.543953059768363 ], [ 5.994766883570985, 43.543946578418961 ], [ 5.994757973106185, 43.543766740190385 ], [ 5.995005202267623, 43.543760258347611 ], [ 5.995014113465336, 43.543940096535714 ], [ 5.995261343277281, 43.543933614118664 ], [ 5.995270255290321, 43.544113452259133 ], [ 5.995517485752766, 43.544106969267766 ], [ 5.995526398581147, 43.544286807360649 ], [ 5.99577362969409, 43.544280323794936 ], [ 5.995782543337825, 43.544460161840213 ], [ 5.996277006782273, 43.544447193026336 ], [ 5.99628592197431, 43.54462703098347 ], [ 5.99603868956037, 43.544633515697818 ], [ 5.996047604101912, 43.544813353688312 ], [ 5.99580037087259, 43.544819837909294 ], [ 5.99579145706399, 43.544639999878356 ], [ 5.995049759080286, 43.544659449216738 ], [ 5.99504084755293, 43.544479611057184 ], [ 5.994793615459801, 43.544486093061842 ], [ 5.994784704747792, 43.544306254854696 ], [ 5.994290241780191, 43.544319217181489 ], [ 5.994299151026333, 43.544499055469565 ], [ 5.994051918686006, 43.544505535872688 ], [ 5.994060827281598, 43.54468537419411 ], [ 5.993813594125945, 43.54469185410381 ], [ 5.993822502070971, 43.544871692458521 ], [ 5.993575268099988, 43.544878171874871 ], [ 5.993584175394435, 43.545058010262878 ], [ 5.993336940608121, 43.545064489185798 ], [ 5.993301314856358, 43.544345135429005 ], [ 5.993054082919473, 43.544351613656289 ], [ 5.993045177420376, 43.544171775158823 ], [ 5.993292408624328, 43.544165296971961 ], [ 5.993283502474658, 43.543985458507791 ], [ 5.992789041450251, 43.54399841426671 ], [ 5.992780136848784, 43.543818575714496 ], [ 5.990802295321155, 43.543870377073162 ], [ 5.990811194059234, 43.544050215948786 ], [ 5.990563962764961, 43.544056688756768 ], [ 5.990572860852396, 43.544236527665674 ], [ 5.990078396551125, 43.544249471760914 ], [ 5.990087293254966, 43.544429310743524 ], [ 5.989345593987177, 43.544448723003725 ], [ 5.989354488574438, 43.544628562100392 ], [ 5.988860020518716, 43.544641501018731 ], [ 5.98886891372231, 43.544821340189038 ], [ 5.988374443871693, 43.544834277052715 ], [ 5.988383335691593, 43.54501411629667 ], [ 5.988136099909965, 43.54502058396811 ], [ 5.988144991079118, 43.545200423245298 ], [ 5.987403281041976, 43.545219823177511 ], [ 5.987394392071759, 43.545039983779198 ], [ 5.987147155961274, 43.54504644931518 ], [ 5.987129379733397, 43.544686770416391 ], [ 5.986387675306619, 43.54470616357893 ], [ 5.986396561180552, 43.544886003152975 ], [ 5.986643796804632, 43.544879539258943 ], [ 5.986670457118443, 43.545419057817234 ], [ 5.98716493251794, 43.545406128185419 ], [ 5.987173820919572, 43.545585967609867 ], [ 5.986432105498054, 43.545605361377831 ], [ 5.986440991782874, 43.545785200916228 ], [ 5.985946512958272, 43.545798127506181 ], [ 5.985955397859251, 43.545977967118134 ], [ 5.985708157590683, 43.545984429652648 ], [ 5.985725926173099, 43.546344108935877 ], [ 5.985478684356319, 43.546350571017179 ], [ 5.985469800757056, 43.546170731338783 ], [ 5.985222559591151, 43.546177192845875 ], [ 5.985240325405766, 43.546536872276221 ], [ 5.984993082691643, 43.546543333330092 ], [ 5.985010847368765, 43.546903012812614 ], [ 5.985505335647043, 43.546890090009605 ], [ 5.985531987677201, 43.547429608937833 ], [ 5.98528474137995, 43.547436070727301 ], [ 5.985302508344705, 43.547795750057844 ], [ 5.98480801257142, 43.547808672196453 ], [ 5.984816894710851, 43.547988511931656 ], [ 5.98506414337166, 43.547982051089001 ], [ 5.985073026326332, 43.548161890776768 ], [ 5.984331277898183, 43.548181271824042 ], [ 5.984322397142809, 43.548001432015269 ], [ 5.983827899246241, 43.548014349963132 ], [ 5.983836778535413, 43.548194189852566 ], [ 5.983589528730847, 43.548200648065915 ], [ 5.983580650174779, 43.548020808136165 ], [ 5.983333401021206, 43.548027265775296 ], [ 5.983315645621583, 43.547667585813755 ], [ 5.983068397852096, 43.547674042838295 ], [ 5.983077274777763, 43.547853882862981 ], [ 5.982830026193089, 43.547860339393914 ], [ 5.982838902467754, 43.548040179451732 ], [ 5.982591653067892, 43.548046635489079 ], [ 5.982582777526323, 43.547866795390931 ], [ 5.981841031033561, 43.547886160178479 ], [ 5.981849904375822, 43.54806600039754 ], [ 5.981602654647665, 43.548072454299152 ], [ 5.981629272967482, 43.548611975034426 ], [ 5.981382020957914, 43.548618428523007 ], [ 5.981390893162174, 43.548798268794137 ], [ 5.980896387430624, 43.548811174250012 ], [ 5.980967356288081, 43.550249896807095 ], [ 5.980720097433929, 43.550256349056397 ], [ 5.980728968177119, 43.55043618938425 ], [ 5.980976227764465, 43.550429737094682 ], [ 5.9809850993229, 43.550609577375113 ], [ 5.980737839002352, 43.550616029705004 ], [ 5.980746709909622, 43.550795870018554 ], [ 5.980499448773823, 43.550802321854761 ], [ 5.980508319029926, 43.550982162201514 ], [ 5.97976653293068, 43.55100151462694 ], [ 5.979757664874233, 43.550821674159359 ], [ 5.979510403410328, 43.550828123859624 ], [ 5.97950153616911, 43.550648283344628 ], [ 5.979254275356409, 43.550654732470598 ], [ 5.979280875126434, 43.551194254114975 ], [ 5.979033612032067, 43.551200702827749 ], [ 5.979051344155627, 43.551560383968898 ], [ 5.978804079512785, 43.551566832228232 ], [ 5.978830676113353, 43.552106354007286 ], [ 5.978336142182154, 43.55211924916545 ], [ 5.978318413966159, 43.551759567825513 ], [ 5.978071148344108, 43.551766014523096 ], [ 5.978062285092332, 43.551586173802193 ], [ 5.977567755068824, 43.5515990655148 ], [ 5.977576616854093, 43.551778906316208 ], [ 5.977329350986144, 43.551785351411766 ], [ 5.977338212120112, 43.551965192246271 ], [ 5.977585478721323, 43.551958747110483 ], [ 5.977603202701662, 43.552318428677644 ], [ 5.97735593463391, 43.552324873893916 ], [ 5.977391380644979, 43.553044237103748 ], [ 5.977144109562097, 43.553050681946957 ], [ 5.977152970536451, 43.553230522771884 ], [ 5.976658426658216, 43.553243410936666 ], [ 5.976649567150484, 43.553063570031313 ], [ 5.975660481344044, 43.553089339791605 ], [ 5.975669337918522, 43.553269180857868 ], [ 5.975422065528798, 43.553275622003092 ], [ 5.975430921451866, 43.553455463102416 ], [ 5.975678194574909, 43.55344902191699 ], [ 5.975687051313216, 43.553628862968985 ], [ 5.975934325087674, 43.553622421209319 ], [ 5.975943182641229, 43.553802262213985 ], [ 5.975448633543722, 43.553815145279749 ], [ 5.975466345963214, 43.554174827428604 ], [ 5.97497179360468, 43.554187708519024 ] ], [ [ 5.974397564010623, 43.552582016131637 ], [ 5.97563391211208, 43.552549816550133 ], [ 5.975625055865244, 43.552369975455385 ], [ 5.974388711430243, 43.552402174835869 ], [ 5.974397564010623, 43.552582016131637 ] ], [ [ 5.977664369846662, 43.548535325896069 ], [ 5.977911622353168, 43.5485288804569 ], [ 5.977902760576756, 43.548349039607771 ], [ 5.97765550880338, 43.548355485006688 ], [ 5.977664369846662, 43.548535325896069 ] ], [ [ 5.977893898882299, 43.548169198751509 ], [ 5.978141149840597, 43.548162752858893 ], [ 5.97812342523132, 43.547803071205522 ], [ 5.977876175739254, 43.54780951701764 ], [ 5.977893898882299, 43.548169198751509 ] ], [ [ 5.976648784914723, 43.548021579140965 ], [ 5.976896035549606, 43.548015135958259 ], [ 5.97688717695151, 43.54783529492682 ], [ 5.976639927049741, 43.54784173806928 ], [ 5.976648784914723, 43.548021579140965 ] ], [ [ 5.982070532042031, 43.547520025404367 ], [ 5.982565026689438, 43.547507115173268 ], [ 5.982556151394118, 43.547327275053753 ], [ 5.982803397861626, 43.547320819177656 ], [ 5.98279452191531, 43.547140979091303 ], [ 5.982300030364365, 43.547153890228962 ], [ 5.982308904844532, 43.547333730395941 ], [ 5.982061658212872, 43.547340185204227 ], [ 5.982070532042031, 43.547520025404367 ] ], [ [ 5.983306768044926, 43.547487745822302 ], [ 5.983801261871424, 43.547474830252035 ], [ 5.983792382910716, 43.547294990334088 ], [ 5.984286874942606, 43.547282072708782 ], [ 5.984277994597877, 43.547102232864383 ], [ 5.983289013137915, 43.547128065817965 ], [ 5.983306768044926, 43.547487745822302 ] ], [ [ 5.982264533264408, 43.546434529489872 ], [ 5.982511776148695, 43.546428074349222 ], [ 5.982502901345839, 43.546248234186898 ], [ 5.982750143415013, 43.546241778552648 ], [ 5.982732392589467, 43.545882098287279 ], [ 5.982979633110502, 43.545875642199775 ], [ 5.982970757087833, 43.545695802096702 ], [ 5.98222903747755, 43.545715168636718 ], [ 5.982220163736002, 43.545535328405613 ], [ 5.981972924434782, 43.545541782810879 ], [ 5.981990670533913, 43.545901463346567 ], [ 5.982237911301166, 43.545895008860697 ], [ 5.982264533264408, 43.546434529489872 ] ], [ [ 5.983447481686495, 43.545323208334317 ], [ 5.983694719762227, 43.545316750766062 ], [ 5.983668086082321, 43.544777230734198 ], [ 5.983420850205555, 43.544783688181475 ], [ 5.983447481686495, 43.545323208334317 ] ], [ [ 5.992223357316744, 43.54257265862573 ], [ 5.992470582171633, 43.542566182404364 ], [ 5.99245277583427, 43.542206505097752 ], [ 5.992205552445109, 43.542212981238258 ], [ 5.992223357316744, 43.54257265862573 ] ], [ [ 5.996408338859025, 43.542102814252388 ], [ 5.996655560847616, 43.542096329037264 ], [ 5.99663772992294, 43.541736653077848 ], [ 5.996884950363413, 43.541730167409902 ], [ 5.996876034291922, 43.541550329459987 ], [ 5.996381594794174, 43.54156330018111 ], [ 5.99637268027077, 43.541383462143067 ], [ 5.996125461131054, 43.541389946662434 ], [ 5.996107633797167, 43.541030270483972 ], [ 5.995613198201698, 43.541043237759489 ], [ 5.995639934929291, 43.54158275225938 ], [ 5.995392714809488, 43.541589235217891 ], [ 5.995401626484021, 43.541769073410713 ], [ 5.995648847336656, 43.541762590411757 ], [ 5.995657759826438, 43.541942428556943 ], [ 5.995904981329486, 43.541935944983692 ], [ 5.99589606810687, 43.54175610687895 ], [ 5.996143288794662, 43.541749622812375 ], [ 5.996152202750111, 43.541929460876631 ], [ 5.996399424088303, 43.541922976235782 ], [ 5.996408338859025, 43.542102814252388 ] ], [ [ 5.997087587524423, 43.540824491589667 ], [ 5.998076453475708, 43.540798542254926 ], [ 5.998049695753593, 43.540259028884151 ], [ 5.997802481587814, 43.540265516896966 ], [ 5.997820318521192, 43.540625192565621 ], [ 5.997573102807388, 43.540631680125699 ], [ 5.997555267339565, 43.540272004376028 ], [ 5.996813624100048, 43.540291463610608 ], [ 5.996822539594402, 43.540471301610516 ], [ 5.997069754822804, 43.540464815692268 ], [ 5.997087587524423, 43.540824491589667 ] ], [ [ 5.998791337756031, 43.540239561643133 ], [ 5.999285765345172, 43.540226580813659 ], [ 5.999267919948562, 43.539866905602615 ], [ 5.99976234427663, 43.539853922800212 ], [ 5.999744496279091, 43.539494247722743 ], [ 5.99999170685386, 43.539487755601975 ], [ 5.999973857720954, 43.539128080576965 ], [ 5.999726648611642, 43.539134572616661 ], [ 5.999735572404106, 43.539314410173247 ], [ 5.999488362479546, 43.539320901719741 ], [ 5.999497285621801, 43.539500739309744 ], [ 5.999002864059681, 43.539513720882496 ], [ 5.999011785818969, 43.539693558546425 ], [ 5.99876457418141, 43.539700048572719 ], [ 5.998773495290453, 43.53987988627 ], [ 5.999020707660758, 43.539873396203184 ], [ 5.999029629585055, 43.540053233852809 ], [ 5.998782416481994, 43.540059723960148 ], [ 5.998791337756031, 43.540239561643133 ] ], [ [ 6.005457141285754, 43.53988430371512 ], [ 6.005951562949194, 43.539871294144227 ], [ 6.005942620508125, 43.539691457630568 ], [ 6.005695410450477, 43.539697962642279 ], [ 6.005686468824821, 43.539518126080822 ], [ 6.005439259417211, 43.539524630518194 ], [ 6.005430318606959, 43.539344793909017 ], [ 6.005183109849387, 43.539351297772008 ], [ 6.005174169854523, 43.539171461115068 ], [ 6.004926961746994, 43.539177964403727 ], [ 6.004944840353965, 43.53953763779171 ], [ 6.005192049926923, 43.539531134421814 ], [ 6.00520099008713, 43.539710971064466 ], [ 6.005448200310144, 43.539704467120238 ], [ 6.005457141285754, 43.53988430371512 ] ], [ [ 5.988390501326059, 43.540151987091214 ], [ 5.988637717155427, 43.540145519442447 ], [ 5.988628826089852, 43.539965680086667 ], [ 5.988381610993271, 43.539972147695053 ], [ 5.988390501326059, 43.540151987091214 ] ], [ [ 5.991330388718852, 43.539534823321588 ], [ 5.991577601362826, 43.539528349388846 ], [ 5.991568701750782, 43.539348510496509 ], [ 5.991321489839563, 43.539354984388829 ], [ 5.991330388718852, 43.539534823321588 ] ], [ [ 6.004679753556803, 43.53918446715867 ], [ 6.004926961746994, 43.539177964403727 ], [ 6.004918022567506, 43.538998127699017 ], [ 6.004670815110019, 43.539004630413373 ], [ 6.004679753556803, 43.53918446715867 ] ], [ [ 6.004918022567506, 43.538998127699017 ], [ 6.005412437234483, 43.538985120669153 ], [ 6.005385615795835, 43.538445610755808 ], [ 6.005632820807246, 43.538439106562087 ], [ 6.005623879760368, 43.538259269950622 ], [ 6.00587108395642, 43.538252765263799 ], [ 6.005862142259553, 43.538072928685814 ], [ 6.005367735250107, 43.53808593744445 ], [ 6.005358795101246, 43.537906100778066 ], [ 6.005111592205178, 43.537912604316247 ], [ 6.005102652871647, 43.537732767602101 ], [ 6.004608248296845, 43.537745772996104 ], [ 6.004644000265602, 43.538465120134575 ], [ 6.004891205525007, 43.53845861754202 ], [ 6.004918022567506, 43.538998127699017 ] ], [ [ 5.99871996987362, 43.538800859979162 ], [ 5.999214385738956, 43.538787879798051 ], [ 5.999205463659462, 43.538608042138954 ], [ 5.999699877729368, 43.538595059903962 ], [ 5.999708801274273, 43.538774897482014 ], [ 6.000450423958338, 43.538755420004975 ], [ 6.000432572554844, 43.538395745084941 ], [ 6.000679778485735, 43.538389251606219 ], [ 6.000635147758011, 43.537490064383888 ], [ 6.000387945490493, 43.5374965576599 ], [ 6.000379020325224, 43.53731672015347 ], [ 5.999884617007909, 43.537329705023311 ], [ 5.999893540707868, 43.537509542610806 ], [ 5.999151932915053, 43.537529016034384 ], [ 5.999143011413067, 43.537349178325272 ], [ 5.998895809383116, 43.537355668358529 ], [ 5.99890473015244, 43.537535506108163 ], [ 5.998657527307339, 43.537541995648212 ], [ 5.998666447426487, 43.537721833431206 ], [ 5.99841924376623, 43.53772832247806 ], [ 5.998410324379749, 43.537548484654543 ], [ 5.998163121369682, 43.537554973127207 ], [ 5.998172040023493, 43.537734810991218 ], [ 5.997924836198285, 43.537741298970666 ], [ 5.997933754201891, 43.537921136868043 ], [ 5.997686549561538, 43.537927624354268 ], [ 5.997695466914928, 43.538107462285026 ], [ 5.998189877578534, 43.538094486697844 ], [ 5.998198796479765, 43.538274324540446 ], [ 5.997951590456508, 43.538280812641396 ], [ 5.997960508707516, 43.538460650517351 ], [ 5.998702128727952, 43.538441184491766 ], [ 5.99871996987362, 43.538800859979162 ] ], [ [ 5.99351077300454, 43.538577345795915 ], [ 5.994005189400937, 43.538564388193606 ], [ 5.993996282873205, 43.538384549669928 ], [ 5.993501867942234, 43.538397507191355 ], [ 5.99351077300454, 43.538577345795915 ] ], [ [ 5.995443882817295, 43.537626311101228 ], [ 5.995691086734178, 43.53761982849943 ], [ 5.995682175489512, 43.537439990223334 ], [ 5.995434972305302, 43.537446472784652 ], [ 5.995443882817295, 43.537626311101228 ] ], [ [ 6.004837573671793, 43.537379597035006 ], [ 6.005331975150692, 43.537366590736021 ], [ 6.005314095596992, 43.537006917338907 ], [ 6.005066896364142, 43.537013420674043 ], [ 6.005057957443913, 43.536833583924135 ], [ 6.004563560195493, 43.536846588912155 ], [ 6.004581435188092, 43.537206262567182 ], [ 6.004828635318888, 43.537199760258822 ], [ 6.004837573671793, 43.537379597035006 ] ], [ [ 5.995673264327253, 43.537260151940096 ], [ 5.996167668983132, 43.537247185297275 ], [ 5.996149843975203, 43.536887508871324 ], [ 5.995902643153772, 43.536893992378602 ], [ 5.995911554883882, 43.537073830635634 ], [ 5.995664353247395, 43.537080313649717 ], [ 5.995673264327253, 43.537260151940096 ] ], [ [ 6.000617296044701, 43.537130389444947 ], [ 6.000864496764382, 43.53712389571632 ], [ 6.000855570298893, 43.536944058276674 ], [ 6.001102770203386, 43.536937564054895 ], [ 6.001093843087811, 43.536757726648645 ], [ 6.000599444661543, 43.536770714477434 ], [ 6.000617296044701, 43.537130389444947 ] ], [ [ 5.993933939485125, 43.537125679804461 ], [ 5.994428343829076, 43.537112720714489 ], [ 5.994410529243066, 43.536753043707648 ], [ 5.994163328577581, 43.536759523438583 ], [ 5.994172235096751, 43.536939361986029 ], [ 5.993925033616254, 43.536945841223726 ], [ 5.993933939485125, 43.537125679804461 ] ], [ [ 6.004792882733778, 43.536480413082572 ], [ 6.005781670708436, 43.536454399161919 ], [ 6.005772729838374, 43.536274562512389 ], [ 6.006019925892765, 43.53626805773866 ], [ 6.006010984372783, 43.536088221122604 ], [ 6.005763789050987, 43.536094725855754 ], [ 6.005754848346275, 43.535914889191936 ], [ 6.006002042935483, 43.5359083844994 ], [ 6.005993101580864, 43.535728547869063 ], [ 6.005251519762967, 43.535748060223817 ], [ 6.005260458919842, 43.535927896975984 ], [ 6.00501326408263, 43.535934400067468 ], [ 6.005022202589577, 43.536114236853123 ], [ 6.004775006937123, 43.53612073945159 ], [ 6.004792882733778, 43.536480413082572 ] ], [ [ 6.002797438742742, 43.536172741026817 ], [ 6.003291831287034, 43.536159743835071 ], [ 6.003256098267498, 43.535440395513149 ], [ 6.004244870643389, 43.535414395374865 ], [ 6.004235934664748, 43.535234558438873 ], [ 6.004483126819594, 43.535228057110722 ], [ 6.004465253645085, 43.534868383298452 ], [ 6.004218062955347, 43.534874884545403 ], [ 6.004226998768733, 43.535054721495705 ], [ 6.003732615676275, 43.535067722469819 ], [ 6.003741550107168, 43.535247559494152 ], [ 6.0029999726512, 43.535267057074648 ], [ 6.003017837365402, 43.535626731345353 ], [ 6.00277064324973, 43.535633229552687 ], [ 6.002797438742742, 43.536172741026817 ] ], [ [ 6.001781865961195, 43.535659217045264 ], [ 6.002029060407191, 43.535652720972593 ], [ 6.002020130939108, 43.535472883678572 ], [ 6.001772937225693, 43.535479379710644 ], [ 6.001781865961195, 43.535659217045264 ] ], [ [ 6.001278549551182, 43.535492370173806 ], [ 6.001772937225693, 43.535479379710644 ], [ 6.001764008572755, 43.535299542368897 ], [ 6.001269622363396, 43.535312532750957 ], [ 6.001278549551182, 43.535492370173806 ] ], [ [ 6.001674726584136, 43.533501168558438 ], [ 6.002169097812505, 43.533488176852899 ], [ 6.002160168602701, 43.533308339513667 ], [ 6.001665798839329, 43.533321331138076 ], [ 6.001674726584136, 43.533501168558438 ] ] ] } },
{ "type": "Feature", "properties": { "surface_ha": 1.96 }, "geometry": { "type": "Polygon", "coordinates": [ [ [ 6.052658816068323, 43.528548625001413 ], [ 6.052622505875573, 43.527829308564975 ], [ 6.052869656723699, 43.527822703517913 ], [ 6.052851500666603, 43.52746304533899 ], [ 6.053098649966506, 43.527456439840918 ], [ 6.053080492780877, 43.527096781715741 ], [ 6.053327640532579, 43.527090175766709 ], [ 6.053309482218468, 43.526730517695199 ], [ 6.053556628421995, 43.526723911295264 ], [ 6.053547548658748, 43.526544082289966 ], [ 6.053794694046221, 43.526537475397838 ], [ 6.053812855120882, 43.526897133318712 ], [ 6.053565708269192, 43.526903740293363 ], [ 6.053574788200336, 43.527083569284272 ], [ 6.053821935784145, 43.527076962268374 ], [ 6.053840097362548, 43.527436620146091 ], [ 6.054334395206791, 43.527423404348987 ], [ 6.054343477586203, 43.527603233194554 ], [ 6.054590627114504, 43.527596624454588 ], [ 6.054581544002956, 43.527416795650289 ], [ 6.054828692715144, 43.527410186418145 ], [ 6.054846860486496, 43.527769843937008 ], [ 6.054352560049592, 43.527783062032896 ], [ 6.054370725228292, 43.52814271968802 ], [ 6.054123573419568, 43.528149328018344 ], [ 6.054132655402721, 43.528329156876346 ], [ 6.053638350069039, 43.528342372019068 ], [ 6.053647430671818, 43.528522200952416 ], [ 6.052658816068323, 43.528548625001413 ] ] ] } },
{ "type": "Feature", "properties": { "surface_ha": 1.68 }, "geometry": { "type": "Polygon", "coordinates": [ [ [ 6.045689418415026, 43.517930350383864 ], [ 6.045680364801505, 43.51775051978322 ], [ 6.044939030384419, 43.517770283079649 ], [ 6.044929979049967, 43.517590452348422 ], [ 6.044188646075145, 43.517610210722005 ], [ 6.044197695214217, 43.517790041576589 ], [ 6.043950583323491, 43.51779662667569 ], [ 6.043941534916212, 43.517616795780008 ], [ 6.043694423673625, 43.517623380304691 ], [ 6.043685376081789, 43.517443549360735 ], [ 6.044426707363217, 43.517423794310119 ], [ 6.044417657659678, 43.517243963482287 ], [ 6.044911876632095, 43.517230790864467 ], [ 6.044902825548677, 43.517050960111696 ], [ 6.044655716836075, 43.517057546646129 ], [ 6.044646666568096, 43.516877715845034 ], [ 6.044893774548933, 43.516871129351728 ], [ 6.04487567280047, 43.516511467810282 ], [ 6.044628566283141, 43.516518054221329 ], [ 6.044619516266164, 43.516338223398705 ], [ 6.045360833371889, 43.516318462689171 ], [ 6.045369885584098, 43.516498293388409 ], [ 6.045616991850387, 43.516491705377597 ], [ 6.04565320446313, 43.51721102793821 ], [ 6.046394531540892, 43.517191260212634 ], [ 6.046412642740108, 43.517550921202989 ], [ 6.046165532334343, 43.517557511060396 ], [ 6.046174587327741, 43.517737341585921 ], [ 6.045927476106474, 43.517743930951205 ], [ 6.045936530451795, 43.517923761510716 ], [ 6.045689418415026, 43.517930350383864 ] ] ] } },
{ "type": "Feature", "properties": { "surface_ha": 1.4 }, "geometry": { "type": "Polygon", "coordinates": [ [ [ 6.080476446869831, 43.515917107357367 ], [ 6.080467290590219, 43.515737282546645 ], [ 6.080220195459581, 43.515743945782269 ], [ 6.080211039996231, 43.51556412092274 ], [ 6.079963945512573, 43.515570783583584 ], [ 6.079954790865473, 43.515390958675233 ], [ 6.080201884617518, 43.51538429605597 ], [ 6.080183574114, 43.515024646300795 ], [ 6.079689389451691, 43.515037970839742 ], [ 6.079671082213064, 43.514678320889288 ], [ 6.079918173123353, 43.514671658969576 ], [ 6.079909018899389, 43.514491834025101 ], [ 6.079661928720677, 43.514498495903219 ], [ 6.079634468751228, 43.513959020901716 ], [ 6.08037573244939, 43.513939034042266 ], [ 6.080384887882597, 43.514118858925215 ], [ 6.080631976344282, 43.514112195530814 ], [ 6.080650288927743, 43.514471845191814 ], [ 6.080403199002927, 43.514478508669391 ], [ 6.080412354690048, 43.514658333530676 ], [ 6.080906535918189, 43.514645005959153 ], [ 6.080924850472693, 43.515004655493577 ], [ 6.081171942422958, 43.514997990824831 ], [ 6.081181100558785, 43.515177815539651 ], [ 6.08068691511041, 43.515191144427135 ], [ 6.08072354264745, 43.51591044354695 ], [ 6.080476446869831, 43.515917107357367 ] ] ] } },
{ "type": "Feature", "properties": { "surface_ha": 1.24 }, "geometry": { "type": "Polygon", "coordinates": [ [ [ 6.072715970869903, 43.514145333534053 ], [ 6.072688573112975, 43.513605854977918 ], [ 6.072935661268941, 43.513599208277476 ], [ 6.072899129182102, 43.512879903600933 ], [ 6.073640384364828, 43.512859960798785 ], [ 6.073649519454506, 43.513039786854215 ], [ 6.073896605078065, 43.513033138145715 ], [ 6.073905740983731, 43.51321296415243 ], [ 6.074152827254377, 43.513206314869258 ], [ 6.074161963976045, 43.513386140827251 ], [ 6.074409050893775, 43.513379490969442 ], [ 6.074427326053615, 43.513739142780715 ], [ 6.074180237672771, 43.513745792721579 ], [ 6.074189374647831, 43.513925618657922 ], [ 6.07344810680384, 43.513945565406125 ], [ 6.073438972023484, 43.513765739345239 ], [ 6.073191883304823, 43.513772387153494 ], [ 6.073201017353608, 43.513952213255884 ], [ 6.072953927818941, 43.513958860572451 ], [ 6.072963061220585, 43.514138686709131 ], [ 6.072715970869903, 43.514145333534053 ] ] ] } },
{ "type": "Feature", "properties": { "surface_ha": 214.42 }, "geometry": { "type": "Polygon", "coordinates": [ [ [ 6.01266730443485, 43.535552720543528 ], [ 6.01263146072769, 43.534833378341723 ], [ 6.012878649336585, 43.534826858910186 ], [ 6.012860726515123, 43.534467187847767 ], [ 6.013602287449506, 43.534447626595586 ], [ 6.01358436056448, 43.534087955748817 ], [ 6.012842804025111, 43.534107516756741 ], [ 6.012833842904399, 43.533927681200481 ], [ 6.012586657958039, 43.533934200428469 ], [ 6.012577697652674, 43.533754364824397 ], [ 6.012330513355947, 43.533760883478074 ], [ 6.012321553865917, 43.53358104782609 ], [ 6.01158000267614, 43.533600600463387 ], [ 6.011588959968724, 43.533780436237443 ], [ 6.011094590629766, 43.533793468742246 ], [ 6.011076679057357, 43.533433797024259 ], [ 6.01132386230328, 43.533427281120026 ], [ 6.011314905908819, 43.533247445290975 ], [ 6.011067723395368, 43.533253961154522 ], [ 6.011058767816189, 43.533074125277643 ], [ 6.010317221976414, 43.533093669544598 ], [ 6.010299315461224, 43.532733997525312 ], [ 6.010052134813964, 43.532740511132388 ], [ 6.010034230094814, 43.532380839003167 ], [ 6.01028140927718, 43.532374325477392 ], [ 6.010263503424276, 43.532014653400907 ], [ 6.010510681058996, 43.532008139422878 ], [ 6.010501727524297, 43.531828303414578 ], [ 6.010996081080523, 43.531815273939152 ], [ 6.011005036080062, 43.531995109866102 ], [ 6.011252213466394, 43.531988594287341 ], [ 6.011243257734437, 43.531808758401034 ], [ 6.011737610793829, 43.53179572572413 ], [ 6.011746567990619, 43.531975561529023 ], [ 6.012735276045139, 43.531949489609353 ], [ 6.01272631591869, 43.531769653967203 ], [ 6.012973491992797, 43.531763134694032 ], [ 6.012964531216793, 43.531583299085447 ], [ 6.013458881651629, 43.531570259019766 ], [ 6.013485768622679, 43.532109765579818 ], [ 6.014721654245556, 43.532077155467221 ], [ 6.014730620397083, 43.532256990769277 ], [ 6.015224975530783, 43.532243942907684 ], [ 6.015198072930438, 43.531704437224327 ], [ 6.014950897602278, 43.53171096129973 ], [ 6.014915031558871, 43.530991620125448 ], [ 6.014173513865623, 43.531011188661424 ], [ 6.014182478054977, 43.531191024087931 ], [ 6.013935304592398, 43.531197545906849 ], [ 6.013926341135424, 43.531017710439635 ], [ 6.013431995426398, 43.531030752395338 ], [ 6.013414071690576, 43.530671081276601 ], [ 6.013166900176505, 43.530677601372687 ], [ 6.013157939165255, 43.530497765761865 ], [ 6.012910768300691, 43.530504285283676 ], [ 6.012883887961125, 43.529964778286185 ], [ 6.013625393715091, 43.529945218486439 ], [ 6.013634355942462, 43.53012505403732 ], [ 6.013881525093732, 43.530118532996255 ], [ 6.013872562134021, 43.529938697486109 ], [ 6.014366898723252, 43.529925653884789 ], [ 6.014357934381751, 43.529745818448916 ], [ 6.014605101819707, 43.529739295888639 ], [ 6.014596136828767, 43.529559460486368 ], [ 6.014843303451506, 43.529552937433294 ], [ 6.014816406779105, 43.52901343130565 ], [ 6.015557899559125, 43.528993859311811 ], [ 6.015548931970567, 43.528814024043825 ], [ 6.015796095332456, 43.528807499019557 ], [ 6.015769190867434, 43.528267993294804 ], [ 6.015522029702385, 43.528274518196831 ], [ 6.015504095271496, 43.527914847596413 ], [ 6.015998414589624, 43.527901797421784 ], [ 6.015989446034043, 43.527721962192338 ], [ 6.015742287148688, 43.527728487505641 ], [ 6.015733319408278, 43.527548652228262 ], [ 6.015486161172253, 43.527555176967347 ], [ 6.015477194246993, 43.527375341642056 ], [ 6.015724351750781, 43.527368816943742 ], [ 6.0157153841762, 43.527188981652039 ], [ 6.015962540864837, 43.527182456460949 ], [ 6.01593563644192, 43.526642950665135 ], [ 6.016429945177132, 43.526629898926934 ], [ 6.016420975737589, 43.526450063728838 ], [ 6.01617382214365, 43.526456589823916 ], [ 6.016137948143531, 43.525737248796972 ], [ 6.016385098808727, 43.525730722864871 ], [ 6.016358191982819, 43.52519121714171 ], [ 6.016852488671454, 43.525178163921588 ], [ 6.016870429401097, 43.525537834247871 ], [ 6.017117579085324, 43.525531306756122 ], [ 6.017108607946874, 43.525351471637329 ], [ 6.017355756815993, 43.525344943652868 ], [ 6.017364728686602, 43.525524778730905 ], [ 6.01761187820493, 43.525518250172247 ], [ 6.017593933082356, 43.525158580090554 ], [ 6.017346785028337, 43.525165108567684 ], [ 6.017337813323632, 43.524985273475338 ], [ 6.017584960645504, 43.524978745038958 ], [ 6.017575988291613, 43.524798909980198 ], [ 6.017823134798394, 43.524792381051114 ], [ 6.017832107884422, 43.524972216069109 ], [ 6.01857354910336, 43.524952625958932 ], [ 6.018582524468777, 43.525132460847459 ], [ 6.018829672107939, 43.525125929703094 ], [ 6.018838648288486, 43.525305764543624 ], [ 6.0190857965768, 43.525299232825013 ], [ 6.019067842834408, 43.52493956321829 ], [ 6.019809282808481, 43.524919965106406 ], [ 6.019800303865391, 43.524740130414649 ], [ 6.020294595302107, 43.524727062421121 ], [ 6.020285614977791, 43.524547227803779 ], [ 6.020779904618145, 43.524534157758112 ], [ 6.020788886406697, 43.524713992293812 ], [ 6.021777467619298, 43.524687845637956 ], [ 6.021786452419388, 43.524867680003247 ], [ 6.022033598246997, 43.524861141964877 ], [ 6.022006641899597, 43.524321638969923 ], [ 6.022500928912897, 43.524308561537808 ], [ 6.022491942165717, 43.524128727273499 ], [ 6.022739084815639, 43.52412218779812 ], [ 6.022712122876376, 43.523582685084634 ], [ 6.022464982422707, 43.523589224437501 ], [ 6.022455996007878, 43.523409390144508 ], [ 6.022703135729475, 43.523402850832461 ], [ 6.022694148665665, 43.523223016573141 ], [ 6.022447009676132, 43.52322955584436 ], [ 6.022393093430391, 43.522150549892956 ], [ 6.02288736254188, 43.522137471307097 ], [ 6.022878375327671, 43.521957637038419 ], [ 6.023125509026765, 43.521951096986236 ], [ 6.023107533383606, 43.521591428509112 ], [ 6.023848929590257, 43.521571805397244 ], [ 6.023839939697342, 43.521391971270447 ], [ 6.02408707086801, 43.521385429207257 ], [ 6.02406009949202, 43.520845926906425 ], [ 6.024307228383637, 43.520839384432414 ], [ 6.024298237359249, 43.520659550358637 ], [ 6.024545365435777, 43.520653007392127 ], [ 6.024554357192126, 43.520832841424998 ], [ 6.024801485917483, 43.520826297884284 ], [ 6.024792493429172, 43.520646463892213 ], [ 6.025039621339428, 43.520639919858965 ], [ 6.025030628202303, 43.520460085900631 ], [ 6.02527775529746, 43.520453541374877 ], [ 6.025268761511531, 43.520273707450222 ], [ 6.025515887791593, 43.520267162432013 ], [ 6.025506893356875, 43.520087328540981 ], [ 6.026001144203645, 43.520074236986261 ], [ 6.026010140102237, 43.520254070795495 ], [ 6.026504392080201, 43.520240977025594 ], [ 6.026468403129445, 43.519521642072675 ], [ 6.026962648919284, 43.519508546496468 ], [ 6.026971647496027, 43.519688380163672 ], [ 6.027218770998073, 43.519681831534683 ], [ 6.027236769864991, 43.520041498765835 ], [ 6.027731019547149, 43.520028399744248 ], [ 6.027704016980073, 43.519488899132142 ], [ 6.02893962875035, 43.519456142858289 ], [ 6.028948633182365, 43.519635976198295 ], [ 6.029195756018611, 43.519629423302646 ], [ 6.029204761265786, 43.519809256594598 ], [ 6.029451884750684, 43.519802703124675 ], [ 6.029442878771599, 43.519622869873636 ], [ 6.029690001441327, 43.519616315911307 ], [ 6.029699008152321, 43.519796149121412 ], [ 6.03019325470578, 43.519783039514905 ], [ 6.030202262963872, 43.519962872635972 ], [ 6.030449386847594, 43.519956316991781 ], [ 6.030440377857585, 43.519776483911649 ], [ 6.030934623911321, 43.519763371105135 ], [ 6.030916603253565, 43.519403705087043 ], [ 6.031657967317979, 43.519384032122964 ], [ 6.031666979800896, 43.519563865012742 ], [ 6.03191410172096, 43.519557306250455 ], [ 6.031905088506148, 43.519377473401619 ], [ 6.032893572425474, 43.519351233182995 ], [ 6.032902588567851, 43.519531065867987 ], [ 6.033149710071203, 43.519524504439062 ], [ 6.033140693196931, 43.519344671795032 ], [ 6.034870536262622, 43.519298727146371 ], [ 6.034879558260099, 43.519478559503547 ], [ 6.035373799849192, 43.519465427579227 ], [ 6.035382823393857, 43.519645259847231 ], [ 6.035629944795156, 43.519638693044094 ], [ 6.035602872215793, 43.519099196341543 ], [ 6.035355753010133, 43.519105763021685 ], [ 6.035337706504763, 43.518746098435429 ], [ 6.035090588679413, 43.518752664500276 ], [ 6.035099611158526, 43.518932496837969 ], [ 6.0348524925179, 43.518939062410489 ], [ 6.03484347077065, 43.518759230031776 ], [ 6.034349234702908, 43.518772359494939 ], [ 6.034331194386042, 43.518412694552019 ], [ 6.033836960912149, 43.518425821718012 ], [ 6.033827942342498, 43.518245989153861 ], [ 6.034075058389289, 43.518239425878505 ], [ 6.034066039171173, 43.518059593348113 ], [ 6.034313154402743, 43.518053029580429 ], [ 6.034322174352698, 43.518232862069823 ], [ 6.034816406029337, 43.518219732852621 ], [ 6.034825427526369, 43.518399565252835 ], [ 6.035319660333076, 43.51838643382046 ], [ 6.035265523820025, 43.517307439803311 ], [ 6.035018411849324, 43.517314005540179 ], [ 6.035009390120898, 43.517134173137862 ], [ 6.035503612515285, 43.517121041212818 ], [ 6.035485566381492, 43.516761376550662 ], [ 6.036968222780946, 43.516721968469021 ], [ 6.036959195448515, 43.516542136373225 ], [ 6.037206303824592, 43.516535566534223 ], [ 6.03719727584385, 43.516355734472249 ], [ 6.037444383404698, 43.516349164141012 ], [ 6.037435354775659, 43.516169332112888 ], [ 6.037682461521278, 43.516162761289415 ], [ 6.037673432243955, 43.51598292929512 ], [ 6.038167644021263, 43.515969786130434 ], [ 6.038176674762083, 43.516149618042675 ], [ 6.038670887668936, 43.516136472662886 ], [ 6.038652823343803, 43.515776808995433 ], [ 6.038899928208494, 43.515770235587759 ], [ 6.0388818627539, 43.515410571973689 ], [ 6.039623172456538, 43.515390848797473 ], [ 6.039605102945678, 43.51503118540095 ], [ 6.039852204549423, 43.515024610024533 ], [ 6.039843169187576, 43.51484477835654 ], [ 6.041572872952688, 43.514798736078511 ], [ 6.041563832552526, 43.514618904690849 ], [ 6.041810932024458, 43.514612325130727 ], [ 6.041801890976187, 43.514432493776944 ], [ 6.042296088205942, 43.514419333139216 ], [ 6.042278003433464, 43.514059670574461 ], [ 6.042525100459613, 43.51405308953796 ], [ 6.042534143535724, 43.514232920782838 ], [ 6.043028338800548, 43.51421975702803 ], [ 6.043010249805288, 43.513860094695445 ], [ 6.04350444180902, 43.513846928972178 ], [ 6.043486350221628, 43.513487266775286 ], [ 6.044474727372394, 43.513460929259224 ], [ 6.044492824812927, 43.513820591127256 ], [ 6.044987015812993, 43.513807419005566 ], [ 6.044977965587615, 43.513627588157391 ], [ 6.045225060230511, 43.513621001337881 ], [ 6.04521600935716, 43.513441170523627 ], [ 6.045463103184749, 43.51343458321206 ], [ 6.045454051663444, 43.513254752431756 ], [ 6.045701144675727, 43.513248164628109 ], [ 6.04569209250648, 43.513068333881755 ], [ 6.045939184703462, 43.513061745586057 ], [ 6.045930131886281, 43.512881914873653 ], [ 6.046671405780238, 43.512862146910877 ], [ 6.046689515887969, 43.513221808081653 ], [ 6.04693660848177, 43.513215217612078 ], [ 6.046945664392821, 43.51339504814554 ], [ 6.047192757634527, 43.513388457101613 ], [ 6.047201814360924, 43.513568287586736 ], [ 6.047448908250531, 43.513561695968477 ], [ 6.047457965792288, 43.513741526405255 ], [ 6.047705060329797, 43.513734934212664 ], [ 6.047714118686926, 43.51391476460109 ], [ 6.047961213872332, 43.51390817183411 ], [ 6.047970273044847, 43.514088002174169 ], [ 6.047723177127796, 43.514094594982318 ], [ 6.04773223565241, 43.514274425356362 ], [ 6.046990945203871, 43.514294200705024 ], [ 6.047009058114343, 43.514653861678497 ], [ 6.047256156477585, 43.514647270346508 ], [ 6.047265213790081, 43.514827100781289 ], [ 6.047512312801265, 43.514820508874948 ], [ 6.047521370929176, 43.515000339261384 ], [ 6.04678007144939, 43.515020113504292 ], [ 6.046761959667379, 43.514660452477258 ], [ 6.046020663824201, 43.514680221674325 ], [ 6.046011610253787, 43.514500391026601 ], [ 6.045270315852355, 43.514520155301298 ], [ 6.04527936722775, 43.514699986072436 ], [ 6.044785169078384, 43.514713159671743 ], [ 6.04479421907409, 43.514892990517936 ], [ 6.044547119142221, 43.514899576558904 ], [ 6.044556168489904, 43.515079407439039 ], [ 6.045544570642113, 43.515053059911388 ], [ 6.045535518367673, 43.514873229195743 ], [ 6.046029717478317, 43.514860052314859 ], [ 6.046038771216128, 43.515039882948209 ], [ 6.046532971455347, 43.515026703852143 ], [ 6.046542026740241, 43.515206534396022 ], [ 6.046294925930793, 43.515213124251801 ], [ 6.046303980567703, 43.515392954829643 ], [ 6.045562675442046, 43.515412721321063 ], [ 6.045571727967546, 43.515592552015114 ], [ 6.044336214092569, 43.515625485708497 ], [ 6.044345263043171, 43.515805316600996 ], [ 6.044098159285464, 43.515811901781092 ], [ 6.044116255974179, 43.516171563626749 ], [ 6.04386915066936, 43.516178148355813 ], [ 6.043887246229188, 43.516537810254995 ], [ 6.043640139377237, 43.516544394533042 ], [ 6.043658233808134, 43.516904056485664 ], [ 6.043411125409023, 43.516910640312673 ], [ 6.043429218710936, 43.517270302318764 ], [ 6.043182108764645, 43.517276885694741 ], [ 6.043191154809273, 43.517456716728127 ], [ 6.042944044047565, 43.517463299611912 ], [ 6.042971180487836, 43.518002792792238 ], [ 6.043218293444939, 43.517996209785153 ], [ 6.043245432833308, 43.518535702777513 ], [ 6.04275120244456, 43.518548868505007 ], [ 6.042733112362638, 43.518189206352901 ], [ 6.042485998506475, 43.518195788334495 ], [ 6.04247695432276, 43.518015957206565 ], [ 6.042229841114795, 43.518022538613828 ], [ 6.042238884566697, 43.518202369782855 ], [ 6.04174465643633, 43.518215531079676 ], [ 6.0417898676316, 43.519114687227933 ], [ 6.041295631848476, 43.519127846802405 ], [ 6.041322755177618, 43.519667340651651 ], [ 6.040087153279166, 43.519700230871067 ], [ 6.040105228597681, 43.520059893812018 ], [ 6.040599472535316, 43.520046739159966 ], [ 6.040590433370501, 43.519866907775203 ], [ 6.04157891731534, 43.519840592235461 ], [ 6.041587959407702, 43.520020423455904 ], [ 6.041340837814984, 43.520027003181895 ], [ 6.041349879259049, 43.520206834436244 ], [ 6.041102756850846, 43.520213413669993 ], [ 6.041111797646603, 43.520393244958221 ], [ 6.041358920786706, 43.520386665683418 ], [ 6.041367962397954, 43.520566496923394 ], [ 6.042603580503985, 43.520533592343902 ], [ 6.042594535233214, 43.520353761309387 ], [ 6.043335902897676, 43.520334012285048 ], [ 6.043363045548024, 43.520873504997184 ], [ 6.043857294630878, 43.520860336067692 ], [ 6.043866343812127, 43.521040166875139 ], [ 6.044113468959981, 43.521033581569299 ], [ 6.044131569037322, 43.521393243080432 ], [ 6.043884442425613, 43.521399828468518 ], [ 6.043911590973321, 43.52193932080467 ], [ 6.043417333107243, 43.521952490227491 ], [ 6.043426381326563, 43.522132321074089 ], [ 6.042932121661948, 43.522145488445702 ], [ 6.042941168500985, 43.522325319367276 ], [ 6.042694037811246, 43.522331902294184 ], [ 6.042684991704176, 43.522152071331469 ], [ 6.04243786166277, 43.522158653683888 ], [ 6.04240168099864, 43.52143932959688 ], [ 6.042154553801421, 43.521445911251575 ], [ 6.04218168697823, 43.521985404450888 ], [ 6.04193455750154, 43.521991985695493 ], [ 6.041952645240239, 43.522351647874608 ], [ 6.040716989283025, 43.522384546508142 ], [ 6.04068986877991, 43.521845052612441 ], [ 6.040442739533607, 43.521851630615849 ], [ 6.04042466108, 43.521491967900666 ], [ 6.041166044176449, 43.521472232536844 ], [ 6.04115700287917, 43.521292401291703 ], [ 6.040909875995877, 43.521298980238591 ], [ 6.040891795115953, 43.520939317644583 ], [ 6.039409040844411, 43.520978779632813 ], [ 6.039390969081864, 43.520619116517331 ], [ 6.039143844541361, 43.520625691566551 ], [ 6.039125774576785, 43.520266028340245 ], [ 6.038878651416574, 43.520272602774035 ], [ 6.038905754292985, 43.520812097725901 ], [ 6.038411503330501, 43.52082524523977 ], [ 6.038393437590382, 43.520465581781544 ], [ 6.037652064911864, 43.520485298806101 ], [ 6.037643034362806, 43.520305466943121 ], [ 6.037148786956826, 43.520318608877417 ], [ 6.037139757955075, 43.520138776925215 ], [ 6.036892634858778, 43.520145347051333 ], [ 6.036910691481932, 43.52050501103065 ], [ 6.0374049405187, 43.520491870080967 ], [ 6.037413970419328, 43.520671701977783 ], [ 6.03766109554441, 43.520665130661925 ], [ 6.037679157059979, 43.521024794351995 ], [ 6.037926283565429, 43.521018222420707 ], [ 6.037935315180392, 43.521198054213947 ], [ 6.038182442334284, 43.521191481708271 ], [ 6.038191474764694, 43.521371313453301 ], [ 6.038685730285835, 43.52135816675986 ], [ 6.038676696391535, 43.521178335096913 ], [ 6.038923823294887, 43.521171760991209 ], [ 6.038941892630898, 43.521531424227824 ], [ 6.03844763581289, 43.521544572070063 ], [ 6.038465702555178, 43.521904235442122 ], [ 6.039701351293298, 43.52187136142588 ], [ 6.039692314220585, 43.521691529948683 ], [ 6.039939442985622, 43.52168495358643 ], [ 6.039993671067054, 43.522763942095466 ], [ 6.039746537910156, 43.522770518704107 ], [ 6.039764613141786, 43.523130181565129 ], [ 6.040506016753795, 43.523110449892741 ], [ 6.040515056690984, 43.523290281189261 ], [ 6.041009326811798, 43.523277123991967 ], [ 6.041018368296601, 43.523456955199158 ], [ 6.040276960793955, 43.523476690318262 ], [ 6.040267921505207, 43.523296858987862 ], [ 6.040020786235855, 43.52330343625303 ], [ 6.040047902156745, 43.523842930345978 ], [ 6.04054217700403, 43.523829775035793 ], [ 6.040596419886851, 43.524908762534913 ], [ 6.040843561577454, 43.524902183833291 ], [ 6.040852603082552, 43.525082015016928 ], [ 6.041099745421636, 43.525075435740817 ], [ 6.041108787742414, 43.525255266876201 ], [ 6.040861644671246, 43.525261846193381 ], [ 6.040879728099421, 43.52562150852475 ], [ 6.04013829399179, 43.52564124352223 ], [ 6.040111175563755, 43.525101749644783 ], [ 6.039369747292787, 43.525121479471849 ], [ 6.039360710180172, 43.524941648041825 ], [ 6.039113567988147, 43.524948223542943 ], [ 6.03910453169116, 43.524768392064679 ], [ 6.038857390147668, 43.524774966991345 ], [ 6.038839319268473, 43.524415303931164 ], [ 6.038592179105579, 43.524421878242315 ], [ 6.038628318269827, 43.525141204498155 ], [ 6.038134031836839, 43.525154351848613 ], [ 6.038152098991776, 43.525514015097613 ], [ 6.037904954185798, 43.52552058805481 ], [ 6.037913987156443, 43.525700419709544 ], [ 6.03741969582973, 43.525713564105672 ], [ 6.037428727419656, 43.525893395835347 ], [ 6.037181580898924, 43.525899967274292 ], [ 6.037172550041115, 43.525720135503597 ], [ 6.036678258213402, 43.525733276699107 ], [ 6.036687287606973, 43.525913108551848 ], [ 6.036440140835768, 43.525919678390473 ], [ 6.036449169580693, 43.526099510277056 ], [ 6.036202021993883, 43.526106079623261 ], [ 6.036192993981086, 43.525926247695672 ], [ 6.035945847042933, 43.525932816467396 ], [ 6.035936819845729, 43.525752984491646 ], [ 6.035689673556235, 43.525759552688946 ], [ 6.035698700021315, 43.52593938470573 ], [ 6.035451552916243, 43.525945952410602 ], [ 6.035460578732648, 43.526125784461229 ], [ 6.035213430811993, 43.526132351673674 ], [ 6.035204405727719, 43.525952519582034 ], [ 6.034957258455752, 43.525959086220027 ], [ 6.03497530724347, 43.52631875047809 ], [ 6.035222455979711, 43.526312183758101 ], [ 6.035240506565484, 43.526671847905462 ], [ 6.034746206080964, 43.526684980976 ], [ 6.034755230034701, 43.526864813120902 ], [ 6.034508078935122, 43.526871378896978 ], [ 6.034517102240126, 43.527051211075694 ], [ 6.034022798326355, 43.527064341109444 ], [ 6.034049864348836, 43.527603837848545 ], [ 6.033802710070269, 43.527610402188166 ], [ 6.03382075303794, 43.527970066726972 ], [ 6.033326441301767, 43.527983193969725 ], [ 6.033335461446298, 43.528163026310331 ], [ 6.032346834044347, 43.528189274557981 ], [ 6.032355851343385, 43.528369107055276 ], [ 6.03210869355222, 43.528375667824449 ], [ 6.03212672693595, 43.528735332879442 ], [ 6.031879567596946, 43.528741893197044 ], [ 6.031888583681619, 43.528921725754735 ], [ 6.031641423527007, 43.528928285579781 ], [ 6.031650438962788, 43.529108118171251 ], [ 6.031403277992561, 43.529114677503763 ], [ 6.031421307649672, 43.529474342747086 ], [ 6.031174145131565, 43.529480901627998 ], [ 6.031183159352869, 43.529660734279858 ], [ 6.030194505517926, 43.529686964632106 ], [ 6.030212528352278, 43.530046630241849 ], [ 6.029965363220641, 43.53005318657798 ], [ 6.029974374030499, 43.530233019413046 ], [ 6.028985709741664, 43.530259239586037 ], [ 6.028994717705598, 43.530439072577614 ], [ 6.028500383596789, 43.530452179544781 ], [ 6.028509390179376, 43.530632012611008 ], [ 6.028262222267735, 43.530638565335224 ], [ 6.028280234218076, 43.530998231528002 ], [ 6.0280330647585, 43.531004783800483 ], [ 6.028015054272819, 43.530645117525872 ], [ 6.027767886194643, 43.530651669183001 ], [ 6.027758881809024, 43.530471835994035 ], [ 6.027511714379913, 43.530478387076691 ], [ 6.027493707323067, 43.530118720595446 ], [ 6.027246541275335, 43.530125271062801 ], [ 6.027273549788524, 43.5306647708966 ], [ 6.027026381460595, 43.530671320953111 ], [ 6.02703538373248, 43.530851154257604 ], [ 6.02654104536225, 43.530864252851771 ], [ 6.026532044555032, 43.53068441946548 ], [ 6.026284875977412, 43.530690967921373 ], [ 6.026275875985747, 43.530511134487043 ], [ 6.026523043831038, 43.530504586072048 ], [ 6.026514043190269, 43.530324752671426 ], [ 6.026266876077297, 43.53033130104555 ], [ 6.026257876252063, 43.53015146759688 ], [ 6.025763543241117, 43.530164562662748 ], [ 6.025781540045523, 43.530524229716413 ], [ 6.025287203772486, 43.530537322811654 ], [ 6.025278206793334, 43.530357489206629 ], [ 6.024783871652194, 43.530370580085943 ], [ 6.024756885607732, 43.529831078982738 ], [ 6.02500405102295, 43.529824533932427 ], [ 6.024995055108842, 43.529644700257862 ], [ 6.023759230862601, 43.529677419969794 ], [ 6.023750238693144, 43.529497586083778 ], [ 6.023503074326737, 43.529504128384758 ], [ 6.023494082972713, 43.529324294450738 ], [ 6.022011099422401, 43.529363536807473 ], [ 6.022029073426013, 43.529723205158355 ], [ 6.022276239023442, 43.52971666601772 ], [ 6.022285226882201, 43.529896500141582 ], [ 6.022038060552464, 43.529903039323067 ], [ 6.022047047762012, 43.530082873480602 ], [ 6.021799880616856, 43.530089412169339 ], [ 6.021835827356706, 43.530808748891111 ], [ 6.022082997431199, 43.530802210039063 ], [ 6.022091985056248, 43.53098204416078 ], [ 6.02308066745252, 43.530955883253704 ], [ 6.023089658090095, 43.531135717204911 ], [ 6.024572683584573, 43.531096459592717 ], [ 6.02458167869943, 43.531276293291633 ], [ 6.02482885005647, 43.531269748447961 ], [ 6.024846842000426, 43.531629415742607 ], [ 6.02583553245563, 43.53160323070545 ], [ 6.025826533512598, 43.531423397225183 ], [ 6.02607370518603, 43.531416849672858 ], [ 6.026055706084879, 43.531057182772642 ], [ 6.026302876210394, 43.531050634768526 ], [ 6.026311876451714, 43.531230468181356 ], [ 6.026806217917778, 43.531217370490715 ], [ 6.026824221579506, 43.531577037131328 ], [ 6.026577049423373, 43.531583586325162 ], [ 6.026595051953299, 43.531943253018859 ], [ 6.026347878249194, 43.531949801760945 ], [ 6.026338877674991, 43.531769968376814 ], [ 6.02609170462004, 43.53177651654444 ], [ 6.026109704386908, 43.532136183387301 ], [ 6.025862529783978, 43.532142731103164 ], [ 6.025871529059849, 43.532322564554732 ], [ 6.024388475300722, 43.532361839889987 ], [ 6.024397470265399, 43.532541673579615 ], [ 6.024150293615335, 43.532548217642173 ], [ 6.024141299383063, 43.532368383911695 ], [ 6.023894123382237, 43.532374927399808 ], [ 6.023885129965527, 43.532195093621318 ], [ 6.023637954613944, 43.532201636534985 ], [ 6.023646947298256, 43.532381470354359 ], [ 6.023399771131125, 43.532388012775321 ], [ 6.023390779179211, 43.532208178915127 ], [ 6.023143603661334, 43.532214720761665 ], [ 6.023134612524961, 43.532034886853474 ], [ 6.022887437656343, 43.532041428125595 ], [ 6.022878447335493, 43.531861594169392 ], [ 6.022384098813656, 43.531874675031261 ], [ 6.02236612135085, 43.531515006933972 ], [ 6.022613294188569, 43.531508466851491 ], [ 6.022595315593485, 43.531148798807223 ], [ 6.022348144220497, 43.531155338808055 ], [ 6.022357132744119, 43.531335172874606 ], [ 6.021862788284094, 43.531348251357223 ], [ 6.021889749959361, 43.531887753758852 ], [ 6.021642575407562, 43.531894292322292 ], [ 6.021624602339047, 43.531534623980072 ], [ 6.021377429168918, 43.531541161928295 ], [ 6.021386414929247, 43.531720996143818 ], [ 6.021139240943654, 43.531727533599295 ], [ 6.021148226054684, 43.531907367848483 ], [ 6.020901051253618, 43.531913904811212 ], [ 6.020910035715333, 43.532093739094023 ], [ 6.020168508616534, 43.532113346903216 ], [ 6.020159526352012, 43.531933512497965 ], [ 6.019912351218693, 43.531940047326394 ], [ 6.019903369769616, 43.531760212873188 ], [ 6.019656195285646, 43.531766747127257 ], [ 6.019647214652001, 43.531586912626103 ], [ 6.019152866899723, 43.531599979451933 ], [ 6.019170825320483, 43.531959648610268 ], [ 6.018676474306529, 43.531972713464974 ], [ 6.018685452176643, 43.532152548114972 ], [ 6.018438275812741, 43.532159079782737 ], [ 6.018429298675033, 43.531979245091954 ], [ 6.018182122960527, 43.531985776185373 ], [ 6.018164170398918, 43.531626106700756 ], [ 6.018411344648633, 43.531619575688921 ], [ 6.018402367759941, 43.531439740976651 ], [ 6.018155194242611, 43.531446271947736 ], [ 6.018146218169301, 43.531266437187526 ], [ 6.017899045301356, 43.531272967584293 ], [ 6.017908020642286, 43.531452802385239 ], [ 6.017413673192669, 43.531465861659555 ], [ 6.017422647151815, 43.531645696534895 ], [ 6.017175472570147, 43.531652225412465 ], [ 6.017184445879876, 43.531832060321413 ], [ 6.016690095002845, 43.531845116557335 ], [ 6.016681123157912, 43.531665281566866 ], [ 6.016928297905514, 43.53165875375646 ], [ 6.016883436263301, 43.530759578900501 ], [ 6.016389094008921, 43.53077263358022 ], [ 6.016398064706712, 43.530952468647236 ], [ 6.016150892722734, 43.530958995227536 ], [ 6.016168832902405, 43.531318665421587 ], [ 6.015921659370733, 43.531325191549769 ], [ 6.015939598417393, 43.531684861796705 ], [ 6.016186773413845, 43.531678335586989 ], [ 6.016195743793981, 43.531858170658978 ], [ 6.015948568065129, 43.531864696909409 ], [ 6.015957537795801, 43.532044532014979 ], [ 6.015463184624473, 43.532057582996607 ], [ 6.0154900899196, 43.532597088514805 ], [ 6.015737268743997, 43.532590563168561 ], [ 6.015746238073998, 43.532770398286218 ], [ 6.015993417547895, 43.532763872365635 ], [ 6.016002387693272, 43.532943707435408 ], [ 6.016249567816669, 43.532937180940465 ], [ 6.016267509821156, 43.533296850977031 ], [ 6.01602032823286, 43.53330337755348 ], [ 6.016038269104226, 43.533663047642861 ], [ 6.015791085968053, 43.533669573767192 ], [ 6.015809025706253, 43.534029243909465 ], [ 6.01556184102218, 43.534035769581635 ], [ 6.015570810283201, 43.534215604682785 ], [ 6.015323624783701, 43.534222129862101 ], [ 6.015314656255169, 43.534042294720216 ], [ 6.014078731176328, 43.534074912408755 ], [ 6.014096660991354, 43.534434583092654 ], [ 6.014343847637937, 43.534428060540755 ], [ 6.014352813402302, 43.534607895831257 ], [ 6.013858438561221, 43.534620940482895 ], [ 6.013867402943459, 43.534800775847671 ], [ 6.013620214666065, 43.534807297413757 ], [ 6.01362917839867, 43.534987132812105 ], [ 6.013381989305862, 43.534993653885266 ], [ 6.013408878803386, 43.535533160159488 ], [ 6.013161687430078, 43.535539680821138 ], [ 6.013152724913904, 43.535359845362855 ], [ 6.012905534190272, 43.53536636545013 ], [ 6.0129144959739, 43.53554620094917 ], [ 6.01266730443485, 43.535552720543528 ] ], [ [ 6.023116630501614, 43.53167521901554 ], [ 6.023363803822329, 43.531668677291528 ], [ 6.023354812202982, 43.53148884340267 ], [ 6.023107639614643, 43.53149538508584 ], [ 6.023116630501614, 43.53167521901554 ] ], [ [ 6.024105323285601, 43.531649048918084 ], [ 6.024352496273712, 43.531642505059835 ], [ 6.024334507259216, 43.531282837601744 ], [ 6.0238401641293, 43.531295924621311 ], [ 6.023849157130238, 43.53147575843564 ], [ 6.024096329469138, 43.531469215151787 ], [ 6.024105323285601, 43.531649048918084 ] ], [ [ 6.020388735657614, 43.531567308385583 ], [ 6.020635909160045, 43.531560772571595 ], [ 6.020626925679927, 43.531380938226469 ], [ 6.020379752909875, 43.531387473999665 ], [ 6.020388735657614, 43.531567308385583 ] ], [ [ 6.028455351932996, 43.529553014106007 ], [ 6.028702515367543, 43.529546461093773 ], [ 6.028693508552323, 43.529366628025393 ], [ 6.028446345850058, 43.52937318099675 ], [ 6.028455351932996, 43.529553014106007 ] ], [ [ 6.01485226917477, 43.529732772794851 ], [ 6.015099436446932, 43.529726249167524 ], [ 6.015090469991347, 43.529546413846688 ], [ 6.014843303451506, 43.529552937433294 ], [ 6.01485226917477, 43.529732772794851 ] ], [ [ 6.030113406887592, 43.528068469033229 ], [ 6.030360563881053, 43.528061912613872 ], [ 6.030351552606479, 43.527882079774606 ], [ 6.031587332662776, 43.52784928988023 ], [ 6.031578317810474, 43.527669457238559 ], [ 6.0318254728395, 43.527662897700189 ], [ 6.03180744192055, 43.52730323247718 ], [ 6.032301748799743, 43.527290111963872 ], [ 6.032292732000931, 43.527110279423518 ], [ 6.031056967838739, 43.527143076501027 ], [ 6.031065980976617, 43.527322909246152 ], [ 6.030571673263973, 43.527336024424727 ], [ 6.030580685020793, 43.527515857244573 ], [ 6.030086375510463, 43.527528970371151 ], [ 6.030113406887592, 43.528068469033229 ] ], [ [ 6.029079740846194, 43.527195524084625 ], [ 6.029326894511813, 43.52718897000382 ], [ 6.029317886582567, 43.527009136964978 ], [ 6.029565039432712, 43.527002582391638 ], [ 6.029538013948162, 43.526463083354855 ], [ 6.029290863294541, 43.526469637805455 ], [ 6.029299870973932, 43.526649470865827 ], [ 6.029052719504858, 43.526656024823865 ], [ 6.029061726535359, 43.526835857917938 ], [ 6.028814574250831, 43.526842411383434 ], [ 6.028823580632424, 43.527022244511265 ], [ 6.029070733649133, 43.52701569100487 ], [ 6.029079740846194, 43.527195524084625 ] ], [ [ 6.032539884583293, 43.527103718407623 ], [ 6.033034189497885, 43.527090594775437 ], [ 6.033025170585914, 43.526910762350816 ], [ 6.033272322185956, 43.526904199775494 ], [ 6.033263302625207, 43.526724367384666 ], [ 6.033510453409687, 43.526717804316881 ], [ 6.033483393031336, 43.526178307224299 ], [ 6.033236244443313, 43.52618487016916 ], [ 6.033254283147851, 43.526544534986677 ], [ 6.033007133012137, 43.526551097480038 ], [ 6.033016151757333, 43.526730929919012 ], [ 6.032769000806072, 43.526737491919917 ], [ 6.032778018902484, 43.526917324392663 ], [ 6.032530867135674, 43.52692388590107 ], [ 6.032539884583293, 43.527103718407623 ] ], [ [ 6.034233860534144, 43.526338447437389 ], [ 6.034728158423793, 43.526325316664646 ], [ 6.034719134720353, 43.526145484498215 ], [ 6.034471986549385, 43.526152050110326 ], [ 6.034426872944252, 43.525252888965511 ], [ 6.034179728350469, 43.525259453839212 ], [ 6.034161684956557, 43.524899789249069 ], [ 6.033667398447165, 43.524912917232271 ], [ 6.03367641863822, 43.525092749612895 ], [ 6.033182130331041, 43.525105875544369 ], [ 6.033200168034915, 43.52546554044801 ], [ 6.033447313694418, 43.525458977667022 ], [ 6.033483393031336, 43.526178307224299 ], [ 6.03373054153596, 43.526171743745941 ], [ 6.033721520844498, 43.525991911408383 ], [ 6.034215816139257, 43.525978782933365 ], [ 6.034233860534144, 43.526338447437389 ] ], [ [ 6.032476764200781, 43.525844890711063 ], [ 6.032723911574677, 43.525838329448455 ], [ 6.032705876465752, 43.52547866440964 ], [ 6.032953022292023, 43.525472102695552 ], [ 6.032944004130505, 43.525292270206336 ], [ 6.032696859036348, 43.525298831879475 ], [ 6.032669807248375, 43.524759334245935 ], [ 6.03242266426715, 43.524765895262739 ], [ 6.032440697244898, 43.525125560440891 ], [ 6.032193552716113, 43.525132121006209 ], [ 6.032211584563095, 43.525491786237545 ], [ 6.032458730556105, 43.525485225590302 ], [ 6.032476764200781, 43.525844890711063 ] ], [ [ 6.034921161881547, 43.525239757617754 ], [ 6.035168306225049, 43.525233191143769 ], [ 6.035150256974358, 43.524873526881564 ], [ 6.034655971132307, 43.524886659132157 ], [ 6.034664994251747, 43.525066491348852 ], [ 6.034912137946581, 43.52505992544927 ], [ 6.034921161881547, 43.525239757617754 ] ], [ [ 6.034408828086139, 43.524893224457315 ], [ 6.034655971132307, 43.524886659132157 ], [ 6.034646948096292, 43.524706826908314 ], [ 6.034399805782213, 43.524713392192481 ], [ 6.034408828086139, 43.524893224457315 ] ], [ [ 6.035873631802207, 43.524494160460158 ], [ 6.036120772883568, 43.524487592016513 ], [ 6.036111745621971, 43.524307760024293 ], [ 6.0363588858878, 43.524301191088249 ], [ 6.036349857977604, 43.524121359129879 ], [ 6.036596997427906, 43.524114789701414 ], [ 6.036578940393817, 43.523755125845199 ], [ 6.036084664337953, 43.523768264004659 ], [ 6.036093691349166, 43.523948096018351 ], [ 6.035599413495365, 43.523961232126226 ], [ 6.035617464839934, 43.52432089629621 ], [ 6.035864605272681, 43.524314328426946 ], [ 6.035873631802207, 43.524494160460158 ] ], [ [ 6.026473210220756, 43.524563532467177 ], [ 6.027708926967915, 43.524530786469086 ], [ 6.027699924680408, 43.524350953077246 ], [ 6.028688493651622, 43.524324746840726 ], [ 6.028652473620707, 43.52360541385606 ], [ 6.029146751750218, 43.523592307864611 ], [ 6.029137745486522, 43.523412474682381 ], [ 6.029384883694322, 43.523405920927452 ], [ 6.029375876781847, 43.52322608777893 ], [ 6.02962301417433, 43.523219533531538 ], [ 6.029614006613089, 43.523039700416781 ], [ 6.02887259638195, 43.523059361436019 ], [ 6.02888160174707, 43.523239194673508 ], [ 6.028634464104788, 43.523245747320729 ], [ 6.028643468821122, 43.523425580592004 ], [ 6.028396330363537, 43.52343213274672 ], [ 6.028369318660423, 43.522892632788704 ], [ 6.028122182315721, 43.522899184287262 ], [ 6.028131185401476, 43.523079017654673 ], [ 6.027884048241497, 43.52308556866079 ], [ 6.02787504588778, 43.522905735252472 ], [ 6.026639362499739, 43.522938482077514 ], [ 6.026648361193255, 43.523118315690311 ], [ 6.026401223533983, 43.523124863496015 ], [ 6.026410221578649, 43.5233046971425 ], [ 6.025915944546433, 43.523317791235442 ], [ 6.025897951468487, 43.52295812377178 ], [ 6.025650814291706, 43.522964669936421 ], [ 6.025659810057045, 43.523144503712693 ], [ 6.025412672065046, 43.523151049384794 ], [ 6.025394682081625, 43.522791381743311 ], [ 6.02514754547055, 43.522797926800301 ], [ 6.025138551335618, 43.522618092927921 ], [ 6.024644279328079, 43.522631181359927 ], [ 6.024635286740359, 43.522451347398707 ], [ 6.024141015864312, 43.522464433615426 ], [ 6.024150006987966, 43.522644267658357 ], [ 6.024397143199591, 43.522637724775862 ], [ 6.024406135138415, 43.52281755877079 ], [ 6.024900408776316, 43.522804471323859 ], [ 6.024918395831562, 43.523164139128774 ], [ 6.025165533989883, 43.523157594523489 ], [ 6.02519251739257, 43.523697096054519 ], [ 6.024698236600401, 43.523710184976885 ], [ 6.024707229770132, 43.52389001888794 ], [ 6.024460088517247, 43.523896562589847 ], [ 6.02447807364198, 43.524256230472204 ], [ 6.024230930841776, 43.524262773722398 ], [ 6.02423992279676, 43.524442607693686 ], [ 6.025475639626761, 43.524409885904163 ], [ 6.025457648479, 43.52405021836303 ], [ 6.025704790131332, 43.524043672486584 ], [ 6.025695793950126, 43.523863838746159 ], [ 6.026684356799316, 43.523837650069723 ], [ 6.026702355101556, 43.524197317216412 ], [ 6.026455213049885, 43.524203865267403 ], [ 6.026473210220756, 43.524563532467177 ] ], [ [ 6.029659045252102, 43.523938865918872 ], [ 6.029906185489522, 43.523932310974345 ], [ 6.029897176863092, 43.523752477929207 ], [ 6.029650037357735, 43.523759032832778 ], [ 6.029659045252102, 43.523938865918872 ] ], [ [ 6.033109982850867, 43.523667215642845 ], [ 6.033851397616753, 43.523647526928947 ], [ 6.033842377360808, 43.523467694531895 ], [ 6.034336651990337, 43.523454566137588 ], [ 6.034327630353718, 43.523274733815349 ], [ 6.034574766811337, 43.523268168859097 ], [ 6.0345657445261, 43.523088336570645 ], [ 6.034812880168276, 43.523081771121973 ], [ 6.034803857234435, 43.522901938867349 ], [ 6.034556722324279, 43.522908504275009 ], [ 6.034538678170877, 43.522548839662242 ], [ 6.033797277332016, 43.522568532438981 ], [ 6.033806297170987, 43.522748364871916 ], [ 6.033559162659229, 43.52275492810508 ], [ 6.03355014355227, 43.522575095631161 ], [ 6.033303009689135, 43.522581658289937 ], [ 6.033293991397565, 43.522401825767872 ], [ 6.033541124528694, 43.522395263150081 ], [ 6.033496030661571, 43.521496100637002 ], [ 6.03324890119036, 43.521502663049944 ], [ 6.033239883399042, 43.521322830484841 ], [ 6.033981269366643, 43.521303141768875 ], [ 6.033999309424447, 43.521662806646056 ], [ 6.034246439377466, 43.521656242592051 ], [ 6.034255460263432, 43.5218360749789 ], [ 6.035738242621704, 43.521796679208357 ], [ 6.035729217343914, 43.52161684706747 ], [ 6.035976346712985, 43.521610279279962 ], [ 6.035967320786673, 43.521430447172889 ], [ 6.035720192149566, 43.521437014919421 ], [ 6.035711167038656, 43.521257182764181 ], [ 6.035464039050061, 43.521263749936345 ], [ 6.035445990542454, 43.520904085522339 ], [ 6.035198863934318, 43.520910652079131 ], [ 6.035180817224298, 43.520550987554429 ], [ 6.034933691996605, 43.520557553495905 ], [ 6.034924669498651, 43.520377721181781 ], [ 6.034677544919468, 43.520384286548918 ], [ 6.034668523236849, 43.520204454186661 ], [ 6.034174275292101, 43.520217583238939 ], [ 6.034210356667602, 43.520936912972914 ], [ 6.033716102533832, 43.520950040219688 ], [ 6.033689045768717, 43.520410542684075 ], [ 6.033441920772558, 43.520417105384546 ], [ 6.033459957068722, 43.52077677049742 ], [ 6.033212830525322, 43.520783332746447 ], [ 6.033221848066526, 43.520963165333093 ], [ 6.032480465740303, 43.520982849003033 ], [ 6.032471450394935, 43.520803016293527 ], [ 6.031235815177387, 43.520835811538277 ], [ 6.031244826863015, 43.521015644452589 ], [ 6.030750570728835, 43.521028758898929 ], [ 6.030759581033858, 43.521208591887941 ], [ 6.031006709874561, 43.521202034890493 ], [ 6.031024732198462, 43.521561700765105 ], [ 6.030777601893822, 43.521568257844422 ], [ 6.03078661244876, 43.521748090811919 ], [ 6.031033743485382, 43.521741533691646 ], [ 6.031069789466201, 43.522460865326103 ], [ 6.030575521453678, 43.522473979360761 ], [ 6.030584531693147, 43.522653812333324 ], [ 6.030337396829911, 43.522660368591488 ], [ 6.030346406420664, 43.522840201597809 ], [ 6.03108781295651, 43.522820531100308 ], [ 6.031078801169696, 43.522640698216804 ], [ 6.03157307031297, 43.522627581966731 ], [ 6.031564057145452, 43.522447749157934 ], [ 6.031811190860085, 43.522441190273781 ], [ 6.03179316331104, 43.522081524716604 ], [ 6.032040295478338, 43.522074965380959 ], [ 6.032031281096828, 43.521895132632558 ], [ 6.032772674902678, 43.521875451548318 ], [ 6.03278169148015, 43.522055284173838 ], [ 6.032534559562897, 43.52206184510959 ], [ 6.032552591503934, 43.522421510421019 ], [ 6.032058324491382, 43.522434630856239 ], [ 6.032076353837803, 43.522794296302855 ], [ 6.033064893385562, 43.52276805297118 ], [ 6.033073911111874, 43.522947885519891 ], [ 6.033321046522414, 43.522941323312537 ], [ 6.033330065064125, 43.523121155813058 ], [ 6.033082928921557, 43.523127718061374 ], [ 6.033109982850867, 43.523667215642845 ] ], [ [ 6.023691693784876, 43.523376688250124 ], [ 6.023938833090948, 43.52337014627102 ], [ 6.023929842366829, 43.523190312215888 ], [ 6.023682703792818, 43.523196854154165 ], [ 6.023691693784876, 43.523376688250124 ] ], [ [ 6.034803857234435, 43.522901938867349 ], [ 6.03505099206117, 43.522895372926321 ], [ 6.03504196847874, 43.522715540705498 ], [ 6.035289102490036, 43.522708974272071 ], [ 6.035271054111452, 43.522349309890899 ], [ 6.035023921564157, 43.522355876242344 ], [ 6.035032944979736, 43.522535708477498 ], [ 6.034785811617017, 43.522542274336551 ], [ 6.034803857234435, 43.522901938867349 ] ], [ [ 6.041633171123475, 43.5209195794504 ], [ 6.041880296292125, 43.520912998985679 ], [ 6.041871253049854, 43.520733167842238 ], [ 6.041624128613125, 43.520739748265875 ], [ 6.041633171123475, 43.5209195794504 ] ], [ [ 6.030970666226485, 43.520482703055173 ], [ 6.031217792056085, 43.52047614568815 ], [ 6.031208780620404, 43.52029631275235 ], [ 6.030961655522735, 43.520302870078453 ], [ 6.030970666226485, 43.520482703055173 ] ], [ [ 6.031712043465338, 43.52046302935409 ], [ 6.031959169044977, 43.520456470387039 ], [ 6.03195015541351, 43.520276637574078 ], [ 6.032691529456615, 43.520256957595755 ], [ 6.032682513712721, 43.520077124898471 ], [ 6.032435389846948, 43.520083685383632 ], [ 6.032426374918319, 43.519903852638215 ], [ 6.031932128400571, 43.519916971926612 ], [ 6.0319231150191, 43.519737139092122 ], [ 6.031675992367133, 43.519743697895386 ], [ 6.031694017749585, 43.520103363639073 ], [ 6.031446893550472, 43.520109921990901 ], [ 6.031455905634764, 43.520289754892936 ], [ 6.031703030565799, 43.520283196500166 ], [ 6.031712043465338, 43.52046302935409 ] ], [ [ 6.035337706504763, 43.518746098435429 ], [ 6.035584824246695, 43.518739531837284 ], [ 6.035575800387288, 43.518559699574396 ], [ 6.035328683377211, 43.518566266131529 ], [ 6.035337706504763, 43.518746098435429 ] ], [ [ 6.044574267436241, 43.515439069177717 ], [ 6.044821369563199, 43.515432483013392 ], [ 6.044812319316498, 43.515252652188757 ], [ 6.044565217921241, 43.51525923831197 ], [ 6.044574267436241, 43.515439069177717 ] ] ] } },
{ "type": "Feature", "properties": { "surface_ha": 199.02 }, "geometry": { "type": "Polygon", "coordinates": [ [ [ 6.044951733347757, 43.527853970028161 ], [ 6.044933624316309, 43.527494309198957 ], [ 6.045180775566542, 43.52748772081241 ], [ 6.04516266540565, 43.527128060036723 ], [ 6.044915515619723, 43.527134648341011 ], [ 6.044897407257996, 43.526774987454317 ], [ 6.044650258852637, 43.526781575142898 ], [ 6.044668365750083, 43.527141236111852 ], [ 6.044174065759688, 43.527154410053186 ], [ 6.044155961790813, 43.526794748919727 ], [ 6.043908813134361, 43.526801335007988 ], [ 6.043917864344811, 43.526981165619389 ], [ 6.042434966256079, 43.527020671193227 ], [ 6.042444013157315, 43.527200502044138 ], [ 6.041949711660858, 43.527213666383375 ], [ 6.041940666223932, 43.527033835450254 ], [ 6.042187816281826, 43.527027253588457 ], [ 6.04215163244188, 43.526307929948601 ], [ 6.042645926449651, 43.526294764953477 ], [ 6.042636879234515, 43.526114934107731 ], [ 6.042884025380813, 43.526108350851125 ], [ 6.042874977517214, 43.525928520039322 ], [ 6.043122122847748, 43.525921936290366 ], [ 6.043113074335699, 43.525742105512478 ], [ 6.043607363281573, 43.525728936496506 ], [ 6.043589263580084, 43.525369275083619 ], [ 6.044083549262905, 43.525356104098435 ], [ 6.044074498073506, 43.525176273463437 ], [ 6.044568781957432, 43.525163100426852 ], [ 6.044550676901411, 43.524803439299781 ], [ 6.045044957522284, 43.524790264294047 ], [ 6.045035903655704, 43.524610433802003 ], [ 6.045530182477633, 43.524597256744954 ], [ 6.045512072067421, 43.524237595903806 ], [ 6.04575920988872, 43.524231006657459 ], [ 6.04575015407716, 43.524051176267264 ], [ 6.045503016987891, 43.52405776547247 ], [ 6.045484907079989, 43.523698104588213 ], [ 6.045237771371052, 43.523704693177784 ], [ 6.045228717274689, 43.523524862683722 ], [ 6.044981582214057, 43.523531450698741 ], [ 6.044963475736465, 43.523171789606835 ], [ 6.044716342056143, 43.523178377006232 ], [ 6.044725394521083, 43.523358207596914 ], [ 6.044231125445352, 43.523371380877848 ], [ 6.044213023527162, 43.523011719524803 ], [ 6.043718757044713, 43.523024890507727 ], [ 6.043709707675119, 43.522845059738188 ], [ 6.043462575040388, 43.522851644388496 ], [ 6.043444478016162, 43.522491982745656 ], [ 6.043938740274034, 43.522478813076127 ], [ 6.043947790208275, 43.522658643818929 ], [ 6.044442053595424, 43.522645471933728 ], [ 6.044433002197226, 43.522465641273179 ], [ 6.044680133033303, 43.522459054571662 ], [ 6.044671080986819, 43.522279223945041 ], [ 6.044423950882713, 43.522285810605453 ], [ 6.044414899651882, 43.522105979930544 ], [ 6.044909158312482, 43.522092806158625 ], [ 6.04490010570142, 43.521912975558756 ], [ 6.045394362563333, 43.521899799735706 ], [ 6.0454034166383, 43.522079630253316 ], [ 6.046639060987834, 43.522046681156333 ], [ 6.046630003253118, 43.521866850844468 ], [ 6.047124258942891, 43.521853667554517 ], [ 6.047133318141504, 43.522033497784101 ], [ 6.047380446592707, 43.522026905297956 ], [ 6.047362326815354, 43.521667244913957 ], [ 6.047609453718912, 43.521660651976788 ], [ 6.047600393223946, 43.521480821815167 ], [ 6.047847519311809, 43.521474228385827 ], [ 6.047838458168684, 43.521294398258185 ], [ 6.048332708629237, 43.521281209881813 ], [ 6.048341771236204, 43.521461039927111 ], [ 6.048588897072726, 43.521454444897749 ], [ 6.048597960495409, 43.52163427489468 ], [ 6.048845086980064, 43.52162767929083 ], [ 6.048826958754647, 43.521268019372101 ], [ 6.050062582601574, 43.521235033764562 ], [ 6.050044447392287, 43.520875374228993 ], [ 6.050785816303083, 43.520855576711703 ], [ 6.050776746628507, 43.520675747056721 ], [ 6.052506599362045, 43.520629534471986 ], [ 6.052497524648147, 43.520449705098358 ], [ 6.052991766067569, 43.520436496785351 ], [ 6.052982689973826, 43.520256667486962 ], [ 6.053724049278014, 43.520236851141341 ], [ 6.053714971072591, 43.520057021959509 ], [ 6.053962089940947, 43.520050415485592 ], [ 6.053953011087599, 43.519870586337831 ], [ 6.054447247108791, 43.519857371872597 ], [ 6.054410926680064, 43.519138055539528 ], [ 6.054905156510801, 43.519124839271193 ], [ 6.054896075149848, 43.518945010252452 ], [ 6.054401846782746, 43.518958226438293 ], [ 6.054374607594442, 43.518418739091331 ], [ 6.053880383282394, 43.518431952896535 ], [ 6.053862227170376, 43.518072294464275 ], [ 6.05361511635204, 43.518078900484475 ], [ 6.053624193634297, 43.518258729745448 ], [ 6.052882858480438, 43.518278544730187 ], [ 6.052864708390541, 43.517918885953598 ], [ 6.053111818728834, 43.517912281574432 ], [ 6.053093667510982, 43.517552622851547 ], [ 6.052846558636237, 43.517559227148247 ], [ 6.052837483884924, 43.517379397734764 ], [ 6.052590375658044, 43.517386001456977 ], [ 6.052581301722384, 43.517206171995085 ], [ 6.05208708648048, 43.517219377757293 ], [ 6.052096158952627, 43.517399207301629 ], [ 6.051849050474101, 43.517405809424076 ], [ 6.051839978733716, 43.5172259798385 ], [ 6.051592870903084, 43.517232581386459 ], [ 6.051583799978318, 43.517052751752487 ], [ 6.050842478178557, 43.517072553073248 ], [ 6.050851546908062, 43.517252382830847 ], [ 6.050604438742034, 43.517258982245814 ], [ 6.050622574989028, 43.517618641821855 ], [ 6.05037546527563, 43.517625240785947 ], [ 6.050393600394402, 43.517984900415627 ], [ 6.050146489133614, 43.517991498928843 ], [ 6.050164623124115, 43.518351158612177 ], [ 6.049670397423888, 43.518364354203591 ], [ 6.049679463081261, 43.518544184116848 ], [ 6.04893812170693, 43.518563973627948 ], [ 6.048929058244985, 43.518384143591128 ], [ 6.04917617138842, 43.518377547661899 ], [ 6.049158043252302, 43.518017887649037 ], [ 6.049652266360576, 43.518004694355511 ], [ 6.049643200954636, 43.517824864420668 ], [ 6.049890311651273, 43.51781826701518 ], [ 6.049872179627263, 43.517458607206322 ], [ 6.049377961077284, 43.517471801319303 ], [ 6.049350768060425, 43.516932311304963 ], [ 6.049103660855019, 43.516938907438011 ], [ 6.049112724378418, 43.517118737491145 ], [ 6.048865616357464, 43.517125333132121 ], [ 6.048856553565822, 43.516945503037782 ], [ 6.048362338736085, 43.516958692637594 ], [ 6.048353277491726, 43.516778862453734 ], [ 6.04810617068295, 43.516785456412585 ], [ 6.048124291791924, 43.517145116855495 ], [ 6.047877183435873, 43.517151710363422 ], [ 6.04785906379041, 43.51679204983818 ], [ 6.047364849754074, 43.516805235089656 ], [ 6.047382966472505, 43.517164895779544 ], [ 6.047135857865202, 43.517171487687705 ], [ 6.047144915618265, 43.517351318063021 ], [ 6.046897806195452, 43.517357909479074 ], [ 6.046870635382769, 43.516818418208082 ], [ 6.047117742610289, 43.516811826915493 ], [ 6.047099627690319, 43.516452166114561 ], [ 6.047346733370613, 43.516445574371005 ], [ 6.047337675304496, 43.516265744000911 ], [ 6.047831884950384, 43.516252558996406 ], [ 6.047822825504549, 43.516072728701452 ], [ 6.048069929470142, 43.516066135440497 ], [ 6.048078989647705, 43.516245965694317 ], [ 6.048326094261263, 43.516239371858958 ], [ 6.048317033351977, 43.516059541646314 ], [ 6.048564137150046, 43.516052947318904 ], [ 6.048573198791058, 43.516232777490373 ], [ 6.048820303237078, 43.516226182588518 ], [ 6.048829365693591, 43.516406012711649 ], [ 6.04907647078756, 43.516399417235391 ], [ 6.049094597415411, 43.516759077377664 ], [ 6.049341703889068, 43.516752481285785 ], [ 6.049323575797742, 43.516392821225899 ], [ 6.049570680724131, 43.516386224683188 ], [ 6.04956161607243, 43.516206394683621 ], [ 6.04931451187777, 43.516212991185164 ], [ 6.049278257035811, 43.51549367095032 ], [ 6.049031155684203, 43.515500266753904 ], [ 6.049003967627591, 43.514960776378729 ], [ 6.049251066784136, 43.514954180698695 ], [ 6.049242003534486, 43.514774350600405 ], [ 6.048994905109617, 43.514780946239284 ], [ 6.048985842675418, 43.514601116092649 ], [ 6.048738744898439, 43.514607711157133 ], [ 6.048720621744698, 43.514248050759932 ], [ 6.048967718058363, 43.514241455777814 ], [ 6.048958655875498, 43.514061625609635 ], [ 6.048711560293482, 43.514068220550563 ], [ 6.048702498926034, 43.513888390333982 ], [ 6.049937972340092, 43.51385541050324 ], [ 6.049965167668437, 43.514394900513622 ], [ 6.050706457296089, 43.514375105846064 ], [ 6.050715524768114, 43.514554935711566 ], [ 6.05120971889741, 43.514541736518098 ], [ 6.051200649962079, 43.514361906735026 ], [ 6.05144774616932, 43.514355306379692 ], [ 6.051456815836306, 43.514535136121566 ], [ 6.051703912691353, 43.514528535191829 ], [ 6.051694842292718, 43.514348705491166 ], [ 6.05194193833226, 43.514342104069442 ], [ 6.051951009462546, 43.514521933728886 ], [ 6.052198106149885, 43.514515331732753 ], [ 6.052243466717578, 43.51541447971595 ], [ 6.052490566979393, 43.515407876980476 ], [ 6.052499640076228, 43.515587706514324 ], [ 6.052746740985855, 43.51558110320439 ], [ 6.052737667157332, 43.515401273711788 ], [ 6.052984767251385, 43.515394669909881 ], [ 6.052975692775064, 43.515214840451314 ], [ 6.053469891248135, 43.515201631330321 ], [ 6.053460815392358, 43.515021801947029 ], [ 6.05370791377137, 43.515015196627964 ], [ 6.053698837267833, 43.514835367278714 ], [ 6.053945934831272, 43.51482876146769 ], [ 6.053909626729607, 43.514109444163701 ], [ 6.054156721282548, 43.514102837984446 ], [ 6.054138566271935, 43.513743179371808 ], [ 6.054385659277711, 43.513736572741848 ], [ 6.054376581166665, 43.513556743465969 ], [ 6.055364949424017, 43.513530311779355 ], [ 6.055355868470469, 43.513350482661295 ], [ 6.055602959593348, 43.51334387344798 ], [ 6.055593877992155, 43.513164044364011 ], [ 6.055840968299485, 43.513157434658744 ], [ 6.055831886050654, 43.51297760560886 ], [ 6.056326064950249, 43.512964384681396 ], [ 6.056316981322219, 43.512784555706837 ], [ 6.056564069914479, 43.512777944484633 ], [ 6.056554985638849, 43.512598115544144 ], [ 6.057296248717023, 43.512578278802401 ], [ 6.057278076028331, 43.512218621147582 ], [ 6.05752516208995, 43.512212007916617 ], [ 6.05751607514005, 43.512032179119679 ], [ 6.057763160386119, 43.51202556539684 ], [ 6.057781335833021, 43.512385222900896 ], [ 6.058028422458182, 43.512378608562308 ], [ 6.05801933396117, 43.51219877985519 ], [ 6.058513505496328, 43.512185549661133 ], [ 6.058504415620243, 43.512005721029411 ], [ 6.058010245548179, 43.51201895114086 ], [ 6.0580011572192, 43.511839122419318 ], [ 6.058248241565704, 43.511832507671457 ], [ 6.058239152589208, 43.511652678984042 ], [ 6.058980402929976, 43.511632831665601 ], [ 6.058989494101063, 43.511812660229097 ], [ 6.059236578111441, 43.51180604334867 ], [ 6.059245670098105, 43.511985871863672 ], [ 6.059492754755966, 43.511979254408786 ], [ 6.059501847558223, 43.512159082875279 ], [ 6.059996018084855, 43.512145846283474 ], [ 6.06000511243426, 43.512325674660111 ], [ 6.060746369788295, 43.512305815649796 ], [ 6.060737273244259, 43.512125987397141 ], [ 6.060984358129219, 43.512119366702073 ], [ 6.060975260937738, 43.511939538483581 ], [ 6.062210680443285, 43.511906427217788 ], [ 6.062219781292431, 43.512086255229583 ], [ 6.062961034180838, 43.51206638194838 ], [ 6.06297924052076, 43.512426037702163 ], [ 6.063226326111677, 43.512419412126086 ], [ 6.063235430139416, 43.512599239950802 ], [ 6.063976688601817, 43.512579359899526 ], [ 6.063985794908374, 43.51275918759292 ], [ 6.064727054807793, 43.512739302619181 ], [ 6.064736163393198, 43.51291913018121 ], [ 6.064983250589497, 43.512912500748946 ], [ 6.064992359990669, 43.513092328262402 ], [ 6.065239447834319, 43.513085698255551 ], [ 6.065266778737826, 43.513625180628452 ], [ 6.065019688699455, 43.513631810759456 ], [ 6.065028798437475, 43.513811638244093 ], [ 6.065275889207433, 43.513805008071664 ], [ 6.065294110399314, 43.514164662936494 ], [ 6.066035386593406, 43.514144768971832 ], [ 6.066017161011952, 43.513785114355436 ], [ 6.066758432058297, 43.513765215840699 ], [ 6.066749317199184, 43.513585388645929 ], [ 6.066996406647873, 43.513578754782763 ], [ 6.066969060381392, 43.513039273279425 ], [ 6.067216147551114, 43.513032639007349 ], [ 6.067207031565932, 43.512852811866608 ], [ 6.067948290374783, 43.512832905975813 ], [ 6.067939172279239, 43.512653078952098 ], [ 6.068186257648741, 43.512646442630285 ], [ 6.068168020247456, 43.512286788644154 ], [ 6.068415104069599, 43.512280151872069 ], [ 6.06839686554246, 43.51192049793999 ], [ 6.068643947817265, 43.511913860717641 ], [ 6.068634827948637, 43.511734033782204 ], [ 6.069128990782315, 43.51172075782106 ], [ 6.069119869534997, 43.511540930961317 ], [ 6.069366950093862, 43.511534292222507 ], [ 6.069376072072679, 43.511714119040818 ], [ 6.069623153278719, 43.51170747972742 ], [ 6.069614030568404, 43.511527652950562 ], [ 6.070355271486013, 43.511507731936042 ], [ 6.070346146665567, 43.511327905276353 ], [ 6.070840305392589, 43.511314622017338 ], [ 6.070831179193537, 43.511134795433378 ], [ 6.071078257699027, 43.511128153045675 ], [ 6.071069130852868, 43.510948326495999 ], [ 6.071316208542518, 43.510941683616629 ], [ 6.071325336120146, 43.511121510124859 ], [ 6.071819492709252, 43.511108222683895 ], [ 6.071810363668686, 43.510928396258628 ], [ 6.072304518457294, 43.510915106768202 ], [ 6.072295388038198, 43.5107352804187 ], [ 6.072789541026282, 43.510721988878835 ], [ 6.072816936925567, 43.511261467656738 ], [ 6.073064015487378, 43.511254820962655 ], [ 6.073082281305285, 43.511614473362194 ], [ 6.072835201280513, 43.511621120139282 ], [ 6.072844333584615, 43.511800946369739 ], [ 6.072103090809331, 43.511820883626726 ], [ 6.072130481644618, 43.512360362648238 ], [ 6.071636314983367, 43.512373651736226 ], [ 6.071645443967559, 43.51255347814525 ], [ 6.071151275505701, 43.512566765183642 ], [ 6.071160403111224, 43.512746591668446 ], [ 6.070913318022196, 43.512753234429397 ], [ 6.070904191148203, 43.512573407903133 ], [ 6.069915852874572, 43.51259997344971 ], [ 6.069924976822428, 43.512779800141864 ], [ 6.069677891311609, 43.512786440237093 ], [ 6.069687014612265, 43.51296626696346 ], [ 6.069934100854629, 43.512959626826763 ], [ 6.069943224971177, 43.513139453504472 ], [ 6.07068448538681, 43.513119529771068 ], [ 6.070720991475245, 43.513838835912196 ], [ 6.070473901828139, 43.513845477855696 ], [ 6.070483027829592, 43.514025304414425 ], [ 6.070235937366541, 43.514031945866201 ], [ 6.070254188159359, 43.514391599044984 ], [ 6.069760004053818, 43.51440488051491 ], [ 6.069750880078423, 43.514225053846204 ], [ 6.069503788630727, 43.514231693739966 ], [ 6.069494665471267, 43.514051867022587 ], [ 6.069000483786049, 43.514065145127674 ], [ 6.068991362174099, 43.513885318320213 ], [ 6.068003000718182, 43.513911867966584 ], [ 6.06799388211688, 43.51373204098612 ], [ 6.067746792273727, 43.513738677023376 ], [ 6.067774146135753, 43.514278158067349 ], [ 6.067032869516257, 43.514298063352946 ], [ 6.06707844999785, 43.515197198903493 ], [ 6.067819737591637, 43.515177292996519 ], [ 6.067828856135696, 43.515357119960719 ], [ 6.068323048906692, 43.515343846607273 ], [ 6.068304808976331, 43.514984192837375 ], [ 6.068551903772103, 43.514977555443728 ], [ 6.068542783201761, 43.5147977285894 ], [ 6.068295689137613, 43.514804365941629 ], [ 6.068286569383202, 43.514624539038657 ], [ 6.068533662715736, 43.514617901727917 ], [ 6.068506301763536, 43.514078421100095 ], [ 6.068753392816952, 43.51407178338048 ], [ 6.068771634830636, 43.514431437056679 ], [ 6.069018727262928, 43.514424798720988 ], [ 6.069036971077108, 43.514784452285447 ], [ 6.069284064888291, 43.514777813333716 ], [ 6.06930231050303, 43.515137466786427 ], [ 6.069055215228599, 43.515144105821079 ], [ 6.06906433743084, 43.515323932578099 ], [ 6.068817241340446, 43.515330571121005 ], [ 6.068835484534633, 43.515690224696257 ], [ 6.067599995501466, 43.515723409827316 ], [ 6.067609113566763, 43.515903236811312 ], [ 6.067114915900084, 43.5159165072142 ], [ 6.067124032586339, 43.516096334273833 ], [ 6.066382733259235, 43.516116236003363 ], [ 6.066391847834741, 43.51629606318005 ], [ 6.066144747158833, 43.516302696064884 ], [ 6.066153861086917, 43.516482523275783 ], [ 6.065906759595068, 43.516489155668808 ], [ 6.065915872875713, 43.516668982913941 ], [ 6.065668770567923, 43.516675614815142 ], [ 6.065677883201121, 43.516855442094467 ], [ 6.065924986240612, 43.516848810151828 ], [ 6.065943213223157, 43.517208464606014 ], [ 6.065696108720246, 43.517215096631439 ], [ 6.065723447630782, 43.517754578382892 ], [ 6.065476340848441, 43.5177612099993 ], [ 6.065485453255372, 43.517941037276771 ], [ 6.064991237974488, 43.517954298992663 ], [ 6.065000349002164, 43.518134126345714 ], [ 6.064753240503623, 43.518140756445177 ], [ 6.064762350883772, 43.518320583832462 ], [ 6.064021022687559, 43.518340471055524 ], [ 6.064030130956633, 43.518520298559729 ], [ 6.063288799807278, 43.518540181107625 ], [ 6.063279693733508, 43.518360353479281 ], [ 6.062785474009881, 43.518373605762186 ], [ 6.06276726504194, 43.518013950318391 ], [ 6.061531721577651, 43.51804707128003 ], [ 6.061522620878703, 43.517867243340518 ], [ 6.061028404367511, 43.517880487909714 ], [ 6.061019305216202, 43.517700659880326 ], [ 6.060772197566174, 43.517707281323702 ], [ 6.060781295985731, 43.517887109394422 ], [ 6.060287078969836, 43.517900350764094 ], [ 6.060277982013785, 43.517720522610695 ], [ 6.058795333338456, 43.517760233673677 ], [ 6.05877714845962, 43.517400576849404 ], [ 6.058530041516321, 43.517407193410918 ], [ 6.058511858437185, 43.517047536475204 ], [ 6.058264752873311, 43.517054152420876 ], [ 6.058292025422867, 43.517593637937509 ], [ 6.058044917579727, 43.517600253473816 ], [ 6.058081279228694, 43.518319567560461 ], [ 6.057834168374447, 43.518326182728721 ], [ 6.057861438298234, 43.518865668341988 ], [ 6.058108551347852, 43.518859053049852 ], [ 6.058090369851037, 43.518499396064108 ], [ 6.058337481353026, 43.518492780321296 ], [ 6.058328389998899, 43.518312951858967 ], [ 6.058575500685055, 43.518306335624139 ], [ 6.058566408683203, 43.518126507195909 ], [ 6.059307738041999, 43.518106655415906 ], [ 6.05931683223917, 43.518286483720196 ], [ 6.059811052854879, 43.518273246451258 ], [ 6.059829244428574, 43.518632902872973 ], [ 6.060323467635047, 43.518619663305664 ], [ 6.060341662472274, 43.518979319533251 ], [ 6.060588775412938, 43.518972698867024 ], [ 6.060606972050196, 43.519332354983128 ], [ 6.060854086370358, 43.519325733700953 ], [ 6.060872284807707, 43.519685389705572 ], [ 6.061366516122921, 43.519672145375992 ], [ 6.061357415398549, 43.519492317459985 ], [ 6.061851644913585, 43.519479071079999 ], [ 6.061842542809726, 43.519299243239487 ], [ 6.063325224944204, 43.519259491548965 ], [ 6.063334331438904, 43.519439319141313 ], [ 6.063087217228452, 43.519445945797607 ], [ 6.063105429006791, 43.519805601043394 ], [ 6.062858313248524, 43.519812227249162 ], [ 6.062867418532146, 43.519992054902637 ], [ 6.063114535022239, 43.519985428655474 ], [ 6.063123641121869, 43.520165256260356 ], [ 6.063370758259607, 43.520158629438548 ], [ 6.063388972175115, 43.520518284543954 ], [ 6.063636090692341, 43.520511657106105 ], [ 6.063626982960646, 43.520331829598376 ], [ 6.063874100661827, 43.520325201668605 ], [ 6.063864992282499, 43.52014537419506 ], [ 6.064359225968562, 43.520132116818431 ], [ 6.06435011620978, 43.519952289420452 ], [ 6.064597232194658, 43.519945659973594 ], [ 6.064588121788279, 43.519765832609806 ], [ 6.064835236957111, 43.519759202671032 ], [ 6.064826125903141, 43.519579375341429 ], [ 6.065567468708795, 43.519559482449722 ], [ 6.065558355543645, 43.519379655237103 ], [ 6.065805468911899, 43.519373023248022 ], [ 6.065796355099203, 43.519193196069629 ], [ 6.065302129742035, 43.519206459431651 ], [ 6.065283905296553, 43.518846804887595 ], [ 6.065531016553693, 43.518840173556001 ], [ 6.065521903725538, 43.518660346314583 ], [ 6.066016124523514, 43.518647082134457 ], [ 6.06600701031607, 43.51846725496862 ], [ 6.066501229313475, 43.518453988738301 ], [ 6.066492113726771, 43.518274161648094 ], [ 6.06822187244047, 43.518227713334447 ], [ 6.068212751815799, 43.518047886527029 ], [ 6.068459859134506, 43.518041248962064 ], [ 6.068450737862416, 43.517861422188901 ], [ 6.068697844365061, 43.517854784132183 ], [ 6.068716088457047, 43.518214437588455 ], [ 6.068468980490922, 43.518221075728086 ], [ 6.06847810193166, 43.51840090248686 ], [ 6.068230993149458, 43.518407540134675 ], [ 6.068249234820398, 43.518767193713458 ], [ 6.068002124490351, 43.518773830910909 ], [ 6.068020365035022, 43.519133484543723 ], [ 6.068514588537894, 43.519120209449845 ], [ 6.068505466759844, 43.518940382719897 ], [ 6.068999688461843, 43.518927105575841 ], [ 6.069017935029398, 43.519286758862712 ], [ 6.068770822757005, 43.51929339778426 ], [ 6.068807313977052, 43.520012704437271 ], [ 6.068560198693118, 43.52001934299134 ], [ 6.068569320977164, 43.520199169678008 ], [ 6.068075088692661, 43.520212445269209 ], [ 6.068084209597389, 43.520392272031557 ], [ 6.067837092596827, 43.520398909068668 ], [ 6.067809732331068, 43.519859428635698 ], [ 6.067315502467928, 43.519872700861455 ], [ 6.067306384011587, 43.519692873953169 ], [ 6.066812155274868, 43.519706143962964 ], [ 6.066839506505891, 43.520245624914736 ], [ 6.066592389815643, 43.520252259243975 ], [ 6.066610622927428, 43.520611913258598 ], [ 6.066363504689227, 43.520618547137403 ], [ 6.066372620639696, 43.520798374175321 ], [ 6.065878382446778, 43.520811640415872 ], [ 6.065887497017814, 43.52099146752937 ], [ 6.067123095527283, 43.520958297721251 ], [ 6.067113977296978, 43.520778470814811 ], [ 6.067608214647021, 43.520765199241318 ], [ 6.067626454119343, 43.521124852881279 ], [ 6.067873574131602, 43.521118216211718 ], [ 6.067891815404908, 43.521477869739996 ], [ 6.067644693928917, 43.521484506492413 ], [ 6.067653813960176, 43.521664333287191 ], [ 6.067406691667989, 43.521670969547763 ], [ 6.067424930519684, 43.522030623198489 ], [ 6.066930682754846, 43.522043894285403 ], [ 6.066939800843363, 43.522223721182826 ], [ 6.066445551277534, 43.522236990219255 ], [ 6.066482018619264, 43.522956298068259 ], [ 6.066234890782246, 43.522962931952158 ], [ 6.066253123494966, 43.523322585916262 ], [ 6.066005994109786, 43.523329219349662 ], [ 6.066024225695735, 43.523688873367732 ], [ 6.065035701456674, 43.52371540209915 ], [ 6.065008362987586, 43.523175920564334 ], [ 6.064761233913035, 43.523182551289608 ], [ 6.064752121990447, 43.52300272405553 ], [ 6.064504993563598, 43.52300935420606 ], [ 6.064495882457186, 43.522829526923374 ], [ 6.064001626814656, 43.522842785541634 ], [ 6.064010736457196, 43.523022612907106 ], [ 6.06376360777766, 43.5230292414576 ], [ 6.063781825851509, 43.523388896249685 ], [ 6.063534695623863, 43.523395524349631 ], [ 6.063552912570653, 43.523755179195639 ], [ 6.062811516990694, 43.523775060543592 ], [ 6.062829729882471, 43.524134715609044 ], [ 6.062582596390135, 43.524141341741057 ], [ 6.062591702230323, 43.524321169304365 ], [ 6.062344567921809, 43.524327794944348 ], [ 6.062353673114186, 43.524507622541805 ], [ 6.062600808154697, 43.524500996860439 ], [ 6.062628126432953, 43.525040479485483 ], [ 6.061886714470782, 43.52506035530174 ], [ 6.061923131236054, 43.525779665863965 ], [ 6.0621702715691, 43.525773040959827 ], [ 6.062188481920892, 43.526132696114985 ], [ 6.062435623633866, 43.5261260705947 ], [ 6.062462941989147, 43.526665553149321 ], [ 6.061474365847288, 43.52669205252635 ], [ 6.061456159382859, 43.526332397166257 ], [ 6.060961873735226, 43.526345643488881 ], [ 6.060970975461207, 43.526525471255241 ], [ 6.061218119059178, 43.526518848319284 ], [ 6.061236324227766, 43.526878503747689 ], [ 6.060742034019323, 43.52689174925159 ], [ 6.06073293285713, 43.526711921458293 ], [ 6.059991499109663, 43.526731785589462 ], [ 6.05996420271667, 43.526192301794318 ], [ 6.059717060162166, 43.526198921980544 ], [ 6.059726158143632, 43.526378749960827 ], [ 6.059479014772934, 43.52638536965496 ], [ 6.059469917523545, 43.526205541633367 ], [ 6.058975631993984, 43.526218779338777 ], [ 6.058966536292843, 43.526038951227356 ], [ 6.058719394133988, 43.526045569238633 ], [ 6.058701204448113, 43.525685912911541 ], [ 6.058206922806393, 43.525699147168616 ], [ 6.05821601614317, 43.525878975418401 ], [ 6.057968874464136, 43.525885591788153 ], [ 6.057977967152921, 43.526065420072037 ], [ 6.057730824657752, 43.526072035949682 ], [ 6.057749008823362, 43.526431692578463 ], [ 6.057501864779975, 43.526438308005318 ], [ 6.057529139462571, 43.526977793018403 ], [ 6.057281993138834, 43.52698440803573 ], [ 6.05730017521663, 43.527344064757749 ], [ 6.056805879388548, 43.527357293357291 ], [ 6.056778610790607, 43.52681780801575 ], [ 6.057025756550333, 43.52681119410655 ], [ 6.056998486512455, 43.526271708824069 ], [ 6.056751342949006, 43.526278322609357 ], [ 6.056742253836543, 43.526098494126167 ], [ 6.056495110921139, 43.526105107336811 ], [ 6.056504199301522, 43.526284935861256 ], [ 6.056257055570009, 43.526291548579749 ], [ 6.056275231118678, 43.526651205689646 ], [ 6.056028085838961, 43.526657817957286 ], [ 6.056037173007227, 43.526837646542717 ], [ 6.055790026911392, 43.526844258318221 ], [ 6.055780940475227, 43.526664429691479 ], [ 6.055533795027485, 43.526671040892268 ], [ 6.055542880731545, 43.52685086956027 ], [ 6.055295734467694, 43.526857480268916 ], [ 6.055304819523646, 43.527037308970982 ], [ 6.054563378031796, 43.527057138020126 ], [ 6.054527047097205, 43.526337822673419 ], [ 6.054774191416723, 43.526331213688863 ], [ 6.054765108160925, 43.526151384875462 ], [ 6.055012251664379, 43.526144775398734 ], [ 6.054985000204642, 43.525605289039149 ], [ 6.054737858897409, 43.525611898392079 ], [ 6.054728775977527, 43.525432069549879 ], [ 6.054481635318373, 43.525438678328108 ], [ 6.054490717506196, 43.525618507211597 ], [ 6.053749292828767, 43.525638330469704 ], [ 6.053758372904353, 43.525818159469701 ], [ 6.054252657570741, 43.525804944415192 ], [ 6.054270820902087, 43.526164602228626 ], [ 6.054023677146716, 43.526171210105105 ], [ 6.054032758206248, 43.526351039042289 ], [ 6.053291324240125, 43.526370859594955 ], [ 6.053300403187325, 43.526550688648683 ], [ 6.053053257631961, 43.526557294473974 ], [ 6.053062335930999, 43.526737123561738 ], [ 6.052320896565, 43.526756937960762 ], [ 6.052311820462291, 43.526577108749279 ], [ 6.05206467457123, 43.526583712440875 ], [ 6.05204652408175, 43.52622405391385 ], [ 6.051799379570983, 43.526230656989547 ], [ 6.051790305184193, 43.526050827674013 ], [ 6.0510488733448, 43.526070633576978 ], [ 6.051039801238165, 43.525890804130583 ], [ 6.050792657856023, 43.525897404990197 ], [ 6.050783586565347, 43.525717575495392 ], [ 6.050042158111976, 43.525737374750072 ], [ 6.050051227206405, 43.52591720436849 ], [ 6.049804083488824, 43.525923803094422 ], [ 6.049813151935011, 43.526103632746825 ], [ 6.048577428429118, 43.52613661858117 ], [ 6.0485683636434, 43.525956788722802 ], [ 6.04832121942286, 43.525963384248222 ], [ 6.048312155453044, 43.525783554341494 ], [ 6.047817868224747, 43.525796743709734 ], [ 6.047826930730379, 43.525976573698784 ], [ 6.046344062642205, 43.526016129248376 ], [ 6.046353120839017, 43.526195959477221 ], [ 6.046105975132389, 43.526202550242985 ], [ 6.046096917667683, 43.526022719973 ], [ 6.04584977260942, 43.526029310164191 ], [ 6.045858829342019, 43.526209140475324 ], [ 6.045611683467912, 43.52621573017425 ], [ 6.045656964726334, 43.527114881827842 ], [ 6.045904114261075, 43.527108291923199 ], [ 6.045940343703653, 43.527827612952116 ], [ 6.045693191240279, 43.527834203021307 ], [ 6.045684134486187, 43.527654372733714 ], [ 6.045189830772572, 43.52766755118946 ], [ 6.045198886062322, 43.527847381559333 ], [ 6.044951733347757, 43.527853970028161 ] ], [ [ 6.043414515570404, 43.526814505584127 ], [ 6.043661664394222, 43.526807920562774 ], [ 6.04365261399959, 43.526628089903021 ], [ 6.04340546590791, 43.526634674883276 ], [ 6.043414515570404, 43.526814505584127 ] ], [ [ 6.061456159382859, 43.526332397166257 ], [ 6.061703302080433, 43.526325773204832 ], [ 6.061694198242396, 43.526145945555307 ], [ 6.06144705627689, 43.526152569475386 ], [ 6.061456159382859, 43.526332397166257 ] ], [ [ 6.042911169473542, 43.526647843243431 ], [ 6.04340546590791, 43.526634674883276 ], [ 6.043396416329082, 43.526454844175255 ], [ 6.042902121358977, 43.526468012453179 ], [ 6.042911169473542, 43.526647843243431 ] ], [ [ 6.044146909931913, 43.526614918342204 ], [ 6.04439405777254, 43.526608331761629 ], [ 6.044385005265204, 43.526428501218071 ], [ 6.044632152290012, 43.526421914145196 ], [ 6.044623099134254, 43.526242083635573 ], [ 6.044128806465185, 43.526255257165644 ], [ 6.044146909931913, 43.526614918342204 ] ], [ [ 6.045126446088505, 43.526408738399127 ], [ 6.045373592862181, 43.526402149725925 ], [ 6.045364537510073, 43.526222319339723 ], [ 6.045117391468514, 43.526228907971756 ], [ 6.045126446088505, 43.526408738399127 ] ], [ [ 6.056733164808114, 43.5259186656358 ], [ 6.056980306907411, 43.525912051933091 ], [ 6.056971217230948, 43.525732223476773 ], [ 6.056724075863715, 43.525738837138228 ], [ 6.056733164808114, 43.5259186656358 ] ], [ [ 6.045108336932238, 43.526049077537209 ], [ 6.045355482241689, 43.526042488946295 ], [ 6.045346427057029, 43.525862658545705 ], [ 6.045099282479678, 43.52586924709545 ], [ 6.045108336932238, 43.526049077537209 ] ], [ [ 6.057410954634819, 43.524640024160391 ], [ 6.058646637408521, 43.524606943757419 ], [ 6.058637543196212, 43.524427115539872 ], [ 6.058884678766726, 43.524420497900444 ], [ 6.058866489130339, 43.524060841526385 ], [ 6.057877952199846, 43.524087308553298 ], [ 6.057868860435747, 43.523907480190211 ], [ 6.057127459051237, 43.523927324736079 ], [ 6.05711836956716, 43.523747496241917 ], [ 6.056871236336231, 43.523754109982519 ], [ 6.056898502844578, 43.524293595567336 ], [ 6.05739277361438, 43.524280367305003 ], [ 6.057410954634819, 43.524640024160391 ] ], [ [ 6.060056667482642, 43.523128605713843 ], [ 6.060303797424688, 43.523121985163534 ], [ 6.060276501686906, 43.522582501184303 ], [ 6.060523629349002, 43.522575880224665 ], [ 6.060505431147214, 43.522216224285124 ], [ 6.060258304948971, 43.522222845162112 ], [ 6.060249206706179, 43.522043017140234 ], [ 6.060002081155738, 43.522049637442521 ], [ 6.059992983728971, 43.521869809372099 ], [ 6.059498733839599, 43.521883048294079 ], [ 6.05950782980254, 43.522062876447158 ], [ 6.059260703999796, 43.522069495149466 ], [ 6.059269799314914, 43.522249323336709 ], [ 6.059022672696161, 43.52225594154698 ], [ 6.059031767363438, 43.522435769768322 ], [ 6.059278894714119, 43.522429151516675 ], [ 6.059306181416273, 43.522968636013488 ], [ 6.060047569551212, 43.522948777686651 ], [ 6.060056667482642, 43.523128605713843 ] ], [ [ 6.047920011472701, 43.522912869148129 ], [ 6.048167143332412, 43.522906274856098 ], [ 6.048149018325579, 43.522546614790969 ], [ 6.047901887929814, 43.522553209000691 ], [ 6.047892826284039, 43.522373378916178 ], [ 6.04764569653646, 43.52237997255137 ], [ 6.047636635706418, 43.522200142418512 ], [ 6.047142377423871, 43.522213328006444 ], [ 6.047151436789993, 43.522393158221654 ], [ 6.046657176708498, 43.522406341758511 ], [ 6.046666234694444, 43.522586172048833 ], [ 6.047160496239873, 43.522572988429651 ], [ 6.047169555773514, 43.522752818630458 ], [ 6.047910949659366, 43.522733039077998 ], [ 6.047920011472701, 43.522912869148129 ] ], [ [ 6.064688340891043, 43.521743933215163 ], [ 6.065182587245232, 43.521730671893671 ], [ 6.065173474532777, 43.521550844684732 ], [ 6.064679229642364, 43.521564105923446 ], [ 6.064688340891043, 43.521743933215163 ] ], [ [ 6.066912446830704, 43.52168424046895 ], [ 6.067406691667989, 43.521670969547763 ], [ 6.067397572368609, 43.521491142711575 ], [ 6.066903328995077, 43.521504413549877 ], [ 6.066912446830704, 43.52168424046895 ] ], [ [ 6.062391393191865, 43.5203649612478 ], [ 6.062885629351925, 43.520351710187917 ], [ 6.062876523899946, 43.520171882548887 ], [ 6.062382289203566, 43.520185133526034 ], [ 6.062391393191865, 43.5203649612478 ] ], [ [ 6.059627609446009, 43.5195386629916 ], [ 6.059874724834404, 43.519532043801235 ], [ 6.059865628585054, 43.519352215629972 ], [ 6.059618513928475, 43.519358834779041 ], [ 6.059627609446009, 43.5195386629916 ] ], [ [ 6.067782372824131, 43.519319948137827 ], [ 6.068029485433831, 43.519313311349343 ], [ 6.068020365035022, 43.519133484543723 ], [ 6.067773253157108, 43.519140121290775 ], [ 6.067782372824131, 43.519319948137827 ] ], [ [ 6.053862227170376, 43.518072294464275 ], [ 6.054109337904793, 43.518065687910806 ], [ 6.054091180664927, 43.517706029532249 ], [ 6.053844071394064, 43.517712636003239 ], [ 6.053862227170376, 43.518072294464275 ] ], [ [ 6.054329210626059, 43.517519593369208 ], [ 6.05482342728459, 43.517506377843453 ], [ 6.054814346679213, 43.517326548759975 ], [ 6.055802776061816, 43.51730011147454 ], [ 6.055784609248964, 43.516940453616051 ], [ 6.056031714921214, 43.516933843044121 ], [ 6.056022630909017, 43.51675401414537 ], [ 6.055528420944007, 43.516767234673452 ], [ 6.05551933847924, 43.516587405684952 ], [ 6.055766442772005, 43.5165807957288 ], [ 6.055748276630933, 43.516221137812742 ], [ 6.055995379376302, 43.5162145274059 ], [ 6.055986295700016, 43.516034698478364 ], [ 6.055492091588716, 43.516047918676279 ], [ 6.055501173801595, 43.516227747686358 ], [ 6.055254070888293, 43.516234357026747 ], [ 6.055263152453422, 43.516414186070911 ], [ 6.05501604872445, 43.51642079491932 ], [ 6.055025129641818, 43.516600623997533 ], [ 6.054778025097177, 43.516607232353977 ], [ 6.054796185720302, 43.516966890571375 ], [ 6.054549079628254, 43.516973498477086 ], [ 6.054558159333995, 43.517153327616249 ], [ 6.054311052426263, 43.51715993502998 ], [ 6.054329210626059, 43.517519593369208 ] ], [ [ 6.049872179627263, 43.517458607206322 ], [ 6.050119288776536, 43.517452009349967 ], [ 6.050110222158483, 43.517272179475945 ], [ 6.049863113740977, 43.517278777291111 ], [ 6.049872179627263, 43.517458607206322 ] ], [ [ 6.050110222158483, 43.517272179475945 ], [ 6.050357330492171, 43.517265581127504 ], [ 6.05034826322618, 43.517085751287475 ], [ 6.050595370744284, 43.517079152446996 ], [ 6.050577235000282, 43.516719492827804 ], [ 6.051071446858003, 43.516706293711849 ], [ 6.051053308522392, 43.516346634228732 ], [ 6.051300412862032, 43.516340033953313 ], [ 6.051291343088267, 43.516160204242162 ], [ 6.051538446612337, 43.516153603474713 ], [ 6.051529376190707, 43.51597377379759 ], [ 6.051035170522148, 43.515986974716782 ], [ 6.051026101647785, 43.51580714495006 ], [ 6.050778999419449, 43.515813744568597 ], [ 6.050769931360628, 43.515633914753451 ], [ 6.050275728115875, 43.515647112308478 ], [ 6.050321061931152, 43.516546261724315 ], [ 6.050073956524457, 43.516552859907939 ], [ 6.050110222158483, 43.517272179475945 ] ], [ [ 6.058511858437185, 43.517047536475204 ], [ 6.058758963917012, 43.517040919996347 ], [ 6.058740779710622, 43.516681263114464 ], [ 6.058987883642947, 43.51667464618501 ], [ 6.058978790934119, 43.516494817774557 ], [ 6.059225894050674, 43.516488200353152 ], [ 6.0592168006942, 43.516308371976848 ], [ 6.059463902994985, 43.516301754063534 ], [ 6.05945480899088, 43.516121925721336 ], [ 6.059207707421792, 43.516128543593339 ], [ 6.05918042810895, 43.515589058399613 ], [ 6.059427527482987, 43.515582440651578 ], [ 6.059418433815158, 43.515402612280603 ], [ 6.059912630847682, 43.515389375267539 ], [ 6.059858061826348, 43.514310405386233 ], [ 6.05911677932108, 43.514330259362254 ], [ 6.059125871752892, 43.514510087817769 ], [ 6.058384586296236, 43.514529937119022 ], [ 6.058393676617187, 43.514709765691251 ], [ 6.057652388209289, 43.514729610317666 ], [ 6.057670564713392, 43.515089267688339 ], [ 6.057917662396687, 43.515082653263477 ], [ 6.057935840700195, 43.515442310522765 ], [ 6.058182939762795, 43.515435695482104 ], [ 6.058192029772264, 43.515615524059641 ], [ 6.057697830099687, 43.515628753690393 ], [ 6.057725096242166, 43.516168239627611 ], [ 6.057972198315535, 43.516161624954982 ], [ 6.057999467409354, 43.516701110703536 ], [ 6.058246571593819, 43.516694495373748 ], [ 6.058237481080131, 43.516514666839385 ], [ 6.058484584448844, 43.516508051017695 ], [ 6.058511858437185, 43.517047536475204 ] ], [ [ 6.054979725894484, 43.515701478534467 ], [ 6.056215229065678, 43.515668429785421 ], [ 6.056206144909635, 43.515488600877546 ], [ 6.054970645396858, 43.515521649420222 ], [ 6.054979725894484, 43.515701478534467 ] ], [ [ 6.065595872535011, 43.515236996321242 ], [ 6.066090065359637, 43.515223732648103 ], [ 6.066080952021316, 43.515043905386747 ], [ 6.066328047575622, 43.51503727279178 ], [ 6.066337161645584, 43.515217100011746 ], [ 6.066584257847268, 43.515210466842177 ], [ 6.066566028328338, 43.514850812477896 ], [ 6.066318933589917, 43.514857445564637 ], [ 6.066309819688464, 43.514677618330282 ], [ 6.066062725597414, 43.514684250842365 ], [ 6.066053612511834, 43.514504423559416 ], [ 6.065559425540239, 43.514517686901321 ], [ 6.065550314002125, 43.514337859528318 ], [ 6.06505612815683, 43.514351120654688 ], [ 6.065047018166164, 43.514171293191687 ], [ 6.064799925848792, 43.514177922913696 ], [ 6.064827253878601, 43.514717405405264 ], [ 6.065568537162581, 43.514697514267091 ], [ 6.065595872535011, 43.515236996321242 ] ], [ [ 6.049763394523251, 43.515300647749157 ], [ 6.050504695377396, 43.515280854063313 ], [ 6.050495628301746, 43.515101024185405 ], [ 6.049754329642653, 43.515120817747651 ], [ 6.049763394523251, 43.515300647749157 ] ], [ [ 6.062594296637081, 43.514597222165193 ], [ 6.06308848562943, 43.514583971619757 ], [ 6.063079381407492, 43.514404143832913 ], [ 6.062585193878389, 43.514417394295634 ], [ 6.062594296637081, 43.514597222165193 ] ], [ [ 6.061322426786138, 43.513911026849463 ], [ 6.062063702631176, 43.513891158725535 ], [ 6.062045500797507, 43.51353150275613 ], [ 6.061551319911323, 43.513544748539864 ], [ 6.061560419322904, 43.513724576610855 ], [ 6.061313328022037, 43.513731198744331 ], [ 6.061322426786138, 43.513911026849463 ] ] ] } },
{ "type": "Feature", "properties": { "surface_ha": 6.2 }, "geometry": { "type": "Polygon", "coordinates": [ [ [ 6.074372501587725, 43.512660187260266 ], [ 6.074363364472378, 43.512480361314907 ], [ 6.074116281212313, 43.51248701096516 ], [ 6.074088872567581, 43.511947532961344 ], [ 6.074335953633127, 43.511940883435649 ], [ 6.074317680162609, 43.511581231480065 ], [ 6.074070600560037, 43.511587880922711 ], [ 6.074061464682948, 43.511408054892598 ], [ 6.07430854355404, 43.511401405491455 ], [ 6.074262861778066, 43.510502275440125 ], [ 6.074757011952292, 43.510488975453676 ], [ 6.074747874387593, 43.510309149504828 ], [ 6.075242022761077, 43.510295847469088 ], [ 6.075260300900701, 43.51065549919349 ], [ 6.07600152721592, 43.510635541892505 ], [ 6.075992385909549, 43.510455716158518 ], [ 6.076486534900986, 43.510442408708784 ], [ 6.076477392216256, 43.510262583050668 ], [ 6.076724465853774, 43.510255928567716 ], [ 6.076715322522135, 43.510076102943906 ], [ 6.077209468080763, 43.510062792461873 ], [ 6.077200323370817, 43.509882966913942 ], [ 6.077447395291919, 43.509876310914862 ], [ 6.077456540733277, 43.510056136421227 ], [ 6.077950685784682, 43.510042822740694 ], [ 6.077978127004555, 43.510582298967073 ], [ 6.078472276106281, 43.5105689829048 ], [ 6.078481424811558, 43.510748808216022 ], [ 6.078234349571541, 43.510755466555267 ], [ 6.078252645772914, 43.511115117239193 ], [ 6.078005568985438, 43.511121775128501 ], [ 6.078023864062157, 43.511481425866691 ], [ 6.076788471541887, 43.511514707732232 ], [ 6.076797615549721, 43.511694533298311 ], [ 6.076303456486918, 43.51170784239585 ], [ 6.076312599116313, 43.511887668037801 ], [ 6.076559679421462, 43.511881013714046 ], [ 6.076568822866864, 43.512060839307225 ], [ 6.076321741830226, 43.512067493672511 ], [ 6.076330884628654, 43.51224731930003 ], [ 6.075836720838838, 43.512260626514369 ], [ 6.075855003763215, 43.512620277913896 ], [ 6.075607920278527, 43.512626930804466 ], [ 6.0755987795056, 43.512447105066755 ], [ 6.075351696667927, 43.512453757382652 ], [ 6.075360836709339, 43.512633583161886 ], [ 6.074372501587725, 43.512660187260266 ] ] ] } },
{ "type": "Feature", "properties": { "surface_ha": 1.12 }, "geometry": { "type": "Polygon", "coordinates": [ [ [ 6.078655306841414, 43.509303546984363 ], [ 6.078627860814757, 43.508764070980469 ], [ 6.078133726510136, 43.508777387277519 ], [ 6.078115432507301, 43.508417736405903 ], [ 6.077868366690876, 43.508424393671696 ], [ 6.077859220547638, 43.508244568183493 ], [ 6.078106285632714, 43.508237910959274 ], [ 6.078097138842678, 43.508058085505425 ], [ 6.078344203111863, 43.508051427789695 ], [ 6.078335055675042, 43.507871602370201 ], [ 6.078582119128335, 43.507864944163018 ], [ 6.078591267296489, 43.508044769540938 ], [ 6.078838331396551, 43.508038110759138 ], [ 6.078847480380611, 43.508217936088265 ], [ 6.079094545127443, 43.508211276731885 ], [ 6.079121994781109, 43.508750752551251 ], [ 6.079369061637415, 43.50874409253705 ], [ 6.079359910936922, 43.508564267312714 ], [ 6.079606976977283, 43.508557606807031 ], [ 6.079616128409135, 43.508737431989772 ], [ 6.079863195096258, 43.508730770909459 ], [ 6.079872347344066, 43.508910596043393 ], [ 6.07962527992558, 43.508917257165294 ], [ 6.079634431526621, 43.509097082333597 ], [ 6.079387363292166, 43.509103742964022 ], [ 6.079396514246424, 43.509283568166708 ], [ 6.078655306841414, 43.509303546984363 ] ], [ [ 6.078618712308341, 43.508584245631432 ], [ 6.078865778602443, 43.508577586724918 ], [ 6.078847480380611, 43.508217936088265 ], [ 6.078600415549207, 43.50822459491166 ], [ 6.078618712308341, 43.508584245631432 ] ] ] } },
{ "type": "Feature", "properties": { "surface_ha": 13.88 }, "geometry": { "type": "Polygon", "coordinates": [ [ [ 6.049154624824167, 43.488486122967011 ], [ 6.049145570227767, 43.488306292017732 ], [ 6.048651589096699, 43.488319475988099 ], [ 6.048624430193603, 43.487779982850185 ], [ 6.048377441694563, 43.487786573912821 ], [ 6.048368389624856, 43.487606742811309 ], [ 6.048121401772812, 43.487613333300089 ], [ 6.048112350517416, 43.487433502150239 ], [ 6.048359337638812, 43.487426911702627 ], [ 6.048350285736426, 43.487247080586748 ], [ 6.048597272043521, 43.487240489647562 ], [ 6.04857916702846, 43.486880827476568 ], [ 6.048826151790629, 43.486874236086983 ], [ 6.048808045648988, 43.486514573969522 ], [ 6.049302011999848, 43.48650138975696 ], [ 6.04929295759332, 43.48632155876976 ], [ 6.049539939912624, 43.486314965905621 ], [ 6.049530884859181, 43.486135134952377 ], [ 6.049777866364204, 43.486128541596727 ], [ 6.049786922148246, 43.48630837250878 ], [ 6.050280886368392, 43.486295184117054 ], [ 6.05025371488382, 43.4857556916064 ], [ 6.05000673500736, 43.485762285945071 ], [ 6.049997678743821, 43.485582455052622 ], [ 6.049750699514236, 43.485589048817452 ], [ 6.049741644064965, 43.485409217876672 ], [ 6.049247686815873, 43.485422403725977 ], [ 6.049229579090635, 43.485062741658155 ], [ 6.049970510455386, 43.485042962332173 ], [ 6.049961454526631, 43.484863131410954 ], [ 6.049714478219281, 43.484869725011109 ], [ 6.049705423104761, 43.484689894041551 ], [ 6.049458447444266, 43.484696487067858 ], [ 6.049449393143971, 43.484516656049962 ], [ 6.04969636807393, 43.484510063064818 ], [ 6.049678258263316, 43.484150401089764 ], [ 6.050913124352469, 43.484117428585996 ], [ 6.050922182868529, 43.484297259371218 ], [ 6.051169156565752, 43.484290663231363 ], [ 6.051160097319173, 43.484110832487261 ], [ 6.051407070202154, 43.484104235855966 ], [ 6.051398010308791, 43.483924405145927 ], [ 6.051891954362545, 43.483911210367751 ], [ 6.051901015716922, 43.484091040995409 ], [ 6.052147988348695, 43.484084442766168 ], [ 6.052138926263809, 43.483904612179686 ], [ 6.052385898081322, 43.483898013459019 ], [ 6.052376835349689, 43.483718182906557 ], [ 6.052623806352948, 43.483711583694436 ], [ 6.052641933360979, 43.484071244709774 ], [ 6.052888905741477, 43.484064644882615 ], [ 6.052879841465079, 43.483884814419767 ], [ 6.053126813031305, 43.483878214101189 ], [ 6.053117748108177, 43.483698383672341 ], [ 6.052870777272448, 43.4837049839497 ], [ 6.052843585197167, 43.483165492496418 ], [ 6.052596616469119, 43.483172092117528 ], [ 6.052578490298696, 43.482812431030268 ], [ 6.053072424749162, 43.48279923142028 ], [ 6.053063360328677, 43.48261940094828 ], [ 6.053310326697801, 43.482612800385567 ], [ 6.05333752240196, 43.48315229165631 ], [ 6.05358449087869, 43.483145690437354 ], [ 6.05364795556751, 43.484404502862176 ], [ 6.053894929073907, 43.484397900822053 ], [ 6.053913064057308, 43.484757561367658 ], [ 6.054160038940951, 43.484750958712425 ], [ 6.05419631283555, 43.485470279552437 ], [ 6.05444329055755, 43.485463676199615 ], [ 6.054488638464431, 43.48636282688166 ], [ 6.05424165708957, 43.486369430440611 ], [ 6.054205381518726, 43.485650109744462 ], [ 6.053958402982354, 43.485656712605831 ], [ 6.053949335029737, 43.485476882372581 ], [ 6.053702357140117, 43.485483484660065 ], [ 6.05369329000186, 43.485303654378413 ], [ 6.053446312759, 43.485310256092006 ], [ 6.053464445658197, 43.485669916730608 ], [ 6.053217466870429, 43.48567651799398 ], [ 6.053244664655945, 43.486216009021568 ], [ 6.052997683592657, 43.486222609875895 ], [ 6.052988618310948, 43.486042779499364 ], [ 6.052741637894465, 43.486049379779843 ], [ 6.052750702445589, 43.4862292101976 ], [ 6.052503721214745, 43.48623580998661 ], [ 6.052512785119053, 43.486415640438373 ], [ 6.052018820944886, 43.486428838500757 ], [ 6.052036946082394, 43.486788499547565 ], [ 6.051789962408462, 43.486795097862121 ], [ 6.051817148551049, 43.487334589502012 ], [ 6.051323176568199, 43.487347784780226 ], [ 6.051332237321962, 43.487527615394846 ], [ 6.051085250474285, 43.48753421227611 ], [ 6.051094310581145, 43.487714042924743 ], [ 6.050600335173302, 43.487727235171484 ], [ 6.050609393902589, 43.4879070658953 ], [ 6.050362405342431, 43.487913661260791 ], [ 6.05037146342478, 43.488093492018614 ], [ 6.05012447405024, 43.488100086892572 ], [ 6.050133531485642, 43.488279917684366 ], [ 6.049392560667778, 43.488299699233472 ], [ 6.049401615994856, 43.488479530141589 ], [ 6.049154624824167, 43.488486122967011 ] ] ] } },
{ "type": "Feature", "properties": { "surface_ha": 217.04 }, "geometry": { "type": "Polygon", "coordinates": [ [ [ 6.025079415444639, 43.496689239490919 ], [ 6.025061444043243, 43.49632957006925 ], [ 6.024814415300998, 43.496336111253292 ], [ 6.024805430455925, 43.496156276490865 ], [ 6.024558402361673, 43.496162817101137 ], [ 6.02454941833068, 43.495982982290705 ], [ 6.023808335742816, 43.496002600801653 ], [ 6.023799353987949, 43.495822765861554 ], [ 6.023305299976323, 43.495835842122695 ], [ 6.023287339639737, 43.495476172057721 ], [ 6.023040313971457, 43.495482709307311 ], [ 6.023022355428902, 43.495123039132039 ], [ 6.022528306767399, 43.495136111869272 ], [ 6.022519329082619, 43.494956276689265 ], [ 6.022272305358393, 43.49496281221775 ], [ 6.022263328487586, 43.494782976989775 ], [ 6.022016305411382, 43.494789511944546 ], [ 6.02200732935454, 43.494609676668595 ], [ 6.02176030692636, 43.494616211049696 ], [ 6.021742356523529, 43.494256540394737 ], [ 6.020754271829147, 43.494282672263999 ], [ 6.020745299676057, 43.494102836762607 ], [ 6.019510195597088, 43.494135489405622 ], [ 6.019519164095295, 43.494315325110882 ], [ 6.018778098460173, 43.494334910424499 ], [ 6.018787064848317, 43.494514746244917 ], [ 6.018540042073193, 43.494521273657782 ], [ 6.01857590553053, 43.495240617030859 ], [ 6.01832887974851, 43.495247144073879 ], [ 6.018337845089005, 43.495426979939992 ], [ 6.018090818493093, 43.495433506490869 ], [ 6.018099783185423, 43.495613342390591 ], [ 6.017852755775619, 43.495619868449296 ], [ 6.017861719819774, 43.495799704382598 ], [ 6.016626577872841, 43.495832326886266 ], [ 6.016635538344613, 43.496012163016125 ], [ 6.016882567630723, 43.496005639540485 ], [ 6.016891528916375, 43.496185475622447 ], [ 6.016644498899209, 43.496191999138816 ], [ 6.01667138105995, 43.496731507463934 ], [ 6.015930283931885, 43.496751075182139 ], [ 6.015903408350792, 43.496211566490466 ], [ 6.015656378002367, 43.496218087875185 ], [ 6.015647420372007, 43.496038251589582 ], [ 6.015153360888894, 43.49605129267885 ], [ 6.015171273308153, 43.496410965405715 ], [ 6.014924241980286, 43.496417485232385 ], [ 6.014933197583016, 43.496597321625799 ], [ 6.014439133216798, 43.496610359761753 ], [ 6.014448087440139, 43.496790196229433 ], [ 6.013954021280684, 43.496803232315116 ], [ 6.013936115841099, 43.496443559209823 ], [ 6.013689084099407, 43.496450076371865 ], [ 6.013680132234816, 43.496270239767796 ], [ 6.013433101141451, 43.496276756356217 ], [ 6.013424150090673, 43.496096919704307 ], [ 6.013177119645642, 43.496103435719128 ], [ 6.013168169408662, 43.49592359901937 ], [ 6.012921139611966, 43.495930114460599 ], [ 6.012903240848298, 43.495570440958282 ], [ 6.013150269182888, 43.49556392559839 ], [ 6.013114469724056, 43.494844578670616 ], [ 6.012867444313598, 43.494851093867716 ], [ 6.012849546542548, 43.494491420279523 ], [ 6.013096570490982, 43.494484905163766 ], [ 6.013087620998528, 43.494305068399633 ], [ 6.014075713040972, 43.494279002770448 ], [ 6.014084665457428, 43.494458839371823 ], [ 6.014578712444187, 43.494445803278502 ], [ 6.014569758565736, 43.494265966758519 ], [ 6.01481678120398, 43.494259447953233 ], [ 6.014789917872235, 43.493719938472452 ], [ 6.015036938234767, 43.493713419256409 ], [ 6.015027983225413, 43.493533582789198 ], [ 6.015522022240217, 43.493520542839889 ], [ 6.015530978711504, 43.493700379225693 ], [ 6.015777998825698, 43.493693858411035 ], [ 6.015760084503984, 43.493334185713749 ], [ 6.016007103073463, 43.493327664447634 ], [ 6.015998145305842, 43.493147828128983 ], [ 6.016245163061573, 43.493141306370738 ], [ 6.016272038805707, 43.49368081518309 ], [ 6.016025018857102, 43.493687337063491 ], [ 6.016033976873117, 43.493867173360663 ], [ 6.016280997552693, 43.493860651439547 ], [ 6.016307874290494, 43.494400160165995 ], [ 6.016554897080214, 43.494393637589816 ], [ 6.016563856889429, 43.494573473776931 ], [ 6.016810880327328, 43.494566950627132 ], [ 6.016801919787116, 43.494387114480759 ], [ 6.017048942411197, 43.494380590838801 ], [ 6.017031020117274, 43.494020918606054 ], [ 6.017278041196558, 43.494014394512696 ], [ 6.017269079442865, 43.493834558426308 ], [ 6.017516099708342, 43.493828033840821 ], [ 6.017507137306515, 43.493648197787998 ], [ 6.017754156758188, 43.493641672710396 ], [ 6.017736230741138, 43.493282000664813 ], [ 6.017983248648054, 43.493275475135825 ], [ 6.017974285032852, 43.493095639143029 ], [ 6.018221302125975, 43.493089113121918 ], [ 6.018212337862684, 43.492909277162717 ], [ 6.018706370338485, 43.492896223603474 ], [ 6.018697404696196, 43.492716387718623 ], [ 6.01894442007887, 43.492709860180483 ], [ 6.01891752145646, 43.492170352605235 ], [ 6.019164534563521, 43.492163824656515 ], [ 6.019155567790897, 43.491983988824543 ], [ 6.019402580084177, 43.491977460383744 ], [ 6.019393612663541, 43.491797624585402 ], [ 6.019146601101151, 43.491804152985416 ], [ 6.019110735170927, 43.491084809557329 ], [ 6.018863726449162, 43.491091337261459 ], [ 6.018836830064224, 43.490551829492929 ], [ 6.019083836593433, 43.490545301911055 ], [ 6.019065904622791, 43.490185630111078 ], [ 6.019559914509253, 43.490172573511956 ], [ 6.019568881914801, 43.49035240933398 ], [ 6.020062892931395, 43.490339350522099 ], [ 6.020080830914494, 43.490699021981612 ], [ 6.020327837760123, 43.490692491694944 ], [ 6.020318867996284, 43.490512656009528 ], [ 6.020565874028168, 43.490506125230795 ], [ 6.020556903616399, 43.490326289579038 ], [ 6.021050913969765, 43.490313226504696 ], [ 6.020997084470531, 43.489234212933042 ], [ 6.021491085722524, 43.489221148217005 ], [ 6.021464167707657, 43.488681641579213 ], [ 6.021711166016935, 43.488675108544406 ], [ 6.02170219278041, 43.488495273024974 ], [ 6.021455195201894, 43.488501806018959 ], [ 6.021446222779058, 43.488321970451551 ], [ 6.021199225848369, 43.488328502871994 ], [ 6.021190254239208, 43.488148667256638 ], [ 6.021437250439149, 43.488142134876945 ], [ 6.021428278182166, 43.487962299295219 ], [ 6.021181282712964, 43.487968831634099 ], [ 6.021172311269644, 43.487788996004419 ], [ 6.020925316448264, 43.487795527769762 ], [ 6.020889434427017, 43.487076185016235 ], [ 6.021630409873778, 43.487056588611416 ], [ 6.021603492652114, 43.486517081838187 ], [ 6.021850482109775, 43.486510548760137 ], [ 6.021841509137724, 43.486330713195528 ], [ 6.022088497781776, 43.486324179625555 ], [ 6.022097471484505, 43.486504015149372 ], [ 6.022344460776297, 43.486497481005863 ], [ 6.022362409891946, 43.486857151950396 ], [ 6.022609400562168, 43.486850617192573 ], [ 6.022582474821061, 43.486311110887421 ], [ 6.023076451528542, 43.486298040018411 ], [ 6.023067474986074, 43.486118204650666 ], [ 6.023561449900365, 43.48610513173238 ], [ 6.023552471979535, 43.485925296439078 ], [ 6.023799458581562, 43.485918759221683 ], [ 6.023790480013058, 43.485738923962053 ], [ 6.023543494141684, 43.485745461138634 ], [ 6.023534516386805, 43.485565625831015 ], [ 6.023781501527533, 43.485559088695254 ], [ 6.023772523124989, 43.485379253421279 ], [ 6.0235255387149, 43.485385790516204 ], [ 6.02351656112597, 43.485205955194274 ], [ 6.02326957736354, 43.4852124917157 ], [ 6.023251623895837, 43.484852820968669 ], [ 6.023992570550471, 43.484833210051214 ], [ 6.023974613030973, 43.48447353952043 ], [ 6.02422159362201, 43.484467001564198 ], [ 6.024230573070873, 43.484646836792358 ], [ 6.024477554309527, 43.484640298262619 ], [ 6.024450614020119, 43.484100792679172 ], [ 6.024944571864865, 43.4840877142666 ], [ 6.024953553339513, 43.484267549386551 ], [ 6.025200532867966, 43.484261009340436 ], [ 6.025218497527482, 43.484620679477239 ], [ 6.025959439998291, 43.484601055897642 ], [ 6.025941470955209, 43.484241386005898 ], [ 6.026188450151562, 43.484234843829036 ], [ 6.026179465023991, 43.484055008913288 ], [ 6.026426443406723, 43.484048466244587 ], [ 6.026435429264875, 43.484228301119501 ], [ 6.026682408295138, 43.484221757877258 ], [ 6.026673421706406, 43.484041923043215 ], [ 6.026920399923035, 43.484035379309184 ], [ 6.026902425533589, 43.483675709701274 ], [ 6.026655448778099, 43.483682253353592 ], [ 6.026646462438525, 43.483502418498041 ], [ 6.027140414405326, 43.483489330742451 ], [ 6.027131426687697, 43.483309495961457 ], [ 6.02762537686114, 43.48329640615691 ], [ 6.027616387765489, 43.483116571450488 ], [ 6.027863361997055, 43.483110025790126 ], [ 6.027854372253945, 43.482930191117354 ], [ 6.028101345671893, 43.482923644965211 ], [ 6.028092355281336, 43.482743810326184 ], [ 6.028339327885667, 43.482737263682239 ], [ 6.028330336847675, 43.482557429076927 ], [ 6.028824280346013, 43.482544334272852 ], [ 6.028815287930092, 43.482364499742147 ], [ 6.029309229634978, 43.482351402889272 ], [ 6.029300235841156, 43.482171568433181 ], [ 6.029794175752559, 43.482158469531527 ], [ 6.029812166345344, 43.482518138272965 ], [ 6.030059137637359, 43.482511587941396 ], [ 6.030068133788967, 43.482691422260444 ], [ 6.030315105728354, 43.482684871355325 ], [ 6.030324102693623, 43.482864705626334 ], [ 6.030571075280381, 43.482858154147635 ], [ 6.030580073059326, 43.483037988370562 ], [ 6.031074019444415, 43.483024883733428 ], [ 6.031083018767578, 43.483204717867345 ], [ 6.032070913461768, 43.483178502037603 ], [ 6.032061911216492, 43.48299866806736 ], [ 6.031814938398252, 43.483005222782857 ], [ 6.031796935618321, 43.482645554738994 ], [ 6.031549964177926, 43.482652108840014 ], [ 6.031540963643251, 43.482472274766408 ], [ 6.032034904979839, 43.482459166113642 ], [ 6.032043906975527, 43.482639000105387 ], [ 6.032290878249538, 43.4826324449391 ], [ 6.032281875523344, 43.482452610988304 ], [ 6.032775816360743, 43.482439499139666 ], [ 6.032784820547946, 43.482619333008614 ], [ 6.033278762513489, 43.482606218947573 ], [ 6.033287768244927, 43.482786052727477 ], [ 6.033534739833367, 43.48277949485702 ], [ 6.033525733371421, 43.482599661118094 ], [ 6.034266645445774, 43.482579984433798 ], [ 6.034257636875567, 43.48240015081057 ], [ 6.034998546009123, 43.482380469455428 ], [ 6.034989535330702, 43.482200635947876 ], [ 6.034742566433271, 43.482207196891274 ], [ 6.034715537089074, 43.481667696202756 ], [ 6.035456436957263, 43.481648012143481 ], [ 6.035438413428043, 43.481288345227739 ], [ 6.035685378423301, 43.481281782891344 ], [ 6.035694390876722, 43.481461616311826 ], [ 6.036188322078258, 43.481448489959284 ], [ 6.036170294332917, 43.481088823275044 ], [ 6.037652077172677, 43.481049431926593 ], [ 6.037634040995377, 43.480689765705598 ], [ 6.040350619005352, 43.480617499337455 ], [ 6.040359645086946, 43.48079733200025 ], [ 6.040112683136202, 43.48080390437412 ], [ 6.040121708570792, 43.480983737070815 ], [ 6.040615633849707, 43.480970591708449 ], [ 6.040606606954276, 43.480790759093829 ], [ 6.040853568738181, 43.480784185654805 ], [ 6.040844541195757, 43.480604353074042 ], [ 6.044548946982952, 43.480505688193531 ], [ 6.044557985481466, 43.480685520158211 ], [ 6.044311024949706, 43.480692101586122 ], [ 6.044320062801344, 43.480871933584709 ], [ 6.044073101455655, 43.48087851452113 ], [ 6.044082138660402, 43.481058346553617 ], [ 6.043835176500782, 43.481064926998521 ], [ 6.043844213058625, 43.481244759064928 ], [ 6.04335028702801, 43.481257918439141 ], [ 6.043359322208507, 43.481437750580525 ], [ 6.043112358337516, 43.481444329509777 ], [ 6.043121392871078, 43.481624161685083 ], [ 6.042874428186153, 43.481630740122846 ], [ 6.04289249604286, 43.48199040453401 ], [ 6.042645529813549, 43.481996982521288 ], [ 6.04266359654329, 43.482356646985885 ], [ 6.042416628769568, 43.4823632245227 ], [ 6.04245276030894, 43.483082553530011 ], [ 6.041958818667183, 43.483095707334307 ], [ 6.042013009714481, 43.484174701122612 ], [ 6.041766034385271, 43.484181277472196 ], [ 6.041775065788097, 43.484361109786136 ], [ 6.04202204184785, 43.484354533395511 ], [ 6.042058171216084, 43.485073862415362 ], [ 6.0423051501146, 43.48506728532783 ], [ 6.04231418339593, 43.48524711752377 ], [ 6.042561162941536, 43.485240539862481 ], [ 6.042588265478211, 43.485780036283984 ], [ 6.042341283740837, 43.485786614068495 ], [ 6.042350317356115, 43.485966446235722 ], [ 6.042103334804646, 43.485973023528594 ], [ 6.042130433959573, 43.486512520110345 ], [ 6.041883449132767, 43.486519096993753 ], [ 6.04191054684715, 43.487058593634053 ], [ 6.041663559744948, 43.487065170107947 ], [ 6.041672591752719, 43.487245002348089 ], [ 6.042660542583216, 43.487218693092011 ], [ 6.042651507652839, 43.487038861016138 ], [ 6.042898494421076, 43.48703228241142 ], [ 6.042889458843559, 43.486852450369447 ], [ 6.043383430668215, 43.486839291644046 ], [ 6.043410542035176, 43.487378787501918 ], [ 6.043657530014164, 43.487372207216907 ], [ 6.043684644324841, 43.487911702886862 ], [ 6.044425614336574, 43.487891958465681 ], [ 6.044416573957468, 43.487712126706185 ], [ 6.045157541025214, 43.487692377613804 ], [ 6.045148498537676, 43.487512545970411 ], [ 6.046630426032568, 43.487473033649096 ], [ 6.046639472904053, 43.487652865045796 ], [ 6.047133449528165, 43.487639689928052 ], [ 6.047142497944582, 43.487819521235302 ], [ 6.047389486861861, 43.487812932836235 ], [ 6.047398536092577, 43.487992764095132 ], [ 6.04715154644463, 43.487999352535304 ], [ 6.047169643695609, 43.488359015113879 ], [ 6.045934686894801, 43.488391949735345 ], [ 6.045943731992293, 43.488571781219484 ], [ 6.045696739650621, 43.488578366586715 ], [ 6.04570578410101, 43.488758198104783 ], [ 6.04619977016215, 43.488745026755311 ], [ 6.04620881615754, 43.488924858183935 ], [ 6.046455809793409, 43.488918271669 ], [ 6.046464856603117, 43.489098103049315 ], [ 6.046711850886081, 43.489091515960496 ], [ 6.046720898510117, 43.489271347292508 ], [ 6.046473903496437, 43.489277934422461 ], [ 6.046482950473373, 43.489457765788401 ], [ 6.045988958733726, 43.4894709385323 ], [ 6.046007050015511, 43.489830601407142 ], [ 6.045760052558807, 43.489837187062193 ], [ 6.045769097594359, 43.490017018529976 ], [ 6.045522099323315, 43.490023603693402 ], [ 6.045513055018507, 43.489843772184521 ], [ 6.045019059687145, 43.489856940830897 ], [ 6.045010016927414, 43.489677109232623 ], [ 6.044763019867105, 43.48968369271558 ], [ 6.044753977921685, 43.489503861068975 ], [ 6.044012988431584, 43.489523608197977 ], [ 6.044022028184791, 43.489703439967862 ], [ 6.043528033312154, 43.489716602138984 ], [ 6.043537071687419, 43.489896433983844 ], [ 6.043290073395045, 43.489903014311352 ], [ 6.043299111123091, 43.490082846190141 ], [ 6.043052112016431, 43.490089426025946 ], [ 6.043043075019144, 43.489909594106095 ], [ 6.042796076559717, 43.489916173368073 ], [ 6.0427780042772, 43.489556509424638 ], [ 6.042037012782341, 43.489576243767587 ], [ 6.042027978958568, 43.489396411661851 ], [ 6.041780982357358, 43.489402988669596 ], [ 6.041799048626906, 43.48976265295596 ], [ 6.041552050480719, 43.48976922951308 ], [ 6.041561083009971, 43.489949061686552 ], [ 6.041314084049544, 43.48995563775199 ], [ 6.041323115931518, 43.490135469959341 ], [ 6.04082911629872, 43.490148620573962 ], [ 6.040838146802629, 43.490328452856254 ], [ 6.040591146130257, 43.490335027405486 ], [ 6.040636296247836, 43.491234188914468 ], [ 6.040389291838045, 43.491240763136155 ], [ 6.040398321381129, 43.491420595457448 ], [ 6.040151316157067, 43.491427169187403 ], [ 6.040142287344795, 43.491247336825055 ], [ 6.039401273364383, 43.49126705469503 ], [ 6.039419326687464, 43.49162671965879 ], [ 6.040160345052791, 43.49160700154259 ], [ 6.040169374031964, 43.491786833890579 ], [ 6.040416380717676, 43.491780260078535 ], [ 6.040434440388053, 43.492139924670887 ], [ 6.03919939881666, 43.492172788813484 ], [ 6.039208425122793, 43.492352621304093 ], [ 6.038961415827354, 43.492359192575208 ], [ 6.038952390252075, 43.492179360043572 ], [ 6.03845837287265, 43.492192500905354 ], [ 6.038449348842483, 43.492012668284481 ], [ 6.036967299087769, 43.492052077836263 ], [ 6.036958279526068, 43.491872244962138 ], [ 6.035970247612259, 43.491898507176515 ], [ 6.03595221458566, 43.491538841078793 ], [ 6.036199221227457, 43.491532276406382 ], [ 6.036181187072546, 43.491172610361936 ], [ 6.037416211723024, 43.491139779417949 ], [ 6.037407191116514, 43.490959946589925 ], [ 6.037654195065702, 43.49095337884377 ], [ 6.037645173811763, 43.490773546049617 ], [ 6.038386182966621, 43.490753839737415 ], [ 6.038377159603673, 43.490574007059124 ], [ 6.038624161757708, 43.490567437263842 ], [ 6.038615137747373, 43.490387604619379 ], [ 6.039356141516669, 43.490367892159966 ], [ 6.039347115397406, 43.490188059631457 ], [ 6.039841116031608, 43.490174915410037 ], [ 6.039823061120282, 43.489815250495546 ], [ 6.040070059850702, 43.489808677667753 ], [ 6.040052003811615, 43.489449012806624 ], [ 6.040299000997095, 43.489442439528176 ], [ 6.040289972371972, 43.489262607127891 ], [ 6.041524953393851, 43.489229732949553 ], [ 6.041497857058297, 43.488690236321389 ], [ 6.041250863213016, 43.488696812099391 ], [ 6.041259894510675, 43.48887664435702 ], [ 6.040765905108284, 43.48888979439689 ], [ 6.040774935027967, 43.489069626729446 ], [ 6.039539956407967, 43.489102492711282 ], [ 6.039530930141917, 43.488922660173522 ], [ 6.039036939571356, 43.488935802754938 ], [ 6.039045964375949, 43.489115635374766 ], [ 6.039292960433666, 43.489109064309389 ], [ 6.039301986052406, 43.489288896881021 ], [ 6.039548982757444, 43.489282325241859 ], [ 6.039576062306424, 43.489821822790546 ], [ 6.039082064428436, 43.489834965782293 ], [ 6.039091089650093, 43.490014798366232 ], [ 6.037856089841645, 43.49004764672727 ], [ 6.03784706827382, 43.489867813938247 ], [ 6.037600068792724, 43.489874381971127 ], [ 6.037618110550212, 43.490234047624078 ], [ 6.037124108414811, 43.490247182255558 ], [ 6.037115088955934, 43.490067349350682 ], [ 6.036621087948641, 43.49008048176907 ], [ 6.036612070034672, 43.489900648775013 ], [ 6.035377069711839, 43.489933470292534 ], [ 6.035386083971928, 43.490113303491526 ], [ 6.034892081797995, 43.49012642845107 ], [ 6.034910107644967, 43.490486094991439 ], [ 6.034416102214663, 43.490499217983782 ], [ 6.03443412547163, 43.490858884659325 ], [ 6.033940116784943, 43.490872005684402 ], [ 6.033949127076732, 43.491051839093323 ], [ 6.033702121877649, 43.491058398847628 ], [ 6.033711131521893, 43.491238232290364 ], [ 6.033464125508714, 43.491244791552802 ], [ 6.033482143585347, 43.491604458498649 ], [ 6.033235136027232, 43.491611017310198 ], [ 6.033244144459606, 43.491790850813338 ], [ 6.03299713608738, 43.491797409133042 ], [ 6.033006143872162, 43.491977242669925 ], [ 6.032759134685826, 43.491983800497771 ], [ 6.032786156347108, 43.492523301188236 ], [ 6.03303316772605, 43.492516743237566 ], [ 6.033051184044939, 43.492876410246787 ], [ 6.032804171204229, 43.492882968279382 ], [ 6.032813178757668, 43.493062801814176 ], [ 6.032319151364694, 43.493075916362706 ], [ 6.032328157539584, 43.493255749972263 ], [ 6.032081142987324, 43.493262306488198 ], [ 6.032090148514544, 43.493442140131471 ], [ 6.031843133148139, 43.493448696155525 ], [ 6.031861142990446, 43.493808363502467 ], [ 6.031614126078965, 43.493814919075533 ], [ 6.031632134792328, 43.49417458647563 ], [ 6.030644060466694, 43.494200803766844 ], [ 6.030653062024419, 43.494380637619827 ], [ 6.030159022900468, 43.494393743150106 ], [ 6.030150022804645, 43.494213909215297 ], [ 6.029655984809855, 43.494227012532313 ], [ 6.029664983443769, 43.494406846548934 ], [ 6.029417963590655, 43.494413397449073 ], [ 6.029408965687695, 43.494233563391532 ], [ 6.028914927193882, 43.494246663511376 ], [ 6.028905930835989, 43.494066829364868 ], [ 6.0286589121953, 43.494073378584602 ], [ 6.028622930518983, 43.493354041763318 ], [ 6.028869946235934, 43.493347492707152 ], [ 6.028860950293794, 43.493167658524783 ], [ 6.02910796519668, 43.493161108976679 ], [ 6.029098968606778, 43.492981274828061 ], [ 6.029345982695601, 43.492974724787977 ], [ 6.02933698545795, 43.492794890673082 ], [ 6.02958399873271, 43.492788340141097 ], [ 6.029539010137421, 43.491889169663551 ], [ 6.028797981026901, 43.49190881904758 ], [ 6.028815971830292, 43.492268487505477 ], [ 6.028568960498746, 43.4922750363163 ], [ 6.028577955294273, 43.492454870575401 ], [ 6.028083930920005, 43.492467966680337 ], [ 6.028137892668174, 43.493546972574975 ], [ 6.027890875970892, 43.493553520073462 ], [ 6.027908862423433, 43.493913188729451 ], [ 6.02766184418115, 43.493919735776863 ], [ 6.027679829504286, 43.494279404485951 ], [ 6.027432809716982, 43.494285951082226 ], [ 6.027441801772265, 43.4944657854669 ], [ 6.027194781170883, 43.494472331571238 ], [ 6.027185789846563, 43.4942924971457 ], [ 6.0264447297367, 43.494312132138845 ], [ 6.026453718868125, 43.494491966686986 ], [ 6.026206697934358, 43.494498510659817 ], [ 6.026233663634216, 43.495038014383773 ], [ 6.025986640424423, 43.495044557946322 ], [ 6.025995628426212, 43.495224392547485 ], [ 6.025501580295414, 43.495237478155651 ], [ 6.025510566918272, 43.495417312831378 ], [ 6.025757591756212, 43.495410770252896 ], [ 6.025775566713151, 43.495770439501086 ], [ 6.025528540413187, 43.49577698216131 ], [ 6.025564488399818, 43.496496320735176 ], [ 6.025317459092645, 43.496502863025846 ], [ 6.025326445565925, 43.496682697692272 ], [ 6.025079415444639, 43.496689239490919 ] ], [ [ 6.016379549234959, 43.495838849788278 ], [ 6.016626577872841, 43.495832326886266 ], [ 6.016599696954458, 43.495292818453784 ], [ 6.016352670509687, 43.495299341233604 ], [ 6.016343711100227, 43.49511950503441 ], [ 6.016096685303667, 43.495126027240602 ], [ 6.016114602743349, 43.495485699713271 ], [ 6.016361630001965, 43.495479177425658 ], [ 6.016379549234959, 43.495838849788278 ] ], [ [ 6.018072889357013, 43.495073834669967 ], [ 6.018319914490884, 43.495067308200596 ], [ 6.018310949316125, 43.494887472320123 ], [ 6.018063924913264, 43.494893998748744 ], [ 6.018072889357013, 43.495073834669967 ] ], [ [ 6.024248492828352, 43.494910513069215 ], [ 6.024495515888541, 43.494903973277673 ], [ 6.024486532438811, 43.494724138417077 ], [ 6.024239510109608, 43.494730678167798 ], [ 6.024248492828352, 43.494910513069215 ] ], [ [ 6.029503020758106, 43.491169833152462 ], [ 6.029750027371899, 43.491163282455751 ], [ 6.029741029504135, 43.490983448350974 ], [ 6.02998803530393, 43.490976897162376 ], [ 6.029970038356245, 43.49061722901309 ], [ 6.029723034018092, 43.490623780119876 ], [ 6.029732031719532, 43.490803614239006 ], [ 6.029485026567397, 43.49081016485389 ], [ 6.029503020758106, 43.491169833152462 ] ], [ [ 6.041771949347815, 43.489223156515656 ], [ 6.042018945218292, 43.48921657954898 ], [ 6.04200991156151, 43.489036747428877 ], [ 6.041762916421758, 43.489043324354512 ], [ 6.041771949347815, 43.489223156515656 ] ], [ [ 6.038057979311032, 43.489141914308732 ], [ 6.038304975702354, 43.489135345374343 ], [ 6.038295953089958, 43.488955512631463 ], [ 6.038048957429368, 43.488962081524804 ], [ 6.038057979311032, 43.489141914308732 ] ], [ [ 6.03187403883257, 43.489126130713153 ], [ 6.032121036575723, 43.48911957513873 ], [ 6.032112032315166, 43.488939741364234 ], [ 6.03235902924435, 43.488933185298002 ], [ 6.032341019511422, 43.488573517809407 ], [ 6.031847028492792, 43.488586629245383 ], [ 6.03187403883257, 43.489126130713153 ] ], [ [ 6.032341019511422, 43.488573517809407 ], [ 6.032588014895897, 43.488566961292236 ], [ 6.032579009423546, 43.488387127578108 ], [ 6.033072998481344, 43.488374013027439 ], [ 6.033063991630783, 43.488194179388046 ], [ 6.0333109853041, 43.488187621354555 ], [ 6.033301977806071, 43.488007787748899 ], [ 6.033548970665427, 43.488001229223634 ], [ 6.033539962519943, 43.487821395651807 ], [ 6.033786954565341, 43.48781483663474 ], [ 6.033777945772417, 43.487635003096635 ], [ 6.034024937003855, 43.487628443587802 ], [ 6.034015927563505, 43.487448610083504 ], [ 6.034262917980985, 43.487442050082883 ], [ 6.034253907893222, 43.487262216612372 ], [ 6.034500897496747, 43.487255656120013 ], [ 6.034491886761585, 43.487075822683273 ], [ 6.03473887555116, 43.487069261699148 ], [ 6.034720852869342, 43.486709594886122 ], [ 6.034226878129563, 43.486722716157828 ], [ 6.034244897888732, 43.487082383134698 ], [ 6.033503930770562, 43.487102061292632 ], [ 6.033512938583028, 43.487281894893187 ], [ 6.032771968523559, 43.487301568379451 ], [ 6.032780974227222, 43.487481402095661 ], [ 6.032533983310237, 43.487487958899898 ], [ 6.032551993505873, 43.4878476263927 ], [ 6.032305001044265, 43.487854182746084 ], [ 6.032341019511422, 43.488573517809407 ] ], [ [ 6.042467761952638, 43.488304263755893 ], [ 6.042714753919064, 43.488297685396368 ], [ 6.042705718487658, 43.488117853363583 ], [ 6.042458727251922, 43.48812443168206 ], [ 6.042467761952638, 43.488304263755893 ] ], [ [ 6.021675273568438, 43.487955766423575 ], [ 6.022416259229641, 43.487936164612165 ], [ 6.022389334187521, 43.487396658313543 ], [ 6.02214234124224, 43.487403192661027 ], [ 6.022133367124812, 43.487223357173015 ], [ 6.021639382446851, 43.487236424188183 ], [ 6.021648355102854, 43.487416259757772 ], [ 6.021154368631751, 43.487429324723557 ], [ 6.021172311269644, 43.487788996004419 ], [ 6.021666300663645, 43.487775930875472 ], [ 6.021675273568438, 43.487955766423575 ] ], [ [ 6.034967840114308, 43.486703033451221 ], [ 6.035214827275983, 43.486696471483576 ], [ 6.035205814598697, 43.486516638148238 ], [ 6.034958828167673, 43.486523200074892 ], [ 6.034967840114308, 43.486703033451221 ] ], [ [ 6.035205814598697, 43.486516638148238 ], [ 6.035452800946427, 43.486510075688876 ], [ 6.035434774380467, 43.486150409078654 ], [ 6.035187789494019, 43.486156971456076 ], [ 6.035205814598697, 43.486516638148238 ] ], [ [ 6.030742047301072, 43.486275003156919 ], [ 6.030989033685795, 43.486268450368236 ], [ 6.03097103375586, 43.485908782255201 ], [ 6.030477063825814, 43.485921887136222 ], [ 6.030468065446879, 43.485742052987099 ], [ 6.029974096645442, 43.485755155655482 ], [ 6.029983093563107, 43.485934989886417 ], [ 6.030230078736039, 43.485928438777663 ], [ 6.030239076467497, 43.486108272960507 ], [ 6.03073304802516, 43.486095169063077 ], [ 6.030742047301072, 43.486275003156919 ] ], [ [ 6.023817415967521, 43.486278429719476 ], [ 6.024064403947885, 43.486271891887711 ], [ 6.024055424482748, 43.486092056683226 ], [ 6.02380843723305, 43.486098594474178 ], [ 6.023817415967521, 43.486278429719476 ] ], [ [ 6.035663731489611, 43.485784179611571 ], [ 6.035910714748203, 43.485777616250715 ], [ 6.035901700295546, 43.485597783002426 ], [ 6.035654717767569, 43.485604346322319 ], [ 6.035663731489611, 43.485784179611571 ] ], [ [ 6.035977410087612, 43.482174386848079 ], [ 6.036224378568603, 43.482167823241589 ], [ 6.036215364321056, 43.48198798993176 ], [ 6.035968396570544, 43.481994553497302 ], [ 6.035977410087612, 43.482174386848079 ] ], [ [ 6.035721428736731, 43.482001116530242 ], [ 6.035968396570544, 43.481994553497302 ], [ 6.035959383136777, 43.48181472013934 ], [ 6.035712416033436, 43.481821283131268 ], [ 6.035721428736731, 43.482001116530242 ] ], [ [ 6.036215364321056, 43.48198798993176 ], [ 6.036462331988263, 43.481981425833602 ], [ 6.036444302282158, 43.481621759274411 ], [ 6.036197336075885, 43.481628323290607 ], [ 6.036215364321056, 43.48198798993176 ] ], [ [ 6.035465448846798, 43.481827845590558 ], [ 6.035712416033436, 43.481821283131268 ], [ 6.035703403413432, 43.481641449725139 ], [ 6.035456436957263, 43.481648012143481 ], [ 6.035465448846798, 43.481827845590558 ] ], [ [ 6.039645831155916, 43.481356545838786 ], [ 6.039892795464763, 43.481349974407038 ], [ 6.039883770593788, 43.48117014168367 ], [ 6.039636807015376, 43.481176713074383 ], [ 6.039645831155916, 43.481356545838786 ] ], [ [ 6.039883770593788, 43.48117014168367 ], [ 6.040130734088793, 43.481163569760341 ], [ 6.040121708570792, 43.480983737070815 ], [ 6.039874745806217, 43.480990308953096 ], [ 6.039883770593788, 43.48117014168367 ] ] ] } }
]
}
