{
"type": "FeatureCollection",
"name": "perimetre",
"crs": { "type": "name", "properties": { "name": "urn:ogc:def:crs:OGC:1.3:CRS84" } },
"features": [
{ "type": "Feature", "properties": { "surface_ha": 5.75 }, "geometry": { "type": "Polygon", "coordinates": [ [ [ -0.821722475199434, 44.745613451524456 ], [ -0.821729235078642, 44.745433535250307 ], [ -0.821981693878444, 44.74543835241797 ], [ -0.821988452912353, 44.745258436107271 ], [ -0.822240910993554, 44.745263252687195 ], [ -0.822247669182185, 44.745083336339952 ], [ -0.822500126544783, 44.74508815233218 ], [ -0.822506883888147, 44.744908235948415 ], [ -0.822759340532142, 44.744913051352931 ], [ -0.822772853465048, 44.7445532185058 ], [ -0.822520398384892, 44.744548403161353 ], [ -0.822527155538275, 44.744368486758091 ], [ -0.82277960983652, 44.744373302072489 ], [ -0.822786366144676, 44.744193385632677 ], [ -0.823038819724336, 44.744198200359406 ], [ -0.823052330586912, 44.743838367400237 ], [ -0.823304782666099, 44.743843181509241 ], [ -0.823311537220541, 44.743663264989877 ], [ -0.823816440005044, 44.743672891474965 ], [ -0.823823192932435, 44.743492974889051 ], [ -0.824075643637743, 44.743497787265134 ], [ -0.824082395719978, 44.743317870642699 ], [ -0.82382994579654, 44.74331305829665 ], [ -0.823836698597361, 44.743133141697733 ], [ -0.821564659171821, 44.743089805760462 ], [ -0.821557899334276, 44.743269722089039 ], [ -0.821305450044012, 44.743264904166743 ], [ -0.821298689361253, 44.743444820458755 ], [ -0.820793789407084, 44.743435182881186 ], [ -0.820787027097231, 44.74361509910657 ], [ -0.820282125832822, 44.743605459238381 ], [ -0.820268597895483, 44.743965291549401 ], [ -0.820016145794604, 44.743960470718712 ], [ -0.819995851067486, 44.74450021904628 ], [ -0.819743396684321, 44.744495397567732 ], [ -0.81972309904086, 44.745035145746563 ], [ -0.819975555769772, 44.745039967315357 ], [ -0.819962025254291, 44.74539979946222 ], [ -0.820719400513027, 44.745414261003063 ], [ -0.820712637506023, 44.745594177156981 ], [ -0.821722475199434, 44.745613451524456 ] ] ] } },
{ "type": "Feature", "properties": { "surface_ha": 19.58 }, "geometry": { "type": "Polygon", "coordinates": [ [ [ -0.809883131576588, 44.738005056958166 ], [ -0.809889926377382, 44.737825141863787 ], [ -0.810142350075769, 44.737829984560094 ], [ -0.810149144031281, 44.737650069429002 ], [ -0.811411259569998, 44.737674274396952 ], [ -0.811418049553824, 44.737494359108382 ], [ -0.811922894651548, 44.737504037132659 ], [ -0.811929683008547, 44.737324121777206 ], [ -0.812182104871232, 44.737328959922912 ], [ -0.812175317295834, 44.737508875308556 ], [ -0.813437431471205, 44.737533057825573 ], [ -0.813444215138589, 44.737353142289045 ], [ -0.813696637382796, 44.737357977089779 ], [ -0.813689854497016, 44.737537892656448 ], [ -0.814699547235807, 44.737557226405016 ], [ -0.814692767412925, 44.737737142085805 ], [ -0.815197615726779, 44.737746805675343 ], [ -0.815204393986428, 44.737566889934264 ], [ -0.815709240991124, 44.737576551233516 ], [ -0.815716017624038, 44.737396635425668 ], [ -0.815968440440032, 44.737401465208904 ], [ -0.815981991952151, 44.737041633513471 ], [ -0.815729570699359, 44.73703680379051 ], [ -0.815736347141765, 44.736856887963171 ], [ -0.816241188147667, 44.736866546791369 ], [ -0.816214088249831, 44.737586210302737 ], [ -0.816718935762495, 44.737595867141941 ], [ -0.816712162192558, 44.737775783063775 ], [ -0.816964586825727, 44.73778061067722 ], [ -0.816957813973943, 44.737960526622658 ], [ -0.817715090599116, 44.737975006208323 ], [ -0.817721861106009, 44.737795090172547 ], [ -0.817974285993003, 44.737799915555932 ], [ -0.817981055654826, 44.737619999483563 ], [ -0.818990752710614, 44.737639295321742 ], [ -0.818983986175298, 44.737819211514491 ], [ -0.819236411379413, 44.737824034110332 ], [ -0.81922964556232, 44.738003950326672 ], [ -0.819986923899958, 44.738018414859397 ], [ -0.819993687372138, 44.737838498552819 ], [ -0.820246112829815, 44.737843318918614 ], [ -0.820252875456986, 44.737663402575478 ], [ -0.820757724999188, 44.737673041574389 ], [ -0.820832092520725, 44.735693960709476 ], [ -0.820579676315415, 44.735689141819471 ], [ -0.82059319842248, 44.735329308910579 ], [ -0.820340783843609, 44.735324489523229 ], [ -0.820334022040218, 44.73550440595087 ], [ -0.819829191509497, 44.735494765443626 ], [ -0.819822428079657, 44.735674681804596 ], [ -0.819570012127817, 44.735669860684702 ], [ -0.819563247853052, 44.735849777009115 ], [ -0.818553581553439, 44.735830486834452 ], [ -0.818546814089065, 44.736010403032004 ], [ -0.817789562685542, 44.735995929457253 ], [ -0.817782792813073, 44.73617584555803 ], [ -0.817025539635823, 44.73616136687567 ], [ -0.817032311852963, 44.735981450865189 ], [ -0.815770228401306, 44.735957308728935 ], [ -0.815777004462721, 44.735777392862573 ], [ -0.815524588744397, 44.735772562793031 ], [ -0.815531365523853, 44.735592646950295 ], [ -0.815278950650567, 44.735587816353416 ], [ -0.815285728148051, 44.735407900534334 ], [ -0.815033314119806, 44.735403069410133 ], [ -0.815026535840795, 44.735582985199095 ], [ -0.814521706411806, 44.735573321217991 ], [ -0.814514926506207, 44.735753236940148 ], [ -0.813757680494636, 44.735738736697094 ], [ -0.813750898180881, 44.735918652322276 ], [ -0.812741234595766, 44.735899310739654 ], [ -0.812734449092275, 44.736079226237706 ], [ -0.810210286766039, 44.736030832956459 ], [ -0.810203493383487, 44.7362107481461 ], [ -0.80995107671932, 44.736205905721675 ], [ -0.809944282491559, 44.736385820874588 ], [ -0.809439447791134, 44.736376134292925 ], [ -0.809432651936589, 44.736556049378905 ], [ -0.809180233900342, 44.73655120522163 ], [ -0.809173437200553, 44.736731120270896 ], [ -0.808668599756007, 44.736721430223483 ], [ -0.808675398018921, 44.73654151523467 ], [ -0.808170562392319, 44.736531823017792 ], [ -0.808184161853232, 44.736171993141554 ], [ -0.807931745698604, 44.736167146257365 ], [ -0.807958946981931, 44.735447486547784 ], [ -0.807706534017133, 44.735442639227109 ], [ -0.807638521081565, 44.737241788003459 ], [ -0.807890941861844, 44.737246635626555 ], [ -0.807884140999337, 44.737426550498647 ], [ -0.808136562624936, 44.737431397594506 ], [ -0.808129762480292, 44.737611312490309 ], [ -0.807877340073098, 44.737606465364223 ], [ -0.807863738029427, 44.73796629507585 ], [ -0.808116161999837, 44.737971142262381 ], [ -0.808122962271928, 44.737791227379596 ], [ -0.809385079171634, 44.737815454798664 ], [ -0.809378282807608, 44.73799536983261 ], [ -0.809883131576588, 44.738005056958166 ] ] ] } },
{ "type": "Feature", "properties": { "surface_ha": 1438.74 }, "geometry": { "type": "Polygon", "coordinates": [ [ [ -0.893453697387473, 44.753081218552701 ], [ -0.893865539612132, 44.741745963788993 ], [ -0.893613085013786, 44.741741305826508 ], [ -0.893606548952794, 44.741921230676049 ], [ -0.893101638375982, 44.741911913019933 ], [ -0.893095100689829, 44.742091837804907 ], [ -0.89259018879419, 44.742082517859949 ], [ -0.892583649482844, 44.742262442580319 ], [ -0.892078736268429, 44.742253120346511 ], [ -0.892072195331865, 44.742433045002258 ], [ -0.891062366510846, 44.742414393726122 ], [ -0.891055822385098, 44.742594318259101 ], [ -0.890803364551179, 44.742589654016747 ], [ -0.890796819582123, 44.742769578514171 ], [ -0.890544361027569, 44.742764913685079 ], [ -0.8905509067786, 44.742584989216738 ], [ -0.89029844906737, 44.742580323859009 ], [ -0.890311541949327, 44.742220474961236 ], [ -0.890059085863376, 44.742215809104053 ], [ -0.890072180063827, 44.741855960238709 ], [ -0.890324634585881, 44.741860626037649 ], [ -0.890344273080582, 44.741320852603906 ], [ -0.89059672531819, 44.741325517757879 ], [ -0.890590179996564, 44.741505442271347 ], [ -0.890842633077439, 44.741510106896762 ], [ -0.890849177617141, 44.741330182354218 ], [ -0.891101629977426, 44.74133484639286 ], [ -0.891108173673878, 44.741154921814733 ], [ -0.891613077014579, 44.741164248160885 ], [ -0.891606534881969, 44.741344172797206 ], [ -0.892111440031754, 44.741353496970881 ], [ -0.892117980600525, 44.741173572276416 ], [ -0.893127788507913, 44.741192213815552 ], [ -0.893147400463554, 44.740652439344601 ], [ -0.893399850247857, 44.740657098248029 ], [ -0.893412923014843, 44.740297248510373 ], [ -0.89366537129662, 44.740301906798045 ], [ -0.893671906806345, 44.740121981890454 ], [ -0.893924354367488, 44.740126639591409 ], [ -0.894251012692028, 44.731130384542297 ], [ -0.893998604215661, 44.731125728293975 ], [ -0.894011668928357, 44.730765877814967 ], [ -0.893759262076209, 44.73076122106729 ], [ -0.893765795122231, 44.73058129584718 ], [ -0.893513389112799, 44.730576638571094 ], [ -0.893526456584152, 44.730216788169621 ], [ -0.893274052198907, 44.730212130394207 ], [ -0.893280586624218, 44.730032205212858 ], [ -0.893028183081673, 44.730027546909049 ], [ -0.893034718227216, 44.729847621750324 ], [ -0.892782315527372, 44.72984296291817 ], [ -0.892788851393131, 44.729663037782018 ], [ -0.892536449535985, 44.729658378421497 ], [ -0.892549522646655, 44.72929852818806 ], [ -0.892297122413646, 44.729293868328242 ], [ -0.892303659658537, 44.729113943230907 ], [ -0.892051260268215, 44.729109282842721 ], [ -0.892057798233272, 44.728929357768031 ], [ -0.891805399685637, 44.7289246968515 ], [ -0.891818476994783, 44.728564846740937 ], [ -0.891313683208975, 44.72855552335195 ], [ -0.891326763398626, 44.728195673331911 ], [ -0.891074368160433, 44.728191010859469 ], [ -0.891080908944717, 44.728011085868864 ], [ -0.890828514549199, 44.72800642286812 ], [ -0.890841597496648, 44.727646572925792 ], [ -0.890336812014987, 44.727637245368435 ], [ -0.890349897842681, 44.727277395516666 ], [ -0.890097506756524, 44.727272730960124 ], [ -0.890110593901663, 44.726912881140784 ], [ -0.889605815038662, 44.726903550471938 ], [ -0.889618905063845, 44.7265437007432 ], [ -0.889366517286981, 44.726539034630939 ], [ -0.889373062988896, 44.726359109786017 ], [ -0.889120676054679, 44.726354443145468 ], [ -0.889127222476562, 44.726174518323226 ], [ -0.888874836384993, 44.726169851154445 ], [ -0.888887930607325, 44.725810001548808 ], [ -0.88863554613969, 44.725805333880899 ], [ -0.888642093940118, 44.725625409097546 ], [ -0.888389710315116, 44.725620740901398 ], [ -0.888396258835465, 44.725440816140697 ], [ -0.888143876053096, 44.725436147416339 ], [ -0.88815042529335, 44.725256222678325 ], [ -0.887898043353615, 44.725251553425721 ], [ -0.887904593313759, 44.725071628710388 ], [ -0.887652212216654, 44.725066958929595 ], [ -0.887658762896676, 44.724887034236929 ], [ -0.887911143212531, 44.724891703988625 ], [ -0.887917693049932, 44.724711779260375 ], [ -0.887412934042086, 44.724702439257975 ], [ -0.887419485380583, 44.724522514581565 ], [ -0.887167106749969, 44.724517843773505 ], [ -0.887180210805254, 44.724157994459595 ], [ -0.886927833798478, 44.724153323152514 ], [ -0.886934386515243, 44.723973398515021 ], [ -0.886682010351077, 44.723968726679722 ], [ -0.886695117162812, 44.723608877443709 ], [ -0.886442742622447, 44.723604205109403 ], [ -0.886449296717397, 44.723424280510862 ], [ -0.886196923019632, 44.723419607648395 ], [ -0.886210032587653, 44.72305975849028 ], [ -0.885957660513655, 44.723055085128813 ], [ -0.885964215986706, 44.722875160569224 ], [ -0.885711844755296, 44.722870486679625 ], [ -0.885718400948079, 44.722690562142773 ], [ -0.885466030559254, 44.722685887725014 ], [ -0.885472587471755, 44.722505963210864 ], [ -0.885220217925517, 44.722501288264944 ], [ -0.885233333128484, 44.722141439275624 ], [ -0.884728597344889, 44.722132087828705 ], [ -0.884735156416458, 44.721952163382689 ], [ -0.884230422440939, 44.721942809764982 ], [ -0.884210740355075, 44.722482582908604 ], [ -0.884463109655495, 44.722487260083639 ], [ -0.884449989519852, 44.722847108872124 ], [ -0.884954731429681, 44.722856461667028 ], [ -0.88494817283198, 44.723036386109939 ], [ -0.885200544660238, 44.723041061700613 ], [ -0.885187428842822, 44.723400910625408 ], [ -0.885439802294872, 44.723405585717138 ], [ -0.885426687794045, 44.723765434674469 ], [ -0.885679062869912, 44.7237701092672 ], [ -0.885665949685725, 44.724129958257109 ], [ -0.88617070314657, 44.724139305887228 ], [ -0.886164148024756, 44.724319230430801 ], [ -0.886416525628531, 44.724323903439021 ], [ -0.886409971226517, 44.724503828005318 ], [ -0.88666234967293, 44.724508500485356 ], [ -0.886655795990733, 44.724688425074348 ], [ -0.886908175279786, 44.724693097026218 ], [ -0.88690162231742, 44.724873021637926 ], [ -0.887154002449114, 44.7248776930616 ], [ -0.887147450206594, 44.725057617695967 ], [ -0.887399831180932, 44.725062288591459 ], [ -0.887386728074226, 44.725422137899109 ], [ -0.88763911067247, 44.725426808295538 ], [ -0.887632559808304, 44.725606732968849 ], [ -0.887884943249202, 44.725611402837053 ], [ -0.887878393104935, 44.725791327533017 ], [ -0.888130777388486, 44.725795996873018 ], [ -0.888117678478402, 44.726155846303897 ], [ -0.888370064385905, 44.72616051514477 ], [ -0.888356966792952, 44.726520364608099 ], [ -0.888609354324432, 44.726525032949873 ], [ -0.888602806217227, 44.726704957700981 ], [ -0.888855194591382, 44.726709625514495 ], [ -0.888842099755558, 44.727069475055615 ], [ -0.889094489753722, 44.727074142370014 ], [ -0.889087943025124, 44.727254067160004 ], [ -0.889340333865975, 44.72725873394613 ], [ -0.889333787857381, 44.727438658758793 ], [ -0.889586179540918, 44.727443325016644 ], [ -0.889573088902437, 44.727803174680858 ], [ -0.889825482210027, 44.727807840439517 ], [ -0.889812392888967, 44.728167690136168 ], [ -0.889559998018624, 44.728163024319301 ], [ -0.889553452484716, 44.728342949128852 ], [ -0.889301056894321, 44.72833828272546 ], [ -0.889294510517686, 44.728518207499441 ], [ -0.889042114207239, 44.728513540509518 ], [ -0.889035566987863, 44.72869346524795 ], [ -0.888783169957368, 44.728688797671488 ], [ -0.888776621895233, 44.728868722374344 ], [ -0.88827182645551, 44.728859385490992 ], [ -0.888265276769193, 44.729039310129139 ], [ -0.888012878359975, 44.729034640822206 ], [ -0.888006327830863, 44.729214565424769 ], [ -0.887753928701609, 44.729209895531284 ], [ -0.88774737732969, 44.729389820098277 ], [ -0.887494977480399, 44.729385149618224 ], [ -0.887488425265659, 44.729565074149654 ], [ -0.887236024696332, 44.729560403083006 ], [ -0.887229471638754, 44.729740327578824 ], [ -0.886724669121453, 44.729730983715037 ], [ -0.886718114439577, 44.729910908146081 ], [ -0.886465712491609, 44.729906235348878 ], [ -0.88645915696686, 44.730086159744339 ], [ -0.88620675429887, 44.73008148636054 ], [ -0.886200197931234, 44.730261410720409 ], [ -0.885947794543222, 44.730256736750029 ], [ -0.885941237332686, 44.730436661074265 ], [ -0.885688833224654, 44.730431986517281 ], [ -0.885682275171199, 44.730611910805898 ], [ -0.885177465576561, 44.730602559961248 ], [ -0.8851709058987, 44.730782484185106 ], [ -0.884918500412102, 44.730777807897447 ], [ -0.884925060871441, 44.730597883702757 ], [ -0.884672656227797, 44.730593206886816 ], [ -0.884679217407127, 44.730413282714863 ], [ -0.884426813606432, 44.73040860537067 ], [ -0.884439937343567, 44.730048757065767 ], [ -0.884187535167273, 44.730044079222495 ], [ -0.884194097725053, 44.72986415508953 ], [ -0.883941696391699, 44.729859476718019 ], [ -0.883948259669422, 44.729679552607791 ], [ -0.883695859179006, 44.729674873708049 ], [ -0.883702423176657, 44.72949494962058 ], [ -0.883450023529177, 44.729490270192585 ], [ -0.883456588246743, 44.729310346127818 ], [ -0.883204189442199, 44.729305666171605 ], [ -0.883217320255608, 44.728945818081165 ], [ -0.882964923075404, 44.728941137625945 ], [ -0.882971489171225, 44.728761213600237 ], [ -0.882719092833944, 44.728756532616792 ], [ -0.882725659649631, 44.728576608613821 ], [ -0.882473264155271, 44.728571927102173 ], [ -0.882479831690807, 44.728392003121968 ], [ -0.882227437039369, 44.728387321082138 ], [ -0.882240573488559, 44.728027473160807 ], [ -0.881988180461411, 44.728022790621992 ], [ -0.881994749375044, 44.727842866680859 ], [ -0.881742357190804, 44.727838183613855 ], [ -0.881748926824238, 44.727658259695481 ], [ -0.881496535482909, 44.727653576100316 ], [ -0.881503105836124, 44.727473652204701 ], [ -0.881250715337704, 44.727468968081389 ], [ -0.881263857422102, 44.727109120329246 ], [ -0.881011468547914, 44.727104435706998 ], [ -0.881018040279074, 44.726924511850505 ], [ -0.880765652247784, 44.726919826700069 ], [ -0.880772224698678, 44.726739902866328 ], [ -0.880519837510284, 44.72673521718778 ], [ -0.880526410680895, 44.726555293376812 ], [ -0.880274024335395, 44.72655060717014 ], [ -0.880287172054428, 44.726190759587297 ], [ -0.88003478733311, 44.726186072881752 ], [ -0.88004136188151, 44.726006149109914 ], [ -0.879788978003075, 44.72600146187623 ], [ -0.879782402673396, 44.726181385618823 ], [ -0.879530018075293, 44.726176697798572 ], [ -0.879523441902716, 44.726356621505467 ], [ -0.879271056584947, 44.726351933098606 ], [ -0.879264479569457, 44.726531856769789 ], [ -0.880021638051494, 44.726545920406096 ], [ -0.880008488523455, 44.726905767904618 ], [ -0.880260876369968, 44.726910454727147 ], [ -0.880254302294855, 44.727090378495966 ], [ -0.880506690984282, 44.727095064790348 ], [ -0.880493544211909, 44.727454912367094 ], [ -0.880241153959824, 44.727450226014234 ], [ -0.880234579699906, 44.727630149763677 ], [ -0.87947740696928, 44.727616087273105 ], [ -0.879470830303725, 44.727796010928365 ], [ -0.878966047228733, 44.727786633089224 ], [ -0.878979203623577, 44.727426785889243 ], [ -0.878726813741213, 44.727422096192115 ], [ -0.878733392627504, 44.727242172611689 ], [ -0.878481003588115, 44.72723748238645 ], [ -0.878487583194081, 44.727057558828818 ], [ -0.877730418789811, 44.727043484896647 ], [ -0.877737000678057, 44.726863561420366 ], [ -0.876475065144386, 44.726840093865768 ], [ -0.8764684793496, 44.727020017195613 ], [ -0.876216091646659, 44.727015321983302 ], [ -0.87620950500885, 44.727195245277422 ], [ -0.875957116586315, 44.727190549478451 ], [ -0.875963704005437, 44.727010626213641 ], [ -0.875711316425939, 44.72700592988658 ], [ -0.875704728225504, 44.727185853122101 ], [ -0.875452339926428, 44.727181156208403 ], [ -0.875439161777718, 44.72754100260147 ], [ -0.875186771977737, 44.727536305071759 ], [ -0.875173592019386, 44.727896151380385 ], [ -0.874668809479343, 44.727886754531639 ], [ -0.874662217844851, 44.728066677617633 ], [ -0.874409825886128, 44.728061978327837 ], [ -0.874416418301966, 44.727882055271166 ], [ -0.873911636132534, 44.727872655078095 ], [ -0.873905042154008, 44.728052578076166 ], [ -0.873147867019257, 44.728038473518232 ], [ -0.873154463341807, 44.727858550608197 ], [ -0.872902072535172, 44.727853848003434 ], [ -0.872895475431281, 44.728033770884139 ], [ -0.870371562952667, 44.727986713887397 ], [ -0.870364957973518, 44.728166636468053 ], [ -0.87011256628459, 44.728161927673398 ], [ -0.87011917204508, 44.727982005122101 ], [ -0.869614390415603, 44.727972585919417 ], [ -0.869607783092438, 44.728152508411952 ], [ -0.869103000147934, 44.72814308692098 ], [ -0.869109609033776, 44.727963164487228 ], [ -0.868857218435748, 44.727958452935056 ], [ -0.86885060876857, 44.728138375339427 ], [ -0.867083870847591, 44.728105378661894 ], [ -0.86707725564909, 44.72828530085394 ], [ -0.866824863984069, 44.728280584783946 ], [ -0.866831479963909, 44.728100662621316 ], [ -0.866326698382528, 44.728091228867981 ], [ -0.866320080840012, 44.72827115097175 ], [ -0.865562906589009, 44.728256996073156 ], [ -0.86556952647553, 44.728077074057701 ], [ -0.865317135963913, 44.728072354672811 ], [ -0.865310515296058, 44.72825227665885 ], [ -0.864553341789463, 44.728238115071683 ], [ -0.864546718715548, 44.728418036962907 ], [ -0.864294326889452, 44.728413315289636 ], [ -0.864314198269006, 44.727873549684965 ], [ -0.864566587751107, 44.727878271269859 ], [ -0.864579833464523, 44.727518427442163 ], [ -0.864832221446054, 44.727523148410775 ], [ -0.864845465348645, 44.727163304498355 ], [ -0.865097851829627, 44.727168024850698 ], [ -0.865111093921456, 44.726808180853453 ], [ -0.865363478901906, 44.7268129005896 ], [ -0.865436297377689, 44.724833757818743 ], [ -0.865183920990862, 44.72482903840649 ], [ -0.865210401700563, 44.724109350049993 ], [ -0.864958028500498, 44.724104630198198 ], [ -0.864977890724942, 44.723564863951268 ], [ -0.864725519930382, 44.723560143630564 ], [ -0.864699033715744, 44.724279831829087 ], [ -0.864446659858586, 44.724275110833268 ], [ -0.86445328228648, 44.724095188822787 ], [ -0.8626866724924, 44.724062126453909 ], [ -0.862680044596331, 44.724242048258134 ], [ -0.862175297937354, 44.724232596792397 ], [ -0.862181927395753, 44.724052675047133 ], [ -0.8619295549406, 44.724047948507803 ], [ -0.86194281523335, 44.723688105056887 ], [ -0.861690444402625, 44.723683378019238 ], [ -0.861697075236957, 44.72350345631353 ], [ -0.861444705249503, 44.723498728748112 ], [ -0.861451336802839, 44.723318807065446 ], [ -0.861198967658651, 44.723314078972237 ], [ -0.861205599930978, 44.723134157312614 ], [ -0.860953231630057, 44.723129428691607 ], [ -0.860959864621358, 44.722949507054999 ], [ -0.860707497163702, 44.722944777906235 ], [ -0.860720764522068, 44.722584934672632 ], [ -0.860973130417515, 44.722589663762406 ], [ -0.860979763222372, 44.722409742106379 ], [ -0.86123212839887, 44.722414470609415 ], [ -0.861258655872537, 44.721694783802711 ], [ -0.861006293820345, 44.721690055417689 ], [ -0.861012926314478, 44.721510133729339 ], [ -0.860760565105488, 44.721505404816597 ], [ -0.860767198318528, 44.72132548315129 ], [ -0.860514837952738, 44.721320753710792 ], [ -0.86052147188467, 44.721140832068528 ], [ -0.860016752901649, 44.721131371574806 ], [ -0.860023388333493, 44.720951449985115 ], [ -0.85926631266836, 44.720937255153871 ], [ -0.859259674893419, 44.721117176655035 ], [ -0.858754956532214, 44.721107710589017 ], [ -0.858761595869216, 44.720927789146884 ], [ -0.8582568793189, 44.72091832091099 ], [ -0.858270160930356, 44.72055847812549 ], [ -0.858017804310559, 44.720553743230745 ], [ -0.858024445803965, 44.720373821857862 ], [ -0.857772090027401, 44.72036908643544 ], [ -0.857792016477232, 44.719829322366486 ], [ -0.857539663105873, 44.719824586475504 ], [ -0.857546305912326, 44.719644665135782 ], [ -0.857293953384179, 44.719639928717143 ], [ -0.857300596909365, 44.719460007400528 ], [ -0.857048245224429, 44.719455270454212 ], [ -0.857054889468329, 44.719275349160654 ], [ -0.855793135882365, 44.719251656218994 ], [ -0.85578648773368, 44.719431577364773 ], [ -0.855281785173348, 44.719422096228591 ], [ -0.855275135400451, 44.719602017308738 ], [ -0.854518079684366, 44.719587791336743 ], [ -0.854524731800142, 44.719407870345357 ], [ -0.854272380800381, 44.719403127269885 ], [ -0.854265727903644, 44.719583048231677 ], [ -0.854013376185256, 44.719578304569424 ], [ -0.854006722445218, 44.719758225495127 ], [ -0.853502017633545, 44.719748736439819 ], [ -0.853495362269224, 44.719928657299867 ], [ -0.853243009175945, 44.71992391190679 ], [ -0.85323635296829, 44.720103832730793 ], [ -0.852983999156397, 44.720099086750913 ], [ -0.852977342105392, 44.720279007538778 ], [ -0.852724987574888, 44.720274260972083 ], [ -0.852731645406876, 44.720094340213805 ], [ -0.851469877595104, 44.720070599170278 ], [ -0.851463215858209, 44.72025051978045 ], [ -0.848687323575421, 44.720198240124475 ], [ -0.848680653185292, 44.720378160402007 ], [ -0.849185361872848, 44.720387670868178 ], [ -0.849178692982197, 44.720567591198595 ], [ -0.849431048200691, 44.720572345625541 ], [ -0.849424380028552, 44.720752265979108 ], [ -0.848667312217542, 44.720738000937658 ], [ -0.848673982732667, 44.720558080673086 ], [ -0.848421627701644, 44.720553324574503 ], [ -0.848428298935258, 44.720373404333095 ], [ -0.848175944747727, 44.720368647706984 ], [ -0.848182616699812, 44.720188727488775 ], [ -0.847677910074249, 44.720179212624281 ], [ -0.847671236560208, 44.72035913278313 ], [ -0.847418882560234, 44.720354374485389 ], [ -0.847405533782595, 44.720714214724268 ], [ -0.846900822846313, 44.720704696338409 ], [ -0.846894146801699, 44.720884616388737 ], [ -0.846389434553624, 44.720875095714632 ], [ -0.846402789704271, 44.720515255726276 ], [ -0.846150435236059, 44.720510494612817 ], [ -0.846157113498517, 44.720330574638567 ], [ -0.845904759873857, 44.720325812997636 ], [ -0.84589808083042, 44.720505732942122 ], [ -0.845645726487358, 44.720500970714227 ], [ -0.845632366650767, 44.72086081052435 ], [ -0.845127655028453, 44.720851284278112 ], [ -0.845120973454279, 44.721031204114013 ], [ -0.844868616956022, 44.72102644012535 ], [ -0.844861934538242, 44.721206359925077 ], [ -0.844104863076146, 44.721192064526562 ], [ -0.844098178252718, 44.721371984230629 ], [ -0.843593462695785, 44.72136245111939 ], [ -0.84358677624769, 44.721542370757504 ], [ -0.843082059379316, 44.721532835357898 ], [ -0.843075371306529, 44.721712754930032 ], [ -0.842318294130895, 44.721698447562162 ], [ -0.842311603652357, 44.721878367038578 ], [ -0.841806884286628, 44.721868825947688 ], [ -0.841800192183337, 44.722048745358073 ], [ -0.841295471506348, 44.72203920197871 ], [ -0.841302165171704, 44.721859282627868 ], [ -0.84079744630764, 44.721849737079104 ], [ -0.840804141472328, 44.721669817781347 ], [ -0.840551782915412, 44.721665044200911 ], [ -0.840565174618624, 44.721305205645429 ], [ -0.840312817686466, 44.721300431567357 ], [ -0.840319514224969, 44.721120512309682 ], [ -0.840067158136553, 44.72111573770416 ], [ -0.840073855393306, 44.720935818469776 ], [ -0.839569144966709, 44.720926267646682 ], [ -0.839575843722682, 44.720746348465426 ], [ -0.839323489384508, 44.720741572247846 ], [ -0.839330188858692, 44.720561653089888 ], [ -0.839077835364261, 44.720556876344922 ], [ -0.839084535556644, 44.720376957210277 ], [ -0.838832182905958, 44.720372179937897 ], [ -0.83884558466431, 44.72001234170876 ], [ -0.838593233638315, 44.720007563938822 ], [ -0.838599935204261, 44.719827644844315 ], [ -0.838095234902531, 44.719818087692445 ], [ -0.838101937967562, 44.719638168651102 ], [ -0.837849588691833, 44.719633389269227 ], [ -0.837856292474989, 44.719453470251175 ], [ -0.837603944042994, 44.719448690341956 ], [ -0.83761064854426, 44.719268771347238 ], [ -0.837358300955999, 44.719263990910626 ], [ -0.837365006175364, 44.719084071939285 ], [ -0.837112659430836, 44.719079290975323 ], [ -0.837119365368282, 44.718899372027309 ], [ -0.836867019467485, 44.718894590535989 ], [ -0.836873726122997, 44.718714671611359 ], [ -0.83662138106593, 44.718709889592724 ], [ -0.836628088439494, 44.718529970691399 ], [ -0.836375744226155, 44.718525188145414 ], [ -0.836382452317758, 44.718345269267438 ], [ -0.83587776564139, 44.718335702563714 ], [ -0.835884475231886, 44.718155783738936 ], [ -0.834875105757036, 44.718136643765057 ], [ -0.834881818408113, 44.717956725053178 ], [ -0.834124794304884, 44.717942364312258 ], [ -0.834118079311228, 44.718122282934537 ], [ -0.833613395328575, 44.718112706261785 ], [ -0.833620111883945, 44.717932787699269 ], [ -0.833367770767864, 44.717927998557037 ], [ -0.833361053431638, 44.718107917089704 ], [ -0.833108711597634, 44.718103127360465 ], [ -0.833115429714714, 44.71792320885767 ], [ -0.83261074779725, 44.717913627787532 ], [ -0.832617467413082, 44.717733709338049 ], [ -0.832112787309132, 44.717724126099085 ], [ -0.832106066131609, 44.717904044488776 ], [ -0.83160138471785, 44.717894458961482 ], [ -0.831608107457062, 44.717714540631583 ], [ -0.83085108815136, 44.71770015825178 ], [ -0.830857813170089, 44.717520240005136 ], [ -0.830605474308359, 44.717515444794181 ], [ -0.830598748508794, 44.717695363010918 ], [ -0.829337051241326, 44.717671378449509 ], [ -0.829343780945046, 44.717491460382362 ], [ -0.828586765683595, 44.717477063049735 ], [ -0.828580033637386, 44.717656981027041 ], [ -0.82832769456221, 44.71765218077195 ], [ -0.828334427389243, 44.717472262824565 ], [ -0.827577412884692, 44.717457858806355 ], [ -0.827570677715182, 44.717637776663871 ], [ -0.827066000132659, 44.717628171139467 ], [ -0.827072736863818, 44.717448253341914 ], [ -0.826315723305886, 44.717433840966748 ], [ -0.826322462316372, 44.717253923252592 ], [ -0.826827136396906, 44.717263531999876 ], [ -0.826833873782642, 44.717083614219263 ], [ -0.826581537491618, 44.717078810154156 ], [ -0.826588275595032, 44.716898892397026 ], [ -0.825578934185486, 44.716879670685309 ], [ -0.82557219295888, 44.717059588322513 ], [ -0.824815185222454, 44.71704516609902 ], [ -0.824808441590279, 44.717225083639768 ], [ -0.824051432080067, 44.717210656312218 ], [ -0.824044686042289, 44.717390573756475 ], [ -0.823035337790313, 44.717371329400017 ], [ -0.823048836049086, 44.71701149474513 ], [ -0.822291830208814, 44.71699705580815 ], [ -0.822285078768656, 44.717176973048744 ], [ -0.82278975082719, 44.717186599623894 ], [ -0.822783000885382, 44.717366516918098 ], [ -0.820511971587646, 44.717323179510345 ], [ -0.820498457459712, 44.717683013538476 ], [ -0.819993781855376, 44.717673376754867 ], [ -0.820000540512619, 44.717493459804167 ], [ -0.819243529923471, 44.717479000540543 ], [ -0.819250290859797, 44.717299083673545 ], [ -0.818745619011996, 44.717289441438993 ], [ -0.81873885651407, 44.717469358245822 ], [ -0.817981846875165, 44.717454890625405 ], [ -0.817975081971465, 44.717634807335465 ], [ -0.817722744771108, 44.717629983651001 ], [ -0.817702447337271, 44.718169733652026 ], [ -0.818207126486279, 44.718179380644386 ], [ -0.818200362109891, 44.718359297358553 ], [ -0.817948021722861, 44.718354474110861 ], [ -0.817934491218268, 44.718714307459528 ], [ -0.817682149332931, 44.718709483594502 ], [ -0.817675383204704, 44.71888940022901 ], [ -0.817423040601905, 44.718884575776727 ], [ -0.817416273629426, 44.719064492374642 ], [ -0.81691158705231, 44.719054841738462 ], [ -0.816904818454694, 44.719234758269657 ], [ -0.816652474480388, 44.719229932085739 ], [ -0.81664570503848, 44.719409848580334 ], [ -0.816141015718398, 44.719400194480791 ], [ -0.816134244651307, 44.719580110908666 ], [ -0.815881899305539, 44.719575282993048 ], [ -0.815868355419262, 44.719935115769047 ], [ -0.816120702326811, 44.719939943744883 ], [ -0.816113931069401, 44.720119860153254 ], [ -0.816366278821292, 44.720124687602038 ], [ -0.816359508281352, 44.720304604034013 ], [ -0.816864205537245, 44.720314257320311 ], [ -0.816857436495706, 44.720494173806024 ], [ -0.818371534470748, 44.720523120473388 ], [ -0.818364770051356, 44.720703037133177 ], [ -0.819121822237352, 44.720717503035182 ], [ -0.819128584313951, 44.720537586285161 ], [ -0.819380934388403, 44.720542407108077 ], [ -0.819387695620722, 44.720362490321477 ], [ -0.819640044977595, 44.72036731055713 ], [ -0.819660325951742, 44.719827560068147 ], [ -0.820417367374157, 44.719842017161469 ], [ -0.820403851473519, 44.720201851007687 ], [ -0.820656200302785, 44.720206668984567 ], [ -0.82064268571073, 44.72056650286487 ], [ -0.820895036165157, 44.72057132034471 ], [ -0.820888279555101, 44.720751237305166 ], [ -0.82114063085377, 44.720756054257855 ], [ -0.821133874961353, 44.720935971241872 ], [ -0.821386227104264, 44.720940787667423 ], [ -0.821399737263914, 44.720580953632798 ], [ -0.821147386682888, 44.720576137267322 ], [ -0.82115414244871, 44.720396220270324 ], [ -0.821406492248805, 44.720401036605722 ], [ -0.821420002028726, 44.720041202532116 ], [ -0.821672350330267, 44.720046018250287 ], [ -0.821658842112189, 44.720405852383948 ], [ -0.821911192038854, 44.720410667605002 ], [ -0.821904438615825, 44.720590584692154 ], [ -0.822661491118234, 44.72060502710233 ], [ -0.82266824219846, 44.720425109925088 ], [ -0.822920592378174, 44.720429922917404 ], [ -0.82292734261422, 44.720250005703654 ], [ -0.823179692076251, 44.720254818108771 ], [ -0.823186441468131, 44.720074900858499 ], [ -0.823691139020048, 44.720084523937167 ], [ -0.823697886786863, 44.719904606620375 ], [ -0.82395023487674, 44.719909417293955 ], [ -0.823943487890841, 44.720089334640761 ], [ -0.824700534882477, 44.720103763408453 ], [ -0.824693790176138, 44.720283680838776 ], [ -0.8244414403348, 44.720278871776728 ], [ -0.824421203493811, 44.720818623938754 ], [ -0.823411795389264, 44.720799381758631 ], [ -0.823405046525385, 44.72097929901296 ], [ -0.823152693876356, 44.720974487044934 ], [ -0.823139194396979, 44.721334321474018 ], [ -0.823391548607931, 44.721339133502092 ], [ -0.823378050437544, 44.721698967965246 ], [ -0.823630406273686, 44.721703779496124 ], [ -0.823637154609516, 44.721523862237802 ], [ -0.823889509727902, 44.721528673181467 ], [ -0.823882762173054, 44.721708590469824 ], [ -0.824135118135644, 44.721713400886301 ], [ -0.824128371298565, 44.721893318198184 ], [ -0.824380728105359, 44.721898128087467 ], [ -0.824373981986065, 44.722078045422855 ], [ -0.824626339637063, 44.722082854784908 ], [ -0.824612848770875, 44.722442689496205 ], [ -0.824865208047095, 44.72244749836107 ], [ -0.824844973616888, 44.722987250469274 ], [ -0.825097335299387, 44.722992058866907 ], [ -0.825090591143973, 44.723171976253305 ], [ -0.825342953670706, 44.72317678412368 ], [ -0.825329466732418, 44.723536618937004 ], [ -0.825581830884447, 44.723541426310142 ], [ -0.825568345255566, 44.723901261157486 ], [ -0.825820711032915, 44.723906068033344 ], [ -0.825813968904791, 44.724085985477252 ], [ -0.826066335526394, 44.724090791825844 ], [ -0.826052852642821, 44.724450626754134 ], [ -0.826305220889776, 44.724455432605431 ], [ -0.82629848013435, 44.724635350089841 ], [ -0.826550849225571, 44.724640155413837 ], [ -0.826537369087473, 44.724999990423115 ], [ -0.826789739804083, 44.725004795249802 ], [ -0.826783000421438, 44.725184712774663 ], [ -0.827287743606343, 44.725194320816136 ], [ -0.827281005722827, 44.725374238394465 ], [ -0.82753337819112, 44.725379041609251 ], [ -0.827519903796988, 44.725738876806346 ], [ -0.827772277890707, 44.725743679523774 ], [ -0.827765541380112, 44.72592359714254 ], [ -0.828017916318112, 44.725928399332624 ], [ -0.828011180525568, 44.726108316974859 ], [ -0.828263556307854, 44.72611311863762 ], [ -0.828250086095785, 44.726472953962514 ], [ -0.828502463503539, 44.726477755127867 ], [ -0.828495729084038, 44.726657672810525 ], [ -0.828748107336086, 44.726662473448542 ], [ -0.828734639870189, 44.727022308854266 ], [ -0.828987019747739, 44.727027108994861 ], [ -0.828980286701365, 44.727207026717942 ], [ -0.829232667423223, 44.72721182633115 ], [ -0.829225935094984, 44.727391744077693 ], [ -0.829478316661144, 44.727396543163515 ], [ -0.829464853377894, 44.727756378696974 ], [ -0.829717236569605, 44.727761177285366 ], [ -0.829710505614614, 44.727941095072282 ], [ -0.829962889650641, 44.72794589313326 ], [ -0.829949429113968, 44.728305728747486 ], [ -0.830201814775578, 44.728310526311006 ], [ -0.830181625841428, 44.728850279773482 ], [ -0.829929237835984, 44.72884548212015 ], [ -0.829942698751038, 44.728485646544883 ], [ -0.828933153610235, 44.728466450597672 ], [ -0.828926420059134, 44.728646368268791 ], [ -0.828674033150372, 44.728641567858709 ], [ -0.828667298754897, 44.728821485493391 ], [ -0.827910136063411, 44.728807080829121 ], [ -0.827903399260969, 44.728986998367461 ], [ -0.827398622886345, 44.728977392411295 ], [ -0.827391884458191, 44.72915730988322 ], [ -0.827139495584294, 44.7291525060391 ], [ -0.827132756311701, 44.72933242347456 ], [ -0.826627977190757, 44.729322814054392 ], [ -0.826621236292403, 44.729502731423402 ], [ -0.826368846045368, 44.729497925847305 ], [ -0.826362104302539, 44.729677843179843 ], [ -0.826109713337363, 44.729673037016397 ], [ -0.826102970750044, 44.72985295431247 ], [ -0.825598187446599, 44.729843340253481 ], [ -0.82559144323345, 44.730023257483097 ], [ -0.825843835634903, 44.730028064821262 ], [ -0.825837092139894, 44.730207982074361 ], [ -0.825332305837517, 44.730198366780684 ], [ -0.825325560716642, 44.730378283967333 ], [ -0.825073166878915, 44.730373475454407 ], [ -0.82506642091349, 44.730553392604527 ], [ -0.824561631864992, 44.73054377384662 ], [ -0.824554884273654, 44.730723690930247 ], [ -0.82430248906289, 44.730718880685188 ], [ -0.824295740626965, 44.730898797732308 ], [ -0.82404334469808, 44.730893986899893 ], [ -0.824036595417557, 44.731073903910506 ], [ -0.823531802186793, 44.731064280513451 ], [ -0.823525051280286, 44.731244197457549 ], [ -0.823272653978418, 44.731239384892937 ], [ -0.823265902227277, 44.731419301800493 ], [ -0.823013504207297, 44.731414488648433 ], [ -0.823006751611508, 44.731594405519481 ], [ -0.822501954198614, 44.73158477748315 ], [ -0.822441163923539, 44.733204028489638 ], [ -0.822188758279264, 44.73319921336504 ], [ -0.822182002706333, 44.733379130080969 ], [ -0.821677190044795, 44.733369498099421 ], [ -0.821670432845639, 44.733549414748815 ], [ -0.821418025828384, 44.733544597891829 ], [ -0.821377476614833, 44.734624097471411 ], [ -0.821629888320996, 44.734628914508683 ], [ -0.821623130678596, 44.734808831112581 ], [ -0.822127955843908, 44.734818463574889 ], [ -0.822134711923286, 44.73463854691088 ], [ -0.822387123819398, 44.734643362275811 ], [ -0.822393879053961, 44.734463445575258 ], [ -0.822646290231868, 44.734468260352699 ], [ -0.822659798948105, 44.734108426872062 ], [ -0.822912208626314, 44.734113241031977 ], [ -0.822905455081334, 44.734293157805546 ], [ -0.823157865604319, 44.734297971438025 ], [ -0.823151112777555, 44.734477888235169 ], [ -0.823403524145319, 44.734482701340234 ], [ -0.823396772036782, 44.734662618160883 ], [ -0.824658833732076, 44.734686675474485 ], [ -0.824652085467856, 44.734866592438713 ], [ -0.824399672220778, 44.734861782060896 ], [ -0.824392923111795, 44.735041698988631 ], [ -0.824140509146436, 44.735036888023373 ], [ -0.824120259095399, 44.735576638677557 ], [ -0.82386784284867, 44.735571827064739 ], [ -0.823854340935264, 44.735931660741727 ], [ -0.824106758745107, 44.735936472414544 ], [ -0.824100008475078, 44.736116389273306 ], [ -0.824604845847659, 44.736126011006526 ], [ -0.82459134824416, 44.736485844824585 ], [ -0.82484376858848, 44.736490654915002 ], [ -0.8248302722952, 44.736850488767068 ], [ -0.825082694265952, 44.736855298359998 ], [ -0.825089441662608, 44.736675381407196 ], [ -0.825594284230584, 44.736684998860532 ], [ -0.825601030000822, 44.73650508184123 ], [ -0.825853450598039, 44.736509889701665 ], [ -0.825846705609397, 44.736689806750945 ], [ -0.826351548556636, 44.736699420859289 ], [ -0.826344805067995, 44.736879337962073 ], [ -0.826597227418012, 44.736884144209959 ], [ -0.826576998917785, 44.737423895569265 ], [ -0.82632457422291, 44.737419089231416 ], [ -0.826338061516161, 44.737059255058334 ], [ -0.826085638447724, 44.737054448222942 ], [ -0.826065405068179, 44.737594199382833 ], [ -0.826317830481492, 44.737599006308201 ], [ -0.826311086676881, 44.737778923378485 ], [ -0.826563512935031, 44.737783729776325 ], [ -0.82655676984887, 44.737963646870128 ], [ -0.826809196951862, 44.737968452740404 ], [ -0.826802454584167, 44.738148369857676 ], [ -0.827054882531999, 44.738153175200402 ], [ -0.827034657394834, 44.7386929266032 ], [ -0.828549240478408, 44.738721747490864 ], [ -0.82855597756388, 44.738541830183316 ], [ -0.829313267613024, 44.738556233010485 ], [ -0.829320002290327, 44.738376315606587 ], [ -0.830077290562433, 44.738390713326091 ], [ -0.830084022831608, 44.738210795825864 ], [ -0.830841309326489, 44.738225188437774 ], [ -0.830848039187572, 44.738045270841276 ], [ -0.83160532390504, 44.738059658345591 ], [ -0.83161205135807, 44.737879740652872 ], [ -0.832874189906298, 44.737903708526574 ], [ -0.832880913387994, 44.737723790677819 ], [ -0.833890622234089, 44.737742954821698 ], [ -0.833904062755261, 44.73738311886563 ], [ -0.83415648856094, 44.737387908448007 ], [ -0.834149769113491, 44.73756782645917 ], [ -0.83515947609241, 44.737586979333003 ], [ -0.835166192413257, 44.737407061202333 ], [ -0.83617589727259, 44.737426205036321 ], [ -0.836182610403915, 44.737246286779772 ], [ -0.837192313143201, 44.73726542157398 ], [ -0.837199023085052, 44.737085503191544 ], [ -0.837703873268711, 44.737095067183837 ], [ -0.83769045644872, 44.737454904061551 ], [ -0.83819531001043, 44.737464465943084 ], [ -0.838188603069454, 44.737644384431817 ], [ -0.83869345844589, 44.737653944142906 ], [ -0.838680047502076, 44.738013781220239 ], [ -0.83943733572803, 44.738028116784193 ], [ -0.839430632506919, 44.738208035402572 ], [ -0.839683062822901, 44.738212812838611 ], [ -0.839676360320666, 44.738392731480296 ], [ -0.83992879148115, 44.738397508388601 ], [ -0.839922089697808, 44.738577427053606 ], [ -0.840174521702798, 44.738582203434177 ], [ -0.840167820638361, 44.73876212212248 ], [ -0.840672686400144, 44.738771673270534 ], [ -0.840665986836348, 44.738951592011972 ], [ -0.841170854412698, 44.738961140989325 ], [ -0.841157458223675, 44.739320978571868 ], [ -0.841409893669471, 44.739325752283754 ], [ -0.841403196262547, 44.73950567109511 ], [ -0.841908068905905, 44.739515216905765 ], [ -0.841901372999719, 44.739695135770134 ], [ -0.842153810197279, 44.739699907868896 ], [ -0.842147115010102, 44.739879826756578 ], [ -0.842399553052164, 44.739884598327535 ], [ -0.842386164053122, 44.740244436142973 ], [ -0.842133724447521, 44.740239664512494 ], [ -0.842120333633961, 44.740599502242475 ], [ -0.841867892527533, 44.740594729994875 ], [ -0.84185449989939, 44.740954567639406 ], [ -0.841602057292117, 44.740949794774636 ], [ -0.841595360102105, 44.741129713557399 ], [ -0.841342916775787, 44.74112494010528 ], [ -0.841322822483699, 44.741664696325323 ], [ -0.841070376874683, 44.741659922226255 ], [ -0.841056978802415, 44.74201975961428 ], [ -0.840804531692495, 44.742014984898049 ], [ -0.840791131805395, 44.742374822200567 ], [ -0.840538683194556, 44.74237004686713 ], [ -0.840531982374957, 44.742549965478858 ], [ -0.84027953304505, 44.742545189557987 ], [ -0.840259427863825, 44.743084945264954 ], [ -0.840006976251087, 44.743080168697055 ], [ -0.83999357091911, 44.743440005743025 ], [ -0.839741117805393, 44.743435228557871 ], [ -0.839727710658332, 44.743795065518306 ], [ -0.839475256043618, 44.74379028771591 ], [ -0.839468551593929, 44.743970206156568 ], [ -0.839216096260126, 44.743965427766717 ], [ -0.839202685608389, 44.744325264569 ], [ -0.838950228773566, 44.744320485561879 ], [ -0.838943522571495, 44.744500403923475 ], [ -0.83869106501758, 44.744495624328863 ], [ -0.838670943688399, 44.745035379285255 ], [ -0.838418483851475, 44.745030599043538 ], [ -0.838411775834063, 44.74521051731957 ], [ -0.838159315278036, 44.745205736490334 ], [ -0.83814589749065, 44.745565572963244 ], [ -0.837893435433542, 44.745560791516674 ], [ -0.837866595976253, 44.746280464265389 ], [ -0.837614130854026, 44.746275682141814 ], [ -0.837607420050472, 44.746455600282928 ], [ -0.837859885954716, 44.746460382436346 ], [ -0.837853175870295, 44.746640300600831 ], [ -0.838105642619454, 44.746645082226344 ], [ -0.838098933254178, 44.746825000414191 ], [ -0.838603868505196, 44.746834562051809 ], [ -0.838597160641126, 44.747014480292783 ], [ -0.83884962914298, 44.74701926030486 ], [ -0.838842921998095, 44.747199178569176 ], [ -0.839600330226942, 44.747213515348555 ], [ -0.839593625365371, 44.747393433695834 ], [ -0.840098566062929, 44.747402988819744 ], [ -0.840091862702657, 44.747582907220149 ], [ -0.840849276566365, 44.747597235812506 ], [ -0.840855977580426, 44.747417317322693 ], [ -0.841865860482955, 44.747436414185209 ], [ -0.841872558305952, 44.747256495569836 ], [ -0.842125028406467, 44.747261268361413 ], [ -0.842131725384634, 44.74708134970971 ], [ -0.841879256066178, 44.747076576947954 ], [ -0.841885953763631, 44.746896658319606 ], [ -0.8423908908992, 44.746906203225883 ], [ -0.842384194765852, 44.74708612191376 ], [ -0.842636664209831, 44.747090893560106 ], [ -0.842643359561124, 44.746910974842422 ], [ -0.842895828285796, 44.746915745901262 ], [ -0.842902522792294, 44.746735827147354 ], [ -0.84315499079766, 44.746740597618718 ], [ -0.843161684459376, 44.746560678828537 ], [ -0.843414151745433, 44.746565448712481 ], [ -0.843427537316605, 44.746205611053135 ], [ -0.843680003101328, 44.746210380319852 ], [ -0.84369338685757, 44.745850542575099 ], [ -0.843945851140974, 44.745855311224609 ], [ -0.843959233082351, 44.745495473394435 ], [ -0.84446415870926, 44.745505008901368 ], [ -0.844457469333924, 44.745684927879161 ], [ -0.845214860590465, 44.74569922704606 ], [ -0.845228234586451, 44.745339388905585 ], [ -0.845480696899983, 44.745344154119685 ], [ -0.845487383021986, 44.74516423500998 ], [ -0.845992306273048, 44.745173763705729 ], [ -0.845998990768423, 44.744993844530129 ], [ -0.846251451705944, 44.744998608011727 ], [ -0.846258135356698, 44.744818688799924 ], [ -0.846763055855695, 44.744828214030676 ], [ -0.846743009407427, 44.745367971824969 ], [ -0.846995472096822, 44.745372733692953 ], [ -0.847002153526877, 44.745192814404959 ], [ -0.847254615496896, 44.745197575685573 ], [ -0.847247934848835, 44.745377495003268 ], [ -0.847500397663457, 44.745382255755857 ], [ -0.847507077529524, 44.745202336408454 ], [ -0.848769388631565, 44.745226131657688 ], [ -0.848776064525083, 44.745046212155373 ], [ -0.849028526151228, 44.745050969502472 ], [ -0.849041876186606, 44.744691130419049 ], [ -0.849294336311347, 44.744695887149092 ], [ -0.849260964663672, 44.745595484957441 ], [ -0.848756036656831, 44.745585970642864 ], [ -0.848749360575613, 44.745765890125739 ], [ -0.849254290146481, 44.745775404499661 ], [ -0.849247615566737, 44.745955324035428 ], [ -0.848995149968, 44.745950567097651 ], [ -0.848988474543672, 44.746130486597231 ], [ -0.847978609646312, 44.746111453150327 ], [ -0.847971931031284, 44.746291372524709 ], [ -0.848224397943787, 44.746296131752679 ], [ -0.848217720048209, 44.746476051150275 ], [ -0.848470187805341, 44.74648080985024 ], [ -0.848463510629224, 44.746660729271042 ], [ -0.847453636848058, 44.746641691006161 ], [ -0.847446956481144, 44.746821610301737 ], [ -0.846942018402076, 44.746812087763587 ], [ -0.846935336408434, 44.746992006993267 ], [ -0.846430397015744, 44.746982482164839 ], [ -0.846410345966628, 44.747522239636702 ], [ -0.84540045854813, 44.747503182930558 ], [ -0.845393771611468, 44.747683101956014 ], [ -0.845141299131417, 44.74767833635542 ], [ -0.845134611349992, 44.74785825534466 ], [ -0.84488213815053, 44.747853489156604 ], [ -0.844888826714047, 44.747673570197101 ], [ -0.844636354359361, 44.747668803481027 ], [ -0.844622975605456, 44.748028641334074 ], [ -0.844370501749279, 44.748023874000829 ], [ -0.844350430801877, 44.748563630642572 ], [ -0.844097954662072, 44.748558862662314 ], [ -0.844084572152694, 44.748918700331593 ], [ -0.844337049856757, 44.748923468371331 ], [ -0.844323668660815, 44.749283306074197 ], [ -0.845333586361208, 44.749302372893425 ], [ -0.845326898797799, 44.749482291854079 ], [ -0.844821938257905, 44.749472759500499 ], [ -0.844815249067491, 44.749652678395179 ], [ -0.845572692317845, 44.749666976178084 ], [ -0.845566005411253, 44.749846895155514 ], [ -0.84581848740223, 44.749851659997319 ], [ -0.845811801215145, 44.750031578997984 ], [ -0.84606428405097, 44.750036343311741 ], [ -0.846050913053184, 44.750396181353054 ], [ -0.847060851280545, 44.750415233267979 ], [ -0.84705416881648, 44.750595152397764 ], [ -0.847306654312122, 44.750599914011751 ], [ -0.84729997256764, 44.750779833164763 ], [ -0.848057431776928, 44.750794114749034 ], [ -0.848050752316491, 44.750974033984662 ], [ -0.848555727000155, 44.750983552311219 ], [ -0.848549049041577, 44.751163471599774 ], [ -0.849054025540067, 44.751172987754487 ], [ -0.84906070193418, 44.750993068406601 ], [ -0.849313189495056, 44.750997825617574 ], [ -0.849319865044368, 44.750817906233529 ], [ -0.849824838789359, 44.750827418922739 ], [ -0.849831512711663, 44.750647499472848 ], [ -0.850083998895769, 44.75065225495112 ], [ -0.850090671973308, 44.750472335465076 ], [ -0.85034315743774, 44.750477090355865 ], [ -0.850336485142416, 44.750657009871553 ], [ -0.850841457823317, 44.750666518039026 ], [ -0.850834787029905, 44.750846437607578 ], [ -0.851087274246365, 44.750851190884283 ], [ -0.85108060417266, 44.751031110475978 ], [ -0.851333092233871, 44.751035863224551 ], [ -0.851346430754303, 44.750676023975359 ], [ -0.851598917313561, 44.750680776106833 ], [ -0.851612254019537, 44.750320936772454 ], [ -0.851864739076862, 44.750325688286836 ], [ -0.851884741320498, 44.749785929147784 ], [ -0.85213722409372, 44.749790680015437 ], [ -0.852143890601104, 44.749610760259834 ], [ -0.852396372654625, 44.749615510540117 ], [ -0.852416369455382, 44.74907575114554 ], [ -0.852668849224864, 44.749080500779137 ], [ -0.852682178548708, 44.748720661091113 ], [ -0.852934656816349, 44.74872541010766 ], [ -0.852947984326065, 44.748365570334485 ], [ -0.853200461091884, 44.74837031873404 ], [ -0.853213786787536, 44.74801047887572 ], [ -0.853466262051554, 44.748015226658289 ], [ -0.853479585933204, 44.74765538671484 ], [ -0.853732059695437, 44.74766013388043 ], [ -0.853745381763149, 44.747300293851836 ], [ -0.853997854023618, 44.747305040400455 ], [ -0.854017834310743, 44.746765280220181 ], [ -0.854270304287393, 44.746770026122242 ], [ -0.854283622602597, 44.746410185910477 ], [ -0.854536091077534, 44.746414931195609 ], [ -0.85454274935947, 44.746235011050409 ], [ -0.854795217114758, 44.746239755748228 ], [ -0.854801874552247, 44.746059835566953 ], [ -0.855306808685907, 44.74606932323023 ], [ -0.855313464496929, 44.745889402983309 ], [ -0.855818397316025, 44.745898888356571 ], [ -0.855825051500605, 44.745718968043974 ], [ -0.856329983005088, 44.745728451127235 ], [ -0.856336635563252, 44.745548530749026 ], [ -0.856841565753074, 44.745558011542315 ], [ -0.85684821668485, 44.745378091098502 ], [ -0.857100681091241, 44.745382830629026 ], [ -0.857107331178669, 44.745202910149153 ], [ -0.857359794865373, 44.7452076490924 ], [ -0.85736644410847, 44.745027728576481 ], [ -0.85761890707548, 44.745032466932464 ], [ -0.857625555474261, 44.744852546380542 ], [ -0.858382942403111, 44.744866758013671 ], [ -0.858389588393599, 44.744686837366615 ], [ -0.858894511760283, 44.744696308941165 ], [ -0.858901156124505, 44.744516388228554 ], [ -0.859658539295568, 44.744530591319069 ], [ -0.859665181251569, 44.744350670511366 ], [ -0.860422562636908, 44.744364868494124 ], [ -0.860415923026864, 44.744544789390424 ], [ -0.860920845825538, 44.744554251982883 ], [ -0.860914207717257, 44.744734172931707 ], [ -0.861166669991909, 44.744738903420902 ], [ -0.861160032603423, 44.744918824392798 ], [ -0.861412495722286, 44.744923554353804 ], [ -0.861405859053603, 44.745103475348721 ], [ -0.86191078704194, 44.745112933656671 ], [ -0.8619041518751, 44.745292854704118 ], [ -0.862156616744571, 44.745297583051055 ], [ -0.862149982297571, 44.745477504121553 ], [ -0.862654913787097, 44.745486959201251 ], [ -0.862648280841994, 44.745666880324244 ], [ -0.86315321414425, 44.745676333232076 ], [ -0.863146582701073, 44.745856254407606 ], [ -0.863651517816023, 44.745865705143544 ], [ -0.863644887874802, 44.746045626371526 ], [ -0.863897356307541, 44.746050350932407 ], [ -0.863890727086245, 44.746230272183425 ], [ -0.864143196363177, 44.746234996216018 ], [ -0.864136567861823, 44.746414917490057 ], [ -0.864389037982946, 44.746419640994411 ], [ -0.864382410201547, 44.746599562291401 ], [ -0.864887352194296, 44.746609007685862 ], [ -0.864874099573508, 44.746968850378344 ], [ -0.865379044943035, 44.74697829365968 ], [ -0.865372420103692, 44.74715821505513 ], [ -0.865624893663696, 44.747162935888618 ], [ -0.865618269544374, 44.747342857307068 ], [ -0.865870743948573, 44.747347577612288 ], [ -0.865864120549288, 44.747527499053689 ], [ -0.866874021915251, 44.747546374814782 ], [ -0.866860781187508, 44.747906217913744 ], [ -0.867618212556312, 44.747920369054732 ], [ -0.867611594445801, 44.748100290682771 ], [ -0.867864072474947, 44.748105006643669 ], [ -0.867857455084565, 44.748284928294673 ], [ -0.868109933957882, 44.748289643727226 ], [ -0.868103317287644, 44.748469565401194 ], [ -0.868608276784641, 44.748478994651776 ], [ -0.868595046386814, 44.748838838097981 ], [ -0.868847527792668, 44.748843551945434 ], [ -0.86884091328294, 44.74902347368824 ], [ -0.868588431094898, 44.749018759811371 ], [ -0.868575200325065, 44.749378603218773 ], [ -0.868827684077498, 44.749383317154454 ], [ -0.868834298711218, 44.749203395424587 ], [ -0.869086781743445, 44.749208108773047 ], [ -0.869080167891927, 44.749388030532344 ], [ -0.869585135706747, 44.749397455614726 ], [ -0.869591747993858, 44.749217533796624 ], [ -0.869844231212026, 44.749222245471728 ], [ -0.86983761970712, 44.749402167319225 ], [ -0.87009010376946, 44.749406878465926 ], [ -0.870083492984799, 44.749586800336317 ], [ -0.870335977891311, 44.749591510954637 ], [ -0.870329367826908, 44.749771432847965 ], [ -0.870076882138176, 44.749766722200263 ], [ -0.870070271229595, 44.749946644057765 ], [ -0.869565298473569, 44.74993722103018 ], [ -0.869558685938559, 44.750117142822425 ], [ -0.869053711865972, 44.750107717504839 ], [ -0.869047097704506, 44.7502876392318 ], [ -0.868542122315409, 44.750278211624192 ], [ -0.868535506527462, 44.750458133285868 ], [ -0.868283018143674, 44.750453418615919 ], [ -0.868276401511468, 44.750633340241741 ], [ -0.867771423365446, 44.750623909169605 ], [ -0.867764805106708, 44.750803830730121 ], [ -0.867512315344482, 44.750799114327911 ], [ -0.86750569624145, 44.750979035852517 ], [ -0.867000715338594, 44.750969601315774 ], [ -0.86699409460898, 44.751149522775073 ], [ -0.86674160346836, 44.751144804640539 ], [ -0.866734981894417, 44.751324726063949 ], [ -0.866229998234815, 44.751315288062514 ], [ -0.866223375034244, 44.751495209420597 ], [ -0.865718390058385, 44.751485769128976 ], [ -0.865711765231161, 44.751665690421667 ], [ -0.865459272054079, 44.751660969409663 ], [ -0.865452646382468, 44.751840890666422 ], [ -0.865705140341845, 44.7518456117079 ], [ -0.865698515390433, 44.752025532987673 ], [ -0.866203505060067, 44.752034973455963 ], [ -0.866196881611182, 44.75221489478816 ], [ -0.866449377321435, 44.752219614215001 ], [ -0.86644275459279, 44.752399535570142 ], [ -0.866695251147434, 44.75240425446858 ], [ -0.866688629139041, 44.752584175846721 ], [ -0.893453697387473, 44.753081218552701 ] ], [ [ -0.840637015050312, 44.74651294931558 ], [ -0.840384548454717, 44.746508173296874 ], [ -0.84039125065603, 44.74632825482778 ], [ -0.840643716469595, 44.746333030816686 ], [ -0.840637015050312, 44.74651294931558 ] ], [ [ -0.849745873873625, 44.746144755826506 ], [ -0.849493407367756, 44.74613999997446 ], [ -0.849513428760926, 44.745600241278176 ], [ -0.849765892920725, 44.745604997041227 ], [ -0.849745873873625, 44.746144755826506 ] ], [ [ -0.842969464406637, 44.744936639251577 ], [ -0.842717004284084, 44.744931868520091 ], [ -0.842723698882437, 44.74475194972463 ], [ -0.842976158223025, 44.744756720426359 ], [ -0.842969464406637, 44.744936639251577 ] ], [ [ -0.847015516199134, 44.744832975809572 ], [ -0.846763055855695, 44.744828214030676 ], [ -0.846769737879871, 44.74464829475297 ], [ -0.847022197441339, 44.744653056502145 ], [ -0.847015516199134, 44.744832975809572 ] ], [ [ -0.842245564411093, 44.744022731639653 ], [ -0.841993108386535, 44.744017959384024 ], [ -0.841999805016982, 44.743838040645443 ], [ -0.841494894720005, 44.743828494520784 ], [ -0.841501592851532, 44.743648575835273 ], [ -0.842006501584668, 44.743658121900381 ], [ -0.842013198089598, 44.743478203148861 ], [ -0.842265651768393, 44.74348297531516 ], [ -0.842258956045377, 44.743662894096474 ], [ -0.842511410568836, 44.743667665734897 ], [ -0.842504715564993, 44.743847584539516 ], [ -0.842252260259612, 44.743842812871314 ], [ -0.842245564411093, 44.744022731639653 ] ], [ [ -0.89167195344918, 44.739544926144141 ], [ -0.891419508785118, 44.739540263511678 ], [ -0.891439135505327, 44.739000489477299 ], [ -0.891691577823873, 44.7390051520225 ], [ -0.891685036426946, 44.739185076736142 ], [ -0.891937479588626, 44.739189738752792 ], [ -0.891930938912235, 44.739369663489086 ], [ -0.891678494968716, 44.739365001443346 ], [ -0.89167195344918, 44.739544926144141 ] ], [ [ -0.829340205943579, 44.737836563355899 ], [ -0.829087778990748, 44.737831763090824 ], [ -0.829101249340663, 44.737471928284457 ], [ -0.829353674730202, 44.737476728489646 ], [ -0.829360409028852, 44.737296811046789 ], [ -0.829612833699862, 44.737301610664481 ], [ -0.829606100182849, 44.737481528137309 ], [ -0.829858525698594, 44.737486327227437 ], [ -0.829851792900124, 44.737666244723691 ], [ -0.829346940368445, 44.737656645926002 ], [ -0.829340205943579, 44.737836563355899 ] ], [ [ -0.828582925274443, 44.737822160888101 ], [ -0.827825645173483, 44.737807753402606 ], [ -0.827832384288234, 44.737627836152448 ], [ -0.828337236062443, 44.737637441640388 ], [ -0.828343973550765, 44.73745752432383 ], [ -0.828596398750937, 44.737462326201552 ], [ -0.828582925274443, 44.737822160888101 ] ], [ [ -0.832123632414956, 44.737709411715876 ], [ -0.831618778748057, 44.737699822953608 ], [ -0.831625506075001, 44.737519905247908 ], [ -0.83137308011776, 44.7375151100604 ], [ -0.831379808163305, 44.737335192378097 ], [ -0.830874958001256, 44.737325600390356 ], [ -0.83088168754702, 44.737145682761394 ], [ -0.830629263342217, 44.737140885961203 ], [ -0.830642723807799, 44.736781050743659 ], [ -0.830390301229308, 44.736776253445804 ], [ -0.830397032149106, 44.736596335857193 ], [ -0.830144610415299, 44.736591538031774 ], [ -0.830158073628867, 44.736231702894997 ], [ -0.829905653521334, 44.736226904571929 ], [ -0.829912385815084, 44.736046987023748 ], [ -0.829659966552224, 44.736042188173101 ], [ -0.829666699564465, 44.735862270648354 ], [ -0.829161862791191, 44.735852671334499 ], [ -0.829168597303474, 44.735672753863149 ], [ -0.82866376234577, 44.735663152379246 ], [ -0.828670498358069, 44.735483234961308 ], [ -0.828418081755455, 44.735478433413071 ], [ -0.828424818486187, 44.735298516018602 ], [ -0.828677234307248, 44.735303317536861 ], [ -0.828683970193307, 44.735123400105948 ], [ -0.828936385295941, 44.735128201036787 ], [ -0.828943120337342, 44.734948283569409 ], [ -0.829447949168867, 44.73495788369879 ], [ -0.82945468258409, 44.734777966165062 ], [ -0.829707096312967, 44.73478276536359 ], [ -0.829700363679278, 44.734962682927296 ], [ -0.830457607589023, 44.734977077267928 ], [ -0.830444146821648, 44.735336912555432 ], [ -0.830696563147468, 44.735341709613898 ], [ -0.830689833450736, 44.735521627277834 ], [ -0.830942250621178, 44.73552642380875 ], [ -0.830935521642948, 44.735706341496126 ], [ -0.831692775877282, 44.735720727833694 ], [ -0.83168604918072, 44.735900645604303 ], [ -0.832695725501925, 44.735919819702524 ], [ -0.83267555441313, 44.736459573334308 ], [ -0.832423132893523, 44.736454780556301 ], [ -0.832382784324946, 44.737534287465266 ], [ -0.832130358178601, 44.737529493950326 ], [ -0.832123632414956, 44.737709411715876 ] ], [ [ -0.827579958495856, 44.737623032572209 ], [ -0.827327532766635, 44.737618228434428 ], [ -0.827334273381511, 44.737438311237732 ], [ -0.827586698329093, 44.737443115345521 ], [ -0.827579958495856, 44.737623032572209 ] ], [ [ -0.830868228392432, 44.73750551801281 ], [ -0.83061580262436, 44.737500721152756 ], [ -0.830622533014823, 44.737320803560223 ], [ -0.830874958001256, 44.737325600390356 ], [ -0.830868228392432, 44.73750551801281 ] ], [ [ -0.827341013933221, 44.737258394034541 ], [ -0.827088589830432, 44.737253589399174 ], [ -0.827095331100599, 44.737073672219474 ], [ -0.827347754421765, 44.737078476824855 ], [ -0.827341013933221, 44.737258394034541 ] ], [ [ -0.829619567153777, 44.737121693185223 ], [ -0.829367143264396, 44.737116893597417 ], [ -0.829373877436832, 44.736936976141564 ], [ -0.829626300544593, 44.736941775699414 ], [ -0.829619567153777, 44.737121693185223 ] ], [ [ -0.829380611546166, 44.736757058679238 ], [ -0.829128189283123, 44.736752258593832 ], [ -0.829134924110957, 44.736572341154961 ], [ -0.829387345592394, 44.736577141210404 ], [ -0.829380611546166, 44.736757058679238 ] ], [ [ -0.826856391756644, 44.736709032737636 ], [ -0.826351548556636, 44.736699420859289 ], [ -0.826358291982087, 44.736519503750024 ], [ -0.826863133618897, 44.736529115568409 ], [ -0.826856391756644, 44.736709032737636 ] ], [ [ -0.828377660045342, 44.73655793764361 ], [ -0.828125238816392, 44.736553135358129 ], [ -0.828131976707502, 44.736373218032583 ], [ -0.828384397154857, 44.736378020288058 ], [ -0.828377660045342, 44.73655793764361 ] ], [ [ -0.879686248094411, 44.735722023552533 ], [ -0.879433822016441, 44.735717334739576 ], [ -0.879446979146941, 44.735357487932156 ], [ -0.879699403661586, 44.735362176686642 ], [ -0.879686248094411, 44.735722023552533 ] ], [ [ -0.884249619079858, 44.735266554960724 ], [ -0.883997194238471, 44.735261876271039 ], [ -0.884003758579892, 44.735081952325217 ], [ -0.884256182639621, 44.735086630985705 ], [ -0.884249619079858, 44.735266554960724 ] ], [ [ -0.888055654397785, 44.734796895144768 ], [ -0.887803230979527, 44.734792224905576 ], [ -0.887809783411802, 44.734612300502924 ], [ -0.888062206048411, 44.73461697071297 ], [ -0.888055654397785, 44.734796895144768 ] ], [ [ -0.884534857258281, 44.734371613007362 ], [ -0.884282436263604, 44.734366935021136 ], [ -0.884288999515837, 44.734187011013852 ], [ -0.884541419728894, 44.734191688970888 ], [ -0.884534857258281, 44.734371613007362 ] ], [ [ -0.885557660478661, 44.734030471064251 ], [ -0.885052821185373, 44.734021119111134 ], [ -0.885059381969776, 44.733841195003443 ], [ -0.883292451851547, 44.733808445810226 ], [ -0.883299018045661, 44.73362852190035 ], [ -0.883046600485008, 44.733623841243372 ], [ -0.883040033509298, 44.733803765124037 ], [ -0.882787615228586, 44.733799083880335 ], [ -0.88279418298589, 44.733619160028866 ], [ -0.882541765548322, 44.733614478256875 ], [ -0.882548334025668, 44.733434554428193 ], [ -0.882295917431238, 44.733429872127864 ], [ -0.882309055764428, 44.73307002450953 ], [ -0.882056640794707, 44.733065341710166 ], [ -0.882076350177478, 44.732525570321904 ], [ -0.882581175489138, 44.732534935187864 ], [ -0.882574607319545, 44.732714859048841 ], [ -0.883079434440501, 44.732724221743283 ], [ -0.883086001046992, 44.732544297823893 ], [ -0.882833588237296, 44.732539616784607 ], [ -0.882846722828759, 44.732179768984906 ], [ -0.883351545383523, 44.732189130389173 ], [ -0.883344979681636, 44.732369054350684 ], [ -0.88359739183285, 44.732373734245783 ], [ -0.883590826850982, 44.732553658230003 ], [ -0.883843239845262, 44.732558337596828 ], [ -0.883823546875223, 44.733098109598387 ], [ -0.884580793261161, 44.733112144616669 ], [ -0.884574231159517, 44.733292068691838 ], [ -0.884826647526071, 44.733296745945445 ], [ -0.884820086144519, 44.733476670043338 ], [ -0.885072503354143, 44.733481346768642 ], [ -0.885065942692698, 44.733661270889264 ], [ -0.885318360745396, 44.733665947086223 ], [ -0.885311800804075, 44.733845871229562 ], [ -0.885564219699846, 44.733850546898189 ], [ -0.885557660478661, 44.734030471064251 ] ], [ [ -0.876729594972204, 44.733686566780662 ], [ -0.876477178232343, 44.733681871599437 ], [ -0.876483765529304, 44.733501948479223 ], [ -0.876736181487587, 44.733506643631145 ], [ -0.876729594972204, 44.733686566780662 ] ], [ [ -0.876988597507591, 44.733511338225597 ], [ -0.876736181487587, 44.733506643631145 ], [ -0.876742767941246, 44.733326720475183 ], [ -0.87699518317968, 44.733331415040347 ], [ -0.876988597507591, 44.733511338225597 ] ], [ [ -0.88179108442706, 44.733420505854816 ], [ -0.881538668017331, 44.733415821882033 ], [ -0.881545239559438, 44.733235898163748 ], [ -0.881797655187592, 44.733240582107292 ], [ -0.88179108442706, 44.733420505854816 ] ], [ [ -0.876244525604615, 44.733137406568574 ], [ -0.875992111332924, 44.733132710360216 ], [ -0.876005288620957, 44.732772864191809 ], [ -0.876257701329545, 44.732777560341525 ], [ -0.876244525604615, 44.733137406568574 ] ], [ [ -0.881551811039967, 44.733055974438983 ], [ -0.881299396254962, 44.73305128996715 ], [ -0.881305968455473, 44.732871366265179 ], [ -0.881558382458912, 44.732876050707802 ], [ -0.881551811039967, 44.733055974438983 ] ], [ [ -0.881810796523935, 44.732880734592896 ], [ -0.881558382458912, 44.732876050707802 ], [ -0.881564953816281, 44.732696126970133 ], [ -0.881817367099748, 44.732700810826032 ], [ -0.881810796523935, 44.732880734592896 ] ], [ [ -0.878781831809522, 44.732824491177475 ], [ -0.878529418483935, 44.732819800602549 ], [ -0.878535999219911, 44.732639877215796 ], [ -0.878031174316838, 44.732630494452025 ], [ -0.87804433872993, 44.732270647776275 ], [ -0.877791927933978, 44.732265955616732 ], [ -0.877805093663392, 44.731906108973668 ], [ -0.877552684492162, 44.731901416315189 ], [ -0.877572434968145, 44.731361646390027 ], [ -0.877824841794871, 44.731366338960683 ], [ -0.877811676435568, 44.731726185642458 ], [ -0.878064084886975, 44.731730877714206 ], [ -0.878077248683283, 44.731371030973882 ], [ -0.878834469718543, 44.731385103668735 ], [ -0.878827890195714, 44.731565027129911 ], [ -0.879332706090495, 44.731574406197744 ], [ -0.879326128069019, 44.731754329710981 ], [ -0.879578536890378, 44.731759018437955 ], [ -0.879571959588772, 44.731938941974008 ], [ -0.879824369253279, 44.731943630172765 ], [ -0.879830945773373, 44.73176370660746 ], [ -0.880335763724233, 44.731773081274106 ], [ -0.880329188767166, 44.731953004897875 ], [ -0.880581598616534, 44.731957691424221 ], [ -0.880568450080618, 44.732317538710902 ], [ -0.8803160386682, 44.732312852126043 ], [ -0.880309463526295, 44.732492775730456 ], [ -0.880057051393955, 44.732488088558917 ], [ -0.880050475408892, 44.732668012127611 ], [ -0.878788411763951, 44.732644567761461 ], [ -0.878781831809522, 44.732824491177475 ] ], [ [ -0.871461870431021, 44.732688238168187 ], [ -0.871209458896747, 44.732683531426439 ], [ -0.871216062297274, 44.732503608889829 ], [ -0.871468473050023, 44.73250831560221 ], [ -0.871461870431021, 44.732688238168187 ] ], [ [ -0.872484716110703, 44.73234721418725 ], [ -0.872232305892033, 44.732342509734082 ], [ -0.872238906042755, 44.732162587067108 ], [ -0.871986496667451, 44.732157882085836 ], [ -0.871993097537831, 44.731977959441764 ], [ -0.872497914787274, 44.731987368788175 ], [ -0.872484716110703, 44.73234721418725 ] ], [ [ -0.876788871388746, 44.732067258202619 ], [ -0.876536461682819, 44.732062563284984 ], [ -0.87654304842425, 44.731882640106669 ], [ -0.876290639561559, 44.731877944660852 ], [ -0.876303814422255, 44.7315180983434 ], [ -0.876556221721945, 44.731522793730605 ], [ -0.876562808278211, 44.731342870532899 ], [ -0.876815214858132, 44.731347565333373 ], [ -0.876808629083358, 44.731527488560381 ], [ -0.877061036506482, 44.731532182832645 ], [ -0.877047866334792, 44.731892029325856 ], [ -0.876795457348662, 44.73188733499498 ], [ -0.876788871388746, 44.732067258202619 ] ], [ [ -0.83237244369949, 44.731052450068582 ], [ -0.832120045750711, 44.731047657072672 ], [ -0.832126769964218, 44.730867739096887 ], [ -0.832379167131617, 44.730872532062904 ], [ -0.83237244369949, 44.731052450068582 ] ], [ [ -0.837931920740544, 44.730977836293945 ], [ -0.837174725273935, 44.730963492511947 ], [ -0.837188142256905, 44.730603655346265 ], [ -0.836935745456513, 44.730598873030452 ], [ -0.83694245463508, 44.73041895446773 ], [ -0.836690058678928, 44.730414171624354 ], [ -0.836710188181497, 44.729874415986735 ], [ -0.83721497546853, 44.729883980937046 ], [ -0.837208267259912, 44.730063899549094 ], [ -0.837460661779069, 44.730068681217979 ], [ -0.837480783872325, 44.72952892527293 ], [ -0.837733176110303, 44.729533706294994 ], [ -0.83772646959007, 44.729713624979667 ], [ -0.837978862672222, 44.729718405474159 ], [ -0.837985568411119, 44.729538486759679 ], [ -0.838237960774771, 44.729543266666958 ], [ -0.838231255817213, 44.729723185411295 ], [ -0.838736042295666, 44.729732743613397 ], [ -0.838729338837973, 44.729912662410833 ], [ -0.838981732952769, 44.729917440705627 ], [ -0.838988435629115, 44.729737521878377 ], [ -0.83924082902537, 44.729742299585993 ], [ -0.83921402106858, 44.730461974975327 ], [ -0.83870922808801, 44.730452418764266 ], [ -0.83869582060729, 44.730812256300794 ], [ -0.838191024752464, 44.730802697740906 ], [ -0.838197730086997, 44.730622779035514 ], [ -0.83794533303521, 44.730617998949299 ], [ -0.837931920740544, 44.730977836293945 ] ], [ [ -0.832126769964218, 44.730867739096887 ], [ -0.831874372859828, 44.730862945573477 ], [ -0.831881097791698, 44.730683027621119 ], [ -0.831628701531693, 44.730678233570238 ], [ -0.831642152769116, 44.730318397705886 ], [ -0.831894547466401, 44.730323191696961 ], [ -0.831887822660557, 44.730503109662301 ], [ -0.832140218202212, 44.730507903125911 ], [ -0.832126769964218, 44.730867739096887 ] ], [ [ -0.893972474055704, 44.731845429174712 ], [ -0.893467651034401, 44.731836114773252 ], [ -0.893480719362945, 44.73147626446201 ], [ -0.893985539258111, 44.731485578747211 ], [ -0.893972474055704, 44.731845429174712 ] ], [ [ -0.831642152769116, 44.730318397705886 ], [ -0.831389758134851, 44.73031360315742 ], [ -0.83139648444038, 44.730133685245448 ], [ -0.831648878293294, 44.730138479763959 ], [ -0.831642152769116, 44.730318397705886 ] ], [ [ -0.836198689811936, 44.730044767299582 ], [ -0.835946295607143, 44.730039982843742 ], [ -0.835953007722502, 44.729860064380915 ], [ -0.83620540114595, 44.729864848806891 ], [ -0.836198689811936, 44.730044767299582 ] ], [ [ -0.831403210682882, 44.729953767326933 ], [ -0.831150817674331, 44.729948972280908 ], [ -0.83115754463514, 44.729769054385862 ], [ -0.831409936862357, 44.72977384940193 ], [ -0.831403210682882, 44.729953767326933 ] ], [ [ -0.836710188181497, 44.729874415986735 ], [ -0.83620540114595, 44.729864848806891 ], [ -0.836218823625315, 44.729505011802097 ], [ -0.836471215548977, 44.729509795611001 ], [ -0.836464505122068, 44.729689714146481 ], [ -0.836716897889942, 44.729694497427893 ], [ -0.836710188181497, 44.729874415986735 ] ], [ [ -0.83115754463514, 44.729769054385862 ], [ -0.830905152470955, 44.729764258812388 ], [ -0.830911880150058, 44.72958434094074 ], [ -0.830659488830236, 44.729579544839815 ], [ -0.830672945561949, 44.729219709136906 ], [ -0.830925335319141, 44.729224505177967 ], [ -0.83091860776612, 44.729404423062597 ], [ -0.831170998367661, 44.729409218576251 ], [ -0.83115754463514, 44.729769054385862 ] ], [ [ -0.837221683614292, 44.729704062318511 ], [ -0.836969290720685, 44.729699280151884 ], [ -0.836975999584926, 44.729519361556726 ], [ -0.837228391697196, 44.729524143693496 ], [ -0.837221683614292, 44.729704062318511 ] ], [ [ -0.835454934679438, 44.729670575447201 ], [ -0.83520254222603, 44.729665789378956 ], [ -0.835209256559594, 44.729485870992718 ], [ -0.83546164823167, 44.729490657031114 ], [ -0.835454934679438, 44.729670575447201 ] ], [ [ -0.838995138242655, 44.729557603044626 ], [ -0.83849035320125, 44.729548046016923 ], [ -0.838497057314651, 44.729368127236313 ], [ -0.839001840793392, 44.729377684204429 ], [ -0.838995138242655, 44.729557603044626 ] ], [ [ -0.840011408504465, 44.729396791452203 ], [ -0.839759016482518, 44.7293920154763 ], [ -0.839765716626469, 44.729212096540202 ], [ -0.840018107867089, 44.72921687248629 ], [ -0.840011408504465, 44.729396791452203 ] ], [ [ -0.839254232626973, 44.729382461852431 ], [ -0.839001840793392, 44.729377684204429 ], [ -0.839008543281324, 44.729197765357704 ], [ -0.839260934333579, 44.729202542975905 ], [ -0.839254232626973, 44.729382461852431 ] ], [ [ -0.830672945561949, 44.729219709136906 ], [ -0.830420555867801, 44.729214912538438 ], [ -0.830434013909929, 44.728855076869429 ], [ -0.830686402041482, 44.728859873408013 ], [ -0.830672945561949, 44.729219709136906 ] ], [ [ -0.838756152291874, 44.729192987182145 ], [ -0.838503761365232, 44.72918820844923 ], [ -0.838510465352996, 44.729008289655646 ], [ -0.83876285549832, 44.729013068358775 ], [ -0.838756152291874, 44.729192987182145 ] ], [ [ -0.891035122167609, 44.729270560667622 ], [ -0.890782722302255, 44.729265897463243 ], [ -0.890789264235718, 44.729085972540425 ], [ -0.891041663319645, 44.729090635715714 ], [ -0.891035122167609, 44.729270560667622 ] ], [ [ -0.839042054778954, 44.728298171026893 ], [ -0.838789667696018, 44.728293393000364 ], [ -0.838796370588424, 44.728113474144557 ], [ -0.839048756890077, 44.728118252141286 ], [ -0.839042054778954, 44.728298171026893 ] ], [ [ -0.863782917943464, 44.728583792067319 ], [ -0.86353052552225, 44.72857906869244 ], [ -0.863537151783601, 44.72839914692554 ], [ -0.863789543423472, 44.728403870270952 ], [ -0.863782917943464, 44.728583792067319 ] ], [ [ -0.855958781790549, 44.728437108264437 ], [ -0.855454000866817, 44.728427626399863 ], [ -0.855467303332453, 44.728067784749129 ], [ -0.855214914526702, 44.728063043039981 ], [ -0.85522156644734, 44.727883122234481 ], [ -0.854969178485225, 44.727878379997527 ], [ -0.854975831124832, 44.727698459215141 ], [ -0.854218669956422, 44.727684229248908 ], [ -0.854225324877563, 44.727504308548809 ], [ -0.853972938727419, 44.727499564141603 ], [ -0.853966283024993, 44.7276794848121 ], [ -0.853713896155928, 44.727674739817942 ], [ -0.853700583001384, 44.728034581080259 ], [ -0.853448194632098, 44.728029835469535 ], [ -0.853468166614235, 44.727490073655161 ], [ -0.853215780651206, 44.727485327575906 ], [ -0.853249069946851, 44.726585724570469 ], [ -0.853501452003561, 44.726590470501684 ], [ -0.853508108894298, 44.726410549851579 ], [ -0.85401287163235, 44.726420039982813 ], [ -0.853986249945179, 44.727139722781253 ], [ -0.854743403895008, 44.727153954153216 ], [ -0.854763363222596, 44.726614191797758 ], [ -0.855520510702142, 44.726628417887362 ], [ -0.855513859999046, 44.726808338767732 ], [ -0.855261476662284, 44.726803597265643 ], [ -0.855254825115608, 44.72698351810994 ], [ -0.855507209233634, 44.726988259641651 ], [ -0.855493907515853, 44.727348101370048 ], [ -0.855746293258744, 44.727352842403533 ], [ -0.855739643087658, 44.727532763287599 ], [ -0.855487256563484, 44.727528022224504 ], [ -0.855480605548795, 44.727707943072545 ], [ -0.855732992854262, 44.727712684165205 ], [ -0.85572634255855, 44.727892605036317 ], [ -0.856231118919019, 44.727902085608704 ], [ -0.856217821265894, 44.728261927449829 ], [ -0.855965431491883, 44.728257187383157 ], [ -0.855958781790549, 44.728437108264437 ] ], [ [ -0.890297553060454, 44.728716794768928 ], [ -0.889792758447426, 44.728707464632805 ], [ -0.8897993033226, 44.72852753980704 ], [ -0.890051699817052, 44.728532205124708 ], [ -0.890058243849504, 44.728352280263401 ], [ -0.890310639623881, 44.728356944994573 ], [ -0.890297553060454, 44.728716794768928 ] ], [ [ -0.851940527804177, 44.727821429680034 ], [ -0.851688140653005, 44.727816680197407 ], [ -0.851694803449419, 44.72763675979995 ], [ -0.851947189819301, 44.72764150925294 ], [ -0.851940527804177, 44.727821429680034 ] ], [ [ -0.880978608968415, 44.72800405489275 ], [ -0.880726216249107, 44.727999369566973 ], [ -0.88073936182835, 44.727639521970488 ], [ -0.880991752984959, 44.727644207237816 ], [ -0.880978608968415, 44.72800405489275 ] ], [ [ -0.852730987364475, 44.726936072139175 ], [ -0.852478603932432, 44.72693132447673 ], [ -0.852485264072941, 44.726751403958012 ], [ -0.852737646723729, 44.726756151590848 ], [ -0.852730987364475, 44.726936072139175 ] ], [ [ -0.845438620884466, 44.726078484858661 ], [ -0.845186242390055, 44.72607372115241 ], [ -0.84519292493616, 44.725893801468203 ], [ -0.845445302649368, 44.725898565144753 ], [ -0.845438620884466, 44.726078484858661 ] ], [ [ -0.845451984351662, 44.725718645424358 ], [ -0.845199607419651, 44.725713881777516 ], [ -0.845206289840528, 44.72553396208037 ], [ -0.844953913752319, 44.725529197905942 ], [ -0.844967279968592, 44.725169358551646 ], [ -0.845472029082909, 44.72517888622432 ], [ -0.845465347568432, 44.725358805964134 ], [ -0.845717723000675, 44.725363568994247 ], [ -0.845711042204777, 44.725543488757296 ], [ -0.845458665991351, 44.725538725697483 ], [ -0.845451984351662, 44.725718645424358 ] ], [ [ -0.860196127100218, 44.723115239484976 ], [ -0.85943902312992, 44.723101045262844 ], [ -0.859445660807908, 44.722921123803317 ], [ -0.860202762434866, 44.722935317936887 ], [ -0.860196127100218, 44.723115239484976 ] ], [ [ -0.847332111034174, 44.722693335574895 ], [ -0.847079746943388, 44.722688576333994 ], [ -0.847086422832469, 44.722508656318723 ], [ -0.847338786142186, 44.722513415529924 ], [ -0.847332111034174, 44.722693335574895 ] ], [ [ -0.847597823778849, 44.722338254102816 ], [ -0.847345461187655, 44.722333495478551 ], [ -0.847352136170583, 44.722153575420656 ], [ -0.847604497980722, 44.722158334015234 ], [ -0.847597823778849, 44.722338254102816 ] ], [ [ -0.824925907925325, 44.720828241685687 ], [ -0.82467355567797, 44.720823433090793 ], [ -0.82468704540661, 44.720463598262619 ], [ -0.825191746840725, 44.720473214775161 ], [ -0.825185003569885, 44.720653132252515 ], [ -0.824932652040293, 44.720648324244827 ], [ -0.824925907925325, 44.720828241685687 ] ], [ [ -0.850938517337246, 44.720780781017162 ], [ -0.850433804651206, 44.720771278233357 ], [ -0.850440469699352, 44.720591357761158 ], [ -0.850945180823395, 44.720600860485689 ], [ -0.850938517337246, 44.720780781017162 ] ], [ [ -0.825306372779265, 44.717414616666773 ], [ -0.825054035305508, 44.717409809198969 ], [ -0.825060778220053, 44.717229891634716 ], [ -0.825313114913001, 44.717234699072513 ], [ -0.825306372779265, 44.717414616666773 ] ], [ [ -0.826322462316372, 44.717253923252592 ], [ -0.826070125370806, 44.717249118043242 ], [ -0.826076865098963, 44.717069200352569 ], [ -0.826329201263723, 44.71707400553192 ], [ -0.826322462316372, 44.717253923252592 ] ] ] } },
{ "type": "Feature", "properties": { "surface_ha": 1.44 }, "geometry": { "type": "Polygon", "coordinates": [ [ [ -0.881081060435224, 44.718283475399851 ], [ -0.881087629930841, 44.718103551256284 ], [ -0.880835280236761, 44.718098866980668 ], [ -0.88084842060524, 44.717739018732665 ], [ -0.88034372452555, 44.717729648626765 ], [ -0.880356867771536, 44.717369800469847 ], [ -0.880104521385908, 44.717365114639556 ], [ -0.880111093697466, 44.717185190580665 ], [ -0.879858748154337, 44.717180504222441 ], [ -0.879871894154542, 44.716820656143717 ], [ -0.879619550234815, 44.716815969286813 ], [ -0.879626123923442, 44.716636045267009 ], [ -0.879373780846202, 44.716631357882164 ], [ -0.879367206376679, 44.716811281872715 ], [ -0.878862518845204, 44.716801905373003 ], [ -0.878842790381583, 44.717341677130442 ], [ -0.879095136459249, 44.717346365746643 ], [ -0.879088560962406, 44.717526289682134 ], [ -0.879340907882605, 44.717530977770373 ], [ -0.879334333105087, 44.717710901728637 ], [ -0.879586680867821, 44.717715589288979 ], [ -0.879580106809645, 44.717895513270051 ], [ -0.879832455414911, 44.717900200302402 ], [ -0.87982588207609, 44.718080124306248 ], [ -0.880078231523894, 44.718084810810652 ], [ -0.880071658904443, 44.718264734837327 ], [ -0.881081060435224, 44.718283475399851 ] ] ] } },
{ "type": "Feature", "properties": { "surface_ha": 1.8 }, "geometry": { "type": "Polygon", "coordinates": [ [ [ -0.8781318011363, 44.716068141028764 ], [ -0.87813837926377, 44.71588821715865 ], [ -0.878895398385677, 44.715902285648149 ], [ -0.878901974108944, 44.715722361683824 ], [ -0.878649635120882, 44.715717672773714 ], [ -0.878656211563393, 44.715537748832162 ], [ -0.87815153533382, 44.715528369399046 ], [ -0.878158113276403, 44.715348445509562 ], [ -0.877905776034899, 44.715343754986549 ], [ -0.87791893329684, 44.714983907246733 ], [ -0.877666597678632, 44.714979216225096 ], [ -0.87767317699797, 44.714799292374792 ], [ -0.877420842222221, 44.714794600825286 ], [ -0.877427422260731, 44.714614676997797 ], [ -0.87717508832744, 44.714609984920415 ], [ -0.877181669085106, 44.714430061115721 ], [ -0.876929335994274, 44.714425368510511 ], [ -0.876935917471081, 44.714245444728633 ], [ -0.876683585222704, 44.714240751595597 ], [ -0.876696749552902, 44.713880904071004 ], [ -0.876444418927759, 44.713876210439381 ], [ -0.876451001781131, 44.713696286696695 ], [ -0.875946342277417, 44.713686897820708 ], [ -0.875926588847612, 44.714226668853676 ], [ -0.876178920910962, 44.714231363658079 ], [ -0.876165753210904, 44.714591211039703 ], [ -0.876418086897529, 44.714595905345583 ], [ -0.876411503735784, 44.714775829055966 ], [ -0.876663838264896, 44.714780522833983 ], [ -0.876657255822286, 44.714960446567233 ], [ -0.876909591193885, 44.714965139817387 ], [ -0.87690300947043, 44.715145063573452 ], [ -0.877155345684515, 44.715149756295773 ], [ -0.877142183614284, 44.71550960384706 ], [ -0.877394521451699, 44.715514296070751 ], [ -0.877387941104943, 44.715694219865973 ], [ -0.877640279784857, 44.715698911561809 ], [ -0.877633700157304, 44.715878835379868 ], [ -0.877886039679718, 44.715883526547827 ], [ -0.877879460771384, 44.716063450388702 ], [ -0.8781318011363, 44.716068141028764 ] ] ] } },
{ "type": "Feature", "properties": { "surface_ha": 1.32 }, "geometry": { "type": "Polygon", "coordinates": [ [ [ -0.819718918418957, 44.711546559817727 ], [ -0.819725676484832, 44.711366642706217 ], [ -0.819977986804716, 44.711371461438588 ], [ -0.819984744026726, 44.711191544290486 ], [ -0.82048936329529, 44.711201180024091 ], [ -0.820496118892903, 44.71102126280941 ], [ -0.82100073685352, 44.711030896254883 ], [ -0.821007490826763, 44.710850978973625 ], [ -0.821259799121442, 44.710855794830827 ], [ -0.821266552250877, 44.710675877513012 ], [ -0.821771167468946, 44.710685507496358 ], [ -0.821777918974059, 44.710505590111943 ], [ -0.821525612113925, 44.710500775428798 ], [ -0.821532364336312, 44.710320858067945 ], [ -0.821280058319956, 44.710316042857883 ], [ -0.8212868112596, 44.71013612552057 ], [ -0.820782200977708, 44.710126493489518 ], [ -0.820775446477037, 44.710306410766727 ], [ -0.820523140650489, 44.710301593885688 ], [ -0.820516385306021, 44.710481511126382 ], [ -0.820264078762238, 44.7104766936583 ], [ -0.82025732257396, 44.710656610862415 ], [ -0.820005015312943, 44.710651792807298 ], [ -0.81999825828084, 44.710831709974862 ], [ -0.819493642387657, 44.710822072133531 ], [ -0.819486883731172, 44.711001989234461 ], [ -0.819234575099013, 44.710997169448248 ], [ -0.819214296408007, 44.711536920621896 ], [ -0.819718918418957, 44.711546559817727 ] ] ] } },
{ "type": "Feature", "properties": { "surface_ha": 7.23 }, "geometry": { "type": "Polygon", "coordinates": [ [ [ -0.875946342277417, 44.713686897820708 ], [ -0.875952926630642, 44.713506974130148 ], [ -0.875700597752075, 44.713502278885777 ], [ -0.875720352783877, 44.712962507863189 ], [ -0.875468026309245, 44.712957812149611 ], [ -0.875481197583442, 44.712597964827516 ], [ -0.875228872731968, 44.712593268615436 ], [ -0.875235459057236, 44.712413344974003 ], [ -0.874983135048184, 44.712408648234124 ], [ -0.874989722092456, 44.712228724615514 ], [ -0.874737398925823, 44.712224027347872 ], [ -0.874743986689087, 44.712044103752156 ], [ -0.874491664364873, 44.712039405956709 ], [ -0.874504841267627, 44.711679558804462 ], [ -0.874252520566516, 44.711674860510591 ], [ -0.874259109705986, 44.711494936954089 ], [ -0.874006789847282, 44.711490238132448 ], [ -0.874013379705691, 44.711310314598826 ], [ -0.873761060689397, 44.711305615249444 ], [ -0.873774241782321, 44.710945768221414 ], [ -0.873521924389084, 44.710941068373614 ], [ -0.873528515623579, 44.710761144879228 ], [ -0.873276199072739, 44.710756444503723 ], [ -0.873282791026124, 44.710576521032188 ], [ -0.873030475317678, 44.710571820128933 ], [ -0.873043660600433, 44.710211973225171 ], [ -0.872791346515003, 44.710207271823542 ], [ -0.872797939844351, 44.710027348391286 ], [ -0.872545626601307, 44.710022646461951 ], [ -0.872558814635908, 44.709662799636767 ], [ -0.872054191457564, 44.709653394224347 ], [ -0.872067382367421, 44.709293547490688 ], [ -0.871815072432101, 44.709288844007602 ], [ -0.871828264655952, 44.708928997306771 ], [ -0.871575956343573, 44.708924293325381 ], [ -0.871582553143368, 44.708744369994619 ], [ -0.871330245673347, 44.708739665485567 ], [ -0.871336843191898, 44.708559742177712 ], [ -0.871084536564237, 44.708555037141004 ], [ -0.871097732976997, 44.708195190564567 ], [ -0.870845427972233, 44.708190485029583 ], [ -0.870852026866423, 44.708010561761007 ], [ -0.870599722704005, 44.708005855698389 ], [ -0.8706063223169, 44.707825932452728 ], [ -0.87035401899683, 44.707821225862453 ], [ -0.87036061932841, 44.707641302639708 ], [ -0.870108316850687, 44.707636595521834 ], [ -0.87011491790094, 44.707456672321975 ], [ -0.869862616265561, 44.707451964676473 ], [ -0.869869218034473, 44.707272041499536 ], [ -0.869616917241438, 44.707267333326421 ], [ -0.869630122154699, 44.706907487011925 ], [ -0.869377822984486, 44.70690277834057 ], [ -0.869384426128812, 44.706722855203004 ], [ -0.869132127800932, 44.706718146004064 ], [ -0.869138731663867, 44.706538222889399 ], [ -0.86812954209293, 44.706519380641552 ], [ -0.868122935108136, 44.706699303638651 ], [ -0.868375233188512, 44.706704015065441 ], [ -0.868368626922294, 44.706883938085504 ], [ -0.868620925845028, 44.706888648984702 ], [ -0.868607714687896, 44.707248495064185 ], [ -0.868860015233476, 44.707253205465186 ], [ -0.868853410342583, 44.707433128524642 ], [ -0.869105711730532, 44.707437838398064 ], [ -0.869092503324126, 44.707797684556283 ], [ -0.869344806334956, 44.70780239393148 ], [ -0.869338202819468, 44.707982317030307 ], [ -0.869590506672679, 44.707987025877898 ], [ -0.869583903875851, 44.708166948999626 ], [ -0.869836208571443, 44.708171657319596 ], [ -0.869823004353293, 44.708531503602408 ], [ -0.87007531067181, 44.708536211424111 ], [ -0.87006870925051, 44.708716134585188 ], [ -0.870321016411418, 44.708720841879277 ], [ -0.870307814944403, 44.709080688240761 ], [ -0.870560123728271, 44.709085395036595 ], [ -0.870553523682579, 44.709265318236994 ], [ -0.870805833308849, 44.709270024505145 ], [ -0.870792634593136, 44.709629870945335 ], [ -0.8710449458424, 44.709634576715196 ], [ -0.871038347172399, 44.709814499954952 ], [ -0.871290659264079, 44.709819205197128 ], [ -0.871284061312865, 44.709999128459771 ], [ -0.871536374246957, 44.710003833174277 ], [ -0.87152317972032, 44.710363679738897 ], [ -0.871775494277449, 44.710368383955071 ], [ -0.871762301064847, 44.710728230552512 ], [ -0.872014617245038, 44.710732934270339 ], [ -0.872008021326677, 44.710912857588731 ], [ -0.872512655433716, 44.710922263411895 ], [ -0.872506061014861, 44.71110218678249 ], [ -0.872758378941704, 44.711106888887848 ], [ -0.872751785241729, 44.711286812281323 ], [ -0.873004104011004, 44.711291513858946 ], [ -0.872997511029922, 44.711471437275286 ], [ -0.873249830641631, 44.711476138325203 ], [ -0.873236646055522, 44.711835985197176 ], [ -0.873488967290349, 44.711840685748662 ], [ -0.873475784018581, 44.712200532653434 ], [ -0.87372810687655, 44.712205232706474 ], [ -0.87372151592874, 44.712385156178534 ], [ -0.873973839629161, 44.712389855703798 ], [ -0.873967249400317, 44.712569779198681 ], [ -0.87421957394319, 44.712574478196196 ], [ -0.874206394861726, 44.712934325225255 ], [ -0.874458721027787, 44.71293902372431 ], [ -0.874452132175187, 44.713118947258458 ], [ -0.874956786253962, 44.713128342643877 ], [ -0.874950198901122, 44.713308266230193 ], [ -0.87545485478825, 44.713317659445842 ], [ -0.875441683020451, 44.713677506716273 ], [ -0.875946342277417, 44.713686897820708 ] ] ] } },
{ "type": "Feature", "properties": { "surface_ha": 16.75 }, "geometry": { "type": "Polygon", "coordinates": [ [ [ -0.823836846369607, 44.709464581641747 ], [ -0.823843591188143, 44.709284663971722 ], [ -0.824095893153705, 44.709289473431923 ], [ -0.824102637128577, 44.709109555725405 ], [ -0.824354938376837, 44.709114364598641 ], [ -0.82436168150806, 44.708934446855622 ], [ -0.824866282633141, 44.708944062871218 ], [ -0.824873024140265, 44.708764145061721 ], [ -0.825125324017076, 44.708768952204089 ], [ -0.825132064680588, 44.708589034358084 ], [ -0.825636663062721, 44.708598646912009 ], [ -0.825643402102183, 44.708418728999526 ], [ -0.825895700607496, 44.708423534411089 ], [ -0.825902438803382, 44.708243616462156 ], [ -0.826407034442475, 44.708253225554436 ], [ -0.82641377101436, 44.708073307539067 ], [ -0.826666068148131, 44.708078111219805 ], [ -0.826672803876475, 44.707898193167971 ], [ -0.826925100292912, 44.707902996261815 ], [ -0.826918365345003, 44.708082914343578 ], [ -0.827170662604965, 44.708087716910434 ], [ -0.827184130876828, 44.70772788068048 ], [ -0.827436426639013, 44.70773268263045 ], [ -0.827443159899897, 44.707552764475736 ], [ -0.827695454944737, 44.707557565838854 ], [ -0.827702187362129, 44.707377647647711 ], [ -0.827954481689621, 44.707382448423907 ], [ -0.82796121326354, 44.707202530196362 ], [ -0.828213506873683, 44.707207330385678 ], [ -0.82822023760414, 44.707027412121647 ], [ -0.828724823452773, 44.707037010769618 ], [ -0.828738281602965, 44.706677174102353 ], [ -0.829242864582174, 44.706686770402875 ], [ -0.829249592001952, 44.706506851999642 ], [ -0.829501882805709, 44.7065116492846 ], [ -0.829508609382089, 44.706331730844944 ], [ -0.830013189617882, 44.706341323684242 ], [ -0.830019914570512, 44.70616140517825 ], [ -0.830272204002536, 44.706166200732582 ], [ -0.830278928111807, 44.705986282190196 ], [ -0.830531216826457, 44.705991077157719 ], [ -0.830537940092381, 44.705811158578946 ], [ -0.831042516149904, 44.705820746783438 ], [ -0.831049237792146, 44.705640828138328 ], [ -0.831301525135009, 44.705645621375318 ], [ -0.831308245933939, 44.705465702693814 ], [ -0.831812819247845, 44.705475287437288 ], [ -0.831819538423142, 44.705295368689491 ], [ -0.832071824394171, 44.705300160195996 ], [ -0.832078542726195, 44.705120241411841 ], [ -0.832330827979829, 44.705125032331509 ], [ -0.832337545468592, 44.704945113510988 ], [ -0.83284211460398, 44.704954693619918 ], [ -0.832848830469178, 44.704774774733131 ], [ -0.833101114350923, 44.704779563922408 ], [ -0.833107829372898, 44.704599644999242 ], [ -0.833360112537232, 44.704604433601723 ], [ -0.833366826715998, 44.704424514642191 ], [ -0.833619109162922, 44.704429302657928 ], [ -0.833625822498491, 44.704249383662066 ], [ -0.833878104228003, 44.704254171091037 ], [ -0.833884816720393, 44.704074252058824 ], [ -0.83413709773249, 44.704079038901071 ], [ -0.834143809381713, 44.703899119832471 ], [ -0.834900650454342, 44.703913476928356 ], [ -0.834907359699852, 44.703733557763726 ], [ -0.835159639402822, 44.703738342318729 ], [ -0.835166347805209, 44.703558423117791 ], [ -0.835418626790742, 44.703563207086091 ], [ -0.835425334350022, 44.703383287848801 ], [ -0.835677612618119, 44.703388071230393 ], [ -0.835684319334303, 44.703208151956751 ], [ -0.835936596884965, 44.703212934751662 ], [ -0.83594330275807, 44.703033015441711 ], [ -0.836195579591292, 44.70303779764992 ], [ -0.836202284621332, 44.702857878303625 ], [ -0.836454560737112, 44.702862659925145 ], [ -0.836461264924102, 44.702682740542556 ], [ -0.836713540322444, 44.702687521577374 ], [ -0.836720243666396, 44.702507602158477 ], [ -0.836972518347294, 44.702512382606599 ], [ -0.836979220848226, 44.702332463151414 ], [ -0.837483768837911, 44.702342022317545 ], [ -0.837490469715612, 44.702162102796194 ], [ -0.837742743024388, 44.70216688151416 ], [ -0.837749443059105, 44.701986961956543 ], [ -0.838001715650427, 44.701991740087855 ], [ -0.838008414842173, 44.701811820493923 ], [ -0.838512958652647, 44.701821375026441 ], [ -0.838519656221233, 44.701641455366435 ], [ -0.838771927440377, 44.70164623176764 ], [ -0.838778624166027, 44.701466312071346 ], [ -0.839030894667704, 44.701471087885913 ], [ -0.839037590550436, 44.701291168153332 ], [ -0.839289860334642, 44.701295943381268 ], [ -0.839296555374466, 44.701116023612435 ], [ -0.839548824441203, 44.701120798253775 ], [ -0.839555518638136, 44.700940878448641 ], [ -0.839807786987401, 44.70094565250335 ], [ -0.839814480341457, 44.700765732661949 ], [ -0.840066747973249, 44.700770506130077 ], [ -0.840073440484443, 44.700590586252424 ], [ -0.840577974375759, 44.700600131458657 ], [ -0.840584665263948, 44.700420211514974 ], [ -0.840836931523464, 44.700424983253086 ], [ -0.840843621568825, 44.700245063273165 ], [ -0.841095887110855, 44.700249834424689 ], [ -0.841089197845646, 44.700429754434403 ], [ -0.841341464230485, 44.700434525058888 ], [ -0.841334775682779, 44.700614445091865 ], [ -0.841587042910435, 44.700619215189306 ], [ -0.841580355080242, 44.70079913524556 ], [ -0.841832623150714, 44.700803904815885 ], [ -0.841819248862747, 44.701163744968476 ], [ -0.842071518556221, 44.701168514041534 ], [ -0.842078204951339, 44.700988593938732 ], [ -0.84233047392726, 44.700993362425223 ], [ -0.842317102634769, 44.701353202683819 ], [ -0.842569373233695, 44.701357970672923 ], [ -0.84256268827371, 44.701537890822287 ], [ -0.842814959715457, 44.701542658284325 ], [ -0.842808275473062, 44.701722578456902 ], [ -0.84306054775763, 44.701727345391845 ], [ -0.843053864232838, 44.701907265587685 ], [ -0.843306137360232, 44.701912031995533 ], [ -0.84329277168328, 44.702271872427261 ], [ -0.843545046433731, 44.702276638337707 ], [ -0.843538364281593, 44.702456558573573 ], [ -0.843790639874881, 44.702461323956904 ], [ -0.843783958440397, 44.702641244216039 ], [ -0.844288511375222, 44.70265077337158 ], [ -0.844268471377821, 44.703190534288389 ], [ -0.844520750279893, 44.703195298120001 ], [ -0.844514070935887, 44.703375218442396 ], [ -0.84501863048829, 44.703384744494457 ], [ -0.845011952642291, 44.703564664869781 ], [ -0.845516514005489, 44.703574188753763 ], [ -0.845523190290908, 44.703394268319038 ], [ -0.845775470286032, 44.703399029396003 ], [ -0.845782145728628, 44.70321910892509 ], [ -0.845277587361489, 44.703209586273672 ], [ -0.845290941180174, 44.702849745431237 ], [ -0.84503866365096, 44.702844983329626 ], [ -0.845045341246744, 44.702665062928389 ], [ -0.844793064560343, 44.702660300299641 ], [ -0.844806421124754, 44.702300459537163 ], [ -0.844554146061405, 44.70229569641095 ], [ -0.844567503936052, 44.701935855682002 ], [ -0.844315230495731, 44.701931092058388 ], [ -0.844321910119431, 44.701751171713916 ], [ -0.844069637521901, 44.701746407563185 ], [ -0.844076317863243, 44.701566487241926 ], [ -0.843824046108503, 44.701561722564072 ], [ -0.843837408163861, 44.701201881961595 ], [ -0.843585138032107, 44.701197116786375 ], [ -0.843591819746101, 44.701017196505148 ], [ -0.843087281230746, 44.701007664543638 ], [ -0.843093964442515, 44.700827744315404 ], [ -0.842841696058921, 44.700822977529143 ], [ -0.842855063854986, 44.700463137112671 ], [ -0.84260279709434, 44.700458369829079 ], [ -0.84261616620028, 44.700098529446194 ], [ -0.842363901062554, 44.700093761665244 ], [ -0.842357215760741, 44.700273681830218 ], [ -0.842104949905489, 44.700268913462715 ], [ -0.842118322006784, 44.699909073185836 ], [ -0.841866057774449, 44.699904304321066 ], [ -0.841872744511287, 44.699724384202639 ], [ -0.841620481121722, 44.699719614810803 ], [ -0.841633855967736, 44.699359774614017 ], [ -0.841381594201056, 44.699355004724907 ], [ -0.841374906029253, 44.699534924796772 ], [ -0.840870381123614, 44.699525383288616 ], [ -0.840857001471549, 44.69988522329384 ], [ -0.840604737552469, 44.699880451645029 ], [ -0.8405980468523, 44.700060371608167 ], [ -0.840345782215755, 44.700055599372782 ], [ -0.840339090672772, 44.700235519299639 ], [ -0.839834560027444, 44.700225973098895 ], [ -0.839827866861478, 44.700405892959715 ], [ -0.839575600852705, 44.700401118994364 ], [ -0.839568906843886, 44.700581038818946 ], [ -0.839064373454147, 44.700571489158179 ], [ -0.839057677822297, 44.700751408916688 ], [ -0.838805410441341, 44.7007466332213 ], [ -0.838798713966605, 44.700926552943535 ], [ -0.838294177832543, 44.700916999822674 ], [ -0.83828747973473, 44.70109691947885 ], [ -0.838035210981634, 44.70109214205339 ], [ -0.838028512040896, 44.701272061673237 ], [ -0.837776242570372, 44.701267283661153 ], [ -0.837769542786692, 44.701447203244726 ], [ -0.837517272598737, 44.70144242464599 ], [ -0.837510571972109, 44.701622344193282 ], [ -0.837006030224118, 44.701612785265688 ], [ -0.836999327974319, 44.701792704746858 ], [ -0.836747056414294, 44.701787924417992 ], [ -0.836740353321505, 44.70196784386286 ], [ -0.836488081044061, 44.701963062947307 ], [ -0.83648137710827, 44.702142982355852 ], [ -0.836229104113412, 44.702138200853646 ], [ -0.836222399334603, 44.702318120225883 ], [ -0.835465578386234, 44.702303772288751 ], [ -0.835452163958817, 44.702663610834684 ], [ -0.83519988887455, 44.702658827015618 ], [ -0.835193180786358, 44.702838746249007 ], [ -0.834688629245868, 44.702829176880577 ], [ -0.834675209759975, 44.703189015208544 ], [ -0.834170655349904, 44.703179443493269 ], [ -0.834163943952162, 44.703359362587797 ], [ -0.833659388233049, 44.703349788585342 ], [ -0.833652675211906, 44.703529707613669 ], [ -0.833148118183801, 44.703520131324041 ], [ -0.833141403539235, 44.703700050286109 ], [ -0.832889124339258, 44.703695261276124 ], [ -0.832882408851514, 44.703875180201841 ], [ -0.83263012893417, 44.703870390605118 ], [ -0.832623412603236, 44.704050309494455 ], [ -0.832371131968525, 44.704045519310974 ], [ -0.832364414794386, 44.704225438163917 ], [ -0.832112133442306, 44.70422064739369 ], [ -0.832105415424949, 44.704400566210268 ], [ -0.831853133355504, 44.704395774853246 ], [ -0.831859852153158, 44.704215856066554 ], [ -0.831607570926948, 44.70421106418253 ], [ -0.831594131708106, 44.704570901689671 ], [ -0.831341848984244, 44.704566109188967 ], [ -0.831335128500095, 44.704746027902928 ], [ -0.83108284505888, 44.704741234815458 ], [ -0.83107612373146, 44.704921153493004 ], [ -0.830823839572894, 44.704916359818739 ], [ -0.830817117402191, 44.705096278459912 ], [ -0.830564832526273, 44.705091484198846 ], [ -0.830558109512268, 44.705271402803582 ], [ -0.830305823919003, 44.705266607955728 ], [ -0.830299100061684, 44.705446526524057 ], [ -0.829794527503448, 44.705436935097779 ], [ -0.829787802022461, 44.705616853599814 ], [ -0.829535515057501, 44.705612057021447 ], [ -0.829542241318829, 44.70543213854932 ], [ -0.829289955197217, 44.705427341443915 ], [ -0.829276501050868, 44.705787178321792 ], [ -0.829024213431589, 44.705782380599651 ], [ -0.829017485483535, 44.705962298998905 ], [ -0.828765197146928, 44.705957500689962 ], [ -0.828758468355488, 44.70613741905278 ], [ -0.828506179301556, 44.706132620156957 ], [ -0.828499449666716, 44.706312538483388 ], [ -0.827994870187249, 44.70630293896108 ], [ -0.827988138928623, 44.706482857221147 ], [ -0.827735848503097, 44.706478056594655 ], [ -0.827729116401035, 44.706657974818263 ], [ -0.827476825258196, 44.706653173604934 ], [ -0.827470092312683, 44.706833091792092 ], [ -0.826965508655462, 44.706823487634772 ], [ -0.826958774086093, 44.707003405755486 ], [ -0.826706481571719, 44.706998602811495 ], [ -0.826699746158862, 44.707178520895773 ], [ -0.826447452927188, 44.707173717364867 ], [ -0.826440716670833, 44.707353635412701 ], [ -0.825936128835994, 44.707344026620142 ], [ -0.825929390955712, 44.707523944601533 ], [ -0.825424801812529, 44.707514333521324 ], [ -0.825411322740926, 44.707874169344691 ], [ -0.825159026703195, 44.707869362909229 ], [ -0.825152286292259, 44.708049280781182 ], [ -0.82489998953724, 44.708044473758768 ], [ -0.824893248282723, 44.708224391594257 ], [ -0.824388653401275, 44.708214775818604 ], [ -0.824381910522724, 44.7083946935876 ], [ -0.824129612396303, 44.708389884834354 ], [ -0.824122868674134, 44.708569802566856 ], [ -0.82387056983044, 44.708564993226666 ], [ -0.82386382526464, 44.70874491092269 ], [ -0.823359226205897, 44.708735290511406 ], [ -0.823352480015991, 44.708915208140894 ], [ -0.823100179800952, 44.708910397069843 ], [ -0.823093432767378, 44.709090314662802 ], [ -0.822841131835076, 44.709085503004758 ], [ -0.822827636017355, 44.709445338111223 ], [ -0.823836846369607, 44.709464581641747 ] ] ] } },
{ "type": "Feature", "properties": { "surface_ha": 2.36 }, "geometry": { "type": "Polygon", "coordinates": [ [ [ -0.819804472153316, 44.702545878465386 ], [ -0.819817983452884, 44.702186043646165 ], [ -0.820070253910564, 44.702190861402457 ], [ -0.820090518044788, 44.701651109034721 ], [ -0.82034278622522, 44.701655926144056 ], [ -0.820349540029924, 44.701476008645088 ], [ -0.820601807493458, 44.701480825167536 ], [ -0.820622066187554, 44.700941072541546 ], [ -0.820874331373906, 44.700945888417046 ], [ -0.820887835293441, 44.700586053240492 ], [ -0.821140098982782, 44.70059086849912 ], [ -0.821153601089108, 44.700231033236477 ], [ -0.821405863281455, 44.700235847878247 ], [ -0.821419363574633, 44.699876012529536 ], [ -0.821671624270007, 44.699880826554434 ], [ -0.821678373541665, 44.699700908840285 ], [ -0.821930633520169, 44.699705722278374 ], [ -0.821944130313661, 44.699345886770587 ], [ -0.822196388795218, 44.699350699591854 ], [ -0.822203136317077, 44.69917078179818 ], [ -0.821950878615589, 44.699165969006934 ], [ -0.821964375029819, 44.698806133460188 ], [ -0.821712118951659, 44.69880132017223 ], [ -0.821718867844005, 44.698621402419121 ], [ -0.821466612609108, 44.698616588604445 ], [ -0.821459862936715, 44.698796506327518 ], [ -0.821207606984996, 44.698791691926026 ], [ -0.821200856469326, 44.698971609612585 ], [ -0.820948599800786, 44.698966794624319 ], [ -0.820935097019623, 44.699326629917834 ], [ -0.820682838854196, 44.699321814312725 ], [ -0.820669334259916, 44.699681649520151 ], [ -0.820417074597585, 44.69967683329817 ], [ -0.820403568190127, 44.700036668419536 ], [ -0.820655829412642, 44.7000414847016 ], [ -0.820635571667346, 44.700581237425077 ], [ -0.820383308104504, 44.700576421052858 ], [ -0.820363047449541, 44.701116173627696 ], [ -0.820110781609568, 44.701111356608514 ], [ -0.820097272629652, 44.701471191565837 ], [ -0.819845005292653, 44.701466373929769 ], [ -0.819831494499328, 44.701826208800959 ], [ -0.819579225665282, 44.70182139054797 ], [ -0.819565713058486, 44.702181225333028 ], [ -0.819313442727376, 44.702176406463096 ], [ -0.819299928307045, 44.702536241162079 ], [ -0.819804472153316, 44.702545878465386 ] ] ] } },
{ "type": "Feature", "properties": { "surface_ha": 10.91 }, "geometry": { "type": "Polygon", "coordinates": [ [ [ -0.847773704521807, 44.703976860050517 ], [ -0.84778037390954, 44.703796939361546 ], [ -0.848284938208518, 44.70380645105346 ], [ -0.848291605973167, 44.703626530298649 ], [ -0.848543887436045, 44.703631285279634 ], [ -0.848550554357934, 44.7034513644887 ], [ -0.848802835102967, 44.703456118883125 ], [ -0.848809501182113, 44.703276198056045 ], [ -0.849314061298923, 44.703285705114936 ], [ -0.849320725755054, 44.703105784222082 ], [ -0.849573005126821, 44.703110536886541 ], [ -0.849579668740244, 44.702930615957563 ], [ -0.849831947394153, 44.702935368035504 ], [ -0.849838610164882, 44.702755447070416 ], [ -0.850343166099385, 44.702764949496405 ], [ -0.850349827247171, 44.702585028465563 ], [ -0.850602104527756, 44.702589778813604 ], [ -0.850608764832883, 44.702409857746645 ], [ -0.850861041395597, 44.702414607508189 ], [ -0.850867700858082, 44.702234686405113 ], [ -0.851372252610145, 44.702244184198399 ], [ -0.851378910449751, 44.702064263029577 ], [ -0.851631185639088, 44.702069011061276 ], [ -0.851637842636089, 44.701889089856387 ], [ -0.851890117107544, 44.701893837301668 ], [ -0.851896773261952, 44.701713916060655 ], [ -0.852149047015522, 44.701718662919419 ], [ -0.852155702327352, 44.701538741642331 ], [ -0.852407975363038, 44.701543487914648 ], [ -0.852414629832302, 44.701363566601501 ], [ -0.852919174530227, 44.701373057416376 ], [ -0.852925827376728, 44.701193136037524 ], [ -0.853178099038959, 44.701197880580089 ], [ -0.853184751042934, 44.701017959165164 ], [ -0.853437021987266, 44.701022703121296 ], [ -0.853443673148725, 44.70084278167031 ], [ -0.853695943375158, 44.700847525039997 ], [ -0.85370259369412, 44.700667603552944 ], [ -0.853954863202652, 44.700672346336205 ], [ -0.853961512679129, 44.700492424813092 ], [ -0.854466050322672, 44.700501908649976 ], [ -0.854472698176496, 44.700321987061216 ], [ -0.854977234508761, 44.700331468611601 ], [ -0.854997173015591, 44.699791703629046 ], [ -0.854744907158838, 44.69978696322098 ], [ -0.854764847445816, 44.699247198268871 ], [ -0.855269374540689, 44.699256678350757 ], [ -0.855276019618225, 44.699076756627974 ], [ -0.855528282478901, 44.699081495804137 ], [ -0.855521638181499, 44.699261417556507 ], [ -0.855773901884544, 44.699266156205432 ], [ -0.855780545401812, 44.699086234423518 ], [ -0.856032808386954, 44.699090972486076 ], [ -0.856039451061862, 44.698911050668137 ], [ -0.856796238050207, 44.698925261426318 ], [ -0.856802878322521, 44.698745339513231 ], [ -0.857307401732182, 44.69875481050893 ], [ -0.857314040382064, 44.698574888530302 ], [ -0.858070823622569, 44.698589090759235 ], [ -0.858064187313046, 44.698769012826453 ], [ -0.858568711344448, 44.698778478254141 ], [ -0.858562076533018, 44.698958400373961 ], [ -0.859318865386612, 44.698972594428021 ], [ -0.859325497857651, 44.698792672219646 ], [ -0.860334547411663, 44.698811589711738 ], [ -0.860321288648548, 44.699171434358036 ], [ -0.860573552752589, 44.699176162398061 ], [ -0.86056692405803, 44.699356084740984 ], [ -0.860819189004314, 44.69936081225368 ], [ -0.860832444771044, 44.699000967502364 ], [ -0.86108470821912, 44.69900569439924 ], [ -0.861091335229223, 44.698825771984367 ], [ -0.861343597959237, 44.698830498294946 ], [ -0.861350224127136, 44.698650575844162 ], [ -0.861097962177251, 44.69864584956305 ], [ -0.861104589063204, 44.698465927135224 ], [ -0.860600066909907, 44.698456472961581 ], [ -0.860606695294013, 44.698276550586279 ], [ -0.860102174949296, 44.698267094244464 ], [ -0.860108804831523, 44.698087171921721 ], [ -0.859099768007794, 44.69806825267451 ], [ -0.859093135005156, 44.69824817487924 ], [ -0.858588615405848, 44.698238711855879 ], [ -0.858601884469381, 44.697878867558011 ], [ -0.858097368239042, 44.697869402425596 ], [ -0.858110640174318, 44.697509558219934 ], [ -0.857858383712544, 44.697504824877626 ], [ -0.85785174699591, 44.697684746954131 ], [ -0.857599489816226, 44.697680013025511 ], [ -0.857586214636284, 44.698039857100092 ], [ -0.857081697343103, 44.698030387454303 ], [ -0.857075058099677, 44.698210309422805 ], [ -0.856318280286064, 44.698196100689579 ], [ -0.856311638640143, 44.698376022562975 ], [ -0.855807118848584, 44.698366547231117 ], [ -0.855800475580233, 44.698546469038952 ], [ -0.8550436940193, 44.698532251776527 ], [ -0.855037048348385, 44.69871217348917 ], [ -0.854532526058777, 44.698702692471102 ], [ -0.854525878765375, 44.698882614118119 ], [ -0.854021355164596, 44.698873130813716 ], [ -0.854014706248675, 44.699053052395065 ], [ -0.853510181336777, 44.699043566804306 ], [ -0.853496880197556, 44.69940340982928 ], [ -0.85374914418263, 44.699408152962285 ], [ -0.853735844354518, 44.699767996020555 ], [ -0.853988109962178, 44.699772738655867 ], [ -0.853974811445226, 44.700132581747432 ], [ -0.853470277171543, 44.700123095801587 ], [ -0.853463626259291, 44.700303017278472 ], [ -0.852959090674464, 44.700293529046135 ], [ -0.852945785542321, 44.700653371862117 ], [ -0.852441247086029, 44.700643881284073 ], [ -0.852434592866097, 44.700823802623141 ], [ -0.851930053098746, 44.700814309758549 ], [ -0.851923397256085, 44.700994231031913 ], [ -0.851671126685727, 44.70098948373473 ], [ -0.851691096367248, 44.700449719984064 ], [ -0.851438828199817, 44.700444972218932 ], [ -0.85144548541579, 44.700265050985365 ], [ -0.850940950828364, 44.700255553843824 ], [ -0.850934292052039, 44.700435475018153 ], [ -0.85068202407171, 44.700430725582521 ], [ -0.850675364452832, 44.700610646720733 ], [ -0.850423095754705, 44.700605896698654 ], [ -0.850403114183186, 44.701145659985514 ], [ -0.850655385221896, 44.701150410096524 ], [ -0.850648725353482, 44.701330331208801 ], [ -0.850900997234788, 44.701335080792582 ], [ -0.850887678871246, 44.701694923057026 ], [ -0.8506354054295, 44.701690173413979 ], [ -0.850628745373928, 44.701870094506859 ], [ -0.850124197117142, 44.701860593490984 ], [ -0.850117535438709, 44.702040514518075 ], [ -0.849612985871059, 44.702031011215489 ], [ -0.849599659205991, 44.702390853131767 ], [ -0.849095106767028, 44.70238134748314 ], [ -0.849081776731242, 44.702741189254901 ], [ -0.848324943859517, 44.702726926427559 ], [ -0.848311608892352, 44.703086767995437 ], [ -0.848059329832804, 44.703082012546602 ], [ -0.848052661475251, 44.703261933291145 ], [ -0.847548101982995, 44.703252420663475 ], [ -0.847541432002398, 44.703432341342221 ], [ -0.847289151569702, 44.703427584163393 ], [ -0.847282480746327, 44.703607504805959 ], [ -0.846777918507818, 44.703597988718322 ], [ -0.846771246061351, 44.703777909295042 ], [ -0.847528091853762, 44.703792182680267 ], [ -0.847521421685718, 44.703972103339545 ], [ -0.847773704521807, 44.703976860050517 ] ] ] } },
{ "type": "Feature", "properties": { "surface_ha": 2.6 }, "geometry": { "type": "Polygon", "coordinates": [ [ [ -0.861602486139088, 44.698655301568444 ], [ -0.861609111464798, 44.698475379081714 ], [ -0.862113634114631, 44.69848482880095 ], [ -0.862120257818046, 44.698304906248765 ], [ -0.862624779155824, 44.698314353681859 ], [ -0.862631401236975, 44.698134431064275 ], [ -0.862883661218801, 44.698139153916173 ], [ -0.862870418554701, 44.698498999203821 ], [ -0.86312268015878, 44.698503721557842 ], [ -0.863129300741722, 44.698323798887792 ], [ -0.863381561627697, 44.698328520655565 ], [ -0.863408040218911, 44.697608829792877 ], [ -0.863660298046482, 44.697613550886011 ], [ -0.863666916759186, 44.697433628124706 ], [ -0.863919173868674, 44.697438348631643 ], [ -0.863912555936054, 44.697618271422357 ], [ -0.864164813887613, 44.69762299140195 ], [ -0.864178048130697, 44.697263145755109 ], [ -0.863925791739301, 44.69725842583442 ], [ -0.86393240954794, 44.697078503030731 ], [ -0.863680153998602, 44.697073782582713 ], [ -0.863686772525317, 44.696893859802039 ], [ -0.863434517818039, 44.696889138826677 ], [ -0.863421279142482, 44.697248984322698 ], [ -0.863169022937075, 44.697244262731672 ], [ -0.863188883197592, 44.696704494566312 ], [ -0.862684375653184, 44.696695049890714 ], [ -0.862704240035854, 44.696155281843915 ], [ -0.86194748620477, 44.696141110919974 ], [ -0.861934238664811, 44.696500956114171 ], [ -0.862186491439871, 44.696505680371189 ], [ -0.862166622004749, 44.697045448202338 ], [ -0.861662111836368, 44.697035998954711 ], [ -0.86165548700712, 44.697215921493225 ], [ -0.862159998735629, 44.697225370799821 ], [ -0.862153375404471, 44.697405293390801 ], [ -0.861901118729118, 44.697400568986417 ], [ -0.8618746216637, 44.69812025916783 ], [ -0.861622361930034, 44.698115534088736 ], [ -0.861615736728446, 44.698295456588468 ], [ -0.86136347627673, 44.698290730923105 ], [ -0.861350224127136, 44.698650575844162 ], [ -0.861602486139088, 44.698655301568444 ] ], [ [ -0.86313592126265, 44.69814387621129 ], [ -0.862883661218801, 44.698139153916173 ], [ -0.862903524749788, 44.697599385936194 ], [ -0.863155782453342, 44.697604108142919 ], [ -0.86313592126265, 44.69814387621129 ] ], [ [ -0.862910145802742, 44.697419463263273 ], [ -0.86265788894129, 44.697414740529233 ], [ -0.862671132421287, 44.697054895222884 ], [ -0.862923387722596, 44.69705961789802 ], [ -0.862910145802742, 44.697419463263273 ] ] ] } },
{ "type": "Feature", "properties": { "surface_ha": 2.44 }, "geometry": { "type": "Polygon", "coordinates": [ [ [ -0.866176268757146, 44.697840654243443 ], [ -0.866196101492608, 44.697300885076551 ], [ -0.866700615452465, 44.697310314339106 ], [ -0.866694006162741, 44.697490237460023 ], [ -0.866946264015625, 44.697494951285528 ], [ -0.866952872525262, 44.697315028135201 ], [ -0.86720512965996, 44.697319741374528 ], [ -0.867231559959231, 44.696600048590909 ], [ -0.866979305944808, 44.696595335469212 ], [ -0.866985914144946, 44.696415412286569 ], [ -0.86597690182651, 44.696396554349718 ], [ -0.865990124281394, 44.69603670820031 ], [ -0.865737872916658, 44.69603199238302 ], [ -0.865718036801322, 44.696571761509169 ], [ -0.865465783158402, 44.696567045046848 ], [ -0.865459170216033, 44.696746968046568 ], [ -0.865206915855003, 44.696742250998049 ], [ -0.865220143237897, 44.696382405051054 ], [ -0.864967890498914, 44.696377687504651 ], [ -0.864974504877474, 44.696197764550881 ], [ -0.865226756836419, 44.696202482067854 ], [ -0.865239983847618, 44.695842636082062 ], [ -0.86473548311179, 44.69583320060908 ], [ -0.864722252980485, 44.696193046477134 ], [ -0.864470001145459, 44.696188327846656 ], [ -0.864456769206219, 44.696548173629964 ], [ -0.864709022601325, 44.696552892319332 ], [ -0.8647024073188, 44.696732815230732 ], [ -0.864954661555922, 44.696737533392778 ], [ -0.8649414323651, 44.697097379255048 ], [ -0.865193688224306, 44.69710209691921 ], [ -0.865173846313619, 44.697641865752423 ], [ -0.865678362898376, 44.697651299586937 ], [ -0.865671750364433, 44.697831222577243 ], [ -0.866176268757146, 44.697840654243443 ] ], [ [ -0.865445944145464, 44.697106814026554 ], [ -0.865193688224306, 44.69710209691921 ], [ -0.86520030207063, 44.696922173961845 ], [ -0.865452557211721, 44.696926891039787 ], [ -0.865445944145464, 44.697106814026554 ] ] ] } },
{ "type": "Feature", "properties": { "surface_ha": 18.03 }, "geometry": { "type": "Polygon", "coordinates": [ [ [ -0.822468887375756, 44.698815758365782 ], [ -0.822489126842783, 44.698276004816769 ], [ -0.822741380770422, 44.698280816344379 ], [ -0.822754871872429, 44.69792098055251 ], [ -0.823007124303204, 44.697925791463341 ], [ -0.82302735814232, 44.697386037636811 ], [ -0.823279608296249, 44.697390847900877 ], [ -0.823293095646478, 44.697031011924018 ], [ -0.823545344303594, 44.697035821571291 ], [ -0.823565572515282, 44.696496067467322 ], [ -0.823817818895642, 44.696500876467894 ], [ -0.823824560726599, 44.696320958390231 ], [ -0.82407680639015, 44.69632576680408 ], [ -0.82409702916431, 44.695786012442149 ], [ -0.824349272551168, 44.695790820209297 ], [ -0.824362752525062, 44.695430983875546 ], [ -0.824614994415197, 44.695435791026036 ], [ -0.824628472576749, 44.695075954606324 ], [ -0.824880712970179, 44.695080761140126 ], [ -0.824900927399413, 44.694541006371892 ], [ -0.825405403696235, 44.694550617589535 ], [ -0.825398667176046, 44.694730535912072 ], [ -0.825650906198996, 44.694735340715837 ], [ -0.825657641939294, 44.694555422363329 ], [ -0.825909880245444, 44.694560226580442 ], [ -0.825916615142771, 44.694380308191477 ], [ -0.826168852732118, 44.694385111821937 ], [ -0.826175586786488, 44.69420519339652 ], [ -0.826680060594646, 44.694214798927476 ], [ -0.826686793026199, 44.694034880435616 ], [ -0.826939029245, 44.694039682336111 ], [ -0.826945760833629, 44.693859763807822 ], [ -0.827197996335617, 44.693864565121693 ], [ -0.827204727081341, 44.693684646556925 ], [ -0.827709196714719, 44.693694247454772 ], [ -0.827715925837696, 44.693514328823653 ], [ -0.828220394163481, 44.693523927434931 ], [ -0.828227121663742, 44.693344008737441 ], [ -0.828479355141311, 44.693348807178126 ], [ -0.82848608179872, 44.693168888444177 ], [ -0.828738314559454, 44.693173686298287 ], [ -0.828745040374026, 44.692993767527938 ], [ -0.829501736694673, 44.693008157660515 ], [ -0.829508460106769, 44.692828238793872 ], [ -0.829760691559782, 44.692833034361513 ], [ -0.829747246232277, 44.693192872148074 ], [ -0.830251712446524, 44.693202461733023 ], [ -0.830238269986539, 44.693562299613255 ], [ -0.830490504747791, 44.693567093630556 ], [ -0.83048378420323, 44.693747012590855 ], [ -0.830736019807289, 44.693751806081359 ], [ -0.830729299979645, 44.693931725065092 ], [ -0.830981536426514, 44.693936518028828 ], [ -0.830974817315805, 44.694116437035966 ], [ -0.831227054605483, 44.694121229472913 ], [ -0.831220336211723, 44.694301148503463 ], [ -0.831472574344214, 44.694305940413621 ], [ -0.831465856667418, 44.694485859467591 ], [ -0.83171809564272, 44.694490650850973 ], [ -0.831711378682901, 44.694670569928313 ], [ -0.831963618501019, 44.694675360784871 ], [ -0.831956902258192, 44.69485527988563 ], [ -0.832209142919127, 44.694860070215384 ], [ -0.832195711804588, 44.69521990845719 ], [ -0.832447954088261, 44.695224698290041 ], [ -0.83244123921657, 44.695404617431073 ], [ -0.832693482343071, 44.695409406737085 ], [ -0.832686768188421, 44.69558932590153 ], [ -0.83293901215775, 44.695594114680681 ], [ -0.832932298720158, 44.695774033868503 ], [ -0.833184543532316, 44.695778822120857 ], [ -0.833177830811796, 44.695958741332042 ], [ -0.833430076466787, 44.695963529057536 ], [ -0.833416652397053, 44.696323367520201 ], [ -0.833668899674844, 44.696328154748706 ], [ -0.833662188325652, 44.696508074000178 ], [ -0.833914436446286, 44.69651286070183 ], [ -0.833907725814216, 44.696692779976686 ], [ -0.834159974777691, 44.696697566151443 ], [ -0.834153264862758, 44.696877485449647 ], [ -0.83440551466908, 44.696882271097529 ], [ -0.834398805471297, 44.697062190419111 ], [ -0.834651056120465, 44.697066975540132 ], [ -0.834644347639848, 44.697246894885055 ], [ -0.834896599131864, 44.697251679479145 ], [ -0.834889891368428, 44.697431598847452 ], [ -0.835142143703293, 44.697436382914653 ], [ -0.835135436657053, 44.697616302306351 ], [ -0.835387689834767, 44.697621085846635 ], [ -0.835380983505738, 44.697801005261645 ], [ -0.835633237526304, 44.697805788275026 ], [ -0.835626531914498, 44.6979857077134 ], [ -0.835878786777919, 44.697990490199878 ], [ -0.835872081883353, 44.698170409661614 ], [ -0.836124337589626, 44.698175191621118 ], [ -0.836110929172206, 44.6985350305848 ], [ -0.836615443893388, 44.698544592952828 ], [ -0.836608741150628, 44.698724512484596 ], [ -0.837365516043493, 44.698738851950331 ], [ -0.837372216446028, 44.698558932329114 ], [ -0.83711995886571, 44.698554153093809 ], [ -0.837133361042622, 44.698194313891541 ], [ -0.836881105085203, 44.698189534159077 ], [ -0.83688780685956, 44.698009614578027 ], [ -0.836635551744969, 44.698004834318624 ], [ -0.836642254236599, 44.697824914760922 ], [ -0.836389999964837, 44.697820133974602 ], [ -0.83640340631982, 44.697460294899386 ], [ -0.836151153670911, 44.697455513615942 ], [ -0.836157857534244, 44.697275594098436 ], [ -0.835905605728152, 44.697270812288096 ], [ -0.835912310308706, 44.697090892793916 ], [ -0.835660059345429, 44.697086110456638 ], [ -0.83566676464319, 44.696906190985828 ], [ -0.835414514522726, 44.696901408121647 ], [ -0.835421220537678, 44.696721488674164 ], [ -0.835168971260025, 44.696716705283102 ], [ -0.835182384661464, 44.696356866428374 ], [ -0.834677889414569, 44.696347298095411 ], [ -0.834691305684617, 44.695987459334141 ], [ -0.834439059715358, 44.695982674392262 ], [ -0.834445768536092, 44.69580275503175 ], [ -0.83419352340963, 44.695797969563003 ], [ -0.834200232947476, 44.69561805022586 ], [ -0.833947988663812, 44.695613264230253 ], [ -0.833954698918754, 44.695433344916481 ], [ -0.833702455477884, 44.695428558394028 ], [ -0.833709166449911, 44.695248639103625 ], [ -0.833456923851834, 44.695243852054318 ], [ -0.83347034716716, 44.694884013513786 ], [ -0.833218106191795, 44.694879225967505 ], [ -0.833224818535074, 44.694699306717375 ], [ -0.83297257840249, 44.694694518644269 ], [ -0.8329792914628, 44.694514599417495 ], [ -0.832727052173001, 44.694509810817586 ], [ -0.832733765950328, 44.694329891614203 ], [ -0.832481527503308, 44.694325102487468 ], [ -0.832494956429082, 44.69396526412104 ], [ -0.832242719604719, 44.693960474497366 ], [ -0.832249434753144, 44.693780555334286 ], [ -0.83199719877155, 44.693775765183823 ], [ -0.83201063043943, 44.693415926897984 ], [ -0.831758396080461, 44.693411136250617 ], [ -0.831765112599896, 44.693231217127853 ], [ -0.831512879083685, 44.693226425953704 ], [ -0.831519596320052, 44.693046506854344 ], [ -0.831267363646598, 44.693041715153406 ], [ -0.831274081599883, 44.692861796077452 ], [ -0.831021849769185, 44.69285700384976 ], [ -0.831028568439372, 44.692677084797239 ], [ -0.830776337451428, 44.692672292042779 ], [ -0.830783056838504, 44.692492373013643 ], [ -0.830530826693312, 44.69248757973245 ], [ -0.830537546797261, 44.692307660726684 ], [ -0.830789776162644, 44.692312453977991 ], [ -0.830796495423851, 44.692132534935872 ], [ -0.831300952783807, 44.692142119708713 ], [ -0.831307670422487, 44.691962200600294 ], [ -0.831559898417051, 44.691966992121863 ], [ -0.831566615213023, 44.691787072977064 ], [ -0.83181884249071, 44.691791863912108 ], [ -0.831825558443987, 44.691611944730937 ], [ -0.832077785004793, 44.691616735079464 ], [ -0.832084500115393, 44.691436815861891 ], [ -0.832588951866127, 44.691446394829256 ], [ -0.832595665354292, 44.69126647554549 ], [ -0.832847890544211, 44.691271264164349 ], [ -0.832854603189734, 44.691091344844175 ], [ -0.83310682766276, 44.691096132876517 ], [ -0.833113539465655, 44.690916213519998 ], [ -0.833617987040778, 44.690925787855093 ], [ -0.833624697221305, 44.690745868432387 ], [ -0.833876920323391, 44.690750654735162 ], [ -0.833883629661326, 44.690570735276061 ], [ -0.834135852046508, 44.690575520992347 ], [ -0.834142560541864, 44.690395601496924 ], [ -0.83439478221014, 44.690400386626727 ], [ -0.834401489862932, 44.690220467094989 ], [ -0.8346537108143, 44.690225251638338 ], [ -0.834660417624543, 44.690045332070248 ], [ -0.834912637859, 44.690050116027145 ], [ -0.834919343826711, 44.689870196422696 ], [ -0.833910466384673, 44.689851057374895 ], [ -0.833903757298094, 44.690030976859916 ], [ -0.833651537314943, 44.690026190676583 ], [ -0.833644827385804, 44.690206110125295 ], [ -0.833140386048602, 44.690196536029099 ], [ -0.833133674497157, 44.690376455411553 ], [ -0.832881453143117, 44.690371667498667 ], [ -0.832874740749074, 44.690551586844769 ], [ -0.832370296670134, 44.690542009289445 ], [ -0.832363582653742, 44.69072192856931 ], [ -0.832111359928854, 44.690717138926843 ], [ -0.832104645069827, 44.690897058170329 ], [ -0.831852421628086, 44.690892267941372 ], [ -0.831845705926412, 44.691072187148485 ], [ -0.831593481767814, 44.691067396333011 ], [ -0.831586765223481, 44.691247315503773 ], [ -0.831082315535496, 44.691237732143144 ], [ -0.831075597368718, 44.691417651247605 ], [ -0.830823371839342, 44.691412858702471 ], [ -0.830816652829866, 44.691592777770559 ], [ -0.830312200400368, 44.691583190950581 ], [ -0.830305479768403, 44.691763109952333 ], [ -0.83005325286829, 44.691758315677504 ], [ -0.830046531393591, 44.691938234642897 ], [ -0.829794303776648, 44.691933439781501 ], [ -0.829787581459204, 44.692113358710479 ], [ -0.829535353125431, 44.692108563262515 ], [ -0.829548799256936, 44.691748725457892 ], [ -0.829801026031132, 44.691753520846014 ], [ -0.829807748222654, 44.691573601904054 ], [ -0.82905107042831, 44.691559214159554 ], [ -0.829064519301064, 44.691199376435669 ], [ -0.828812295055101, 44.691194579467435 ], [ -0.828819020176759, 44.691014660625662 ], [ -0.828314573433308, 44.691005065079167 ], [ -0.828321300051468, 44.690825146290791 ], [ -0.828069077553986, 44.690820347712545 ], [ -0.828075804888879, 44.69064042894761 ], [ -0.827571361642424, 44.690630830181171 ], [ -0.827584819242084, 44.6902709927516 ], [ -0.827332599272833, 44.690266192593342 ], [ -0.827339328757842, 44.690086273898778 ], [ -0.827087109631332, 44.690081473213873 ], [ -0.827093839833019, 44.689901554542736 ], [ -0.826841621549246, 44.689896753331205 ], [ -0.826848352467595, 44.689716834683537 ], [ -0.82659613502656, 44.689712032945344 ], [ -0.826602866661556, 44.689532114321132 ], [ -0.825846217055834, 44.689517705856936 ], [ -0.825832749044652, 44.689877542919064 ], [ -0.826337185170836, 44.689887149238317 ], [ -0.82633045263004, 44.690067067819598 ], [ -0.826582671567423, 44.690071870174265 ], [ -0.826575939743279, 44.690251788778987 ], [ -0.826828159523423, 44.690256590607056 ], [ -0.826821428415947, 44.690436509235255 ], [ -0.827073649038852, 44.690441310536649 ], [ -0.827053457677353, 44.690981066472119 ], [ -0.827557903790669, 44.690990667584806 ], [ -0.827544445686819, 44.691350504962436 ], [ -0.827796670397523, 44.691355304743745 ], [ -0.827789942030825, 44.691535223452782 ], [ -0.828042167584311, 44.691540022707393 ], [ -0.828035439934365, 44.691719941439864 ], [ -0.828287666330637, 44.691724740167778 ], [ -0.828280939397458, 44.691904658923725 ], [ -0.828533166636517, 44.691909457124929 ], [ -0.82852644042012, 44.69208937590431 ], [ -0.828778668501968, 44.692094173578823 ], [ -0.828765217439773, 44.692454011177936 ], [ -0.828512987798324, 44.69244921344356 ], [ -0.828506261392927, 44.69262913220345 ], [ -0.828001800739426, 44.692619535004908 ], [ -0.827995072711391, 44.692799453698399 ], [ -0.827742841699346, 44.692794654234206 ], [ -0.827736112828472, 44.692974572891323 ], [ -0.827483881099627, 44.692969772840542 ], [ -0.8274771513859, 44.693149691461173 ], [ -0.827224918940258, 44.693144890823774 ], [ -0.827218188383661, 44.693324809407997 ], [ -0.826965955221223, 44.693320008183989 ], [ -0.826959223821742, 44.693499926731782 ], [ -0.826454756126339, 44.693490322553835 ], [ -0.826448023104109, 44.6936702410352 ], [ -0.826195788571151, 44.693665438081254 ], [ -0.826189054706003, 44.693845356526182 ], [ -0.825936819456262, 44.693840552985598 ], [ -0.825930084748178, 44.694020471394076 ], [ -0.825677848781657, 44.694015667266854 ], [ -0.825671113230624, 44.694195585638838 ], [ -0.825418876547322, 44.69419078092502 ], [ -0.825412140153326, 44.694370699260503 ], [ -0.824655428142401, 44.694356281688975 ], [ -0.824648689345667, 44.694536199928045 ], [ -0.824396451355038, 44.694531392927502 ], [ -0.824389711715298, 44.694711311130114 ], [ -0.824137473007911, 44.694706503542911 ], [ -0.824123991979256, 44.695066339868625 ], [ -0.82387175177521, 44.695061531664741 ], [ -0.823865010386272, 44.695241449787872 ], [ -0.823612769465462, 44.695236640997308 ], [ -0.823599284938321, 44.695596477164045 ], [ -0.823347042520828, 44.695591667756773 ], [ -0.823326812916664, 44.69613142186823 ], [ -0.82307456822253, 44.696126611814201 ], [ -0.823061079944041, 44.696486447795998 ], [ -0.822808833753171, 44.696481637125267 ], [ -0.822795343662068, 44.69684147302106 ], [ -0.822543095974445, 44.696836661733585 ], [ -0.822522858023992, 44.697376415438484 ], [ -0.822270608059606, 44.697371603504244 ], [ -0.822257114216693, 44.697731439214984 ], [ -0.822004862755503, 44.69772662666395 ], [ -0.821991367099769, 44.698086462288671 ], [ -0.821739114141754, 44.69808164912083 ], [ -0.821718867844005, 44.698621402419121 ], [ -0.821971123142118, 44.698626215677038 ], [ -0.821964375029819, 44.698806133460188 ], [ -0.822468887375756, 44.698815758365782 ] ] ] } }
]
}
